ply
format ascii 1.0
element vertex 13100
property float x
property float y
property float z
property uchar red
property uchar green
property uchar blue
element face 26176
property list uchar int vertex_indices
end_header
-0.55 -1.1 -0.114994 153 153 153
-0.55 -1.10175 -0.0999999 153 153 153
-0.55526 -1.1 -0.0999999 153 153 153
-0.55 -1.10527 -0.05 153 153 153
-0.565979 -1.1 -0.05 153 153 153
-0.55 -1.10645 0 153 153 153
-0.56963 -1.1 0 153 153 153
-0.55 -1.10527 0.05 153 153 153
-0.565979 -1.1 0.05 153 153 153
-0.55 -1.10175 0.1 153 153 153
-0.55526 -1.1 0.1 153 153 153
-0.55 -1.1 0.114995 153 153 153
-0.5 -1.1 -0.178574 153 153 153
-0.5 -1.10443 -0.15 153 153 153
-0.525609 -1.1 -0.15 153 153 153
-0.5 -1.11003 -0.0999999 153 153 153
-0.5 -1.11345 -0.05 153 153 153
-0.5 -1.1146 0 153 153 153
-0.5 -1.11345 0.05 153 153 153
-0.5 -1.11003 0.1 153 153 153
-0.525609 -1.1 0.15 153 153 153
-0.5 -1.10443 0.15 153 153 153
-0.5 -1.1 0.178574 153 153 153
-0.45 -1.1 -0.18327 153 153 153
-0.45 -1.10484 -0.15 153 153 153
-0.45 -1.1101 -0.0999999 153 153 153
-0.45 -1.1133 -0.05 153 153 153
-0.45 -1.11438 0 153 153 153
-0.45 -1.1133 0.05 153 153 153
-0.45 -1.1101 0.1 153 153 153
-0.45 -1.10484 0.15 153 153 153
-0.45 -1.1 0.183271 153 153 153
-0.419122 -1.1 -0.15 153 153 153
-0.4 -1.1 -0.115886 153 153 153
-0.4 -1.10152 -0.0999999 153 153 153
-0.4 -1.10438 -0.05 153 153 153
-0.4 -1.10534 0 153 153 153
-0.4 -1.10438 0.05 153 153 153
-0.4 -1.10152 0.1 153 153 153
-0.4 -1.1 0.115886 153 153 153
-0.419122 -1.1 0.15 153 153 153
-0.395387 -1.1 -0.0999999 153 153 153
-0.387195 -1.1 -0.05 153 153 153
-0.384587 -1.1 0 153 153 153
-0.387195 -1.1 0.05 153 153 153
-0.395387 -1.1 0.1 153 153 153
0.4 -1.1 -0.115886 153 153 153
0.4 -1.10152 -0.0999999 153 153 153
0.395387 -1.1 -0.0999999 153 153 153
0.4 -1.10438 -0.05 153 153 153
0.387195 -1.1 -0.05 153 153 153
0.4 -1.10534 0 153 153 153
0.384587 -1.1 0 153 153 153
0.4 -1.10438 0.05 153 153 153
0.387195 -1.1 0.05 153 153 153
0.4 -1.10152 0.1 153 153 153
0.395386 -1.1 0.1 153 153 153
0.4 -1.1 0.115886 153 153 153
0.45 -1.1 -0.183271 153 153 153
0.45 -1.10484 -0.15 153 153 153
0.419122 -1.1 -0.15 153 153 153
0.45 -1.1101 -0.0999999 153 153 153
0.45 -1.1133 -0.05 153 153 153
0.45 -1.11438 0 153 153 153
0.45 -1.1133 0.05 153 153 153
0.45 -1.1101 0.1 153 153 153
0.419122 -1.1 0.15 153 153 153
0.45 -1.10484 0.15 153 153 153
0.45 -1.1 0.183271 153 153 153
0.5 -1.1 -0.178574 153 153 153
0.5 -1.10443 -0.15 153 153 153
0.5 -1.11003 -0.0999999 153 153 153
0.5 -1.11345 -0.05 153 153 153
0.5 -1.1146 0 153 153 153
0.5 -1.11345 0.05 153 153 153
0.5 -1.11003 0.1 153 153 153
0.5 -1.10443 0.15 153 153 153
0.5 -1.1 0.178574 153 153 153
0.525609 -1.1 -0.15 153 153 153
0.55 -1.1 -0.114994 153 153 153
0.55 -1.10175 -0.0999999 153 153 153
0.55 -1.10527 -0.05 153 153 153
0.55 -1.10645 0 153 153 153
0.55 -1.10527 0.05 153 153 153
0.55 -1.10175 0.1 153 153 153
0.55 -1.1 0.114995 153 153 153
0.525609 -1.1 0.15 153 153 153
0.55526 -1.1 -0.0999999 153 153 153
0.565979 -1.1 -0.05 153 153 153
0.56963 -1.1 0 153 153 153
0.565979 -1.1 0.05 153 153 153
0.55526 -1.1 0.1 153 153 153
-0.65 -1.05 -0.116793 153 153 153
-0.65 -1.05236 -0.0999999 153 153 153
-0.653076 -1.05 -0.0999999 153 153 153
-0.65 -1.05661 -0.05 153 153 153
-0.658585 -1.05 -0.05 153 153 153
-0.65 -1.05805 0 153 153 153
-0.660434 -1.05 0 153 153 153
-0.65 -1.05661 0.05 153 153 153
-0.658585 -1.05 0.05 153 153 153
-0.65 -1.05236 0.1 153 153 153
-0.653076 -1.05 0.1 153 153 153
-0.65 -1.05 0.116792 153 153 153
-0.6 -1.05 -0.258181 153 153 153
-0.6 -1.0524 -0.25 153 153 153
-0.604109 -1.05 -0.25 153 153 153
-0.6 -1.06454 -0.2 153 153 153
-0.624916 -1.05 -0.2 153 153 153
-0.6 -1.0744 -0.15 153 153 153
-0.641789 -1.05 -0.15 153 153 153
-0.6 -1.0817 -0.0999999 153 153 153
-0.6 -1.08618 -0.05 153 153 153
-0.6 -1.08769 0 153 153 153
-0.6 -1.08618 0.05 153 153 153
-0.6 -1.0817 0.1 153 153 153
-0.641789 -1.05 0.15 153 153 153
-0.6 -1.0744 0.15 153 153 153
-0.6 -1.06454 0.2 153 153 153
-0.624916 -1.05 0.2 153 153 153
-0.6 -1.05239 0.25 153 153 153
-0.604109 -1.05 0.25 153 153 153
-0.6 -1.05 0.258181 153 153 153
-0.55 -1.05 -0.324999 153 153 153
-0.55 -1.0582 -0.3 153 153 153
-0.570048 -1.05 -0.3 153 153 153
-0.55 -1.07251 -0.25 153 153 153
-0.55 -1.08484 -0.2 153 153 153
-0.55 -1.09485 -0.15 153 153 153
-0.55 -1.09485 0.15 153 153 153
-0.55 -1.08484 0.2 153 153 153
-0.55 -1.07251 0.25 153 153 153
-0.570048 -1.05 0.3 153 153 153
-0.55 -1.0582 0.3 153 153 153
-0.55 -1.05 0.324999 153 153 153
-0.5 -1.05 -0.361368 153 153 153
-0.5 -1.05406 -0.35 153 153 153
-0.516625 -1.05 -0.35 153 153 153
-0.5 -1.06977 -0.3 153 153 153
-0.5 -1.08381 -0.25 153 153 153
-0.5 -1.09588 -0.2 153 153 153
-0.5 -1.09588 0.2 153 153 153
-0.5 -1.08381 0.25 153 153 153
-0.5 -1.06977 0.3 153 153 153
-0.516625 -1.05 0.35 153 153 153
-0.5 -1.05406 0.35 153 153 153
-0.5 -1.05 0.361368 153 153 153
-0.45 -1.05 -0.372189 153 153 153
-0.45 -1.05745 -0.35 153 153 153
-0.45 -1.07233 -0.3 153 153 153
-0.45 -1.0856 -0.25 153 153 153
-0.45 -1.09698 -0.2 153 153 153
-0.45 -1.09698 0.2 153 153 153
-0.45 -1.0856 0.25 153 153 153
-0.45 -1.07233 0.3 153 153 153
-0.45 -1.05745 0.35 153 153 153
-0.45 -1.05 0.372189 153 153 153
-0.4 -1.05 -0.356252 153 153 153
-0.4 -1.05196 -0.35 153 153 153
-0.4 -1.06545 -0.3 153 153 153
-0.4 -1.07741 -0.25 153 153 153
-0.4 -1.08764 -0.2 153 153 153
-0.4 -1.09589 -0.15 153 153 153
-0.4 -1.09589 0.15 153 153 153
-0.4 -1.08764 0.2 153 153 153
-0.4 -1.07741 0.25 153 153 153
-0.4 -1.06545 0.3 153 153 153
-0.4 -1.05196 0.35 153 153 153
-0.4 -1.05 0.356253 153 153 153
-0.392945 -1.05 -0.35 153 153 153
-0.353747 -1.05 -0.3 153 153 153
-0.35 -1.05 -0.292955 153 153 153
-0.35 -1.05868 -0.25 153 153 153
-0.35 -1.06716 -0.2 153 153 153
-0.35 -1.07395 -0.15 153 153 153
-0.35 -1.07893 -0.0999999 153 153 153
-0.35 -1.08196 -0.05 153 153 153
-0.35 -1.08298 0 153 153 153
-0.35 -1.08196 0.05 153 153 153
-0.35 -1.07893 0.1 153 153 153
-0.35 -1.07395 0.15 153 153 153
-0.35 -1.06716 0.2 153 153 153
-0.35 -1.05868 0.25 153 153 153
-0.35 -1.05 0.292955 153 153 153
-0.353747 -1.05 0.3 153 153 153
-0.392945 -1.05 0.35 153 153 153
-0.334599 -1.05 -0.25 153 153 153
-0.322506 -1.05 -0.2 153 153 153
-0.314548 -1.05 -0.15 153 153 153
-0.309553 -1.05 -0.0999999 153 153 153
-0.306809 -1.05 -0.05 153 153 153
-0.305935 -1.05 0 153 153 153
-0.306809 -1.05 0.05 153 153 153
-0.309553 -1.05 0.1 153 153 153
-0.314548 -1.05 0.15 153 153 153
-0.322506 -1.05 0.2 153 153 153
-0.334599 -1.05 0.25 153 153 153
0.35 -1.05 -0.292955 153 153 153
0.35 -1.05868 -0.25 153 153 153
0.334599 -1.05 -0.25 153 153 153
0.35 -1.06716 -0.2 153 153 153
0.322506 -1.05 -0.2 153 153 153
0.35 -1.07395 -0.15 153 153 153
0.314548 -1.05 -0.15 153 153 153
0.35 -1.07893 -0.0999999 153 153 153
0.309553 -1.05 -0.0999999 153 153 153
0.35 -1.08196 -0.05 153 153 153
0.306809 -1.05 -0.05 153 153 153
0.35 -1.08298 0 153 153 153
0.305935 -1.05 0 153 153 153
0.35 -1.08196 0.05 153 153 153
0.306809 -1.05 0.05 153 153 153
0.35 -1.07893 0.1 153 153 153
0.309553 -1.05 0.1 153 153 153
0.35 -1.07395 0.15 153 153 153
0.314548 -1.05 0.15 153 153 153
0.35 -1.06716 0.2 153 153 153
0.322506 -1.05 0.2 153 153 153
0.35 -1.05868 0.25 153 153 153
0.334599 -1.05 0.25 153 153 153
0.35 -1.05 0.292955 153 153 153
0.4 -1.05 -0.356253 153 153 153
0.4 -1.05196 -0.35 153 153 153
0.392945 -1.05 -0.35 153 153 153
0.4 -1.06545 -0.3 153 153 153
0.353746 -1.05 -0.3 153 153 153
0.4 -1.07741 -0.25 153 153 153
0.4 -1.08764 -0.2 153 153 153
0.4 -1.09589 -0.15 153 153 153
0.4 -1.09589 0.15 153 153 153
0.4 -1.08764 0.2 153 153 153
0.4 -1.07741 0.25 153 153 153
0.353746 -1.05 0.3 153 153 153
0.4 -1.06545 0.3 153 153 153
0.4 -1.05196 0.35 153 153 153
0.392945 -1.05 0.35 153 153 153
0.4 -1.05 0.356253 153 153 153
0.45 -1.05 -0.372189 153 153 153
0.45 -1.05745 -0.35 153 153 153
0.45 -1.07233 -0.3 153 153 153
0.45 -1.0856 -0.25 153 153 153
0.45 -1.09698 -0.2 153 153 153
0.45 -1.09698 0.2 153 153 153
0.45 -1.0856 0.25 153 153 153
0.45 -1.07233 0.3 153 153 153
0.45 -1.05745 0.35 153 153 153
0.45 -1.05 0.372189 153 153 153
0.5 -1.05 -0.361368 153 153 153
0.5 -1.05406 -0.35 153 153 153
0.5 -1.06977 -0.3 153 153 153
0.5 -1.08381 -0.25 153 153 153
0.5 -1.09588 -0.2 153 153 153
0.5 -1.09588 0.2 153 153 153
0.5 -1.08381 0.25 153 153 153
0.5 -1.06977 0.3 153 153 153
0.5 -1.05406 0.35 153 153 153
0.5 -1.05 0.361368 153 153 153
0.516625 -1.05 -0.35 153 153 153
0.55 -1.05 -0.324999 153 153 153
0.55 -1.0582 -0.3 153 153 153
0.55 -1.07251 -0.25 153 153 153
0.55 -1.08484 -0.2 153 153 153
0.55 -1.09485 -0.15 153 153 153
0.55 -1.09485 0.15 153 153 153
0.55 -1.08484 0.2 153 153 153
0.55 -1.07251 0.25 153 153 153
0.55 -1.0582 0.3 153 153 153
0.55 -1.05 0.324999 153 153 153
0.516625 -1.05 0.35 153 153 153
0.570048 -1.05 -0.3 153 153 153
0.6 -1.05 -0.258181 153 153 153
0.6 -1.0524 -0.25 153 153 153
0.6 -1.06454 -0.2 153 153 153
0.6 -1.0744 -0.15 153 153 153
0.6 -1.0817 -0.0999999 153 153 153
0.6 -1.08618 -0.05 153 153 153
0.6 -1.08769 0 153 153 153
0.6 -1.08618 0.05 153 153 153
0.6 -1.0817 0.1 153 153 153
0.6 -1.0744 0.15 153 153 153
0.6 -1.06454 0.2 153 153 153
0.6 -1.05239 0.25 153 153 153
0.6 -1.05 0.258181 153 153 153
0.570048 -1.05 0.3 153 153 153
0.60411 -1.05 -0.25 153 153 153
0.624917 -1.05 -0.2 153 153 153
0.641789 -1.05 -0.15 153 153 153
0.65 -1.05 -0.116792 153 153 153
0.65 -1.05236 -0.0999999 153 153 153
0.65 -1.05661 -0.05 153 153 153
0.65 -1.05805 0 153 153 153
0.65 -1.05661 0.05 153 153 153
0.65 -1.05236 0.1 153 153 153
0.65 -1.05 0.116792 153 153 153
0.641788 -1.05 0.15 153 153 153
0.624916 -1.05 0.2 153 153 153
0.604109 -1.05 0.25 153 153 153
0.653077 -1.05 -0.0999999 153 153 153
0.658585 -1.05 -0.05 153 153 153
0.660434 -1.05 0 153 153 153
0.658585 -1.05 0.05 153 153 153
0.653076 -1.05 0.1 153 153 153
-0.7 -1 -0.123171 153 153 153
-0.7 -1.00386 -0.0999999 153 153 153
-0.703289 -1 -0.0999999 153 153 153
-0.7 -1.00894 -0.05 153 153 153
-0.707545 -1 -0.05 153 153 153
-0.7 -1.01066 0 153 153 153
-0.708967 -1 0 153 153 153
-0.7 -1.00894 0.05 153 153 153
-0.707545 -1 0.05 153 153 153
-0.7 -1.00386 0.1 153 153 153
-0.703289 -1 0.1 153 153 153
-0.7 -1 0.123171 153 153 153
-0.65 -1 -0.296961 153 153 153
-0.65 -1.01618 -0.25 153 153 153
-0.667396 -1 -0.25 153 153 153
-0.65 -1.03129 -0.2 153 153 153
-0.682909 -1 -0.2 153 153 153
-0.65 -1.04381 -0.15 153 153 153
-0.695233 -1 -0.15 153 153 153
-0.695233 -1 0.15 153 153 153
-0.65 -1.04381 0.15 153 153 153
-0.65 -1.03129 0.2 153 153 153
-0.682909 -1 0.2 153 153 153
-0.65 -1.01618 0.25 153 153 153
-0.667397 -1 0.25 153 153 153
-0.65 -1 0.296961 153 153 153
-0.6 -1 -0.38303 153 153 153
-0.6 -1.01445 -0.35 153 153 153
-0.620545 -1 -0.35 153 153 153
-0.6 -1.03464 -0.3 153 153 153
-0.648544 -1 -0.3 153 153 153
-0.648544 -1 0.3 153 153 153
-0.6 -1.03464 0.3 153 153 153
-0.6 -1.01445 0.35 153 153 153
-0.620545 -1 0.35 153 153 153
-0.6 -1 0.38303 153 153 153
-0.55 -1 -0.438469 153 153 153
-0.55 -1.0179 -0.4 153 153 153
-0.585615 -1 -0.4 153 153 153
-0.55 -1.03993 -0.35 153 153 153
-0.55 -1.03993 0.35 153 153 153
-0.585615 -1 0.4 153 153 153
-0.55 -1.0179 0.4 153 153 153
-0.55 -1 0.43847 153 153 153
-0.5 -1 -0.471983 153 153 153
-0.5 -1.01071 -0.45 153 153 153
-0.53367 -1 -0.45 153 153 153
-0.5 -1.03342 -0.4 153 153 153
-0.5 -1.03342 0.4 153 153 153
-0.53367 -1 0.45 153 153 153
-0.5 -1.01071 0.45 153 153 153
-0.5 -1 0.471983 153 153 153
-0.45 -1 -0.487505 153 153 153
-0.45 -1.01713 -0.45 153 153 153
-0.45 -1.03882 -0.4 153 153 153
-0.45 -1.03882 0.4 153 153 153
-0.45 -1.01713 0.45 153 153 153
-0.45 -1 0.487505 153 153 153
-0.4 -1 -0.482538 153 153 153
-0.4 -1.01381 -0.45 153 153 153
-0.4 -1.03365 -0.4 153 153 153
-0.4 -1.03365 0.4 153 153 153
-0.4 -1.01381 0.45 153 153 153
-0.4 -1 0.482539 153 153 153
-0.35 -1 -0.451024 153 153 153
-0.35 -1.0004 -0.45 153 153 153
-0.35 -1.01745 -0.4 153 153 153
-0.35 -1.03345 -0.35 153 153 153
-0.35 -1.04823 -0.3 153 153 153
-0.35 -1.04823 0.3 153 153 153
-0.35 -1.03345 0.35 153 153 153
-0.35 -1.01745 0.4 153 153 153
-0.35 -1.0004 0.45 153 153 153
-0.35 -1 0.451024 153 153 153
-0.349093 -1 -0.45 153 153 153
-0.317795 -1 -0.4 153 153 153
-0.3 -1 -0.35478 153 153 153
-0.3 -1.00122 -0.35 153 153 153
-0.3 -1.01172 -0.3 153 153 153
-0.3 -1.02087 -0.25 153 153 153
-0.3 -1.02858 -0.2 153 153 153
-0.3 -1.03475 -0.15 153 153 153
-0.3 -1.03926 -0.0999999 153 153 153
-0.3 -1.04201 -0.05 153 153 153
-0.3 -1.04294 0 153 153 153
-0.3 -1.04201 0.05 153 153 153
-0.3 -1.03926 0.1 153 153 153
-0.3 -1.03475 0.15 153 153 153
-0.3 -1.02858 0.2 153 153 153
-0.3 -1.02087 0.25 153 153 153
-0.3 -1.01172 0.3 153 153 153
-0.3 -1.00122 0.35 153 153 153
-0.3 -1 0.35478 153 153 153
-0.317795 -1 0.4 153 153 153
-0.349093 -1 0.45 153 153 153
-0.298548 -1 -0.35 153 153 153
-0.287964 -1 -0.3 153 153 153
-0.281154 -1 -0.25 153 153 153
-0.276842 -1 -0.2 153 153 153
-0.274183 -1 -0.15 153 153 153
-0.272623 -1 -0.0999999 153 153 153
-0.271815 -1 -0.05 153 153 153
-0.271566 -1 0 153 153 153
-0.271815 -1 0.05 153 153 153
-0.272623 -1 0.1 153 153 153
-0.274183 -1 0.15 153 153 153
-0.276842 -1 0.2 153 153 153
-0.281154 -1 0.25 153 153 153
-0.287964 -1 0.3 153 153 153
-0.298548 -1 0.35 153 153 153
0.3 -1 -0.35478 153 153 153
0.3 -1.00122 -0.35 153 153 153
0.298548 -1 -0.35 153 153 153
0.3 -1.01172 -0.3 153 153 153
0.287964 -1 -0.3 153 153 153
0.3 -1.02087 -0.25 153 153 153
0.281154 -1 -0.25 153 153 153
0.3 -1.02858 -0.2 153 153 153
0.276842 -1 -0.2 153 153 153
0.3 -1.03475 -0.15 153 153 153
0.274183 -1 -0.15 153 153 153
0.3 -1.03926 -0.0999999 153 153 153
0.272623 -1 -0.0999999 153 153 153
0.3 -1.04201 -0.05 153 153 153
0.271815 -1 -0.05 153 153 153
0.3 -1.04294 0 153 153 153
0.271566 -1 0 153 153 153
0.3 -1.04201 0.05 153 153 153
0.271815 -1 0.05 153 153 153
0.3 -1.03926 0.1 153 153 153
0.272623 -1 0.1 153 153 153
0.3 -1.03475 0.15 153 153 153
0.274183 -1 0.15 153 153 153
0.3 -1.02858 0.2 153 153 153
0.276842 -1 0.2 153 153 153
0.3 -1.02087 0.25 153 153 153
0.281154 -1 0.25 153 153 153
0.3 -1.01172 0.3 153 153 153
0.287964 -1 0.3 153 153 153
0.3 -1.00122 0.35 153 153 153
0.298548 -1 0.35 153 153 153
0.3 -1 0.354781 153 153 153
0.35 -1 -0.451023 153 153 153
0.35 -1.0004 -0.45 153 153 153
0.349093 -1 -0.45 153 153 153
0.35 -1.01745 -0.4 153 153 153
0.317795 -1 -0.4 153 153 153
0.35 -1.03345 -0.35 153 153 153
0.35 -1.04823 -0.3 153 153 153
0.35 -1.04823 0.3 153 153 153
0.35 -1.03345 0.35 153 153 153
0.317795 -1 0.4 153 153 153
0.35 -1.01745 0.4 153 153 153
0.35 -1.0004 0.45 153 153 153
0.349093 -1 0.45 153 153 153
0.35 -1 0.451024 153 153 153
0.4 -1 -0.482538 153 153 153
0.4 -1.01381 -0.45 153 153 153
0.4 -1.03365 -0.4 153 153 153
0.4 -1.03365 0.4 153 153 153
0.4 -1.01381 0.45 153 153 153
0.4 -1 0.482539 153 153 153
0.45 -1 -0.487505 153 153 153
0.45 -1.01713 -0.45 153 153 153
0.45 -1.03882 -0.4 153 153 153
0.45 -1.03882 0.4 153 153 153
0.45 -1.01713 0.45 153 153 153
0.45 -1 0.487505 153 153 153
0.5 -1 -0.471983 153 153 153
0.5 -1.01071 -0.45 153 153 153
0.5 -1.03342 -0.4 153 153 153
0.5 -1.03342 0.4 153 153 153
0.5 -1.01071 0.45 153 153 153
0.5 -1 0.471983 153 153 153
0.53367 -1 -0.45 153 153 153
0.55 -1 -0.43847 153 153 153
0.55 -1.0179 -0.4 153 153 153
0.55 -1.03993 -0.35 153 153 153
0.55 -1.03993 0.35 153 153 153
0.55 -1.0179 0.4 153 153 153
0.55 -1 0.43847 153 153 153
0.53367 -1 0.45 153 153 153
0.585615 -1 -0.4 153 153 153
0.6 -1 -0.38303 153 153 153
0.6 -1.01445 -0.35 153 153 153
0.6 -1.03464 -0.3 153 153 153
0.6 -1.03464 0.3 153 153 153
0.6 -1.01445 0.35 153 153 153
0.6 -1 0.38303 153 153 153
0.585615 -1 0.4 153 153 153
0.620545 -1 -0.35 153 153 153
0.648544 -1 -0.3 153 153 153
0.65 -1 -0.296961 153 153 153
0.65 -1.01618 -0.25 153 153 153
0.65 -1.03129 -0.2 153 153 153
0.65 -1.04381 -0.15 153 153 153
0.65 -1.04381 0.15 153 153 153
0.65 -1.03129 0.2 153 153 153
0.65 -1.01618 0.25 153 153 153
0.65 -1 0.296961 153 153 153
0.648544 -1 0.3 153 153 153
0.620545 -1 0.35 153 153 153
0.667396 -1 -0.25 153 153 153
0.682909 -1 -0.2 153 153 153
0.695233 -1 -0.15 153 153 153
0.7 -1 -0.12317 153 153 153
0.7 -1.00386 -0.0999999 153 153 153
0.7 -1.00894 -0.05 153 153 153
0.7 -1.01066 0 153 153 153
0.7 -1.00894 0.05 153 153 153
0.7 -1.00386 0.1 153 153 153
0.7 -1 0.123171 153 153 153
0.695233 -1 0.15 153 153 153
0.682909 -1 0.2 153 153 153
0.667396 -1 0.25 153 153 153
0.703289 -1 -0.0999999 153 153 153
0.707545 -1 -0.05 153 153 153
0.708968 -1 0 153 153 153
0.707544 -1 0.05 153 153 153
0.703289 -1 0.1 153 153 153
-0.7 -0.95 -0.272224 153 153 153
-0.7 -0.959392 -0.25 153 153 153
-0.706406 -0.95 -0.25 153 153 153
-0.7 -0.977834 -0.2 153 153 153
-0.718134 -0.95 -0.2 153 153 153
-0.7 -0.9936 -0.15 153 153 153
-0.727323 -0.95 -0.15 153 153 153
-0.733922 -0.95 -0.0999999 153 153 153
-0.737897 -0.95 -0.05 153 153 153
-0.739224 -0.95 0 153 153 153
-0.737897 -0.95 0.05 153 153 153
-0.733922 -0.95 0.1 153 153 153
-0.7 -0.9936 0.15 153 153 153
-0.727323 -0.95 0.15 153 153 153
-0.7 -0.977834 0.2 153 153 153
-0.718134 -0.95 0.2 153 153 153
-0.7 -0.959392 0.25 153 153 153
-0.706406 -0.95 0.25 153 153 153
-0.7 -0.95 0.272223 153 153 153
-0.65 -0.95 -0.393129 153 153 153
-0.65 -0.972852 -0.35 153 153 153
-0.669921 -0.95 -0.35 153 153 153
-0.65 -0.998608 -0.3 153 153 153
-0.690328 -0.95 -0.3 153 153 153
-0.690328 -0.95 0.3 153 153 153
-0.65 -0.998608 0.3 153 153 153
-0.65 -0.972852 0.35 153 153 153
-0.669921 -0.95 0.35 153 153 153
-0.65 -0.95 0.393129 153 153 153
-0.6 -0.95 -0.469014 153 153 153
-0.6 -0.961564 -0.45 153 153 153
-0.613587 -0.95 -0.45 153 153 153
-0.6 -0.990661 -0.4 153 153 153
-0.646043 -0.95 -0.4 153 153 153
-0.646043 -0.95 0.4 153 153 153
-0.6 -0.990661 0.4 153 153 153
-0.6 -0.961564 0.45 153 153 153
-0.613587 -0.95 0.45 153 153 153
-0.6 -0.95 0.469014 153 153 153
-0.55 -0.95 -0.521294 153 153 153
-0.55 -0.9633 -0.5 153 153 153
-0.571381 -0.95 -0.5 153 153 153
-0.55 -0.993442 -0.45 153 153 153
-0.55 -0.993442 0.45 153 153 153
-0.57138 -0.95 0.5 153 153 153
-0.55 -0.9633 0.5 153 153 153
-0.55 -0.95 0.521294 153 153 153
-0.5 -0.95 -0.556344 153 153 153
-0.5 -0.954037 -0.55 153 153 153
-0.509657 -0.95 -0.55 153 153 153
-0.5 -0.983782 -0.5 153 153 153
-0.5 -0.983782 0.5 153 153 153
-0.509657 -0.95 0.55 153 153 153
-0.5 -0.954037 0.55 153 153 153
-0.5 -0.95 0.556344 153 153 153
-0.45 -0.95 -0.574401 153 153 153
-0.45 -0.964557 -0.55 153 153 153
-0.45 -0.993266 -0.5 153 153 153
-0.45 -0.993266 0.5 153 153 153
-0.45 -0.964557 0.55 153 153 153
-0.45 -0.95 0.574401 153 153 153
-0.4 -0.95 -0.576604 153 153 153
-0.4 -0.964761 -0.55 153 153 153
-0.4 -0.991307 -0.5 153 153 153
-0.4 -0.991307 0.5 153 153 153
-0.4 -0.964761 0.55 153 153 153
-0.4 -0.95 0.576605 153 153 153
-0.35 -0.95 -0.55852 153 153 153
-0.35 -0.95437 -0.55 153 153 153
-0.35 -0.977595 -0.5 153 153 153
-0.35 -0.977595 0.5 153 153 153
-0.35 -0.95437 0.55 153 153 153
-0.35 -0.95 0.558519 153 153 153
-0.339128 -0.95 -0.55 153 153 153
-0.3 -0.95 -0.503618 153 153 153
-0.3 -0.951482 -0.5 153 153 153
-0.3 -0.969074 -0.45 153 153 153
-0.3 -0.985819 -0.4 153 153 153
-0.3 -0.985819 0.4 153 153 153
-0.3 -0.969074 0.45 153 153 153
-0.3 -0.951482 0.5 153 153 153
-0.3 -0.95 0.503619 153 153 153
-0.339128 -0.95 0.55 153 153 153
-0.297929 -0.95 -0.5 153 153 153
-0.27855 -0.95 -0.45 153 153 153
-0.267022 -0.95 -0.4 153 153 153
-0.260419 -0.95 -0.35 153 153 153
-0.256902 -0.95 -0.3 153 153 153
-0.25527 -0.95 -0.25 153 153 153
-0.254731 -0.95 -0.2 153 153 153
-0.254754 -0.95 -0.15 153 153 153
-0.254986 -0.95 -0.0999999 153 153 153
-0.255207 -0.95 -0.05 153 153 153
-0.255294 -0.95 0 153 153 153
-0.255207 -0.95 0.05 153 153 153
-0.254986 -0.95 0.1 153 153 153
-0.254754 -0.95 0.15 153 153 153
-0.254731 -0.95 0.2 153 153 153
-0.25527 -0.95 0.25 153 153 153
-0.256901 -0.95 0.3 153 153 153
-0.26042 -0.95 0.35 153 153 153
-0.267022 -0.95 0.4 153 153 153
-0.278551 -0.95 0.45 153 153 153
-0.297929 -0.95 0.5 153 153 153
0.3 -0.95 -0.503618 153 153 153
0.3 -0.951482 -0.5 153 153 153
0.297929 -0.95 -0.5 153 153 153
0.3 -0.969074 -0.45 153 153 153
0.27855 -0.95 -0.45 153 153 153
0.3 -0.985819 -0.4 153 153 153
0.267022 -0.95 -0.4 153 153 153
0.26042 -0.95 -0.35 153 153 153
0.256902 -0.95 -0.3 153 153 153
0.25527 -0.95 -0.25 153 153 153
0.254731 -0.95 -0.2 153 153 153
0.254754 -0.95 -0.15 153 153 153
0.254986 -0.95 -0.0999999 153 153 153
0.255208 -0.95 -0.05 153 153 153
0.255294 -0.95 0 153 153 153
0.255208 -0.95 0.05 153 153 153
0.254986 -0.95 0.1 153 153 153
0.254754 -0.95 0.15 153 153 153
0.254731 -0.95 0.2 153 153 153
0.25527 -0.95 0.25 153 153 153
0.256901 -0.95 0.3 153 153 153
0.26042 -0.95 0.35 153 153 153
0.3 -0.985819 0.4 153 153 153
0.267022 -0.95 0.4 153 153 153
0.3 -0.969074 0.45 153 153 153
0.27855 -0.95 0.45 153 153 153
0.3 -0.951482 0.5 153 153 153
0.297929 -0.95 0.5 153 153 153
0.3 -0.95 0.503619 153 153 153
0.35 -0.95 -0.558519 153 153 153
0.35 -0.95437 -0.55 153 153 153
0.339128 -0.95 -0.55 153 153 153
0.35 -0.977595 -0.5 153 153 153
0.35 -0.977596 0.5 153 153 153
0.339128 -0.95 0.55 153 153 153
0.35 -0.95437 0.55 153 153 153
0.35 -0.95 0.558519 153 153 153
0.4 -0.95 -0.576604 153 153 153
0.4 -0.964761 -0.55 153 153 153
0.4 -0.991307 -0.5 153 153 153
0.4 -0.991307 0.5 153 153 153
0.4 -0.964761 0.55 153 153 153
0.4 -0.95 0.576605 153 153 153
0.45 -0.95 -0.574401 153 153 153
0.45 -0.964557 -0.55 153 153 153
0.45 -0.993266 -0.5 153 153 153
0.45 -0.993266 0.5 153 153 153
0.45 -0.964557 0.55 153 153 153
0.45 -0.95 0.574401 153 153 153
0.5 -0.95 -0.556343 153 153 153
0.5 -0.954037 -0.55 153 153 153
0.5 -0.983782 -0.5 153 153 153
0.5 -0.983782 0.5 153 153 153
0.5 -0.954037 0.55 153 153 153
0.5 -0.95 0.556344 153 153 153
0.509657 -0.95 -0.55 153 153 153
0.55 -0.95 -0.521294 153 153 153
0.55 -0.9633 -0.5 153 153 153
0.55 -0.993442 -0.45 153 153 153
0.55 -0.993442 0.45 153 153 153
0.55 -0.9633 0.5 153 153 153
0.55 -0.95 0.521294 153 153 153
0.509657 -0.95 0.55 153 153 153
0.571381 -0.95 -0.5 153 153 153
0.6 -0.95 -0.469014 153 153 153
0.6 -0.961564 -0.45 153 153 153
0.6 -0.990661 -0.4 153 153 153
0.6 -0.990661 0.4 153 153 153
0.6 -0.961564 0.45 153 153 153
0.6 -0.95 0.469014 153 153 153
0.57138 -0.95 0.5 153 153 153
0.613587 -0.95 -0.45 153 153 153
0.646043 -0.95 -0.4 153 153 153
0.65 -0.95 -0.393129 153 153 153
0.65 -0.972852 -0.35 153 153 153
0.65 -0.998607 -0.3 153 153 153
0.65 -0.998607 0.3 153 153 153
0.65 -0.972852 0.35 153 153 153
0.65 -0.95 0.393129 153 153 153
0.646043 -0.95 0.4 153 153 153
0.613586 -0.95 0.45 153 153 153
0.669921 -0.95 -0.35 153 153 153
0.690328 -0.95 -0.3 153 153 153
0.7 -0.95 -0.272223 153 153 153
0.7 -0.959392 -0.25 153 153 153
0.7 -0.977834 -0.2 153 153 153
0.7 -0.9936 -0.15 153 153 153
0.7 -0.9936 0.15 153 153 153
0.7 -0.977834 0.2 153 153 153
0.7 -0.959392 0.25 153 153 153
0.7 -0.95 0.272223 153 153 153
0.690328 -0.95 0.3 153 153 153
0.669921 -0.95 0.35 153 153 153
0.706406 -0.95 -0.25 153 153 153
0.718134 -0.95 -0.2 153 153 153
0.727323 -0.95 -0.15 153 153 153
0.733923 -0.95 -0.0999999 153 153 153
0.737897 -0.95 -0.05 153 153 153
0.739224 -0.95 0 153 153 153
0.737897 -0.95 0.05 153 153 153
0.733923 -0.95 0.1 153 153 153
0.727323 -0.95 0.15 153 153 153
0.718134 -0.95 0.2 153 153 153
0.706406 -0.95 0.25 153 153 153
-0.75 -0.9 -0.131851 153 153 153
-0.75 -0.909014 -0.0999999 153 153 153
-0.75318 -0.9 -0.0999999 153 153 153
-0.75 -0.918073 -0.05 153 153 153
-0.756158 -0.9 -0.05 153 153 153
-0.75 -0.921236 0 153 153 153
-0.757149 -0.9 0 153 153 153
-0.75 -0.918073 0.05 153 153 153
-0.756157 -0.9 0.05 153 153 153
-0.75 -0.909014 0.1 153 153 153
-0.75318 -0.9 0.1 153 153 153
-0.75 -0.9 0.131851 153 153 153
-0.7 -0.9 -0.352084 153 153 153
-0.7 -0.901413 -0.35 153 153 153
-0.700757 -0.9 -0.35 153 153 153
-0.7 -0.932915 -0.3 153 153 153
-0.71604 -0.9 -0.3 153 153 153
-0.729 -0.9 -0.25 153 153 153
-0.739615 -0.9 -0.2 153 153 153
-0.747875 -0.9 -0.15 153 153 153
-0.747875 -0.9 0.15 153 153 153
-0.739615 -0.9 0.2 153 153 153
-0.729 -0.9 0.25 153 153 153
-0.7 -0.932915 0.3 153 153 153
-0.71604 -0.9 0.3 153 153 153
-0.7 -0.901412 0.35 153 153 153
-0.700757 -0.9 0.35 153 153 153
-0.7 -0.9 0.352084 153 153 153
-0.65 -0.9 -0.460786 153 153 153
-0.65 -0.908151 -0.45 153 153 153
-0.655844 -0.9 -0.45 153 153 153
-0.65 -0.945099 -0.4 153 153 153
-0.679611 -0.9 -0.4 153 153 153
-0.679611 -0.9 0.4 153 153 153
-0.65 -0.945098 0.4 153 153 153
-0.65 -0.90815 0.45 153 153 153
-0.655844 -0.9 0.45 153 153 153
-0.65 -0.9 0.460786 153 153 153
-0.6 -0.9 -0.534538 153 153 153
-0.6 -0.926452 -0.5 153 153 153
-0.62455 -0.9 -0.5 153 153 153
-0.62455 -0.9 0.5 153 153 153
-0.6 -0.926452 0.5 153 153 153
-0.6 -0.9 0.534538 153 153 153
-0.55 -0.9 -0.587125 153 153 153
-0.55 -0.928353 -0.55 153 153 153
-0.5862 -0.9 -0.55 153 153 153
-0.5862 -0.9 0.55 153 153 153
-0.55 -0.928353 0.55 153 153 153
-0.55 -0.9 0.587125 153 153 153
-0.5 -0.9 -0.623092 153 153 153
-0.5 -0.917521 -0.6 153 153 153
-0.533087 -0.9 -0.6 153 153 153
-0.533087 -0.9 0.6 153 153 153
-0.5 -0.917521 0.6 153 153 153
-0.5 -0.9 0.623092 153 153 153
-0.45 -0.9 -0.64584 153 153 153
-0.45 -0.93231 -0.6 153 153 153
-0.45 -0.93231 0.6 153 153 153
-0.45 -0.9 0.64584 153 153 153
-0.4 -0.9 -0.653358 153 153 153
-0.4 -0.902375 -0.65 153 153 153
-0.42339 -0.9 -0.65 153 153 153
-0.4 -0.935108 -0.6 153 153 153
-0.4 -0.935108 0.6 153 153 153
-0.423389 -0.9 0.65 153 153 153
-0.4 -0.902375 0.65 153 153 153
-0.4 -0.9 0.653357 153 153 153
-0.379048 -0.9 -0.65 153 153 153
-0.35 -0.9 -0.643441 153 153 153
-0.35 -0.92578 -0.6 153 153 153
-0.35 -0.92578 0.6 153 153 153
-0.35 -0.9 0.643441 153 153 153
-0.379049 -0.9 0.65 153 153 153
-0.3 -0.9 -0.607432 153 153 153
-0.3 -0.904017 -0.6 153 153 153
-0.3 -0.928009 -0.55 153 153 153
-0.3 -0.928009 0.55 153 153 153
-0.3 -0.904017 0.6 153 153 153
-0.3 -0.9 0.607432 153 153 153
-0.293757 -0.9 -0.6 153 153 153
-0.266636 -0.9 -0.55 153 153 153
-0.251768 -0.9 -0.5 153 153 153
-0.25 -0.909205 -0.45 153 153 153
-0.25 -0.9 -0.489058 153 153 153
-0.25 -0.918287 -0.4 153 153 153
-0.25 -0.924788 -0.35 153 153 153
-0.25 -0.928379 -0.3 153 153 153
-0.25 -0.928722 -0.25 153 153 153
-0.25 -0.925614 -0.2 153 153 153
-0.25 -0.919338 -0.15 153 153 153
-0.25 -0.911216 -0.0999999 153 153 153
-0.25 -0.904002 -0.05 153 153 153
-0.25 -0.901059 0 153 153 153
-0.25 -0.904002 0.05 153 153 153
-0.25 -0.911216 0.1 153 153 153
-0.25 -0.919338 0.15 153 153 153
-0.25 -0.925614 0.2 153 153 153
-0.25 -0.928721 0.25 153 153 153
-0.25 -0.92838 0.3 153 153 153
-0.25 -0.924788 0.35 153 153 153
-0.25 -0.918287 0.4 153 153 153
-0.25 -0.909205 0.45 153 153 153
-0.25 -0.9 0.489058 153 153 153
-0.251768 -0.9 0.5 153 153 153
-0.266636 -0.9 0.55 153 153 153
-0.293757 -0.9 0.6 153 153 153
-0.244667 -0.9 -0.45 153 153 153
-0.241739 -0.9 -0.4 153 153 153
-0.241266 -0.9 -0.35 153 153 153
-0.2422 -0.9 -0.3 153 153 153
-0.243828 -0.9 -0.25 153 153 153
-0.245663 -0.9 -0.2 153 153 153
-0.247372 -0.9 -0.15 153 153 153
-0.248732 -0.9 -0.0999999 153 153 153
-0.249601 -0.9 -0.05 153 153 153
-0.249899 -0.9 0 153 153 153
-0.249601 -0.9 0.05 153 153 153
-0.248732 -0.9 0.1 153 153 153
-0.247372 -0.9 0.15 153 153 153
-0.245663 -0.9 0.2 153 153 153
-0.243828 -0.9 0.25 153 153 153
-0.2422 -0.9 0.3 153 153 153
-0.241266 -0.9 0.35 153 153 153
-0.241739 -0.9 0.4 153 153 153
-0.244667 -0.9 0.45 153 153 153
0.25 -0.9 -0.489059 153 153 153
0.25 -0.909205 -0.45 153 153 153
0.244667 -0.9 -0.45 153 153 153
0.25 -0.918287 -0.4 153 153 153
0.241739 -0.9 -0.4 153 153 153
0.25 -0.924789 -0.35 153 153 153
0.241266 -0.9 -0.35 153 153 153
0.25 -0.92838 -0.3 153 153 153
0.2422 -0.9 -0.3 153 153 153
0.25 -0.928722 -0.25 153 153 153
0.243828 -0.9 -0.25 153 153 153
0.25 -0.925615 -0.2 153 153 153
0.245663 -0.9 -0.2 153 153 153
0.25 -0.919339 -0.15 153 153 153
0.247372 -0.9 -0.15 153 153 153
0.25 -0.911217 -0.0999999 153 153 153
0.248732 -0.9 -0.0999999 153 153 153
0.25 -0.904003 -0.05 153 153 153
0.249601 -0.9 -0.05 153 153 153
0.25 -0.90106 0 153 153 153
0.249899 -0.9 0 153 153 153
0.25 -0.904003 0.05 153 153 153
0.249601 -0.9 0.05 153 153 153
0.25 -0.911217 0.1 153 153 153
0.248732 -0.9 0.1 153 153 153
0.25 -0.919339 0.15 153 153 153
0.247372 -0.9 0.15 153 153 153
0.25 -0.925615 0.2 153 153 153
0.245663 -0.9 0.2 153 153 153
0.25 -0.928722 0.25 153 153 153
0.243828 -0.9 0.25 153 153 153
0.25 -0.92838 0.3 153 153 153
0.2422 -0.9 0.3 153 153 153
0.25 -0.924789 0.35 153 153 153
0.241266 -0.9 0.35 153 153 153
0.25 -0.918287 0.4 153 153 153
0.241739 -0.9 0.4 153 153 153
0.25 -0.909205 0.45 153 153 153
0.244667 -0.9 0.45 153 153 153
0.25 -0.9 0.489059 153 153 153
0.3 -0.9 -0.607432 153 153 153
0.3 -0.904017 -0.6 153 153 153
0.293757 -0.9 -0.6 153 153 153
0.3 -0.928008 -0.55 153 153 153
0.266636 -0.9 -0.55 153 153 153
0.251768 -0.9 -0.5 153 153 153
0.251767 -0.9 0.5 153 153 153
0.3 -0.928008 0.55 153 153 153
0.266636 -0.9 0.55 153 153 153
0.3 -0.904017 0.6 153 153 153
0.293757 -0.9 0.6 153 153 153
0.3 -0.9 0.607432 153 153 153
0.35 -0.9 -0.643442 153 153 153
0.35 -0.92578 -0.6 153 153 153
0.35 -0.92578 0.6 153 153 153
0.35 -0.9 0.643442 153 153 153
0.4 -0.9 -0.653357 153 153 153
0.4 -0.902375 -0.65 153 153 153
0.379048 -0.9 -0.65 153 153 153
0.4 -0.935108 -0.6 153 153 153
0.4 -0.935108 0.6 153 153 153
0.379049 -0.9 0.65 153 153 153
0.4 -0.902375 0.65 153 153 153
0.4 -0.9 0.653358 153 153 153
0.423389 -0.9 -0.65 153 153 153
0.45 -0.9 -0.64584 153 153 153
0.45 -0.93231 -0.6 153 153 153
0.45 -0.93231 0.6 153 153 153
0.45 -0.9 0.64584 153 153 153
0.423389 -0.9 0.65 153 153 153
0.5 -0.9 -0.623092 153 153 153
0.5 -0.917521 -0.6 153 153 153
0.5 -0.917521 0.6 153 153 153
0.5 -0.9 0.623092 153 153 153
0.533087 -0.9 -0.6 153 153 153
0.55 -0.9 -0.587125 153 153 153
0.55 -0.928353 -0.55 153 153 153
0.55 -0.928353 0.55 153 153 153
0.55 -0.9 0.587125 153 153 153
0.533087 -0.9 0.6 153 153 153
0.5862 -0.9 -0.55 153 153 153
0.6 -0.9 -0.534538 153 153 153
0.6 -0.926452 -0.5 153 153 153
0.6 -0.926452 0.5 153 153 153
0.6 -0.9 0.534538 153 153 153
0.5862 -0.9 0.55 153 153 153
0.62455 -0.9 -0.5 153 153 153
0.65 -0.9 -0.460785 153 153 153
0.65 -0.90815 -0.45 153 153 153
0.65 -0.945098 -0.4 153 153 153
0.65 -0.945098 0.4 153 153 153
0.65 -0.90815 0.45 153 153 153
0.65 -0.9 0.460785 153 153 153
0.62455 -0.9 0.5 153 153 153
0.655844 -0.9 -0.45 153 153 153
0.679611 -0.9 -0.4 153 153 153
0.7 -0.9 -0.352084 153 153 153
0.7 -0.901412 -0.35 153 153 153
0.7 -0.932915 -0.3 153 153 153
0.7 -0.932915 0.3 153 153 153
0.7 -0.901412 0.35 153 153 153
0.7 -0.9 0.352084 153 153 153
0.679611 -0.9 0.4 153 153 153
0.655844 -0.9 0.45 153 153 153
0.700757 -0.9 -0.35 153 153 153
0.71604 -0.9 -0.3 153 153 153
0.729 -0.9 -0.25 153 153 153
0.739615 -0.9 -0.2 153 153 153
0.747875 -0.9 -0.15 153 153 153
0.75 -0.909014 -0.0999999 153 153 153
0.75 -0.9 -0.13185 153 153 153
0.75 -0.918072 -0.05 153 153 153
0.75 -0.921236 0 153 153 153
0.75 -0.918072 0.05 153 153 153
0.75 -0.909014 0.1 153 153 153
0.75 -0.9 0.13185 153 153 153
0.747875 -0.9 0.15 153 153 153
0.739615 -0.9 0.2 153 153 153
0.729 -0.9 0.25 153 153 153
0.71604 -0.9 0.3 153 153 153
0.700757 -0.9 0.35 153 153 153
0.75318 -0.9 -0.0999999 153 153 153
0.756158 -0.9 -0.05 153 153 153
0.757149 -0.9 0 153 153 153
0.756157 -0.9 0.05 153 153 153
0.75318 -0.9 0.1 153 153 153
-0.75 -0.85 -0.199295 153 153 153
-0.75 -0.887563 -0.15 153 153 153
-0.755904 -0.85 -0.15 153 153 153
-0.760136 -0.85 -0.0999999 153 153 153
-0.762655 -0.85 -0.05 153 153 153
-0.763492 -0.85 0 153 153 153
-0.762655 -0.85 0.05 153 153 153
-0.760136 -0.85 0.1 153 153 153
-0.75 -0.887563 0.15 153 153 153
-0.755904 -0.85 0.15 153 153 153
-0.75 -0.85 0.199295 153 153 153
-0.7 -0.85 -0.401393 153 153 153
-0.7 -0.851398 -0.4 153 153 153
-0.700518 -0.85 -0.4 153 153 153
-0.716173 -0.85 -0.35 153 153 153
-0.729595 -0.85 -0.3 153 153 153
-0.740822 -0.85 -0.25 153 153 153
-0.749903 -0.85 -0.2 153 153 153
-0.749903 -0.85 0.2 153 153 153
-0.740822 -0.85 0.25 153 153 153
-0.729595 -0.85 0.3 153 153 153
-0.716172 -0.85 0.35 153 153 153
-0.7 -0.851398 0.4 153 153 153
-0.700518 -0.85 0.4 153 153 153
-0.7 -0.85 0.401393 153 153 153
-0.65 -0.85 -0.510247 153 153 153
-0.65 -0.860339 -0.5 153 153 153
-0.655579 -0.85 -0.5 153 153 153
-0.679331 -0.85 -0.45 153 153 153
-0.679331 -0.85 0.45 153 153 153
-0.65 -0.860339 0.5 153 153 153
-0.655579 -0.85 0.5 153 153 153
-0.65 -0.85 0.510246 153 153 153
-0.6 -0.85 -0.585407 153 153 153
-0.6 -0.884846 -0.55 153 153 153
-0.624771 -0.85 -0.55 153 153 153
-0.624771 -0.85 0.55 153 153 153
-0.6 -0.884846 0.55 153 153 153
-0.6 -0.85 0.585407 153 153 153
-0.55 -0.85 -0.640126 153 153 153
-0.55 -0.887977 -0.6 153 153 153
-0.587598 -0.85 -0.6 153 153 153
-0.587598 -0.85 0.6 153 153 153
-0.55 -0.887976 0.6 153 153 153
-0.55 -0.85 0.640126 153 153 153
-0.5 -0.85 -0.678545 153 153 153
-0.5 -0.876037 -0.65 153 153 153
-0.538059 -0.85 -0.65 153 153 153
-0.538059 -0.85 0.65 153 153 153
-0.5 -0.876037 0.65 153 153 153
-0.5 -0.85 0.678545 153 153 153
-0.45 -0.85 -0.704569 153 153 153
-0.45 -0.854067 -0.7 153 153 153
-0.45951 -0.85 -0.7 153 153 153
-0.45 -0.896601 -0.65 153 153 153
-0.45 -0.896601 0.65 153 153 153
-0.45951 -0.85 0.7 153 153 153
-0.45 -0.854067 0.7 153 153 153
-0.45 -0.85 0.704569 153 153 153
-0.4 -0.85 -0.715815 153 153 153
-0.4 -0.863024 -0.7 153 153 153
-0.4 -0.863024 0.7 153 153 153
-0.4 -0.85 0.715815 153 153 153
-0.35 -0.85 -0.712811 153 153 153
-0.35 -0.859728 -0.7 153 153 153
-0.35 -0.895613 -0.65 153 153 153
-0.35 -0.895613 0.65 153 153 153
-0.35 -0.859728 0.7 153 153 153
-0.35 -0.85 0.712811 153 153 153
-0.318059 -0.85 -0.7 153 153 153
-0.3 -0.85 -0.689178 153 153 153
-0.3 -0.874314 -0.65 153 153 153
-0.3 -0.874314 0.65 153 153 153
-0.3 -0.85 0.689178 153 153 153
-0.318059 -0.85 0.7 153 153 153
-0.265317 -0.85 -0.65 153 153 153
-0.25 -0.85 -0.61953 153 153 153
-0.25 -0.858983 -0.6 153 153 153
-0.25 -0.878507 -0.55 153 153 153
-0.25 -0.896858 -0.5 153 153 153
-0.25 -0.85 -0.0814414 153 153 153
-0.250868 -0.85 -0.05 153 153 153
-0.25 -0.884527 -0.05 153 153 153
-0.251335 -0.85 0 153 153 153
-0.25 -0.896568 0 153 153 153
-0.250868 -0.85 0.05 153 153 153
-0.25 -0.884527 0.05 153 153 153
-0.25 -0.85 0.0814416 153 153 153
-0.25 -0.896858 0.5 153 153 153
-0.25 -0.878507 0.55 153 153 153
-0.25 -0.858983 0.6 153 153 153
-0.25 -0.85 0.61953 153 153 153
-0.265317 -0.85 0.65 153 153 153
-0.242562 -0.85 -0.6 153 153 153
-0.232339 -0.85 -0.55 153 153 153
-0.228408 -0.85 -0.5 153 153 153
-0.228296 -0.85 -0.45 153 153 153
-0.230409 -0.85 -0.4 153 153 153
-0.233696 -0.85 -0.35 153 153 153
-0.237448 -0.85 -0.3 153 153 153
-0.241184 -0.85 -0.25 153 153 153
-0.244577 -0.85 -0.2 153 153 153
-0.247403 -0.85 -0.15 153 153 153
-0.249514 -0.85 -0.0999999 153 153 153
-0.249514 -0.85 0.1 153 153 153
-0.247403 -0.85 0.15 153 153 153
-0.244577 -0.85 0.2 153 153 153
-0.241184 -0.85 0.25 153 153 153
-0.237448 -0.85 0.3 153 153 153
-0.233696 -0.85 0.35 153 153 153
-0.230409 -0.85 0.4 153 153 153
-0.228296 -0.85 0.45 153 153 153
-0.228408 -0.85 0.5 153 153 153
-0.232339 -0.85 0.55 153 153 153
-0.242562 -0.85 0.6 153 153 153
0.25 -0.85 -0.61953 153 153 153
0.25 -0.858983 -0.6 153 153 153
0.242562 -0.85 -0.6 153 153 153
0.25 -0.878507 -0.55 153 153 153
0.232339 -0.85 -0.55 153 153 153
0.25 -0.896858 -0.5 153 153 153
0.228409 -0.85 -0.5 153 153 153
0.228296 -0.85 -0.45 153 153 153
0.230409 -0.85 -0.4 153 153 153
0.233696 -0.85 -0.35 153 153 153
0.237448 -0.85 -0.3 153 153 153
0.241184 -0.85 -0.25 153 153 153
0.244577 -0.85 -0.2 153 153 153
0.247403 -0.85 -0.15 153 153 153
0.249514 -0.85 -0.0999999 153 153 153
0.25 -0.884524 -0.05 153 153 153
0.25 -0.85 -0.0814383 153 153 153
0.25 -0.896565 0 153 153 153
0.25 -0.884524 0.05 153 153 153
0.25 -0.85 0.0814381 153 153 153
0.249514 -0.85 0.1 153 153 153
0.247403 -0.85 0.15 153 153 153
0.244577 -0.85 0.2 153 153 153
0.241184 -0.85 0.25 153 153 153
0.237448 -0.85 0.3 153 153 153
0.233696 -0.85 0.35 153 153 153
0.230409 -0.85 0.4 153 153 153
0.228296 -0.85 0.45 153 153 153
0.25 -0.896858 0.5 153 153 153
0.228409 -0.85 0.5 153 153 153
0.25 -0.878507 0.55 153 153 153
0.232339 -0.85 0.55 153 153 153
0.25 -0.858983 0.6 153 153 153
0.242562 -0.85 0.6 153 153 153
0.25 -0.85 0.61953 153 153 153
0.3 -0.85 -0.689178 153 153 153
0.3 -0.874314 -0.65 153 153 153
0.265317 -0.85 -0.65 153 153 153
0.250868 -0.85 -0.05 153 153 153
0.251335 -0.85 0 153 153 153
0.250868 -0.85 0.05 153 153 153
0.265317 -0.85 0.65 153 153 153
0.3 -0.874314 0.65 153 153 153
0.3 -0.85 0.689178 153 153 153
0.35 -0.85 -0.712811 153 153 153
0.35 -0.859728 -0.7 153 153 153
0.31806 -0.85 -0.7 153 153 153
0.35 -0.895613 -0.65 153 153 153
0.35 -0.895613 0.65 153 153 153
0.31806 -0.85 0.7 153 153 153
0.35 -0.859728 0.7 153 153 153
0.35 -0.85 0.712811 153 153 153
0.4 -0.85 -0.715815 153 153 153
0.4 -0.863024 -0.7 153 153 153
0.4 -0.863024 0.7 153 153 153
0.4 -0.85 0.715815 153 153 153
0.45 -0.85 -0.704569 153 153 153
0.45 -0.854067 -0.7 153 153 153
0.45 -0.896601 -0.65 153 153 153
0.45 -0.896601 0.65 153 153 153
0.45 -0.854066 0.7 153 153 153
0.45 -0.85 0.704569 153 153 153
0.45951 -0.85 -0.7 153 153 153
0.5 -0.85 -0.678545 153 153 153
0.5 -0.876037 -0.65 153 153 153
0.5 -0.876037 0.65 153 153 153
0.5 -0.85 0.678545 153 153 153
0.45951 -0.85 0.7 153 153 153
0.538059 -0.85 -0.65 153 153 153
0.55 -0.85 -0.640126 153 153 153
0.55 -0.887976 -0.6 153 153 153
0.55 -0.887976 0.6 153 153 153
0.55 -0.85 0.640126 153 153 153
0.538059 -0.85 0.65 153 153 153
0.587598 -0.85 -0.6 153 153 153
0.6 -0.85 -0.585407 153 153 153
0.6 -0.884846 -0.55 153 153 153
0.6 -0.884846 0.55 153 153 153
0.6 -0.85 0.585407 153 153 153
0.587598 -0.85 0.6 153 153 153
0.624771 -0.85 -0.55 153 153 153
0.65 -0.85 -0.510246 153 153 153
0.65 -0.860338 -0.5 153 153 153
0.65 -0.860338 0.5 153 153 153
0.65 -0.85 0.510246 153 153 153
0.624771 -0.85 0.55 153 153 153
0.655579 -0.85 -0.5 153 153 153
0.679331 -0.85 -0.45 153 153 153
0.7 -0.851398 -0.4 153 153 153
0.7 -0.85 -0.401393 153 153 153
0.7 -0.851398 0.4 153 153 153
0.7 -0.85 0.401393 153 153 153
0.679331 -0.85 0.45 153 153 153
0.655579 -0.85 0.5 153 153 153
0.700518 -0.85 -0.4 153 153 153
0.716172 -0.85 -0.35 153 153 153
0.729595 -0.85 -0.3 153 153 153
0.740822 -0.85 -0.25 153 153 153
0.749903 -0.85 -0.2 153 153 153
0.75 -0.887562 -0.15 153 153 153
0.75 -0.85 -0.199294 153 153 153
0.75 -0.887562 0.15 153 153 153
0.75 -0.85 0.199294 153 153 153
0.749903 -0.85 0.2 153 153 153
0.740822 -0.85 0.25 153 153 153
0.729595 -0.85 0.3 153 153 153
0.716172 -0.85 0.35 153 153 153
0.700518 -0.85 0.4 153 153 153
0.755904 -0.85 -0.15 153 153 153
0.760136 -0.85 -0.0999999 153 153 153
0.762655 -0.85 -0.05 153 153 153
0.763491 -0.85 0 153 153 153
0.762655 -0.85 0.05 153 153 153
0.760136 -0.85 0.1 153 153 153
0.755904 -0.85 0.15 153 153 153
-0.75 -0.8 -0.181522 153 153 153
-0.752968 -0.8 -0.15 153 153 153
-0.756222 -0.8 -0.0999999 153 153 153
-0.758138 -0.8 -0.05 153 153 153
-0.75877 -0.8 0 153 153 153
-0.758138 -0.8 0.05 153 153 153
-0.756222 -0.8 0.1 153 153 153
-0.752968 -0.8 0.15 153 153 153
-0.75 -0.8 0.181522 153 153 153
-0.7 -0.8 -0.425027 153 153 153
-0.707848 -0.8 -0.4 153 153 153
-0.720976 -0.8 -0.35 153 153 153
-0.731969 -0.8 -0.3 153 153 153
-0.740947 -0.8 -0.25 153 153 153
-0.748045 -0.8 -0.2 153 153 153
-0.748045 -0.8 0.2 153 153 153
-0.740947 -0.8 0.25 153 153 153
-0.731969 -0.8 0.3 153 153 153
-0.720976 -0.8 0.35 153 153 153
-0.707848 -0.8 0.4 153 153 153
-0.7 -0.8 0.425027 153 153 153
-0.65 -0.8 -0.544485 153 153 153
-0.670694 -0.8 -0.5 153 153 153
-0.69123 -0.8 -0.45 153 153 153
-0.69123 -0.8 0.45 153 153 153
-0.670694 -0.8 0.5 153 153 153
-0.65 -0.8 0.544485 153 153 153
-0.6 -0.8 -0.623814 153 153 153
-0.6 -0.831059 -0.6 153 153 153
-0.616376 -0.8 -0.6 153 153 153
-0.647068 -0.8 -0.55 153 153 153
-0.647068 -0.8 0.55 153 153 153
-0.6 -0.831059 0.6 153 153 153
-0.616376 -0.8 0.6 153 153 153
-0.6 -0.8 0.623814 153 153 153
-0.55 -0.8 -0.682091 153 153 153
-0.55 -0.838392 -0.65 153 153 153
-0.578889 -0.8 -0.65 153 153 153
-0.578889 -0.8 0.65 153 153 153
-0.55 -0.838392 0.65 153 153 153
-0.55 -0.8 0.682091 153 153 153
-0.5 -0.8 -0.724237 153 153 153
-0.5 -0.826908 -0.7 153 153 153
-0.530098 -0.8 -0.7 153 153 153
-0.530098 -0.8 0.7 153 153 153
-0.5 -0.826908 0.7 153 153 153
-0.5 -0.8 0.724237 153 153 153
-0.45 -0.8 -0.754002 153 153 153
-0.45 -0.804216 -0.75 153 153 153
-0.457396 -0.8 -0.75 153 153 153
-0.457396 -0.8 0.75 153 153 153
-0.45 -0.804216 0.75 153 153 153
-0.45 -0.8 0.754002 153 153 153
-0.4 -0.8 -0.769284 153 153 153
-0.4 -0.818609 -0.75 153 153 153
-0.4 -0.818609 0.75 153 153 153
-0.4 -0.8 0.769284 153 153 153
-0.35 -0.8 -0.771584 153 153 153
-0.35 -0.819013 -0.75 153 153 153
-0.35 -0.819012 0.75 153 153 153
-0.35 -0.8 0.771584 153 153 153
-0.3 -0.8 -0.757182 153 153 153
-0.3 -0.805791 -0.75 153 153 153
-0.3 -0.842627 -0.7 153 153 153
-0.3 -0.842627 0.7 153 153 153
-0.3 -0.805791 0.75 153 153 153
-0.3 -0.8 0.757182 153 153 153
-0.288641 -0.8 -0.75 153 153 153
-0.25 -0.8 -0.710732 153 153 153
-0.25 -0.806863 -0.7 153 153 153
-0.25 -0.834493 -0.65 153 153 153
-0.25 -0.8 -0.175051 153 153 153
-0.251946 -0.8 -0.15 153 153 153
-0.25 -0.821248 -0.15 153 153 153
-0.25481 -0.8 -0.0999999 153 153 153
-0.25 -0.845357 -0.0999999 153 153 153
-0.256549 -0.8 -0.05 153 153 153
-0.257132 -0.8 0 153 153 153
-0.256549 -0.8 0.05 153 153 153
-0.25481 -0.8 0.1 153 153 153
-0.25 -0.845357 0.1 153 153 153
-0.251946 -0.8 0.15 153 153 153
-0.25 -0.821248 0.15 153 153 153
-0.25 -0.8 0.175051 153 153 153
-0.25 -0.834493 0.65 153 153 153
-0.25 -0.806863 0.7 153 153 153
-0.25 -0.8 0.710732 153 153 153
-0.288642 -0.8 0.75 153 153 153
-0.242943 -0.8 -0.7 153 153 153
-0.224187 -0.8 -0.65 153 153 153
-0.216239 -0.8 -0.6 153 153 153
-0.214757 -0.8 -0.55 153 153 153
-0.217092 -0.8 -0.5 153 153 153
-0.221563 -0.8 -0.45 153 153 153
-0.227077 -0.8 -0.4 153 153 153
-0.23291 -0.8 -0.35 153 153 153
-0.238575 -0.8 -0.3 153 153 153
-0.243743 -0.8 -0.25 153 153 153
-0.248192 -0.8 -0.2 153 153 153
-0.248192 -0.8 0.2 153 153 153
-0.243743 -0.8 0.25 153 153 153
-0.238575 -0.8 0.3 153 153 153
-0.23291 -0.8 0.35 153 153 153
-0.227077 -0.8 0.4 153 153 153
-0.221563 -0.8 0.45 153 153 153
-0.217092 -0.8 0.5 153 153 153
-0.214757 -0.8 0.55 153 153 153
-0.216239 -0.8 0.6 153 153 153
-0.224187 -0.8 0.65 153 153 153
-0.242943 -0.8 0.7 153 153 153
0.25 -0.8 -0.710732 153 153 153
0.25 -0.806863 -0.7 153 153 153
0.242943 -0.8 -0.7 153 153 153
0.25 -0.834493 -0.65 153 153 153
0.224187 -0.8 -0.65 153 153 153
0.216239 -0.8 -0.6 153 153 153
0.214758 -0.8 -0.55 153 153 153
0.217092 -0.8 -0.5 153 153 153
0.221563 -0.8 -0.45 153 153 153
0.227077 -0.8 -0.4 153 153 153
0.23291 -0.8 -0.35 153 153 153
0.238575 -0.8 -0.3 153 153 153
0.243743 -0.8 -0.25 153 153 153
0.248192 -0.8 -0.2 153 153 153
0.25 -0.821247 -0.15 153 153 153
0.25 -0.8 -0.175049 153 153 153
0.25 -0.845356 -0.0999999 153 153 153
0.25 -0.845356 0.1 153 153 153
0.25 -0.821247 0.15 153 153 153
0.25 -0.8 0.175049 153 153 153
0.248192 -0.8 0.2 153 153 153
0.243743 -0.8 0.25 153 153 153
0.238575 -0.8 0.3 153 153 153
0.23291 -0.8 0.35 153 153 153
0.227077 -0.8 0.4 153 153 153
0.221563 -0.8 0.45 153 153 153
0.217092 -0.8 0.5 153 153 153
0.214758 -0.8 0.55 153 153 153
0.216239 -0.8 0.6 153 153 153
0.25 -0.834493 0.65 153 153 153
0.224187 -0.8 0.65 153 153 153
0.25 -0.806863 0.7 153 153 153
0.242943 -0.8 0.7 153 153 153
0.25 -0.8 0.710732 153 153 153
0.3 -0.8 -0.757182 153 153 153
0.3 -0.805791 -0.75 153 153 153
0.288642 -0.8 -0.75 153 153 153
0.3 -0.842627 -0.7 153 153 153
0.251946 -0.8 -0.15 153 153 153
0.25481 -0.8 -0.0999999 153 153 153
0.256549 -0.8 -0.05 153 153 153
0.257131 -0.8 0 153 153 153
0.256549 -0.8 0.05 153 153 153
0.25481 -0.8 0.1 153 153 153
0.251945 -0.8 0.15 153 153 153
0.3 -0.842627 0.7 153 153 153
0.288642 -0.8 0.75 153 153 153
0.3 -0.805791 0.75 153 153 153
0.3 -0.8 0.757182 153 153 153
0.35 -0.8 -0.771584 153 153 153
0.35 -0.819013 -0.75 153 153 153
0.35 -0.819012 0.75 153 153 153
0.35 -0.8 0.771584 153 153 153
0.4 -0.8 -0.769284 153 153 153
0.4 -0.818609 -0.75 153 153 153
0.4 -0.818609 0.75 153 153 153
0.4 -0.8 0.769284 153 153 153
0.45 -0.8 -0.754002 153 153 153
0.45 -0.804216 -0.75 153 153 153
0.45 -0.804216 0.75 153 153 153
0.45 -0.8 0.754002 153 153 153
0.457396 -0.8 -0.75 153 153 153
0.5 -0.8 -0.724237 153 153 153
0.5 -0.826908 -0.7 153 153 153
0.5 -0.826908 0.7 153 153 153
0.5 -0.8 0.724236 153 153 153
0.457396 -0.8 0.75 153 153 153
0.530098 -0.8 -0.7 153 153 153
0.55 -0.8 -0.682091 153 153 153
0.55 -0.838392 -0.65 153 153 153
0.55 -0.838392 0.65 153 153 153
0.55 -0.8 0.682091 153 153 153
0.530098 -0.8 0.7 153 153 153
0.578889 -0.8 -0.65 153 153 153
0.6 -0.8 -0.623814 153 153 153
0.6 -0.831059 -0.6 153 153 153
0.6 -0.831059 0.6 153 153 153
0.6 -0.8 0.623814 153 153 153
0.578889 -0.8 0.65 153 153 153
0.616377 -0.8 -0.6 153 153 153
0.647068 -0.8 -0.55 153 153 153
0.65 -0.8 -0.544485 153 153 153
0.65 -0.8 0.544485 153 153 153
0.647068 -0.8 0.55 153 153 153
0.616377 -0.8 0.6 153 153 153
0.670694 -0.8 -0.5 153 153 153
0.69123 -0.8 -0.45 153 153 153
0.7 -0.8 -0.425027 153 153 153
0.7 -0.8 0.425027 153 153 153
0.69123 -0.8 0.45 153 153 153
0.670694 -0.8 0.5 153 153 153
0.707848 -0.8 -0.4 153 153 153
0.720976 -0.8 -0.35 153 153 153
0.731969 -0.8 -0.3 153 153 153
0.740947 -0.8 -0.25 153 153 153
0.748045 -0.8 -0.2 153 153 153
0.75 -0.8 -0.181521 153 153 153
0.75 -0.8 0.181521 153 153 153
0.748045 -0.8 0.2 153 153 153
0.740947 -0.8 0.25 153 153 153
0.731969 -0.8 0.3 153 153 153
0.720976 -0.8 0.35 153 153 153
0.707848 -0.8 0.4 153 153 153
0.752968 -0.8 -0.15 153 153 153
0.756222 -0.8 -0.0999999 153 153 153
0.758138 -0.8 -0.05 153 153 153
0.75877 -0.8 0 153 153 153
0.758138 -0.8 0.05 153 153 153
0.756222 -0.8 0.1 153 153 153
0.752968 -0.8 0.15 153 153 153
-0.75 -0.789513 -0.15 153 153 153
-0.75 -0.780196 -0.0999999 153 153 153
-0.75 -0.775584 -0.05 153 153 153
-0.75 -0.774186 0 153 153 153
-0.75 -0.775584 0.05 153 153 153
-0.75 -0.780196 0.1 153 153 153
-0.75 -0.789512 0.15 153 153 153
-0.7 -0.75 -0.416638 153 153 153
-0.704143 -0.75 -0.4 153 153 153
-0.714023 -0.75 -0.35 153 153 153
-0.721889 -0.75 -0.3 153 153 153
-0.727973 -0.75 -0.25 153 153 153
-0.732516 -0.75 -0.2 153 153 153
-0.735755 -0.75 -0.15 153 153 153
-0.7379 -0.75 -0.0999999 153 153 153
-0.739116 -0.75 -0.05 153 153 153
-0.73951 -0.75 0 153 153 153
-0.739116 -0.75 0.05 153 153 153
-0.7379 -0.75 0.1 153 153 153
-0.735755 -0.75 0.15 153 153 153
-0.732516 -0.75 0.2 153 153 153
-0.727973 -0.75 0.25 153 153 153
-0.721889 -0.75 0.3 153 153 153
-0.714023 -0.75 0.35 153 153 153
-0.704143 -0.75 0.4 153 153 153
-0.7 -0.75 0.416638 153 153 153
-0.65 -0.75 -0.561233 153 153 153
-0.65 -0.783274 -0.55 153 153 153
-0.655191 -0.75 -0.55 153 153 153
-0.674468 -0.75 -0.5 153 153 153
-0.690941 -0.75 -0.45 153 153 153
-0.690941 -0.75 0.45 153 153 153
-0.674468 -0.75 0.5 153 153 153
-0.65 -0.783274 0.55 153 153 153
-0.655191 -0.75 0.55 153 153 153
-0.65 -0.75 0.561234 153 153 153
-0.6 -0.75 -0.651811 153 153 153
-0.6 -0.753266 -0.65 153 153 153
-0.601235 -0.75 -0.65 153 153 153
-0.630221 -0.75 -0.6 153 153 153
-0.630221 -0.75 0.6 153 153 153
-0.6 -0.753265 0.65 153 153 153
-0.601235 -0.75 0.65 153 153 153
-0.6 -0.75 0.651811 153 153 153
-0.55 -0.75 -0.714747 153 153 153
-0.55 -0.772892 -0.7 153 153 153
-0.562878 -0.75 -0.7 153 153 153
-0.562878 -0.75 0.7 153 153 153
-0.55 -0.772892 0.7 153 153 153
-0.55 -0.75 0.714747 153 153 153
-0.5 -0.75 -0.761658 153 153 153
-0.5 -0.766014 -0.75 153 153 153
-0.513642 -0.75 -0.75 153 153 153
-0.513642 -0.75 0.75 153 153 153
-0.5 -0.766014 0.75 153 153 153
-0.5 -0.75 0.761658 153 153 153
-0.45 -0.75 -0.795218 153 153 153
-0.45 -0.75 0.795218 153 153 153
-0.4 -0.75 -0.814938 153 153 153
-0.4 -0.767053 -0.8 153 153 153
-0.439007 -0.75 -0.8 153 153 153
-0.439007 -0.75 0.8 153 153 153
-0.4 -0.767053 0.8 153 153 153
-0.4 -0.75 0.814938 153 153 153
-0.35 -0.75 -0.822099 153 153 153
-0.35 -0.772753 -0.8 153 153 153
-0.35 -0.772753 0.8 153 153 153
-0.35 -0.75 0.822099 153 153 153
-0.3 -0.75 -0.814089 153 153 153
-0.3 -0.763147 -0.8 153 153 153
-0.3 -0.763146 0.8 153 153 153
-0.3 -0.75 0.814089 153 153 153
-0.272465 -0.75 -0.8 153 153 153
-0.25 -0.75 -0.781617 153 153 153
-0.25 -0.773365 -0.75 153 153 153
-0.25 -0.75 -0.243723 153 153 153
-0.255147 -0.75 -0.2 153 153 153
-0.25 -0.786381 -0.2 153 153 153
-0.259809 -0.75 -0.15 153 153 153
-0.263169 -0.75 -0.0999999 153 153 153
-0.265196 -0.75 -0.05 153 153 153
-0.265873 -0.75 0 153 153 153
-0.265196 -0.75 0.05 153 153 153
-0.263169 -0.75 0.1 153 153 153
-0.259809 -0.75 0.15 153 153 153
-0.255147 -0.75 0.2 153 153 153
-0.25 -0.786381 0.2 153 153 153
-0.25 -0.75 0.243723 153 153 153
-0.25 -0.773365 0.75 153 153 153
-0.25 -0.75 0.781617 153 153 153
-0.272465 -0.75 0.8 153 153 153
-0.226608 -0.75 -0.75 153 153 153
-0.20805 -0.75 -0.7 153 153 153
-0.201476 -0.75 -0.65 153 153 153
-0.201905 -0.75 -0.6 153 153 153
-0.206366 -0.75 -0.55 153 153 153
-0.213012 -0.75 -0.5 153 153 153
-0.220663 -0.75 -0.45 153 153 153
-0.228549 -0.75 -0.4 153 153 153
-0.236162 -0.75 -0.35 153 153 153
-0.243164 -0.75 -0.3 153 153 153
-0.249333 -0.75 -0.25 153 153 153
-0.249333 -0.75 0.25 153 153 153
-0.243164 -0.75 0.3 153 153 153
-0.236162 -0.75 0.35 153 153 153
-0.228549 -0.75 0.4 153 153 153
-0.220663 -0.75 0.45 153 153 153
-0.213012 -0.75 0.5 153 153 153
-0.206366 -0.75 0.55 153 153 153
-0.201905 -0.75 0.6 153 153 153
-0.201476 -0.75 0.65 153 153 153
-0.20805 -0.75 0.7 153 153 153
-0.226608 -0.75 0.75 153 153 153
0.25 -0.75 -0.781617 153 153 153
0.25 -0.773365 -0.75 153 153 153
0.226608 -0.75 -0.75 153 153 153
0.20805 -0.75 -0.7 153 153 153
0.201476 -0.75 -0.65 153 153 153
0.201905 -0.75 -0.6 153 153 153
0.206366 -0.75 -0.55 153 153 153
0.213012 -0.75 -0.5 153 153 153
0.220663 -0.75 -0.45 153 153 153
0.228549 -0.75 -0.4 153 153 153
0.236162 -0.75 -0.35 153 153 153
0.243164 -0.75 -0.3 153 153 153
0.249332 -0.75 -0.25 153 153 153
0.25 -0.78638 -0.2 153 153 153
0.25 -0.75 -0.243722 153 153 153
0.25 -0.78638 0.2 153 153 153
0.25 -0.75 0.243722 153 153 153
0.249332 -0.75 0.25 153 153 153
0.243164 -0.75 0.3 153 153 153
0.236162 -0.75 0.35 153 153 153
0.228549 -0.75 0.4 153 153 153
0.220663 -0.75 0.45 153 153 153
0.213012 -0.75 0.5 153 153 153
0.206365 -0.75 0.55 153 153 153
0.201905 -0.75 0.6 153 153 153
0.201476 -0.75 0.65 153 153 153
0.20805 -0.75 0.7 153 153 153
0.25 -0.773365 0.75 153 153 153
0.226608 -0.75 0.75 153 153 153
0.25 -0.75 0.781617 153 153 153
0.3 -0.75 -0.814089 153 153 153
0.3 -0.763147 -0.8 153 153 153
0.272465 -0.75 -0.8 153 153 153
0.255147 -0.75 -0.2 153 153 153
0.259808 -0.75 -0.15 153 153 153
0.263168 -0.75 -0.0999999 153 153 153
0.265196 -0.75 -0.05 153 153 153
0.265873 -0.75 0 153 153 153
0.265196 -0.75 0.05 153 153 153
0.263169 -0.75 0.1 153 153 153
0.259808 -0.75 0.15 153 153 153
0.255147 -0.75 0.2 153 153 153
0.272465 -0.75 0.8 153 153 153
0.3 -0.763146 0.8 153 153 153
0.3 -0.75 0.814089 153 153 153
0.35 -0.75 -0.822099 153 153 153
0.35 -0.772753 -0.8 153 153 153
0.35 -0.772753 0.8 153 153 153
0.35 -0.75 0.822099 153 153 153
0.4 -0.75 -0.814938 153 153 153
0.4 -0.767053 -0.8 153 153 153
0.4 -0.767053 0.8 153 153 153
0.4 -0.75 0.814938 153 153 153
0.439007 -0.75 -0.8 153 153 153
0.45 -0.75 -0.795218 153 153 153
0.45 -0.75 0.795218 153 153 153
0.439007 -0.75 0.8 153 153 153
0.5 -0.766014 -0.75 153 153 153
0.5 -0.75 -0.761658 153 153 153
0.5 -0.766014 0.75 153 153 153
0.5 -0.75 0.761658 153 153 153
0.513642 -0.75 -0.75 153 153 153
0.55 -0.75 -0.714747 153 153 153
0.55 -0.772892 -0.7 153 153 153
0.55 -0.772892 0.7 153 153 153
0.55 -0.75 0.714747 153 153 153
0.513642 -0.75 0.75 153 153 153
0.562878 -0.75 -0.7 153 153 153
0.6 -0.75 -0.651811 153 153 153
0.6 -0.753266 -0.65 153 153 153
0.6 -0.753265 0.65 153 153 153
0.6 -0.75 0.651811 153 153 153
0.562877 -0.75 0.7 153 153 153
0.601234 -0.75 -0.65 153 153 153
0.630221 -0.75 -0.6 153 153 153
0.65 -0.783274 -0.55 153 153 153
0.65 -0.75 -0.561233 153 153 153
0.65 -0.783274 0.55 153 153 153
0.65 -0.75 0.561233 153 153 153
0.63022 -0.75 0.6 153 153 153
0.601235 -0.75 0.65 153 153 153
0.655191 -0.75 -0.55 153 153 153
0.674468 -0.75 -0.5 153 153 153
0.690941 -0.75 -0.45 153 153 153
0.7 -0.75 -0.416638 153 153 153
0.7 -0.75 0.416638 153 153 153
0.690941 -0.75 0.45 153 153 153
0.674468 -0.75 0.5 153 153 153
0.655191 -0.75 0.55 153 153 153
0.704143 -0.75 -0.4 153 153 153
0.714022 -0.75 -0.35 153 153 153
0.721889 -0.75 -0.3 153 153 153
0.727973 -0.75 -0.25 153 153 153
0.732516 -0.75 -0.2 153 153 153
0.735755 -0.75 -0.15 153 153 153
0.75 -0.789513 -0.15 153 153 153
0.7379 -0.75 -0.0999999 153 153 153
0.75 -0.780196 -0.0999999 153 153 153
0.739116 -0.75 -0.05 153 153 153
0.75 -0.775585 -0.05 153 153 153
0.73951 -0.75 0 153 153 153
0.75 -0.774186 0 153 153 153
0.739116 -0.75 0.05 153 153 153
0.75 -0.775585 0.05 153 153 153
0.7379 -0.75 0.1 153 153 153
0.75 -0.780196 0.1 153 153 153
0.735755 -0.75 0.15 153 153 153
0.75 -0.789513 0.15 153 153 153
0.732516 -0.75 0.2 153 153 153
0.727973 -0.75 0.25 153 153 153
0.721889 -0.75 0.3 153 153 153
0.714023 -0.75 0.35 153 153 153
0.704143 -0.75 0.4 153 153 153
-0.7 -0.736379 -0.4 153 153 153
-0.7 -0.715279 -0.35 153 153 153
-0.7 -0.705991 -0.3 153 153 153
-0.7 -0.701944 -0.25 153 153 153
-0.7 -0.700392 -0.2 153 153 153
-0.7 -0.700006 -0.15 153 153 153
-0.7 -0.700087 -0.0999999 153 153 153
-0.7 -0.700261 -0.05 153 153 153
-0.7 -0.700338 0 153 153 153
-0.7 -0.700261 0.05 153 153 153
-0.7 -0.700087 0.1 153 153 153
-0.7 -0.700006 0.15 153 153 153
-0.7 -0.700392 0.2 153 153 153
-0.7 -0.701944 0.25 153 153 153
-0.7 -0.705991 0.3 153 153 153
-0.7 -0.715279 0.35 153 153 153
-0.7 -0.736379 0.4 153 153 153
-0.65 -0.7 -0.554248 153 153 153
-0.651585 -0.7 -0.55 153 153 153
-0.666074 -0.7 -0.5 153 153 153
-0.677513 -0.7 -0.45 153 153 153
-0.686131 -0.7 -0.4 153 153 153
-0.692247 -0.7 -0.35 153 153 153
-0.696248 -0.7 -0.3 153 153 153
-0.698572 -0.7 -0.25 153 153 153
-0.699676 -0.7 -0.2 153 153 153
-0.699995 -0.7 -0.15 153 153 153
-0.699916 -0.7 -0.0999999 153 153 153
-0.69974 -0.7 -0.05 153 153 153
-0.69966 -0.7 0 153 153 153
-0.699741 -0.7 0.05 153 153 153
-0.699916 -0.7 0.1 153 153 153
-0.699995 -0.7 0.15 153 153 153
-0.699676 -0.7 0.2 153 153 153
-0.698572 -0.7 0.25 153 153 153
-0.696248 -0.7 0.3 153 153 153
-0.692246 -0.7 0.35 153 153 153
-0.686131 -0.7 0.4 153 153 153
-0.677513 -0.7 0.45 153 153 153
-0.666074 -0.7 0.5 153 153 153
-0.651585 -0.7 0.55 153 153 153
-0.65 -0.7 0.554248 153 153 153
-0.6 -0.7 -0.663969 153 153 153
-0.60801 -0.7 -0.65 153 153 153
-0.631743 -0.7 -0.6 153 153 153
-0.631743 -0.7 0.6 153 153 153
-0.60801 -0.7 0.65 153 153 153
-0.6 -0.7 0.66397 153 153 153
-0.55 -0.7 -0.737419 153 153 153
-0.57734 -0.7 -0.7 153 153 153
-0.57734 -0.7 0.7 153 153 153
-0.55 -0.7 0.737418 153 153 153
-0.5 -0.7 -0.790502 153 153 153
-0.539459 -0.7 -0.75 153 153 153
-0.539459 -0.7 0.75 153 153 153
-0.5 -0.7 0.790502 153 153 153
-0.45 -0.7 -0.827948 153 153 153
-0.45 -0.743056 -0.8 153 153 153
-0.488666 -0.7 -0.8 153 153 153
-0.488665 -0.7 0.8 153 153 153
-0.45 -0.743056 0.8 153 153 153
-0.45 -0.7 0.827948 153 153 153
-0.4 -0.7 -0.854029 153 153 153
-0.4 -0.705511 -0.85 153 153 153
-0.408707 -0.7 -0.85 153 153 153
-0.408707 -0.7 0.85 153 153 153
-0.4 -0.705511 0.85 153 153 153
-0.4 -0.7 0.854029 153 153 153
-0.35 -0.7 -0.865516 153 153 153
-0.35 -0.71887 -0.85 153 153 153
-0.35 -0.71887 0.85 153 153 153
-0.35 -0.7 0.865516 153 153 153
-0.3 -0.7 -0.863421 153 153 153
-0.3 -0.714604 -0.85 153 153 153
-0.3 -0.714604 0.85 153 153 153
-0.3 -0.7 0.863421 153 153 153
-0.264172 -0.7 -0.85 153 153 153
-0.25 -0.7 -0.841657 153 153 153
-0.25 -0.735898 -0.8 153 153 153
-0.25 -0.7 -0.298256 153 153 153
-0.257985 -0.7 -0.25 153 153 153
-0.25 -0.745657 -0.25 153 153 153
-0.264821 -0.7 -0.2 153 153 153
-0.270165 -0.7 -0.15 153 153 153
-0.273993 -0.7 -0.0999999 153 153 153
-0.276293 -0.7 -0.05 153 153 153
-0.27706 -0.7 0 153 153 153
-0.276293 -0.7 0.05 153 153 153
-0.273993 -0.7 0.1 153 153 153
-0.270165 -0.7 0.15 153 153 153
-0.264821 -0.7 0.2 153 153 153
-0.257985 -0.7 0.25 153 153 153
-0.25 -0.745657 0.25 153 153 153
-0.25 -0.7 0.298256 153 153 153
-0.25 -0.735898 0.8 153 153 153
-0.25 -0.7 0.841657 153 153 153
-0.264172 -0.7 0.85 153 153 153
-0.213189 -0.7 -0.8 153 153 153
-0.2 -0.7 -0.7693 153 153 153
-0.2 -0.711333 -0.75 153 153 153
-0.2 -0.732135 -0.7 153 153 153
-0.2 -0.744699 -0.65 153 153 153
-0.2 -0.737347 -0.6 153 153 153
-0.2 -0.7 -0.570854 153 153 153
-0.203454 -0.7 -0.55 153 153 153
-0.213221 -0.7 -0.5 153 153 153
-0.223195 -0.7 -0.45 153 153 153
-0.232826 -0.7 -0.4 153 153 153
-0.241756 -0.7 -0.35 153 153 153
-0.249751 -0.7 -0.3 153 153 153
-0.249751 -0.7 0.3 153 153 153
-0.241756 -0.7 0.35 153 153 153
-0.232826 -0.7 0.4 153 153 153
-0.223195 -0.7 0.45 153 153 153
-0.213221 -0.7 0.5 153 153 153
-0.203454 -0.7 0.55 153 153 153
-0.2 -0.737347 0.6 153 153 153
-0.2 -0.7 0.570854 153 153 153
-0.2 -0.744699 0.65 153 153 153
-0.2 -0.732135 0.7 153 153 153
-0.2 -0.711333 0.75 153 153 153
-0.2 -0.7 0.7693 153 153 153
-0.213189 -0.7 0.8 153 153 153
-0.193602 -0.7 -0.75 153 153 153
-0.187803 -0.7 -0.7 153 153 153
-0.189304 -0.7 -0.65 153 153 153
-0.195095 -0.7 -0.6 153 153 153
-0.195095 -0.7 0.6 153 153 153
-0.189305 -0.7 0.65 153 153 153
-0.187803 -0.7 0.7 153 153 153
-0.193602 -0.7 0.75 153 153 153
0.2 -0.7 -0.7693 153 153 153
0.2 -0.711333 -0.75 153 153 153
0.193602 -0.7 -0.75 153 153 153
0.2 -0.732135 -0.7 153 153 153
0.187803 -0.7 -0.7 153 153 153
0.2 -0.744699 -0.65 153 153 153
0.189304 -0.7 -0.65 153 153 153
0.2 -0.737347 -0.6 153 153 153
0.195095 -0.7 -0.6 153 153 153
0.2 -0.7 -0.570854 153 153 153
0.2 -0.7 0.570853 153 153 153
0.2 -0.737347 0.6 153 153 153
0.195095 -0.7 0.6 153 153 153
0.2 -0.744699 0.65 153 153 153
0.189304 -0.7 0.65 153 153 153
0.2 -0.732135 0.7 153 153 153
0.187803 -0.7 0.7 153 153 153
0.2 -0.711333 0.75 153 153 153
0.193602 -0.7 0.75 153 153 153
0.2 -0.7 0.7693 153 153 153
0.25 -0.7 -0.841657 153 153 153
0.25 -0.735898 -0.8 153 153 153
0.21319 -0.7 -0.8 153 153 153
0.203454 -0.7 -0.55 153 153 153
0.213221 -0.7 -0.5 153 153 153
0.223195 -0.7 -0.45 153 153 153
0.232826 -0.7 -0.4 153 153 153
0.241756 -0.7 -0.35 153 153 153
0.249751 -0.7 -0.3 153 153 153
0.25 -0.745657 -0.25 153 153 153
0.25 -0.7 -0.298255 153 153 153
0.25 -0.745657 0.25 153 153 153
0.25 -0.7 0.298255 153 153 153
0.249751 -0.7 0.3 153 153 153
0.241756 -0.7 0.35 153 153 153
0.232826 -0.7 0.4 153 153 153
0.223195 -0.7 0.45 153 153 153
0.213221 -0.7 0.5 153 153 153
0.203455 -0.7 0.55 153 153 153
0.21319 -0.7 0.8 153 153 153
0.25 -0.735898 0.8 153 153 153
0.25 -0.7 0.841657 153 153 153
0.3 -0.7 -0.863421 153 153 153
0.3 -0.714604 -0.85 153 153 153
0.264172 -0.7 -0.85 153 153 153
0.257985 -0.7 -0.25 153 153 153
0.264822 -0.7 -0.2 153 153 153
0.270165 -0.7 -0.15 153 153 153
0.273993 -0.7 -0.0999999 153 153 153
0.276293 -0.7 -0.05 153 153 153
0.27706 -0.7 0 153 153 153
0.276293 -0.7 0.05 153 153 153
0.273993 -0.7 0.1 153 153 153
0.270165 -0.7 0.15 153 153 153
0.264822 -0.7 0.2 153 153 153
0.257985 -0.7 0.25 153 153 153
0.264172 -0.7 0.85 153 153 153
0.3 -0.714604 0.85 153 153 153
0.3 -0.7 0.863421 153 153 153
0.35 -0.7 -0.865516 153 153 153
0.35 -0.71887 -0.85 153 153 153
0.35 -0.71887 0.85 153 153 153
0.35 -0.7 0.865517 153 153 153
0.4 -0.7 -0.854029 153 153 153
0.4 -0.705511 -0.85 153 153 153
0.4 -0.705511 0.85 153 153 153
0.4 -0.7 0.854029 153 153 153
0.408707 -0.7 -0.85 153 153 153
0.45 -0.7 -0.827948 153 153 153
0.45 -0.743056 -0.8 153 153 153
0.45 -0.743056 0.8 153 153 153
0.45 -0.7 0.827948 153 153 153
0.408707 -0.7 0.85 153 153 153
0.488665 -0.7 -0.8 153 153 153
0.5 -0.7 -0.790502 153 153 153
0.5 -0.7 0.790502 153 153 153
0.488665 -0.7 0.8 153 153 153
0.539459 -0.7 -0.75 153 153 153
0.55 -0.7 -0.737418 153 153 153
0.55 -0.7 0.737418 153 153 153
0.539458 -0.7 0.75 153 153 153
0.57734 -0.7 -0.7 153 153 153
0.6 -0.7 -0.663969 153 153 153
0.6 -0.7 0.66397 153 153 153
0.57734 -0.7 0.7 153 153 153
0.60801 -0.7 -0.65 153 153 153
0.631743 -0.7 -0.6 153 153 153
0.65 -0.7 -0.554247 153 153 153
0.65 -0.7 0.554247 153 153 153
0.631743 -0.7 0.6 153 153 153
0.60801 -0.7 0.65 153 153 153
0.651585 -0.7 -0.55 153 153 153
0.666075 -0.7 -0.5 153 153 153
0.677512 -0.7 -0.45 153 153 153
0.686131 -0.7 -0.4 153 153 153
0.7 -0.736379 -0.4 153 153 153
0.692246 -0.7 -0.35 153 153 153
0.7 -0.715279 -0.35 153 153 153
0.696248 -0.7 -0.3 153 153 153
0.7 -0.705991 -0.3 153 153 153
0.698573 -0.7 -0.25 153 153 153
0.7 -0.701944 -0.25 153 153 153
0.699675 -0.7 -0.2 153 153 153
0.7 -0.700392 -0.2 153 153 153
0.699995 -0.7 -0.15 153 153 153
0.7 -0.700006 -0.15 153 153 153
0.699916 -0.7 -0.0999999 153 153 153
0.7 -0.700087 -0.0999999 153 153 153
0.69974 -0.7 -0.05 153 153 153
0.7 -0.700261 -0.05 153 153 153
0.69966 -0.7 0 153 153 153
0.7 -0.700338 0 153 153 153
0.69974 -0.7 0.05 153 153 153
0.7 -0.700261 0.05 153 153 153
0.699916 -0.7 0.1 153 153 153
0.7 -0.700087 0.1 153 153 153
0.699995 -0.7 0.15 153 153 153
0.7 -0.700006 0.15 153 153 153
0.699675 -0.7 0.2 153 153 153
0.7 -0.700392 0.2 153 153 153
0.698573 -0.7 0.25 153 153 153
0.7 -0.701944 0.25 153 153 153
0.696248 -0.7 0.3 153 153 153
0.7 -0.705991 0.3 153 153 153
0.692246 -0.7 0.35 153 153 153
0.7 -0.715279 0.35 153 153 153
0.686131 -0.7 0.4 153 153 153
0.7 -0.73638 0.4 153 153 153
0.677513 -0.7 0.45 153 153 153
0.666074 -0.7 0.5 153 153 153
0.651585 -0.7 0.55 153 153 153
-0.65 -0.694638 -0.55 153 153 153
-0.65 -0.663237 -0.5 153 153 153
-0.65 -0.652623 -0.45 153 153 153
-0.65 -0.650024 -0.4 153 153 153
-0.65 -0.650906 -0.35 153 153 153
-0.65 -0.653269 -0.3 153 153 153
-0.65 -0.65611 -0.25 153 153 153
-0.65 -0.65888 -0.2 153 153 153
-0.65 -0.661261 -0.15 153 153 153
-0.65 -0.663067 -0.0999999 153 153 153
-0.65 -0.664188 -0.05 153 153 153
-0.65 -0.664568 0 153 153 153
-0.65 -0.664188 0.05 153 153 153
-0.65 -0.663067 0.1 153 153 153
-0.65 -0.661261 0.15 153 153 153
-0.65 -0.65888 0.2 153 153 153
-0.65 -0.65611 0.25 153 153 153
-0.65 -0.653269 0.3 153 153 153
-0.65 -0.650906 0.35 153 153 153
-0.65 -0.650024 0.4 153 153 153
-0.65 -0.652623 0.45 153 153 153
-0.65 -0.663237 0.5 153 153 153
-0.65 -0.694638 0.55 153 153 153
-0.6 -0.65 -0.656644 153 153 153
-0.603074 -0.65 -0.65 153 153 153
-0.620589 -0.65 -0.6 153 153 153
-0.633812 -0.65 -0.55 153 153 153
-0.642891 -0.65 -0.5 153 153 153
-0.648127 -0.65 -0.45 153 153 153
-0.649978 -0.65 -0.4 153 153 153
-0.649041 -0.65 -0.35 153 153 153
-0.646022 -0.65 -0.3 153 153 153
-0.641691 -0.65 -0.25 153 153 153
-0.636827 -0.65 -0.2 153 153 153
-0.632165 -0.65 -0.15 153 153 153
-0.628339 -0.65 -0.0999999 153 153 153
-0.625839 -0.65 -0.05 153 153 153
-0.62497 -0.65 0 153 153 153
-0.625839 -0.65 0.05 153 153 153
-0.628339 -0.65 0.1 153 153 153
-0.632165 -0.65 0.15 153 153 153
-0.636827 -0.65 0.2 153 153 153
-0.64169 -0.65 0.25 153 153 153
-0.646022 -0.65 0.3 153 153 153
-0.649041 -0.65 0.35 153 153 153
-0.649978 -0.65 0.4 153 153 153
-0.648127 -0.65 0.45 153 153 153
-0.642891 -0.65 0.5 153 153 153
-0.633812 -0.65 0.55 153 153 153
-0.620589 -0.65 0.6 153 153 153
-0.603074 -0.65 0.65 153 153 153
-0.6 -0.65 0.656644 153 153 153
-0.55 -0.65 -0.748968 153 153 153
-0.578842 -0.65 -0.7 153 153 153
-0.578842 -0.65 0.7 153 153 153
-0.55 -0.65 0.748969 153 153 153
-0.5 -0.65 -0.809971 153 153 153
-0.5 -0.676296 -0.8 153 153 153
-0.50944 -0.65 -0.8 153 153 153
-0.549331 -0.65 -0.75 153 153 153
-0.549331 -0.65 0.75 153 153 153
-0.5 -0.676296 0.8 153 153 153
-0.50944 -0.65 0.8 153 153 153
-0.5 -0.65 0.809971 153 153 153
-0.45 -0.65 -0.854828 153 153 153
-0.45 -0.659527 -0.85 153 153 153
-0.456228 -0.65 -0.85 153 153 153
-0.456228 -0.65 0.85 153 153 153
-0.45 -0.659527 0.85 153 153 153
-0.45 -0.65 0.854828 153 153 153
-0.4 -0.65 -0.884612 153 153 153
-0.4 -0.65 0.884612 153 153 153
-0.35 -0.65 -0.903102 153 153 153
-0.35 -0.654519 -0.9 153 153 153
-0.359574 -0.65 -0.9 153 153 153
-0.359574 -0.65 0.9 153 153 153
-0.35 -0.654519 0.9 153 153 153
-0.35 -0.65 0.903102 153 153 153
-0.3 -0.65 -0.906366 153 153 153
-0.3 -0.658163 -0.9 153 153 153
-0.3 -0.658163 0.9 153 153 153
-0.3 -0.65 0.906366 153 153 153
-0.272502 -0.65 -0.9 153 153 153
-0.25 -0.65 -0.892031 153 153 153
-0.25 -0.69265 -0.85 153 153 153
-0.25 -0.65 -0.343475 153 153 153
-0.259814 -0.65 -0.3 153 153 153
-0.25 -0.698469 -0.3 153 153 153
-0.269442 -0.65 -0.25 153 153 153
-0.277319 -0.65 -0.2 153 153 153
-0.283439 -0.65 -0.15 153 153 153
-0.287804 -0.65 -0.0999999 153 153 153
-0.29042 -0.65 -0.05 153 153 153
-0.291291 -0.65 0 153 153 153
-0.29042 -0.65 0.05 153 153 153
-0.287804 -0.65 0.1 153 153 153
-0.283439 -0.65 0.15 153 153 153
-0.277319 -0.65 0.2 153 153 153
-0.269442 -0.65 0.25 153 153 153
-0.259814 -0.65 0.3 153 153 153
-0.25 -0.698469 0.3 153 153 153
-0.25 -0.65 0.343475 153 153 153
-0.25 -0.69265 0.85 153 153 153
-0.25 -0.65 0.892031 153 153 153
-0.272502 -0.65 0.9 153 153 153
-0.202652 -0.65 -0.85 153 153 153
-0.2 -0.65 -0.845446 153 153 153
-0.2 -0.682224 -0.8 153 153 153
-0.2 -0.65 -0.566188 153 153 153
-0.203671 -0.65 -0.55 153 153 153
-0.215896 -0.65 -0.5 153 153 153
-0.227735 -0.65 -0.45 153 153 153
-0.238789 -0.65 -0.4 153 153 153
-0.248808 -0.65 -0.35 153 153 153
-0.248808 -0.65 0.35 153 153 153
-0.238789 -0.65 0.4 153 153 153
-0.227735 -0.65 0.45 153 153 153
-0.215896 -0.65 0.5 153 153 153
-0.203671 -0.65 0.55 153 153 153
-0.2 -0.65 0.566187 153 153 153
-0.2 -0.682224 0.8 153 153 153
-0.2 -0.65 0.845446 153 153 153
-0.202652 -0.65 0.85 153 153 153
-0.181287 -0.65 -0.8 153 153 153
-0.174648 -0.65 -0.75 153 153 153
-0.176446 -0.65 -0.7 153 153 153
-0.183164 -0.65 -0.65 153 153 153
-0.192589 -0.65 -0.6 153 153 153
-0.192589 -0.65 0.6 153 153 153
-0.183164 -0.65 0.65 153 153 153
-0.176446 -0.65 0.7 153 153 153
-0.174648 -0.65 0.75 153 153 153
-0.181287 -0.65 0.8 153 153 153
0.2 -0.65 -0.845446 153 153 153
0.2 -0.682224 -0.8 153 153 153
0.181287 -0.65 -0.8 153 153 153
0.174648 -0.65 -0.75 153 153 153
0.176446 -0.65 -0.7 153 153 153
0.183164 -0.65 -0.65 153 153 153
0.192589 -0.65 -0.6 153 153 153
0.2 -0.65 -0.566187 153 153 153
0.2 -0.65 0.566187 153 153 153
0.192589 -0.65 0.6 153 153 153
0.183164 -0.65 0.65 153 153 153
0.176446 -0.65 0.7 153 153 153
0.174647 -0.65 0.75 153 153 153
0.2 -0.682224 0.8 153 153 153
0.181287 -0.65 0.8 153 153 153
0.2 -0.65 0.845446 153 153 153
0.25 -0.65 -0.892031 153 153 153
0.25 -0.69265 -0.85 153 153 153
0.202652 -0.65 -0.85 153 153 153
0.203671 -0.65 -0.55 153 153 153
0.215896 -0.65 -0.5 153 153 153
0.227735 -0.65 -0.45 153 153 153
0.238789 -0.65 -0.4 153 153 153
0.248808 -0.65 -0.35 153 153 153
0.25 -0.698468 -0.3 153 153 153
0.25 -0.65 -0.343475 153 153 153
0.25 -0.698468 0.3 153 153 153
0.25 -0.65 0.343475 153 153 153
0.248808 -0.65 0.35 153 153 153
0.238789 -0.65 0.4 153 153 153
0.227735 -0.65 0.45 153 153 153
0.215896 -0.65 0.5 153 153 153
0.203671 -0.65 0.55 153 153 153
0.202652 -0.65 0.85 153 153 153
0.25 -0.69265 0.85 153 153 153
0.25 -0.65 0.892031 153 153 153
0.3 -0.65 -0.906366 153 153 153
0.3 -0.658163 -0.9 153 153 153
0.272502 -0.65 -0.9 153 153 153
0.259814 -0.65 -0.3 153 153 153
0.269442 -0.65 -0.25 153 153 153
0.277319 -0.65 -0.2 153 153 153
0.283439 -0.65 -0.15 153 153 153
0.287804 -0.65 -0.0999999 153 153 153
0.29042 -0.65 -0.05 153 153 153
0.291291 -0.65 0 153 153 153
0.29042 -0.65 0.05 153 153 153
0.287804 -0.65 0.1 153 153 153
0.283439 -0.65 0.15 153 153 153
0.277319 -0.65 0.2 153 153 153
0.269442 -0.65 0.25 153 153 153
0.259814 -0.65 0.3 153 153 153
0.272502 -0.65 0.9 153 153 153
0.3 -0.658163 0.9 153 153 153
0.3 -0.65 0.906366 153 153 153
0.35 -0.65 -0.903102 153 153 153
0.35 -0.654519 -0.9 153 153 153
0.35 -0.654519 0.9 153 153 153
0.35 -0.65 0.903102 153 153 153
0.359574 -0.65 -0.9 153 153 153
0.4 -0.65 -0.884612 153 153 153
0.4 -0.65 0.884612 153 153 153
0.359574 -0.65 0.9 153 153 153
0.45 -0.659527 -0.85 153 153 153
0.45 -0.65 -0.854828 153 153 153
0.45 -0.659527 0.85 153 153 153
0.45 -0.65 0.854828 153 153 153
0.456228 -0.65 -0.85 153 153 153
0.5 -0.65 -0.80997 153 153 153
0.5 -0.676295 -0.8 153 153 153
0.5 -0.676295 0.8 153 153 153
0.5 -0.65 0.809971 153 153 153
0.456228 -0.65 0.85 153 153 153
0.50944 -0.65 -0.8 153 153 153
0.549331 -0.65 -0.75 153 153 153
0.55 -0.65 -0.748968 153 153 153
0.55 -0.65 0.748968 153 153 153
0.54933 -0.65 0.75 153 153 153
0.50944 -0.65 0.8 153 153 153
0.578842 -0.65 -0.7 153 153 153
0.6 -0.65 -0.656644 153 153 153
0.6 -0.65 0.656644 153 153 153
0.578842 -0.65 0.7 153 153 153
0.603074 -0.65 -0.65 153 153 153
0.620589 -0.65 -0.6 153 153 153
0.633812 -0.65 -0.55 153 153 153
0.65 -0.694638 -0.55 153 153 153
0.642891 -0.65 -0.5 153 153 153
0.65 -0.663237 -0.5 153 153 153
0.648127 -0.65 -0.45 153 153 153
0.65 -0.652623 -0.45 153 153 153
0.649978 -0.65 -0.4 153 153 153
0.65 -0.650025 -0.4 153 153 153
0.649041 -0.65 -0.35 153 153 153
0.65 -0.650906 -0.35 153 153 153
0.646022 -0.65 -0.3 153 153 153
0.65 -0.653269 -0.3 153 153 153
0.641691 -0.65 -0.25 153 153 153
0.65 -0.65611 -0.25 153 153 153
0.636827 -0.65 -0.2 153 153 153
0.65 -0.65888 -0.2 153 153 153
0.632165 -0.65 -0.15 153 153 153
0.65 -0.661261 -0.15 153 153 153
0.62834 -0.65 -0.0999999 153 153 153
0.65 -0.663067 -0.0999999 153 153 153
0.625839 -0.65 -0.05 153 153 153
0.65 -0.664188 -0.05 153 153 153
0.624969 -0.65 0 153 153 153
0.65 -0.664568 0 153 153 153
0.625839 -0.65 0.05 153 153 153
0.65 -0.664188 0.05 153 153 153
0.62834 -0.65 0.1 153 153 153
0.65 -0.663067 0.1 153 153 153
0.632165 -0.65 0.15 153 153 153
0.65 -0.661261 0.15 153 153 153
0.636827 -0.65 0.2 153 153 153
0.65 -0.65888 0.2 153 153 153
0.641691 -0.65 0.25 153 153 153
0.65 -0.65611 0.25 153 153 153
0.646023 -0.65 0.3 153 153 153
0.65 -0.653269 0.3 153 153 153
0.649041 -0.65 0.35 153 153 153
0.65 -0.650906 0.35 153 153 153
0.649978 -0.65 0.4 153 153 153
0.65 -0.650025 0.4 153 153 153
0.648127 -0.65 0.45 153 153 153
0.65 -0.652623 0.45 153 153 153
0.642891 -0.65 0.5 153 153 153
0.65 -0.663237 0.5 153 153 153
0.633812 -0.65 0.55 153 153 153
0.65 -0.694638 0.55 153 153 153
0.620589 -0.65 0.6 153 153 153
0.603075 -0.65 0.65 153 153 153
-0.6 -0.640621 -0.65 153 153 153
-0.6 -0.608934 -0.6 153 153 153
-0.6 -0.600551 -0.55 153 153 153
-0.6 -0.600813 -0.5 153 153 153
-0.6 -0.604693 -0.45 153 153 153
-0.6 -0.610024 -0.4 153 153 153
-0.6 -0.615732 -0.35 153 153 153
-0.6 -0.621239 -0.3 153 153 153
-0.6 -0.626212 -0.25 153 153 153
-0.6 -0.630453 -0.2 153 153 153
-0.6 -0.63384 -0.15 153 153 153
-0.6 -0.636302 -0.0999999 153 153 153
-0.6 -0.637794 -0.05 153 153 153
-0.6 -0.638294 0 153 153 153
-0.6 -0.637794 0.05 153 153 153
-0.6 -0.636302 0.1 153 153 153
-0.6 -0.633841 0.15 153 153 153
-0.6 -0.630453 0.2 153 153 153
-0.6 -0.626212 0.25 153 153 153
-0.6 -0.621239 0.3 153 153 153
-0.6 -0.615732 0.35 153 153 153
-0.6 -0.610024 0.4 153 153 153
-0.6 -0.604693 0.45 153 153 153
-0.6 -0.600813 0.5 153 153 153
-0.6 -0.600551 0.55 153 153 153
-0.6 -0.608934 0.6 153 153 153
-0.6 -0.640622 0.65 153 153 153
-0.55 -0.6 -0.739302 153 153 153
-0.567677 -0.6 -0.7 153 153 153
-0.584077 -0.6 -0.65 153 153 153
-0.594653 -0.6 -0.6 153 153 153
-0.599551 -0.6 -0.55 153 153 153
-0.599158 -0.6 -0.5 153 153 153
-0.594104 -0.6 -0.45 153 153 153
-0.585243 -0.6 -0.4 153 153 153
-0.573607 -0.6 -0.35 153 153 153
-0.560344 -0.6 -0.3 153 153 153
-0.55 -0.601609 -0.25 153 153 153
-0.55 -0.6 -0.262024 153 153 153
-0.55 -0.607333 -0.2 153 153 153
-0.55 -0.611786 -0.15 153 153 153
-0.55 -0.614964 -0.0999999 153 153 153
-0.55 -0.61687 -0.05 153 153 153
-0.55 -0.617505 0 153 153 153
-0.55 -0.61687 0.05 153 153 153
-0.55 -0.614964 0.1 153 153 153
-0.55 -0.611786 0.15 153 153 153
-0.55 -0.607333 0.2 153 153 153
-0.55 -0.601609 0.25 153 153 153
-0.55 -0.6 0.262024 153 153 153
-0.560344 -0.6 0.3 153 153 153
-0.573607 -0.6 0.35 153 153 153
-0.585243 -0.6 0.4 153 153 153
-0.594104 -0.6 0.45 153 153 153
-0.599158 -0.6 0.5 153 153 153
-0.599551 -0.6 0.55 153 153 153
-0.594652 -0.6 0.6 153 153 153
-0.584077 -0.6 0.65 153 153 153
-0.567677 -0.6 0.7 153 153 153
-0.55 -0.6 0.739302 153 153 153
-0.5 -0.6 -0.817755 153 153 153
-0.513814 -0.6 -0.8 153 153 153
-0.544972 -0.6 -0.75 153 153 153
-0.546414 -0.6 -0.25 153 153 153
-0.53262 -0.6 -0.2 153 153 153
-0.520746 -0.6 -0.15 153 153 153
-0.511639 -0.6 -0.0999999 153 153 153
-0.505922 -0.6 -0.05 153 153 153
-0.503974 -0.6 0 153 153 153
-0.505922 -0.6 0.05 153 153 153
-0.511639 -0.6 0.1 153 153 153
-0.520746 -0.6 0.15 153 153 153
-0.53262 -0.6 0.2 153 153 153
-0.546414 -0.6 0.25 153 153 153
-0.544972 -0.6 0.75 153 153 153
-0.513814 -0.6 0.8 153 153 153
-0.5 -0.6 0.817755 153 153 153
-0.45 -0.6 -0.871241 153 153 153
-0.472311 -0.6 -0.85 153 153 153
-0.472311 -0.6 0.85 153 153 153
-0.45 -0.6 0.871241 153 153 153
-0.4 -0.6 -0.909137 153 153 153
-0.4 -0.61978 -0.9 153 153 153
-0.413861 -0.6 -0.9 153 153 153
-0.413861 -0.6 0.9 153 153 153
-0.4 -0.61978 0.9 153 153 153
-0.4 -0.6 0.909137 153 153 153
-0.35 -0.6 -0.932135 153 153 153
-0.35 -0.6 0.932135 153 153 153
-0.3 -0.6 -0.942335 153 153 153
-0.3 -0.6 -0.163827 153 153 153
-0.303568 -0.6 -0.15 153 153 153
-0.3 -0.604876 -0.15 153 153 153
-0.312838 -0.6 -0.0999999 153 153 153
-0.3 -0.61732 -0.0999999 153 153 153
-0.318345 -0.6 -0.05 153 153 153
-0.3 -0.624574 -0.05 153 153 153
-0.320173 -0.6 0 153 153 153
-0.3 -0.626958 0 153 153 153
-0.318345 -0.6 0.05 153 153 153
-0.3 -0.624574 0.05 153 153 153
-0.312838 -0.6 0.1 153 153 153
-0.3 -0.61732 0.1 153 153 153
-0.303568 -0.6 0.15 153 153 153
-0.3 -0.604876 0.15 153 153 153
-0.3 -0.6 0.163827 153 153 153
-0.3 -0.6 0.942336 153 153 153
-0.25 -0.641785 -0.9 153 153 153
-0.25 -0.6 -0.934569 153 153 153
-0.25 -0.6 -0.383061 153 153 153
-0.260287 -0.6 -0.35 153 153 153
-0.25 -0.642952 -0.35 153 153 153
-0.273939 -0.6 -0.3 153 153 153
-0.285416 -0.6 -0.25 153 153 153
-0.294748 -0.6 -0.2 153 153 153
-0.294748 -0.6 0.2 153 153 153
-0.285416 -0.6 0.25 153 153 153
-0.273939 -0.6 0.3 153 153 153
-0.260287 -0.6 0.35 153 153 153
-0.25 -0.642952 0.35 153 153 153
-0.25 -0.6 0.38306 153 153 153
-0.25 -0.641785 0.9 153 153 153
-0.25 -0.6 0.934569 153 153 153
-0.2 -0.6 -0.90279 153 153 153
-0.2 -0.602998 -0.9 153 153 153
-0.2 -0.646885 -0.85 153 153 153
-0.2 -0.6 -0.569723 153 153 153
-0.205596 -0.6 -0.55 153 153 153
-0.220075 -0.6 -0.5 153 153 153
-0.233678 -0.6 -0.45 153 153 153
-0.246121 -0.6 -0.4 153 153 153
-0.246121 -0.6 0.4 153 153 153
-0.233678 -0.6 0.45 153 153 153
-0.220075 -0.6 0.5 153 153 153
-0.205596 -0.6 0.55 153 153 153
-0.2 -0.6 0.569723 153 153 153
-0.2 -0.646885 0.85 153 153 153
-0.2 -0.602998 0.9 153 153 153
-0.2 -0.6 0.90279 153 153 153
-0.197305 -0.6 -0.9 153 153 153
-0.170738 -0.6 -0.85 153 153 153
-0.161658 -0.6 -0.8 153 153 153
-0.162813 -0.6 -0.75 153 153 153
-0.169901 -0.6 -0.7 153 153 153
-0.180268 -0.6 -0.65 153 153 153
-0.192232 -0.6 -0.6 153 153 153
-0.192232 -0.6 0.6 153 153 153
-0.180268 -0.6 0.65 153 153 153
-0.169901 -0.6 0.7 153 153 153
-0.162813 -0.6 0.75 153 153 153
-0.161658 -0.6 0.8 153 153 153
-0.170738 -0.6 0.85 153 153 153
-0.197305 -0.6 0.9 153 153 153
0.2 -0.6 -0.90279 153 153 153
0.2 -0.602998 -0.9 153 153 153
0.197305 -0.6 -0.9 153 153 153
0.2 -0.646885 -0.85 153 153 153
0.170738 -0.6 -0.85 153 153 153
0.161658 -0.6 -0.8 153 153 153
0.162813 -0.6 -0.75 153 153 153
0.169901 -0.6 -0.7 153 153 153
0.180268 -0.6 -0.65 153 153 153
0.192232 -0.6 -0.6 153 153 153
0.2 -0.6 -0.569723 153 153 153
0.2 -0.6 0.569723 153 153 153
0.192232 -0.6 0.6 153 153 153
0.180268 -0.6 0.65 153 153 153
0.169901 -0.6 0.7 153 153 153
0.162813 -0.6 0.75 153 153 153
0.161658 -0.6 0.8 153 153 153
0.2 -0.646885 0.85 153 153 153
0.170738 -0.6 0.85 153 153 153
0.2 -0.602998 0.9 153 153 153
0.197305 -0.6 0.9 153 153 153
0.2 -0.6 0.90279 153 153 153
0.25 -0.6 -0.934569 153 153 153
0.25 -0.641785 -0.9 153 153 153
0.205596 -0.6 -0.55 153 153 153
0.220075 -0.6 -0.5 153 153 153
0.233678 -0.6 -0.45 153 153 153
0.24612 -0.6 -0.4 153 153 153
0.25 -0.642952 -0.35 153 153 153
0.25 -0.6 -0.38306 153 153 153
0.25 -0.642952 0.35 153 153 153
0.25 -0.6 0.38306 153 153 153
0.24612 -0.6 0.4 153 153 153
0.233678 -0.6 0.45 153 153 153
0.220075 -0.6 0.5 153 153 153
0.205596 -0.6 0.55 153 153 153
0.25 -0.641785 0.9 153 153 153
0.25 -0.6 0.934568 153 153 153
0.3 -0.6 -0.942336 153 153 153
0.260287 -0.6 -0.35 153 153 153
0.273939 -0.6 -0.3 153 153 153
0.285416 -0.6 -0.25 153 153 153
0.294748 -0.6 -0.2 153 153 153
0.3 -0.604876 -0.15 153 153 153
0.3 -0.6 -0.163826 153 153 153
0.3 -0.61732 -0.0999999 153 153 153
0.3 -0.624574 -0.05 153 153 153
0.3 -0.626958 0 153 153 153
0.3 -0.624574 0.05 153 153 153
0.3 -0.61732 0.1 153 153 153
0.3 -0.604875 0.15 153 153 153
0.3 -0.6 0.163826 153 153 153
0.294748 -0.6 0.2 153 153 153
0.285416 -0.6 0.25 153 153 153
0.273939 -0.6 0.3 153 153 153
0.260287 -0.6 0.35 153 153 153
0.3 -0.6 0.942336 153 153 153
0.35 -0.6 -0.932135 153 153 153
0.303568 -0.6 -0.15 153 153 153
0.312838 -0.6 -0.0999999 153 153 153
0.318346 -0.6 -0.05 153 153 153
0.320172 -0.6 0 153 153 153
0.318346 -0.6 0.05 153 153 153
0.312838 -0.6 0.1 153 153 153
0.303568 -0.6 0.15 153 153 153
0.35 -0.6 0.932135 153 153 153
0.4 -0.61978 -0.9 153 153 153
0.4 -0.6 -0.909137 153 153 153
0.4 -0.619779 0.9 153 153 153
0.4 -0.6 0.909138 153 153 153
0.413861 -0.6 -0.9 153 153 153
0.45 -0.6 -0.871241 153 153 153
0.45 -0.6 0.871241 153 153 153
0.413861 -0.6 0.9 153 153 153
0.472311 -0.6 -0.85 153 153 153
0.5 -0.6 -0.817755 153 153 153
0.5 -0.6 0.817755 153 153 153
0.472311 -0.6 0.85 153 153 153
0.513814 -0.6 -0.8 153 153 153
0.544972 -0.6 -0.75 153 153 153
0.55 -0.6 -0.739302 153 153 153
0.55 -0.6 -0.262024 153 153 153
0.546415 -0.6 -0.25 153 153 153
0.55 -0.601609 -0.25 153 153 153
0.53262 -0.6 -0.2 153 153 153
0.55 -0.607334 -0.2 153 153 153
0.520746 -0.6 -0.15 153 153 153
0.55 -0.611786 -0.15 153 153 153
0.511639 -0.6 -0.0999999 153 153 153
0.55 -0.614964 -0.0999999 153 153 153
0.505922 -0.6 -0.05 153 153 153
0.55 -0.61687 -0.05 153 153 153
0.503974 -0.6 0 153 153 153
0.55 -0.617505 0 153 153 153
0.505922 -0.6 0.05 153 153 153
0.55 -0.61687 0.05 153 153 153
0.511639 -0.6 0.1 153 153 153
0.55 -0.614964 0.1 153 153 153
0.520746 -0.6 0.15 153 153 153
0.55 -0.611786 0.15 153 153 153
0.53262 -0.6 0.2 153 153 153
0.55 -0.607333 0.2 153 153 153
0.546414 -0.6 0.25 153 153 153
0.55 -0.601609 0.25 153 153 153
0.55 -0.6 0.262024 153 153 153
0.55 -0.6 0.739302 153 153 153
0.544972 -0.6 0.75 153 153 153
0.513814 -0.6 0.8 153 153 153
0.567676 -0.6 -0.7 153 153 153
0.584077 -0.6 -0.65 153 153 153
0.6 -0.640622 -0.65 153 153 153
0.594653 -0.6 -0.6 153 153 153
0.6 -0.608934 -0.6 153 153 153
0.599551 -0.6 -0.55 153 153 153
0.6 -0.600551 -0.55 153 153 153
0.599158 -0.6 -0.5 153 153 153
0.6 -0.600813 -0.5 153 153 153
0.594104 -0.6 -0.45 153 153 153
0.6 -0.604693 -0.45 153 153 153
0.585243 -0.6 -0.4 153 153 153
0.6 -0.610024 -0.4 153 153 153
0.573607 -0.6 -0.35 153 153 153
0.6 -0.615732 -0.35 153 153 153
0.560345 -0.6 -0.3 153 153 153
0.6 -0.62124 -0.3 153 153 153
0.6 -0.626212 -0.25 153 153 153
0.6 -0.630453 -0.2 153 153 153
0.6 -0.63384 -0.15 153 153 153
0.6 -0.636302 -0.0999999 153 153 153
0.6 -0.637794 -0.05 153 153 153
0.6 -0.638294 0 153 153 153
0.6 -0.637794 0.05 153 153 153
0.6 -0.636302 0.1 153 153 153
0.6 -0.633841 0.15 153 153 153
0.6 -0.630453 0.2 153 153 153
0.6 -0.626212 0.25 153 153 153
0.560345 -0.6 0.3 153 153 153
0.6 -0.62124 0.3 153 153 153
0.573607 -0.6 0.35 153 153 153
0.6 -0.615732 0.35 153 153 153
0.585243 -0.6 0.4 153 153 153
0.6 -0.610024 0.4 153 153 153
0.594104 -0.6 0.45 153 153 153
0.6 -0.604693 0.45 153 153 153
0.599158 -0.6 0.5 153 153 153
0.6 -0.600813 0.5 153 153 153
0.599551 -0.6 0.55 153 153 153
0.6 -0.600551 0.55 153 153 153
0.594653 -0.6 0.6 153 153 153
0.6 -0.608934 0.6 153 153 153
0.584077 -0.6 0.65 153 153 153
0.6 -0.640622 0.65 153 153 153
0.567677 -0.6 0.7 153 153 153
-0.55 -0.563615 -0.7 153 153 153
-0.55 -0.550855 -0.65 153 153 153
-0.55 -0.55112 -0.6 153 153 153
-0.55 -0.556635 -0.55 153 153 153
-0.55 -0.564285 -0.5 153 153 153
-0.55 -0.5726 -0.45 153 153 153
-0.55 -0.580813 -0.4 153 153 153
-0.55 -0.588497 -0.35 153 153 153
-0.55 -0.595404 -0.3 153 153 153
-0.55 -0.595404 0.3 153 153 153
-0.55 -0.588497 0.35 153 153 153
-0.55 -0.580813 0.4 153 153 153
-0.55 -0.5726 0.45 153 153 153
-0.55 -0.564285 0.5 153 153 153
-0.55 -0.556635 0.55 153 153 153
-0.55 -0.55112 0.6 153 153 153
-0.55 -0.550855 0.65 153 153 153
-0.55 -0.563616 0.7 153 153 153
-0.5 -0.55 -0.808902 153 153 153
-0.50555 -0.55 -0.8 153 153 153
-0.527724 -0.55 -0.75 153 153 153
-0.542349 -0.55 -0.7 153 153 153
-0.549319 -0.55 -0.65 153 153 153
-0.548834 -0.55 -0.6 153 153 153
-0.541438 -0.55 -0.55 153 153 153
-0.528017 -0.55 -0.5 153 153 153
-0.509751 -0.55 -0.45 153 153 153
-0.5 -0.555917 -0.4 153 153 153
-0.5 -0.55 -0.427139 153 153 153
-0.5 -0.565968 -0.35 153 153 153
-0.5 -0.574681 -0.3 153 153 153
-0.5 -0.58204 -0.25 153 153 153
-0.5 -0.588045 -0.2 153 153 153
-0.5 -0.592703 -0.15 153 153 153
-0.5 -0.596022 -0.0999999 153 153 153
-0.5 -0.59801 -0.05 153 153 153
-0.5 -0.598672 0 153 153 153
-0.5 -0.59801 0.05 153 153 153
-0.5 -0.596022 0.1 153 153 153
-0.5 -0.592703 0.15 153 153 153
-0.5 -0.588045 0.2 153 153 153
-0.5 -0.58204 0.25 153 153 153
-0.5 -0.574681 0.3 153 153 153
-0.5 -0.565968 0.35 153 153 153
-0.5 -0.555917 0.4 153 153 153
-0.5 -0.55 0.42714 153 153 153
-0.509751 -0.55 0.45 153 153 153
-0.528016 -0.55 0.5 153 153 153
-0.541438 -0.55 0.55 153 153 153
-0.548834 -0.55 0.6 153 153 153
-0.549319 -0.55 0.65 153 153 153
-0.542349 -0.55 0.7 153 153 153
-0.527723 -0.55 0.75 153 153 153
-0.50555 -0.55 0.8 153 153 153
-0.5 -0.55 0.808903 153 153 153
-0.45 -0.55 -0.877835 153 153 153
-0.473323 -0.55 -0.85 153 153 153
-0.48742 -0.55 -0.4 153 153 153
-0.462842 -0.55 -0.35 153 153 153
-0.45 -0.555078 -0.3 153 153 153
-0.45 -0.55 -0.32376 153 153 153
-0.45 -0.56423 -0.25 153 153 153
-0.45 -0.571606 -0.2 153 153 153
-0.45 -0.577277 -0.15 153 153 153
-0.45 -0.581292 -0.0999999 153 153 153
-0.45 -0.583688 -0.05 153 153 153
-0.45 -0.584484 0 153 153 153
-0.45 -0.583688 0.05 153 153 153
-0.45 -0.581292 0.1 153 153 153
-0.45 -0.577277 0.15 153 153 153
-0.45 -0.571607 0.2 153 153 153
-0.45 -0.56423 0.25 153 153 153
-0.45 -0.555078 0.3 153 153 153
-0.45 -0.55 0.32376 153 153 153
-0.462842 -0.55 0.35 153 153 153
-0.48742 -0.55 0.4 153 153 153
-0.473323 -0.55 0.85 153 153 153
-0.45 -0.55 0.877835 153 153 153
-0.4 -0.55 -0.924448 153 153 153
-0.429081 -0.55 -0.9 153 153 153
-0.434294 -0.55 -0.3 153 153 153
-0.403136 -0.55 -0.25 153 153 153
-0.4 -0.558394 -0.2 153 153 153
-0.4 -0.55 -0.244314 153 153 153
-0.4 -0.565646 -0.15 153 153 153
-0.4 -0.570752 -0.0999999 153 153 153
-0.4 -0.573788 -0.05 153 153 153
-0.4 -0.574795 0 153 153 153
-0.4 -0.573788 0.05 153 153 153
-0.4 -0.570752 0.1 153 153 153
-0.4 -0.565646 0.15 153 153 153
-0.4 -0.558394 0.2 153 153 153
-0.4 -0.55 0.244314 153 153 153
-0.403136 -0.55 0.25 153 153 153
-0.434294 -0.55 0.3 153 153 153
-0.429081 -0.55 0.9 153 153 153
-0.4 -0.55 0.924448 153 153 153
-0.35 -0.55 -0.956145 153 153 153
-0.35 -0.564013 -0.95 153 153 153
-0.361419 -0.55 -0.95 153 153 153
-0.35 -0.555601 -0.2 153 153 153
-0.35 -0.55 -0.221837 153 153 153
-0.35 -0.565522 -0.15 153 153 153
-0.35 -0.572463 -0.0999999 153 153 153
-0.35 -0.576572 -0.05 153 153 153
-0.35 -0.577933 0 153 153 153
-0.35 -0.576572 0.05 153 153 153
-0.35 -0.572463 0.1 153 153 153
-0.35 -0.565522 0.15 153 153 153
-0.35 -0.555601 0.2 153 153 153
-0.35 -0.55 0.221837 153 153 153
-0.361419 -0.55 0.95 153 153 153
-0.35 -0.564013 0.95 153 153 153
-0.35 -0.55 0.956144 153 153 153
-0.3 -0.55 -0.971323 153 153 153
-0.3 -0.588136 -0.95 153 153 153
-0.3 -0.55 -0.291975 153 153 153
-0.332506 -0.55 -0.25 153 153 153
-0.3 -0.570514 -0.25 153 153 153
-0.3 -0.589593 -0.2 153 153 153
-0.3 -0.589593 0.2 153 153 153
-0.332506 -0.55 0.25 153 153 153
-0.3 -0.570514 0.25 153 153 153
-0.3 -0.55 0.291975 153 153 153
-0.3 -0.588136 0.95 153 153 153
-0.3 -0.55 0.971323 153 153 153
-0.25 -0.55 -0.971158 153 153 153
-0.25 -0.58095 -0.95 153 153 153
-0.25 -0.55 -0.420291 153 153 153
-0.259304 -0.55 -0.4 153 153 153
-0.25 -0.57901 -0.4 153 153 153
-0.279954 -0.55 -0.35 153 153 153
-0.297568 -0.55 -0.3 153 153 153
-0.297567 -0.55 0.3 153 153 153
-0.279954 -0.55 0.35 153 153 153
-0.259304 -0.55 0.4 153 153 153
-0.25 -0.57901 0.4 153 153 153
-0.25 -0.55 0.420291 153 153 153
-0.25 -0.58095 0.95 153 153 153
-0.25 -0.55 0.971158 153 153 153
-0.2 -0.55 -0.950494 153 153 153
-0.2 -0.550631 -0.95 153 153 153
-0.2 -0.55 -0.574757 153 153 153
-0.208605 -0.55 -0.55 153 153 153
-0.225679 -0.55 -0.5 153 153 153
-0.2414 -0.55 -0.45 153 153 153
-0.2414 -0.55 0.45 153 153 153
-0.225679 -0.55 0.5 153 153 153
-0.208605 -0.55 0.55 153 153 153
-0.2 -0.55 0.574757 153 153 153
-0.2 -0.55063 0.95 153 153 153
-0.2 -0.55 0.950494 153 153 153
-0.199367 -0.55 -0.95 153 153 153
-0.162654 -0.55 -0.9 153 153 153
-0.15 -0.55299 -0.85 153 153 153
-0.15 -0.55 -0.855016 153 153 153
-0.15 -0.557716 -0.8 153 153 153
-0.15 -0.55 -0.786473 153 153 153
-0.1548 -0.55 -0.75 153 153 153
-0.165783 -0.55 -0.7 153 153 153
-0.17888 -0.55 -0.65 153 153 153
-0.192771 -0.55 -0.6 153 153 153
-0.192771 -0.55 0.6 153 153 153
-0.17888 -0.55 0.65 153 153 153
-0.165783 -0.55 0.7 153 153 153
-0.1548 -0.55 0.75 153 153 153
-0.15 -0.557716 0.8 153 153 153
-0.15 -0.55 0.786472 153 153 153
-0.15 -0.55299 0.85 153 153 153
-0.15 -0.55 0.855017 153 153 153
-0.162654 -0.55 0.9 153 153 153
-0.199367 -0.55 0.95 153 153 153
-0.148859 -0.55 -0.85 153 153 153
-0.148123 -0.55 -0.8 153 153 153
-0.148123 -0.55 0.8 153 153 153
-0.148859 -0.55 0.85 153 153 153
0.15 -0.55 -0.855017 153 153 153
0.15 -0.55299 -0.85 153 153 153
0.148859 -0.55 -0.85 153 153 153
0.15 -0.557716 -0.8 153 153 153
0.148123 -0.55 -0.8 153 153 153
0.15 -0.55 -0.786472 153 153 153
0.15 -0.55 0.786472 153 153 153
0.15 -0.557716 0.8 153 153 153
0.148123 -0.55 0.8 153 153 153
0.15 -0.55299 0.85 153 153 153
0.148859 -0.55 0.85 153 153 153
0.15 -0.55 0.855017 153 153 153
0.2 -0.55 -0.950494 153 153 153
0.2 -0.550631 -0.95 153 153 153
0.199367 -0.55 -0.95 153 153 153
0.162654 -0.55 -0.9 153 153 153
0.1548 -0.55 -0.75 153 153 153
0.165783 -0.55 -0.7 153 153 153
0.17888 -0.55 -0.65 153 153 153
0.192772 -0.55 -0.6 153 153 153
0.2 -0.55 -0.574757 153 153 153
0.2 -0.55 0.574757 153 153 153
0.192772 -0.55 0.6 153 153 153
0.17888 -0.55 0.65 153 153 153
0.165783 -0.55 0.7 153 153 153
0.1548 -0.55 0.75 153 153 153
0.162654 -0.55 0.9 153 153 153
0.2 -0.55063 0.95 153 153 153
0.199367 -0.55 0.95 153 153 153
0.2 -0.55 0.950494 153 153 153
0.25 -0.55 -0.971158 153 153 153
0.25 -0.58095 -0.95 153 153 153
0.208605 -0.55 -0.55 153 153 153
0.225679 -0.55 -0.5 153 153 153
0.2414 -0.55 -0.45 153 153 153
0.25 -0.57901 -0.4 153 153 153
0.25 -0.55 -0.420291 153 153 153
0.25 -0.579009 0.4 153 153 153
0.25 -0.55 0.420291 153 153 153
0.2414 -0.55 0.45 153 153 153
0.225679 -0.55 0.5 153 153 153
0.208605 -0.55 0.55 153 153 153
0.25 -0.58095 0.95 153 153 153
0.25 -0.55 0.971158 153 153 153
0.3 -0.55 -0.971323 153 153 153
0.3 -0.588136 -0.95 153 153 153
0.259304 -0.55 -0.4 153 153 153
0.279954 -0.55 -0.35 153 153 153
0.297567 -0.55 -0.3 153 153 153
0.3 -0.570514 -0.25 153 153 153
0.3 -0.55 -0.291975 153 153 153
0.3 -0.589593 -0.2 153 153 153
0.3 -0.589593 0.2 153 153 153
0.3 -0.570514 0.25 153 153 153
0.3 -0.55 0.291975 153 153 153
0.297567 -0.55 0.3 153 153 153
0.279954 -0.55 0.35 153 153 153
0.259304 -0.55 0.4 153 153 153
0.3 -0.588136 0.95 153 153 153
0.3 -0.55 0.971323 153 153 153
0.35 -0.55 -0.956145 153 153 153
0.35 -0.564013 -0.95 153 153 153
0.332506 -0.55 -0.25 153 153 153
0.35 -0.555601 -0.2 153 153 153
0.35 -0.55 -0.221837 153 153 153
0.35 -0.565522 -0.15 153 153 153
0.35 -0.572463 -0.0999999 153 153 153
0.35 -0.576572 -0.05 153 153 153
0.35 -0.577933 0 153 153 153
0.35 -0.576572 0.05 153 153 153
0.35 -0.572463 0.1 153 153 153
0.35 -0.565522 0.15 153 153 153
0.35 -0.555601 0.2 153 153 153
0.35 -0.55 0.221837 153 153 153
0.332507 -0.55 0.25 153 153 153
0.35 -0.564013 0.95 153 153 153
0.35 -0.55 0.956144 153 153 153
0.361419 -0.55 -0.95 153 153 153
0.4 -0.55 -0.924448 153 153 153
0.4 -0.558394 -0.2 153 153 153
0.4 -0.55 -0.244314 153 153 153
0.4 -0.565646 -0.15 153 153 153
0.4 -0.570753 -0.0999999 153 153 153
0.4 -0.573788 -0.05 153 153 153
0.4 -0.574795 0 153 153 153
0.4 -0.573788 0.05 153 153 153
0.4 -0.570753 0.1 153 153 153
0.4 -0.565646 0.15 153 153 153
0.4 -0.558394 0.2 153 153 153
0.4 -0.55 0.244314 153 153 153
0.4 -0.55 0.924448 153 153 153
0.361418 -0.55 0.95 153 153 153
0.429081 -0.55 -0.9 153 153 153
0.45 -0.55 -0.877835 153 153 153
0.45 -0.55 -0.32376 153 153 153
0.434294 -0.55 -0.3 153 153 153
0.45 -0.555078 -0.3 153 153 153
0.403135 -0.55 -0.25 153 153 153
0.45 -0.56423 -0.25 153 153 153
0.45 -0.571607 -0.2 153 153 153
0.45 -0.577277 -0.15 153 153 153
0.45 -0.581292 -0.0999999 153 153 153
0.45 -0.583688 -0.05 153 153 153
0.45 -0.584484 0 153 153 153
0.45 -0.583688 0.05 153 153 153
0.45 -0.581292 0.1 153 153 153
0.45 -0.577277 0.15 153 153 153
0.45 -0.571607 0.2 153 153 153
0.403136 -0.55 0.25 153 153 153
0.45 -0.56423 0.25 153 153 153
0.434294 -0.55 0.3 153 153 153
0.45 -0.555078 0.3 153 153 153
0.45 -0.55 0.32376 153 153 153
0.45 -0.55 0.877835 153 153 153
0.429081 -0.55 0.9 153 153 153
0.473323 -0.55 -0.85 153 153 153
0.5 -0.55 -0.808902 153 153 153
0.5 -0.55 -0.42714 153 153 153
0.48742 -0.55 -0.4 153 153 153
0.5 -0.555917 -0.4 153 153 153
0.462842 -0.55 -0.35 153 153 153
0.5 -0.565968 -0.35 153 153 153
0.5 -0.574681 -0.3 153 153 153
0.5 -0.58204 -0.25 153 153 153
0.5 -0.588045 -0.2 153 153 153
0.5 -0.592703 -0.15 153 153 153
0.5 -0.596022 -0.0999999 153 153 153
0.5 -0.59801 -0.05 153 153 153
0.5 -0.598672 0 153 153 153
0.5 -0.59801 0.05 153 153 153
0.5 -0.596022 0.1 153 153 153
0.5 -0.592703 0.15 153 153 153
0.5 -0.588045 0.2 153 153 153
0.5 -0.58204 0.25 153 153 153
0.5 -0.574681 0.3 153 153 153
0.462842 -0.55 0.35 153 153 153
0.5 -0.565968 0.35 153 153 153
0.48742 -0.55 0.4 153 153 153
0.5 -0.555917 0.4 153 153 153
0.5 -0.55 0.42714 153 153 153
0.5 -0.55 0.808902 153 153 153
0.473323 -0.55 0.85 153 153 153
0.50555 -0.55 -0.8 153 153 153
0.527723 -0.55 -0.75 153 153 153
0.542349 -0.55 -0.7 153 153 153
0.55 -0.563616 -0.7 153 153 153
0.549319 -0.55 -0.65 153 153 153
0.55 -0.550855 -0.65 153 153 153
0.548834 -0.55 -0.6 153 153 153
0.55 -0.551121 -0.6 153 153 153
0.541438 -0.55 -0.55 153 153 153
0.55 -0.556635 -0.55 153 153 153
0.528017 -0.55 -0.5 153 153 153
0.55 -0.564285 -0.5 153 153 153
0.509751 -0.55 -0.45 153 153 153
0.55 -0.5726 -0.45 153 153 153
0.55 -0.580813 -0.4 153 153 153
0.55 -0.588497 -0.35 153 153 153
0.55 -0.595404 -0.3 153 153 153
0.55 -0.595404 0.3 153 153 153
0.55 -0.588497 0.35 153 153 153
0.55 -0.580813 0.4 153 153 153
0.509751 -0.55 0.45 153 153 153
0.55 -0.5726 0.45 153 153 153
0.528017 -0.55 0.5 153 153 153
0.55 -0.564285 0.5 153 153 153
0.541438 -0.55 0.55 153 153 153
0.55 -0.556635 0.55 153 153 153
0.548834 -0.55 0.6 153 153 153
0.55 -0.55112 0.6 153 153 153
0.549319 -0.55 0.65 153 153 153
0.55 -0.550855 0.65 153 153 153
0.542349 -0.55 0.7 153 153 153
0.55 -0.563616 0.7 153 153 153
0.527723 -0.55 0.75 153 153 153
0.50555 -0.55 0.8 153 153 153
-0.5 -0.536169 -0.8 153 153 153
-0.5 -0.505031 -0.75 153 153 153
-0.5 -0.5001 -0.7 153 153 153
-0.5 -0.504943 -0.65 153 153 153
-0.5 -0.513824 -0.6 153 153 153
-0.5 -0.524252 -0.55 153 153 153
-0.5 -0.534996 -0.5 153 153 153
-0.5 -0.545395 -0.45 153 153 153
-0.5 -0.545395 0.45 153 153 153
-0.5 -0.534996 0.5 153 153 153
-0.5 -0.524252 0.55 153 153 153
-0.5 -0.513824 0.6 153 153 153
-0.5 -0.504943 0.65 153 153 153
-0.5 -0.5001 0.7 153 153 153
-0.5 -0.505031 0.75 153 153 153
-0.5 -0.536169 0.8 153 153 153
-0.45 -0.5 -0.86732 153 153 153
-0.461371 -0.5 -0.85 153 153 153
-0.483701 -0.5 -0.8 153 153 153
-0.496556 -0.5 -0.75 153 153 153
-0.499907 -0.5 -0.7 153 153 153
-0.494156 -0.5 -0.65 153 153 153
-0.480157 -0.5 -0.6 153 153 153
-0.459172 -0.5 -0.55 153 153 153
-0.45 -0.509146 -0.5 153 153 153
-0.45 -0.5 -0.532313 153 153 153
-0.45 -0.522541 -0.45 153 153 153
-0.45 -0.534541 -0.4 153 153 153
-0.45 -0.545102 -0.35 153 153 153
-0.45 -0.545103 0.35 153 153 153
-0.45 -0.534541 0.4 153 153 153
-0.45 -0.522541 0.45 153 153 153
-0.45 -0.509146 0.5 153 153 153
-0.45 -0.5 0.532313 153 153 153
-0.459172 -0.5 0.55 153 153 153
-0.480157 -0.5 0.6 153 153 153
-0.494156 -0.5 0.65 153 153 153
-0.499907 -0.5 0.7 153 153 153
-0.496556 -0.5 0.75 153 153 153
-0.483701 -0.5 0.8 153 153 153
-0.46137 -0.5 0.85 153 153 153
-0.45 -0.5 0.86732 153 153 153
-0.4 -0.5 -0.929935 153 153 153
-0.427586 -0.5 -0.9 153 153 153
-0.431965 -0.5 -0.5 153 153 153
-0.400939 -0.5 -0.45 153 153 153
-0.4 -0.514995 -0.4 153 153 153
-0.4 -0.5 -0.44854 153 153 153
-0.4 -0.528337 -0.35 153 153 153
-0.4 -0.539673 -0.3 153 153 153
-0.4 -0.549108 -0.25 153 153 153
-0.4 -0.549108 0.25 153 153 153
-0.4 -0.539673 0.3 153 153 153
-0.4 -0.528337 0.35 153 153 153
-0.4 -0.514995 0.4 153 153 153
-0.4 -0.5 0.44854 153 153 153
-0.400939 -0.5 0.45 153 153 153
-0.431965 -0.5 0.5 153 153 153
-0.427586 -0.5 0.9 153 153 153
-0.4 -0.5 0.929936 153 153 153
-0.35 -0.5 -0.970427 153 153 153
-0.378388 -0.5 -0.95 153 153 153
-0.354856 -0.5 -0.4 153 153 153
-0.35 -0.516299 -0.35 153 153 153
-0.35 -0.5 -0.394744 153 153 153
-0.35 -0.531628 -0.3 153 153 153
-0.35 -0.544233 -0.25 153 153 153
-0.35 -0.544233 0.25 153 153 153
-0.35 -0.531628 0.3 153 153 153
-0.35 -0.516299 0.35 153 153 153
-0.35 -0.5 0.394744 153 153 153
-0.354856 -0.5 0.4 153 153 153
-0.378387 -0.5 0.95 153 153 153
-0.35 -0.5 0.970426 153 153 153
-0.3 -0.5 -0.995739 153 153 153
-0.3 -0.523786 -0.35 153 153 153
-0.3 -0.5 -0.392561 153 153 153
-0.3 -0.546874 -0.3 153 153 153
-0.3 -0.546874 0.3 153 153 153
-0.3 -0.523786 0.35 153 153 153
-0.3 -0.5 0.392561 153 153 153
-0.3 -0.5 0.99574 153 153 153
-0.25 -0.5 -1.00333 153 153 153
-0.25 -0.506048 -1 153 153 153
-0.274665 -0.5 -1 153 153 153
-0.25 -0.5 -0.45889 153 153 153
-0.25731 -0.5 -0.45 153 153 153
-0.25 -0.512533 -0.45 153 153 153
-0.294988 -0.5 -0.4 153 153 153
-0.294988 -0.5 0.4 153 153 153
-0.25731 -0.5 0.45 153 153 153
-0.25 -0.512533 0.45 153 153 153
-0.25 -0.5 0.45889 153 153 153
-0.274664 -0.5 1 153 153 153
-0.25 -0.506047 1 153 153 153
-0.25 -0.5 1.00333 153 153 153
-0.233981 -0.5 -1 153 153 153
-0.2 -0.5 -0.989001 153 153 153
-0.2 -0.5 -0.579856 153 153 153
-0.21316 -0.5 -0.55 153 153 153
-0.234174 -0.5 -0.5 153 153 153
-0.234174 -0.5 0.5 153 153 153
-0.21316 -0.5 0.55 153 153 153
-0.2 -0.5 0.579856 153 153 153
-0.2 -0.5 0.989001 153 153 153
-0.233982 -0.5 1 153 153 153
-0.158817 -0.5 -0.95 153 153 153
-0.15 -0.526713 -0.9 153 153 153
-0.15 -0.5 -0.932457 153 153 153
-0.15 -0.513629 -0.75 153 153 153
-0.15 -0.5 -0.744366 153 153 153
-0.162489 -0.5 -0.7 153 153 153
-0.177974 -0.5 -0.65 153 153 153
-0.193639 -0.5 -0.6 153 153 153
-0.193639 -0.5 0.6 153 153 153
-0.177974 -0.5 0.65 153 153 153
-0.162489 -0.5 0.7 153 153 153
-0.15 -0.513629 0.75 153 153 153
-0.15 -0.5 0.744366 153 153 153
-0.15 -0.526713 0.9 153 153 153
-0.15 -0.5 0.932457 153 153 153
-0.158817 -0.5 0.95 153 153 153
-0.138324 -0.5 -0.9 153 153 153
-0.134092 -0.5 -0.85 153 153 153
-0.138693 -0.5 -0.8 153 153 153
-0.148468 -0.5 -0.75 153 153 153
-0.148468 -0.5 0.75 153 153 153
-0.138693 -0.5 0.8 153 153 153
-0.134092 -0.5 0.85 153 153 153
-0.138324 -0.5 0.9 153 153 153
0.15 -0.5 -0.932457 153 153 153
0.15 -0.526713 -0.9 153 153 153
0.138324 -0.5 -0.9 153 153 153
0.134092 -0.5 -0.85 153 153 153
0.138693 -0.5 -0.8 153 153 153
0.15 -0.51363 -0.75 153 153 153
0.148468 -0.5 -0.75 153 153 153
0.15 -0.5 -0.744366 153 153 153
0.15 -0.5 0.744366 153 153 153
0.15 -0.51363 0.75 153 153 153
0.148468 -0.5 0.75 153 153 153
0.138693 -0.5 0.8 153 153 153
0.134092 -0.5 0.85 153 153 153
0.15 -0.526713 0.9 153 153 153
0.138324 -0.5 0.9 153 153 153
0.15 -0.5 0.932457 153 153 153
0.2 -0.5 -0.989001 153 153 153
0.158817 -0.5 -0.95 153 153 153
0.162489 -0.5 -0.7 153 153 153
0.177974 -0.5 -0.65 153 153 153
0.193639 -0.5 -0.6 153 153 153
0.2 -0.5 -0.579856 153 153 153
0.2 -0.5 0.579856 153 153 153
0.193639 -0.5 0.6 153 153 153
0.177974 -0.5 0.65 153 153 153
0.162489 -0.5 0.7 153 153 153
0.158817 -0.5 0.95 153 153 153
0.2 -0.5 0.989001 153 153 153
0.25 -0.5 -1.00333 153 153 153
0.25 -0.506048 -1 153 153 153
0.233981 -0.5 -1 153 153 153
0.21316 -0.5 -0.55 153 153 153
0.234174 -0.5 -0.5 153 153 153
0.25 -0.512533 -0.45 153 153 153
0.25 -0.5 -0.45889 153 153 153
0.25 -0.512533 0.45 153 153 153
0.25 -0.5 0.45889 153 153 153
0.234174 -0.5 0.5 153 153 153
0.21316 -0.5 0.55 153 153 153
0.233981 -0.5 1 153 153 153
0.25 -0.506047 1 153 153 153
0.25 -0.5 1.00333 153 153 153
0.274665 -0.5 -1 153 153 153
0.3 -0.5 -0.995739 153 153 153
0.25731 -0.5 -0.45 153 153 153
0.294988 -0.5 -0.4 153 153 153
0.3 -0.523786 -0.35 153 153 153
0.3 -0.5 -0.392561 153 153 153
0.3 -0.546874 -0.3 153 153 153
0.3 -0.546874 0.3 153 153 153
0.3 -0.523786 0.35 153 153 153
0.3 -0.5 0.392561 153 153 153
0.294987 -0.5 0.4 153 153 153
0.25731 -0.5 0.45 153 153 153
0.3 -0.5 0.99574 153 153 153
0.274664 -0.5 1 153 153 153
0.35 -0.5 -0.970427 153 153 153
0.35 -0.516299 -0.35 153 153 153
0.35 -0.5 -0.394744 153 153 153
0.35 -0.531628 -0.3 153 153 153
0.35 -0.544233 -0.25 153 153 153
0.35 -0.544233 0.25 153 153 153
0.35 -0.531628 0.3 153 153 153
0.35 -0.516299 0.35 153 153 153
0.35 -0.5 0.394744 153 153 153
0.35 -0.5 0.970427 153 153 153
0.378388 -0.5 -0.95 153 153 153
0.4 -0.5 -0.929935 153 153 153
0.4 -0.5 -0.44854 153 153 153
0.354856 -0.5 -0.4 153 153 153
0.4 -0.514995 -0.4 153 153 153
0.4 -0.528337 -0.35 153 153 153
0.4 -0.539673 -0.3 153 153 153
0.4 -0.549108 -0.25 153 153 153
0.4 -0.549108 0.25 153 153 153
0.4 -0.539673 0.3 153 153 153
0.4 -0.528337 0.35 153 153 153
0.354856 -0.5 0.4 153 153 153
0.4 -0.514995 0.4 153 153 153
0.4 -0.5 0.44854 153 153 153
0.4 -0.5 0.929935 153 153 153
0.378387 -0.5 0.95 153 153 153
0.427586 -0.5 -0.9 153 153 153
0.45 -0.5 -0.86732 153 153 153
0.45 -0.5 -0.532313 153 153 153
0.431965 -0.5 -0.5 153 153 153
0.45 -0.509146 -0.5 153 153 153
0.400939 -0.5 -0.45 153 153 153
0.45 -0.522541 -0.45 153 153 153
0.45 -0.534541 -0.4 153 153 153
0.45 -0.545102 -0.35 153 153 153
0.45 -0.545102 0.35 153 153 153
0.45 -0.534541 0.4 153 153 153
0.400939 -0.5 0.45 153 153 153
0.45 -0.522541 0.45 153 153 153
0.431965 -0.5 0.5 153 153 153
0.45 -0.509146 0.5 153 153 153
0.45 -0.5 0.532313 153 153 153
0.45 -0.5 0.86732 153 153 153
0.427586 -0.5 0.9 153 153 153
0.46137 -0.5 -0.85 153 153 153
0.483701 -0.5 -0.8 153 153 153
0.5 -0.536169 -0.8 153 153 153
0.496556 -0.5 -0.75 153 153 153
0.5 -0.505031 -0.75 153 153 153
0.499907 -0.5 -0.7 153 153 153
0.5 -0.5001 -0.7 153 153 153
0.494156 -0.5 -0.65 153 153 153
0.5 -0.504943 -0.65 153 153 153
0.480157 -0.5 -0.6 153 153 153
0.5 -0.513824 -0.6 153 153 153
0.459172 -0.5 -0.55 153 153 153
0.5 -0.524252 -0.55 153 153 153
0.5 -0.534996 -0.5 153 153 153
0.5 -0.545396 -0.45 153 153 153
0.5 -0.545395 0.45 153 153 153
0.5 -0.534996 0.5 153 153 153
0.459172 -0.5 0.55 153 153 153
0.5 -0.524252 0.55 153 153 153
0.480157 -0.5 0.6 153 153 153
0.5 -0.513824 0.6 153 153 153
0.494156 -0.5 0.65 153 153 153
0.5 -0.504943 0.65 153 153 153
0.499907 -0.5 0.7 153 153 153
0.5 -0.5001 0.7 153 153 153
0.496556 -0.5 0.75 153 153 153
0.5 -0.505031 0.75 153 153 153
0.483701 -0.5 0.8 153 153 153
0.5 -0.536169 0.8 153 153 153
0.46137 -0.5 0.85 153 153 153
-0.45 -0.476366 -0.85 153 153 153
-0.45 -0.452379 -0.8 153 153 153
-0.45 -0.45098 -0.75 153 153 153
-0.45 -0.458514 -0.7 153 153 153
-0.45 -0.4698 -0.65 153 153 153
-0.45 -0.48248 -0.6 153 153 153
-0.45 -0.495354 -0.55 153 153 153
-0.45 -0.495354 0.55 153 153 153
-0.45 -0.48248 0.6 153 153 153
-0.45 -0.4698 0.65 153 153 153
-0.45 -0.458514 0.7 153 153 153
-0.45 -0.45098 0.75 153 153 153
-0.45 -0.452379 0.8 153 153 153
-0.45 -0.476366 0.85 153 153 153
-0.4 -0.45 -0.918325 153 153 153
-0.413049 -0.45 -0.9 153 153 153
-0.436299 -0.45 -0.85 153 153 153
-0.448212 -0.45 -0.8 153 153 153
-0.44903 -0.45 -0.75 153 153 153
-0.439545 -0.45 -0.7 153 153 153
-0.421066 -0.45 -0.65 153 153 153
-0.4 -0.452932 -0.6 153 153 153
-0.4 -0.45 -0.608974 153 153 153
-0.4 -0.469903 -0.55 153 153 153
-0.4 -0.485502 -0.5 153 153 153
-0.4 -0.49961 -0.45 153 153 153
-0.4 -0.49961 0.45 153 153 153
-0.4 -0.485502 0.5 153 153 153
-0.4 -0.469903 0.55 153 153 153
-0.4 -0.452932 0.6 153 153 153
-0.4 -0.45 0.608974 153 153 153
-0.421066 -0.45 0.65 153 153 153
-0.439545 -0.45 0.7 153 153 153
-0.44903 -0.45 0.75 153 153 153
-0.448212 -0.45 0.8 153 153 153
-0.436299 -0.45 0.85 153 153 153
-0.413049 -0.45 0.9 153 153 153
-0.4 -0.45 0.918325 153 153 153
-0.35 -0.45 -0.975049 153 153 153
-0.376107 -0.45 -0.95 153 153 153
-0.395021 -0.45 -0.6 153 153 153
-0.362369 -0.45 -0.55 153 153 153
-0.35 -0.463439 -0.5 153 153 153
-0.35 -0.45 -0.532629 153 153 153
-0.35 -0.482135 -0.45 153 153 153
-0.35 -0.498445 -0.4 153 153 153
-0.35 -0.498445 0.4 153 153 153
-0.35 -0.482135 0.45 153 153 153
-0.35 -0.463439 0.5 153 153 153
-0.35 -0.45 0.532629 153 153 153
-0.362369 -0.45 0.55 153 153 153
-0.395021 -0.45 0.6 153 153 153
-0.376107 -0.45 0.95 153 153 153
-0.35 -0.45 0.97505 153 153 153
-0.3 -0.45 -1.01036 153 153 153
-0.3 -0.487098 -1 153 153 153
-0.317592 -0.45 -1 153 153 153
-0.312195 -0.45 -0.5 153 153 153
-0.3 -0.472454 -0.45 153 153 153
-0.3 -0.45 -0.489904 153 153 153
-0.3 -0.496774 -0.4 153 153 153
-0.3 -0.496774 0.4 153 153 153
-0.3 -0.472454 0.45 153 153 153
-0.3 -0.45 0.489904 153 153 153
-0.312195 -0.45 0.5 153 153 153
-0.317592 -0.45 1 153 153 153
-0.3 -0.487097 1 153 153 153
-0.3 -0.45 1.01036 153 153 153
-0.25 -0.45 -1.02621 153 153 153
-0.25 -0.45 -0.503761 153 153 153
-0.263874 -0.45 -0.5 153 153 153
-0.25 -0.454547 -0.5 153 153 153
-0.263873 -0.45 0.5 153 153 153
-0.25 -0.454547 0.5 153 153 153
-0.25 -0.45 0.503761 153 153 153
-0.25 -0.45 1.02621 153 153 153
-0.2 -0.485812 -1 153 153 153
-0.2 -0.45 -1.02194 153 153 153
-0.2 -0.45 -0.586113 153 153 153
-0.222829 -0.45 -0.55 153 153 153
-0.222829 -0.45 0.55 153 153 153
-0.2 -0.45 0.586114 153 153 153
-0.2 -0.485812 1 153 153 153
-0.2 -0.45 1.02194 153 153 153
-0.16402 -0.45 -1 153 153 153
-0.15 -0.45 -0.984644 153 153 153
-0.15 -0.487255 -0.95 153 153 153
-0.15 -0.45 -0.726204 153 153 153
-0.158865 -0.45 -0.7 153 153 153
-0.177133 -0.45 -0.65 153 153 153
-0.195046 -0.45 -0.6 153 153 153
-0.195046 -0.45 0.6 153 153 153
-0.177133 -0.45 0.65 153 153 153
-0.158865 -0.45 0.7 153 153 153
-0.15 -0.45 0.726204 153 153 153
-0.15 -0.487255 0.95 153 153 153
-0.15 -0.45 0.984644 153 153 153
-0.16402 -0.45 1 153 153 153
-0.13127 -0.45 -0.95 153 153 153
-0.121551 -0.45 -0.9 153 153 153
-0.123051 -0.45 -0.85 153 153 153
-0.131214 -0.45 -0.8 153 153 153
-0.143137 -0.45 -0.75 153 153 153
-0.143137 -0.45 0.75 153 153 153
-0.131214 -0.45 0.8 153 153 153
-0.123051 -0.45 0.85 153 153 153
-0.121551 -0.45 0.9 153 153 153
-0.13127 -0.45 0.95 153 153 153
0.15 -0.45 -0.984644 153 153 153
0.15 -0.487255 -0.95 153 153 153
0.13127 -0.45 -0.95 153 153 153
0.121551 -0.45 -0.9 153 153 153
0.123051 -0.45 -0.85 153 153 153
0.131214 -0.45 -0.8 153 153 153
0.143137 -0.45 -0.75 153 153 153
0.15 -0.45 -0.726203 153 153 153
0.15 -0.45 0.726204 153 153 153
0.143137 -0.45 0.75 153 153 153
0.131214 -0.45 0.8 153 153 153
0.123051 -0.45 0.85 153 153 153
0.121551 -0.45 0.9 153 153 153
0.15 -0.487256 0.95 153 153 153
0.13127 -0.45 0.95 153 153 153
0.15 -0.45 0.984644 153 153 153
0.2 -0.45 -1.02194 153 153 153
0.2 -0.485813 -1 153 153 153
0.16402 -0.45 -1 153 153 153
0.158865 -0.45 -0.7 153 153 153
0.177133 -0.45 -0.65 153 153 153
0.195046 -0.45 -0.6 153 153 153
0.2 -0.45 -0.586113 153 153 153
0.2 -0.45 0.586113 153 153 153
0.195046 -0.45 0.6 153 153 153
0.177133 -0.45 0.65 153 153 153
0.158865 -0.45 0.7 153 153 153
0.16402 -0.45 1 153 153 153
0.2 -0.485812 1 153 153 153
0.2 -0.45 1.02194 153 153 153
0.25 -0.45 -1.02621 153 153 153
0.222829 -0.45 -0.55 153 153 153
0.25 -0.454547 -0.5 153 153 153
0.25 -0.45 -0.503761 153 153 153
0.25 -0.454546 0.5 153 153 153
0.25 -0.45 0.503761 153 153 153
0.222829 -0.45 0.55 153 153 153
0.25 -0.45 1.02621 153 153 153
0.3 -0.487097 -1 153 153 153
0.3 -0.45 -1.01036 153 153 153
0.263874 -0.45 -0.5 153 153 153
0.3 -0.472454 -0.45 153 153 153
0.3 -0.45 -0.489904 153 153 153
0.3 -0.496774 -0.4 153 153 153
0.3 -0.496774 0.4 153 153 153
0.3 -0.472454 0.45 153 153 153
0.3 -0.45 0.489904 153 153 153
0.263873 -0.45 0.5 153 153 153
0.3 -0.487097 1 153 153 153
0.3 -0.45 1.01036 153 153 153
0.317591 -0.45 -1 153 153 153
0.35 -0.45 -0.975049 153 153 153
0.35 -0.45 -0.532629 153 153 153
0.312195 -0.45 -0.5 153 153 153
0.35 -0.463439 -0.5 153 153 153
0.35 -0.482135 -0.45 153 153 153
0.35 -0.498445 -0.4 153 153 153
0.35 -0.498445 0.4 153 153 153
0.35 -0.482135 0.45 153 153 153
0.312195 -0.45 0.5 153 153 153
0.35 -0.463439 0.5 153 153 153
0.35 -0.45 0.532629 153 153 153
0.35 -0.45 0.975049 153 153 153
0.317591 -0.45 1 153 153 153
0.376107 -0.45 -0.95 153 153 153
0.4 -0.45 -0.918325 153 153 153
0.4 -0.45 -0.608974 153 153 153
0.395021 -0.45 -0.6 153 153 153
0.4 -0.452932 -0.6 153 153 153
0.362369 -0.45 -0.55 153 153 153
0.4 -0.469903 -0.55 153 153 153
0.4 -0.485502 -0.5 153 153 153
0.4 -0.49961 -0.45 153 153 153
0.4 -0.49961 0.45 153 153 153
0.4 -0.485502 0.5 153 153 153
0.362369 -0.45 0.55 153 153 153
0.4 -0.469903 0.55 153 153 153
0.395021 -0.45 0.6 153 153 153
0.4 -0.452932 0.6 153 153 153
0.4 -0.45 0.608974 153 153 153
0.4 -0.45 0.918325 153 153 153
0.376107 -0.45 0.95 153 153 153
0.413049 -0.45 -0.9 153 153 153
0.436299 -0.45 -0.85 153 153 153
0.45 -0.476366 -0.85 153 153 153
0.448212 -0.45 -0.8 153 153 153
0.45 -0.452379 -0.8 153 153 153
0.44903 -0.45 -0.75 153 153 153
0.45 -0.45098 -0.75 153 153 153
0.439545 -0.45 -0.7 153 153 153
0.45 -0.458514 -0.7 153 153 153
0.421066 -0.45 -0.65 153 153 153
0.45 -0.4698 -0.65 153 153 153
0.45 -0.48248 -0.6 153 153 153
0.45 -0.495354 -0.55 153 153 153
0.45 -0.495354 0.55 153 153 153
0.45 -0.48248 0.6 153 153 153
0.421066 -0.45 0.65 153 153 153
0.45 -0.4698 0.65 153 153 153
0.439545 -0.45 0.7 153 153 153
0.45 -0.458514 0.7 153 153 153
0.44903 -0.45 0.75 153 153 153
0.45 -0.45098 0.75 153 153 153
0.448212 -0.45 0.8 153 153 153
0.45 -0.452379 0.8 153 153 153
0.436299 -0.45 0.85 153 153 153
0.45 -0.476366 0.85 153 153 153
0.413049 -0.45 0.9 153 153 153
-0.4 -0.425434 -0.9 153 153 153
-0.4 -0.402012 -0.85 153 153 153
-0.4 -0.401423 -0.8 153 153 153
-0.4 -0.410272 -0.75 153 153 153
-0.4 -0.4232 -0.7 153 153 153
-0.4 -0.437687 -0.65 153 153 153
-0.4 -0.437687 0.65 153 153 153
-0.4 -0.4232 0.7 153 153 153
-0.4 -0.410272 0.75 153 153 153
-0.4 -0.401423 0.8 153 153 153
-0.4 -0.402013 0.85 153 153 153
-0.4 -0.425434 0.9 153 153 153
-0.35 -0.4 -0.963094 153 153 153
-0.360455 -0.4 -0.95 153 153 153
-0.385973 -0.4 -0.9 153 153 153
-0.398454 -0.4 -0.85 153 153 153
-0.398599 -0.4 -0.8 153 153 153
-0.387729 -0.4 -0.75 153 153 153
-0.36766 -0.4 -0.7 153 153 153
-0.35 -0.40658 -0.65 153 153 153
-0.35 -0.4 -0.667445 153 153 153
-0.35 -0.425998 -0.6 153 153 153
-0.35 -0.444001 -0.55 153 153 153
-0.35 -0.444001 0.55 153 153 153
-0.35 -0.425998 0.6 153 153 153
-0.35 -0.40658 0.65 153 153 153
-0.35 -0.4 0.667445 153 153 153
-0.36766 -0.4 0.7 153 153 153
-0.387729 -0.4 0.75 153 153 153
-0.398599 -0.4 0.8 153 153 153
-0.398454 -0.4 0.85 153 153 153
-0.385973 -0.4 0.9 153 153 153
-0.360455 -0.4 0.95 153 153 153
-0.35 -0.4 0.963094 153 153 153
-0.3 -0.4 -1.01469 153 153 153
-0.317869 -0.4 -1 153 153 153
-0.339685 -0.4 -0.65 153 153 153
-0.305155 -0.4 -0.6 153 153 153
-0.3 -0.422388 -0.55 153 153 153
-0.3 -0.4 -0.59313 153 153 153
-0.3 -0.445633 -0.5 153 153 153
-0.3 -0.445633 0.5 153 153 153
-0.3 -0.422388 0.55 153 153 153
-0.3 -0.4 0.593131 153 153 153
-0.305155 -0.4 0.6 153 153 153
-0.339685 -0.4 0.65 153 153 153
-0.317869 -0.4 1 153 153 153
-0.3 -0.4 1.01469 153 153 153
-0.25 -0.4 -1.04385 153 153 153
-0.25 -0.410395 -0.55 153 153 153
-0.25 -0.4 -0.56123 153 153 153
-0.25 -0.410394 0.55 153 153 153
-0.25 -0.4 0.56123 153 153 153
-0.25 -0.4 1.04385 153 153 153
-0.2 -0.4 -1.05101 153 153 153
-0.2 -0.402142 -1.05 153 153 153
-0.208712 -0.4 -1.05 153 153 153
-0.2 -0.4 -0.597273 153 153 153
-0.2 -0.4 0.597273 153 153 153
-0.208712 -0.4 1.05 153 153 153
-0.2 -0.402142 1.05 153 153 153
-0.2 -0.4 1.051 153 153 153
-0.196933 -0.4 -1.05 153 153 153
-0.15 -0.4 -1.0254 153 153 153
-0.15 -0.434948 -1 153 153 153
-0.15 -0.4 -0.708893 153 153 153
-0.153806 -0.4 -0.7 153 153 153
-0.176799 -0.4 -0.65 153 153 153
-0.198806 -0.4 -0.6 153 153 153
-0.198805 -0.4 0.6 153 153 153
-0.176799 -0.4 0.65 153 153 153
-0.153806 -0.4 0.7 153 153 153
-0.15 -0.4 0.708893 153 153 153
-0.15 -0.434948 1 153 153 153
-0.15 -0.4 1.0254 153 153 153
-0.196933 -0.4 1.05 153 153 153
-0.129704 -0.4 -1 153 153 153
-0.11135 -0.4 -0.95 153 153 153
-0.107946 -0.4 -0.9 153 153 153
-0.113486 -0.4 -0.85 153 153 153
-0.124212 -0.4 -0.8 153 153 153
-0.137717 -0.4 -0.75 153 153 153
-0.137717 -0.4 0.75 153 153 153
-0.124212 -0.4 0.8 153 153 153
-0.113486 -0.4 0.85 153 153 153
-0.107946 -0.4 0.9 153 153 153
-0.111351 -0.4 0.95 153 153 153
-0.129704 -0.4 1 153 153 153
0.15 -0.4 -1.0254 153 153 153
0.15 -0.434948 -1 153 153 153
0.129704 -0.4 -1 153 153 153
0.111351 -0.4 -0.95 153 153 153
0.107946 -0.4 -0.9 153 153 153
0.113486 -0.4 -0.85 153 153 153
0.124212 -0.4 -0.8 153 153 153
0.137717 -0.4 -0.75 153 153 153
0.15 -0.4 -0.708893 153 153 153
0.15 -0.4 0.708893 153 153 153
0.137717 -0.4 0.75 153 153 153
0.124212 -0.4 0.8 153 153 153
0.113486 -0.4 0.85 153 153 153
0.107946 -0.4 0.9 153 153 153
0.111351 -0.4 0.95 153 153 153
0.15 -0.434948 1 153 153 153
0.129704 -0.4 1 153 153 153
0.15 -0.4 1.0254 153 153 153
0.2 -0.4 -1.05101 153 153 153
0.2 -0.402142 -1.05 153 153 153
0.196933 -0.4 -1.05 153 153 153
0.153806 -0.4 -0.7 153 153 153
0.176799 -0.4 -0.65 153 153 153
0.198806 -0.4 -0.6 153 153 153
0.2 -0.4 -0.597273 153 153 153
0.2 -0.4 0.597273 153 153 153
0.198806 -0.4 0.6 153 153 153
0.176799 -0.4 0.65 153 153 153
0.153806 -0.4 0.7 153 153 153
0.196933 -0.4 1.05 153 153 153
0.2 -0.402142 1.05 153 153 153
0.2 -0.4 1.05101 153 153 153
0.208712 -0.4 -1.05 153 153 153
0.25 -0.4 -1.04385 153 153 153
0.25 -0.410395 -0.55 153 153 153
0.25 -0.4 -0.56123 153 153 153
0.25 -0.410395 0.55 153 153 153
0.25 -0.4 0.56123 153 153 153
0.25 -0.4 1.04385 153 153 153
0.208712 -0.4 1.05 153 153 153
0.3 -0.4 -1.01469 153 153 153
0.3 -0.422388 -0.55 153 153 153
0.3 -0.4 -0.593131 153 153 153
0.3 -0.445633 -0.5 153 153 153
0.3 -0.445633 0.5 153 153 153
0.3 -0.422388 0.55 153 153 153
0.3 -0.4 0.593131 153 153 153
0.3 -0.4 1.01469 153 153 153
0.317869 -0.4 -1 153 153 153
0.35 -0.4 -0.963094 153 153 153
0.35 -0.4 -0.667445 153 153 153
0.339684 -0.4 -0.65 153 153 153
0.35 -0.40658 -0.65 153 153 153
0.305155 -0.4 -0.6 153 153 153
0.35 -0.425998 -0.6 153 153 153
0.35 -0.444001 -0.55 153 153 153
0.35 -0.444001 0.55 153 153 153
0.305155 -0.4 0.6 153 153 153
0.35 -0.425998 0.6 153 153 153
0.339685 -0.4 0.65 153 153 153
0.35 -0.40658 0.65 153 153 153
0.35 -0.4 0.667445 153 153 153
0.35 -0.4 0.963094 153 153 153
0.317869 -0.4 1 153 153 153
0.360455 -0.4 -0.95 153 153 153
0.385974 -0.4 -0.9 153 153 153
0.4 -0.425434 -0.9 153 153 153
0.398454 -0.4 -0.85 153 153 153
0.4 -0.402013 -0.85 153 153 153
0.398599 -0.4 -0.8 153 153 153
0.4 -0.401423 -0.8 153 153 153
0.387729 -0.4 -0.75 153 153 153
0.4 -0.410273 -0.75 153 153 153
0.36766 -0.4 -0.7 153 153 153
0.4 -0.4232 -0.7 153 153 153
0.4 -0.437687 -0.65 153 153 153
0.4 -0.437687 0.65 153 153 153
0.36766 -0.4 0.7 153 153 153
0.4 -0.4232 0.7 153 153 153
0.387728 -0.4 0.75 153 153 153
0.4 -0.410272 0.75 153 153 153
0.398599 -0.4 0.8 153 153 153
0.4 -0.401423 0.8 153 153 153
0.398454 -0.4 0.85 153 153 153
0.4 -0.402013 0.85 153 153 153
0.385974 -0.4 0.9 153 153 153
0.4 -0.425434 0.9 153 153 153
0.360455 -0.4 0.95 153 153 153
-0.35 -0.381219 -0.95 153 153 153
-0.35 -0.353262 -0.9 153 153 153
-0.35 -0.350916 -0.85 153 153 153
-0.35 -0.35962 -0.8 153 153 153
-0.35 -0.373305 -0.75 153 153 153
-0.35 -0.38904 -0.7 153 153 153
-0.35 -0.38904 0.7 153 153 153
-0.35 -0.373305 0.75 153 153 153
-0.35 -0.35962 0.8 153 153 153
-0.35 -0.350916 0.85 153 153 153
-0.35 -0.353262 0.9 153 153 153
-0.35 -0.381219 0.95 153 153 153
-0.3 -0.35 -1.00332 153 153 153
-0.303052 -0.35 -1 153 153 153
-0.332627 -0.35 -0.95 153 153 153
-0.347554 -0.35 -0.9 153 153 153
-0.349142 -0.35 -0.85 153 153 153
-0.339298 -0.35 -0.8 153 153 153
-0.320314 -0.35 -0.75 153 153 153
-0.3 -0.354396 -0.7 153 153 153
-0.3 -0.35 -0.710585 153 153 153
-0.3 -0.376498 -0.65 153 153 153
-0.3 -0.397193 -0.6 153 153 153
-0.3 -0.397193 0.6 153 153 153
-0.3 -0.376498 0.65 153 153 153
-0.3 -0.354396 0.7 153 153 153
-0.3 -0.35 0.710585 153 153 153
-0.320314 -0.35 0.75 153 153 153
-0.339298 -0.35 0.8 153 153 153
-0.349142 -0.35 0.85 153 153 153
-0.347554 -0.35 0.9 153 153 153
-0.332627 -0.35 0.95 153 153 153
-0.303052 -0.35 1 153 153 153
-0.3 -0.35 1.00332 153 153 153
-0.25 -0.35 -1.05041 153 153 153
-0.25 -0.35378 -1.05 153 153 153
-0.250603 -0.35 -1.05 153 153 153
-0.293801 -0.35 -0.7 153 153 153
-0.259264 -0.35 -0.65 153 153 153
-0.25 -0.375618 -0.6 153 153 153
-0.25 -0.35 -0.6377 153 153 153
-0.25 -0.375618 0.6 153 153 153
-0.25 -0.35 0.6377 153 153 153
-0.259264 -0.35 0.65 153 153 153
-0.293801 -0.35 0.7 153 153 153
-0.250603 -0.35 1.05 153 153 153
-0.25 -0.353779 1.05 153 153 153
-0.25 -0.35 1.05041 153 153 153
-0.2 -0.35 -1.06865 153 153 153
-0.2 -0.394528 -0.6 153 153 153
-0.2 -0.35 -0.621782 255 216 0
-0.2 -0.394528 0.6 153 153 153
-0.2 -0.35 0.621782 255 216 0
-0.2 -0.35 1.06865 153 153 153
-0.15 -0.367404 -1.05 153 153 153
-0.15 -0.35 -1.05976 153 153 153
-0.15 -0.374234 -0.7 153 153 153
-0.15 -0.35 -0.693332 153 153 153
-0.180558 -0.35 -0.65 153 153 153
-0.180557 -0.35 0.65 153 153 153
-0.15 -0.374235 0.7 153 153 153
-0.15 -0.35 0.693332 153 153 153
-0.15 -0.367404 1.05 153 153 153
-0.15 -0.35 1.05976 153 153 153
-0.138122 -0.35 -1.05 153 153 153
-0.104806 -0.35 -1 153 153 153
-0.0999999 -0.369072 -0.95 153 153 153
-0.0999999 -0.35 -0.98095 153 153 153
-0.0999999 -0.370826 -0.9 153 153 153
-0.0999999 -0.35 -0.87007 153 153 153
-0.103337 -0.35 -0.85 153 153 153
-0.116474 -0.35 -0.8 153 153 153
-0.131733 -0.35 -0.75 153 153 153
-0.147741 -0.35 -0.7 153 153 153
-0.147741 -0.35 0.7 153 153 153
-0.131733 -0.35 0.75 153 153 153
-0.116474 -0.35 0.8 153 153 153
-0.103337 -0.35 0.85 153 153 153
-0.0999999 -0.370827 0.9 153 153 153
-0.0999999 -0.35 0.870069 153 153 153
-0.0999999 -0.369072 0.95 153 153 153
-0.0999999 -0.35 0.980949 153 153 153
-0.104806 -0.35 1 153 153 153
-0.138122 -0.35 1.05 153 153 153
-0.0941126 -0.35 -0.95 153 153 153
-0.0951569 -0.35 -0.9 153 153 153
-0.0951569 -0.35 0.9 153 153 153
-0.0941129 -0.35 0.95 153 153 153
0.1 -0.35 -0.98095 153 153 153
0.1 -0.369072 -0.95 153 153 153
0.0941129 -0.35 -0.95 153 153 153
0.1 -0.370827 -0.9 153 153 153
0.0951569 -0.35 -0.9 153 153 153
0.1 -0.35 -0.870069 153 153 153
0.1 -0.35 0.870069 153 153 153
0.1 -0.370827 0.9 153 153 153
0.0951569 -0.35 0.9 153 153 153
0.1 -0.369072 0.95 153 153 153
0.0941129 -0.35 0.95 153 153 153
0.1 -0.35 0.98095 153 153 153
0.15 -0.35 -1.05976 153 153 153
0.15 -0.367404 -1.05 153 153 153
0.138121 -0.35 -1.05 153 153 153
0.104807 -0.35 -1 153 153 153
0.103337 -0.35 -0.85 153 153 153
0.116474 -0.35 -0.8 153 153 153
0.131733 -0.35 -0.75 153 153 153
0.15 -0.374235 -0.7 153 153 153
0.147741 -0.35 -0.7 153 153 153
0.15 -0.35 -0.693331 153 153 153
0.15 -0.35 0.693331 153 153 153
0.15 -0.374236 0.7 153 153 153
0.147741 -0.35 0.7 153 153 153
0.131733 -0.35 0.75 153 153 153
0.116474 -0.35 0.8 153 153 153
0.103336 -0.35 0.85 153 153 153
0.104806 -0.35 1 153 153 153
0.15 -0.367404 1.05 153 153 153
0.138121 -0.35 1.05 153 153 153
0.15 -0.35 1.05976 153 153 153
0.2 -0.35 -1.06865 153 153 153
0.180557 -0.35 -0.65 153 153 153
0.2 -0.394528 -0.6 153 153 153
0.2 -0.35 -0.621782 255 216 0
0.2 -0.394528 0.6 153 153 153
0.2 -0.35 0.621782 255 216 0
0.180557 -0.35 0.65 153 153 153
0.2 -0.35 1.06865 153 153 153
0.25 -0.35378 -1.05 153 153 153
0.25 -0.35 -1.05041 153 153 153
0.25 -0.375618 -0.6 153 153 153
0.25 -0.35 -0.6377 153 153 153
0.25 -0.375618 0.6 153 153 153
0.25 -0.35 0.6377 153 153 153
0.25 -0.353779 1.05 153 153 153
0.25 -0.35 1.05041 153 153 153
0.250603 -0.35 -1.05 153 153 153
0.3 -0.35 -1.00332 153 153 153
0.3 -0.35 -0.710585 153 153 153
0.293801 -0.35 -0.7 153 153 153
0.3 -0.354396 -0.7 153 153 153
0.259264 -0.35 -0.65 153 153 153
0.3 -0.376498 -0.65 153 153 153
0.3 -0.397193 -0.6 153 153 153
0.3 -0.397193 0.6 153 153 153
0.259264 -0.35 0.65 153 153 153
0.3 -0.376498 0.65 153 153 153
0.293801 -0.35 0.7 153 153 153
0.3 -0.354396 0.7 153 153 153
0.3 -0.35 0.710585 153 153 153
0.3 -0.35 1.00332 153 153 153
0.250603 -0.35 1.05 153 153 153
0.303052 -0.35 -1 153 153 153
0.332626 -0.35 -0.95 153 153 153
0.35 -0.381219 -0.95 153 153 153
0.347554 -0.35 -0.9 153 153 153
0.35 -0.353262 -0.9 153 153 153
0.349143 -0.35 -0.85 153 153 153
0.35 -0.350916 -0.85 153 153 153
0.339298 -0.35 -0.8 153 153 153
0.35 -0.35962 -0.8 153 153 153
0.320314 -0.35 -0.75 153 153 153
0.35 -0.373305 -0.75 153 153 153
0.35 -0.38904 -0.7 153 153 153
0.35 -0.38904 0.7 153 153 153
0.320314 -0.35 0.75 153 153 153
0.35 -0.373305 0.75 153 153 153
0.339298 -0.35 0.8 153 153 153
0.35 -0.359621 0.8 153 153 153
0.349142 -0.35 0.85 153 153 153
0.35 -0.350916 0.85 153 153 153
0.347554 -0.35 0.9 153 153 153
0.35 -0.353262 0.9 153 153 153
0.332626 -0.35 0.95 153 153 153
0.35 -0.381219 0.95 153 153 153
0.303052 -0.35 1 153 153 153
-0.3 -0.344626 -1 153 153 153
-0.3 -0.30714 -0.95 153 153 153
-0.3 -0.300085 -0.9 153 153 153
-0.3 -0.306787 -0.85 153 153 153
-0.3 -0.32001 -0.8 153 153 153
-0.3 -0.336168 -0.75 153 153 153
-0.3 -0.336168 0.75 153 153 153
-0.3 -0.320009 0.8 153 153 153
-0.3 -0.306787 0.85 153 153 153
-0.3 -0.300085 0.9 153 153 153
-0.3 -0.30714 0.95 153 153 153
-0.3 -0.344626 1 153 153 153
-0.25 -0.347629 -1.05 153 153 153
-0.25 -0.3 -1.03577 153 153 153
-0.275551 -0.3 -1 153 153 153
-0.294901 -0.3 -0.95 153 153 153
-0.299926 -0.3 -0.9 153 153 153
-0.293138 -0.3 -0.85 153 153 153
-0.27725 -0.3 -0.8 153 153 153
-0.254921 -0.3 -0.75 153 153 153
-0.25 -0.320228 -0.7 153 153 153
-0.25 -0.3 -0.740936 153 153 153
-0.25 -0.344164 -0.65 153 153 153
-0.25 -0.344164 0.65 153 153 153
-0.25 -0.320228 0.7 153 153 153
-0.25 -0.3 0.740936 153 153 153
-0.254921 -0.3 0.75 153 153 153
-0.27725 -0.3 0.8 153 153 153
-0.293138 -0.3 0.85 153 153 153
-0.299926 -0.3 0.9 153 153 153
-0.294901 -0.3 0.95 153 153 153
-0.275551 -0.3 1 153 153 153
-0.25 -0.347629 1.05 153 153 153
-0.25 -0.3 1.03577 153 153 153
-0.236966 -0.3 -1.05 153 153 153
-0.2 -0.3 -1.07693 153 153 153
-0.222072 -0.3 -0.7 153 153 153
-0.2 -0.321353 -0.65 153 153 153
-0.2 -0.3 -0.67062 153 153 153
-0.2 -0.321353 0.65 153 153 153
-0.2 -0.3 0.67062 153 153 153
-0.222072 -0.3 0.7 153 153 153
-0.236966 -0.3 1.05 153 153 153
-0.2 -0.3 1.07693 153 153 153
-0.15 -0.3 -1.08494 153 153 153
-0.15 -0.3 -0.68483 153 153 153
-0.15 -0.3 0.68483 153 153 153
-0.15 -0.3 1.08494 153 153 153
-0.105611 -0.3 -1.05 153 153 153
-0.0999999 -0.340636 -1 153 153 153
-0.0999999 -0.3 -1.04146 153 153 153
-0.0999999 -0.337444 -0.85 153 153 153
-0.0999999 -0.3 -0.818807 153 153 153
-0.106036 -0.3 -0.8 153 153 153
-0.124854 -0.3 -0.75 153 153 153
-0.144031 -0.3 -0.7 153 153 153
-0.14403 -0.3 0.7 153 153 153
-0.124853 -0.3 0.75 153 153 153
-0.106036 -0.3 0.8 153 153 153
-0.0999999 -0.337444 0.85 153 153 153
-0.0999999 -0.3 0.818807 153 153 153
-0.0999999 -0.340636 1 153 153 153
-0.0999999 -0.3 1.04146 153 153 153
-0.105611 -0.3 1.05 153 153 153
-0.085263 -0.3 -1 153 153 153
-0.0804493 -0.3 -0.95 153 153 153
-0.0840027 -0.3 -0.9 153 153 153
-0.0926137 -0.3 -0.85 153 153 153
-0.0926137 -0.3 0.85 153 153 153
-0.0840027 -0.3 0.9 153 153 153
-0.0804493 -0.3 0.95 153 153 153
-0.0852633 -0.3 1 153 153 153
0.1 -0.3 -1.04146 153 153 153
0.1 -0.340636 -1 153 153 153
0.085263 -0.3 -1 153 153 153
0.0804493 -0.3 -0.95 153 153 153
0.0840025 -0.3 -0.9 153 153 153
0.1 -0.337445 -0.85 153 153 153
0.0926137 -0.3 -0.85 153 153 153
0.1 -0.3 -0.818807 153 153 153
0.1 -0.3 0.818807 153 153 153
0.1 -0.337445 0.85 153 153 153
0.0926137 -0.3 0.85 153 153 153
0.0840025 -0.3 0.9 153 153 153
0.0804493 -0.3 0.95 153 153 153
0.1 -0.340636 1 153 153 153
0.085263 -0.3 1 153 153 153
0.1 -0.3 1.04146 153 153 153
0.15 -0.3 -1.08494 153 153 153
0.105611 -0.3 -1.05 153 153 153
0.106036 -0.3 -0.8 153 153 153
0.124854 -0.3 -0.75 153 153 153
0.144031 -0.3 -0.7 153 153 153
0.15 -0.3 -0.684829 153 153 153
0.15 -0.3 0.68483 153 153 153
0.144031 -0.3 0.7 153 153 153
0.124854 -0.3 0.75 153 153 153
0.106036 -0.3 0.8 153 153 153
0.105611 -0.3 1.05 153 153 153
0.15 -0.3 1.08494 153 153 153
0.2 -0.3 -1.07693 153 153 153
0.2 -0.321353 -0.65 153 153 153
0.2 -0.3 -0.67062 153 153 153
0.2 -0.321353 0.65 153 153 153
0.2 -0.3 0.67062 153 153 153
0.2 -0.3 1.07693 153 153 153
0.236966 -0.3 -1.05 153 153 153
0.25 -0.347629 -1.05 153 153 153
0.25 -0.3 -1.03577 153 153 153
0.25 -0.3 -0.740936 153 153 153
0.222072 -0.3 -0.7 153 153 153
0.25 -0.320228 -0.7 153 153 153
0.25 -0.344165 -0.65 153 153 153
0.25 -0.344164 0.65 153 153 153
0.222072 -0.3 0.7 153 153 153
0.25 -0.320228 0.7 153 153 153
0.25 -0.3 0.740936 153 153 153
0.25 -0.3 1.03577 153 153 153
0.236966 -0.3 1.05 153 153 153
0.25 -0.347629 1.05 153 153 153
0.275551 -0.3 -1 153 153 153
0.3 -0.344626 -1 153 153 153
0.294901 -0.3 -0.95 153 153 153
0.3 -0.30714 -0.95 153 153 153
0.299926 -0.3 -0.9 153 153 153
0.3 -0.300085 -0.9 153 153 153
0.293138 -0.3 -0.85 153 153 153
0.3 -0.306787 -0.85 153 153 153
0.27725 -0.3 -0.8 153 153 153
0.3 -0.32001 -0.8 153 153 153
0.254921 -0.3 -0.75 153 153 153
0.3 -0.336168 -0.75 153 153 153
0.254921 -0.3 0.75 153 153 153
0.3 -0.336168 0.75 153 153 153
0.27725 -0.3 0.8 153 153 153
0.3 -0.32001 0.8 153 153 153
0.293138 -0.3 0.85 153 153 153
0.3 -0.306787 0.85 153 153 153
0.299926 -0.3 0.9 153 153 153
0.3 -0.300085 0.9 153 153 153
0.294901 -0.3 0.95 153 153 153
0.3 -0.30714 0.95 153 153 153
0.275551 -0.3 1 153 153 153
0.3 -0.344626 1 153 153 153
-1.05 -0.25 -0.229 153 153 153
-1.05 -0.253528 -0.2 153 153 153
-1.0582 -0.25 -0.2 153 153 153
-1.05 -0.257841 -0.15 153 153 153
-1.07047 -0.25 -0.15 153 153 153
-1.05 -0.260691 -0.0999999 153 153 153
-1.08062 -0.25 -0.0999999 153 153 153
-1.05 -0.262311 -0.05 153 153 153
-1.08742 -0.25 -0.05 153 153 153
-1.05 -0.262835 0 153 153 153
-1.08983 -0.25 0 153 153 153
-1.05 -0.262311 0.05 153 153 153
-1.08742 -0.25 0.05 153 153 153
-1.05 -0.260691 0.1 153 153 153
-1.08062 -0.25 0.1 153 153 153
-1.05 -0.25784 0.15 153 153 153
-1.07047 -0.25 0.15 153 153 153
-1.05 -0.253528 0.2 153 153 153
-1.0582 -0.25 0.2 153 153 153
-1.05 -0.25 0.229 153 153 153
-1 -0.25 -0.318428 153 153 153
-1 -0.25256 -0.3 153 153 153
-1.00931 -0.25 -0.3 153 153 153
-1 -0.257432 -0.25 153 153 153
-1.03689 -0.25 -0.25 153 153 153
-1 -0.260719 -0.2 153 153 153
-1 -0.262846 -0.15 153 153 153
-1 -0.264138 -0.0999999 153 153 153
-1 -0.264823 -0.05 153 153 153
-1 -0.265036 0 153 153 153
-1 -0.264823 0.05 153 153 153
-1 -0.264138 0.1 153 153 153
-1 -0.262846 0.15 153 153 153
-1 -0.260719 0.2 153 153 153
-1.03689 -0.25 0.25 153 153 153
-1 -0.257432 0.25 153 153 153
-1 -0.252561 0.3 153 153 153
-1.00931 -0.25 0.3 153 153 153
-1 -0.25 0.318428 153 153 153
-0.95 -0.25 -0.344558 153 153 153
-0.95 -0.252618 -0.3 153 153 153
-0.95 -0.254078 -0.25 153 153 153
-0.95 -0.254586 -0.2 153 153 153
-0.95 -0.254561 -0.15 153 153 153
-0.95 -0.254324 -0.0999999 153 153 153
-0.95 -0.254094 -0.05 153 153 153
-0.95 -0.254003 0 153 153 153
-0.95 -0.254094 0.05 153 153 153
-0.95 -0.254324 0.1 153 153 153
-0.95 -0.254561 0.15 153 153 153
-0.95 -0.254586 0.2 153 153 153
-0.95 -0.254078 0.25 153 153 153
-0.95 -0.252618 0.3 153 153 153
-0.95 -0.25 0.344559 153 153 153
-0.939566 -0.25 -0.3 153 153 153
-0.937147 -0.25 -0.25 153 153 153
-0.93763 -0.25 -0.2 153 153 153
-0.938919 -0.25 -0.15 153 153 153
-0.940187 -0.25 -0.0999999 153 153 153
-0.941057 -0.25 -0.05 153 153 153
-0.941364 -0.25 0 153 153 153
-0.941057 -0.25 0.05 153 153 153
-0.940187 -0.25 0.1 153 153 153
-0.938919 -0.25 0.15 153 153 153
-0.93763 -0.25 0.2 153 153 153
-0.937147 -0.25 0.25 153 153 153
-0.939566 -0.25 0.3 153 153 153
-0.25 -0.265787 -1 153 153 153
-0.25 -0.250623 -0.95 153 153 153
-0.25 -0.252939 -0.9 153 153 153
-0.25 -0.264007 -0.85 153 153 153
-0.25 -0.279364 -0.8 153 153 153
-0.25 -0.29655 -0.75 153 153 153
-0.25 -0.29655 0.75 153 153 153
-0.25 -0.279364 0.8 153 153 153
-0.25 -0.264007 0.85 153 153 153
-0.25 -0.252939 0.9 153 153 153
-0.25 -0.250623 0.95 153 153 153
-0.25 -0.265787 1 153 153 153
-0.2 -0.25 -1.06564 153 153 153
-0.213611 -0.25 -1.05 153 153 153
-0.239316 -0.25 -1 153 153 153
-0.2495 -0.25 -0.95 153 153 153
-0.24732 -0.25 -0.9 153 153 153
-0.235887 -0.25 -0.85 153 153 153
-0.21804 -0.25 -0.8 153 153 153
-0.2 -0.254875 -0.75 153 153 153
-0.2 -0.25 -0.759051 153 153 153
-0.2 -0.283573 -0.7 153 153 153
-0.2 -0.283572 0.7 153 153 153
-0.2 -0.254875 0.75 153 153 153
-0.2 -0.25 0.759051 153 153 153
-0.21804 -0.25 0.8 153 153 153
-0.235887 -0.25 0.85 153 153 153
-0.24732 -0.25 0.9 153 153 153
-0.2495 -0.25 0.95 153 153 153
-0.239317 -0.25 1 153 153 153
-0.213611 -0.25 1.05 153 153 153
-0.2 -0.25 1.06564 153 153 153
-0.15 -0.25 -1.10112 153 153 153
-0.15 -0.254447 -1.1 153 153 153
-0.152223 -0.25 -1.1 153 153 153
-0.193463 -0.25 -0.75 153 153 153
-0.152024 -0.25 -0.7 153 153 153
-0.15 -0.25 -0.697734 255 216 0
-0.152024 -0.25 0.7 153 153 153
-0.15 -0.25 0.697735 255 216 0
-0.193463 -0.25 0.75 153 153 153
-0.152223 -0.25 1.1 153 153 153
-0.15 -0.254447 1.1 153 153 153
-0.15 -0.25 1.10112 153 153 153
-0.145757 -0.25 -1.1 153 153 153
-0.0999999 -0.25 -1.08088 153 153 153
-0.0999999 -0.292648 -1.05 153 153 153
-0.0999999 -0.281744 -0.8 153 153 153
-0.0999999 -0.25 -0.775467 153 153 153
-0.115978 -0.25 -0.75 153 153 153
-0.148485 -0.25 -0.7 255 216 0
-0.148485 -0.25 0.7 255 216 0
-0.115978 -0.25 0.75 153 153 153
-0.0999999 -0.281745 0.8 153 153 153
-0.0999999 -0.25 0.775467 153 153 153
-0.0999999 -0.292648 1.05 153 153 153
-0.0999999 -0.25 1.08088 153 153 153
-0.145757 -0.25 1.1 153 153 153
-0.0827751 -0.25 -1.05 153 153 153
-0.0703297 -0.25 -1 153 153 153
-0.0686448 -0.25 -0.95 153 153 153
-0.0736561 -0.25 -0.9 153 153 153
-0.0826495 -0.25 -0.85 153 153 153
-0.0938084 -0.25 -0.8 153 153 153
-0.0938087 -0.25 0.8 153 153 153
-0.0826495 -0.25 0.85 153 153 153
-0.0736561 -0.25 0.9 153 153 153
-0.0686448 -0.25 0.95 153 153 153
-0.0703297 -0.25 1 153 153 153
-0.0827751 -0.25 1.05 153 153 153
0.1 -0.25 -1.08088 153 153 153
0.1 -0.292648 -1.05 153 153 153
0.0827751 -0.25 -1.05 153 153 153
0.0703297 -0.25 -1 153 153 153
0.068645 -0.25 -0.95 153 153 153
0.0736561 -0.25 -0.9 153 153 153
0.0826497 -0.25 -0.85 153 153 153
0.1 -0.281745 -0.8 153 153 153
0.0938087 -0.25 -0.8 153 153 153
0.1 -0.25 -0.775467 153 153 153
0.1 -0.25 0.775467 153 153 153
0.1 -0.281745 0.8 153 153 153
0.0938089 -0.25 0.8 153 153 153
0.0826497 -0.25 0.85 153 153 153
0.0736558 -0.25 0.9 153 153 153
0.068645 -0.25 0.95 153 153 153
0.0703297 -0.25 1 153 153 153
0.1 -0.292648 1.05 153 153 153
0.0827751 -0.25 1.05 153 153 153
0.1 -0.25 1.08088 153 153 153
0.15 -0.25 -1.10112 153 153 153
0.15 -0.254447 -1.1 153 153 153
0.145757 -0.25 -1.1 153 153 153
0.115978 -0.25 -0.75 153 153 153
0.148485 -0.25 -0.7 255 216 0
0.15 -0.25 -0.697734 255 216 0
0.15 -0.25 0.697735 255 216 0
0.148485 -0.25 0.7 255 216 0
0.115978 -0.25 0.75 153 153 153
0.145757 -0.25 1.1 153 153 153
0.15 -0.254447 1.1 153 153 153
0.15 -0.25 1.10112 153 153 153
0.152223 -0.25 -1.1 153 153 153
0.2 -0.25 -1.06564 153 153 153
0.2 -0.25 -0.759051 153 153 153
0.193462 -0.25 -0.75 153 153 153
0.2 -0.254875 -0.75 153 153 153
0.152024 -0.25 -0.7 153 153 153
0.2 -0.283573 -0.7 153 153 153
0.152024 -0.25 0.7 153 153 153
0.2 -0.283572 0.7 153 153 153
0.193463 -0.25 0.75 153 153 153
0.2 -0.254875 0.75 153 153 153
0.2 -0.25 0.759051 153 153 153
0.2 -0.25 1.06564 153 153 153
0.152223 -0.25 1.1 153 153 153
0.213611 -0.25 -1.05 153 153 153
0.239317 -0.25 -1 153 153 153
0.25 -0.265787 -1 153 153 153
0.2495 -0.25 -0.95 153 153 153
0.25 -0.250623 -0.95 153 153 153
0.24732 -0.25 -0.9 153 153 153
0.25 -0.252939 -0.9 153 153 153
0.235886 -0.25 -0.85 153 153 153
0.25 -0.264007 -0.85 153 153 153
0.21804 -0.25 -0.8 153 153 153
0.25 -0.279364 -0.8 153 153 153
0.25 -0.29655 -0.75 153 153 153
0.25 -0.29655 0.75 153 153 153
0.21804 -0.25 0.8 153 153 153
0.25 -0.279364 0.8 153 153 153
0.235887 -0.25 0.85 153 153 153
0.25 -0.264007 0.85 153 153 153
0.24732 -0.25 0.9 153 153 153
0.25 -0.252939 0.9 153 153 153
0.2495 -0.25 0.95 153 153 153
0.25 -0.250623 0.95 153 153 153
0.239317 -0.25 1 153 153 153
0.25 -0.265788 1 153 153 153
0.213611 -0.25 1.05 153 153 153
0.95 -0.25 -0.344558 153 153 153
0.95 -0.252619 -0.3 153 153 153
0.939566 -0.25 -0.3 153 153 153
0.95 -0.254078 -0.25 153 153 153
0.937147 -0.25 -0.25 153 153 153
0.95 -0.254586 -0.2 153 153 153
0.93763 -0.25 -0.2 153 153 153
0.95 -0.254561 -0.15 153 153 153
0.938919 -0.25 -0.15 153 153 153
0.95 -0.254324 -0.0999999 153 153 153
0.940187 -0.25 -0.0999999 153 153 153
0.95 -0.254094 -0.05 153 153 153
0.941057 -0.25 -0.05 153 153 153
0.95 -0.254003 0 153 153 153
0.941364 -0.25 0 153 153 153
0.95 -0.254094 0.05 153 153 153
0.941057 -0.25 0.05 153 153 153
0.95 -0.254324 0.1 153 153 153
0.940187 -0.25 0.1 153 153 153
0.95 -0.254561 0.15 153 153 153
0.93892 -0.25 0.15 153 153 153
0.95 -0.254586 0.2 153 153 153
0.93763 -0.25 0.2 153 153 153
0.95 -0.254078 0.25 153 153 153
0.937147 -0.25 0.25 153 153 153
0.95 -0.252619 0.3 153 153 153
0.939566 -0.25 0.3 153 153 153
0.95 -0.25 0.344559 153 153 153
1 -0.25 -0.318428 153 153 153
1 -0.252561 -0.3 153 153 153
1 -0.257432 -0.25 153 153 153
1 -0.260719 -0.2 153 153 153
1 -0.262846 -0.15 153 153 153
1 -0.264138 -0.0999999 153 153 153
1 -0.264823 -0.05 153 153 153
1 -0.265036 0 153 153 153
1 -0.264823 0.05 153 153 153
1 -0.264138 0.1 153 153 153
1 -0.262846 0.15 153 153 153
1 -0.260719 0.2 153 153 153
1 -0.257432 0.25 153 153 153
1 -0.25256 0.3 153 153 153
1 -0.25 0.318428 153 153 153
1.00931 -0.25 -0.3 153 153 153
1.03689 -0.25 -0.25 153 153 153
1.05 -0.25 -0.228999 153 153 153
1.05 -0.253528 -0.2 153 153 153
1.05 -0.257841 -0.15 153 153 153
1.05 -0.260691 -0.0999999 153 153 153
1.05 -0.262311 -0.05 153 153 153
1.05 -0.262835 0 153 153 153
1.05 -0.262311 0.05 153 153 153
1.05 -0.260691 0.1 153 153 153
1.05 -0.257841 0.15 153 153 153
1.05 -0.253528 0.2 153 153 153
1.05 -0.25 0.228999 153 153 153
1.03689 -0.25 0.25 153 153 153
1.00931 -0.25 0.3 153 153 153
1.0582 -0.25 -0.2 153 153 153
1.07048 -0.25 -0.15 153 153 153
1.08062 -0.25 -0.0999999 153 153 153
1.08742 -0.25 -0.05 153 153 153
1.08983 -0.25 0 153 153 153
1.08742 -0.25 0.05 153 153 153
1.08062 -0.25 0.1 153 153 153
1.07048 -0.25 0.15 153 153 153
1.0582 -0.25 0.2 153 153 153
-1.15 -0.2 -0.156081 153 153 153
-1.15 -0.20117 -0.15 153 153 153
-1.15106 -0.2 -0.15 153 153 153
-1.15 -0.207811 -0.0999999 153 153 153
-1.15736 -0.2 -0.0999999 153 153 153
-1.15 -0.211693 -0.05 153 153 153
-1.16127 -0.2 -0.05 153 153 153
-1.15 -0.21297 0 153 153 153
-1.1626 -0.2 0 153 153 153
-1.15 -0.211693 0.05 153 153 153
-1.16127 -0.2 0.05 153 153 153
-1.15 -0.207811 0.1 153 153 153
-1.15736 -0.2 0.1 153 153 153
-1.15 -0.20117 0.15 153 153 153
-1.15106 -0.2 0.15 153 153 153
-1.15 -0.2 0.156081 153 153 153
-1.1 -0.2 -0.325354 153 153 153
-1.1 -0.208362 -0.3 153 153 153
-1.10885 -0.2 -0.3 153 153 153
-1.1 -0.221223 -0.25 153 153 153
-1.12468 -0.2 -0.25 153 153 153
-1.1 -0.230961 -0.2 153 153 153
-1.13916 -0.2 -0.2 153 153 153
-1.1 -0.238049 -0.15 153 153 153
-1.1 -0.242853 -0.0999999 153 153 153
-1.1 -0.245632 -0.05 153 153 153
-1.1 -0.246541 0 153 153 153
-1.1 -0.245632 0.05 153 153 153
-1.1 -0.242853 0.1 153 153 153
-1.1 -0.23805 0.15 153 153 153
-1.13916 -0.2 0.2 153 153 153
-1.1 -0.230961 0.2 153 153 153
-1.1 -0.221223 0.25 153 153 153
-1.12468 -0.2 0.25 153 153 153
-1.1 -0.208363 0.3 153 153 153
-1.10885 -0.2 0.3 153 153 153
-1.1 -0.2 0.325354 153 153 153
-1.05 -0.2 -0.427635 153 153 153
-1.05 -0.211005 -0.4 153 153 153
-1.0636 -0.2 -0.4 153 153 153
-1.05 -0.226533 -0.35 153 153 153
-1.08812 -0.2 -0.35 153 153 153
-1.05 -0.238386 -0.3 153 153 153
-1.05 -0.247264 -0.25 153 153 153
-1.05 -0.247263 0.25 153 153 153
-1.05 -0.238386 0.3 153 153 153
-1.08812 -0.2 0.35 153 153 153
-1.05 -0.226533 0.35 153 153 153
-1.05 -0.211005 0.4 153 153 153
-1.0636 -0.2 0.4 153 153 153
-1.05 -0.2 0.427635 153 153 153
-1 -0.2 -0.505243 153 153 153
-1 -0.202532 -0.5 153 153 153
-1.0034 -0.2 -0.5 153 153 153
-1 -0.221203 -0.45 153 153 153
-1.03502 -0.2 -0.45 153 153 153
-1 -0.235174 -0.4 153 153 153
-1 -0.245386 -0.35 153 153 153
-1 -0.245386 0.35 153 153 153
-1 -0.235174 0.4 153 153 153
-1.03502 -0.2 0.45 153 153 153
-1 -0.221203 0.45 153 153 153
-1 -0.202532 0.5 153 153 153
-1.0034 -0.2 0.5 153 153 153
-1 -0.2 0.505243 153 153 153
-0.95 -0.2 -0.565424 153 153 153
-0.95 -0.207143 -0.55 153 153 153
-0.962234 -0.2 -0.55 153 153 153
-0.95 -0.224285 -0.5 153 153 153
-0.95 -0.236385 -0.45 153 153 153
-0.95 -0.24453 -0.4 153 153 153
-0.95 -0.249674 -0.35 153 153 153
-0.95 -0.249674 0.35 153 153 153
-0.95 -0.24453 0.4 153 153 153
-0.95 -0.236385 0.45 153 153 153
-0.95 -0.224284 0.5 153 153 153
-0.962234 -0.2 0.55 153 153 153
-0.95 -0.207143 0.55 153 153 153
-0.95 -0.2 0.565424 153 153 153
-0.9 -0.2 -0.614163 153 153 153
-0.9 -0.206308 -0.6 153 153 153
-0.913925 -0.2 -0.6 153 153 153
-0.9 -0.221948 -0.55 153 153 153
-0.9 -0.232076 -0.5 153 153 153
-0.9 -0.237934 -0.45 153 153 153
-0.9 -0.240622 -0.4 153 153 153
-0.9 -0.24108 -0.35 153 153 153
-0.9 -0.240093 -0.3 153 153 153
-0.9 -0.238303 -0.25 153 153 153
-0.9 -0.236216 -0.2 153 153 153
-0.9 -0.234221 -0.15 153 153 153
-0.9 -0.232603 -0.0999999 153 153 153
-0.9 -0.231557 -0.05 153 153 153
-0.9 -0.231196 0 153 153 153
-0.9 -0.231557 0.05 153 153 153
-0.9 -0.232603 0.1 153 153 153
-0.9 -0.234221 0.15 153 153 153
-0.9 -0.236216 0.2 153 153 153
-0.9 -0.238303 0.25 153 153 153
-0.9 -0.240093 0.3 153 153 153
-0.9 -0.24108 0.35 153 153 153
-0.9 -0.240622 0.4 153 153 153
-0.9 -0.237934 0.45 153 153 153
-0.9 -0.232075 0.5 153 153 153
-0.9 -0.221948 0.55 153 153 153
-0.913925 -0.2 0.6 153 153 153
-0.9 -0.206308 0.6 153 153 153
-0.9 -0.2 0.614163 153 153 153
-0.85 -0.2 -0.65282 153 153 153
-0.85 -0.201226 -0.65 153 153 153
-0.853494 -0.2 -0.65 153 153 153
-0.85 -0.21562 -0.6 153 153 153
-0.85 -0.223881 -0.55 153 153 153
-0.85 -0.227426 -0.5 153 153 153
-0.85 -0.227515 -0.45 153 153 153
-0.85 -0.225228 -0.4 153 153 153
-0.85 -0.22147 -0.35 153 153 153
-0.85 -0.216979 -0.3 153 153 153
-0.85 -0.212339 -0.25 153 153 153
-0.85 -0.208004 -0.2 153 153 153
-0.85 -0.204314 -0.15 153 153 153
-0.85 -0.201516 -0.0999999 153 153 153
-0.85 -0.2 -0.0565171 153 153 153
-0.850361 -0.2 -0.05 153 153 153
-0.851295 -0.2 0 153 153 153
-0.850361 -0.2 0.05 153 153 153
-0.85 -0.2 0.0565174 153 153 153
-0.85 -0.201516 0.1 153 153 153
-0.85 -0.204314 0.15 153 153 153
-0.85 -0.208004 0.2 153 153 153
-0.85 -0.212339 0.25 153 153 153
-0.85 -0.216979 0.3 153 153 153
-0.85 -0.22147 0.35 153 153 153
-0.85 -0.225228 0.4 153 153 153
-0.85 -0.227515 0.45 153 153 153
-0.85 -0.227426 0.5 153 153 153
-0.85 -0.223881 0.55 153 153 153
-0.85 -0.21562 0.6 153 153 153
-0.853494 -0.2 0.65 153 153 153
-0.85 -0.201226 0.65 153 153 153
-0.85 -0.2 0.652821 153 153 153
-0.8 -0.2 -0.67363 153 153 153
-0.8 -0.20638 -0.65 153 153 153
-0.8 -0.213085 -0.6 153 153 153
-0.8 -0.214464 -0.55 153 153 153
-0.8 -0.211963 -0.5 153 153 153
-0.8 -0.206825 -0.45 153 153 153
-0.8 -0.200096 -0.4 153 153 153
-0.8 -0.2 -0.399368 153 153 153
-0.812865 -0.2 -0.35 153 153 153
-0.823511 -0.2 -0.3 153 153 153
-0.832172 -0.2 -0.25 153 153 153
-0.839074 -0.2 -0.2 153 153 153
-0.844347 -0.2 -0.15 153 153 153
-0.848068 -0.2 -0.0999999 153 153 153
-0.848068 -0.2 0.1 153 153 153
-0.844346 -0.2 0.15 153 153 153
-0.839074 -0.2 0.2 153 153 153
-0.832172 -0.2 0.25 153 153 153
-0.823511 -0.2 0.3 153 153 153
-0.812865 -0.2 0.35 153 153 153
-0.8 -0.2 0.399369 153 153 153
-0.8 -0.200096 0.4 153 153 153
-0.8 -0.206825 0.45 153 153 153
-0.8 -0.211963 0.5 153 153 153
-0.8 -0.214464 0.55 153 153 153
-0.8 -0.213085 0.6 153 153 153
-0.8 -0.206381 0.65 153 153 153
-0.8 -0.2 0.67363 153 153 153
-0.75 -0.2 -0.654906 153 153 153
-0.75 -0.200545 -0.65 153 153 153
-0.75 -0.200065 -0.6 153 153 153
-0.75 -0.2 -0.599356 153 153 153
-0.762614 -0.2 -0.55 153 153 153
-0.775928 -0.2 -0.5 153 153 153
-0.788462 -0.2 -0.45 153 153 153
-0.799857 -0.2 -0.4 153 153 153
-0.799856 -0.2 0.4 153 153 153
-0.788462 -0.2 0.45 153 153 153
-0.775928 -0.2 0.5 153 153 153
-0.762614 -0.2 0.55 153 153 153
-0.75 -0.2 0.599356 153 153 153
-0.75 -0.200066 0.6 153 153 153
-0.75 -0.200545 0.65 153 153 153
-0.75 -0.2 0.654905 153 153 153
-0.748249 -0.2 -0.65 153 153 153
-0.749852 -0.2 -0.6 153 153 153
-0.749852 -0.2 0.6 153 153 153
-0.748249 -0.2 0.65 153 153 153
-0.2 -0.231621 -1.05 153 153 153
-0.2 -0.205008 -1 153 153 153
-0.2 -0.200203 -0.95 153 153 153
-0.2 -0.206979 -0.9 153 153 153
-0.2 -0.219873 -0.85 153 153 153
-0.2 -0.235775 -0.8 153 153 153
-0.2 -0.235775 0.8 153 153 153
-0.2 -0.219873 0.85 153 153 153
-0.2 -0.206979 0.9 153 153 153
-0.2 -0.200203 0.95 153 153 153
-0.2 -0.205008 1 153 153 153
-0.2 -0.231621 1.05 153 153 153
-0.15 -0.238937 -1.1 153 153 153
-0.15 -0.2 -1.09363 153 153 153
-0.179443 -0.2 -1.05 153 153 153
-0.196258 -0.2 -1 153 153 153
-0.199831 -0.2 -0.95 153 153 153
-0.193713 -0.2 -0.9 153 153 153
-0.180944 -0.2 -0.85 153 153 153
-0.163997 -0.2 -0.8 153 153 153
-0.15 -0.210413 -0.75 153 153 153
-0.15 -0.2 -0.764165 153 153 153
-0.15 -0.248266 -0.7 255 216 0
-0.15 -0.248266 0.7 255 216 0
-0.15 -0.210413 0.75 153 153 153
-0.15 -0.2 0.764166 153 153 153
-0.163997 -0.2 0.8 153 153 153
-0.180944 -0.2 0.85 153 153 153
-0.193713 -0.2 0.9 153 153 153
-0.199831 -0.2 0.95 153 153 153
-0.196258 -0.2 1 153 153 153
-0.179443 -0.2 1.05 153 153 153
-0.15 -0.238938 1.1 153 153 153
-0.15 -0.2 1.09363 153 153 153
-0.134922 -0.2 -1.1 153 153 153
-0.0999999 -0.2 -1.11008 153 153 153
-0.0999999 -0.221526 -1.1 153 153 153
-0.0999999 -0.215691 -0.75 153 153 153
-0.122475 -0.2 -0.75 153 153 153
-0.0999999 -0.2 -0.740044 153 153 153
-0.0999999 -0.215691 0.75 153 153 153
-0.0999999 -0.2 0.740044 153 153 153
-0.122475 -0.2 0.75 153 153 153
-0.0999999 -0.221525 1.1 153 153 153
-0.134922 -0.2 1.1 153 153 153
-0.0999999 -0.2 1.11008 153 153 153
-0.0909262 -0.2 -1.1 153 153 153
-0.0653706 -0.2 -1.05 153 153 153
-0.0556829 -0.2 -1 153 153 153
-0.0560215 -0.2 -0.95 153 153 153
-0.062526 -0.2 -0.9 153 153 153
-0.0726242 -0.2 -0.85 153 153 153
-0.0845997 -0.2 -0.8 153 153 153
-0.0973129 -0.2 -0.75 153 153 153
-0.0973132 -0.2 0.75 153 153 153
-0.0845993 -0.2 0.8 153 153 153
-0.072624 -0.2 0.85 153 153 153
-0.062526 -0.2 0.9 153 153 153
-0.0560215 -0.2 0.95 153 153 153
-0.0556829 -0.2 1 153 153 153
-0.0653706 -0.2 1.05 153 153 153
-0.0909262 -0.2 1.1 153 153 153
0.1 -0.2 -1.11008 153 153 153
0.1 -0.221526 -1.1 153 153 153
0.0909262 -0.2 -1.1 153 153 153
0.0653706 -0.2 -1.05 153 153 153
0.0556829 -0.2 -1 153 153 153
0.0560215 -0.2 -0.95 153 153 153
0.0625257 -0.2 -0.9 153 153 153
0.072624 -0.2 -0.85 153 153 153
0.0845993 -0.2 -0.8 153 153 153
0.1 -0.215691 -0.75 153 153 153
0.0973132 -0.2 -0.75 153 153 153
0.1 -0.2 -0.740044 153 153 153
0.1 -0.2 0.740044 153 153 153
0.1 -0.215691 0.75 153 153 153
0.0973132 -0.2 0.75 153 153 153
0.0845995 -0.2 0.8 153 153 153
0.0726242 -0.2 0.85 153 153 153
0.062526 -0.2 0.9 153 153 153
0.0560215 -0.2 0.95 153 153 153
0.0556829 -0.2 1 153 153 153
0.0653706 -0.2 1.05 153 153 153
0.1 -0.221525 1.1 153 153 153
0.0909264 -0.2 1.1 153 153 153
0.1 -0.2 1.11008 153 153 153
0.15 -0.238938 -1.1 153 153 153
0.134923 -0.2 -1.1 153 153 153
0.15 -0.2 -1.09363 153 153 153
0.15 -0.210413 -0.75 153 153 153
0.15 -0.2 -0.764165 153 153 153
0.122475 -0.2 -0.75 153 153 153
0.15 -0.248266 -0.7 255 216 0
0.15 -0.248266 0.7 255 216 0
0.122475 -0.2 0.75 153 153 153
0.15 -0.210413 0.75 153 153 153
0.15 -0.2 0.764166 153 153 153
0.134922 -0.2 1.1 153 153 153
0.15 -0.2 1.09363 153 153 153
0.15 -0.238939 1.1 153 153 153
0.179443 -0.2 -1.05 153 153 153
0.2 -0.231621 -1.05 153 153 153
0.196258 -0.2 -1 153 153 153
0.2 -0.205008 -1 153 153 153
0.199831 -0.2 -0.95 153 153 153
0.2 -0.200203 -0.95 153 153 153
0.193713 -0.2 -0.9 153 153 153
0.2 -0.206979 -0.9 153 153 153
0.180944 -0.2 -0.85 153 153 153
0.2 -0.219873 -0.85 153 153 153
0.163997 -0.2 -0.8 153 153 153
0.2 -0.235775 -0.8 153 153 153
0.163997 -0.2 0.8 153 153 153
0.2 -0.235775 0.8 153 153 153
0.180944 -0.2 0.85 153 153 153
0.2 -0.219872 0.85 153 153 153
0.193713 -0.2 0.9 153 153 153
0.2 -0.206979 0.9 153 153 153
0.199831 -0.2 0.95 153 153 153
0.2 -0.200203 0.95 153 153 153
0.196258 -0.2 1 153 153 153
0.2 -0.205008 1 153 153 153
0.179443 -0.2 1.05 153 153 153
0.2 -0.231621 1.05 153 153 153
0.75 -0.2 -0.654906 153 153 153
0.75 -0.200545 -0.65 153 153 153
0.748249 -0.2 -0.65 153 153 153
0.75 -0.200066 -0.6 153 153 153
0.749852 -0.2 -0.6 153 153 153
0.75 -0.2 -0.599356 153 153 153
0.75 -0.2 0.599356 153 153 153
0.75 -0.200066 0.6 153 153 153
0.749853 -0.2 0.6 153 153 153
0.75 -0.200545 0.65 153 153 153
0.748249 -0.2 0.65 153 153 153
0.75 -0.2 0.654906 153 153 153
0.8 -0.2 -0.67363 153 153 153
0.8 -0.20638 -0.65 153 153 153
0.8 -0.213085 -0.6 153 153 153
0.762614 -0.2 -0.55 153 153 153
0.8 -0.214464 -0.55 153 153 153
0.8 -0.211963 -0.5 153 153 153
0.775928 -0.2 -0.5 153 153 153
0.8 -0.206825 -0.45 153 153 153
0.788462 -0.2 -0.45 153 153 153
0.8 -0.200096 -0.4 153 153 153
0.799857 -0.2 -0.4 153 153 153
0.8 -0.2 -0.399368 153 153 153
0.8 -0.2 0.399368 153 153 153
0.8 -0.200096 0.4 153 153 153
0.799857 -0.2 0.4 153 153 153
0.8 -0.206826 0.45 153 153 153
0.788462 -0.2 0.45 153 153 153
0.8 -0.211963 0.5 153 153 153
0.775928 -0.2 0.5 153 153 153
0.8 -0.214464 0.55 153 153 153
0.762614 -0.2 0.55 153 153 153
0.8 -0.213085 0.6 153 153 153
0.8 -0.206381 0.65 153 153 153
0.8 -0.2 0.67363 153 153 153
0.85 -0.2 -0.65282 153 153 153
0.85 -0.201226 -0.65 153 153 153
0.85 -0.21562 -0.6 153 153 153
0.85 -0.223881 -0.55 153 153 153
0.85 -0.227426 -0.5 153 153 153
0.85 -0.227515 -0.45 153 153 153
0.85 -0.225228 -0.4 153 153 153
0.812865 -0.2 -0.35 153 153 153
0.85 -0.221471 -0.35 153 153 153
0.85 -0.216979 -0.3 153 153 153
0.823511 -0.2 -0.3 153 153 153
0.85 -0.212339 -0.25 153 153 153
0.832172 -0.2 -0.25 153 153 153
0.85 -0.208004 -0.2 153 153 153
0.839074 -0.2 -0.2 153 153 153
0.85 -0.204314 -0.15 153 153 153
0.844347 -0.2 -0.15 153 153 153
0.85 -0.201516 -0.0999999 153 153 153
0.848068 -0.2 -0.0999999 153 153 153
0.85 -0.2 -0.0565155 153 153 153
0.85 -0.2 0.0565152 153 153 153
0.85 -0.201516 0.1 153 153 153
0.848068 -0.2 0.1 153 153 153
0.85 -0.204315 0.15 153 153 153
0.844347 -0.2 0.15 153 153 153
0.85 -0.208004 0.2 153 153 153
0.839074 -0.2 0.2 153 153 153
0.85 -0.212339 0.25 153 153 153
0.832172 -0.2 0.25 153 153 153
0.85 -0.216979 0.3 153 153 153
0.823511 -0.2 0.3 153 153 153
0.85 -0.221471 0.35 153 153 153
0.812865 -0.2 0.35 153 153 153
0.85 -0.225228 0.4 153 153 153
0.85 -0.227515 0.45 153 153 153
0.85 -0.227426 0.5 153 153 153
0.85 -0.223881 0.55 153 153 153
0.85 -0.21562 0.6 153 153 153
0.85 -0.201226 0.65 153 153 153
0.85 -0.2 0.652821 153 153 153
0.853494 -0.2 -0.65 153 153 153
0.9 -0.2 -0.614163 153 153 153
0.9 -0.206308 -0.6 153 153 153
0.9 -0.221948 -0.55 153 153 153
0.9 -0.232075 -0.5 153 153 153
0.9 -0.237934 -0.45 153 153 153
0.9 -0.240622 -0.4 153 153 153
0.9 -0.24108 -0.35 153 153 153
0.9 -0.240093 -0.3 153 153 153
0.9 -0.238303 -0.25 153 153 153
0.9 -0.236216 -0.2 153 153 153
0.9 -0.234221 -0.15 153 153 153
0.9 -0.232603 -0.0999999 153 153 153
0.850361 -0.2 -0.05 153 153 153
0.9 -0.231557 -0.05 153 153 153
0.9 -0.231196 0 153 153 153
0.851295 -0.2 0 153 153 153
0.9 -0.231557 0.05 153 153 153
0.850361 -0.2 0.05 153 153 153
0.9 -0.232603 0.1 153 153 153
0.9 -0.234221 0.15 153 153 153
0.9 -0.236216 0.2 153 153 153
0.9 -0.238303 0.25 153 153 153
0.9 -0.240093 0.3 153 153 153
0.9 -0.24108 0.35 153 153 153
0.9 -0.240622 0.4 153 153 153
0.9 -0.237934 0.45 153 153 153
0.9 -0.232076 0.5 153 153 153
0.9 -0.221948 0.55 153 153 153
0.9 -0.206308 0.6 153 153 153
0.9 -0.2 0.614163 153 153 153
0.853494 -0.2 0.65 153 153 153
0.913925 -0.2 -0.6 153 153 153
0.95 -0.2 -0.565424 153 153 153
0.95 -0.207143 -0.55 153 153 153
0.95 -0.224284 -0.5 153 153 153
0.95 -0.236385 -0.45 153 153 153
0.95 -0.24453 -0.4 153 153 153
0.95 -0.249674 -0.35 153 153 153
0.95 -0.249674 0.35 153 153 153
0.95 -0.24453 0.4 153 153 153
0.95 -0.236385 0.45 153 153 153
0.95 -0.224284 0.5 153 153 153
0.95 -0.207143 0.55 153 153 153
0.95 -0.2 0.565424 153 153 153
0.913925 -0.2 0.6 153 153 153
0.962234 -0.2 -0.55 153 153 153
1 -0.2 -0.505242 153 153 153
1 -0.202532 -0.5 153 153 153
1 -0.221203 -0.45 153 153 153
1 -0.235174 -0.4 153 153 153
1 -0.245386 -0.35 153 153 153
1 -0.245386 0.35 153 153 153
1 -0.235174 0.4 153 153 153
1 -0.221203 0.45 153 153 153
1 -0.202532 0.5 153 153 153
1 -0.2 0.505242 153 153 153
0.962234 -0.2 0.55 153 153 153
1.0034 -0.2 -0.5 153 153 153
1.03502 -0.2 -0.45 153 153 153
1.05 -0.2 -0.427635 153 153 153
1.05 -0.211005 -0.4 153 153 153
1.05 -0.226533 -0.35 153 153 153
1.05 -0.238386 -0.3 153 153 153
1.05 -0.247264 -0.25 153 153 153
1.05 -0.247264 0.25 153 153 153
1.05 -0.238386 0.3 153 153 153
1.05 -0.226533 0.35 153 153 153
1.05 -0.211005 0.4 153 153 153
1.05 -0.2 0.427635 153 153 153
1.03502 -0.2 0.45 153 153 153
1.0034 -0.2 0.5 153 153 153
1.0636 -0.2 -0.4 153 153 153
1.08812 -0.2 -0.35 153 153 153
1.1 -0.2 -0.325354 153 153 153
1.1 -0.208362 -0.3 153 153 153
1.1 -0.221223 -0.25 153 153 153
1.1 -0.230961 -0.2 153 153 153
1.1 -0.23805 -0.15 153 153 153
1.1 -0.242853 -0.0999999 153 153 153
1.1 -0.245632 -0.05 153 153 153
1.1 -0.246541 0 153 153 153
1.1 -0.245632 0.05 153 153 153
1.1 -0.242853 0.1 153 153 153
1.1 -0.238049 0.15 153 153 153
1.1 -0.230961 0.2 153 153 153
1.1 -0.221223 0.25 153 153 153
1.1 -0.208362 0.3 153 153 153
1.1 -0.2 0.325354 153 153 153
1.08812 -0.2 0.35 153 153 153
1.0636 -0.2 0.4 153 153 153
1.10885 -0.2 -0.3 153 153 153
1.12468 -0.2 -0.25 153 153 153
1.13916 -0.2 -0.2 153 153 153
1.15 -0.2 -0.15608 153 153 153
1.15 -0.20117 -0.15 153 153 153
1.15 -0.207811 -0.0999999 153 153 153
1.15 -0.211693 -0.05 153 153 153
1.15 -0.21297 0 153 153 153
1.15 -0.211693 0.05 153 153 153
1.15 -0.207811 0.1 153 153 153
1.15 -0.20117 0.15 153 153 153
1.15 -0.2 0.15608 153 153 153
1.13916 -0.2 0.2 153 153 153
1.12468 -0.2 0.25 153 153 153
1.10885 -0.2 0.3 153 153 153
1.15106 -0.2 -0.15 153 153 153
1.15736 -0.2 -0.0999999 153 153 153
1.16127 -0.2 -0.05 153 153 153
1.1626 -0.2 0 153 153 153
1.16127 -0.2 0.05 153 153 153
1.15736 -0.2 0.1 153 153 153
1.15106 -0.2 0.15 153 153 153
-1.2 -0.15 -0.0703011 153 153 153
-1.2 -0.152433 -0.05 153 153 153
-1.20143 -0.15 -0.05 153 153 153
-1.2 -0.154413 0 153 153 153
-1.20261 -0.15 0 153 153 153
-1.2 -0.152434 0.05 153 153 153
-1.20143 -0.15 0.05 153 153 153
-1.2 -0.15 0.0703008 153 153 153
-1.15 -0.15 -0.308484 153 153 153
-1.15 -0.154289 -0.3 153 153 153
-1.15275 -0.15 -0.3 153 153 153
-1.15 -0.174419 -0.25 153 153 153
-1.16677 -0.15 -0.25 153 153 153
-1.15 -0.189926 -0.2 153 153 153
-1.17914 -0.15 -0.2 153 153 153
-1.18942 -0.15 -0.15 153 153 153
-1.19716 -0.15 -0.0999999 153 153 153
-1.19716 -0.15 0.1 153 153 153
-1.18941 -0.15 0.15 153 153 153
-1.15 -0.189926 0.2 153 153 153
-1.17914 -0.15 0.2 153 153 153
-1.15 -0.174419 0.25 153 153 153
-1.16677 -0.15 0.25 153 153 153
-1.15 -0.154289 0.3 153 153 153
-1.15275 -0.15 0.3 153 153 153
-1.15 -0.15 0.308484 153 153 153
-1.1 -0.15 -0.425451 153 153 153
-1.1 -0.165661 -0.4 153 153 153
-1.11143 -0.15 -0.4 153 153 153
-1.1 -0.190365 -0.35 153 153 153
-1.13281 -0.15 -0.35 153 153 153
-1.13281 -0.15 0.35 153 153 153
-1.1 -0.190365 0.35 153 153 153
-1.1 -0.165661 0.4 153 153 153
-1.11143 -0.15 0.4 153 153 153
-1.1 -0.15 0.425451 153 153 153
-1.05 -0.15 -0.51333 153 153 153
-1.05 -0.159866 -0.5 153 153 153
-1.05779 -0.15 -0.5 153 153 153
-1.05 -0.189536 -0.45 153 153 153
-1.0861 -0.15 -0.45 153 153 153
-1.0861 -0.15 0.45 153 153 153
-1.05 -0.189536 0.45 153 153 153
-1.05 -0.159866 0.5 153 153 153
-1.05779 -0.15 0.5 153 153 153
-1.05 -0.15 0.513329 153 153 153
-1 -0.15 -0.584403 153 153 153
-1 -0.174843 -0.55 153 153 153
-1.02381 -0.15 -0.55 153 153 153
-1.02381 -0.15 0.55 153 153 153
-1 -0.174843 0.55 153 153 153
-1 -0.15 0.584403 153 153 153
-0.95 -0.15 -0.64497 153 153 153
-0.95 -0.181652 -0.6 153 153 153
-0.986835 -0.15 -0.6 153 153 153
-0.986835 -0.15 0.6 153 153 153
-0.95 -0.181652 0.6 153 153 153
-0.95 -0.15 0.644971 153 153 153
-0.9 -0.15 -0.696413 153 153 153
-0.9 -0.182041 -0.65 153 153 153
-0.945016 -0.15 -0.65 153 153 153
-0.945016 -0.15 0.65 153 153 153
-0.9 -0.182041 0.65 153 153 153
-0.9 -0.15 0.696414 153 153 153
-0.85 -0.15 -0.739931 153 153 153
-0.85 -0.177421 -0.7 153 153 153
-0.895857 -0.15 -0.7 153 153 153
-0.85 -0.199768 -0.05 153 153 153
-0.85 -0.199163 0 153 153 153
-0.85 -0.199768 0.05 153 153 153
-0.895857 -0.15 0.7 153 153 153
-0.85 -0.177421 0.7 153 153 153
-0.85 -0.15 0.739932 153 153 153
-0.8 -0.15 -0.776935 153 153 153
-0.8 -0.168803 -0.75 153 153 153
-0.836561 -0.15 -0.75 153 153 153
-0.8 -0.192422 -0.7 153 153 153
-0.8 -0.192661 -0.35 153 153 153
-0.8 -0.185206 -0.3 153 153 153
-0.8 -0.17823 -0.25 153 153 153
-0.8 -0.172108 -0.2 153 153 153
-0.8 -0.167106 -0.15 153 153 153
-0.8 -0.163412 -0.0999999 153 153 153
-0.8 -0.161151 -0.05 153 153 153
-0.8 -0.16039 0 153 153 153
-0.8 -0.161151 0.05 153 153 153
-0.8 -0.163413 0.1 153 153 153
-0.8 -0.167106 0.15 153 153 153
-0.8 -0.172108 0.2 153 153 153
-0.8 -0.17823 0.25 153 153 153
-0.8 -0.185206 0.3 153 153 153
-0.8 -0.192661 0.35 153 153 153
-0.8 -0.192422 0.7 153 153 153
-0.836561 -0.15 0.75 153 153 153
-0.8 -0.168803 0.75 153 153 153
-0.8 -0.15 0.776935 153 153 153
-0.75 -0.15 -0.809241 153 153 153
-0.75 -0.156745 -0.8 153 153 153
-0.764764 -0.15 -0.8 153 153 153
-0.75 -0.181069 -0.75 153 153 153
-0.75 -0.194895 -0.7 153 153 153
-0.75 -0.195255 -0.55 153 153 153
-0.75 -0.187592 -0.5 153 153 153
-0.75 -0.17827 -0.45 153 153 153
-0.75 -0.168233 -0.4 153 153 153
-0.75 -0.158205 -0.35 153 153 153
-0.75 -0.15 -0.306839 153 153 153
-0.751836 -0.15 -0.3 153 153 153
-0.763423 -0.15 -0.25 153 153 153
-0.772495 -0.15 -0.2 153 153 153
-0.779332 -0.15 -0.15 153 153 153
-0.784112 -0.15 -0.0999999 153 153 153
-0.786942 -0.15 -0.05 153 153 153
-0.787879 -0.15 0 153 153 153
-0.786942 -0.15 0.05 153 153 153
-0.784112 -0.15 0.1 153 153 153
-0.779332 -0.15 0.15 153 153 153
-0.772495 -0.15 0.2 153 153 153
-0.763423 -0.15 0.25 153 153 153
-0.751836 -0.15 0.3 153 153 153
-0.75 -0.15 0.306839 153 153 153
-0.75 -0.158205 0.35 153 153 153
-0.75 -0.168233 0.4 153 153 153
-0.75 -0.17827 0.45 153 153 153
-0.75 -0.187592 0.5 153 153 153
-0.75 -0.195255 0.55 153 153 153
-0.75 -0.194895 0.7 153 153 153
-0.75 -0.181069 0.75 153 153 153
-0.764764 -0.15 0.8 153 153 153
-0.75 -0.156745 0.8 153 153 153
-0.75 -0.15 0.809241 153 153 153
-0.7 -0.15 -0.833777 153 153 153
-0.7 -0.167571 -0.8 153 153 153
-0.7 -0.182085 -0.75 153 153 153
-0.7 -0.18739 -0.7 153 153 153
-0.7 -0.185798 -0.65 153 153 153
-0.7 -0.179309 -0.6 153 153 153
-0.7 -0.169589 -0.55 153 153 153
-0.7 -0.157983 -0.5 153 153 153
-0.7 -0.15 -0.468282 153 153 153
-0.707117 -0.15 -0.45 153 153 153
-0.724739 -0.15 -0.4 153 153 153
-0.739389 -0.15 -0.35 153 153 153
-0.739389 -0.15 0.35 153 153 153
-0.724739 -0.15 0.4 153 153 153
-0.707117 -0.15 0.45 153 153 153
-0.7 -0.15 0.468282 153 153 153
-0.7 -0.157983 0.5 153 153 153
-0.7 -0.169589 0.55 153 153 153
-0.7 -0.179309 0.6 153 153 153
-0.7 -0.185799 0.65 153 153 153
-0.7 -0.18739 0.7 153 153 153
-0.7 -0.182085 0.75 153 153 153
-0.7 -0.167571 0.8 153 153 153
-0.7 -0.15 0.833777 153 153 153
-0.65 -0.15 -0.852921 153 153 153
-0.65 -0.151689 -0.85 153 153 153
-0.658306 -0.15 -0.85 153 153 153
-0.65 -0.168184 -0.8 153 153 153
-0.65 -0.17419 -0.75 153 153 153
-0.65 -0.172283 -0.7 153 153 153
-0.65 -0.164718 -0.65 153 153 153
-0.65 -0.153385 -0.6 153 153 153
-0.65 -0.15 -0.587889 153 153 153
-0.667638 -0.15 -0.55 153 153 153
-0.68827 -0.15 -0.5 153 153 153
-0.68827 -0.15 0.5 153 153 153
-0.667638 -0.15 0.55 153 153 153
-0.65 -0.15 0.587889 153 153 153
-0.65 -0.153385 0.6 153 153 153
-0.65 -0.164718 0.65 153 153 153
-0.65 -0.172283 0.7 153 153 153
-0.65 -0.17419 0.75 153 153 153
-0.65 -0.168184 0.8 153 153 153
-0.658305 -0.15 0.85 153 153 153
-0.65 -0.151689 0.85 153 153 153
-0.65 -0.15 0.852921 153 153 153
-0.6 -0.15 -0.856696 153 153 153
-0.6 -0.15261 -0.85 153 153 153
-0.6 -0.160611 -0.8 153 153 153
-0.6 -0.159368 -0.75 153 153 153
-0.6 -0.15143 -0.7 153 153 153
-0.6 -0.15 -0.694479 153 153 153
-0.621868 -0.15 -0.65 153 153 153
-0.644484 -0.15 -0.6 153 153 153
-0.644484 -0.15 0.6 153 153 153
-0.621868 -0.15 0.65 153 153 153
-0.6 -0.15 0.694479 153 153 153
-0.6 -0.15143 0.7 153 153 153
-0.6 -0.159368 0.75 153 153 153
-0.6 -0.160611 0.8 153 153 153
-0.6 -0.15261 0.85 153 153 153
-0.6 -0.15 0.856696 153 153 153
-0.581369 -0.15 -0.85 153 153 153
-0.563051 -0.15 -0.8 153 153 153
-0.577407 -0.15 -0.75 153 153 153
-0.597269 -0.15 -0.7 153 153 153
-0.597269 -0.15 0.7 153 153 153
-0.577407 -0.15 0.75 153 153 153
-0.563051 -0.15 0.8 153 153 153
-0.58137 -0.15 0.85 153 153 153
-0.15 -0.165661 -1.05 153 153 153
-0.15 -0.151248 -1 153 153 153
-0.15 -0.151481 -0.95 153 153 153
-0.15 -0.159997 -0.9 153 153 153
-0.15 -0.173023 -0.85 153 153 153
-0.15 -0.18825 -0.8 153 153 153
-0.15 -0.18825 0.8 153 153 153
-0.15 -0.173023 0.85 153 153 153
-0.15 -0.159997 0.9 153 153 153
-0.15 -0.151481 0.95 153 153 153
-0.15 -0.151248 1 153 153 153
-0.15 -0.165661 1.05 153 153 153
-0.0999999 -0.15 -1.11582 153 153 153
-0.113503 -0.15 -1.1 153 153 153
-0.138645 -0.15 -1.05 153 153 153
-0.149019 -0.15 -1 153 153 153
-0.148761 -0.15 -0.95 153 153 153
-0.141227 -0.15 -0.9 153 153 153
-0.12904 -0.15 -0.85 153 153 153
-0.114176 -0.15 -0.8 153 153 153
-0.0999999 -0.16833 -0.75 255 216 0
-0.0999999 -0.15 -0.756333 153 153 153
-0.0999999 -0.16833 0.75 255 216 0
-0.0999999 -0.15 0.756332 153 153 153
-0.114177 -0.15 0.8 153 153 153
-0.12904 -0.15 0.85 153 153 153
-0.141228 -0.15 0.9 153 153 153
-0.148761 -0.15 0.95 153 153 153
-0.149018 -0.15 1 153 153 153
-0.138645 -0.15 1.05 153 153 153
-0.113503 -0.15 1.1 153 153 153
-0.0999999 -0.15 1.11582 153 153 153
-0.074832 -0.15 -1.1 153 153 153
-0.05 -0.168857 -1.05 153 153 153
-0.05 -0.15 -1.0721 153 153 153
-0.05 -0.187365 -1 153 153 153
-0.05 -0.185542 -0.95 153 153 153
-0.05 -0.167971 -0.9 153 153 153
-0.05 -0.15 -0.869363 153 153 153
-0.0571434 -0.15 -0.85 153 153 153
-0.0795078 -0.15 -0.8 153 153 153
-0.0795078 -0.15 0.8 153 153 153
-0.0571434 -0.15 0.85 153 153 153
-0.05 -0.167971 0.9 153 153 153
-0.05 -0.15 0.869363 153 153 153
-0.05 -0.185542 0.95 153 153 153
-0.05 -0.187364 1 153 153 153
-0.05 -0.168857 1.05 153 153 153
-0.05 -0.15 1.0721 153 153 153
-0.0748322 -0.15 1.1 153 153 153
-0.0429847 -0.15 -1.05 153 153 153
-0.0371814 -0.15 -1 153 153 153
-0.0386055 -0.15 -0.95 153 153 153
-0.0445518 -0.15 -0.9 153 153 153
-0.0445516 -0.15 0.9 153 153 153
-0.0386055 -0.15 0.95 153 153 153
-0.0371814 -0.15 1 153 153 153
-0.042985 -0.15 1.05 153 153 153
0.05 -0.15 -1.0721 153 153 153
0.05 -0.168857 -1.05 153 153 153
0.0429847 -0.15 -1.05 153 153 153
0.05 -0.187365 -1 153 153 153
0.0371816 -0.15 -1 153 153 153
0.05 -0.185542 -0.95 153 153 153
0.0386055 -0.15 -0.95 153 153 153
0.05 -0.167971 -0.9 153 153 153
0.0445516 -0.15 -0.9 153 153 153
0.05 -0.15 -0.869363 153 153 153
0.05 -0.15 0.869362 153 153 153
0.05 -0.167972 0.9 153 153 153
0.0445516 -0.15 0.9 153 153 153
0.05 -0.185542 0.95 153 153 153
0.0386055 -0.15 0.95 153 153 153
0.05 -0.187365 1 153 153 153
0.0371816 -0.15 1 153 153 153
0.05 -0.168857 1.05 153 153 153
0.0429847 -0.15 1.05 153 153 153
0.05 -0.15 1.0721 153 153 153
0.1 -0.15 -1.11582 153 153 153
0.0748317 -0.15 -1.1 153 153 153
0.0571432 -0.15 -0.85 153 153 153
0.0795078 -0.15 -0.8 153 153 153
0.1 -0.16833 -0.75 255 216 0
0.1 -0.15 -0.756333 153 153 153
0.1 -0.16833 0.75 255 216 0
0.1 -0.15 0.756333 153 153 153
0.0795078 -0.15 0.8 153 153 153
0.057143 -0.15 0.85 153 153 153
0.074832 -0.15 1.1 153 153 153
0.1 -0.15 1.11582 153 153 153
0.113503 -0.15 -1.1 153 153 153
0.138645 -0.15 -1.05 153 153 153
0.15 -0.165661 -1.05 153 153 153
0.149019 -0.15 -1 153 153 153
0.15 -0.151248 -1 153 153 153
0.148761 -0.15 -0.95 153 153 153
0.15 -0.151481 -0.95 153 153 153
0.141227 -0.15 -0.9 153 153 153
0.15 -0.159997 -0.9 153 153 153
0.12904 -0.15 -0.85 153 153 153
0.15 -0.173023 -0.85 153 153 153
0.114176 -0.15 -0.8 153 153 153
0.15 -0.18825 -0.8 153 153 153
0.114176 -0.15 0.8 153 153 153
0.15 -0.18825 0.8 153 153 153
0.12904 -0.15 0.85 153 153 153
0.15 -0.173023 0.85 153 153 153
0.141227 -0.15 0.9 153 153 153
0.15 -0.159997 0.9 153 153 153
0.148761 -0.15 0.95 153 153 153
0.15 -0.151481 0.95 153 153 153
0.149019 -0.15 1 153 153 153
0.15 -0.151248 1 153 153 153
0.138645 -0.15 1.05 153 153 153
0.15 -0.165661 1.05 153 153 153
0.113503 -0.15 1.1 153 153 153
0.6 -0.15 -0.856696 153 153 153
0.6 -0.15261 -0.85 153 153 153
0.581369 -0.15 -0.85 153 153 153
0.6 -0.160611 -0.8 153 153 153
0.563051 -0.15 -0.8 153 153 153
0.6 -0.159368 -0.75 153 153 153
0.577407 -0.15 -0.75 153 153 153
0.6 -0.15143 -0.7 153 153 153
0.597269 -0.15 -0.7 153 153 153
0.6 -0.15 -0.694479 153 153 153
0.6 -0.15 0.694479 153 153 153
0.6 -0.15143 0.7 153 153 153
0.597269 -0.15 0.7 153 153 153
0.6 -0.159369 0.75 153 153 153
0.577407 -0.15 0.75 153 153 153
0.6 -0.160611 0.8 153 153 153
0.563051 -0.15 0.8 153 153 153
0.6 -0.15261 0.85 153 153 153
0.581369 -0.15 0.85 153 153 153
0.6 -0.15 0.856696 153 153 153
0.65 -0.15 -0.852922 153 153 153
0.65 -0.151689 -0.85 153 153 153
0.65 -0.168184 -0.8 153 153 153
0.65 -0.17419 -0.75 153 153 153
0.65 -0.172283 -0.7 153 153 153
0.621868 -0.15 -0.65 153 153 153
0.65 -0.164718 -0.65 153 153 153
0.65 -0.153385 -0.6 153 153 153
0.644484 -0.15 -0.6 153 153 153
0.65 -0.15 -0.587889 153 153 153
0.65 -0.15 0.587889 153 153 153
0.65 -0.153385 0.6 153 153 153
0.644484 -0.15 0.6 153 153 153
0.65 -0.164718 0.65 153 153 153
0.621868 -0.15 0.65 153 153 153
0.65 -0.172283 0.7 153 153 153
0.65 -0.17419 0.75 153 153 153
0.65 -0.168184 0.8 153 153 153
0.65 -0.151689 0.85 153 153 153
0.65 -0.15 0.852922 153 153 153
0.658306 -0.15 -0.85 153 153 153
0.7 -0.15 -0.833777 153 153 153
0.7 -0.167571 -0.8 153 153 153
0.7 -0.182085 -0.75 153 153 153
0.7 -0.18739 -0.7 153 153 153
0.7 -0.185799 -0.65 153 153 153
0.7 -0.179309 -0.6 153 153 153
0.667638 -0.15 -0.55 153 153 153
0.7 -0.169589 -0.55 153 153 153
0.7 -0.157983 -0.5 153 153 153
0.68827 -0.15 -0.5 153 153 153
0.7 -0.15 -0.468282 153 153 153
0.7 -0.15 0.468282 153 153 153
0.7 -0.157983 0.5 153 153 153
0.68827 -0.15 0.5 153 153 153
0.7 -0.169589 0.55 153 153 153
0.667638 -0.15 0.55 153 153 153
0.7 -0.179309 0.6 153 153 153
0.7 -0.185798 0.65 153 153 153
0.7 -0.18739 0.7 153 153 153
0.7 -0.182085 0.75 153 153 153
0.7 -0.167571 0.8 153 153 153
0.7 -0.15 0.833777 153 153 153
0.658305 -0.15 0.85 153 153 153
0.75 -0.15 -0.809241 153 153 153
0.75 -0.156745 -0.8 153 153 153
0.75 -0.181069 -0.75 153 153 153
0.75 -0.194895 -0.7 153 153 153
0.75 -0.195255 -0.55 153 153 153
0.75 -0.187592 -0.5 153 153 153
0.707117 -0.15 -0.45 153 153 153
0.75 -0.17827 -0.45 153 153 153
0.75 -0.168233 -0.4 153 153 153
0.724739 -0.15 -0.4 153 153 153
0.75 -0.158205 -0.35 153 153 153
0.739389 -0.15 -0.35 153 153 153
0.75 -0.15 -0.306838 153 153 153
0.75 -0.15 0.306838 153 153 153
0.75 -0.158205 0.35 153 153 153
0.739389 -0.15 0.35 153 153 153
0.75 -0.168233 0.4 153 153 153
0.724739 -0.15 0.4 153 153 153
0.75 -0.17827 0.45 153 153 153
0.707117 -0.15 0.45 153 153 153
0.75 -0.187592 0.5 153 153 153
0.75 -0.195255 0.55 153 153 153
0.75 -0.194895 0.7 153 153 153
0.75 -0.181069 0.75 153 153 153
0.75 -0.156745 0.8 153 153 153
0.75 -0.15 0.809241 153 153 153
0.764764 -0.15 -0.8 153 153 153
0.8 -0.15 -0.776935 153 153 153
0.8 -0.168803 -0.75 153 153 153
0.8 -0.192422 -0.7 153 153 153
0.8 -0.192661 -0.35 153 153 153
0.751836 -0.15 -0.3 153 153 153
0.8 -0.185206 -0.3 153 153 153
0.8 -0.17823 -0.25 153 153 153
0.763424 -0.15 -0.25 153 153 153
0.8 -0.172108 -0.2 153 153 153
0.772495 -0.15 -0.2 153 153 153
0.8 -0.167106 -0.15 153 153 153
0.779332 -0.15 -0.15 153 153 153
0.8 -0.163413 -0.0999999 153 153 153
0.784112 -0.15 -0.0999999 153 153 153
0.8 -0.161151 -0.05 153 153 153
0.786942 -0.15 -0.05 153 153 153
0.8 -0.16039 0 153 153 153
0.787879 -0.15 0 153 153 153
0.8 -0.161151 0.05 153 153 153
0.786942 -0.15 0.05 153 153 153
0.8 -0.163413 0.1 153 153 153
0.784112 -0.15 0.1 153 153 153
0.8 -0.167106 0.15 153 153 153
0.779332 -0.15 0.15 153 153 153
0.8 -0.172108 0.2 153 153 153
0.772495 -0.15 0.2 153 153 153
0.8 -0.17823 0.25 153 153 153
0.763424 -0.15 0.25 153 153 153
0.8 -0.185206 0.3 153 153 153
0.751836 -0.15 0.3 153 153 153
0.8 -0.192661 0.35 153 153 153
0.8 -0.192422 0.7 153 153 153
0.8 -0.168803 0.75 153 153 153
0.8 -0.15 0.776935 153 153 153
0.764764 -0.15 0.8 153 153 153
0.836561 -0.15 -0.75 153 153 153
0.85 -0.15 -0.739931 153 153 153
0.85 -0.177421 -0.7 153 153 153
0.85 -0.199768 -0.05 153 153 153
0.85 -0.199163 0 153 153 153
0.85 -0.199768 0.05 153 153 153
0.85 -0.177421 0.7 153 153 153
0.85 -0.15 0.739932 153 153 153
0.836561 -0.15 0.75 153 153 153
0.895857 -0.15 -0.7 153 153 153
0.9 -0.15 -0.696413 153 153 153
0.9 -0.182041 -0.65 153 153 153
0.9 -0.182041 0.65 153 153 153
0.9 -0.15 0.696413 153 153 153
0.895857 -0.15 0.7 153 153 153
0.945016 -0.15 -0.65 153 153 153
0.95 -0.15 -0.64497 153 153 153
0.95 -0.181652 -0.6 153 153 153
0.95 -0.181652 0.6 153 153 153
0.95 -0.15 0.64497 153 153 153
0.945016 -0.15 0.65 153 153 153
0.986835 -0.15 -0.6 153 153 153
1 -0.15 -0.584403 153 153 153
1 -0.174843 -0.55 153 153 153
1 -0.174842 0.55 153 153 153
1 -0.15 0.584403 153 153 153
0.986835 -0.15 0.6 153 153 153
1.02381 -0.15 -0.55 153 153 153
1.05 -0.15 -0.513329 153 153 153
1.05 -0.159866 -0.5 153 153 153
1.05 -0.189536 -0.45 153 153 153
1.05 -0.189536 0.45 153 153 153
1.05 -0.159866 0.5 153 153 153
1.05 -0.15 0.513329 153 153 153
1.02381 -0.15 0.55 153 153 153
1.05779 -0.15 -0.5 153 153 153
1.0861 -0.15 -0.45 153 153 153
1.1 -0.15 -0.425451 153 153 153
1.1 -0.165661 -0.4 153 153 153
1.1 -0.190365 -0.35 153 153 153
1.1 -0.190365 0.35 153 153 153
1.1 -0.165661 0.4 153 153 153
1.1 -0.15 0.42545 153 153 153
1.0861 -0.15 0.45 153 153 153
1.05779 -0.15 0.5 153 153 153
1.11143 -0.15 -0.4 153 153 153
1.13281 -0.15 -0.35 153 153 153
1.15 -0.15 -0.308484 153 153 153
1.15 -0.154289 -0.3 153 153 153
1.15 -0.174419 -0.25 153 153 153
1.15 -0.189926 -0.2 153 153 153
1.15 -0.189926 0.2 153 153 153
1.15 -0.174419 0.25 153 153 153
1.15 -0.154289 0.3 153 153 153
1.15 -0.15 0.308484 153 153 153
1.13281 -0.15 0.35 153 153 153
1.11143 -0.15 0.4 153 153 153
1.15275 -0.15 -0.3 153 153 153
1.16677 -0.15 -0.25 153 153 153
1.17914 -0.15 -0.2 153 153 153
1.18941 -0.15 -0.15 153 153 153
1.19716 -0.15 -0.0999999 153 153 153
1.2 -0.152433 -0.05 153 153 153
1.2 -0.15 -0.0702999 153 153 153
1.2 -0.154412 0 153 153 153
1.2 -0.152433 0.05 153 153 153
1.2 -0.15 0.0702999 153 153 153
1.19716 -0.15 0.1 153 153 153
1.18941 -0.15 0.15 153 153 153
1.17914 -0.15 0.2 153 153 153
1.16677 -0.15 0.25 153 153 153
1.15275 -0.15 0.3 153 153 153
1.20143 -0.15 -0.05 153 153 153
1.20261 -0.15 0 153 153 153
1.20143 -0.15 0.05 153 153 153
-1.2 -0.0999999 -0.223079 153 153 153
-1.2 -0.112079 -0.2 153 153 153
-1.20491 -0.0999999 -0.2 153 153 153
-1.2 -0.131691 -0.15 153 153 153
-1.2134 -0.0999999 -0.15 153 153 153
-1.2 -0.145262 -0.0999999 153 153 153
-1.2197 -0.0999999 -0.0999999 153 153 153
-1.22357 -0.0999999 -0.05 153 153 153
-1.22488 -0.0999999 0 153 153 153
-1.22357 -0.0999999 0.05 153 153 153
-1.2 -0.145262 0.1 153 153 153
-1.2197 -0.0999999 0.1 153 153 153
-1.2 -0.131691 0.15 153 153 153
-1.2134 -0.0999999 0.15 153 153 153
-1.2 -0.112079 0.2 153 153 153
-1.20491 -0.0999999 0.2 153 153 153
-1.2 -0.0999999 0.223079 153 153 153
-1.15 -0.0999999 -0.376414 153 153 153
-1.15 -0.122021 -0.35 153 153 153
-1.15986 -0.0999999 -0.35 153 153 153
-1.17694 -0.0999999 -0.3 153 153 153
-1.19268 -0.0999999 -0.25 153 153 153
-1.19268 -0.0999999 0.25 153 153 153
-1.17694 -0.0999999 0.3 153 153 153
-1.15 -0.122021 0.35 153 153 153
-1.15986 -0.0999999 0.35 153 153 153
-1.15 -0.0999999 0.376414 153 153 153
-1.1 -0.0999999 -0.479871 153 153 153
-1.1 -0.129943 -0.45 153 153 153
-1.11486 -0.0999999 -0.45 153 153 153
-1.13909 -0.0999999 -0.4 153 153 153
-1.13909 -0.0999999 0.4 153 153 153
-1.1 -0.129943 0.45 153 153 153
-1.11486 -0.0999999 0.45 153 153 153
-1.1 -0.0999999 0.479872 153 153 153
-1.05 -0.0999999 -0.561756 153 153 153
-1.05 -0.114133 -0.55 153 153 153
-1.05739 -0.0999999 -0.55 153 153 153
-1.08785 -0.0999999 -0.5 153 153 153
-1.08785 -0.0999999 0.5 153 153 153
-1.05 -0.114133 0.55 153 153 153
-1.05739 -0.0999999 0.55 153 153 153
-1.05 -0.0999999 0.561756 153 153 153
-1 -0.0999999 -0.629751 153 153 153
-1 -0.13524 -0.6 153 153 153
-1.02171 -0.0999999 -0.6 153 153 153
-1.02171 -0.0999999 0.6 153 153 153
-1 -0.13524 0.6 153 153 153
-1 -0.0999999 0.629751 153 153 153
-0.95 -0.0999999 -0.688845 153 153 153
-0.95 -0.145405 -0.65 153 153 153
-0.982778 -0.0999999 -0.65 153 153 153
-0.982778 -0.0999999 0.65 153 153 153
-0.95 -0.145406 0.65 153 153 153
-0.95 -0.0999999 0.688845 153 153 153
-0.9 -0.0999999 -0.740317 153 153 153
-0.9 -0.146823 -0.7 153 153 153
-0.939188 -0.0999999 -0.7 153 153 153
-0.939188 -0.0999999 0.7 153 153 153
-0.9 -0.146823 0.7 153 153 153
-0.9 -0.0999999 0.740317 153 153 153
-0.85 -0.0999999 -0.785325 153 153 153
-0.85 -0.141248 -0.75 153 153 153
-0.889399 -0.0999999 -0.75 153 153 153
-0.889399 -0.0999999 0.75 153 153 153
-0.85 -0.141248 0.75 153 153 153
-0.85 -0.0999999 0.785325 153 153 153
-0.8 -0.0999999 -0.825104 153 153 153
-0.8 -0.12995 -0.8 153 153 153
-0.831997 -0.0999999 -0.8 153 153 153
-0.831997 -0.0999999 0.8 153 153 153
-0.8 -0.12995 0.8 153 153 153
-0.8 -0.0999999 0.825104 153 153 153
-0.75 -0.0999999 -0.861019 153 153 153
-0.75 -0.113686 -0.85 153 153 153
-0.765989 -0.0999999 -0.85 153 153 153
-0.75 -0.148573 -0.3 153 153 153
-0.75 -0.139013 -0.25 153 153 153
-0.75 -0.130869 -0.2 153 153 153
-0.75 -0.124356 -0.15 153 153 153
-0.75 -0.119615 -0.0999999 153 153 153
-0.75 -0.116737 -0.05 153 153 153
-0.75 -0.115773 0 153 153 153
-0.75 -0.116737 0.05 153 153 153
-0.75 -0.119615 0.1 153 153 153
-0.75 -0.124356 0.15 153 153 153
-0.75 -0.130869 0.2 153 153 153
-0.75 -0.139013 0.25 153 153 153
-0.75 -0.148573 0.3 153 153 153
-0.765989 -0.0999999 0.85 153 153 153
-0.75 -0.113686 0.85 153 153 153
-0.75 -0.0999999 0.861019 153 153 153
-0.7 -0.0999999 -0.892533 153 153 153
-0.7 -0.14002 -0.85 153 153 153
-0.7 -0.145153 -0.45 153 153 153
-0.7 -0.131638 -0.4 153 153 153
-0.7 -0.118806 -0.35 153 153 153
-0.7 -0.107106 -0.3 153 153 153
-0.7 -0.0999999 -0.2656 153 153 153
-0.704085 -0.0999999 -0.25 153 153 153
-0.714781 -0.0999999 -0.2 153 153 153
-0.72283 -0.0999999 -0.15 153 153 153
-0.728448 -0.0999999 -0.0999999 153 153 153
-0.731771 -0.0999999 -0.05 153 153 153
-0.732871 -0.0999999 0 153 153 153
-0.731771 -0.0999999 0.05 153 153 153
-0.728449 -0.0999999 0.1 153 153 153
-0.72283 -0.0999999 0.15 153 153 153
-0.714781 -0.0999999 0.2 153 153 153
-0.704085 -0.0999999 0.25 153 153 153
-0.7 -0.0999999 0.2656 153 153 153
-0.7 -0.107106 0.3 153 153 153
-0.7 -0.118806 0.35 153 153 153
-0.7 -0.131638 0.4 153 153 153
-0.7 -0.145153 0.45 153 153 153
-0.7 -0.14002 0.85 153 153 153
-0.7 -0.0999999 0.892533 153 153 153
-0.65 -0.0999999 -0.918548 153 153 153
-0.65 -0.118833 -0.9 153 153 153
-0.686685 -0.0999999 -0.9 153 153 153
-0.65 -0.139348 -0.55 153 153 153
-0.65 -0.124178 -0.5 153 153 153
-0.65 -0.108972 -0.45 153 153 153
-0.65 -0.0999999 -0.419636 153 153 153
-0.658187 -0.0999999 -0.4 153 153 153
-0.676448 -0.0999999 -0.35 153 153 153
-0.691459 -0.0999999 -0.3 153 153 153
-0.691459 -0.0999999 0.3 153 153 153
-0.676448 -0.0999999 0.35 153 153 153
-0.658187 -0.0999999 0.4 153 153 153
-0.65 -0.0999999 0.419636 153 153 153
-0.65 -0.108972 0.45 153 153 153
-0.65 -0.124178 0.5 153 153 153
-0.65 -0.139348 0.55 153 153 153
-0.686685 -0.0999999 0.9 153 153 153
-0.65 -0.118832 0.9 153 153 153
-0.65 -0.0999999 0.918548 153 153 153
-0.6 -0.0999999 -0.942146 153 153 153
-0.6 -0.131651 -0.9 153 153 153
-0.6 -0.139013 -0.65 153 153 153
-0.6 -0.124014 -0.6 153 153 153
-0.6 -0.107803 -0.55 153 153 153
-0.6 -0.0999999 -0.526765 153 153 153
-0.614149 -0.0999999 -0.5 153 153 153
-0.637596 -0.0999999 -0.45 153 153 153
-0.637596 -0.0999999 0.45 153 153 153
-0.614149 -0.0999999 0.5 153 153 153
-0.6 -0.0999999 0.526766 153 153 153
-0.6 -0.107803 0.55 153 153 153
-0.6 -0.124014 0.6 153 153 153
-0.6 -0.139013 0.65 153 153 153
-0.6 -0.131651 0.9 153 153 153
-0.6 -0.0999999 0.942146 153 153 153
-0.55 -0.0999999 -0.959877 153 153 153
-0.55 -0.108467 -0.95 153 153 153
-0.579819 -0.0999999 -0.95 153 153 153
-0.55 -0.134389 -0.9 153 153 153
-0.55 -0.145829 -0.85 153 153 153
-0.55 -0.146501 -0.8 153 153 153
-0.55 -0.139536 -0.75 153 153 153
-0.55 -0.127482 -0.7 153 153 153
-0.55 -0.112335 -0.65 153 153 153
-0.55 -0.0999999 -0.613599 153 153 153
-0.558405 -0.0999999 -0.6 153 153 153
-0.587697 -0.0999999 -0.55 153 153 153
-0.587697 -0.0999999 0.55 153 153 153
-0.558405 -0.0999999 0.6 153 153 153
-0.55 -0.0999999 0.613599 153 153 153
-0.55 -0.112335 0.65 153 153 153
-0.55 -0.127482 0.7 153 153 153
-0.55 -0.139536 0.75 153 153 153
-0.55 -0.146501 0.8 153 153 153
-0.55 -0.145829 0.85 153 153 153
-0.55 -0.134389 0.9 153 153 153
-0.579818 -0.0999999 0.95 153 153 153
-0.55 -0.108467 0.95 153 153 153
-0.55 -0.0999999 0.959877 153 153 153
-0.5 -0.0999999 -0.971392 153 153 153
-0.5 -0.113579 -0.95 153 153 153
-0.5 -0.129935 -0.9 153 153 153
-0.5 -0.13395 -0.85 153 153 153
-0.5 -0.129093 -0.8 153 153 153
-0.5 -0.118206 -0.75 153 153 153
-0.5 -0.103535 -0.7 153 153 153
-0.5 -0.0999999 -0.689893 153 153 153
-0.52708 -0.0999999 -0.65 153 153 153
-0.52708 -0.0999999 0.65 153 153 153
-0.5 -0.0999999 0.689893 153 153 153
-0.5 -0.103535 0.7 153 153 153
-0.5 -0.118206 0.75 153 153 153
-0.5 -0.129093 0.8 153 153 153
-0.5 -0.13395 0.85 153 153 153
-0.5 -0.129935 0.9 153 153 153
-0.5 -0.113579 0.95 153 153 153
-0.5 -0.0999999 0.971392 153 153 153
-0.45 -0.0999999 -0.975715 153 153 153
-0.45 -0.111631 -0.95 153 153 153
-0.45 -0.120554 -0.9 153 153 153
-0.45 -0.118977 -0.85 153 153 153
-0.45 -0.110107 -0.8 153 153 153
-0.45 -0.0999999 -0.763438 153 153 153
-0.458646 -0.0999999 -0.75 153 153 153
-0.492988 -0.0999999 -0.7 153 153 153
-0.492987 -0.0999999 0.7 153 153 153
-0.458646 -0.0999999 0.75 153 153 153
-0.45 -0.0999999 0.763438 153 153 153
-0.45 -0.110107 0.8 153 153 153
-0.45 -0.118977 0.85 153 153 153
-0.45 -0.120554 0.9 153 153 153
-0.45 -0.111631 0.95 153 153 153
-0.45 -0.0999999 0.975715 153 153 153
-0.4 -0.0999999 -0.964127 153 153 153
-0.4 -0.104317 -0.95 153 153 153
-0.4 -0.107546 -0.9 153 153 153
-0.4 -0.101692 -0.85 153 153 153
-0.4 -0.0999999 -0.8433 153 153 153
-0.425924 -0.0999999 -0.8 153 153 153
-0.425924 -0.0999999 0.8 153 153 153
-0.4 -0.0999999 0.8433 153 153 153
-0.4 -0.101692 0.85 153 153 153
-0.4 -0.107546 0.9 153 153 153
-0.4 -0.104317 0.95 153 153 153
-0.4 -0.0999999 0.964127 153 153 153
-0.382713 -0.0999999 -0.95 153 153 153
-0.37792 -0.0999999 -0.9 153 153 153
-0.395953 -0.0999999 -0.85 153 153 153
-0.395953 -0.0999999 0.85 153 153 153
-0.37792 -0.0999999 0.9 153 153 153
-0.382713 -0.0999999 0.95 153 153 153
-0.0999999 -0.13437 -1.1 153 153 153
-0.0999999 -0.108426 -1.05 153 153 153
-0.0999999 -0.100197 -1 153 153 153
-0.0999999 -0.102623 -0.95 153 153 153
-0.0999999 -0.111314 -0.9 153 153 153
-0.0999999 -0.123479 -0.85 153 153 153
-0.0999999 -0.137322 -0.8 153 153 153
-0.0999999 -0.137322 0.8 153 153 153
-0.0999999 -0.123479 0.85 153 153 153
-0.0999999 -0.111314 0.9 153 153 153
-0.0999999 -0.102623 0.95 153 153 153
-0.0999999 -0.100197 1 153 153 153
-0.0999999 -0.108426 1.05 153 153 153
-0.0999999 -0.13437 1.1 153 153 153
-0.0696423 -0.0999999 -1.1 153 153 153
-0.05 -0.0999999 -1.12389 153 153 153
-0.05 -0.129525 -1.1 153 153 153
-0.0921035 -0.0999999 -1.05 153 153 153
-0.0998068 -0.0999999 -1 153 153 153
-0.0973341 -0.0999999 -0.95 153 153 153
-0.0881855 -0.0999999 -0.9 153 153 153
-0.05 -0.142058 -0.85 153 153 153
-0.0749638 -0.0999999 -0.85 153 153 153
-0.0769358 -0.13381 -0.833333 255 216 0
-0.05 -0.116283 -0.8 153 153 153
-0.0595543 -0.0999999 -0.8 255 216 0
-0.05 -0.0999999 -0.771518 153 153 153
-0.0595543 -0.0999999 0.8 255 216 0
-0.05 -0.0999999 0.771518 153 153 153
-0.05 -0.116283 0.8 153 153 153
-0.0743676 -0.129514 0.816667 255 216 0
-0.05 -0.142059 0.85 153 153 153
-0.0749638 -0.0999999 0.85 153 153 153
-0.0881855 -0.0999999 0.9 153 153 153
-0.0973344 -0.0999999 0.95 153 153 153
-0.0998068 -0.0999999 1 153 153 153
-0.0921032 -0.0999999 1.05 153 153 153
-0.05 -0.129525 1.1 153 153 153
-0.0696423 -0.0999999 1.1 153 153 153
-0.05 -0.0999999 1.12389 153 153 153
-0.0400553 -0.0999999 -1.1 153 153 153
-0.0291941 -0.0999999 -1.05 153 153 153
-0.0258567 -0.0999999 -1 153 153 153
-0.0274014 -0.0999999 -0.95 153 153 153
-0.0319858 -0.0999999 -0.9 153 153 153
-0.0383327 -0.0999999 -0.85 153 153 153
-0.0455668 -0.0999999 -0.8 153 153 153
-0.0455668 -0.0999999 0.8 153 153 153
-0.0383327 -0.0999999 0.85 153 153 153
-0.0319855 -0.0999999 0.9 153 153 153
-0.0274014 -0.0999999 0.95 153 153 153
-0.0258567 -0.0999999 1 153 153 153
-0.0291941 -0.0999999 1.05 153 153 153
-0.040055 -0.0999999 1.1 153 153 153
0.05 -0.0999999 -1.12389 153 153 153
0.05 -0.129525 -1.1 153 153 153
0.040055 -0.0999999 -1.1 153 153 153
0.0291939 -0.0999999 -1.05 153 153 153
0.0258567 -0.0999999 -1 153 153 153
0.0274014 -0.0999999 -0.95 153 153 153
0.031986 -0.0999999 -0.9 153 153 153
0.05 -0.142059 -0.85 153 153 153
0.0383327 -0.0999999 -0.85 153 153 153
0.05 -0.116284 -0.8 153 153 153
0.045567 -0.0999999 -0.8 153 153 153
0.05 -0.0999999 -0.771518 153 153 153
0.05 -0.0999999 0.771517 153 153 153
0.05 -0.116284 0.8 153 153 153
0.045567 -0.0999999 0.8 153 153 153
0.05 -0.142059 0.85 153 153 153
0.0383327 -0.0999999 0.85 153 153 153
0.0319858 -0.0999999 0.9 153 153 153
0.0274014 -0.0999999 0.95 153 153 153
0.0258567 -0.0999999 1 153 153 153
0.0291939 -0.0999999 1.05 153 153 153
0.05 -0.129525 1.1 153 153 153
0.040055 -0.0999999 1.1 153 153 153
0.05 -0.0999999 1.12389 153 153 153
0.1 -0.13437 -1.1 153 153 153
0.0696423 -0.0999999 -1.1 153 153 153
0.0921035 -0.0999999 -1.05 153 153 153
0.1 -0.108426 -1.05 153 153 153
0.0998068 -0.0999999 -1 153 153 153
0.1 -0.100197 -1 153 153 153
0.0973344 -0.0999999 -0.95 153 153 153
0.1 -0.102623 -0.95 153 153 153
0.0881858 -0.0999999 -0.9 153 153 153
0.1 -0.111315 -0.9 153 153 153
0.0749636 -0.0999999 -0.85 153 153 153
0.1 -0.123479 -0.85 153 153 153
0.0686024 -0.130304 -0.833333 153 153 153
0.1 -0.137322 -0.8 153 153 153
0.0595541 -0.0999999 -0.8 255 216 0
0.1 -0.137322 0.8 153 153 153
0.0595543 -0.0999999 0.8 255 216 0
0.0660342 -0.132611 0.816667 153 153 153
0.0749636 -0.0999999 0.85 153 153 153
0.1 -0.123479 0.85 153 153 153
0.1 -0.111315 0.9 153 153 153
0.0881855 -0.0999999 0.9 153 153 153
0.0973341 -0.0999999 0.95 153 153 153
0.1 -0.102623 0.95 153 153 153
0.0998068 -0.0999999 1 153 153 153
0.1 -0.100197 1 153 153 153
0.0921032 -0.0999999 1.05 153 153 153
0.1 -0.108426 1.05 153 153 153
0.0696423 -0.0999999 1.1 153 153 153
0.1 -0.13437 1.1 153 153 153
0.4 -0.0999999 -0.964127 153 153 153
0.4 -0.104318 -0.95 153 153 153
0.382713 -0.0999999 -0.95 153 153 153
0.4 -0.107546 -0.9 153 153 153
0.37792 -0.0999999 -0.9 153 153 153
0.4 -0.101692 -0.85 153 153 153
0.395953 -0.0999999 -0.85 153 153 153
0.4 -0.0999999 -0.8433 153 153 153
0.4 -0.0999999 0.8433 153 153 153
0.4 -0.101692 0.85 153 153 153
0.395953 -0.0999999 0.85 153 153 153
0.4 -0.107546 0.9 153 153 153
0.37792 -0.0999999 0.9 153 153 153
0.4 -0.104317 0.95 153 153 153
0.382713 -0.0999999 0.95 153 153 153
0.4 -0.0999999 0.964127 153 153 153
0.45 -0.0999999 -0.975715 153 153 153
0.45 -0.111631 -0.95 153 153 153
0.45 -0.120554 -0.9 153 153 153
0.45 -0.118977 -0.85 153 153 153
0.425924 -0.0999999 -0.8 153 153 153
0.45 -0.110107 -0.8 153 153 153
0.45 -0.0999999 -0.763438 153 153 153
0.45 -0.0999999 0.763438 153 153 153
0.45 -0.110107 0.8 153 153 153
0.425924 -0.0999999 0.8 153 153 153
0.45 -0.118977 0.85 153 153 153
0.45 -0.120554 0.9 153 153 153
0.45 -0.111631 0.95 153 153 153
0.45 -0.0999999 0.975715 153 153 153
0.5 -0.0999999 -0.971392 153 153 153
0.5 -0.113579 -0.95 153 153 153
0.5 -0.129935 -0.9 153 153 153
0.5 -0.13395 -0.85 153 153 153
0.5 -0.129093 -0.8 153 153 153
0.458647 -0.0999999 -0.75 153 153 153
0.5 -0.118206 -0.75 153 153 153
0.5 -0.103535 -0.7 153 153 153
0.492987 -0.0999999 -0.7 153 153 153
0.5 -0.0999999 -0.689893 153 153 153
0.5 -0.0999999 0.689892 153 153 153
0.5 -0.103535 0.7 153 153 153
0.492987 -0.0999999 0.7 153 153 153
0.5 -0.118206 0.75 153 153 153
0.458646 -0.0999999 0.75 153 153 153
0.5 -0.129093 0.8 153 153 153
0.5 -0.13395 0.85 153 153 153
0.5 -0.129935 0.9 153 153 153
0.5 -0.113579 0.95 153 153 153
0.5 -0.0999999 0.971392 153 153 153
0.55 -0.0999999 -0.959877 153 153 153
0.55 -0.108467 -0.95 153 153 153
0.55 -0.134389 -0.9 153 153 153
0.55 -0.145829 -0.85 153 153 153
0.55 -0.146501 -0.8 153 153 153
0.55 -0.139536 -0.75 153 153 153
0.55 -0.127482 -0.7 153 153 153
0.52708 -0.0999999 -0.65 153 153 153
0.55 -0.112335 -0.65 153 153 153
0.55 -0.0999999 -0.613599 153 153 153
0.55 -0.0999999 0.613599 153 153 153
0.55 -0.112335 0.65 153 153 153
0.52708 -0.0999999 0.65 153 153 153
0.55 -0.127482 0.7 153 153 153
0.55 -0.139536 0.75 153 153 153
0.55 -0.146501 0.8 153 153 153
0.55 -0.145829 0.85 153 153 153
0.55 -0.134389 0.9 153 153 153
0.55 -0.108467 0.95 153 153 153
0.55 -0.0999999 0.959877 153 153 153
0.579818 -0.0999999 -0.95 153 153 153
0.6 -0.0999999 -0.942146 153 153 153
0.6 -0.131651 -0.9 153 153 153
0.6 -0.139013 -0.65 153 153 153
0.558405 -0.0999999 -0.6 153 153 153
0.6 -0.124014 -0.6 153 153 153
0.6 -0.107803 -0.55 153 153 153
0.587697 -0.0999999 -0.55 153 153 153
0.6 -0.0999999 -0.526765 153 153 153
0.6 -0.0999999 0.526765 153 153 153
0.6 -0.107803 0.55 153 153 153
0.587697 -0.0999999 0.55 153 153 153
0.6 -0.124014 0.6 153 153 153
0.558405 -0.0999999 0.6 153 153 153
0.6 -0.139013 0.65 153 153 153
0.6 -0.131651 0.9 153 153 153
0.6 -0.0999999 0.942146 153 153 153
0.579818 -0.0999999 0.95 153 153 153
0.65 -0.0999999 -0.918548 153 153 153
0.65 -0.118833 -0.9 153 153 153
0.65 -0.139348 -0.55 153 153 153
0.614149 -0.0999999 -0.5 153 153 153
0.65 -0.124178 -0.5 153 153 153
0.65 -0.108972 -0.45 153 153 153
0.637596 -0.0999999 -0.45 153 153 153
0.65 -0.0999999 -0.419636 153 153 153
0.65 -0.0999999 0.419636 153 153 153
0.65 -0.108972 0.45 153 153 153
0.637596 -0.0999999 0.45 153 153 153
0.65 -0.124178 0.5 153 153 153
0.614149 -0.0999999 0.5 153 153 153
0.65 -0.139348 0.55 153 153 153
0.65 -0.118832 0.9 153 153 153
0.65 -0.0999999 0.918548 153 153 153
0.686685 -0.0999999 -0.9 153 153 153
0.7 -0.0999999 -0.892533 153 153 153
0.7 -0.14002 -0.85 153 153 153
0.7 -0.145153 -0.45 153 153 153
0.658187 -0.0999999 -0.4 153 153 153
0.7 -0.131638 -0.4 153 153 153
0.7 -0.118806 -0.35 153 153 153
0.676448 -0.0999999 -0.35 153 153 153
0.7 -0.107106 -0.3 153 153 153
0.691459 -0.0999999 -0.3 153 153 153
0.7 -0.0999999 -0.2656 153 153 153
0.7 -0.0999999 0.2656 153 153 153
0.7 -0.107106 0.3 153 153 153
0.691459 -0.0999999 0.3 153 153 153
0.7 -0.118806 0.35 153 153 153
0.676448 -0.0999999 0.35 153 153 153
0.7 -0.131638 0.4 153 153 153
0.658187 -0.0999999 0.4 153 153 153
0.7 -0.145153 0.45 153 153 153
0.7 -0.14002 0.85 153 153 153
0.7 -0.0999999 0.892533 153 153 153
0.686685 -0.0999999 0.9 153 153 153
0.75 -0.0999999 -0.861019 153 153 153
0.75 -0.113686 -0.85 153 153 153
0.75 -0.148573 -0.3 153 153 153
0.704085 -0.0999999 -0.25 153 153 153
0.75 -0.139013 -0.25 153 153 153
0.75 -0.130869 -0.2 153 153 153
0.714781 -0.0999999 -0.2 153 153 153
0.75 -0.124356 -0.15 153 153 153
0.72283 -0.0999999 -0.15 153 153 153
0.75 -0.119615 -0.0999999 153 153 153
0.728449 -0.0999999 -0.0999999 153 153 153
0.75 -0.116737 -0.05 153 153 153
0.731771 -0.0999999 -0.05 153 153 153
0.75 -0.115773 0 153 153 153
0.732871 -0.0999999 0 153 153 153
0.75 -0.116737 0.05 153 153 153
0.731771 -0.0999999 0.05 153 153 153
0.75 -0.119615 0.1 153 153 153
0.728449 -0.0999999 0.1 153 153 153
0.75 -0.124356 0.15 153 153 153
0.72283 -0.0999999 0.15 153 153 153
0.75 -0.130869 0.2 153 153 153
0.714781 -0.0999999 0.2 153 153 153
0.75 -0.139013 0.25 153 153 153
0.704085 -0.0999999 0.25 153 153 153
0.75 -0.148573 0.3 153 153 153
0.75 -0.113686 0.85 153 153 153
0.75 -0.0999999 0.861019 153 153 153
0.765989 -0.0999999 -0.85 153 153 153
0.8 -0.0999999 -0.825104 153 153 153
0.8 -0.12995 -0.8 153 153 153
0.8 -0.12995 0.8 153 153 153
0.8 -0.0999999 0.825104 153 153 153
0.765989 -0.0999999 0.85 153 153 153
0.831997 -0.0999999 -0.8 153 153 153
0.85 -0.0999999 -0.785325 153 153 153
0.85 -0.141248 -0.75 153 153 153
0.85 -0.141248 0.75 153 153 153
0.85 -0.0999999 0.785325 153 153 153
0.831997 -0.0999999 0.8 153 153 153
0.889399 -0.0999999 -0.75 153 153 153
0.9 -0.0999999 -0.740317 153 153 153
0.9 -0.146823 -0.7 153 153 153
0.9 -0.146823 0.7 153 153 153
0.9 -0.0999999 0.740317 153 153 153
0.889399 -0.0999999 0.75 153 153 153
0.939188 -0.0999999 -0.7 153 153 153
0.95 -0.0999999 -0.688845 153 153 153
0.95 -0.145405 -0.65 153 153 153
0.95 -0.145405 0.65 153 153 153
0.95 -0.0999999 0.688845 153 153 153
0.939188 -0.0999999 0.7 153 153 153
0.982777 -0.0999999 -0.65 153 153 153
1 -0.0999999 -0.629751 153 153 153
1 -0.135239 -0.6 153 153 153
1 -0.135239 0.6 153 153 153
1 -0.0999999 0.629751 153 153 153
0.982777 -0.0999999 0.65 153 153 153
1.02171 -0.0999999 -0.6 153 153 153
1.05 -0.0999999 -0.561756 153 153 153
1.05 -0.114133 -0.55 153 153 153
1.05 -0.114133 0.55 153 153 153
1.05 -0.0999999 0.561756 153 153 153
1.02171 -0.0999999 0.6 153 153 153
1.05739 -0.0999999 -0.55 153 153 153
1.08785 -0.0999999 -0.5 153 153 153
1.1 -0.129943 -0.45 153 153 153
1.1 -0.0999999 -0.479871 153 153 153
1.1 -0.129943 0.45 153 153 153
1.1 -0.0999999 0.479871 153 153 153
1.08785 -0.0999999 0.5 153 153 153
1.05739 -0.0999999 0.55 153 153 153
1.11486 -0.0999999 -0.45 153 153 153
1.13909 -0.0999999 -0.4 153 153 153
1.15 -0.12202 -0.35 153 153 153
1.15 -0.0999999 -0.376414 153 153 153
1.15 -0.12202 0.35 153 153 153
1.15 -0.0999999 0.376414 153 153 153
1.13909 -0.0999999 0.4 153 153 153
1.11486 -0.0999999 0.45 153 153 153
1.15986 -0.0999999 -0.35 153 153 153
1.17694 -0.0999999 -0.3 153 153 153
1.19268 -0.0999999 -0.25 153 153 153
1.2 -0.112078 -0.2 153 153 153
1.2 -0.0999999 -0.223079 153 153 153
1.2 -0.131691 -0.15 153 153 153
1.2 -0.145262 -0.0999999 153 153 153
1.2 -0.145262 0.1 153 153 153
1.2 -0.131691 0.15 153 153 153
1.2 -0.112078 0.2 153 153 153
1.2 -0.0999999 0.223079 153 153 153
1.19268 -0.0999999 0.25 153 153 153
1.17694 -0.0999999 0.3 153 153 153
1.15986 -0.0999999 0.35 153 153 153
1.20491 -0.0999999 -0.2 153 153 153
1.2134 -0.0999999 -0.15 153 153 153
1.2197 -0.0999999 -0.0999999 153 153 153
1.22357 -0.0999999 -0.05 153 153 153
1.22488 -0.0999999 0 153 153 153
1.22357 -0.0999999 0.05 153 153 153
1.2197 -0.0999999 0.1 153 153 153
1.2134 -0.0999999 0.15 153 153 153
1.20491 -0.0999999 0.2 153 153 153
-1.2 -0.05 -0.275109 153 153 153
-1.2 -0.0771604 -0.25 153 153 153
-1.20654 -0.05 -0.25 153 153 153
-1.21754 -0.05 -0.2 153 153 153
-1.22651 -0.05 -0.15 153 153 153
-1.23317 -0.05 -0.0999999 153 153 153
-1.23728 -0.05 -0.05 153 153 153
-1.23866 -0.05 0 153 153 153
-1.23728 -0.05 0.05 153 153 153
-1.23317 -0.05 0.1 153 153 153
-1.22651 -0.05 0.15 153 153 153
-1.21754 -0.05 0.2 153 153 153
-1.2 -0.0771601 0.25 153 153 153
-1.20654 -0.05 0.25 153 153 153
-1.2 -0.05 0.275109 153 153 153
-1.15 -0.05 -0.411048 153 153 153
-1.15 -0.0681012 -0.4 153 153 153
-1.15463 -0.05 -0.4 153 153 153
-1.17376 -0.05 -0.35 153 153 153
-1.19191 -0.05 -0.3 153 153 153
-1.19191 -0.05 0.3 153 153 153
-1.17376 -0.05 0.35 153 153 153
-1.15 -0.0681012 0.4 153 153 153
-1.15463 -0.05 0.4 153 153 153
-1.15 -0.05 0.411049 153 153 153
-1.1 -0.05 -0.508842 153 153 153
-1.1 -0.0673103 -0.5 153 153 153
-1.10479 -0.05 -0.5 153 153 153
-1.13027 -0.05 -0.45 153 153 153
-1.13027 -0.05 0.45 153 153 153
-1.1 -0.0673101 0.5 153 153 153
-1.10479 -0.05 0.5 153 153 153
-1.1 -0.05 0.508842 153 153 153
-1.05 -0.05 -0.587596 153 153 153
-1.07372 -0.05 -0.55 153 153 153
-1.07372 -0.05 0.55 153 153 153
-1.05 -0.05 0.587596 153 153 153
-1 -0.05 -0.654872 153 153 153
-1 -0.061372 -0.65 153 153 153
-1.00373 -0.05 -0.65 153 153 153
-1.04083 -0.05 -0.6 153 153 153
-1.04083 -0.05 0.6 153 153 153
-1 -0.061372 0.65 153 153 153
-1.00373 -0.05 0.65 153 153 153
-1 -0.05 0.654872 153 153 153
-0.95 -0.05 -0.712503 153 153 153
-0.95 -0.0791037 -0.7 153 153 153
-0.960911 -0.05 -0.7 153 153 153
-0.960911 -0.05 0.7 153 153 153
-0.95 -0.0791035 0.7 153 153 153
-0.95 -0.05 0.712503 153 153 153
-0.9 -0.05 -0.763731 153 153 153
-0.9 -0.082083 -0.75 153 153 153
-0.913588 -0.05 -0.75 153 153 153
-0.913588 -0.05 0.75 153 153 153
-0.9 -0.0820827 0.75 153 153 153
-0.9 -0.05 0.763731 153 153 153
-0.85 -0.05 -0.809668 153 153 153
-0.85 -0.0728931 -0.8 153 153 153
-0.860806 -0.05 -0.8 153 153 153
-0.860806 -0.05 0.8 153 153 153
-0.85 -0.0728931 0.8 153 153 153
-0.85 -0.05 0.809668 153 153 153
-0.8 -0.05 -0.851411 153 153 153
-0.8 -0.0534275 -0.85 153 153 153
-0.801775 -0.05 -0.85 153 153 153
-0.801775 -0.05 0.85 153 153 153
-0.8 -0.0534272 0.85 153 153 153
-0.8 -0.05 0.851412 153 153 153
-0.75 -0.05 -0.887233 153 153 153
-0.75 -0.05 0.887233 153 153 153
-0.7 -0.05 -0.919882 153 153 153
-0.7 -0.089287 -0.9 153 153 153
-0.731435 -0.05 -0.9 153 153 153
-0.7 -0.0955534 -0.25 153 153 153
-0.7 -0.0834258 -0.2 153 153 153
-0.7 -0.0738473 -0.15 153 153 153
-0.7 -0.0669372 -0.0999999 153 153 153
-0.7 -0.0627663 -0.05 153 153 153
-0.7 -0.0613723 0 153 153 153
-0.7 -0.0627663 0.05 153 153 153
-0.7 -0.0669372 0.1 153 153 153
-0.7 -0.0738473 0.15 153 153 153
-0.7 -0.083426 0.2 153 153 153
-0.7 -0.0955536 0.25 153 153 153
-0.731435 -0.05 0.9 153 153 153
-0.7 -0.089287 0.9 153 153 153
-0.7 -0.05 0.919882 153 153 153
-0.65 -0.05 -0.951035 153 153 153
-0.65 -0.0521696 -0.95 153 153 153
-0.651838 -0.05 -0.95 153 153 153
-0.65 -0.0922909 -0.4 153 153 153
-0.65 -0.0737832 -0.35 153 153 153
-0.65 -0.0572684 -0.3 153 153 153
-0.65 -0.05 -0.274792 153 153 153
-0.657439 -0.05 -0.25 153 153 153
-0.669539 -0.05 -0.2 153 153 153
-0.678655 -0.05 -0.15 153 153 153
-0.685023 -0.05 -0.0999999 153 153 153
-0.68879 -0.05 -0.05 153 153 153
-0.690036 -0.05 0 153 153 153
-0.68879 -0.05 0.05 153 153 153
-0.685023 -0.05 0.1 153 153 153
-0.678655 -0.05 0.15 153 153 153
-0.669539 -0.05 0.2 153 153 153
-0.657439 -0.05 0.25 153 153 153
-0.65 -0.05 0.274792 153 153 153
-0.65 -0.0572684 0.3 153 153 153
-0.65 -0.0737832 0.35 153 153 153
-0.65 -0.0922909 0.4 153 153 153
-0.651837 -0.05 0.95 153 153 153
-0.65 -0.0521693 0.95 153 153 153
-0.65 -0.05 0.951035 153 153 153
-0.6 -0.05 -0.975746 153 153 153
-0.6 -0.0914152 -0.95 153 153 153
-0.6 -0.0885289 -0.5 153 153 153
-0.6 -0.0674145 -0.45 153 153 153
-0.6 -0.05 -0.405973 153 153 153
-0.602917 -0.05 -0.4 153 153 153
-0.62468 -0.05 -0.35 153 153 153
-0.64252 -0.05 -0.3 153 153 153
-0.64252 -0.05 0.3 153 153 153
-0.62468 -0.05 0.35 153 153 153
-0.602917 -0.05 0.4 153 153 153
-0.6 -0.05 0.405973 153 153 153
-0.6 -0.0674145 0.45 153 153 153
-0.6 -0.0885289 0.5 153 153 153
-0.6 -0.0914149 0.95 153 153 153
-0.6 -0.05 0.975746 153 153 153
-0.55 -0.05 -1.00086 153 153 153
-0.55 -0.0515008 -1 153 153 153
-0.551963 -0.05 -1 153 153 153
-0.55 -0.094394 -0.6 153 153 153
-0.55 -0.0724976 -0.55 153 153 153
-0.55 -0.0511403 -0.5 153 153 153
-0.55 -0.05 -0.497281 153 153 153
-0.57797 -0.05 -0.45 153 153 153
-0.57797 -0.05 0.45 153 153 153
-0.55 -0.05 0.497281 153 153 153
-0.55 -0.0511405 0.5 153 153 153
-0.55 -0.0724976 0.55 153 153 153
-0.55 -0.094394 0.6 153 153 153
-0.551963 -0.05 1 153 153 153
-0.55 -0.0515006 1 153 153 153
-0.55 -0.05 1.00086 153 153 153
-0.5 -0.05 -1.01929 153 153 153
-0.5 -0.0756774 -1 153 153 153
-0.5 -0.0840247 -0.65 153 153 153
-0.5 -0.0629177 -0.6 153 153 153
-0.5 -0.05 -0.569674 153 153 153
-0.514677 -0.05 -0.55 153 153 153
-0.548319 -0.05 -0.5 153 153 153
-0.548319 -0.05 0.5 153 153 153
-0.514677 -0.05 0.55 153 153 153
-0.5 -0.05 0.569675 153 153 153
-0.5 -0.0629177 0.6 153 153 153
-0.5 -0.0840247 0.65 153 153 153
-0.5 -0.0756774 1 153 153 153
-0.5 -0.05 1.01929 153 153 153
-0.45 -0.05 -1.0368 153 153 153
-0.45 -0.0863173 -1 153 153 153
-0.45 -0.096065 -0.75 153 153 153
-0.45 -0.0777485 -0.7 153 153 153
-0.45 -0.0581293 -0.65 153 153 153
-0.45 -0.05 -0.630118 153 153 153
-0.475827 -0.05 -0.6 153 153 153
-0.475827 -0.05 0.6 153 153 153
-0.45 -0.05 0.630118 153 153 153
-0.45 -0.0581293 0.65 153 153 153
-0.45 -0.0777485 0.7 153 153 153
-0.45 -0.0960648 0.75 153 153 153
-0.45 -0.0863175 1 153 153 153
-0.45 -0.05 1.0368 153 153 153
-0.4 -0.05 -1.05192 153 153 153
-0.4 -0.0521762 -1.05 153 153 153
-0.407679 -0.05 -1.05 153 153 153
-0.4 -0.0877235 -1 153 153 153
-0.4 -0.0896411 -0.8 153 153 153
-0.4 -0.0739355 -0.75 153 153 153
-0.4 -0.0563815 -0.7 153 153 153
-0.4 -0.05 -0.683109 153 153 153
-0.431682 -0.05 -0.65 153 153 153
-0.431682 -0.05 0.65 153 153 153
-0.4 -0.05 0.683109 153 153 153
-0.4 -0.0563815 0.7 153 153 153
-0.4 -0.0739357 0.75 153 153 153
-0.4 -0.0896409 0.8 153 153 153
-0.4 -0.0877235 1 153 153 153
-0.407679 -0.05 1.05 153 153 153
-0.4 -0.052176 1.05 153 153 153
-0.4 -0.05 1.05192 153 153 153
-0.35 -0.05 -1.06034 153 153 153
-0.35 -0.0587916 -1.05 153 153 153
-0.35 -0.0833664 -1 153 153 153
-0.35 -0.0928504 -0.95 153 153 153
-0.35 -0.091769 -0.9 153 153 153
-0.35 -0.0836232 -0.85 153 153 153
-0.35 -0.0710526 -0.8 153 153 153
-0.35 -0.0559969 -0.75 153 153 153
-0.35 -0.05 -0.732208 153 153 153
-0.382814 -0.05 -0.7 153 153 153
-0.382814 -0.05 0.7 153 153 153
-0.35 -0.05 0.732208 153 153 153
-0.35 -0.0559969 0.75 153 153 153
-0.35 -0.0710526 0.8 153 153 153
-0.35 -0.0836232 0.85 153 153 153
-0.35 -0.091769 0.9 153 153 153
-0.35 -0.0928504 0.95 153 153 153
-0.35 -0.0833664 1 153 153 153
-0.35 -0.0587916 1.05 153 153 153
-0.35 -0.05 1.06034 153 153 153
-0.3 -0.05 -1.06402 153 153 153
-0.3 -0.0589373 -1.05 153 153 153
-0.3 -0.0757613 -1 153 153 153
-0.3 -0.0804369 -0.95 153 153 153
-0.3 -0.0767996 -0.9 153 153 153
-0.3 -0.0677571 -0.85 153 153 153
-0.3 -0.0554631 -0.8 153 153 153
-0.3 -0.05 -0.781324 153 153 153
-0.331434 -0.05 -0.75 153 153 153
-0.331434 -0.05 0.75 153 153 153
-0.3 -0.05 0.781324 153 153 153
-0.3 -0.0554631 0.8 153 153 153
-0.3 -0.0677571 0.85 153 153 153
-0.3 -0.0767996 0.9 153 153 153
-0.3 -0.0804369 0.95 153 153 153
-0.3 -0.0757613 1 153 153 153
-0.3 -0.0589373 1.05 153 153 153
-0.3 -0.05 1.06402 153 153 153
-0.25 -0.05 -1.05923 153 153 153
-0.25 -0.0545077 -1.05 153 153 153
-0.25 -0.0662825 -1 153 153 153
-0.25 -0.0679281 -0.95 153 153 153
-0.25 -0.0627756 -0.9 153 153 153
-0.25 -0.053314 -0.85 153 153 153
-0.25 -0.05 -0.83689 153 153 153
-0.282222 -0.05 -0.8 153 153 153
-0.282222 -0.05 0.8 153 153 153
-0.25 -0.05 0.83689 153 153 153
-0.25 -0.0533137 0.85 153 153 153
-0.25 -0.0627756 0.9 153 153 153
-0.25 -0.0679281 0.95 153 153 153
-0.25 -0.0662825 1 153 153 153
-0.25 -0.0545077 1.05 153 153 153
-0.25 -0.05 1.05923 153 153 153
-0.226836 -0.05 -1.05 153 153 153
-0.2 -0.05 -1.02294 153 153 153
-0.2 -0.054045 -1 153 153 153
-0.2 -0.0536823 -0.95 153 153 153
-0.2 -0.05 -0.923684 153 153 153
-0.209667 -0.05 -0.9 153 153 153
-0.240316 -0.05 -0.85 153 153 153
-0.240316 -0.05 0.85 153 153 153
-0.209667 -0.05 0.9 153 153 153
-0.2 -0.05 0.923684 153 153 153
-0.2 -0.0536826 0.95 153 153 153
-0.2 -0.0540452 1 153 153 153
-0.2 -0.05 1.02294 153 153 153
-0.226836 -0.05 1.05 153 153 153
-0.190455 -0.05 -1 153 153 153
-0.191945 -0.05 -0.95 153 153 153
-0.191945 -0.05 0.95 153 153 153
-0.190455 -0.05 1 153 153 153
-0.05 -0.078728 -1.1 153 153 153
-0.05 -0.0563102 -1.05 153 153 153
-0.05 -0.0500119 -1 153 153 153
-0.05 -0.0537131 -0.95 153 153 153
-0.05 -0.0634072 -0.9 153 153 153
-0.05 -0.0764503 -0.85 153 153 153
-0.05 -0.0910954 -0.8 153 153 153
-0.05 -0.0910952 0.8 153 153 153
-0.05 -0.0764503 0.85 153 153 153
-0.05 -0.0634074 0.9 153 153 153
-0.05 -0.0537131 0.95 153 153 153
-0.05 -0.0500119 1 153 153 153
-0.05 -0.0563102 1.05 153 153 153
-0.05 -0.078728 1.1 153 153 153
0.05 -0.0787282 -1.1 153 153 153
0.05 -0.0563104 -1.05 153 153 153
0.05 -0.0500124 -1 153 153 153
0.05 -0.0537136 -0.95 153 153 153
0.05 -0.0634074 -0.9 153 153 153
0.05 -0.0764503 -0.85 153 153 153
0.05 -0.0910952 -0.8 153 153 153
0.05 -0.0910952 0.8 153 153 153
0.05 -0.0764503 0.85 153 153 153
0.05 -0.0634074 0.9 153 153 153
0.05 -0.0537136 0.95 153 153 153
0.05 -0.0500124 1 153 153 153
0.05 -0.0563104 1.05 153 153 153
0.05 -0.078728 1.1 153 153 153
0.2 -0.05 -1.02294 153 153 153
0.2 -0.0540452 -1 153 153 153
0.190455 -0.05 -1 153 153 153
0.2 -0.0536826 -0.95 153 153 153
0.191945 -0.05 -0.95 153 153 153
0.2 -0.05 -0.923684 153 153 153
0.2 -0.05 0.923684 153 153 153
0.2 -0.0536823 0.95 153 153 153
0.191945 -0.05 0.95 153 153 153
0.2 -0.0540452 1 153 153 153
0.190455 -0.05 1 153 153 153
0.2 -0.05 1.02294 153 153 153
0.25 -0.05 -1.05923 153 153 153
0.25 -0.0545077 -1.05 153 153 153
0.226836 -0.05 -1.05 153 153 153
0.25 -0.0662825 -1 153 153 153
0.25 -0.0679283 -0.95 153 153 153
0.209667 -0.05 -0.9 153 153 153
0.25 -0.0627756 -0.9 153 153 153
0.25 -0.053314 -0.85 153 153 153
0.240316 -0.05 -0.85 153 153 153
0.25 -0.05 -0.83689 153 153 153
0.25 -0.05 0.83689 153 153 153
0.25 -0.0533137 0.85 153 153 153
0.240316 -0.05 0.85 153 153 153
0.25 -0.0627756 0.9 153 153 153
0.209667 -0.05 0.9 153 153 153
0.25 -0.0679283 0.95 153 153 153
0.25 -0.0662825 1 153 153 153
0.226836 -0.05 1.05 153 153 153
0.25 -0.0545077 1.05 153 153 153
0.25 -0.05 1.05923 153 153 153
0.3 -0.05 -1.06402 153 153 153
0.3 -0.0589373 -1.05 153 153 153
0.3 -0.0757613 -1 153 153 153
0.3 -0.0804369 -0.95 153 153 153
0.3 -0.0767994 -0.9 153 153 153
0.3 -0.0677571 -0.85 153 153 153
0.282222 -0.05 -0.8 153 153 153
0.3 -0.0554631 -0.8 153 153 153
0.3 -0.05 -0.781324 153 153 153
0.3 -0.05 0.781324 153 153 153
0.3 -0.0554628 0.8 153 153 153
0.282222 -0.05 0.8 153 153 153
0.3 -0.0677571 0.85 153 153 153
0.3 -0.0767996 0.9 153 153 153
0.3 -0.0804369 0.95 153 153 153
0.3 -0.0757613 1 153 153 153
0.3 -0.0589373 1.05 153 153 153
0.3 -0.05 1.06402 153 153 153
0.35 -0.05 -1.06034 153 153 153
0.35 -0.0587914 -1.05 153 153 153
0.35 -0.0833664 -1 153 153 153
0.35 -0.0928504 -0.95 153 153 153
0.35 -0.091769 -0.9 153 153 153
0.35 -0.0836232 -0.85 153 153 153
0.35 -0.0710528 -0.8 153 153 153
0.331434 -0.05 -0.75 153 153 153
0.35 -0.0559969 -0.75 153 153 153
0.35 -0.05 -0.732208 153 153 153
0.35 -0.05 0.732208 153 153 153
0.35 -0.0559971 0.75 153 153 153
0.331434 -0.05 0.75 153 153 153
0.35 -0.0710526 0.8 153 153 153
0.35 -0.0836234 0.85 153 153 153
0.35 -0.091769 0.9 153 153 153
0.35 -0.0928504 0.95 153 153 153
0.35 -0.0833664 1 153 153 153
0.35 -0.0587914 1.05 153 153 153
0.35 -0.05 1.06034 153 153 153
0.4 -0.05 -1.05192 153 153 153
0.4 -0.0521762 -1.05 153 153 153
0.4 -0.0877235 -1 153 153 153
0.4 -0.0896411 -0.8 153 153 153
0.4 -0.0739355 -0.75 153 153 153
0.382814 -0.05 -0.7 153 153 153
0.4 -0.0563815 -0.7 153 153 153
0.4 -0.05 -0.683109 153 153 153
0.4 -0.05 0.683109 153 153 153
0.4 -0.0563815 0.7 153 153 153
0.382814 -0.05 0.7 153 153 153
0.4 -0.0739357 0.75 153 153 153
0.4 -0.0896411 0.8 153 153 153
0.4 -0.0877235 1 153 153 153
0.4 -0.052176 1.05 153 153 153
0.4 -0.05 1.05192 153 153 153
0.407679 -0.05 -1.05 153 153 153
0.45 -0.05 -1.0368 153 153 153
0.45 -0.0863173 -1 153 153 153
0.45 -0.096065 -0.75 153 153 153
0.45 -0.0777485 -0.7 153 153 153
0.431682 -0.05 -0.65 153 153 153
0.45 -0.0581293 -0.65 153 153 153
0.45 -0.05 -0.630118 153 153 153
0.45 -0.05 0.630118 153 153 153
0.45 -0.0581293 0.65 153 153 153
0.431682 -0.05 0.65 153 153 153
0.45 -0.0777488 0.7 153 153 153
0.45 -0.0960653 0.75 153 153 153
0.45 -0.0863173 1 153 153 153
0.45 -0.05 1.0368 153 153 153
0.407679 -0.05 1.05 153 153 153
0.5 -0.05 -1.01929 153 153 153
0.5 -0.0756772 -1 153 153 153
0.5 -0.0840247 -0.65 153 153 153
0.475827 -0.05 -0.6 153 153 153
0.5 -0.0629177 -0.6 153 153 153
0.5 -0.05 -0.569674 153 153 153
0.5 -0.05 0.569674 153 153 153
0.5 -0.0629177 0.6 153 153 153
0.475827 -0.05 0.6 153 153 153
0.5 -0.0840247 0.65 153 153 153
0.5 -0.0756772 1 153 153 153
0.5 -0.05 1.01929 153 153 153
0.55 -0.05 -1.00086 153 153 153
0.55 -0.0515008 -1 153 153 153
0.55 -0.0943942 -0.6 153 153 153
0.514677 -0.05 -0.55 153 153 153
0.55 -0.0724978 -0.55 153 153 153
0.55 -0.0511403 -0.5 153 153 153
0.548319 -0.05 -0.5 153 153 153
0.55 -0.05 -0.49728 153 153 153
0.55 -0.05 0.49728 153 153 153
0.55 -0.0511403 0.5 153 153 153
0.548319 -0.05 0.5 153 153 153
0.55 -0.0724976 0.55 153 153 153
0.514677 -0.05 0.55 153 153 153
0.55 -0.0943942 0.6 153 153 153
0.55 -0.0515006 1 153 153 153
0.55 -0.05 1.00086 153 153 153
0.551964 -0.05 -1 153 153 153
0.6 -0.05 -0.975746 153 153 153
0.6 -0.0914149 -0.95 153 153 153
0.6 -0.0885289 -0.5 153 153 153
0.57797 -0.05 -0.45 153 153 153
0.6 -0.0674145 -0.45 153 153 153
0.6 -0.05 -0.405973 153 153 153
0.6 -0.05 0.405973 153 153 153
0.6 -0.0674145 0.45 153 153 153
0.57797 -0.05 0.45 153 153 153
0.6 -0.0885291 0.5 153 153 153
0.6 -0.0914147 0.95 153 153 153
0.6 -0.05 0.975746 153 153 153
0.551963 -0.05 1 153 153 153
0.65 -0.05 -0.951035 153 153 153
0.65 -0.0521693 -0.95 153 153 153
0.602917 -0.05 -0.4 153 153 153
0.65 -0.0922909 -0.4 153 153 153
0.65 -0.0737832 -0.35 153 153 153
0.62468 -0.05 -0.35 153 153 153
0.65 -0.0572684 -0.3 153 153 153
0.64252 -0.05 -0.3 153 153 153
0.65 -0.05 -0.274792 153 153 153
0.65 -0.05 0.274792 153 153 153
0.65 -0.0572684 0.3 153 153 153
0.64252 -0.05 0.3 153 153 153
0.65 -0.0737834 0.35 153 153 153
0.62468 -0.05 0.35 153 153 153
0.65 -0.0922911 0.4 153 153 153
0.602917 -0.05 0.4 153 153 153
0.65 -0.0521691 0.95 153 153 153
0.65 -0.05 0.951035 153 153 153
0.651837 -0.05 -0.95 153 153 153
0.7 -0.05 -0.919882 153 153 153
0.7 -0.0892873 -0.9 153 153 153
0.657439 -0.05 -0.25 153 153 153
0.7 -0.0955536 -0.25 153 153 153
0.7 -0.0834262 -0.2 153 153 153
0.669539 -0.05 -0.2 153 153 153
0.7 -0.0738473 -0.15 153 153 153
0.678655 -0.05 -0.15 153 153 153
0.7 -0.0669372 -0.0999999 153 153 153
0.685023 -0.05 -0.0999999 153 153 153
0.7 -0.0627663 -0.05 153 153 153
0.68879 -0.05 -0.05 153 153 153
0.7 -0.0613723 0 153 153 153
0.690037 -0.05 0 153 153 153
0.7 -0.0627663 0.05 153 153 153
0.68879 -0.05 0.05 153 153 153
0.7 -0.0669372 0.1 153 153 153
0.685023 -0.05 0.1 153 153 153
0.7 -0.0738475 0.15 153 153 153
0.678655 -0.05 0.15 153 153 153
0.7 -0.0834262 0.2 153 153 153
0.669539 -0.05 0.2 153 153 153
0.7 -0.0955536 0.25 153 153 153
0.657439 -0.05 0.25 153 153 153
0.7 -0.089287 0.9 153 153 153
0.7 -0.05 0.919882 153 153 153
0.651837 -0.05 0.95 153 153 153
0.731435 -0.05 -0.9 153 153 153
0.75 -0.05 -0.887233 153 153 153
0.75 -0.05 0.887234 153 153 153
0.731434 -0.05 0.9 153 153 153
0.8 -0.0534272 -0.85 153 153 153
0.8 -0.05 -0.851411 153 153 153
0.8 -0.053427 0.85 153 153 153
0.8 -0.05 0.851412 153 153 153
0.801776 -0.05 -0.85 153 153 153
0.85 -0.05 -0.809668 153 153 153
0.85 -0.0728931 -0.8 153 153 153
0.85 -0.0728927 0.8 153 153 153
0.85 -0.05 0.809668 153 153 153
0.801776 -0.05 0.85 153 153 153
0.860806 -0.05 -0.8 153 153 153
0.9 -0.05 -0.763731 153 153 153
0.9 -0.0820827 -0.75 153 153 153
0.9 -0.0820823 0.75 153 153 153
0.9 -0.05 0.763731 153 153 153
0.860806 -0.05 0.8 153 153 153
0.913588 -0.05 -0.75 153 153 153
0.95 -0.05 -0.712503 153 153 153
0.95 -0.0791035 -0.7 153 153 153
0.95 -0.079103 0.7 153 153 153
0.95 -0.05 0.712503 153 153 153
0.913588 -0.05 0.75 153 153 153
0.960911 -0.05 -0.7 153 153 153
1 -0.05 -0.654872 153 153 153
1 -0.061372 -0.65 153 153 153
1 -0.061372 0.65 153 153 153
1 -0.05 0.654872 153 153 153
0.960911 -0.05 0.7 153 153 153
1.00373 -0.05 -0.65 153 153 153
1.04083 -0.05 -0.6 153 153 153
1.05 -0.05 -0.587596 153 153 153
1.05 -0.05 0.587596 153 153 153
1.04083 -0.05 0.6 153 153 153
1.00373 -0.05 0.65 153 153 153
1.07371 -0.05 -0.55 153 153 153
1.1 -0.0673099 -0.5 153 153 153
1.1 -0.05 -0.508842 153 153 153
1.1 -0.0673096 0.5 153 153 153
1.1 -0.05 0.508842 153 153 153
1.07372 -0.05 0.55 153 153 153
1.10479 -0.05 -0.5 153 153 153
1.13027 -0.05 -0.45 153 153 153
1.15 -0.0681009 -0.4 153 153 153
1.15 -0.05 -0.411048 153 153 153
1.15 -0.0681007 0.4 153 153 153
1.15 -0.05 0.411048 153 153 153
1.13027 -0.05 0.45 153 153 153
1.10479 -0.05 0.5 153 153 153
1.15463 -0.05 -0.4 153 153 153
1.17376 -0.05 -0.35 153 153 153
1.19191 -0.05 -0.3 153 153 153
1.2 -0.0771599 -0.25 153 153 153
1.2 -0.05 -0.275109 153 153 153
1.2 -0.0771599 0.25 153 153 153
1.2 -0.05 0.275109 153 153 153
1.19191 -0.05 0.3 153 153 153
1.17376 -0.05 0.35 153 153 153
1.15463 -0.05 0.4 153 153 153
1.20654 -0.05 -0.25 153 153 153
1.21754 -0.05 -0.2 153 153 153
1.22651 -0.05 -0.15 153 153 153
1.23317 -0.05 -0.0999999 153 153 153
1.23728 -0.05 -0.05 153 153 153
1.23866 -0.05 0 153 153 153
1.23728 -0.05 0.05 153 153 153
1.23317 -0.05 0.1 153 153 153
1.22651 -0.05 0.15 153 153 153
1.21754 -0.05 0.2 153 153 153
1.20654 -0.05 0.25 153 153 153
-1.2 0 -0.290676 153 153 153
-1.21061 0 -0.25 153 153 153
-1.22181 0 -0.2 153 153 153
-1.23095 0 -0.15 153 153 153
-1.23773 0 -0.0999999 153 153 153
-1.24191 0 -0.05 153 153 153
-1.24332 0 0 153 153 153
-1.24191 0 0.05 153 153 153
-1.23773 0 0.1 153 153 153
-1.23095 0 0.15 153 153 153
-1.22181 0 0.2 153 153 153
-1.21061 0 0.25 153 153 153
-1.2 0 0.290676 153 153 153
-1.15 0 -0.42136 153 153 153
-1.15898 0 -0.4 153 153 153
-1.17846 0 -0.35 153 153 153
-1.19697 0 -0.3 153 153 153
-1.19697 0 0.3 153 153 153
-1.17846 0 0.35 153 153 153
-1.15898 0 0.4 153 153 153
-1.15 0 0.42136 153 153 153
-1.1 0 -0.517491 153 153 153
-1.10949 0 -0.5 153 153 153
-1.13548 0 -0.45 153 153 153
-1.13548 0 0.45 153 153 153
-1.10949 0 0.5 153 153 153
-1.1 0 0.51749 153 153 153
-1.05 0 -0.596304 153 153 153
-1.07923 0 -0.55 153 153 153
-1.07923 0 0.55 153 153 153
-1.05 0 0.596304 153 153 153
-1 0 -0.66217 153 153 153
-1.00933 0 -0.65 153 153 153
-1.04727 0 -0.6 153 153 153
-1.04727 0 0.6 153 153 153
-1.00933 0 0.65 153 153 153
-1 0 0.66217 153 153 153
-0.95 0 -0.719815 153 153 153
-0.967277 0 -0.7 153 153 153
-0.967277 0 0.7 153 153 153
-0.95 0 0.719815 153 153 153
-0.9 0 -0.771034 153 153 153
-0.920769 0 -0.75 153 153 153
-0.920769 0 0.75 153 153 153
-0.9 0 0.771034 153 153 153
-0.85 0 -0.816919 153 153 153
-0.868835 0 -0.8 153 153 153
-0.868835 0 0.8 153 153 153
-0.85 0 0.816919 153 153 153
-0.8 0 -0.858557 153 153 153
-0.810699 0 -0.85 153 153 153
-0.810699 0 0.85 153 153 153
-0.8 0 0.858557 153 153 153
-0.75 0 -0.896201 153 153 153
-0.75 0 0.896201 153 153 153
-0.7 0 -0.928648 153 153 153
-0.744566 0 -0.9 153 153 153
-0.744566 0 0.9 153 153 153
-0.7 0 0.928648 153 153 153
-0.65 0 -0.959527 153 153 153
-0.666561 0 -0.95 153 153 153
-0.65 -0.030962 -0.25 153 153 153
-0.65 0 -0.201938 153 153 153
-0.650492 0 -0.2 153 153 153
-0.660445 0 -0.15 153 153 153
-0.667376 0 -0.0999999 153 153 153
-0.671469 0 -0.05 153 153 153
-0.672822 0 0 153 153 153
-0.671469 0 0.05 153 153 153
-0.667376 0 0.1 153 153 153
-0.660444 0 0.15 153 153 153
-0.650492 0 0.2 153 153 153
-0.65 -0.0309622 0.25 153 153 153
-0.65 0 0.201939 153 153 153
-0.666561 0 0.95 153 153 153
-0.65 0 0.959528 153 153 153
-0.6 0 -0.986641 153 153 153
-0.6 -0.0438855 -0.4 153 153 153
-0.6 0 -0.354332 153 153 153
-0.60197 0 -0.35 153 153 153
-0.621838 0 -0.3 153 153 153
-0.637845 0 -0.25 153 153 153
-0.637845 0 0.25 153 153 153
-0.621838 0 0.3 153 153 153
-0.60197 0 0.35 153 153 153
-0.6 -0.0438855 0.4 153 153 153
-0.6 0 0.354332 153 153 153
-0.6 0 0.986641 153 153 153
-0.55 0 -1.01132 153 153 153
-0.574752 0 -1 153 153 153
-0.55 0 -0.450029 153 153 153
-0.550018 0 -0.45 153 153 153
-0.578427 0 -0.4 153 153 153
-0.578427 0 0.4 153 153 153
-0.550018 0 0.45 153 153 153
-0.55 0 0.450029 153 153 153
-0.574751 0 1 153 153 153
-0.55 0 1.01132 153 153 153
-0.5 0 -1.03301 153 153 153
-0.5 -0.0295711 -0.55 153 153 153
-0.5 0 -0.521643 153 153 153
-0.516444 0 -0.5 153 153 153
-0.516444 0 0.5 153 153 153
-0.5 -0.0295713 0.55 153 153 153
-0.5 0 0.521643 153 153 153
-0.5 0 1.03301 153 153 153
-0.45 0 -1.05377 153 153 153
-0.45 -0.0145142 -1.05 153 153 153
-0.460546 0 -1.05 153 153 153
-0.45 -0.0211637 -0.6 153 153 153
-0.45 0 -0.578297 153 153 153
-0.476061 0 -0.55 153 153 153
-0.476061 0 0.55 153 153 153
-0.45 0 0.578297 153 153 153
-0.45 -0.0211637 0.6 153 153 153
-0.460545 0 1.05 153 153 153
-0.45 -0.0145137 1.05 153 153 153
-0.45 0 1.05377 153 153 153
-0.4 0 -1.06965 153 153 153
-0.4 -0.0222456 -0.65 153 153 153
-0.4 0 -0.624298 255 216 0
-0.427052 0 -0.6 153 153 153
-0.427052 0 0.6 255 216 0
-0.4 0 0.624299 255 216 0
-0.4 -0.0222456 0.65 153 153 153
-0.4 0 1.06965 153 153 153
-0.35 0 -1.08495 153 153 153
-0.35 -0.0276799 -0.7 153 153 153
-0.35 0 -0.661812 255 216 0
-0.365898 0 -0.65 255 216 0
-0.365898 0 0.65 255 216 0
-0.35 0 0.661812 255 216 0
-0.35 -0.0276802 0.7 153 153 153
-0.35 0 1.08495 153 153 153
-0.3 0 -1.09957 153 153 153
-0.3 -0.0332129 -0.75 153 153 153
-0.3 -0.0045609 -0.7 255 216 0
-0.3 0 -0.692371 255 216 0
-0.3 0 0.692371 255 216 0
-0.3 -0.0045612 0.7 255 216 0
-0.3 -0.0332129 0.75 153 153 153
-0.3 0 1.09957 153 153 153
-0.25 0 -1.1091 153 153 153
-0.25 -0.0133097 -1.1 153 153 153
-0.298283 0 -1.1 153 153 153
-0.25 -0.0358853 -0.8 153 153 153
-0.25 -0.0144823 -0.75 153 153 153
-0.25 0 -0.717603 255 216 0
-0.284516 0 -0.7 255 216 0
-0.284516 0 0.7 255 216 0
-0.25 0 0.717602 255 216 0
-0.25 -0.0144823 0.75 153 153 153
-0.25 -0.0358851 0.8 153 153 153
-0.298282 0 1.1 153 153 153
-0.25 -0.0133095 1.1 153 153 153
-0.25 0 1.10911 153 153 153
-0.2 0 -1.11719 153 153 153
-0.2 -0.0164986 -1.1 153 153 153
-0.2 -0.043915 -1.05 153 153 153
-0.2 -0.0465162 -0.9 153 153 153
-0.2 -0.0343807 -0.85 153 153 153
-0.2 -0.0198309 -0.8 153 153 153
-0.2 -0.0042603 -0.75 153 153 153
-0.2 0 -0.737082 255 216 0
-0.2 0 0.737082 255 216 0
-0.2 -0.0042603 0.75 153 153 153
-0.2 -0.0198314 0.8 153 153 153
-0.2 -0.0343807 0.85 153 153 153
-0.2 -0.0465164 0.9 153 153 153
-0.2 -0.043915 1.05 153 153 153
-0.2 -0.0164986 1.1 153 153 153
-0.2 0 1.11719 153 153 153
-0.15 0 -1.12376 153 153 153
-0.15 -0.0144954 -1.1 153 153 153
-0.15 -0.0310357 -1.05 153 153 153
-0.15 -0.0367835 -1 153 153 153
-0.15 -0.0353515 -0.95 153 153 153
-0.15 -0.0293429 -0.9 153 153 153
-0.15 -0.0206056 -0.85 153 153 153
-0.15 -0.0104344 -0.8 153 153 153
-0.15 0 -0.751415 255 216 0
-0.154537 0 -0.75 255 216 0
-0.154537 0 0.75 255 216 0
-0.15 0 0.751416 255 216 0
-0.15 -0.0104344 0.8 153 153 153
-0.15 -0.0206056 0.85 153 153 153
-0.15 -0.0293427 0.9 153 153 153
-0.15 -0.0353515 0.95 153 153 153
-0.15 -0.0367835 1 153 153 153
-0.15 -0.0310357 1.05 153 153 153
-0.15 -0.0144954 1.1 153 153 153
-0.15 0 1.12376 153 153 153
-0.0999999 0 -1.12864 153 153 153
-0.0999999 -0.0117784 -1.1 153 153 153
-0.0999999 -0.0224788 -1.05 153 153 153
-0.0999999 -0.0257962 -1 153 153 153
-0.0999999 -0.0242455 -0.95 153 153 153
-0.0999999 -0.0196242 -0.9 153 153 153
-0.0999999 -0.0132015 -0.85 153 153 153
-0.0999999 -0.0058599 -0.8 153 153 153
-0.0999999 0 -0.762441 255 216 0
-0.0999999 0 0.762441 255 216 0
-0.0999999 -0.0058599 0.8 153 153 153
-0.0999999 -0.0132015 0.85 153 153 153
-0.0999999 -0.0196242 0.9 153 153 153
-0.0999999 -0.0242455 0.95 153 153 153
-0.0999999 -0.0257962 1 153 153 153
-0.0999999 -0.0224786 1.05 153 153 153
-0.0999999 -0.0117781 1.1 153 153 153
-0.0999999 0 1.12864 153 153 153
-0.05 0 -1.13165 153 153 153
-0.05 -0.0244691 -1.1 153 153 153
-0.05 -0.04423 -1.05 153 153 153
-0.05 -0.0499887 -1 153 153 153
-0.05 -0.0464702 -0.95 153 153 153
-0.05 -0.0370874 -0.9 153 153 153
-0.05 -0.0242686 -0.85 153 153 153
-0.05 -0.0097125 -0.8 153 153 153
-0.05 0 -0.768789 255 216 0
-0.05 0 0.768789 255 216 0
-0.05 -0.0097125 0.8 153 153 153
-0.05 -0.0242686 0.85 153 153 153
-0.05 -0.0370874 0.9 153 153 153
-0.05 -0.0464699 0.95 153 153 153
-0.05 -0.0499887 1 153 153 153
-0.05 -0.04423 1.05 153 153 153
-0.05 -0.0244689 1.1 153 153 153
-0.05 0 1.13165 153 153 153
-0.0249426 0 -1.1 255 216 0
-0.005301 0 -1.05 255 216 0
0 0 -1 255 216 0
-0.0038912 0 -0.95 255 216 0
-0.0134299 0 -0.9 255 216 0
-0.026185 0 -0.85 255 216 0
-0.0405047 0 -0.8 255 216 0
-0.0405047 0 0.8 255 216 0
-0.0261853 0 0.85 255 216 0
-0.0134299 0 0.9 255 216 0
-0.0038912 0 0.95 255 216 0
0 0 1 255 216 0
-0.0053012 0 1.05 255 216 0
-0.0249426 0 1.1 255 216 0
0.05 0 -1.13165 153 153 153
0.05 -0.0244689 -1.1 153 153 153
0.0249426 0 -1.1 255 216 0
0.05 -0.04423 -1.05 153 153 153
0.0053012 0 -1.05 255 216 0
0.05 -0.0499883 -1 153 153 153
0 0 -1 255 216 0
0.05 -0.0464699 -0.95 153 153 153
0.0038912 0 -0.95 255 216 0
0.05 -0.0370872 -0.9 153 153 153
0.0134296 0 -0.9 255 216 0
0.05 -0.0242686 -0.85 153 153 153
0.0261853 0 -0.85 255 216 0
0.05 -0.0097125 -0.8 153 153 153
0.0405047 0 -0.8 255 216 0
0.05 0 -0.768789 255 216 0
0.05 0 0.768789 255 216 0
0.05 -0.0097122 0.8 153 153 153
0.0405049 0 0.8 255 216 0
0.05 -0.0242686 0.85 153 153 153
0.026185 0 0.85 255 216 0
0.05 -0.0370872 0.9 153 153 153
0.0134301 0 0.9 255 216 0
0.05 -0.0464699 0.95 153 153 153
0.0038912 0 0.95 255 216 0
0.05 -0.0499883 1 153 153 153
0 0 1 255 216 0
0.05 -0.0442297 1.05 153 153 153
0.0053012 0 1.05 255 216 0
0.05 -0.0244689 1.1 153 153 153
0.0249424 0 1.1 255 216 0
0.05 0 1.13165 153 153 153
0.1 0 -1.12864 153 153 153
0.1 -0.0117784 -1.1 153 153 153
0.1 -0.0224788 -1.05 153 153 153
0.1 -0.0257962 -1 153 153 153
0.1 -0.0242455 -0.95 153 153 153
0.1 -0.0196242 -0.9 153 153 153
0.1 -0.0132015 -0.85 153 153 153
0.1 -0.0058599 -0.8 153 153 153
0.1 0 -0.762441 255 216 0
0.1 0 0.762441 255 216 0
0.1 -0.0058599 0.8 153 153 153
0.1 -0.0132015 0.85 153 153 153
0.1 -0.0196242 0.9 153 153 153
0.1 -0.0242455 0.95 153 153 153
0.1 -0.0257962 1 153 153 153
0.1 -0.0224788 1.05 153 153 153
0.1 -0.0117781 1.1 153 153 153
0.1 0 1.12864 153 153 153
0.15 0 -1.12376 153 153 153
0.15 -0.0144954 -1.1 153 153 153
0.15 -0.0310357 -1.05 153 153 153
0.15 -0.0367832 -1 153 153 153
0.15 -0.035352 -0.95 153 153 153
0.15 -0.0293429 -0.9 153 153 153
0.15 -0.0206056 -0.85 153 153 153
0.15 -0.0104344 -0.8 153 153 153
0.15 0 -0.751415 255 216 0
0.15 0 0.751415 255 216 0
0.15 -0.0104344 0.8 153 153 153
0.15 -0.0206053 0.85 153 153 153
0.15 -0.0293429 0.9 153 153 153
0.15 -0.0353518 0.95 153 153 153
0.15 -0.0367832 1 153 153 153
0.15 -0.0310357 1.05 153 153 153
0.15 -0.0144954 1.1 153 153 153
0.15 0 1.12376 153 153 153
0.2 0 -1.11719 153 153 153
0.2 -0.0164986 -1.1 153 153 153
0.2 -0.043915 -1.05 153 153 153
0.2 -0.0465164 -0.9 153 153 153
0.2 -0.0343804 -0.85 153 153 153
0.2 -0.0198312 -0.8 153 153 153
0.154537 0 -0.75 255 216 0
0.2 -0.0042603 -0.75 153 153 153
0.2 0 -0.737082 255 216 0
0.2 0 0.737082 255 216 0
0.2 -0.0042603 0.75 153 153 153
0.154537 0 0.75 255 216 0
0.2 -0.0198312 0.8 153 153 153
0.2 -0.0343807 0.85 153 153 153
0.2 -0.0465162 0.9 153 153 153
0.2 -0.043915 1.05 153 153 153
0.2 -0.0164986 1.1 153 153 153
0.2 0 1.11719 153 153 153
0.25 0 -1.1091 153 153 153
0.25 -0.0133097 -1.1 153 153 153
0.25 -0.0358853 -0.8 153 153 153
0.25 -0.0144823 -0.75 153 153 153
0.25 0 -0.717602 255 216 0
0.25 0 0.717602 255 216 0
0.25 -0.0144823 0.75 153 153 153
0.25 -0.0358853 0.8 153 153 153
0.25 -0.0133095 1.1 153 153 153
0.25 0 1.10911 153 153 153
0.298283 0 -1.1 153 153 153
0.3 0 -1.09957 153 153 153
0.3 -0.0332129 -0.75 153 153 153
0.284516 0 -0.7 255 216 0
0.3 -0.0045609 -0.7 255 216 0
0.3 0 -0.692371 255 216 0
0.3 0 0.692371 255 216 0
0.3 -0.0045609 0.7 255 216 0
0.284515 0 0.7 255 216 0
0.3 -0.0332129 0.75 153 153 153
0.3 0 1.09957 153 153 153
0.298282 0 1.1 153 153 153
0.35 0 -1.08495 153 153 153
0.35 -0.0276802 -0.7 153 153 153
0.35 0 -0.661812 255 216 0
0.35 0 0.661812 255 216 0
0.35 -0.0276802 0.7 153 153 153
0.35 0 1.08495 153 153 153
0.4 0 -1.06965 153 153 153
0.365898 0 -0.65 255 216 0
0.4 -0.0222456 -0.65 153 153 153
0.4 0 -0.624298 255 216 0
0.4 0 0.624298 255 216 0
0.4 -0.0222459 0.65 153 153 153
0.365898 0 0.65 255 216 0
0.4 0 1.06965 153 153 153
0.45 -0.0145137 -1.05 153 153 153
0.45 0 -1.05377 153 153 153
0.427052 0 -0.6 255 216 0
0.45 -0.0211639 -0.6 153 153 153
0.45 0 -0.578297 153 153 153
0.45 0 0.578297 153 153 153
0.45 -0.0211639 0.6 153 153 153
0.427052 0 0.6 255 216 0
0.45 -0.0145135 1.05 153 153 153
0.45 0 1.05377 153 153 153
0.460545 0 -1.05 153 153 153
0.5 0 -1.03301 153 153 153
0.476061 0 -0.55 153 153 153
0.5 -0.0295715 -0.55 153 153 153
0.5 0 -0.521643 153 153 153
0.5 0 0.521643 153 153 153
0.5 -0.0295715 0.55 153 153 153
0.476061 0 0.55 153 153 153
0.5 0 1.03301 153 153 153
0.460545 0 1.05 153 153 153
0.55 0 -1.01132 153 153 153
0.516444 0 -0.5 153 153 153
0.55 0 -0.450028 153 153 153
0.55 0 0.450028 153 153 153
0.516444 0 0.5 153 153 153
0.55 0 1.01132 153 153 153
0.574751 0 -1 153 153 153
0.6 0 -0.986641 153 153 153
0.550018 0 -0.45 153 153 153
0.6 -0.0438855 -0.4 153 153 153
0.578427 0 -0.4 153 153 153
0.6 0 -0.354332 153 153 153
0.6 0 0.354332 153 153 153
0.6 -0.0438855 0.4 153 153 153
0.578427 0 0.4 153 153 153
0.550018 0 0.45 153 153 153
0.6 0 0.986641 153 153 153
0.574751 0 1 153 153 153
0.65 0 -0.959527 153 153 153
0.601969 0 -0.35 153 153 153
0.621838 0 -0.3 153 153 153
0.65 -0.0309622 -0.25 153 153 153
0.637845 0 -0.25 153 153 153
0.65 0 -0.201938 153 153 153
0.65 0 0.201938 153 153 153
0.65 -0.0309622 0.25 153 153 153
0.637845 0 0.25 153 153 153
0.621838 0 0.3 153 153 153
0.601969 0 0.35 153 153 153
0.65 0 0.959528 153 153 153
0.666561 0 -0.95 153 153 153
0.7 0 -0.928648 153 153 153
0.650492 0 -0.2 153 153 153
0.660445 0 -0.15 153 153 153
0.667376 0 -0.0999999 153 153 153
0.671469 0 -0.05 153 153 153
0.672823 0 0 153 153 153
0.671469 0 0.05 153 153 153
0.667376 0 0.1 153 153 153
0.660445 0 0.15 153 153 153
0.650492 0 0.2 153 153 153
0.7 0 0.928648 153 153 153
0.666561 0 0.95 153 153 153
0.744566 0 -0.9 153 153 153
0.75 0 -0.896201 153 153 153
0.75 0 0.896201 153 153 153
0.744566 0 0.9 153 153 153
0.8 0 -0.858557 153 153 153
0.8 0 0.858557 153 153 153
0.810699 0 -0.85 153 153 153
0.85 0 -0.816919 153 153 153
0.85 0 0.816919 153 153 153
0.810699 0 0.85 153 153 153
0.868835 0 -0.8 153 153 153
0.9 0 -0.771034 153 153 153
0.9 0 0.771034 153 153 153
0.868835 0 0.8 153 153 153
0.920769 0 -0.75 153 153 153
0.95 0 -0.719815 153 153 153
0.95 0 0.719815 153 153 153
0.920769 0 0.75 153 153 153
0.967277 0 -0.7 153 153 153
1 0 -0.66217 153 153 153
1 0 0.66217 153 153 153
0.967277 0 0.7 153 153 153
1.00933 0 -0.65 153 153 153
1.04727 0 -0.6 153 153 153
1.05 0 -0.596304 153 153 153
1.05 0 0.596304 153 153 153
1.04727 0 0.6 153 153 153
1.00933 0 0.65 153 153 153
1.07923 0 -0.55 153 153 153
1.1 0 -0.51749 153 153 153
1.1 0 0.51749 153 153 153
1.07923 0 0.55 153 153 153
1.10949 0 -0.5 153 153 153
1.13548 0 -0.45 153 153 153
1.15 0 -0.42136 153 153 153
1.15 0 0.42136 153 153 153
1.13548 0 0.45 153 153 153
1.10949 0 0.5 153 153 153
1.15898 0 -0.4 153 153 153
1.17846 0 -0.35 153 153 153
1.19697 0 -0.3 153 153 153
1.2 0 -0.290675 153 153 153
1.2 0 0.290675 153 153 153
1.19697 0 0.3 153 153 153
1.17846 0 0.35 153 153 153
1.15898 0 0.4 153 153 153
1.21061 0 -0.25 153 153 153
1.22181 0 -0.2 153 153 153
1.23095 0 -0.15 153 153 153
1.23773 0 -0.0999999 153 153 153
1.24191 0 -0.05 153 153 153
1.24332 0 0 153 153 153
1.24191 0 0.05 153 153 153
1.23773 0 0.1 153 153 153
1.23095 0 0.15 153 153 153
1.22181 0 0.2 153 153 153
1.21061 0 0.25 153 153 153
-1.2 0.05 -0.275109 153 153 153
-1.20654 0.05 -0.25 153 153 153
-1.21754 0.05 -0.2 153 153 153
-1.22651 0.05 -0.15 153 153 153
-1.23317 0.05 -0.0999999 153 153 153
-1.23728 0.05 -0.05 153 153 153
-1.23866 0.05 0 153 153 153
-1.23728 0.05 0.05 153 153 153
-1.23317 0.05 0.1 153 153 153
-1.22651 0.05 0.15 153 153 153
-1.21754 0.05 0.2 153 153 153
-1.20654 0.05 0.25 153 153 153
-1.2 0.05 0.275109 153 153 153
-1.15 0.05 -0.411048 153 153 153
-1.15463 0.05 -0.4 153 153 153
-1.17376 0.05 -0.35 153 153 153
-1.19191 0.05 -0.3 153 153 153
-1.19191 0.05 0.3 153 153 153
-1.17376 0.05 0.35 153 153 153
-1.15463 0.05 0.4 153 153 153
-1.15 0.05 0.411048 153 153 153
-1.1 0.05 -0.508842 153 153 153
-1.10479 0.05 -0.5 153 153 153
-1.13027 0.05 -0.45 153 153 153
-1.13027 0.05 0.45 153 153 153
-1.10479 0.05 0.5 153 153 153
-1.1 0.05 0.508842 153 153 153
-1.05 0.05 -0.587596 153 153 153
-1.07371 0.05 -0.55 153 153 153
-1.07371 0.05 0.55 153 153 153
-1.05 0.05 0.587596 153 153 153
-1 0.05 -0.654872 153 153 153
-1.00373 0.05 -0.65 153 153 153
-1.04083 0.05 -0.6 153 153 153
-1.04083 0.05 0.6 153 153 153
-1.00373 0.05 0.65 153 153 153
-1 0.05 0.654872 153 153 153
-0.95 0.05 -0.712503 153 153 153
-0.960911 0.05 -0.7 153 153 153
-0.960911 0.05 0.7 153 153 153
-0.95 0.05 0.712503 153 153 153
-0.9 0.05 -0.763731 153 153 153
-0.913588 0.05 -0.75 153 153 153
-0.913588 0.05 0.75 153 153 153
-0.9 0.05 0.763731 153 153 153
-0.85 0.05 -0.809668 153 153 153
-0.860806 0.05 -0.8 153 153 153
-0.860806 0.05 0.8 153 153 153
-0.85 0.05 0.809668 153 153 153
-0.8 0.05 -0.851411 153 153 153
-0.801775 0.05 -0.85 153 153 153
-0.801775 0.05 0.85 153 153 153
-0.8 0.05 0.851412 153 153 153
-0.75 0.05 -0.887233 153 153 153
-0.75 0.05 0.887233 153 153 153
-0.7 0.05 -0.919882 153 153 153
-0.731435 0.05 -0.9 153 153 153
-0.731434 0.05 0.9 153 153 153
-0.7 0.05 0.919882 153 153 153
-0.65 0.05 -0.951035 153 153 153
-0.651837 0.05 -0.95 153 153 153
-0.65 0.05 -0.274793 153 153 153
-0.657439 0.05 -0.25 153 153 153
-0.65 0.030962 -0.25 153 153 153
-0.669539 0.05 -0.2 153 153 153
-0.678655 0.05 -0.15 153 153 153
-0.685023 0.05 -0.0999999 153 153 153
-0.68879 0.05 -0.05 153 153 153
-0.690037 0.05 0 153 153 153
-0.68879 0.05 0.05 153 153 153
-0.685023 0.05 0.1 153 153 153
-0.678655 0.05 0.15 153 153 153
-0.669539 0.05 0.2 153 153 153
-0.657439 0.05 0.25 153 153 153
-0.65 0.030962 0.25 153 153 153
-0.65 0.05 0.274792 153 153 153
-0.651837 0.05 0.95 153 153 153
-0.65 0.05 0.951036 153 153 153
-0.6 0.05 -0.975746 153 153 153
-0.6 0.05 -0.405973 153 153 153
-0.602917 0.05 -0.4 153 153 153
-0.6 0.0438852 -0.4 153 153 153
-0.62468 0.05 -0.35 153 153 153
-0.64252 0.05 -0.3 153 153 153
-0.64252 0.05 0.3 153 153 153
-0.62468 0.05 0.35 153 153 153
-0.602917 0.05 0.4 153 153 153
-0.6 0.0438852 0.4 153 153 153
-0.6 0.05 0.405973 153 153 153
-0.6 0.05 0.975746 153 153 153
-0.55 0.05 -1.00086 153 153 153
-0.551963 0.05 -1 153 153 153
-0.55 0.05 -0.497281 153 153 153
-0.57797 0.05 -0.45 153 153 153
-0.57797 0.05 0.45 153 153 153
-0.55 0.05 0.497281 153 153 153
-0.551963 0.05 1 153 153 153
-0.55 0.05 1.00086 153 153 153
-0.5 0.05 -1.01929 153 153 153
-0.5 0.05 -0.569675 153 153 153
-0.514677 0.05 -0.55 153 153 153
-0.5 0.0295713 -0.55 153 153 153
-0.548319 0.05 -0.5 153 153 153
-0.548319 0.05 0.5 153 153 153
-0.514677 0.05 0.55 153 153 153
-0.5 0.0295713 0.55 153 153 153
-0.5 0.05 0.569675 153 153 153
-0.5 0.05 1.01929 153 153 153
-0.45 0.0145142 -1.05 153 153 153
-0.45 0.05 -1.0368 153 153 153
-0.45 0.05 -0.630119 153 153 153
-0.475827 0.05 -0.6 153 153 153
-0.45 0.0211637 -0.6 153 153 153
-0.475827 0.05 0.6 153 153 153
-0.45 0.0211637 0.6 153 153 153
-0.45 0.05 0.630118 153 153 153
-0.45 0.0145137 1.05 153 153 153
-0.45 0.05 1.0368 153 153 153
-0.407679 0.05 -1.05 153 153 153
-0.4 0.05 -1.05192 153 153 153
-0.4 0.05 -0.68311 153 153 153
-0.431683 0.05 -0.65 153 153 153
-0.4 0.0222459 -0.65 153 153 153
-0.431683 0.05 0.65 153 153 153
-0.4 0.0222459 0.65 153 153 153
-0.4 0.05 0.683109 153 153 153
-0.407679 0.05 1.05 153 153 153
-0.4 0.05 1.05192 153 153 153
-0.35 0.05 -1.06034 153 153 153
-0.35 0.05 -0.732208 153 153 153
-0.382814 0.05 -0.7 153 153 153
-0.35 0.0276802 -0.7 153 153 153
-0.382814 0.05 0.7 153 153 153
-0.35 0.0276802 0.7 153 153 153
-0.35 0.05 0.732209 153 153 153
-0.35 0.05 1.06034 153 153 153
-0.3 0.05 -1.06402 153 153 153
-0.3 0.05 -0.781324 153 153 153
-0.331434 0.05 -0.75 153 153 153
-0.3 0.0332127 -0.75 153 153 153
-0.3 0.0045612 -0.7 255 216 0
-0.3 0.0045612 0.7 255 216 0
-0.331434 0.05 0.75 153 153 153
-0.3 0.0332127 0.75 153 153 153
-0.3 0.05 0.781324 153 153 153
-0.3 0.05 1.06402 153 153 153
-0.25 0.0133095 -1.1 153 153 153
-0.25 0.05 -1.05923 153 153 153
-0.25 0.05 -0.83689 153 153 153
-0.282222 0.05 -0.8 153 153 153
-0.25 0.0358853 -0.8 153 153 153
-0.25 0.0144823 -0.75 153 153 153
-0.25 0.0144823 0.75 153 153 153
-0.282222 0.05 0.8 153 153 153
-0.25 0.0358853 0.8 153 153 153
-0.25 0.05 0.836891 153 153 153
-0.25 0.0133095 1.1 153 153 153
-0.25 0.05 1.05923 153 153 153
-0.2 0.0164986 -1.1 153 153 153
-0.226836 0.05 -1.05 153 153 153
-0.2 0.043915 -1.05 153 153 153
-0.2 0.05 -1.02294 153 153 153
-0.2 0.05 -0.923685 153 153 153
-0.209667 0.05 -0.9 153 153 153
-0.2 0.0465162 -0.9 153 153 153
-0.240316 0.05 -0.85 153 153 153
-0.2 0.0343807 -0.85 153 153 153
-0.2 0.0198312 -0.8 153 153 153
-0.2 0.0042605 -0.75 153 153 153
-0.2 0.0042603 0.75 153 153 153
-0.2 0.0198312 0.8 153 153 153
-0.240316 0.05 0.85 153 153 153
-0.2 0.0343807 0.85 153 153 153
-0.209667 0.05 0.9 153 153 153
-0.2 0.0465162 0.9 153 153 153
-0.2 0.05 0.923685 153 153 153
-0.2 0.05 1.02294 153 153 153
-0.226836 0.05 1.05 153 153 153
-0.2 0.043915 1.05 153 153 153
-0.2 0.0164983 1.1 153 153 153
-0.15 0.0144954 -1.1 153 153 153
-0.15 0.0310359 -1.05 153 153 153
-0.190455 0.05 -1 153 153 153
-0.15 0.0367832 -1 153 153 153
-0.191945 0.05 -0.95 153 153 153
-0.15 0.0353515 -0.95 153 153 153
-0.15 0.0293429 -0.9 153 153 153
-0.15 0.0206056 -0.85 153 153 153
-0.15 0.0104344 -0.8 153 153 153
-0.15 0.0104344 0.8 153 153 153
-0.15 0.0206056 0.85 153 153 153
-0.15 0.0293427 0.9 153 153 153
-0.191945 0.05 0.95 153 153 153
-0.15 0.0353518 0.95 153 153 153
-0.190455 0.05 1 153 153 153
-0.15 0.0367832 1 153 153 153
-0.15 0.0310357 1.05 153 153 153
-0.15 0.0144954 1.1 153 153 153
-0.0999999 0.0117784 -1.1 153 153 153
-0.0999999 0.0224788 -1.05 153 153 153
-0.0999999 0.0257964 -1 153 153 153
-0.0999999 0.0242455 -0.95 153 153 153
-0.0999999 0.0196245 -0.9 153 153 153
-0.0999999 0.0132015 -0.85 153 153 153
-0.0999999 0.0058601 -0.8 153 153 153
-0.0999999 0.0058599 0.8 153 153 153
-0.0999999 0.0132015 0.85 153 153 153
-0.0999999 0.0196245 0.9 153 153 153
-0.0999999 0.0242455 0.95 153 153 153
-0.0999999 0.0257964 1 153 153 153
-0.0999999 0.0224786 1.05 153 153 153
-0.0999999 0.0117784 1.1 153 153 153
-0.05 0.0244694 -1.1 153 153 153
-0.05 0.0442302 -1.05 153 153 153
-0.05 0.049989 -1 153 153 153
-0.05 0.0464704 -0.95 153 153 153
-0.05 0.0370877 -0.9 153 153 153
-0.05 0.0242689 -0.85 153 153 153
-0.05 0.0097125 -0.8 153 153 153
-0.05 0.0097125 0.8 153 153 153
-0.05 0.0242689 0.85 153 153 153
-0.05 0.0370877 0.9 153 153 153
-0.05 0.0464704 0.95 153 153 153
-0.05 0.049989 1 153 153 153
-0.05 0.0442305 1.05 153 153 153
-0.05 0.0244694 1.1 153 153 153
0.05 0.0244694 -1.1 153 153 153
0.05 0.0442302 -1.05 153 153 153
0.05 0.0499887 -1 153 153 153
0.05 0.0464702 -0.95 153 153 153
0.05 0.0370874 -0.9 153 153 153
0.05 0.0242689 -0.85 153 153 153
0.05 0.0097122 -0.8 153 153 153
0.05 0.0097122 0.8 153 153 153
0.05 0.0242689 0.85 153 153 153
0.05 0.0370877 0.9 153 153 153
0.05 0.0464702 0.95 153 153 153
0.05 0.0499885 1 153 153 153
0.05 0.0442302 1.05 153 153 153
0.05 0.0244691 1.1 153 153 153
0.1 0.0117784 -1.1 153 153 153
0.1 0.0224788 -1.05 153 153 153
0.1 0.0257962 -1 153 153 153
0.1 0.0242457 -0.95 153 153 153
0.1 0.0196245 -0.9 153 153 153
0.1 0.0132015 -0.85 153 153 153
0.1 0.0058601 -0.8 153 153 153
0.1 0.0058599 0.8 153 153 153
0.1 0.0132015 0.85 153 153 153
0.1 0.0196245 0.9 153 153 153
0.1 0.0242457 0.95 153 153 153
0.1 0.0257962 1 153 153 153
0.1 0.0224788 1.05 153 153 153
0.1 0.0117784 1.1 153 153 153
0.15 0.0144956 -1.1 153 153 153
0.15 0.0310357 -1.05 153 153 153
0.15 0.0367835 -1 153 153 153
0.15 0.0353515 -0.95 153 153 153
0.15 0.0293427 -0.9 153 153 153
0.15 0.0206056 -0.85 153 153 153
0.15 0.0104344 -0.8 153 153 153
0.15 0.0104344 0.8 153 153 153
0.15 0.0206058 0.85 153 153 153
0.15 0.0293427 0.9 153 153 153
0.15 0.0353515 0.95 153 153 153
0.15 0.0367835 1 153 153 153
0.15 0.0310359 1.05 153 153 153
0.15 0.0144951 1.1 153 153 153
0.2 0.0164986 -1.1 153 153 153
0.2 0.043915 -1.05 153 153 153
0.2 0.05 -1.02294 153 153 153
0.190455 0.05 -1 153 153 153
0.191946 0.05 -0.95 153 153 153
0.2 0.0465162 -0.9 153 153 153
0.2 0.05 -0.923685 153 153 153
0.2 0.0343804 -0.85 153 153 153
0.2 0.0198312 -0.8 153 153 153
0.2 0.0042605 -0.75 153 153 153
0.2 0.0042605 0.75 153 153 153
0.2 0.0198314 0.8 153 153 153
0.2 0.0343807 0.85 153 153 153
0.2 0.0465162 0.9 153 153 153
0.2 0.05 0.923685 153 153 153
0.191946 0.05 0.95 153 153 153
0.190455 0.05 1 153 153 153
0.2 0.0439148 1.05 153 153 153
0.2 0.05 1.02294 153 153 153
0.2 0.0164983 1.1 153 153 153
0.25 0.0133095 -1.1 153 153 153
0.25 0.05 -1.05923 153 153 153
0.226836 0.05 -1.05 153 153 153
0.209667 0.05 -0.9 153 153 153
0.240316 0.05 -0.85 153 153 153
0.25 0.0358853 -0.8 153 153 153
0.25 0.05 -0.83689 153 153 153
0.25 0.0144823 -0.75 153 153 153
0.25 0.0144825 0.75 153 153 153
0.25 0.0358856 0.8 153 153 153
0.25 0.05 0.83689 153 153 153
0.240316 0.05 0.85 153 153 153
0.209667 0.05 0.9 153 153 153
0.226836 0.05 1.05 153 153 153
0.25 0.0133095 1.1 153 153 153
0.25 0.05 1.05923 153 153 153
0.3 0.05 -1.06402 153 153 153
0.282222 0.05 -0.8 153 153 153
0.3 0.0332129 -0.75 153 153 153
0.3 0.05 -0.781324 153 153 153
0.3 0.0045612 -0.7 255 216 0
0.3 0.0045612 0.7 255 216 0
0.3 0.0332131 0.75 153 153 153
0.3 0.05 0.781324 153 153 153
0.282222 0.05 0.8 153 153 153
0.3 0.05 1.06402 153 153 153
0.35 0.05 -1.06034 153 153 153
0.331434 0.05 -0.75 153 153 153
0.35 0.0276802 -0.7 153 153 153
0.35 0.05 -0.732208 153 153 153
0.35 0.0276802 0.7 153 153 153
0.35 0.05 0.732208 153 153 153
0.331434 0.05 0.75 153 153 153
0.35 0.05 1.06034 153 153 153
0.4 0.05 -1.05192 153 153 153
0.382814 0.05 -0.7 153 153 153
0.4 0.0222456 -0.65 153 153 153
0.4 0.05 -0.68311 153 153 153
0.4 0.0222459 0.65 153 153 153
0.4 0.05 0.683109 153 153 153
0.382814 0.05 0.7 153 153 153
0.4 0.05 1.05192 153 153 153
0.407679 0.05 -1.05 153 153 153
0.45 0.014514 -1.05 153 153 153
0.45 0.05 -1.0368 153 153 153
0.431682 0.05 -0.65 153 153 153
0.45 0.0211637 -0.6 153 153 153
0.45 0.05 -0.630118 153 153 153
0.45 0.0211639 0.6 153 153 153
0.45 0.05 0.630118 153 153 153
0.431682 0.05 0.65 153 153 153
0.45 0.05 1.0368 153 153 153
0.407679 0.05 1.05 153 153 153
0.45 0.0145137 1.05 153 153 153
0.5 0.05 -1.01929 153 153 153
0.475827 0.05 -0.6 153 153 153
0.5 0.0295713 -0.55 153 153 153
0.5 0.05 -0.569675 153 153 153
0.5 0.0295713 0.55 153 153 153
0.5 0.05 0.569675 153 153 153
0.475827 0.05 0.6 153 153 153
0.5 0.05 1.01929 153 153 153
0.55 0.05 -1.00086 153 153 153
0.514677 0.05 -0.55 153 153 153
0.548319 0.05 -0.5 153 153 153
0.55 0.05 -0.497281 153 153 153
0.55 0.05 0.49728 153 153 153
0.548319 0.05 0.5 153 153 153
0.514677 0.05 0.55 153 153 153
0.55 0.05 1.00086 153 153 153
0.551963 0.05 -1 153 153 153
0.6 0.05 -0.975746 153 153 153
0.57797 0.05 -0.45 153 153 153
0.6 0.0438855 -0.4 153 153 153
0.6 0.05 -0.405973 153 153 153
0.6 0.0438855 0.4 153 153 153
0.6 0.05 0.405973 153 153 153
0.57797 0.05 0.45 153 153 153
0.6 0.05 0.975746 153 153 153
0.551963 0.05 1 153 153 153
0.65 0.05 -0.951035 153 153 153
0.602917 0.05 -0.4 153 153 153
0.62468 0.05 -0.35 153 153 153
0.64252 0.05 -0.3 153 153 153
0.65 0.0309625 -0.25 153 153 153
0.65 0.05 -0.274792 153 153 153
0.65 0.0309625 0.25 153 153 153
0.65 0.05 0.274792 153 153 153
0.64252 0.05 0.3 153 153 153
0.62468 0.05 0.35 153 153 153
0.602917 0.05 0.4 153 153 153
0.65 0.05 0.951035 153 153 153
0.651838 0.05 -0.95 153 153 153
0.7 0.05 -0.919882 153 153 153
0.657439 0.05 -0.25 153 153 153
0.669539 0.05 -0.2 153 153 153
0.678655 0.05 -0.15 153 153 153
0.685023 0.05 -0.0999999 153 153 153
0.68879 0.05 -0.05 153 153 153
0.690037 0.05 0 153 153 153
0.68879 0.05 0.05 153 153 153
0.685023 0.05 0.1 153 153 153
0.678655 0.05 0.15 153 153 153
0.669539 0.05 0.2 153 153 153
0.657439 0.05 0.25 153 153 153
0.7 0.05 0.919882 153 153 153
0.651838 0.05 0.95 153 153 153
0.731435 0.05 -0.9 153 153 153
0.75 0.05 -0.887233 153 153 153
0.75 0.05 0.887233 153 153 153
0.731435 0.05 0.9 153 153 153
0.8 0.05 -0.851411 153 153 153
0.8 0.05 0.851411 153 153 153
0.801776 0.05 -0.85 153 153 153
0.85 0.05 -0.809668 153 153 153
0.85 0.05 0.809668 153 153 153
0.801776 0.05 0.85 153 153 153
0.860806 0.05 -0.8 153 153 153
0.9 0.05 -0.763731 153 153 153
0.9 0.05 0.763731 153 153 153
0.860806 0.05 0.8 153 153 153
0.913588 0.05 -0.75 153 153 153
0.95 0.05 -0.712503 153 153 153
0.95 0.05 0.712503 153 153 153
0.913588 0.05 0.75 153 153 153
0.960911 0.05 -0.7 153 153 153
1 0.05 -0.654872 153 153 153
1 0.05 0.654872 153 153 153
0.960911 0.05 0.7 153 153 153
1.00373 0.05 -0.65 153 153 153
1.04083 0.05 -0.6 153 153 153
1.05 0.05 -0.587596 153 153 153
1.05 0.05 0.587596 153 153 153
1.04083 0.05 0.6 153 153 153
1.00373 0.05 0.65 153 153 153
1.07372 0.05 -0.55 153 153 153
1.1 0.05 -0.508842 153 153 153
1.1 0.05 0.508842 153 153 153
1.07371 0.05 0.55 153 153 153
1.10479 0.05 -0.5 153 153 153
1.13027 0.05 -0.45 153 153 153
1.15 0.05 -0.411048 153 153 153
1.15 0.05 0.411048 153 153 153
1.13027 0.05 0.45 153 153 153
1.10479 0.05 0.5 153 153 153
1.15463 0.05 -0.4 153 153 153
1.17376 0.05 -0.35 153 153 153
1.19191 0.05 -0.3 153 153 153
1.2 0.05 -0.275109 153 153 153
1.2 0.05 0.275109 153 153 153
1.19191 0.05 0.3 153 153 153
1.17376 0.05 0.35 153 153 153
1.15463 0.05 0.4 153 153 153
1.20654 0.05 -0.25 153 153 153
1.21754 0.05 -0.2 153 153 153
1.22651 0.05 -0.15 153 153 153
1.23317 0.05 -0.0999999 153 153 153
1.23728 0.05 -0.05 153 153 153
1.23867 0.05 0 153 153 153
1.23728 0.05 0.05 153 153 153
1.23317 0.05 0.1 153 153 153
1.22651 0.05 0.15 153 153 153
1.21754 0.05 0.2 153 153 153
1.20654 0.05 0.25 153 153 153
-1.2 0.0771604 -0.25 153 153 153
-1.2 0.1 -0.223079 153 153 153
-1.20491 0.1 -0.2 153 153 153
-1.2134 0.1 -0.15 153 153 153
-1.2197 0.1 -0.0999999 153 153 153
-1.22357 0.1 -0.05 153 153 153
-1.22488 0.1 0 153 153 153
-1.22357 0.1 0.05 153 153 153
-1.2197 0.1 0.1 153 153 153
-1.2134 0.1 0.15 153 153 153
-1.20491 0.1 0.2 153 153 153
-1.2 0.0771604 0.25 153 153 153
-1.2 0.1 0.223079 153 153 153
-1.15 0.0681012 -0.4 153 153 153
-1.15 0.1 -0.376414 153 153 153
-1.15986 0.1 -0.35 153 153 153
-1.17694 0.1 -0.3 153 153 153
-1.19268 0.1 -0.25 153 153 153
-1.19268 0.1 0.25 153 153 153
-1.17694 0.1 0.3 153 153 153
-1.15986 0.1 0.35 153 153 153
-1.15 0.0681009 0.4 153 153 153
-1.15 0.1 0.376414 153 153 153
-1.1 0.0673101 -0.5 153 153 153
-1.1 0.1 -0.479871 153 153 153
-1.11486 0.1 -0.45 153 153 153
-1.13909 0.1 -0.4 153 153 153
-1.13909 0.1 0.4 153 153 153
-1.11486 0.1 0.45 153 153 153
-1.1 0.0673101 0.5 153 153 153
-1.1 0.1 0.479872 153 153 153
-1.05 0.1 -0.561756 153 153 153
-1.05739 0.1 -0.55 153 153 153
-1.08785 0.1 -0.5 153 153 153
-1.08785 0.1 0.5 153 153 153
-1.05739 0.1 0.55 153 153 153
-1.05 0.1 0.561756 153 153 153
-1 0.061372 -0.65 153 153 153
-1 0.1 -0.629751 153 153 153
-1.02171 0.1 -0.6 153 153 153
-1.02171 0.1 0.6 153 153 153
-1 0.0613718 0.65 153 153 153
-1 0.1 0.629751 153 153 153
-0.95 0.0791035 -0.7 153 153 153
-0.95 0.1 -0.688845 153 153 153
-0.982778 0.1 -0.65 153 153 153
-0.982777 0.1 0.65 153 153 153
-0.95 0.0791035 0.7 153 153 153
-0.95 0.1 0.688845 153 153 153
-0.9 0.0820827 -0.75 153 153 153
-0.9 0.1 -0.740317 153 153 153
-0.939188 0.1 -0.7 153 153 153
-0.939188 0.1 0.7 153 153 153
-0.9 0.0820827 0.75 153 153 153
-0.9 0.1 0.740317 153 153 153
-0.85 0.0728931 -0.8 153 153 153
-0.85 0.1 -0.785325 153 153 153
-0.889399 0.1 -0.75 153 153 153
-0.889399 0.1 0.75 153 153 153
-0.85 0.0728929 0.8 153 153 153
-0.85 0.1 0.785325 153 153 153
-0.8 0.0534272 -0.85 153 153 153
-0.8 0.1 -0.825104 153 153 153
-0.831997 0.1 -0.8 153 153 153
-0.831997 0.1 0.8 153 153 153
-0.8 0.0534272 0.85 153 153 153
-0.8 0.1 0.825104 153 153 153
-0.765989 0.1 -0.85 153 153 153
-0.75 0.1 -0.861019 153 153 153
-0.765989 0.1 0.85 153 153 153
-0.75 0.1 0.861019 153 153 153
-0.7 0.0892873 -0.9 153 153 153
-0.7 0.1 -0.892533 153 153 153
-0.7 0.1 -0.265601 153 153 153
-0.704085 0.1 -0.25 153 153 153
-0.7 0.0955534 -0.25 153 153 153
-0.714781 0.1 -0.2 153 153 153
-0.7 0.083426 -0.2 153 153 153
-0.72283 0.1 -0.15 153 153 153
-0.7 0.0738473 -0.15 153 153 153
-0.728449 0.1 -0.0999999 153 153 153
-0.7 0.0669372 -0.0999999 153 153 153
-0.731771 0.1 -0.05 153 153 153
-0.7 0.0627663 -0.05 153 153 153
-0.732871 0.1 0 153 153 153
-0.7 0.0613723 0 153 153 153
-0.731771 0.1 0.05 153 153 153
-0.7 0.0627663 0.05 153 153 153
-0.728449 0.1 0.1 153 153 153
-0.7 0.066937 0.1 153 153 153
-0.72283 0.1 0.15 153 153 153
-0.7 0.0738473 0.15 153 153 153
-0.714781 0.1 0.2 153 153 153
-0.7 0.083426 0.2 153 153 153
-0.704085 0.1 0.25 153 153 153
-0.7 0.0955534 0.25 153 153 153
-0.7 0.1 0.265601 153 153 153
-0.7 0.0892873 0.9 153 153 153
-0.7 0.1 0.892533 153 153 153
-0.65 0.0521696 -0.95 153 153 153
-0.65 0.1 -0.918548 153 153 153
-0.686685 0.1 -0.9 153 153 153
-0.65 0.1 -0.419636 153 153 153
-0.658187 0.1 -0.4 153 153 153
-0.65 0.0922906 -0.4 153 153 153
-0.676448 0.1 -0.35 153 153 153
-0.65 0.0737834 -0.35 153 153 153
-0.691459 0.1 -0.3 153 153 153
-0.65 0.0572684 -0.3 153 153 153
-0.691459 0.1 0.3 153 153 153
-0.65 0.0572684 0.3 153 153 153
-0.676448 0.1 0.35 153 153 153
-0.65 0.0737832 0.35 153 153 153
-0.658187 0.1 0.4 153 153 153
-0.65 0.0922909 0.4 153 153 153
-0.65 0.1 0.419636 153 153 153
-0.686685 0.1 0.9 153 153 153
-0.65 0.0521696 0.95 153 153 153
-0.65 0.1 0.918548 153 153 153
-0.6 0.0914152 -0.95 153 153 153
-0.6 0.1 -0.942146 153 153 153
-0.6 0.1 -0.526766 153 153 153
-0.614149 0.1 -0.5 153 153 153
-0.6 0.0885289 -0.5 153 153 153
-0.637596 0.1 -0.45 153 153 153
-0.6 0.0674145 -0.45 153 153 153
-0.637596 0.1 0.45 153 153 153
-0.6 0.0674145 0.45 153 153 153
-0.614149 0.1 0.5 153 153 153
-0.6 0.0885289 0.5 153 153 153
-0.6 0.1 0.526766 153 153 153
-0.6 0.0914149 0.95 153 153 153
-0.6 0.1 0.942146 153 153 153
-0.55 0.051501 -1 153 153 153
-0.55 0.1 -0.959877 153 153 153
-0.579818 0.1 -0.95 153 153 153
-0.55 0.1 -0.613599 153 153 153
-0.558405 0.1 -0.6 153 153 153
-0.55 0.0943944 -0.6 153 153 153
-0.587697 0.1 -0.55 153 153 153
-0.55 0.0724978 -0.55 153 153 153
-0.55 0.0511405 -0.5 153 153 153
-0.55 0.0511405 0.5 153 153 153
-0.587697 0.1 0.55 153 153 153
-0.55 0.0724976 0.55 153 153 153
-0.558405 0.1 0.6 153 153 153
-0.55 0.0943942 0.6 153 153 153
-0.55 0.1 0.613599 153 153 153
-0.579818 0.1 0.95 153 153 153
-0.55 0.0515008 1 153 153 153
-0.55 0.1 0.959877 153 153 153
-0.5 0.0756772 -1 153 153 153
-0.5 0.1 -0.971392 153 153 153
-0.5 0.1 -0.689893 153 153 153
-0.52708 0.1 -0.65 153 153 153
-0.5 0.0840247 -0.65 153 153 153
-0.5 0.0629177 -0.6 153 153 153
-0.5 0.0629175 0.6 153 153 153
-0.52708 0.1 0.65 153 153 153
-0.5 0.0840244 0.65 153 153 153
-0.5 0.1 0.689893 153 153 153
-0.5 0.0756772 1 153 153 153
-0.5 0.1 0.971392 153 153 153
-0.45 0.0863175 -1 153 153 153
-0.45 0.1 -0.975715 153 153 153
-0.45 0.1 -0.763439 153 153 153
-0.458647 0.1 -0.75 153 153 153
-0.45 0.0960653 -0.75 153 153 153
-0.492988 0.1 -0.7 153 153 153
-0.45 0.0777485 -0.7 153 153 153
-0.45 0.0581293 -0.65 153 153 153
-0.45 0.0581293 0.65 153 153 153
-0.492988 0.1 0.7 153 153 153
-0.45 0.0777485 0.7 153 153 153
-0.458647 0.1 0.75 153 153 153
-0.45 0.096065 0.75 153 153 153
-0.45 0.1 0.763438 153 153 153
-0.45 0.0863175 1 153 153 153
-0.45 0.1 0.975715 153 153 153
-0.4 0.0521762 -1.05 153 153 153
-0.4 0.0877235 -1 153 153 153
-0.4 0.1 -0.964127 153 153 153
-0.4 0.1 -0.843301 153 153 153
-0.425924 0.1 -0.8 153 153 153
-0.4 0.0896409 -0.8 153 153 153
-0.4 0.0739355 -0.75 153 153 153
-0.4 0.0563812 -0.7 153 153 153
-0.4 0.0563815 0.7 153 153 153
-0.4 0.0739355 0.75 153 153 153
-0.425924 0.1 0.8 153 153 153
-0.4 0.0896411 0.8 153 153 153
-0.4 0.1 0.843301 153 153 153
-0.4 0.0877235 1 153 153 153
-0.4 0.1 0.964127 153 153 153
-0.4 0.052176 1.05 153 153 153
-0.35 0.0587916 -1.05 153 153 153
-0.35 0.0833664 -1 153 153 153
-0.382713 0.1 -0.95 153 153 153
-0.35 0.0928504 -0.95 153 153 153
-0.37792 0.1 -0.9 153 153 153
-0.35 0.091769 -0.9 153 153 153
-0.395953 0.1 -0.85 153 153 153
-0.35 0.0836232 -0.85 153 153 153
-0.35 0.0710526 -0.8 153 153 153
-0.35 0.0559969 -0.75 153 153 153
-0.35 0.0559969 0.75 153 153 153
-0.35 0.0710526 0.8 153 153 153
-0.395953 0.1 0.85 153 153 153
-0.35 0.0836234 0.85 153 153 153
-0.37792 0.1 0.9 153 153 153
-0.35 0.091769 0.9 153 153 153
-0.382714 0.1 0.95 153 153 153
-0.35 0.0928504 0.95 153 153 153
-0.35 0.0833662 1 153 153 153
-0.35 0.0587919 1.05 153 153 153
-0.3 0.0589375 -1.05 153 153 153
-0.3 0.0757616 -1 153 153 153
-0.3 0.0804369 -0.95 153 153 153
-0.3 0.0767994 -0.9 153 153 153
-0.3 0.0677571 -0.85 153 153 153
-0.3 0.0554628 -0.8 153 153 153
-0.3 0.0554628 0.8 153 153 153
-0.3 0.0677574 0.85 153 153 153
-0.3 0.0767994 0.9 153 153 153
-0.3 0.0804369 0.95 153 153 153
-0.3 0.0757616 1 153 153 153
-0.3 0.0589375 1.05 153 153 153
-0.25 0.0545077 -1.05 153 153 153
-0.25 0.0662823 -1 153 153 153
-0.25 0.0679283 -0.95 153 153 153
-0.25 0.0627754 -0.9 153 153 153
-0.25 0.053314 -0.85 153 153 153
-0.25 0.053314 0.85 153 153 153
-0.25 0.0627754 0.9 153 153 153
-0.25 0.0679281 0.95 153 153 153
-0.25 0.0662823 1 153 153 153
-0.25 0.0545077 1.05 153 153 153
-0.2 0.0540452 -1 153 153 153
-0.2 0.0536823 -0.95 153 153 153
-0.2 0.0536823 0.95 153 153 153
-0.2 0.0540454 1 153 153 153
-0.05 0.1 -1.12389 153 153 153
-0.05 0.0787282 -1.1 153 153 153
-0.0696423 0.1 -1.1 153 153 153
-0.05 0.0563099 -1.05 153 153 153
-0.0921035 0.1 -1.05 153 153 153
-0.05 0.0500119 -1 153 153 153
-0.099807 0.1 -1 153 153 153
-0.05 0.0537131 -0.95 153 153 153
-0.0973346 0.1 -0.95 153 153 153
-0.05 0.0634074 -0.9 153 153 153
-0.0881858 0.1 -0.9 153 153 153
-0.05 0.0764501 -0.85 153 153 153
-0.0749638 0.1 -0.85 153 153 153
-0.05 0.0910954 -0.8 153 153 153
-0.0595543 0.1 -0.8 255 216 0
-0.05 0.1 -0.771518 153 153 153
-0.05 0.1 0.771518 153 153 153
-0.05 0.0910954 0.8 153 153 153
-0.0595543 0.1 0.8 255 216 0
-0.05 0.0764501 0.85 153 153 153
-0.0749638 0.1 0.85 153 153 153
-0.05 0.0634072 0.9 153 153 153
-0.0881858 0.1 0.9 153 153 153
-0.05 0.0537131 0.95 153 153 153
-0.0973344 0.1 0.95 153 153 153
-0.05 0.0500119 1 153 153 153
-0.099807 0.1 1 153 153 153
-0.05 0.0563099 1.05 153 153 153
-0.0921035 0.1 1.05 153 153 153
-0.05 0.0787282 1.1 153 153 153
-0.0696423 0.1 1.1 153 153 153
-0.05 0.1 1.12389 153 153 153
-0.040055 0.1 -1.1 153 153 153
-0.0291939 0.1 -1.05 153 153 153
-0.0258567 0.1 -1 153 153 153
-0.0274014 0.1 -0.95 153 153 153
-0.0319858 0.1 -0.9 153 153 153
-0.0383327 0.1 -0.85 153 153 153
-0.0455668 0.1 -0.8 153 153 153
-0.0455668 0.1 0.8 153 153 153
-0.0383327 0.1 0.85 153 153 153
-0.0319858 0.1 0.9 153 153 153
-0.0274017 0.1 0.95 153 153 153
-0.0258567 0.1 1 153 153 153
-0.0291939 0.1 1.05 153 153 153
-0.040055 0.1 1.1 153 153 153
0.05 0.1 -1.12389 153 153 153
0.05 0.0787282 -1.1 153 153 153
0.040055 0.1 -1.1 153 153 153
0.05 0.0563102 -1.05 153 153 153
0.0291939 0.1 -1.05 153 153 153
0.05 0.0500124 -1 153 153 153
0.0258567 0.1 -1 153 153 153
0.05 0.0537136 -0.95 153 153 153
0.0274017 0.1 -0.95 153 153 153
0.05 0.0634074 -0.9 153 153 153
0.031986 0.1 -0.9 153 153 153
0.05 0.0764503 -0.85 153 153 153
0.0383327 0.1 -0.85 153 153 153
0.05 0.0910954 -0.8 153 153 153
0.045567 0.1 -0.8 153 153 153
0.05 0.1 -0.771518 153 153 153
0.05 0.1 0.771518 153 153 153
0.05 0.0910952 0.8 153 153 153
0.045567 0.1 0.8 153 153 153
0.05 0.0764501 0.85 153 153 153
0.0383327 0.1 0.85 153 153 153
0.05 0.0634077 0.9 153 153 153
0.031986 0.1 0.9 153 153 153
0.05 0.0537133 0.95 153 153 153
0.0274017 0.1 0.95 153 153 153
0.05 0.0500124 1 153 153 153
0.0258567 0.1 1 153 153 153
0.05 0.0563102 1.05 153 153 153
0.0291939 0.1 1.05 153 153 153
0.05 0.0787282 1.1 153 153 153
0.040055 0.1 1.1 153 153 153
0.05 0.1 1.12389 153 153 153
0.0696423 0.1 -1.1 153 153 153
0.0921037 0.1 -1.05 153 153 153
0.0998068 0.1 -1 153 153 153
0.0973344 0.1 -0.95 153 153 153
0.0881858 0.1 -0.9 153 153 153
0.0749636 0.1 -0.85 153 153 153
0.0595543 0.1 -0.8 255 216 0
0.0595543 0.1 0.8 255 216 0
0.0749638 0.1 0.85 153 153 153
0.0881858 0.1 0.9 153 153 153
0.0973344 0.1 0.95 153 153 153
0.0998068 0.1 1 153 153 153
0.0921035 0.1 1.05 153 153 153
0.0696423 0.1 1.1 153 153 153
0.2 0.0540452 -1 153 153 153
0.2 0.0536823 -0.95 153 153 153
0.2 0.0536826 0.95 153 153 153
0.2 0.0540452 1 153 153 153
0.25 0.0545077 -1.05 153 153 153
0.25 0.0662825 -1 153 153 153
0.25 0.0679281 -0.95 153 153 153
0.25 0.0627756 -0.9 153 153 153
0.25 0.053314 -0.85 153 153 153
0.25 0.053314 0.85 153 153 153
0.25 0.0627756 0.9 153 153 153
0.25 0.0679281 0.95 153 153 153
0.25 0.0662823 1 153 153 153
0.25 0.0545077 1.05 153 153 153
0.3 0.0589375 -1.05 153 153 153
0.3 0.0757616 -1 153 153 153
0.3 0.0804372 -0.95 153 153 153
0.3 0.0767994 -0.9 153 153 153
0.3 0.0677574 -0.85 153 153 153
0.3 0.0554631 -0.8 153 153 153
0.3 0.0554628 0.8 153 153 153
0.3 0.0677574 0.85 153 153 153
0.3 0.0767994 0.9 153 153 153
0.3 0.0804372 0.95 153 153 153
0.3 0.0757616 1 153 153 153
0.3 0.0589375 1.05 153 153 153
0.35 0.0587914 -1.05 153 153 153
0.35 0.0833664 -1 153 153 153
0.35 0.0928504 -0.95 153 153 153
0.35 0.091769 -0.9 153 153 153
0.35 0.0836234 -0.85 153 153 153
0.35 0.0710526 -0.8 153 153 153
0.35 0.0559969 -0.75 153 153 153
0.35 0.0559969 0.75 153 153 153
0.35 0.0710526 0.8 153 153 153
0.35 0.0836236 0.85 153 153 153
0.35 0.091769 0.9 153 153 153
0.35 0.0928504 0.95 153 153 153
0.35 0.0833662 1 153 153 153
0.35 0.0587914 1.05 153 153 153
0.4 0.0521762 -1.05 153 153 153
0.4 0.0877235 -1 153 153 153
0.4 0.1 -0.964127 153 153 153
0.382713 0.1 -0.95 153 153 153
0.377921 0.1 -0.9 153 153 153
0.395953 0.1 -0.85 153 153 153
0.4 0.0896411 -0.8 153 153 153
0.4 0.1 -0.8433 153 153 153
0.4 0.0739355 -0.75 153 153 153
0.4 0.0563815 -0.7 153 153 153
0.4 0.0563812 0.7 153 153 153
0.4 0.0739355 0.75 153 153 153
0.4 0.0896409 0.8 153 153 153
0.4 0.1 0.8433 153 153 153
0.395953 0.1 0.85 153 153 153
0.37792 0.1 0.9 153 153 153
0.382713 0.1 0.95 153 153 153
0.4 0.0877235 1 153 153 153
0.4 0.1 0.964127 153 153 153
0.4 0.052176 1.05 153 153 153
0.45 0.0863175 -1 153 153 153
0.45 0.1 -0.975715 153 153 153
0.425924 0.1 -0.8 153 153 153
0.45 0.096065 -0.75 153 153 153
0.45 0.1 -0.763438 153 153 153
0.45 0.0777488 -0.7 153 153 153
0.45 0.0581293 -0.65 153 153 153
0.45 0.0581293 0.65 153 153 153
0.45 0.0777485 0.7 153 153 153
0.45 0.0960653 0.75 153 153 153
0.45 0.1 0.763438 153 153 153
0.425924 0.1 0.8 153 153 153
0.45 0.0863175 1 153 153 153
0.45 0.1 0.975715 153 153 153
0.5 0.0756772 -1 153 153 153
0.5 0.1 -0.971392 153 153 153
0.458647 0.1 -0.75 153 153 153
0.492988 0.1 -0.7 153 153 153
0.5 0.0840247 -0.65 153 153 153
0.5 0.1 -0.689893 153 153 153
0.5 0.0629177 -0.6 153 153 153
0.5 0.0629177 0.6 153 153 153
0.5 0.0840249 0.65 153 153 153
0.5 0.1 0.689893 153 153 153
0.492988 0.1 0.7 153 153 153
0.458647 0.1 0.75 153 153 153
0.5 0.0756772 1 153 153 153
0.5 0.1 0.971392 153 153 153
0.55 0.0515008 -1 153 153 153
0.55 0.1 -0.959877 153 153 153
0.52708 0.1 -0.65 153 153 153
0.55 0.0943944 -0.6 153 153 153
0.55 0.1 -0.613599 153 153 153
0.55 0.0724981 -0.55 153 153 153
0.55 0.0511405 -0.5 153 153 153
0.55 0.0511405 0.5 153 153 153
0.55 0.0724976 0.55 153 153 153
0.55 0.0943944 0.6 153 153 153
0.55 0.1 0.613599 153 153 153
0.52708 0.1 0.65 153 153 153
0.55 0.0515008 1 153 153 153
0.55 0.1 0.959877 153 153 153
0.579818 0.1 -0.95 153 153 153
0.6 0.0914149 -0.95 153 153 153
0.6 0.1 -0.942146 153 153 153
0.558405 0.1 -0.6 153 153 153
0.587697 0.1 -0.55 153 153 153
0.6 0.0885291 -0.5 153 153 153
0.6 0.1 -0.526765 153 153 153
0.6 0.0674145 -0.45 153 153 153
0.6 0.0674145 0.45 153 153 153
0.6 0.0885291 0.5 153 153 153
0.6 0.1 0.526766 153 153 153
0.587697 0.1 0.55 153 153 153
0.558405 0.1 0.6 153 153 153
0.6 0.1 0.942146 153 153 153
0.579818 0.1 0.95 153 153 153
0.6 0.0914147 0.95 153 153 153
0.65 0.0521696 -0.95 153 153 153
0.65 0.1 -0.918548 153 153 153
0.614149 0.1 -0.5 153 153 153
0.637597 0.1 -0.45 153 153 153
0.65 0.0922906 -0.4 153 153 153
0.65 0.1 -0.419636 153 153 153
0.65 0.0737832 -0.35 153 153 153
0.65 0.0572684 -0.3 153 153 153
0.65 0.0572684 0.3 153 153 153
0.65 0.0737832 0.35 153 153 153
0.65 0.0922909 0.4 153 153 153
0.65 0.1 0.419636 153 153 153
0.637596 0.1 0.45 153 153 153
0.614149 0.1 0.5 153 153 153
0.65 0.0521693 0.95 153 153 153
0.65 0.1 0.918548 153 153 153
0.686685 0.1 -0.9 153 153 153
0.7 0.0892873 -0.9 153 153 153
0.7 0.1 -0.892533 153 153 153
0.658187 0.1 -0.4 153 153 153
0.676448 0.1 -0.35 153 153 153
0.691459 0.1 -0.3 153 153 153
0.7 0.0955534 -0.25 153 153 153
0.7 0.1 -0.2656 153 153 153
0.7 0.083426 -0.2 153 153 153
0.7 0.0738475 -0.15 153 153 153
0.7 0.066937 -0.0999999 153 153 153
0.7 0.0627663 -0.05 153 153 153
0.7 0.0613723 0 153 153 153
0.7 0.0627663 0.05 153 153 153
0.7 0.0669372 0.1 153 153 153
0.7 0.0738473 0.15 153 153 153
0.7 0.083426 0.2 153 153 153
0.7 0.0955536 0.25 153 153 153
0.7 0.1 0.265601 153 153 153
0.691459 0.1 0.3 153 153 153
0.676448 0.1 0.35 153 153 153
0.658187 0.1 0.4 153 153 153
0.7 0.1 0.892533 153 153 153
0.686685 0.1 0.9 153 153 153
0.7 0.0892868 0.9 153 153 153
0.75 0.1 -0.861019 153 153 153
0.704085 0.1 -0.25 153 153 153
0.714781 0.1 -0.2 153 153 153
0.72283 0.1 -0.15 153 153 153
0.728449 0.1 -0.0999999 153 153 153
0.731771 0.1 -0.05 153 153 153
0.732871 0.1 0 153 153 153
0.731771 0.1 0.05 153 153 153
0.728449 0.1 0.1 153 153 153
0.72283 0.1 0.15 153 153 153
0.714781 0.1 0.2 153 153 153
0.704085 0.1 0.25 153 153 153
0.75 0.1 0.861019 153 153 153
0.765989 0.1 -0.85 153 153 153
0.8 0.0534272 -0.85 153 153 153
0.8 0.1 -0.825104 153 153 153
0.8 0.1 0.825104 153 153 153
0.765989 0.1 0.85 153 153 153
0.8 0.053427 0.85 153 153 153
0.831997 0.1 -0.8 153 153 153
0.85 0.0728929 -0.8 153 153 153
0.85 0.1 -0.785325 153 153 153
0.85 0.1 0.785325 153 153 153
0.831997 0.1 0.8 153 153 153
0.85 0.0728929 0.8 153 153 153
0.889399 0.1 -0.75 153 153 153
0.9 0.0820827 -0.75 153 153 153
0.9 0.1 -0.740317 153 153 153
0.9 0.1 0.740317 153 153 153
0.889399 0.1 0.75 153 153 153
0.9 0.0820825 0.75 153 153 153
0.939188 0.1 -0.7 153 153 153
0.95 0.0791032 -0.7 153 153 153
0.95 0.1 -0.688845 153 153 153
0.95 0.1 0.688845 153 153 153
0.939188 0.1 0.7 153 153 153
0.95 0.0791032 0.7 153 153 153
0.982777 0.1 -0.65 153 153 153
1 0.061372 -0.65 153 153 153
1 0.1 -0.629751 153 153 153
1 0.1 0.629751 153 153 153
0.982777 0.1 0.65 153 153 153
1 0.0613718 0.65 153 153 153
1.02171 0.1 -0.6 153 153 153
1.05 0.1 -0.561756 153 153 153
1.05 0.1 0.561756 153 153 153
1.02171 0.1 0.6 153 153 153
1.05739 0.1 -0.55 153 153 153
1.08785 0.1 -0.5 153 153 153
1.1 0.0673101 -0.5 153 153 153
1.1 0.1 -0.479871 153 153 153
1.1 0.1 0.479871 153 153 153
1.08785 0.1 0.5 153 153 153
1.1 0.0673096 0.5 153 153 153
1.05739 0.1 0.55 153 153 153
1.11486 0.1 -0.45 153 153 153
1.13909 0.1 -0.4 153 153 153
1.15 0.0681007 -0.4 153 153 153
1.15 0.1 -0.376414 153 153 153
1.15 0.1 0.376414 153 153 153
1.13909 0.1 0.4 153 153 153
1.15 0.0681007 0.4 153 153 153
1.11486 0.1 0.45 153 153 153
1.15986 0.1 -0.35 153 153 153
1.17694 0.1 -0.3 153 153 153
1.19268 0.1 -0.25 153 153 153
1.2 0.0771599 -0.25 153 153 153
1.2 0.1 -0.223079 153 153 153
1.2 0.1 0.223079 153 153 153
1.19268 0.1 0.25 153 153 153
1.2 0.0771599 0.25 153 153 153
1.17694 0.1 0.3 153 153 153
1.15986 0.1 0.35 153 153 153
1.20491 0.1 -0.2 153 153 153
1.2134 0.1 -0.15 153 153 153
1.2197 0.1 -0.0999999 153 153 153
1.22357 0.1 -0.05 153 153 153
1.22488 0.1 0 153 153 153
1.22357 0.1 0.05 153 153 153
1.2197 0.1 0.1 153 153 153
1.2134 0.1 0.15 153 153 153
1.20491 0.1 0.2 153 153 153
-1.2 0.112079 -0.2 153 153 153
-1.2 0.131691 -0.15 153 153 153
-1.2 0.145262 -0.0999999 153 153 153
-1.2 0.15 -0.0703003 153 153 153
-1.20143 0.15 -0.05 153 153 153
-1.20261 0.15 0 153 153 153
-1.20143 0.15 0.05 153 153 153
-1.2 0.145262 0.1 153 153 153
-1.2 0.15 0.0703003 153 153 153
-1.2 0.131691 0.15 153 153 153
-1.2 0.112078 0.2 153 153 153
-1.15 0.122021 -0.35 153 153 153
-1.15 0.15 -0.308484 153 153 153
-1.15275 0.15 -0.3 153 153 153
-1.16677 0.15 -0.25 153 153 153
-1.17914 0.15 -0.2 153 153 153
-1.18941 0.15 -0.15 153 153 153
-1.19716 0.15 -0.0999999 153 153 153
-1.19716 0.15 0.1 153 153 153
-1.18941 0.15 0.15 153 153 153
-1.17914 0.15 0.2 153 153 153
-1.16677 0.15 0.25 153 153 153
-1.15275 0.15 0.3 153 153 153
-1.15 0.12202 0.35 153 153 153
-1.15 0.15 0.308485 153 153 153
-1.1 0.129943 -0.45 153 153 153
-1.1 0.15 -0.425451 153 153 153
-1.11143 0.15 -0.4 153 153 153
-1.13281 0.15 -0.35 153 153 153
-1.13281 0.15 0.35 153 153 153
-1.11143 0.15 0.4 153 153 153
-1.1 0.129943 0.45 153 153 153
-1.1 0.15 0.425451 153 153 153
-1.05 0.114133 -0.55 153 153 153
-1.05 0.15 -0.513329 153 153 153
-1.05779 0.15 -0.5 153 153 153
-1.0861 0.15 -0.45 153 153 153
-1.0861 0.15 0.45 153 153 153
-1.05779 0.15 0.5 153 153 153
-1.05 0.114133 0.55 153 153 153
-1.05 0.15 0.513329 153 153 153
-1 0.135239 -0.6 153 153 153
-1 0.15 -0.584403 153 153 153
-1.02381 0.15 -0.55 153 153 153
-1.02381 0.15 0.55 153 153 153
-1 0.135239 0.6 153 153 153
-1 0.15 0.584403 153 153 153
-0.95 0.145406 -0.65 153 153 153
-0.95 0.15 -0.64497 153 153 153
-0.986835 0.15 -0.6 153 153 153
-0.986835 0.15 0.6 153 153 153
-0.95 0.145405 0.65 153 153 153
-0.95 0.15 0.64497 153 153 153
-0.9 0.146823 -0.7 153 153 153
-0.9 0.15 -0.696413 153 153 153
-0.945016 0.15 -0.65 153 153 153
-0.945015 0.15 0.65 153 153 153
-0.9 0.146823 0.7 153 153 153
-0.9 0.15 0.696413 153 153 153
-0.85 0.141248 -0.75 153 153 153
-0.85 0.15 -0.739931 153 153 153
-0.895857 0.15 -0.7 153 153 153
-0.895857 0.15 0.7 153 153 153
-0.85 0.141248 0.75 153 153 153
-0.85 0.15 0.739932 153 153 153
-0.8 0.12995 -0.8 153 153 153
-0.8 0.15 -0.776935 153 153 153
-0.836561 0.15 -0.75 153 153 153
-0.836561 0.15 0.75 153 153 153
-0.8 0.12995 0.8 153 153 153
-0.8 0.15 0.776935 153 153 153
-0.75 0.113686 -0.85 153 153 153
-0.75 0.15 -0.809241 153 153 153
-0.764764 0.15 -0.8 153 153 153
-0.75 0.15 -0.306839 153 153 153
-0.751836 0.15 -0.3 153 153 153
-0.75 0.148573 -0.3 153 153 153
-0.763423 0.15 -0.25 153 153 153
-0.75 0.139013 -0.25 153 153 153
-0.772495 0.15 -0.2 153 153 153
-0.75 0.130869 -0.2 153 153 153
-0.779332 0.15 -0.15 153 153 153
-0.75 0.124355 -0.15 153 153 153
-0.784112 0.15 -0.0999999 153 153 153
-0.75 0.119614 -0.0999999 153 153 153
-0.786942 0.15 -0.05 153 153 153
-0.75 0.116737 -0.05 153 153 153
-0.787879 0.15 0 153 153 153
-0.75 0.115773 0 153 153 153
-0.786942 0.15 0.05 153 153 153
-0.75 0.116737 0.05 153 153 153
-0.784113 0.15 0.1 153 153 153
-0.75 0.119614 0.1 153 153 153
-0.779332 0.15 0.15 153 153 153
-0.75 0.124355 0.15 153 153 153
-0.772495 0.15 0.2 153 153 153
-0.75 0.130869 0.2 153 153 153
-0.763423 0.15 0.25 153 153 153
-0.75 0.139013 0.25 153 153 153
-0.751836 0.15 0.3 153 153 153
-0.75 0.148573 0.3 153 153 153
-0.75 0.15 0.306839 153 153 153
-0.764763 0.15 0.8 153 153 153
-0.75 0.113686 0.85 153 153 153
-0.75 0.15 0.809241 153 153 153
-0.7 0.14002 -0.85 153 153 153
-0.7 0.15 -0.833777 153 153 153
-0.7 0.15 -0.468282 153 153 153
-0.707117 0.15 -0.45 153 153 153
-0.7 0.145153 -0.45 153 153 153
-0.724739 0.15 -0.4 153 153 153
-0.7 0.131638 -0.4 153 153 153
-0.739389 0.15 -0.35 153 153 153
-0.7 0.118806 -0.35 153 153 153
-0.7 0.107106 -0.3 153 153 153
-0.7 0.107106 0.3 153 153 153
-0.739389 0.15 0.35 153 153 153
-0.7 0.118806 0.35 153 153 153
-0.724739 0.15 0.4 153 153 153
-0.7 0.131638 0.4 153 153 153
-0.707117 0.15 0.45 153 153 153
-0.7 0.145153 0.45 153 153 153
-0.7 0.15 0.468282 153 153 153
-0.7 0.14002 0.85 153 153 153
-0.7 0.15 0.833777 153 153 153
-0.65 0.118832 -0.9 153 153 153
-0.65 0.15 -0.852921 153 153 153
-0.658305 0.15 -0.85 153 153 153
-0.65 0.15 -0.58789 153 153 153
-0.667638 0.15 -0.55 153 153 153
-0.65 0.139348 -0.55 153 153 153
-0.68827 0.15 -0.5 153 153 153
-0.65 0.124178 -0.5 153 153 153
-0.65 0.108972 -0.45 153 153 153
-0.65 0.108972 0.45 153 153 153
-0.68827 0.15 0.5 153 153 153
-0.65 0.124178 0.5 153 153 153
-0.667638 0.15 0.55 153 153 153
-0.65 0.139348 0.55 153 153 153
-0.65 0.15 0.58789 153 153 153
-0.658305 0.15 0.85 153 153 153
-0.65 0.118832 0.9 153 153 153
-0.65 0.15 0.852921 153 153 153
-0.6 0.131651 -0.9 153 153 153
-0.6 0.15 -0.856696 153 153 153
-0.6 0.15 -0.694479 153 153 153
-0.621868 0.15 -0.65 153 153 153
-0.6 0.139013 -0.65 153 153 153
-0.644484 0.15 -0.6 153 153 153
-0.6 0.124014 -0.6 153 153 153
-0.6 0.107803 -0.55 153 153 153
-0.6 0.107803 0.55 153 153 153
-0.644484 0.15 0.6 153 153 153
-0.6 0.124014 0.6 153 153 153
-0.621868 0.15 0.65 153 153 153
-0.6 0.139013 0.65 153 153 153
-0.6 0.15 0.694479 153 153 153
-0.6 0.131651 0.9 153 153 153
-0.6 0.15 0.856696 153 153 153
-0.55 0.108467 -0.95 153 153 153
-0.55 0.134389 -0.9 153 153 153
-0.58137 0.15 -0.85 153 153 153
-0.55 0.145829 -0.85 153 153 153
-0.563051 0.15 -0.8 153 153 153
-0.55 0.1465 -0.8 153 153 153
-0.577407 0.15 -0.75 153 153 153
-0.55 0.139536 -0.75 153 153 153
-0.597269 0.15 -0.7 153 153 153
-0.55 0.127482 -0.7 153 153 153
-0.55 0.112335 -0.65 153 153 153
-0.55 0.112335 0.65 153 153 153
-0.597269 0.15 0.7 153 153 153
-0.55 0.127482 0.7 153 153 153
-0.577407 0.15 0.75 153 153 153
-0.55 0.139536 0.75 153 153 153
-0.563051 0.15 0.8 153 153 153
-0.55 0.1465 0.8 153 153 153
-0.58137 0.15 0.85 153 153 153
-0.55 0.145829 0.85 153 153 153
-0.55 0.134389 0.9 153 153 153
-0.55 0.108467 0.95 153 153 153
-0.5 0.113579 -0.95 153 153 153
-0.5 0.129935 -0.9 153 153 153
-0.5 0.13395 -0.85 153 153 153
-0.5 0.129093 -0.8 153 153 153
-0.5 0.118206 -0.75 153 153 153
-0.5 0.103535 -0.7 153 153 153
-0.5 0.103535 0.7 153 153 153
-0.5 0.118206 0.75 153 153 153
-0.5 0.129093 0.8 153 153 153
-0.5 0.13395 0.85 153 153 153
-0.5 0.129935 0.9 153 153 153
-0.5 0.113579 0.95 153 153 153
-0.45 0.111631 -0.95 153 153 153
-0.45 0.120554 -0.9 153 153 153
-0.45 0.118977 -0.85 153 153 153
-0.45 0.110107 -0.8 153 153 153
-0.45 0.110107 0.8 153 153 153
-0.45 0.118977 0.85 153 153 153
-0.45 0.120554 0.9 153 153 153
-0.45 0.111631 0.95 153 153 153
-0.4 0.104317 -0.95 153 153 153
-0.4 0.107546 -0.9 153 153 153
-0.4 0.101692 -0.85 153 153 153
-0.4 0.101692 0.85 153 153 153
-0.4 0.107546 0.9 153 153 153
-0.4 0.104317 0.95 153 153 153
-0.0999999 0.15 -1.11582 153 153 153
-0.0999999 0.13437 -1.1 153 153 153
-0.113503 0.15 -1.1 153 153 153
-0.0999999 0.108426 -1.05 153 153 153
-0.138645 0.15 -1.05 153 153 153
-0.0999999 0.100197 -1 153 153 153
-0.149019 0.15 -1 153 153 153
-0.0999999 0.102623 -0.95 153 153 153
-0.148761 0.15 -0.95 153 153 153
-0.0999999 0.111315 -0.9 153 153 153
-0.141228 0.15 -0.9 153 153 153
-0.0999999 0.123479 -0.85 153 153 153
-0.12904 0.15 -0.85 153 153 153
-0.0999999 0.137322 -0.8 153 153 153
-0.114176 0.15 -0.8 153 153 153
-0.0999999 0.15 -0.756332 153 153 153
-0.0999999 0.15 0.756332 153 153 153
-0.0999999 0.137322 0.8 153 153 153
-0.114177 0.15 0.8 153 153 153
-0.0999999 0.123479 0.85 153 153 153
-0.12904 0.15 0.85 153 153 153
-0.0999999 0.111314 0.9 153 153 153
-0.141228 0.15 0.9 153 153 153
-0.0999999 0.102623 0.95 153 153 153
-0.148761 0.15 0.95 153 153 153
-0.0999999 0.100197 1 153 153 153
-0.149019 0.15 1 153 153 153
-0.0999999 0.108426 1.05 153 153 153
-0.138645 0.15 1.05 153 153 153
-0.0999999 0.13437 1.1 153 153 153
-0.113503 0.15 1.1 153 153 153
-0.0999999 0.15 1.11582 153 153 153
-0.05 0.129525 -1.1 153 153 153
-0.074832 0.15 -1.1 153 153 153
-0.05 0.15 -1.0721 153 153 153
-0.05 0.15 -0.869363 153 153 153
-0.0571434 0.15 -0.85 153 153 153
-0.05 0.142058 -0.85 153 153 153
-0.0736102 0.125477 -0.833333 255 216 0
-0.05 0.116283 -0.8 153 153 153
-0.0795078 0.15 -0.8 153 153 153
-0.05 0.116283 0.8 153 153 153
-0.0795078 0.15 0.8 153 153 153
-0.0773376 0.121181 0.816667 153 153 153
-0.0571434 0.15 0.85 153 153 153
-0.05 0.142058 0.85 153 153 153
-0.05 0.15 0.869363 153 153 153
-0.05 0.129525 1.1 153 153 153
-0.05 0.15 1.0721 153 153 153
-0.0748322 0.15 1.1 153 153 153
-0.0429847 0.15 -1.05 153 153 153
-0.0371816 0.15 -1 153 153 153
-0.0386055 0.15 -0.95 153 153 153
-0.0445516 0.15 -0.9 153 153 153
-0.0445516 0.15 0.9 153 153 153
-0.0386055 0.15 0.95 153 153 153
-0.0371814 0.15 1 153 153 153
-0.0429847 0.15 1.05 153 153 153
0.05 0.129526 -1.1 153 153 153
0.05 0.15 -1.0721 153 153 153
0.0429847 0.15 -1.05 153 153 153
0.0371816 0.15 -1 153 153 153
0.0386055 0.15 -0.95 153 153 153
0.0445516 0.15 -0.9 153 153 153
0.05 0.142059 -0.85 153 153 153
0.05 0.15 -0.869363 153 153 153
0.05 0.116284 -0.8 153 153 153
0.05 0.116283 0.8 153 153 153
0.05 0.142059 0.85 153 153 153
0.05 0.15 0.869363 153 153 153
0.0445516 0.15 0.9 153 153 153
0.0386055 0.15 0.95 153 153 153
0.0371816 0.15 1 153 153 153
0.0429847 0.15 1.05 153 153 153
0.05 0.129525 1.1 153 153 153
0.05 0.15 1.0721 153 153 153
0.0748317 0.15 -1.1 153 153 153
0.1 0.15 -1.11582 153 153 153
0.1 0.13437 -1.1 153 153 153
0.1 0.108426 -1.05 153 153 153
0.1 0.100197 -1 153 153 153
0.1 0.102623 -0.95 153 153 153
0.1 0.111314 -0.9 153 153 153
0.0571432 0.15 -0.85 153 153 153
0.1 0.123479 -0.85 153 153 153
0.0652769 0.12197 -0.833333 153 153 153
0.1 0.137322 -0.8 153 153 153
0.0795076 0.15 -0.8 153 153 153
0.1 0.15 -0.756333 153 153 153
0.0795078 0.15 0.8 153 153 153
0.1 0.15 0.756332 153 153 153
0.1 0.137322 0.8 153 153 153
0.0690043 0.124278 0.816667 255 216 0
0.1 0.123479 0.85 153 153 153
0.0571432 0.15 0.85 153 153 153
0.1 0.111315 0.9 153 153 153
0.1 0.102623 0.95 153 153 153
0.1 0.100197 1 153 153 153
0.1 0.108426 1.05 153 153 153
0.1 0.13437 1.1 153 153 153
0.0748322 0.15 1.1 153 153 153
0.1 0.15 1.11582 153 153 153
0.113503 0.15 -1.1 153 153 153
0.138645 0.15 -1.05 153 153 153
0.149019 0.15 -1 153 153 153
0.148761 0.15 -0.95 153 153 153
0.141227 0.15 -0.9 153 153 153
0.12904 0.15 -0.85 153 153 153
0.114176 0.15 -0.8 153 153 153
0.114176 0.15 0.8 153 153 153
0.12904 0.15 0.85 153 153 153
0.141227 0.15 0.9 153 153 153
0.148761 0.15 0.95 153 153 153
0.149019 0.15 1 153 153 153
0.138645 0.15 1.05 153 153 153
0.113503 0.15 1.1 153 153 153
0.4 0.104317 -0.95 153 153 153
0.4 0.107546 -0.9 153 153 153
0.4 0.101692 -0.85 153 153 153
0.4 0.101692 0.85 153 153 153
0.4 0.107546 0.9 153 153 153
0.4 0.104317 0.95 153 153 153
0.45 0.111631 -0.95 153 153 153
0.45 0.120554 -0.9 153 153 153
0.45 0.118977 -0.85 153 153 153
0.45 0.110107 -0.8 153 153 153
0.45 0.110107 0.8 153 153 153
0.45 0.118977 0.85 153 153 153
0.45 0.120554 0.9 153 153 153
0.45 0.111631 0.95 153 153 153
0.5 0.113579 -0.95 153 153 153
0.5 0.129935 -0.9 153 153 153
0.5 0.13395 -0.85 153 153 153
0.5 0.129093 -0.8 153 153 153
0.5 0.118206 -0.75 153 153 153
0.5 0.103534 -0.7 153 153 153
0.5 0.103535 0.7 153 153 153
0.5 0.118206 0.75 153 153 153
0.5 0.129093 0.8 153 153 153
0.5 0.13395 0.85 153 153 153
0.5 0.129935 0.9 153 153 153
0.5 0.113579 0.95 153 153 153
0.55 0.108467 -0.95 153 153 153
0.55 0.134389 -0.9 153 153 153
0.55 0.145829 -0.85 153 153 153
0.55 0.1465 -0.8 153 153 153
0.55 0.139536 -0.75 153 153 153
0.55 0.127482 -0.7 153 153 153
0.55 0.112335 -0.65 153 153 153
0.55 0.112336 0.65 153 153 153
0.55 0.127482 0.7 153 153 153
0.55 0.139536 0.75 153 153 153
0.55 0.1465 0.8 153 153 153
0.55 0.145829 0.85 153 153 153
0.55 0.134389 0.9 153 153 153
0.55 0.108467 0.95 153 153 153
0.6 0.131651 -0.9 153 153 153
0.6 0.15 -0.856696 153 153 153
0.58137 0.15 -0.85 153 153 153
0.563051 0.15 -0.8 153 153 153
0.577407 0.15 -0.75 153 153 153
0.597269 0.15 -0.7 153 153 153
0.6 0.139013 -0.65 153 153 153
0.6 0.15 -0.694479 153 153 153
0.6 0.124014 -0.6 153 153 153
0.6 0.107803 -0.55 153 153 153
0.6 0.107803 0.55 153 153 153
0.6 0.124014 0.6 153 153 153
0.6 0.139014 0.65 153 153 153
0.6 0.15 0.694479 153 153 153
0.597269 0.15 0.7 153 153 153
0.577407 0.15 0.75 153 153 153
0.563051 0.15 0.8 153 153 153
0.58137 0.15 0.85 153 153 153
0.6 0.131651 0.9 153 153 153
0.6 0.15 0.856696 153 153 153
0.65 0.118832 -0.9 153 153 153
0.65 0.15 -0.852921 153 153 153
0.621868 0.15 -0.65 153 153 153
0.644484 0.15 -0.6 153 153 153
0.65 0.139349 -0.55 153 153 153
0.65 0.15 -0.587889 153 153 153
0.65 0.124178 -0.5 153 153 153
0.65 0.108972 -0.45 153 153 153
0.65 0.108972 0.45 153 153 153
0.65 0.124179 0.5 153 153 153
0.65 0.139349 0.55 153 153 153
0.65 0.15 0.587889 153 153 153
0.644484 0.15 0.6 153 153 153
0.621868 0.15 0.65 153 153 153
0.65 0.118832 0.9 153 153 153
0.65 0.15 0.852921 153 153 153
0.658305 0.15 -0.85 153 153 153
0.7 0.14002 -0.85 153 153 153
0.7 0.15 -0.833777 153 153 153
0.667638 0.15 -0.55 153 153 153
0.68827 0.15 -0.5 153 153 153
0.7 0.145153 -0.45 153 153 153
0.7 0.15 -0.468282 153 153 153
0.7 0.131638 -0.4 153 153 153
0.7 0.118806 -0.35 153 153 153
0.7 0.107106 -0.3 153 153 153
0.7 0.107106 0.3 153 153 153
0.7 0.118806 0.35 153 153 153
0.7 0.131638 0.4 153 153 153
0.7 0.145153 0.45 153 153 153
0.7 0.15 0.468282 153 153 153
0.68827 0.15 0.5 153 153 153
0.667638 0.15 0.55 153 153 153
0.7 0.15 0.833777 153 153 153
0.658305 0.15 0.85 153 153 153
0.7 0.14002 0.85 153 153 153
0.75 0.113686 -0.85 153 153 153
0.75 0.15 -0.809241 153 153 153
0.707117 0.15 -0.45 153 153 153
0.724739 0.15 -0.4 153 153 153
0.739389 0.15 -0.35 153 153 153
0.75 0.148573 -0.3 153 153 153
0.75 0.15 -0.306839 153 153 153
0.75 0.139013 -0.25 153 153 153
0.75 0.13087 -0.2 153 153 153
0.75 0.124356 -0.15 153 153 153
0.75 0.119614 -0.0999999 153 153 153
0.75 0.116737 -0.05 153 153 153
0.75 0.115773 0 153 153 153
0.75 0.116737 0.05 153 153 153
0.75 0.119615 0.1 153 153 153
0.75 0.124356 0.15 153 153 153
0.75 0.13087 0.2 153 153 153
0.75 0.139013 0.25 153 153 153
0.75 0.148573 0.3 153 153 153
0.75 0.15 0.306839 153 153 153
0.739389 0.15 0.35 153 153 153
0.724739 0.15 0.4 153 153 153
0.707117 0.15 0.45 153 153 153
0.75 0.113686 0.85 153 153 153
0.75 0.15 0.809241 153 153 153
0.764764 0.15 -0.8 153 153 153
0.8 0.12995 -0.8 153 153 153
0.8 0.15 -0.776935 153 153 153
0.751836 0.15 -0.3 153 153 153
0.763424 0.15 -0.25 153 153 153
0.772495 0.15 -0.2 153 153 153
0.779332 0.15 -0.15 153 153 153
0.784112 0.15 -0.0999999 153 153 153
0.786942 0.15 -0.05 153 153 153
0.787879 0.15 0 153 153 153
0.786942 0.15 0.05 153 153 153
0.784113 0.15 0.1 153 153 153
0.779332 0.15 0.15 153 153 153
0.772495 0.15 0.2 153 153 153
0.763424 0.15 0.25 153 153 153
0.751836 0.15 0.3 153 153 153
0.8 0.15 0.776935 153 153 153
0.764764 0.15 0.8 153 153 153
0.8 0.12995 0.8 153 153 153
0.836561 0.15 -0.75 153 153 153
0.85 0.141248 -0.75 153 153 153
0.85 0.15 -0.739931 153 153 153
0.85 0.15 0.739931 153 153 153
0.836561 0.15 0.75 153 153 153
0.85 0.141248 0.75 153 153 153
0.895857 0.15 -0.7 153 153 153
0.9 0.146823 -0.7 153 153 153
0.9 0.15 -0.696413 153 153 153
0.9 0.15 0.696413 153 153 153
0.895857 0.15 0.7 153 153 153
0.9 0.146823 0.7 153 153 153
0.945015 0.15 -0.65 153 153 153
0.95 0.145405 -0.65 153 153 153
0.95 0.15 -0.64497 153 153 153
0.95 0.15 0.64497 153 153 153
0.945016 0.15 0.65 153 153 153
0.95 0.145405 0.65 153 153 153
0.986835 0.15 -0.6 153 153 153
1 0.135239 -0.6 153 153 153
1 0.15 -0.584403 153 153 153
1 0.15 0.584403 153 153 153
0.986835 0.15 0.6 153 153 153
1 0.135239 0.6 153 153 153
1.02381 0.15 -0.55 153 153 153
1.05 0.114133 -0.55 153 153 153
1.05 0.15 -0.513329 153 153 153
1.05 0.15 0.513329 153 153 153
1.02381 0.15 0.55 153 153 153
1.05 0.114133 0.55 153 153 153
1.05779 0.15 -0.5 153 153 153
1.0861 0.15 -0.45 153 153 153
1.1 0.129943 -0.45 153 153 153
1.1 0.15 -0.425451 153 153 153
1.1 0.15 0.42545 153 153 153
1.0861 0.15 0.45 153 153 153
1.1 0.129943 0.45 153 153 153
1.05779 0.15 0.5 153 153 153
1.11143 0.15 -0.4 153 153 153
1.13281 0.15 -0.35 153 153 153
1.15 0.12202 -0.35 153 153 153
1.15 0.15 -0.308484 153 153 153
1.15 0.15 0.308484 153 153 153
1.13281 0.15 0.35 153 153 153
1.15 0.12202 0.35 153 153 153
1.11143 0.15 0.4 153 153 153
1.15275 0.15 -0.3 153 153 153
1.16677 0.15 -0.25 153 153 153
1.17914 0.15 -0.2 153 153 153
1.2 0.112078 -0.2 153 153 153
1.18941 0.15 -0.15 153 153 153
1.2 0.131691 -0.15 153 153 153
1.19716 0.15 -0.0999999 153 153 153
1.2 0.145262 -0.0999999 153 153 153
1.2 0.15 -0.0702991 153 153 153
1.2 0.15 0.0702991 153 153 153
1.19716 0.15 0.1 153 153 153
1.2 0.145262 0.1 153 153 153
1.18941 0.15 0.15 153 153 153
1.2 0.131691 0.15 153 153 153
1.17914 0.15 0.2 153 153 153
1.2 0.112078 0.2 153 153 153
1.16677 0.15 0.25 153 153 153
1.15274 0.15 0.3 153 153 153
1.20143 0.15 -0.05 153 153 153
1.20261 0.15 0 153 153 153
1.20143 0.15 0.05 153 153 153
-1.2 0.152433 -0.05 153 153 153
-1.2 0.154413 0 153 153 153
-1.2 0.152433 0.05 153 153 153
-1.15 0.154289 -0.3 153 153 153
-1.15 0.174419 -0.25 153 153 153
-1.15 0.189926 -0.2 153 153 153
-1.15 0.2 -0.15608 153 153 153
-1.15106 0.2 -0.15 153 153 153
-1.15736 0.2 -0.0999999 153 153 153
-1.16127 0.2 -0.05 153 153 153
-1.1626 0.2 0 153 153 153
-1.16127 0.2 0.05 153 153 153
-1.15736 0.2 0.1 153 153 153
-1.15106 0.2 0.15 153 153 153
-1.15 0.189926 0.2 153 153 153
-1.15 0.2 0.15608 153 153 153
-1.15 0.174419 0.25 153 153 153
-1.15 0.154289 0.3 153 153 153
-1.1 0.165661 -0.4 153 153 153
-1.1 0.190365 -0.35 153 153 153
-1.1 0.2 -0.325354 153 153 153
-1.10885 0.2 -0.3 153 153 153
-1.12468 0.2 -0.25 153 153 153
-1.13916 0.2 -0.2 153 153 153
-1.13916 0.2 0.2 153 153 153
-1.12468 0.2 0.25 153 153 153
-1.10885 0.2 0.3 153 153 153
-1.1 0.190365 0.35 153 153 153
-1.1 0.2 0.325354 153 153 153
-1.1 0.165661 0.4 153 153 153
-1.05 0.159866 -0.5 153 153 153
-1.05 0.189536 -0.45 153 153 153
-1.05 0.2 -0.427635 153 153 153
-1.0636 0.2 -0.4 153 153 153
-1.08812 0.2 -0.35 153 153 153
-1.08812 0.2 0.35 153 153 153
-1.0636 0.2 0.4 153 153 153
-1.05 0.189536 0.45 153 153 153
-1.05 0.2 0.427635 153 153 153
-1.05 0.159866 0.5 153 153 153
-1 0.174843 -0.55 153 153 153
-1 0.2 -0.505242 153 153 153
-1.0034 0.2 -0.5 153 153 153
-1.03502 0.2 -0.45 153 153 153
-1.03502 0.2 0.45 153 153 153
-1.0034 0.2 0.5 153 153 153
-1 0.174843 0.55 153 153 153
-1 0.2 0.505242 153 153 153
-0.95 0.181652 -0.6 153 153 153
-0.95 0.2 -0.565424 153 153 153
-0.962234 0.2 -0.55 153 153 153
-0.962234 0.2 0.55 153 153 153
-0.95 0.181652 0.6 153 153 153
-0.95 0.2 0.565424 153 153 153
-0.9 0.182041 -0.65 153 153 153
-0.9 0.2 -0.614163 153 153 153
-0.913925 0.2 -0.6 153 153 153
-0.913925 0.2 0.6 153 153 153
-0.9 0.182041 0.65 153 153 153
-0.9 0.2 0.614163 153 153 153
-0.85 0.177421 -0.7 153 153 153
-0.85 0.2 -0.65282 153 153 153
-0.853494 0.2 -0.65 153 153 153
-0.85 0.2 -0.0565197 153 153 153
-0.850361 0.2 -0.05 153 153 153
-0.85 0.199768 -0.05 153 153 153
-0.851295 0.2 0 153 153 153
-0.85 0.199163 0 153 153 153
-0.850361 0.2 0.05 153 153 153
-0.85 0.199768 0.05 153 153 153
-0.85 0.2 0.0565197 153 153 153
-0.853494 0.2 0.65 153 153 153
-0.85 0.177421 0.7 153 153 153
-0.85 0.2 0.65282 153 153 153
-0.8 0.168803 -0.75 153 153 153
-0.8 0.192422 -0.7 153 153 153
-0.8 0.2 -0.67363 153 153 153
-0.8 0.2 -0.399369 153 153 153
-0.812865 0.2 -0.35 153 153 153
-0.8 0.192661 -0.35 153 153 153
-0.823511 0.2 -0.3 153 153 153
-0.8 0.185206 -0.3 153 153 153
-0.832172 0.2 -0.25 153 153 153
-0.8 0.178231 -0.25 153 153 153
-0.839074 0.2 -0.2 153 153 153
-0.8 0.172108 -0.2 153 153 153
-0.844347 0.2 -0.15 153 153 153
-0.8 0.167105 -0.15 153 153 153
-0.848068 0.2 -0.0999999 153 153 153
-0.8 0.163413 -0.0999999 153 153 153
-0.8 0.161151 -0.05 153 153 153
-0.8 0.16039 0 153 153 153
-0.8 0.161151 0.05 153 153 153
-0.848068 0.2 0.1 153 153 153
-0.8 0.163413 0.1 153 153 153
-0.844346 0.2 0.15 153 153 153
-0.8 0.167106 0.15 153 153 153
-0.839074 0.2 0.2 153 153 153
-0.8 0.172108 0.2 153 153 153
-0.832172 0.2 0.25 153 153 153
-0.8 0.178231 0.25 153 153 153
-0.823511 0.2 0.3 153 153 153
-0.8 0.185206 0.3 153 153 153
-0.812865 0.2 0.35 153 153 153
-0.8 0.192661 0.35 153 153 153
-0.8 0.2 0.39937 153 153 153
-0.8 0.192422 0.7 153 153 153
-0.8 0.2 0.67363 153 153 153
-0.8 0.168803 0.75 153 153 153
-0.75 0.156745 -0.8 153 153 153
-0.75 0.181069 -0.75 153 153 153
-0.75 0.194895 -0.7 153 153 153
-0.75 0.2 -0.654905 153 153 153
-0.75 0.2 -0.599357 153 153 153
-0.762614 0.2 -0.55 153 153 153
-0.75 0.195255 -0.55 153 153 153
-0.775929 0.2 -0.5 153 153 153
-0.75 0.187592 -0.5 153 153 153
-0.788462 0.2 -0.45 153 153 153
-0.75 0.17827 -0.45 153 153 153
-0.799857 0.2 -0.4 153 153 153
-0.75 0.168233 -0.4 153 153 153
-0.75 0.158205 -0.35 153 153 153
-0.75 0.158205 0.35 153 153 153
-0.799857 0.2 0.4 153 153 153
-0.75 0.168233 0.4 153 153 153
-0.788462 0.2 0.45 153 153 153
-0.75 0.17827 0.45 153 153 153
-0.775929 0.2 0.5 153 153 153
-0.75 0.187592 0.5 153 153 153
-0.762614 0.2 0.55 153 153 153
-0.75 0.195255 0.55 153 153 153
-0.75 0.2 0.599357 153 153 153
-0.75 0.194895 0.7 153 153 153
-0.75 0.2 0.654905 153 153 153
-0.75 0.181069 0.75 153 153 153
-0.75 0.156745 0.8 153 153 153
-0.7 0.167571 -0.8 153 153 153
-0.7 0.182085 -0.75 153 153 153
-0.7 0.18739 -0.7 153 153 153
-0.748249 0.2 -0.65 153 153 153
-0.7 0.185798 -0.65 153 153 153
-0.749853 0.2 -0.6 153 153 153
-0.7 0.179309 -0.6 153 153 153
-0.7 0.169589 -0.55 153 153 153
-0.7 0.157983 -0.5 153 153 153
-0.7 0.157983 0.5 153 153 153
-0.7 0.169589 0.55 153 153 153
-0.749853 0.2 0.6 153 153 153
-0.7 0.179309 0.6 153 153 153
-0.748249 0.2 0.65 153 153 153
-0.7 0.185798 0.65 153 153 153
-0.7 0.18739 0.7 153 153 153
-0.7 0.182085 0.75 153 153 153
-0.7 0.167571 0.8 153 153 153
-0.65 0.151689 -0.85 153 153 153
-0.65 0.168184 -0.8 153 153 153
-0.65 0.17419 -0.75 153 153 153
-0.65 0.172283 -0.7 153 153 153
-0.65 0.164718 -0.65 153 153 153
-0.65 0.153385 -0.6 153 153 153
-0.65 0.153385 0.6 153 153 153
-0.65 0.164718 0.65 153 153 153
-0.65 0.172283 0.7 153 153 153
-0.65 0.17419 0.75 153 153 153
-0.65 0.168184 0.8 153 153 153
-0.65 0.151689 0.85 153 153 153
-0.6 0.15261 -0.85 153 153 153
-0.6 0.160611 -0.8 153 153 153
-0.6 0.159368 -0.75 153 153 153
-0.6 0.15143 -0.7 153 153 153
-0.6 0.15143 0.7 153 153 153
-0.6 0.159368 0.75 153 153 153
-0.6 0.160611 0.8 153 153 153
-0.6 0.15261 0.85 153 153 153
-0.15 0.2 -1.09363 153 153 153
-0.15 0.165661 -1.05 153 153 153
-0.179443 0.2 -1.05 153 153 153
-0.15 0.151248 -1 153 153 153
-0.196258 0.2 -1 153 153 153
-0.15 0.151481 -0.95 153 153 153
-0.199831 0.2 -0.95 153 153 153
-0.15 0.159997 -0.9 153 153 153
-0.193713 0.2 -0.9 153 153 153
-0.15 0.173023 -0.85 153 153 153
-0.180944 0.2 -0.85 153 153 153
-0.15 0.18825 -0.8 153 153 153
-0.163997 0.2 -0.8 153 153 153
-0.15 0.2 -0.764165 153 153 153
-0.15 0.2 0.764165 153 153 153
-0.15 0.18825 0.8 153 153 153
-0.163998 0.2 0.8 153 153 153
-0.15 0.173023 0.85 153 153 153
-0.180944 0.2 0.85 153 153 153
-0.15 0.159997 0.9 153 153 153
-0.193713 0.2 0.9 153 153 153
-0.15 0.151481 0.95 153 153 153
-0.199831 0.2 0.95 153 153 153
-0.15 0.151248 1 153 153 153
-0.196258 0.2 1 153 153 153
-0.15 0.165661 1.05 153 153 153
-0.179443 0.2 1.05 153 153 153
-0.15 0.2 1.09363 153 153 153
-0.0999999 0.2 -1.11008 153 153 153
-0.134922 0.2 -1.1 153 153 153
-0.122475 0.2 -0.75 153 153 153
-0.0999999 0.16833 -0.75 255 216 0
-0.0999999 0.2 -0.740044 153 153 153
-0.0999999 0.2 0.740044 153 153 153
-0.0999999 0.16833 0.75 255 216 0
-0.122475 0.2 0.75 153 153 153
-0.134922 0.2 1.1 153 153 153
-0.0999999 0.2 1.11008 153 153 153
-0.0909262 0.2 -1.1 153 153 153
-0.0653706 0.2 -1.05 153 153 153
-0.05 0.168857 -1.05 153 153 153
-0.0556829 0.2 -1 153 153 153
-0.05 0.187364 -1 153 153 153
-0.0560215 0.2 -0.95 153 153 153
-0.05 0.185542 -0.95 153 153 153
-0.062526 0.2 -0.9 153 153 153
-0.05 0.167971 -0.9 153 153 153
-0.0726242 0.2 -0.85 153 153 153
-0.0845997 0.2 -0.8 153 153 153
-0.0973132 0.2 -0.75 153 153 153
-0.0973129 0.2 0.75 153 153 153
-0.0845995 0.2 0.8 153 153 153
-0.0726242 0.2 0.85 153 153 153
-0.062526 0.2 0.9 153 153 153
-0.05 0.167971 0.9 153 153 153
-0.0560215 0.2 0.95 153 153 153
-0.05 0.185542 0.95 153 153 153
-0.0556829 0.2 1 153 153 153
-0.05 0.187364 1 153 153 153
-0.0653706 0.2 1.05 153 153 153
-0.05 0.168857 1.05 153 153 153
-0.0909264 0.2 1.1 153 153 153
0.05 0.168857 -1.05 153 153 153
0.05 0.187365 -1 153 153 153
0.05 0.185542 -0.95 153 153 153
0.05 0.167971 -0.9 153 153 153
0.05 0.167971 0.9 153 153 153
0.05 0.185542 0.95 153 153 153
0.05 0.187365 1 153 153 153
0.05 0.168857 1.05 153 153 153
0.1 0.2 -1.11008 153 153 153
0.0909262 0.2 -1.1 153 153 153
0.0653703 0.2 -1.05 153 153 153
0.0556829 0.2 -1 153 153 153
0.0560215 0.2 -0.95 153 153 153
0.0625257 0.2 -0.9 153 153 153
0.072624 0.2 -0.85 153 153 153
0.0845995 0.2 -0.8 153 153 153
0.1 0.16833 -0.75 255 216 0
0.0973132 0.2 -0.75 153 153 153
0.1 0.2 -0.740044 153 153 153
0.1 0.2 0.740044 153 153 153
0.1 0.16833 0.75 255 216 0
0.0973132 0.2 0.75 153 153 153
0.0845993 0.2 0.8 153 153 153
0.0726242 0.2 0.85 153 153 153
0.062526 0.2 0.9 153 153 153
0.0560215 0.2 0.95 153 153 153
0.0556829 0.2 1 153 153 153
0.0653706 0.2 1.05 153 153 153
0.0909262 0.2 1.1 153 153 153
0.1 0.2 1.11008 153 153 153
0.134922 0.2 -1.1 153 153 153
0.15 0.165661 -1.05 153 153 153
0.15 0.2 -1.09363 153 153 153
0.15 0.151248 -1 153 153 153
0.15 0.151481 -0.95 153 153 153
0.15 0.159997 -0.9 153 153 153
0.15 0.173023 -0.85 153 153 153
0.15 0.18825 -0.8 153 153 153
0.15 0.2 -0.764165 153 153 153
0.122475 0.2 -0.75 153 153 153
0.122475 0.2 0.75 153 153 153
0.15 0.2 0.764166 153 153 153
0.15 0.18825 0.8 153 153 153
0.15 0.173023 0.85 153 153 153
0.15 0.159997 0.9 153 153 153
0.15 0.151481 0.95 153 153 153
0.15 0.151248 1 153 153 153
0.15 0.165662 1.05 153 153 153
0.15 0.2 1.09363 153 153 153
0.134922 0.2 1.1 153 153 153
0.179443 0.2 -1.05 153 153 153
0.196258 0.2 -1 153 153 153
0.199831 0.2 -0.95 153 153 153
0.193713 0.2 -0.9 153 153 153
0.180944 0.2 -0.85 153 153 153
0.163998 0.2 -0.8 153 153 153
0.163997 0.2 0.8 153 153 153
0.180944 0.2 0.85 153 153 153
0.193713 0.2 0.9 153 153 153
0.199831 0.2 0.95 153 153 153
0.196258 0.2 1 153 153 153
0.179443 0.2 1.05 153 153 153
0.6 0.15261 -0.85 153 153 153
0.6 0.160611 -0.8 153 153 153
0.6 0.159368 -0.75 153 153 153
0.6 0.15143 -0.7 153 153 153
0.6 0.15143 0.7 153 153 153
0.6 0.159369 0.75 153 153 153
0.6 0.160611 0.8 153 153 153
0.6 0.15261 0.85 153 153 153
0.65 0.151689 -0.85 153 153 153
0.65 0.168184 -0.8 153 153 153
0.65 0.17419 -0.75 153 153 153
0.65 0.172283 -0.7 153 153 153
0.65 0.164718 -0.65 153 153 153
0.65 0.153385 -0.6 153 153 153
0.65 0.153385 0.6 153 153 153
0.65 0.164718 0.65 153 153 153
0.65 0.172283 0.7 153 153 153
0.65 0.174189 0.75 153 153 153
0.65 0.168184 0.8 153 153 153
0.65 0.151689 0.85 153 153 153
0.7 0.167571 -0.8 153 153 153
0.7 0.182085 -0.75 153 153 153
0.7 0.18739 -0.7 153 153 153
0.7 0.185798 -0.65 153 153 153
0.7 0.179309 -0.6 153 153 153
0.7 0.169589 -0.55 153 153 153
0.7 0.157983 -0.5 153 153 153
0.7 0.157983 0.5 153 153 153
0.7 0.169589 0.55 153 153 153
0.7 0.179309 0.6 153 153 153
0.7 0.185798 0.65 153 153 153
0.7 0.18739 0.7 153 153 153
0.7 0.182085 0.75 153 153 153
0.7 0.167571 0.8 153 153 153
0.75 0.156745 -0.8 153 153 153
0.75 0.181069 -0.75 153 153 153
0.75 0.194895 -0.7 153 153 153
0.75 0.2 -0.654905 153 153 153
0.748249 0.2 -0.65 153 153 153
0.749853 0.2 -0.6 153 153 153
0.75 0.195255 -0.55 153 153 153
0.75 0.2 -0.599356 153 153 153
0.75 0.187592 -0.5 153 153 153
0.75 0.17827 -0.45 153 153 153
0.75 0.168233 -0.4 153 153 153
0.75 0.158205 -0.35 153 153 153
0.75 0.158205 0.35 153 153 153
0.75 0.168233 0.4 153 153 153
0.75 0.17827 0.45 153 153 153
0.75 0.187592 0.5 153 153 153
0.75 0.195255 0.55 153 153 153
0.75 0.2 0.599356 153 153 153
0.749853 0.2 0.6 153 153 153
0.748249 0.2 0.65 153 153 153
0.75 0.194895 0.7 153 153 153
0.75 0.2 0.654905 153 153 153
0.75 0.181069 0.75 153 153 153
0.75 0.156745 0.8 153 153 153
0.8 0.168803 -0.75 153 153 153
0.8 0.192422 -0.7 153 153 153
0.8 0.2 -0.67363 153 153 153
0.762614 0.2 -0.55 153 153 153
0.775928 0.2 -0.5 153 153 153
0.788462 0.2 -0.45 153 153 153
0.799857 0.2 -0.4 153 153 153
0.8 0.192661 -0.35 153 153 153
0.8 0.2 -0.399369 153 153 153
0.8 0.185206 -0.3 153 153 153
0.8 0.178231 -0.25 153 153 153
0.8 0.172108 -0.2 153 153 153
0.8 0.167106 -0.15 153 153 153
0.8 0.163413 -0.0999999 153 153 153
0.8 0.161151 -0.05 153 153 153
0.8 0.16039 0 153 153 153
0.8 0.161151 0.05 153 153 153
0.8 0.163413 0.1 153 153 153
0.8 0.167105 0.15 153 153 153
0.8 0.172108 0.2 153 153 153
0.8 0.178231 0.25 153 153 153
0.8 0.185206 0.3 153 153 153
0.8 0.192661 0.35 153 153 153
0.8 0.2 0.399369 153 153 153
0.799857 0.2 0.4 153 153 153
0.788462 0.2 0.45 153 153 153
0.775928 0.2 0.5 153 153 153
0.762614 0.2 0.55 153 153 153
0.8 0.192422 0.7 153 153 153
0.8 0.2 0.67363 153 153 153
0.8 0.168803 0.75 153 153 153
0.85 0.177421 -0.7 153 153 153
0.85 0.2 -0.65282 153 153 153
0.812865 0.2 -0.35 153 153 153
0.823512 0.2 -0.3 153 153 153
0.832172 0.2 -0.25 153 153 153
0.839074 0.2 -0.2 153 153 153
0.844347 0.2 -0.15 153 153 153
0.848068 0.2 -0.0999999 153 153 153
0.85 0.199768 -0.05 153 153 153
0.85 0.2 -0.0565178 153 153 153
0.85 0.199163 0 153 153 153
0.85 0.199768 0.05 153 153 153
0.85 0.2 0.0565178 153 153 153
0.848068 0.2 0.1 153 153 153
0.844347 0.2 0.15 153 153 153
0.839074 0.2 0.2 153 153 153
0.832172 0.2 0.25 153 153 153
0.823512 0.2 0.3 153 153 153
0.812865 0.2 0.35 153 153 153
0.85 0.177421 0.7 153 153 153
0.85 0.2 0.65282 153 153 153
0.853494 0.2 -0.65 153 153 153
0.9 0.182041 -0.65 153 153 153
0.9 0.2 -0.614163 153 153 153
0.850361 0.2 -0.05 153 153 153
0.851295 0.2 0 153 153 153
0.850361 0.2 0.05 153 153 153
0.9 0.2 0.614163 153 153 153
0.853494 0.2 0.65 153 153 153
0.9 0.182041 0.65 153 153 153
0.913925 0.2 -0.6 153 153 153
0.95 0.181652 -0.6 153 153 153
0.95 0.2 -0.565424 153 153 153
0.95 0.2 0.565424 153 153 153
0.913925 0.2 0.6 153 153 153
0.95 0.181652 0.6 153 153 153
0.962234 0.2 -0.55 153 153 153
1 0.174843 -0.55 153 153 153
1 0.2 -0.505242 153 153 153
1 0.2 0.505242 153 153 153
0.962234 0.2 0.55 153 153 153
1 0.174843 0.55 153 153 153
1.0034 0.2 -0.5 153 153 153
1.05 0.159866 -0.5 153 153 153
1.03502 0.2 -0.45 153 153 153
1.05 0.189536 -0.45 153 153 153
1.05 0.2 -0.427635 153 153 153
1.05 0.2 0.427635 153 153 153
1.03502 0.2 0.45 153 153 153
1.05 0.189536 0.45 153 153 153
1.0034 0.2 0.5 153 153 153
1.05 0.159866 0.5 153 153 153
1.0636 0.2 -0.4 153 153 153
1.1 0.165661 -0.4 153 153 153
1.08812 0.2 -0.35 153 153 153
1.1 0.190365 -0.35 153 153 153
1.1 0.2 -0.325354 153 153 153
1.1 0.2 0.325354 153 153 153
1.08812 0.2 0.35 153 153 153
1.1 0.190365 0.35 153 153 153
1.0636 0.2 0.4 153 153 153
1.1 0.165661 0.4 153 153 153
1.10885 0.2 -0.3 153 153 153
1.15 0.154289 -0.3 153 153 153
1.12468 0.2 -0.25 153 153 153
1.15 0.174419 -0.25 153 153 153
1.13916 0.2 -0.2 153 153 153
1.15 0.189926 -0.2 153 153 153
1.15 0.2 -0.15608 153 153 153
1.15 0.2 0.15608 153 153 153
1.13916 0.2 0.2 153 153 153
1.15 0.189926 0.2 153 153 153
1.12468 0.2 0.25 153 153 153
1.15 0.174419 0.25 153 153 153
1.10885 0.2 0.3 153 153 153
1.15 0.154289 0.3 153 153 153
1.15106 0.2 -0.15 153 153 153
1.15736 0.2 -0.0999999 153 153 153
1.16127 0.2 -0.05 153 153 153
1.2 0.152433 -0.05 153 153 153
1.1626 0.2 0 153 153 153
1.2 0.154412 0 153 153 153
1.16127 0.2 0.05 153 153 153
1.2 0.152433 0.05 153 153 153
1.15736 0.2 0.1 153 153 153
1.15106 0.2 0.15 153 153 153
-1.15 0.20117 -0.15 153 153 153
-1.15 0.207811 -0.0999999 153 153 153
-1.15 0.211693 -0.05 153 153 153
-1.15 0.21297 0 153 153 153
-1.15 0.211693 0.05 153 153 153
-1.15 0.207811 0.1 153 153 153
-1.15 0.20117 0.15 153 153 153
-1.1 0.208362 -0.3 153 153 153
-1.1 0.221223 -0.25 153 153 153
-1.1 0.230961 -0.2 153 153 153
-1.1 0.238049 -0.15 153 153 153
-1.1 0.242853 -0.0999999 153 153 153
-1.1 0.245632 -0.05 153 153 153
-1.1 0.246541 0 153 153 153
-1.1 0.245632 0.05 153 153 153
-1.1 0.242853 0.1 153 153 153
-1.1 0.238049 0.15 153 153 153
-1.1 0.230961 0.2 153 153 153
-1.1 0.221223 0.25 153 153 153
-1.1 0.208362 0.3 153 153 153
-1.05 0.211005 -0.4 153 153 153
-1.05 0.226533 -0.35 153 153 153
-1.05 0.238387 -0.3 153 153 153
-1.05 0.247263 -0.25 153 153 153
-1.05 0.25 -0.228999 153 153 153
-1.0582 0.25 -0.2 153 153 153
-1.07047 0.25 -0.15 153 153 153
-1.08062 0.25 -0.0999999 153 153 153
-1.08742 0.25 -0.05 153 153 153
-1.08983 0.25 0 153 153 153
-1.08742 0.25 0.05 153 153 153
-1.08062 0.25 0.1 153 153 153
-1.07047 0.25 0.15 153 153 153
-1.0582 0.25 0.2 153 153 153
-1.05 0.247263 0.25 153 153 153
-1.05 0.25 0.228999 153 153 153
-1.05 0.238387 0.3 153 153 153
-1.05 0.226533 0.35 153 153 153
-1.05 0.211005 0.4 153 153 153
-1 0.202532 -0.5 153 153 153
-1 0.221203 -0.45 153 153 153
-1 0.235175 -0.4 153 153 153
-1 0.245387 -0.35 153 153 153
-1 0.25 -0.318428 153 153 153
-1.00931 0.25 -0.3 153 153 153
-1.03689 0.25 -0.25 153 153 153
-1.03689 0.25 0.25 153 153 153
-1.00931 0.25 0.3 153 153 153
-1 0.245387 0.35 153 153 153
-1 0.25 0.318427 153 153 153
-1 0.235175 0.4 153 153 153
-1 0.221203 0.45 153 153 153
-1 0.202532 0.5 153 153 153
-0.95 0.207144 -0.55 153 153 153
-0.95 0.224284 -0.5 153 153 153
-0.95 0.236385 -0.45 153 153 153
-0.95 0.24453 -0.4 153 153 153
-0.95 0.249674 -0.35 153 153 153
-0.95 0.25 -0.344557 153 153 153
-0.95 0.249674 0.35 153 153 153
-0.95 0.25 0.344557 153 153 153
-0.95 0.24453 0.4 153 153 153
-0.95 0.236385 0.45 153 153 153
-0.95 0.224284 0.5 153 153 153
-0.95 0.207144 0.55 153 153 153
-0.9 0.206308 -0.6 153 153 153
-0.9 0.221947 -0.55 153 153 153
-0.9 0.232075 -0.5 153 153 153
-0.9 0.237934 -0.45 153 153 153
-0.9 0.240622 -0.4 153 153 153
-0.9 0.24108 -0.35 153 153 153
-0.939567 0.25 -0.3 153 153 153
-0.9 0.240093 -0.3 153 153 153
-0.937147 0.25 -0.25 153 153 153
-0.9 0.238303 -0.25 153 153 153
-0.93763 0.25 -0.2 153 153 153
-0.9 0.236216 -0.2 153 153 153
-0.93892 0.25 -0.15 153 153 153
-0.9 0.234221 -0.15 153 153 153
-0.940187 0.25 -0.0999999 153 153 153
-0.9 0.232603 -0.0999999 153 153 153
-0.941057 0.25 -0.05 153 153 153
-0.9 0.231557 -0.05 153 153 153
-0.941364 0.25 0 153 153 153
-0.9 0.231196 0 153 153 153
-0.941057 0.25 0.05 153 153 153
-0.9 0.231557 0.05 153 153 153
-0.940187 0.25 0.1 153 153 153
-0.9 0.232603 0.1 153 153 153
-0.93892 0.25 0.15 153 153 153
-0.9 0.234221 0.15 153 153 153
-0.93763 0.25 0.2 153 153 153
-0.9 0.236216 0.2 153 153 153
-0.937147 0.25 0.25 153 153 153
-0.9 0.238303 0.25 153 153 153
-0.939567 0.25 0.3 153 153 153
-0.9 0.240093 0.3 153 153 153
-0.9 0.24108 0.35 153 153 153
-0.9 0.240622 0.4 153 153 153
-0.9 0.237934 0.45 153 153 153
-0.9 0.232075 0.5 153 153 153
-0.9 0.221947 0.55 153 153 153
-0.9 0.206308 0.6 153 153 153
-0.85 0.201226 -0.65 153 153 153
-0.85 0.21562 -0.6 153 153 153
-0.85 0.223881 -0.55 153 153 153
-0.85 0.227426 -0.5 153 153 153
-0.85 0.227515 -0.45 153 153 153
-0.85 0.225228 -0.4 153 153 153
-0.85 0.22147 -0.35 153 153 153
-0.85 0.216979 -0.3 153 153 153
-0.85 0.212339 -0.25 153 153 153
-0.85 0.208004 -0.2 153 153 153
-0.85 0.204314 -0.15 153 153 153
-0.85 0.201516 -0.0999999 153 153 153
-0.85 0.201516 0.1 153 153 153
-0.85 0.204314 0.15 153 153 153
-0.85 0.208004 0.2 153 153 153
-0.85 0.212339 0.25 153 153 153
-0.85 0.216979 0.3 153 153 153
-0.85 0.221471 0.35 153 153 153
-0.85 0.225228 0.4 153 153 153
-0.85 0.227515 0.45 153 153 153
-0.85 0.227426 0.5 153 153 153
-0.85 0.223881 0.55 153 153 153
-0.85 0.21562 0.6 153 153 153
-0.85 0.201226 0.65 153 153 153
-0.8 0.206381 -0.65 153 153 153
-0.8 0.213085 -0.6 153 153 153
-0.8 0.214464 -0.55 153 153 153
-0.8 0.211963 -0.5 153 153 153
-0.8 0.206826 -0.45 153 153 153
-0.8 0.200096 -0.4 153 153 153
-0.8 0.200096 0.4 153 153 153
-0.8 0.206826 0.45 153 153 153
-0.8 0.211963 0.5 153 153 153
-0.8 0.214464 0.55 153 153 153
-0.8 0.213085 0.6 153 153 153
-0.8 0.206381 0.65 153 153 153
-0.75 0.200545 -0.65 153 153 153
-0.75 0.200066 -0.6 153 153 153
-0.75 0.200066 0.6 153 153 153
-0.75 0.200545 0.65 153 153 153
-0.2 0.25 -1.06564 153 153 153
-0.2 0.231621 -1.05 153 153 153
-0.213611 0.25 -1.05 153 153 153
-0.2 0.205008 -1 153 153 153
-0.239317 0.25 -1 153 153 153
-0.2 0.200203 -0.95 153 153 153
-0.2495 0.25 -0.95 153 153 153
-0.2 0.206979 -0.9 153 153 153
-0.24732 0.25 -0.9 153 153 153
-0.2 0.219872 -0.85 153 153 153
-0.235887 0.25 -0.85 153 153 153
-0.2 0.235775 -0.8 153 153 153
-0.21804 0.25 -0.8 153 153 153
-0.2 0.25 -0.759051 153 153 153
-0.2 0.25 0.759051 153 153 153
-0.2 0.235775 0.8 153 153 153
-0.218041 0.25 0.8 153 153 153
-0.2 0.219872 0.85 153 153 153
-0.235887 0.25 0.85 153 153 153
-0.2 0.206979 0.9 153 153 153
-0.24732 0.25 0.9 153 153 153
-0.2 0.200203 0.95 153 153 153
-0.2495 0.25 0.95 153 153 153
-0.2 0.205008 1 153 153 153
-0.239317 0.25 1 153 153 153
-0.2 0.231621 1.05 153 153 153
-0.213611 0.25 1.05 153 153 153
-0.2 0.25 1.06564 153 153 153
-0.15 0.25 -1.10112 153 153 153
-0.15 0.238937 -1.1 153 153 153
-0.152223 0.25 -1.1 153 153 153
-0.193463 0.25 -0.75 153 153 153
-0.15 0.210413 -0.75 153 153 153
-0.15 0.248266 -0.7 255 216 0
-0.152024 0.25 -0.7 153 153 153
-0.15 0.25 -0.697734 255 216 0
-0.15 0.25 0.697735 255 216 0
-0.15 0.248266 0.7 255 216 0
-0.152024 0.25 0.7 153 153 153
-0.15 0.210413 0.75 153 153 153
-0.193463 0.25 0.75 153 153 153
-0.152223 0.25 1.1 153 153 153
-0.15 0.238938 1.1 153 153 153
-0.15 0.25 1.10112 153 153 153
-0.0999999 0.221526 -1.1 153 153 153
-0.145757 0.25 -1.1 153 153 153
-0.0999999 0.25 -1.08088 153 153 153
-0.0999999 0.215691 -0.75 153 153 153
-0.0999999 0.25 -0.775467 153 153 153
-0.115978 0.25 -0.75 153 153 153
-0.148485 0.25 -0.7 255 216 0
-0.148485 0.25 0.7 255 216 0
-0.0999999 0.215691 0.75 153 153 153
-0.115978 0.25 0.75 153 153 153
-0.0999999 0.25 0.775467 153 153 153
-0.145757 0.25 1.1 153 153 153
-0.0999999 0.25 1.08088 153 153 153
-0.0999999 0.221526 1.1 153 153 153
-0.0827751 0.25 -1.05 153 153 153
-0.0703299 0.25 -1 153 153 153
-0.0686448 0.25 -0.95 153 153 153
-0.0736561 0.25 -0.9 153 153 153
-0.0826495 0.25 -0.85 153 153 153
-0.0938087 0.25 -0.8 153 153 153
-0.0938084 0.25 0.8 153 153 153
-0.0826497 0.25 0.85 153 153 153
-0.0736561 0.25 0.9 153 153 153
-0.0686448 0.25 0.95 153 153 153
-0.0703297 0.25 1 153 153 153
-0.0827751 0.25 1.05 153 153 153
0.1 0.221526 -1.1 153 153 153
0.1 0.25 -1.08088 153 153 153
0.0827751 0.25 -1.05 153 153 153
0.0703297 0.25 -1 153 153 153
0.0686448 0.25 -0.95 153 153 153
0.0736561 0.25 -0.9 153 153 153
0.0826497 0.25 -0.85 153 153 153
0.0938087 0.25 -0.8 153 153 153
0.1 0.215691 -0.75 153 153 153
0.1 0.25 -0.775467 153 153 153
0.1 0.215691 0.75 153 153 153
0.1 0.25 0.775467 153 153 153
0.0938087 0.25 0.8 153 153 153
0.0826497 0.25 0.85 153 153 153
0.0736561 0.25 0.9 153 153 153
0.0686448 0.25 0.95 153 153 153
0.0703297 0.25 1 153 153 153
0.0827751 0.25 1.05 153 153 153
0.1 0.221526 1.1 153 153 153
0.1 0.25 1.08088 153 153 153
0.145757 0.25 -1.1 153 153 153
0.15 0.25 -1.10112 153 153 153
0.15 0.238938 -1.1 153 153 153
0.15 0.210413 -0.75 153 153 153
0.115978 0.25 -0.75 153 153 153
0.148485 0.25 -0.7 255 216 0
0.15 0.248266 -0.7 255 216 0
0.15 0.25 -0.697734 255 216 0
0.15 0.25 0.697735 255 216 0
0.15 0.248266 0.7 255 216 0
0.148485 0.25 0.7 255 216 0
0.115978 0.25 0.75 153 153 153
0.15 0.210413 0.75 153 153 153
0.15 0.238939 1.1 153 153 153
0.145757 0.25 1.1 153 153 153
0.15 0.25 1.10112 153 153 153
0.152223 0.25 -1.1 153 153 153
0.2 0.25 -1.06564 153 153 153
0.2 0.231621 -1.05 153 153 153
0.2 0.205008 -1 153 153 153
0.2 0.200203 -0.95 153 153 153
0.2 0.206979 -0.9 153 153 153
0.2 0.219872 -0.85 153 153 153
0.2 0.235775 -0.8 153 153 153
0.2 0.25 -0.759051 153 153 153
0.193463 0.25 -0.75 153 153 153
0.152024 0.25 -0.7 153 153 153
0.152024 0.25 0.7 153 153 153
0.193463 0.25 0.75 153 153 153
0.2 0.25 0.759051 153 153 153
0.2 0.235775 0.8 153 153 153
0.2 0.219872 0.85 153 153 153
0.2 0.206979 0.9 153 153 153
0.2 0.200204 0.95 153 153 153
0.2 0.205008 1 153 153 153
0.2 0.231621 1.05 153 153 153
0.2 0.25 1.06564 153 153 153
0.152223 0.25 1.1 153 153 153
0.213611 0.25 -1.05 153 153 153
0.239317 0.25 -1 153 153 153
0.249501 0.25 -0.95 153 153 153
0.24732 0.25 -0.9 153 153 153
0.235887 0.25 -0.85 153 153 153
0.21804 0.25 -0.8 153 153 153
0.21804 0.25 0.8 153 153 153
0.235887 0.25 0.85 153 153 153
0.24732 0.25 0.9 153 153 153
0.2495 0.25 0.95 153 153 153
0.239317 0.25 1 153 153 153
0.213611 0.25 1.05 153 153 153
0.75 0.200545 -0.65 153 153 153
0.75 0.200066 -0.6 153 153 153
0.75 0.200065 0.6 153 153 153
0.75 0.200545 0.65 153 153 153
0.8 0.206381 -0.65 153 153 153
0.8 0.213085 -0.6 153 153 153
0.8 0.214464 -0.55 153 153 153
0.8 0.211963 -0.5 153 153 153
0.8 0.206826 -0.45 153 153 153
0.8 0.200096 -0.4 153 153 153
0.8 0.200096 0.4 153 153 153
0.8 0.206826 0.45 153 153 153
0.8 0.211963 0.5 153 153 153
0.8 0.214464 0.55 153 153 153
0.8 0.213085 0.6 153 153 153
0.8 0.206381 0.65 153 153 153
0.85 0.201226 -0.65 153 153 153
0.85 0.21562 -0.6 153 153 153
0.85 0.223881 -0.55 153 153 153
0.85 0.227426 -0.5 153 153 153
0.85 0.227515 -0.45 153 153 153
0.85 0.225228 -0.4 153 153 153
0.85 0.221471 -0.35 153 153 153
0.85 0.216979 -0.3 153 153 153
0.85 0.212339 -0.25 153 153 153
0.85 0.208004 -0.2 153 153 153
0.85 0.204315 -0.15 153 153 153
0.85 0.201516 -0.0999999 153 153 153
0.85 0.201516 0.1 153 153 153
0.85 0.204315 0.15 153 153 153
0.85 0.208004 0.2 153 153 153
0.85 0.212339 0.25 153 153 153
0.85 0.216979 0.3 153 153 153
0.85 0.22147 0.35 153 153 153
0.85 0.225228 0.4 153 153 153
0.85 0.227515 0.45 153 153 153
0.85 0.227426 0.5 153 153 153
0.85 0.223881 0.55 153 153 153
0.85 0.21562 0.6 153 153 153
0.85 0.201226 0.65 153 153 153
0.9 0.206308 -0.6 153 153 153
0.9 0.221947 -0.55 153 153 153
0.9 0.232075 -0.5 153 153 153
0.9 0.237934 -0.45 153 153 153
0.9 0.240622 -0.4 153 153 153
0.9 0.24108 -0.35 153 153 153
0.9 0.240093 -0.3 153 153 153
0.9 0.238303 -0.25 153 153 153
0.9 0.236216 -0.2 153 153 153
0.9 0.234221 -0.15 153 153 153
0.9 0.232603 -0.0999999 153 153 153
0.9 0.231557 -0.05 153 153 153
0.9 0.231196 0 153 153 153
0.9 0.231557 0.05 153 153 153
0.9 0.232603 0.1 153 153 153
0.9 0.234221 0.15 153 153 153
0.9 0.236216 0.2 153 153 153
0.9 0.238303 0.25 153 153 153
0.9 0.240093 0.3 153 153 153
0.9 0.24108 0.35 153 153 153
0.9 0.240622 0.4 153 153 153
0.9 0.237934 0.45 153 153 153
0.9 0.232075 0.5 153 153 153
0.9 0.221947 0.55 153 153 153
0.9 0.206308 0.6 153 153 153
0.95 0.207144 -0.55 153 153 153
0.95 0.224284 -0.5 153 153 153
0.95 0.236385 -0.45 153 153 153
0.95 0.24453 -0.4 153 153 153
0.95 0.249674 -0.35 153 153 153
0.95 0.25 -0.344557 153 153 153
0.939567 0.25 -0.3 153 153 153
0.937148 0.25 -0.25 153 153 153
0.93763 0.25 -0.2 153 153 153
0.93892 0.25 -0.15 153 153 153
0.940187 0.25 -0.0999999 153 153 153
0.941057 0.25 -0.05 153 153 153
0.941364 0.25 0 153 153 153
0.941057 0.25 0.05 153 153 153
0.940187 0.25 0.1 153 153 153
0.93892 0.25 0.15 153 153 153
0.93763 0.25 0.2 153 153 153
0.937148 0.25 0.25 153 153 153
0.939567 0.25 0.3 153 153 153
0.95 0.249674 0.35 153 153 153
0.95 0.25 0.344557 153 153 153
0.95 0.24453 0.4 153 153 153
0.95 0.236385 0.45 153 153 153
0.95 0.224284 0.5 153 153 153
0.95 0.207144 0.55 153 153 153
1 0.202532 -0.5 153 153 153
1 0.221203 -0.45 153 153 153
1 0.235174 -0.4 153 153 153
1 0.245387 -0.35 153 153 153
1 0.25 -0.318427 153 153 153
1 0.245386 0.35 153 153 153
1 0.25 0.318427 153 153 153
1 0.235174 0.4 153 153 153
1 0.221203 0.45 153 153 153
1 0.202532 0.5 153 153 153
1.05 0.211005 -0.4 153 153 153
1.05 0.226533 -0.35 153 153 153
1.00931 0.25 -0.3 153 153 153
1.05 0.238387 -0.3 153 153 153
1.03689 0.25 -0.25 153 153 153
1.05 0.247263 -0.25 153 153 153
1.05 0.25 -0.228999 153 153 153
1.05 0.25 0.228999 153 153 153
1.03689 0.25 0.25 153 153 153
1.05 0.247263 0.25 153 153 153
1.00931 0.25 0.3 153 153 153
1.05 0.238387 0.3 153 153 153
1.05 0.226533 0.35 153 153 153
1.05 0.211005 0.4 153 153 153
1.1 0.208363 -0.3 153 153 153
1.1 0.221223 -0.25 153 153 153
1.0582 0.25 -0.2 153 153 153
1.1 0.230961 -0.2 153 153 153
1.07048 0.25 -0.15 153 153 153
1.1 0.238049 -0.15 153 153 153
1.08062 0.25 -0.0999999 153 153 153
1.1 0.242853 -0.0999999 153 153 153
1.08742 0.25 -0.05 153 153 153
1.1 0.245632 -0.05 153 153 153
1.08983 0.25 0 153 153 153
1.1 0.246541 0 153 153 153
1.08742 0.25 0.05 153 153 153
1.1 0.245632 0.05 153 153 153
1.08062 0.25 0.1 153 153 153
1.1 0.242853 0.1 153 153 153
1.07047 0.25 0.15 153 153 153
1.1 0.238049 0.15 153 153 153
1.0582 0.25 0.2 153 153 153
1.1 0.230961 0.2 153 153 153
1.1 0.221223 0.25 153 153 153
1.1 0.208362 0.3 153 153 153
1.15 0.20117 -0.15 153 153 153
1.15 0.207811 -0.0999999 153 153 153
1.15 0.211693 -0.05 153 153 153
1.15 0.21297 0 153 153 153
1.15 0.211693 0.05 153 153 153
1.15 0.207811 0.1 153 153 153
1.15 0.20117 0.15 153 153 153
-1.05 0.253528 -0.2 153 153 153
-1.05 0.25784 -0.15 153 153 153
-1.05 0.260691 -0.0999999 153 153 153
-1.05 0.262311 -0.05 153 153 153
-1.05 0.262835 0 153 153 153
-1.05 0.262311 0.05 153 153 153
-1.05 0.260691 0.1 153 153 153
-1.05 0.257841 0.15 153 153 153
-1.05 0.253528 0.2 153 153 153
-1 0.25256 -0.3 153 153 153
-1 0.257432 -0.25 153 153 153
-1 0.260719 -0.2 153 153 153
-1 0.262846 -0.15 153 153 153
-1 0.264138 -0.0999999 153 153 153
-1 0.264823 -0.05 153 153 153
-1 0.265036 0 153 153 153
-1 0.264823 0.05 153 153 153
-1 0.264138 0.1 153 153 153
-1 0.262846 0.15 153 153 153
-1 0.260719 0.2 153 153 153
-1 0.257432 0.25 153 153 153
-1 0.25256 0.3 153 153 153
-0.95 0.252619 -0.3 153 153 153
-0.95 0.254078 -0.25 153 153 153
-0.95 0.254585 -0.2 153 153 153
-0.95 0.254562 -0.15 153 153 153
-0.95 0.254324 -0.0999999 153 153 153
-0.95 0.254094 -0.05 153 153 153
-0.95 0.254003 0 153 153 153
-0.95 0.254094 0.05 153 153 153
-0.95 0.254324 0.1 153 153 153
-0.95 0.254561 0.15 153 153 153
-0.95 0.254585 0.2 153 153 153
-0.95 0.254078 0.25 153 153 153
-0.95 0.252619 0.3 153 153 153
-0.25 0.3 -1.03577 153 153 153
-0.25 0.265788 -1 153 153 153
-0.275551 0.3 -1 153 153 153
-0.25 0.250623 -0.95 153 153 153
-0.294901 0.3 -0.95 153 153 153
-0.25 0.252939 -0.9 153 153 153
-0.299926 0.3 -0.9 153 153 153
-0.25 0.264007 -0.85 153 153 153
-0.293138 0.3 -0.85 153 153 153
-0.25 0.279364 -0.8 153 153 153
-0.27725 0.3 -0.8 153 153 153
-0.25 0.29655 -0.75 153 153 153
-0.254921 0.3 -0.75 153 153 153
-0.25 0.3 -0.740936 153 153 153
-0.25 0.3 0.740936 153 153 153
-0.25 0.29655 0.75 153 153 153
-0.254921 0.3 0.75 153 153 153
-0.25 0.279364 0.8 153 153 153
-0.27725 0.3 0.8 153 153 153
-0.25 0.264007 0.85 153 153 153
-0.293138 0.3 0.85 153 153 153
-0.25 0.252939 0.9 153 153 153
-0.299926 0.3 0.9 153 153 153
-0.25 0.250623 0.95 153 153 153
-0.294902 0.3 0.95 153 153 153
-0.25 0.265788 1 153 153 153
-0.275551 0.3 1 153 153 153
-0.25 0.3 1.03577 153 153 153
-0.2 0.3 -1.07693 153 153 153
-0.236966 0.3 -1.05 153 153 153
-0.2 0.254875 -0.75 153 153 153
-0.222072 0.3 -0.7 153 153 153
-0.2 0.283572 -0.7 153 153 153
-0.2 0.3 -0.67062 153 153 153
-0.2 0.3 0.67062 153 153 153
-0.2 0.283572 0.7 153 153 153
-0.222072 0.3 0.7 153 153 153
-0.2 0.254875 0.75 153 153 153
-0.236966 0.3 1.05 153 153 153
-0.2 0.3 1.07693 153 153 153
-0.15 0.254447 -1.1 153 153 153
-0.15 0.3 -1.08494 153 153 153
-0.15 0.3 -0.68483 153 153 153
-0.15 0.3 0.68483 153 153 153
-0.15 0.254447 1.1 153 153 153
-0.15 0.3 1.08494 153 153 153
-0.105611 0.3 -1.05 153 153 153
-0.0999999 0.292648 -1.05 153 153 153
-0.0999999 0.3 -1.04146 153 153 153
-0.0999999 0.3 -0.818808 153 153 153
-0.106036 0.3 -0.8 153 153 153
-0.0999999 0.281745 -0.8 153 153 153
-0.124854 0.3 -0.75 153 153 153
-0.144031 0.3 -0.7 153 153 153
-0.144031 0.3 0.7 153 153 153
-0.124853 0.3 0.75 153 153 153
-0.106036 0.3 0.8 153 153 153
-0.0999999 0.281745 0.8 153 153 153
-0.0999999 0.3 0.818807 153 153 153
-0.0999999 0.3 1.04146 153 153 153
-0.105611 0.3 1.05 153 153 153
-0.0999999 0.292648 1.05 153 153 153
-0.085263 0.3 -1 153 153 153
-0.0804493 0.3 -0.95 153 153 153
-0.0840027 0.3 -0.9 153 153 153
-0.0926135 0.3 -0.85 153 153 153
-0.0926137 0.3 0.85 153 153 153
-0.0840027 0.3 0.9 153 153 153
-0.0804493 0.3 0.95 153 153 153
-0.0852633 0.3 1 153 153 153
0.1 0.292648 -1.05 153 153 153
0.1 0.3 -1.04146 153 153 153
0.085263 0.3 -1 153 153 153
0.0804493 0.3 -0.95 153 153 153
0.0840027 0.3 -0.9 153 153 153
0.0926139 0.3 -0.85 153 153 153
0.1 0.281745 -0.8 153 153 153
0.1 0.3 -0.818807 153 153 153
0.1 0.281745 0.8 153 153 153
0.1 0.3 0.818807 153 153 153
0.0926137 0.3 0.85 153 153 153
0.0840025 0.3 0.9 153 153 153
0.0804493 0.3 0.95 153 153 153
0.085263 0.3 1 153 153 153
0.1 0.292648 1.05 153 153 153
0.1 0.3 1.04146 153 153 153
0.15 0.254447 -1.1 153 153 153
0.15 0.3 -1.08494 153 153 153
0.105611 0.3 -1.05 153 153 153
0.106036 0.3 -0.8 153 153 153
0.124854 0.3 -0.75 153 153 153
0.144031 0.3 -0.7 153 153 153
0.15 0.3 -0.68483 153 153 153
0.15 0.3 0.68483 153 153 153
0.144031 0.3 0.7 153 153 153
0.124854 0.3 0.75 153 153 153
0.106036 0.3 0.8 153 153 153
0.105611 0.3 1.05 153 153 153
0.15 0.254447 1.1 153 153 153
0.15 0.3 1.08494 153 153 153
0.2 0.3 -1.07693 153 153 153
0.2 0.254875 -0.75 153 153 153
0.2 0.283573 -0.7 153 153 153
0.2 0.3 -0.67062 153 153 153
0.2 0.283572 0.7 153 153 153
0.2 0.3 0.67062 153 153 153
0.2 0.254875 0.75 153 153 153
0.2 0.3 1.07693 153 153 153
0.236966 0.3 -1.05 153 153 153
0.25 0.265788 -1 153 153 153
0.25 0.3 -1.03577 153 153 153
0.25 0.250623 -0.95 153 153 153
0.25 0.252939 -0.9 153 153 153
0.25 0.264008 -0.85 153 153 153
0.25 0.279364 -0.8 153 153 153
0.25 0.29655 -0.75 153 153 153
0.25 0.3 -0.740936 153 153 153
0.222072 0.3 -0.7 153 153 153
0.222072 0.3 0.7 153 153 153
0.25 0.3 0.740936 153 153 153
0.25 0.29655 0.75 153 153 153
0.25 0.279364 0.8 153 153 153
0.25 0.264007 0.85 153 153 153
0.25 0.252939 0.9 153 153 153
0.25 0.250623 0.95 153 153 153
0.25 0.265788 1 153 153 153
0.25 0.3 1.03577 153 153 153
0.236966 0.3 1.05 153 153 153
0.275551 0.3 -1 153 153 153
0.294901 0.3 -0.95 153 153 153
0.299926 0.3 -0.9 153 153 153
0.293138 0.3 -0.85 153 153 153
0.277251 0.3 -0.8 153 153 153
0.254921 0.3 -0.75 153 153 153
0.254921 0.3 0.75 153 153 153
0.277251 0.3 0.8 153 153 153
0.293138 0.3 0.85 153 153 153
0.299926 0.3 0.9 153 153 153
0.294902 0.3 0.95 153 153 153
0.275551 0.3 1 153 153 153
0.95 0.252619 -0.3 153 153 153
0.95 0.254078 -0.25 153 153 153
0.95 0.254586 -0.2 153 153 153
0.95 0.254561 -0.15 153 153 153
0.95 0.254324 -0.0999999 153 153 153
0.95 0.254094 -0.05 153 153 153
0.95 0.254003 0 153 153 153
0.95 0.254094 0.05 153 153 153
0.95 0.254324 0.1 153 153 153
0.95 0.254561 0.15 153 153 153
0.95 0.254586 0.2 153 153 153
0.95 0.254078 0.25 153 153 153
0.95 0.252619 0.3 153 153 153
1 0.25256 -0.3 153 153 153
1 0.257432 -0.25 153 153 153
1 0.260719 -0.2 153 153 153
1 0.262846 -0.15 153 153 153
1 0.264138 -0.0999999 153 153 153
1 0.264823 -0.05 153 153 153
1 0.265036 0 153 153 153
1 0.264823 0.05 153 153 153
1 0.264138 0.1 153 153 153
1 0.262846 0.15 153 153 153
1 0.260719 0.2 153 153 153
1 0.257432 0.25 153 153 153
1 0.25256 0.3 153 153 153
1.05 0.253528 -0.2 153 153 153
1.05 0.25784 -0.15 153 153 153
1.05 0.260691 -0.0999999 153 153 153
1.05 0.262311 -0.05 153 153 153
1.05 0.262835 0 153 153 153
1.05 0.262311 0.05 153 153 153
1.05 0.260691 0.1 153 153 153
1.05 0.25784 0.15 153 153 153
1.05 0.253528 0.2 153 153 153
-0.3 0.35 -1.00332 153 153 153
-0.3 0.344626 -1 153 153 153
-0.303052 0.35 -1 153 153 153
-0.3 0.30714 -0.95 153 153 153
-0.332627 0.35 -0.95 153 153 153
-0.3 0.300085 -0.9 153 153 153
-0.347554 0.35 -0.9 153 153 153
-0.3 0.306787 -0.85 153 153 153
-0.349142 0.35 -0.85 153 153 153
-0.3 0.32001 -0.8 153 153 153
-0.339298 0.35 -0.8 153 153 153
-0.3 0.336168 -0.75 153 153 153
-0.320314 0.35 -0.75 153 153 153
-0.3 0.35 -0.710585 153 153 153
-0.3 0.35 0.710585 153 153 153
-0.3 0.336168 0.75 153 153 153
-0.320314 0.35 0.75 153 153 153
-0.3 0.32001 0.8 153 153 153
-0.339298 0.35 0.8 153 153 153
-0.3 0.306787 0.85 153 153 153
-0.349143 0.35 0.85 153 153 153
-0.3 0.300085 0.9 153 153 153
-0.347554 0.35 0.9 153 153 153
-0.3 0.30714 0.95 153 153 153
-0.332626 0.35 0.95 153 153 153
-0.3 0.344626 1 153 153 153
-0.303052 0.35 1 153 153 153
-0.3 0.35 1.00332 153 153 153
-0.25 0.35 -1.05041 153 153 153
-0.25 0.347629 -1.05 153 153 153
-0.250603 0.35 -1.05 153 153 153
-0.293801 0.35 -0.7 153 153 153
-0.25 0.320228 -0.7 153 153 153
-0.25 0.344164 -0.65 153 153 153
-0.259264 0.35 -0.65 153 153 153
-0.25 0.35 -0.6377 153 153 153
-0.25 0.35 0.6377 153 153 153
-0.25 0.344164 0.65 153 153 153
-0.259264 0.35 0.65 153 153 153
-0.25 0.320228 0.7 153 153 153
-0.293801 0.35 0.7 153 153 153
-0.250603 0.35 1.05 153 153 153
-0.25 0.347629 1.05 153 153 153
-0.25 0.35 1.05041 153 153 153
-0.2 0.35 -1.06865 153 153 153
-0.2 0.321353 -0.65 153 153 153
-0.2 0.35 -0.621782 255 216 0
-0.2 0.35 0.621782 255 216 0
-0.2 0.321353 0.65 153 153 153
-0.2 0.35 1.06865 153 153 153
-0.15 0.35 -1.05976 153 153 153
-0.15 0.35 -0.693331 153 153 153
-0.180558 0.35 -0.65 153 153 153
-0.180557 0.35 0.65 153 153 153
-0.15 0.35 0.693331 153 153 153
-0.15 0.35 1.05976 153 153 153
-0.138122 0.35 -1.05 153 153 153
-0.104806 0.35 -1 153 153 153
-0.0999999 0.340636 -1 153 153 153
-0.0999999 0.35 -0.980949 153 153 153
-0.0999999 0.35 -0.87007 153 153 153
-0.103337 0.35 -0.85 153 153 153
-0.0999999 0.337444 -0.85 153 153 153
-0.116474 0.35 -0.8 153 153 153
-0.131733 0.35 -0.75 153 153 153
-0.147741 0.35 -0.7 153 153 153
-0.147741 0.35 0.7 153 153 153
-0.131733 0.35 0.75 153 153 153
-0.116474 0.35 0.8 153 153 153
-0.103337 0.35 0.85 153 153 153
-0.0999999 0.337444 0.85 153 153 153
-0.0999999 0.35 0.870069 153 153 153
-0.0999999 0.35 0.980949 153 153 153
-0.104806 0.35 1 153 153 153
-0.0999999 0.340635 1 153 153 153
-0.138122 0.35 1.05 153 153 153
-0.0941126 0.35 -0.95 153 153 153
-0.0951569 0.35 -0.9 153 153 153
-0.0951569 0.35 0.9 153 153 153
-0.0941126 0.35 0.95 153 153 153
0.1 0.340636 -1 153 153 153
0.1 0.35 -0.98095 153 153 153
0.0941129 0.35 -0.95 153 153 153
0.0951569 0.35 -0.9 153 153 153
0.1 0.337445 -0.85 153 153 153
0.1 0.35 -0.870069 153 153 153
0.1 0.337445 0.85 153 153 153
0.1 0.35 0.870069 153 153 153
0.0951569 0.35 0.9 153 153 153
0.0941126 0.35 0.95 153 153 153
0.1 0.340636 1 153 153 153
0.1 0.35 0.98095 153 153 153
0.15 0.35 -1.05976 153 153 153
0.138121 0.35 -1.05 153 153 153
0.104806 0.35 -1 153 153 153
0.103337 0.35 -0.85 153 153 153
0.116475 0.35 -0.8 153 153 153
0.131733 0.35 -0.75 153 153 153
0.147741 0.35 -0.7 153 153 153
0.15 0.35 -0.693331 153 153 153
0.15 0.35 0.693331 153 153 153
0.147741 0.35 0.7 153 153 153
0.131733 0.35 0.75 153 153 153
0.116474 0.35 0.8 153 153 153
0.103337 0.35 0.85 153 153 153
0.104806 0.35 1 153 153 153
0.138122 0.35 1.05 153 153 153
0.15 0.35 1.05976 153 153 153
0.2 0.35 -1.06865 153 153 153
0.180557 0.35 -0.65 153 153 153
0.2 0.321353 -0.65 153 153 153
0.2 0.35 -0.621782 255 216 0
0.2 0.35 0.621782 255 216 0
0.2 0.321353 0.65 153 153 153
0.180557 0.35 0.65 153 153 153
0.2 0.35 1.06865 153 153 153
0.25 0.347629 -1.05 153 153 153
0.25 0.35 -1.05041 153 153 153
0.25 0.320228 -0.7 153 153 153
0.25 0.344164 -0.65 153 153 153
0.25 0.35 -0.6377 153 153 153
0.25 0.35 0.6377 153 153 153
0.25 0.344164 0.65 153 153 153
0.25 0.320228 0.7 153 153 153
0.25 0.347629 1.05 153 153 153
0.25 0.35 1.05041 153 153 153
0.250603 0.35 -1.05 153 153 153
0.3 0.35 -1.00332 153 153 153
0.3 0.344626 -1 153 153 153
0.3 0.30714 -0.95 153 153 153
0.3 0.300085 -0.9 153 153 153
0.3 0.306787 -0.85 153 153 153
0.3 0.32001 -0.8 153 153 153
0.3 0.336168 -0.75 153 153 153
0.3 0.35 -0.710585 153 153 153
0.293801 0.35 -0.7 153 153 153
0.259264 0.35 -0.65 153 153 153
0.259264 0.35 0.65 153 153 153
0.293801 0.35 0.7 153 153 153
0.3 0.35 0.710585 153 153 153
0.3 0.336168 0.75 153 153 153
0.3 0.32001 0.8 153 153 153
0.3 0.306787 0.85 153 153 153
0.3 0.300085 0.9 153 153 153
0.3 0.30714 0.95 153 153 153
0.3 0.344626 1 153 153 153
0.3 0.35 1.00331 153 153 153
0.250603 0.35 1.05 153 153 153
0.303052 0.35 -1 153 153 153
0.332627 0.35 -0.95 153 153 153
0.347554 0.35 -0.9 153 153 153
0.349143 0.35 -0.85 153 153 153
0.339298 0.35 -0.8 153 153 153
0.320314 0.35 -0.75 153 153 153
0.320314 0.35 0.75 153 153 153
0.339298 0.35 0.8 153 153 153
0.349142 0.35 0.85 153 153 153
0.347554 0.35 0.9 153 153 153
0.332626 0.35 0.95 153 153 153
0.303052 0.35 1 153 153 153
-0.35 0.4 -0.963094 153 153 153
-0.35 0.381219 -0.95 153 153 153
-0.360455 0.4 -0.95 153 153 153
-0.35 0.353262 -0.9 153 153 153
-0.385973 0.4 -0.9 153 153 153
-0.35 0.350916 -0.85 153 153 153
-0.398454 0.4 -0.85 153 153 153
-0.35 0.35962 -0.8 153 153 153
-0.398599 0.4 -0.8 153 153 153
-0.35 0.373305 -0.75 153 153 153
-0.387729 0.4 -0.75 153 153 153
-0.35 0.38904 -0.7 153 153 153
-0.36766 0.4 -0.7 153 153 153
-0.35 0.4 -0.667445 153 153 153
-0.35 0.4 0.667445 153 153 153
-0.35 0.38904 0.7 153 153 153
-0.36766 0.4 0.7 153 153 153
-0.35 0.373305 0.75 153 153 153
-0.387729 0.4 0.75 153 153 153
-0.35 0.35962 0.8 153 153 153
-0.398599 0.4 0.8 153 153 153
-0.35 0.350916 0.85 153 153 153
-0.398454 0.4 0.85 153 153 153
-0.35 0.353262 0.9 153 153 153
-0.385973 0.4 0.9 153 153 153
-0.35 0.38122 0.95 153 153 153
-0.360455 0.4 0.95 153 153 153
-0.35 0.4 0.963094 153 153 153
-0.3 0.4 -1.01469 153 153 153
-0.317869 0.4 -1 153 153 153
-0.3 0.354396 -0.7 153 153 153
-0.339685 0.4 -0.65 153 153 153
-0.3 0.376498 -0.65 153 153 153
-0.3 0.397193 -0.6 153 153 153
-0.305155 0.4 -0.6 153 153 153
-0.3 0.4 -0.59313 153 153 153
-0.3 0.4 0.593131 153 153 153
-0.3 0.397193 0.6 153 153 153
-0.305156 0.4 0.6 153 153 153
-0.3 0.376498 0.65 153 153 153
-0.339685 0.4 0.65 153 153 153
-0.3 0.354396 0.7 153 153 153
-0.317869 0.4 1 153 153 153
-0.3 0.4 1.01469 153 153 153
-0.25 0.35378 -1.05 153 153 153
-0.25 0.4 -1.04385 153 153 153
-0.25 0.375618 -0.6 153 153 153
-0.25 0.4 -0.56123 153 153 153
-0.25 0.4 0.56123 153 153 153
-0.25 0.375618 0.6 153 153 153
-0.25 0.35378 1.05 153 153 153
-0.25 0.4 1.04385 153 153 153
-0.208712 0.4 -1.05 153 153 153
-0.2 0.4 -1.05101 153 153 153
-0.2 0.394528 -0.6 153 153 153
-0.2 0.4 -0.597273 153 153 153
-0.2 0.4 0.597273 153 153 153
-0.2 0.394528 0.6 153 153 153
-0.208711 0.4 1.05 153 153 153
-0.2 0.4 1.051 153 153 153
-0.196933 0.4 -1.05 153 153 153
-0.15 0.367404 -1.05 153 153 153
-0.15 0.4 -1.0254 153 153 153
-0.15 0.4 -0.708893 153 153 153
-0.153806 0.4 -0.7 153 153 153
-0.15 0.374234 -0.7 153 153 153
-0.176799 0.4 -0.65 153 153 153
-0.198806 0.4 -0.6 153 153 153
-0.198805 0.4 0.6 153 153 153
-0.176799 0.4 0.65 153 153 153
-0.153806 0.4 0.7 153 153 153
-0.15 0.374235 0.7 153 153 153
-0.15 0.4 0.708893 153 153 153
-0.15 0.4 1.0254 153 153 153
-0.196933 0.4 1.05 153 153 153
-0.15 0.367404 1.05 153 153 153
-0.129704 0.4 -1 153 153 153
-0.111351 0.4 -0.95 153 153 153
-0.0999999 0.369072 -0.95 153 153 153
-0.107946 0.4 -0.9 153 153 153
-0.0999999 0.370827 -0.9 153 153 153
-0.113486 0.4 -0.85 153 153 153
-0.124212 0.4 -0.8 153 153 153
-0.137717 0.4 -0.75 153 153 153
-0.137717 0.4 0.75 153 153 153
-0.124212 0.4 0.8 153 153 153
-0.113486 0.4 0.85 153 153 153
-0.107946 0.4 0.9 153 153 153
-0.0999999 0.370827 0.9 153 153 153
-0.111351 0.4 0.95 153 153 153
-0.0999999 0.369072 0.95 153 153 153
-0.129704 0.4 1 153 153 153
0.1 0.369072 -0.95 153 153 153
0.1 0.370827 -0.9 153 153 153
0.1 0.370827 0.9 153 153 153
0.1 0.369072 0.95 153 153 153
0.15 0.367404 -1.05 153 153 153
0.15 0.4 -1.0254 153 153 153
0.129704 0.4 -1 153 153 153
0.111351 0.4 -0.95 153 153 153
0.107946 0.4 -0.9 153 153 153
0.113486 0.4 -0.85 153 153 153
0.124212 0.4 -0.8 153 153 153
0.137717 0.4 -0.75 153 153 153
0.15 0.374235 -0.7 153 153 153
0.15 0.4 -0.708893 153 153 153
0.15 0.374236 0.7 153 153 153
0.15 0.4 0.708893 153 153 153
0.137717 0.4 0.75 153 153 153
0.124212 0.4 0.8 153 153 153
0.113486 0.4 0.85 153 153 153
0.107945 0.4 0.9 153 153 153
0.111351 0.4 0.95 153 153 153
0.129704 0.4 1 153 153 153
0.15 0.367404 1.05 153 153 153
0.15 0.4 1.0254 153 153 153
0.196933 0.4 -1.05 153 153 153
0.2 0.4 -1.05101 153 153 153
0.153806 0.4 -0.7 153 153 153
0.176799 0.4 -0.65 153 153 153
0.2 0.394528 -0.6 153 153 153
0.198806 0.4 -0.6 153 153 153
0.2 0.4 -0.597273 153 153 153
0.2 0.4 0.597273 153 153 153
0.2 0.394528 0.6 153 153 153
0.198806 0.4 0.6 153 153 153
0.176799 0.4 0.65 153 153 153
0.153806 0.4 0.7 153 153 153
0.196933 0.4 1.05 153 153 153
0.2 0.4 1.051 153 153 153
0.208712 0.4 -1.05 153 153 153
0.25 0.35378 -1.05 153 153 153
0.25 0.4 -1.04385 153 153 153
0.25 0.375618 -0.6 153 153 153
0.25 0.4 -0.56123 153 153 153
0.25 0.4 0.56123 153 153 153
0.25 0.375618 0.6 153 153 153
0.25 0.4 1.04385 153 153 153
0.208712 0.4 1.05 153 153 153
0.25 0.353779 1.05 153 153 153
0.3 0.4 -1.01469 153 153 153
0.3 0.354396 -0.7 153 153 153
0.3 0.376498 -0.65 153 153 153
0.3 0.397193 -0.6 153 153 153
0.3 0.4 -0.593131 153 153 153
0.3 0.4 0.593131 153 153 153
0.3 0.397193 0.6 153 153 153
0.3 0.376498 0.65 153 153 153
0.3 0.354396 0.7 153 153 153
0.3 0.4 1.01469 153 153 153
0.317869 0.4 -1 153 153 153
0.35 0.38122 -0.95 153 153 153
0.35 0.4 -0.963094 153 153 153
0.35 0.353262 -0.9 153 153 153
0.35 0.350916 -0.85 153 153 153
0.35 0.359621 -0.8 153 153 153
0.35 0.373305 -0.75 153 153 153
0.35 0.38904 -0.7 153 153 153
0.35 0.4 -0.667445 153 153 153
0.339685 0.4 -0.65 153 153 153
0.305155 0.4 -0.6 153 153 153
0.305155 0.4 0.6 153 153 153
0.339685 0.4 0.65 153 153 153
0.35 0.4 0.667445 153 153 153
0.35 0.38904 0.7 153 153 153
0.35 0.373305 0.75 153 153 153
0.35 0.35962 0.8 153 153 153
0.35 0.350916 0.85 153 153 153
0.35 0.353262 0.9 153 153 153
0.35 0.38122 0.95 153 153 153
0.35 0.4 0.963094 153 153 153
0.317869 0.4 1 153 153 153
0.360455 0.4 -0.95 153 153 153
0.385974 0.4 -0.9 153 153 153
0.398454 0.4 -0.85 153 153 153
0.398599 0.4 -0.8 153 153 153
0.387729 0.4 -0.75 153 153 153
0.36766 0.4 -0.7 153 153 153
0.36766 0.4 0.7 153 153 153
0.387729 0.4 0.75 153 153 153
0.398599 0.4 0.8 153 153 153
0.398454 0.4 0.85 153 153 153
0.385974 0.4 0.9 153 153 153
0.360455 0.4 0.95 153 153 153
-0.4 0.45 -0.918325 153 153 153
-0.4 0.425433 -0.9 153 153 153
-0.413049 0.45 -0.9 153 153 153
-0.4 0.402012 -0.85 153 153 153
-0.436299 0.45 -0.85 153 153 153
-0.4 0.401423 -0.8 153 153 153
-0.448212 0.45 -0.8 153 153 153
-0.4 0.410272 -0.75 153 153 153
-0.44903 0.45 -0.75 153 153 153
-0.4 0.4232 -0.7 153 153 153
-0.439545 0.45 -0.7 153 153 153
-0.4 0.437687 -0.65 153 153 153
-0.421066 0.45 -0.65 153 153 153
-0.4 0.45 -0.608973 153 153 153
-0.4 0.45 0.608974 153 153 153
-0.4 0.437687 0.65 153 153 153
-0.421066 0.45 0.65 153 153 153
-0.4 0.4232 0.7 153 153 153
-0.439545 0.45 0.7 153 153 153
-0.4 0.410272 0.75 153 153 153
-0.44903 0.45 0.75 153 153 153
-0.4 0.401423 0.8 153 153 153
-0.448212 0.45 0.8 153 153 153
-0.4 0.402012 0.85 153 153 153
-0.436299 0.45 0.85 153 153 153
-0.4 0.425433 0.9 153 153 153
-0.413049 0.45 0.9 153 153 153
-0.4 0.45 0.918325 153 153 153
-0.35 0.45 -0.975049 153 153 153
-0.376107 0.45 -0.95 153 153 153
-0.35 0.40658 -0.65 153 153 153
-0.395021 0.45 -0.6 153 153 153
-0.35 0.425998 -0.6 153 153 153
-0.35 0.444001 -0.55 153 153 153
-0.362369 0.45 -0.55 153 153 153
-0.35 0.45 -0.532629 153 153 153
-0.35 0.45 0.532629 153 153 153
-0.35 0.444001 0.55 153 153 153
-0.362369 0.45 0.55 153 153 153
-0.35 0.425998 0.6 153 153 153
-0.395021 0.45 0.6 153 153 153
-0.35 0.40658 0.65 153 153 153
-0.376107 0.45 0.95 153 153 153
-0.35 0.45 0.975049 153 153 153
-0.3 0.45 -1.01036 153 153 153
-0.317592 0.45 -1 153 153 153
-0.3 0.422389 -0.55 153 153 153
-0.312195 0.45 -0.5 153 153 153
-0.3 0.445633 -0.5 153 153 153
-0.3 0.45 -0.489904 153 153 153
-0.3 0.45 0.489903 153 153 153
-0.3 0.445633 0.5 153 153 153
-0.312195 0.45 0.5 153 153 153
-0.3 0.422389 0.55 153 153 153
-0.317591 0.45 1 153 153 153
-0.3 0.45 1.01036 153 153 153
-0.25 0.45 -1.02621 153 153 153
-0.25 0.410395 -0.55 153 153 153
-0.25 0.45 -0.503761 153 153 153
-0.263873 0.45 -0.5 153 153 153
-0.263873 0.45 0.5 153 153 153
-0.25 0.45 0.503761 153 153 153
-0.25 0.410394 0.55 153 153 153
-0.25 0.45 1.02621 153 153 153
-0.2 0.402142 -1.05 153 153 153
-0.2 0.45 -1.02194 153 153 153
-0.2 0.45 -0.586113 153 153 153
-0.222829 0.45 -0.55 153 153 153
-0.222829 0.45 0.55 153 153 153
-0.2 0.45 0.586113 153 153 153
-0.2 0.402142 1.05 153 153 153
-0.2 0.45 1.02194 153 153 153
-0.16402 0.45 -1 153 153 153
-0.15 0.434948 -1 153 153 153
-0.15 0.45 -0.984644 153 153 153
-0.15 0.45 -0.726204 153 153 153
-0.158865 0.45 -0.7 153 153 153
-0.177133 0.45 -0.65 153 153 153
-0.195046 0.45 -0.6 153 153 153
-0.195046 0.45 0.6 153 153 153
-0.177133 0.45 0.65 153 153 153
-0.158865 0.45 0.7 153 153 153
-0.15 0.45 0.726204 153 153 153
-0.15 0.45 0.984644 153 153 153
-0.16402 0.45 1 153 153 153
-0.15 0.434948 1 153 153 153
-0.13127 0.45 -0.95 153 153 153
-0.121551 0.45 -0.9 153 153 153
-0.123051 0.45 -0.85 153 153 153
-0.131214 0.45 -0.8 153 153 153
-0.143137 0.45 -0.75 153 153 153
-0.143137 0.45 0.75 153 153 153
-0.131214 0.45 0.8 153 153 153
-0.123051 0.45 0.85 153 153 153
-0.121551 0.45 0.9 153 153 153
-0.13127 0.45 0.95 153 153 153
0.15 0.434948 -1 153 153 153
0.15 0.45 -0.984644 153 153 153
0.13127 0.45 -0.95 153 153 153
0.121551 0.45 -0.9 153 153 153
0.123051 0.45 -0.85 153 153 153
0.131214 0.45 -0.8 153 153 153
0.143137 0.45 -0.75 153 153 153
0.15 0.45 -0.726203 153 153 153
0.15 0.45 0.726204 153 153 153
0.143137 0.45 0.75 153 153 153
0.131214 0.45 0.8 153 153 153
0.123051 0.45 0.85 153 153 153
0.121551 0.45 0.9 153 153 153
0.13127 0.45 0.95 153 153 153
0.15 0.434948 1 153 153 153
0.15 0.45 0.984644 153 153 153
0.2 0.402142 -1.05 153 153 153
0.2 0.45 -1.02194 153 153 153
0.16402 0.45 -1 153 153 153
0.158865 0.45 -0.7 153 153 153
0.177133 0.45 -0.65 153 153 153
0.195046 0.45 -0.6 153 153 153
0.2 0.45 -0.586113 153 153 153
0.2 0.45 0.586113 153 153 153
0.195046 0.45 0.6 153 153 153
0.177133 0.45 0.65 153 153 153
0.158865 0.45 0.7 153 153 153
0.16402 0.45 1 153 153 153
0.2 0.402142 1.05 153 153 153
0.2 0.45 1.02194 153 153 153
0.25 0.45 -1.02621 153 153 153
0.222829 0.45 -0.55 153 153 153
0.25 0.410394 -0.55 153 153 153
0.25 0.45 -0.503761 153 153 153
0.25 0.45 0.503761 153 153 153
0.25 0.410394 0.55 153 153 153
0.222829 0.45 0.55 153 153 153
0.25 0.45 1.02621 153 153 153
0.3 0.45 -1.01036 153 153 153
0.3 0.422389 -0.55 153 153 153
0.263873 0.45 -0.5 153 153 153
0.3 0.445633 -0.5 153 153 153
0.3 0.45 -0.489904 153 153 153
0.3 0.45 0.489903 153 153 153
0.3 0.445633 0.5 153 153 153
0.263873 0.45 0.5 153 153 153
0.3 0.422389 0.55 153 153 153
0.3 0.45 1.01036 153 153 153
0.317592 0.45 -1 153 153 153
0.35 0.45 -0.975049 153 153 153
0.35 0.40658 -0.65 153 153 153
0.35 0.425998 -0.6 153 153 153
0.35 0.444001 -0.55 153 153 153
0.35 0.45 -0.532629 153 153 153
0.312195 0.45 -0.5 153 153 153
0.312195 0.45 0.5 153 153 153
0.35 0.45 0.532629 153 153 153
0.35 0.444001 0.55 153 153 153
0.35 0.425998 0.6 153 153 153
0.35 0.40658 0.65 153 153 153
0.35 0.45 0.975049 153 153 153
0.317591 0.45 1 153 153 153
0.376107 0.45 -0.95 153 153 153
0.4 0.425434 -0.9 153 153 153
0.4 0.45 -0.918325 153 153 153
0.4 0.402013 -0.85 153 153 153
0.4 0.401423 -0.8 153 153 153
0.4 0.410272 -0.75 153 153 153
0.4 0.4232 -0.7 153 153 153
0.4 0.437687 -0.65 153 153 153
0.4 0.45 -0.608974 153 153 153
0.395021 0.45 -0.6 153 153 153
0.362369 0.45 -0.55 153 153 153
0.362369 0.45 0.55 153 153 153
0.395021 0.45 0.6 153 153 153
0.4 0.45 0.608974 153 153 153
0.4 0.437687 0.65 153 153 153
0.4 0.4232 0.7 153 153 153
0.4 0.410272 0.75 153 153 153
0.4 0.401423 0.8 153 153 153
0.4 0.402013 0.85 153 153 153
0.4 0.425434 0.9 153 153 153
0.4 0.45 0.918325 153 153 153
0.376107 0.45 0.95 153 153 153
0.413049 0.45 -0.9 153 153 153
0.436299 0.45 -0.85 153 153 153
0.448212 0.45 -0.8 153 153 153
0.44903 0.45 -0.75 153 153 153
0.439545 0.45 -0.7 153 153 153
0.421066 0.45 -0.65 153 153 153
0.421066 0.45 0.65 153 153 153
0.439545 0.45 0.7 153 153 153
0.44903 0.45 0.75 153 153 153
0.448212 0.45 0.8 153 153 153
0.436299 0.45 0.85 153 153 153
0.413049 0.45 0.9 153 153 153
-0.45 0.5 -0.86732 153 153 153
-0.45 0.476366 -0.85 153 153 153
-0.461371 0.5 -0.85 153 153 153
-0.45 0.45238 -0.8 153 153 153
-0.483701 0.5 -0.8 153 153 153
-0.45 0.45098 -0.75 153 153 153
-0.496556 0.5 -0.75 153 153 153
-0.45 0.458514 -0.7 153 153 153
-0.499907 0.5 -0.7 153 153 153
-0.45 0.4698 -0.65 153 153 153
-0.494156 0.5 -0.65 153 153 153
-0.45 0.48248 -0.6 153 153 153
-0.480157 0.5 -0.6 153 153 153
-0.45 0.495354 -0.55 153 153 153
-0.459173 0.5 -0.55 153 153 153
-0.45 0.5 -0.532313 153 153 153
-0.45 0.5 0.532312 153 153 153
-0.45 0.495354 0.55 153 153 153
-0.459173 0.5 0.55 153 153 153
-0.45 0.48248 0.6 153 153 153
-0.480157 0.5 0.6 153 153 153
-0.45 0.4698 0.65 153 153 153
-0.494156 0.5 0.65 153 153 153
-0.45 0.458514 0.7 153 153 153
-0.499907 0.5 0.7 153 153 153
-0.45 0.45098 0.75 153 153 153
-0.496556 0.5 0.75 153 153 153
-0.45 0.45238 0.8 153 153 153
-0.483701 0.5 0.8 153 153 153
-0.45 0.476366 0.85 153 153 153
-0.46137 0.5 0.85 153 153 153
-0.45 0.5 0.86732 153 153 153
-0.4 0.5 -0.929936 153 153 153
-0.427586 0.5 -0.9 153 153 153
-0.4 0.452932 -0.6 153 153 153
-0.4 0.469903 -0.55 153 153 153
-0.431965 0.5 -0.5 153 153 153
-0.4 0.485502 -0.5 153 153 153
-0.4 0.49961 -0.45 153 153 153
-0.400939 0.5 -0.45 153 153 153
-0.4 0.5 -0.44854 153 153 153
-0.4 0.5 0.44854 153 153 153
-0.4 0.49961 0.45 153 153 153
-0.400939 0.5 0.45 153 153 153
-0.4 0.485502 0.5 153 153 153
-0.431965 0.5 0.5 153 153 153
-0.4 0.469903 0.55 153 153 153
-0.4 0.452932 0.6 153 153 153
-0.427586 0.5 0.9 153 153 153
-0.4 0.5 0.929936 153 153 153
-0.35 0.5 -0.970427 153 153 153
-0.378387 0.5 -0.95 153 153 153
-0.35 0.463439 -0.5 153 153 153
-0.35 0.482135 -0.45 153 153 153
-0.354857 0.5 -0.4 153 153 153
-0.35 0.498445 -0.4 153 153 153
-0.35 0.5 -0.394744 153 153 153
-0.35 0.5 0.394744 153 153 153
-0.35 0.498445 0.4 153 153 153
-0.354857 0.5 0.4 153 153 153
-0.35 0.482135 0.45 153 153 153
-0.35 0.463439 0.5 153 153 153
-0.378387 0.5 0.95 153 153 153
-0.35 0.5 0.970427 153 153 153
-0.3 0.487098 -1 153 153 153
-0.3 0.5 -0.99574 153 153 153
-0.3 0.472454 -0.45 153 153 153
-0.3 0.496774 -0.4 153 153 153
-0.3 0.5 -0.392561 153 153 153
-0.3 0.5 0.392561 153 153 153
-0.3 0.496774 0.4 153 153 153
-0.3 0.472454 0.45 153 153 153
-0.3 0.487097 1 153 153 153
-0.3 0.5 0.99574 153 153 153
-0.274665 0.5 -1 153 153 153
-0.25 0.5 -1.00333 153 153 153
-0.25 0.454547 -0.5 153 153 153
-0.25 0.5 -0.45889 153 153 153
-0.25731 0.5 -0.45 153 153 153
-0.294988 0.5 -0.4 153 153 153
-0.294988 0.5 0.4 153 153 153
-0.25731 0.5 0.45 153 153 153
-0.25 0.5 0.45889 153 153 153
-0.25 0.454547 0.5 153 153 153
-0.274664 0.5 1 153 153 153
-0.25 0.5 1.00333 153 153 153
-0.233981 0.5 -1 153 153 153
-0.2 0.485812 -1 153 153 153
-0.2 0.5 -0.989001 153 153 153
-0.2 0.5 -0.579856 153 153 153
-0.21316 0.5 -0.55 153 153 153
-0.234174 0.5 -0.5 153 153 153
-0.234174 0.5 0.5 153 153 153
-0.21316 0.5 0.55 153 153 153
-0.2 0.5 0.579856 153 153 153
-0.2 0.5 0.989001 153 153 153
-0.233982 0.5 1 153 153 153
-0.2 0.485812 1 153 153 153
-0.158817 0.5 -0.95 153 153 153
-0.15 0.487256 -0.95 153 153 153
-0.15 0.5 -0.932457 153 153 153
-0.15 0.5 -0.744366 153 153 153
-0.162489 0.5 -0.7 153 153 153
-0.177974 0.5 -0.65 153 153 153
-0.193639 0.5 -0.6 153 153 153
-0.193639 0.5 0.6 153 153 153
-0.177974 0.5 0.65 153 153 153
-0.162489 0.5 0.7 153 153 153
-0.15 0.5 0.744366 153 153 153
-0.15 0.5 0.932457 153 153 153
-0.158817 0.5 0.95 153 153 153
-0.15 0.487256 0.95 153 153 153
-0.138324 0.5 -0.9 153 153 153
-0.134092 0.5 -0.85 153 153 153
-0.138693 0.5 -0.8 153 153 153
-0.148468 0.5 -0.75 153 153 153
-0.148468 0.5 0.75 153 153 153
-0.138693 0.5 0.8 153 153 153
-0.134092 0.5 0.85 153 153 153
-0.138324 0.5 0.9 153 153 153
0.15 0.487256 -0.95 153 153 153
0.15 0.5 -0.932457 153 153 153
0.138324 0.5 -0.9 153 153 153
0.134092 0.5 -0.85 153 153 153
0.138693 0.5 -0.8 153 153 153
0.148468 0.5 -0.75 153 153 153
0.15 0.5 -0.744366 153 153 153
0.15 0.5 0.744366 153 153 153
0.148468 0.5 0.75 153 153 153
0.138693 0.5 0.8 153 153 153
0.134092 0.5 0.85 153 153 153
0.138324 0.5 0.9 153 153 153
0.15 0.487256 0.95 153 153 153
0.15 0.5 0.932457 153 153 153
0.2 0.485812 -1 153 153 153
0.2 0.5 -0.989001 153 153 153
0.158817 0.5 -0.95 153 153 153
0.162489 0.5 -0.7 153 153 153
0.177974 0.5 -0.65 153 153 153
0.193639 0.5 -0.6 153 153 153
0.2 0.5 -0.579856 153 153 153
0.2 0.5 0.579856 153 153 153
0.193639 0.5 0.6 153 153 153
0.177974 0.5 0.65 153 153 153
0.162489 0.5 0.7 153 153 153
0.158817 0.5 0.95 153 153 153
0.2 0.485812 1 153 153 153
0.2 0.5 0.989001 153 153 153
0.233981 0.5 -1 153 153 153
0.25 0.5 -1.00333 153 153 153
0.21316 0.5 -0.55 153 153 153
0.25 0.454547 -0.5 153 153 153
0.234174 0.5 -0.5 153 153 153
0.25 0.5 -0.45889 153 153 153
0.25 0.5 0.45889 153 153 153
0.25 0.454547 0.5 153 153 153
0.234174 0.5 0.5 153 153 153
0.21316 0.5 0.55 153 153 153
0.233982 0.5 1 153 153 153
0.25 0.5 1.00333 153 153 153
0.274664 0.5 -1 153 153 153
0.3 0.487098 -1 153 153 153
0.3 0.5 -0.995739 153 153 153
0.25731 0.5 -0.45 153 153 153
0.3 0.472454 -0.45 153 153 153
0.3 0.496774 -0.4 153 153 153
0.294987 0.5 -0.4 153 153 153
0.3 0.5 -0.392561 153 153 153
0.3 0.5 0.392561 153 153 153
0.3 0.496774 0.4 153 153 153
0.294987 0.5 0.4 153 153 153
0.3 0.472454 0.45 153 153 153
0.25731 0.5 0.45 153 153 153
0.3 0.5 0.99574 153 153 153
0.274664 0.5 1 153 153 153
0.3 0.487097 1 153 153 153
0.35 0.5 -0.970427 153 153 153
0.35 0.463439 -0.5 153 153 153
0.35 0.482135 -0.45 153 153 153
0.35 0.498445 -0.4 153 153 153
0.35 0.5 -0.394744 153 153 153
0.35 0.5 0.394744 153 153 153
0.35 0.498444 0.4 153 153 153
0.35 0.482135 0.45 153 153 153
0.35 0.463439 0.5 153 153 153
0.35 0.5 0.970427 153 153 153
0.378387 0.5 -0.95 153 153 153
0.4 0.5 -0.929935 153 153 153
0.4 0.452932 -0.6 153 153 153
0.4 0.469903 -0.55 153 153 153
0.4 0.485502 -0.5 153 153 153
0.4 0.49961 -0.45 153 153 153
0.4 0.5 -0.44854 153 153 153
0.354856 0.5 -0.4 153 153 153
0.354856 0.5 0.4 153 153 153
0.4 0.5 0.44854 153 153 153
0.4 0.49961 0.45 153 153 153
0.4 0.485502 0.5 153 153 153
0.4 0.469903 0.55 153 153 153
0.4 0.452932 0.6 153 153 153
0.4 0.5 0.929935 153 153 153
0.378387 0.5 0.95 153 153 153
0.427586 0.5 -0.9 153 153 153
0.45 0.476366 -0.85 153 153 153
0.45 0.5 -0.86732 153 153 153
0.45 0.452379 -0.8 153 153 153
0.45 0.45098 -0.75 153 153 153
0.45 0.458514 -0.7 153 153 153
0.45 0.4698 -0.65 153 153 153
0.45 0.48248 -0.6 153 153 153
0.45 0.495354 -0.55 153 153 153
0.45 0.5 -0.532313 153 153 153
0.431965 0.5 -0.5 153 153 153
0.400939 0.5 -0.45 153 153 153
0.400939 0.5 0.45 153 153 153
0.431965 0.5 0.5 153 153 153
0.45 0.5 0.532313 153 153 153
0.45 0.495354 0.55 153 153 153
0.45 0.48248 0.6 153 153 153
0.45 0.4698 0.65 153 153 153
0.45 0.458514 0.7 153 153 153
0.45 0.45098 0.75 153 153 153
0.45 0.452379 0.8 153 153 153
0.45 0.476366 0.85 153 153 153
0.45 0.5 0.86732 153 153 153
0.427586 0.5 0.9 153 153 153
0.46137 0.5 -0.85 153 153 153
0.483701 0.5 -0.8 153 153 153
0.496556 0.5 -0.75 153 153 153
0.499907 0.5 -0.7 153 153 153
0.494156 0.5 -0.65 153 153 153
0.480158 0.5 -0.6 153 153 153
0.459173 0.5 -0.55 153 153 153
0.459173 0.5 0.55 153 153 153
0.480158 0.5 0.6 153 153 153
0.494156 0.5 0.65 153 153 153
0.499907 0.5 0.7 153 153 153
0.496556 0.5 0.75 153 153 153
0.483701 0.5 0.8 153 153 153
0.46137 0.5 0.85 153 153 153
-0.5 0.55 -0.808902 153 153 153
-0.5 0.536169 -0.8 153 153 153
-0.50555 0.55 -0.8 153 153 153
-0.5 0.505031 -0.75 153 153 153
-0.527724 0.55 -0.75 153 153 153
-0.5 0.5001 -0.7 153 153 153
-0.542349 0.55 -0.7 153 153 153
-0.5 0.504943 -0.65 153 153 153
-0.549319 0.55 -0.65 153 153 153
-0.5 0.513824 -0.6 153 153 153
-0.548834 0.55 -0.6 153 153 153
-0.5 0.524252 -0.55 153 153 153
-0.541438 0.55 -0.55 153 153 153
-0.5 0.534996 -0.5 153 153 153
-0.528017 0.55 -0.5 153 153 153
-0.5 0.545395 -0.45 153 153 153
-0.509751 0.55 -0.45 153 153 153
-0.5 0.55 -0.427139 153 153 153
-0.5 0.55 0.427139 153 153 153
-0.5 0.545395 0.45 153 153 153
-0.509751 0.55 0.45 153 153 153
-0.5 0.534996 0.5 153 153 153
-0.528017 0.55 0.5 153 153 153
-0.5 0.524252 0.55 153 153 153
-0.541438 0.55 0.55 153 153 153
-0.5 0.513824 0.6 153 153 153
-0.548834 0.55 0.6 153 153 153
-0.5 0.504943 0.65 153 153 153
-0.549319 0.55 0.65 153 153 153
-0.5 0.5001 0.7 153 153 153
-0.542349 0.55 0.7 153 153 153
-0.5 0.505031 0.75 153 153 153
-0.527724 0.55 0.75 153 153 153
-0.5 0.536169 0.8 153 153 153
-0.50555 0.55 0.8 153 153 153
-0.5 0.55 0.808903 153 153 153
-0.45 0.55 -0.877835 153 153 153
-0.473323 0.55 -0.85 153 153 153
-0.45 0.509146 -0.5 153 153 153
-0.45 0.522541 -0.45 153 153 153
-0.48742 0.55 -0.4 153 153 153
-0.45 0.534541 -0.4 153 153 153
-0.45 0.545103 -0.35 153 153 153
-0.462842 0.55 -0.35 153 153 153
-0.45 0.55 -0.323759 153 153 153
-0.45 0.55 0.323759 153 153 153
-0.45 0.545103 0.35 153 153 153
-0.462842 0.55 0.35 153 153 153
-0.45 0.534541 0.4 153 153 153
-0.48742 0.55 0.4 153 153 153
-0.45 0.522541 0.45 153 153 153
-0.45 0.509146 0.5 153 153 153
-0.473323 0.55 0.85 153 153 153
-0.45 0.55 0.877835 153 153 153
-0.4 0.55 -0.924448 153 153 153
-0.429081 0.55 -0.9 153 153 153
-0.4 0.514995 -0.4 153 153 153
-0.4 0.528336 -0.35 153 153 153
-0.434294 0.55 -0.3 153 153 153
-0.4 0.539673 -0.3 153 153 153
-0.4 0.549108 -0.25 153 153 153
-0.403136 0.55 -0.25 153 153 153
-0.4 0.55 -0.244314 153 153 153
-0.4 0.55 0.244314 153 153 153
-0.4 0.549108 0.25 153 153 153
-0.403136 0.55 0.25 153 153 153
-0.4 0.539673 0.3 153 153 153
-0.434294 0.55 0.3 153 153 153
-0.4 0.528336 0.35 153 153 153
-0.4 0.514995 0.4 153 153 153
-0.429081 0.55 0.9 153 153 153
-0.4 0.55 0.924448 153 153 153
-0.35 0.55 -0.956145 153 153 153
-0.361419 0.55 -0.95 153 153 153
-0.35 0.516299 -0.35 153 153 153
-0.35 0.531628 -0.3 153 153 153
-0.35 0.544233 -0.25 153 153 153
-0.35 0.55 -0.221836 153 153 153
-0.35 0.55 0.221837 153 153 153
-0.35 0.544233 0.25 153 153 153
-0.35 0.531628 0.3 153 153 153
-0.35 0.516299 0.35 153 153 153
-0.361419 0.55 0.95 153 153 153
-0.35 0.55 0.956144 153 153 153
-0.3 0.55 -0.971323 153 153 153
-0.3 0.523786 -0.35 153 153 153
-0.3 0.546874 -0.3 153 153 153
-0.3 0.55 -0.291975 153 153 153
-0.332506 0.55 -0.25 153 153 153
-0.332506 0.55 0.25 153 153 153
-0.3 0.55 0.291975 153 153 153
-0.3 0.546874 0.3 153 153 153
-0.3 0.523785 0.35 153 153 153
-0.3 0.55 0.971323 153 153 153
-0.25 0.506048 -1 153 153 153
-0.25 0.55 -0.971158 153 153 153
-0.25 0.512533 -0.45 153 153 153
-0.25 0.55 -0.420291 153 153 153
-0.259304 0.55 -0.4 153 153 153
-0.279954 0.55 -0.35 153 153 153
-0.297568 0.55 -0.3 153 153 153
-0.297567 0.55 0.3 153 153 153
-0.279954 0.55 0.35 153 153 153
-0.259304 0.55 0.4 153 153 153
-0.25 0.512533 0.45 153 153 153
-0.25 0.55 0.420291 153 153 153
-0.25 0.506047 1 153 153 153
-0.25 0.55 0.971158 153 153 153
-0.2 0.55 -0.950494 153 153 153
-0.2 0.55 -0.574757 153 153 153
-0.208605 0.55 -0.55 153 153 153
-0.225679 0.55 -0.5 153 153 153
-0.2414 0.55 -0.45 153 153 153
-0.2414 0.55 0.45 153 153 153
-0.225679 0.55 0.5 153 153 153
-0.208605 0.55 0.55 153 153 153
-0.2 0.55 0.574757 153 153 153
-0.2 0.55 0.950494 153 153 153
-0.199367 0.55 -0.95 153 153 153
-0.162654 0.55 -0.9 153 153 153
-0.15 0.526713 -0.9 153 153 153
-0.15 0.55 -0.855016 153 153 153
-0.15 0.55 -0.786473 153 153 153
-0.1548 0.55 -0.75 153 153 153
-0.15 0.513629 -0.75 153 153 153
-0.165783 0.55 -0.7 153 153 153
-0.17888 0.55 -0.65 153 153 153
-0.192771 0.55 -0.6 153 153 153
-0.192771 0.55 0.6 153 153 153
-0.17888 0.55 0.65 153 153 153
-0.165783 0.55 0.7 153 153 153
-0.1548 0.55 0.75 153 153 153
-0.15 0.513629 0.75 153 153 153
-0.15 0.55 0.786473 153 153 153
-0.15 0.55 0.855016 153 153 153
-0.162654 0.55 0.9 153 153 153
-0.15 0.526713 0.9 153 153 153
-0.199367 0.55 0.95 153 153 153
-0.148859 0.55 -0.85 153 153 153
-0.148123 0.55 -0.8 153 153 153
-0.148123 0.55 0.8 153 153 153
-0.148859 0.55 0.85 153 153 153
0.15 0.526713 -0.9 153 153 153
0.15 0.55 -0.855016 153 153 153
0.148859 0.55 -0.85 153 153 153
0.148123 0.55 -0.8 153 153 153
0.15 0.51363 -0.75 153 153 153
0.15 0.55 -0.786472 153 153 153
0.15 0.51363 0.75 153 153 153
0.15 0.55 0.786472 153 153 153
0.148123 0.55 0.8 153 153 153
0.148859 0.55 0.85 153 153 153
0.15 0.526713 0.9 153 153 153
0.15 0.55 0.855017 153 153 153
0.2 0.55 -0.950494 153 153 153
0.199367 0.55 -0.95 153 153 153
0.162654 0.55 -0.9 153 153 153
0.1548 0.55 -0.75 153 153 153
0.165783 0.55 -0.7 153 153 153
0.17888 0.55 -0.65 153 153 153
0.192772 0.55 -0.6 153 153 153
0.2 0.55 -0.574757 153 153 153
0.2 0.55 0.574757 153 153 153
0.192772 0.55 0.6 153 153 153
0.17888 0.55 0.65 153 153 153
0.165783 0.55 0.7 153 153 153
0.1548 0.55 0.75 153 153 153
0.162654 0.55 0.9 153 153 153
0.199367 0.55 0.95 153 153 153
0.2 0.55 0.950494 153 153 153
0.25 0.506047 -1 153 153 153
0.25 0.55 -0.971158 153 153 153
0.208605 0.55 -0.55 153 153 153
0.225679 0.55 -0.5 153 153 153
0.25 0.512533 -0.45 153 153 153
0.2414 0.55 -0.45 153 153 153
0.25 0.55 -0.420291 153 153 153
0.25 0.55 0.42029 153 153 153
0.25 0.512533 0.45 153 153 153
0.2414 0.55 0.45 153 153 153
0.225679 0.55 0.5 153 153 153
0.208605 0.55 0.55 153 153 153
0.25 0.506047 1 153 153 153
0.25 0.55 0.971158 153 153 153
0.3 0.55 -0.971323 153 153 153
0.259304 0.55 -0.4 153 153 153
0.3 0.523785 -0.35 153 153 153
0.279954 0.55 -0.35 153 153 153
0.3 0.546874 -0.3 153 153 153
0.297567 0.55 -0.3 153 153 153
0.3 0.55 -0.291975 153 153 153
0.3 0.55 0.291975 153 153 153
0.3 0.546874 0.3 153 153 153
0.297567 0.55 0.3 153 153 153
0.3 0.523785 0.35 153 153 153
0.279954 0.55 0.35 153 153 153
0.259304 0.55 0.4 153 153 153
0.3 0.55 0.971323 153 153 153
0.35 0.55 -0.956144 153 153 153
0.35 0.516299 -0.35 153 153 153
0.35 0.531628 -0.3 153 153 153
0.332506 0.55 -0.25 153 153 153
0.35 0.544233 -0.25 153 153 153
0.35 0.55 -0.221836 153 153 153
0.35 0.55 0.221837 153 153 153
0.35 0.544233 0.25 153 153 153
0.332506 0.55 0.25 153 153 153
0.35 0.531628 0.3 153 153 153
0.35 0.516299 0.35 153 153 153
0.35 0.55 0.956144 153 153 153
0.361419 0.55 -0.95 153 153 153
0.4 0.55 -0.924448 153 153 153
0.4 0.514995 -0.4 153 153 153
0.4 0.528336 -0.35 153 153 153
0.4 0.539673 -0.3 153 153 153
0.4 0.549108 -0.25 153 153 153
0.4 0.55 -0.244314 153 153 153
0.4 0.55 0.244314 153 153 153
0.4 0.549108 0.25 153 153 153
0.4 0.539673 0.3 153 153 153
0.4 0.528336 0.35 153 153 153
0.4 0.514995 0.4 153 153 153
0.4 0.55 0.924448 153 153 153
0.361418 0.55 0.95 153 153 153
0.429081 0.55 -0.9 153 153 153
0.45 0.55 -0.877835 153 153 153
0.45 0.509146 -0.5 153 153 153
0.45 0.522542 -0.45 153 153 153
0.45 0.534541 -0.4 153 153 153
0.45 0.545102 -0.35 153 153 153
0.45 0.55 -0.323759 153 153 153
0.434294 0.55 -0.3 153 153 153
0.403136 0.55 -0.25 153 153 153
0.403136 0.55 0.25 153 153 153
0.434294 0.55 0.3 153 153 153
0.45 0.55 0.32376 153 153 153
0.45 0.545103 0.35 153 153 153
0.45 0.534541 0.4 153 153 153
0.45 0.522542 0.45 153 153 153
0.45 0.509146 0.5 153 153 153
0.45 0.55 0.877835 153 153 153
0.429081 0.55 0.9 153 153 153
0.473323 0.55 -0.85 153 153 153
0.5 0.536169 -0.8 153 153 153
0.5 0.55 -0.808902 153 153 153
0.5 0.505031 -0.75 153 153 153
0.5 0.5001 -0.7 153 153 153
0.5 0.504943 -0.65 153 153 153
0.5 0.513824 -0.6 153 153 153
0.5 0.524252 -0.55 153 153 153
0.5 0.534996 -0.5 153 153 153
0.5 0.545395 -0.45 153 153 153
0.5 0.55 -0.427139 153 153 153
0.48742 0.55 -0.4 153 153 153
0.462842 0.55 -0.35 153 153 153
0.462842 0.55 0.35 153 153 153
0.48742 0.55 0.4 153 153 153
0.5 0.55 0.427139 153 153 153
0.5 0.545395 0.45 153 153 153
0.5 0.534996 0.5 153 153 153
0.5 0.524252 0.55 153 153 153
0.5 0.513824 0.6 153 153 153
0.5 0.504943 0.65 153 153 153
0.5 0.5001 0.7 153 153 153
0.5 0.505031 0.75 153 153 153
0.5 0.536169 0.8 153 153 153
0.5 0.55 0.808903 153 153 153
0.473323 0.55 0.85 153 153 153
0.50555 0.55 -0.8 153 153 153
0.527724 0.55 -0.75 153 153 153
0.542349 0.55 -0.7 153 153 153
0.549319 0.55 -0.65 153 153 153
0.548834 0.55 -0.6 153 153 153
0.541438 0.55 -0.55 153 153 153
0.528017 0.55 -0.5 153 153 153
0.509751 0.55 -0.45 153 153 153
0.509751 0.55 0.45 153 153 153
0.528017 0.55 0.5 153 153 153
0.541438 0.55 0.55 153 153 153
0.548834 0.55 0.6 153 153 153
0.549319 0.55 0.65 153 153 153
0.542349 0.55 0.7 153 153 153
0.527724 0.55 0.75 153 153 153
0.50555 0.55 0.8 153 153 153
-0.55 0.6 -0.739302 153 153 153
-0.55 0.563616 -0.7 153 153 153
-0.567677 0.6 -0.7 153 153 153
-0.55 0.550855 -0.65 153 153 153
-0.584077 0.6 -0.65 153 153 153
-0.55 0.551121 -0.6 153 153 153
-0.594653 0.6 -0.6 153 153 153
-0.55 0.556635 -0.55 153 153 153
-0.599551 0.6 -0.55 153 153 153
-0.55 0.564285 -0.5 153 153 153
-0.599159 0.6 -0.5 153 153 153
-0.55 0.5726 -0.45 153 153 153
-0.594104 0.6 -0.45 153 153 153
-0.55 0.580813 -0.4 153 153 153
-0.585243 0.6 -0.4 153 153 153
-0.55 0.588497 -0.35 153 153 153
-0.573607 0.6 -0.35 153 153 153
-0.55 0.595404 -0.3 153 153 153
-0.560345 0.6 -0.3 153 153 153
-0.55 0.6 -0.262023 153 153 153
-0.55 0.6 0.262023 153 153 153
-0.55 0.595404 0.3 153 153 153
-0.560345 0.6 0.3 153 153 153
-0.55 0.588497 0.35 153 153 153
-0.573607 0.6 0.35 153 153 153
-0.55 0.580813 0.4 153 153 153
-0.585243 0.6 0.4 153 153 153
-0.55 0.572599 0.45 153 153 153
-0.594104 0.6 0.45 153 153 153
-0.55 0.564285 0.5 153 153 153
-0.599159 0.6 0.5 153 153 153
-0.55 0.556635 0.55 153 153 153
-0.599551 0.6 0.55 153 153 153
-0.55 0.55112 0.6 153 153 153
-0.594653 0.6 0.6 153 153 153
-0.55 0.550855 0.65 153 153 153
-0.584077 0.6 0.65 153 153 153
-0.55 0.563616 0.7 153 153 153
-0.567677 0.6 0.7 153 153 153
-0.55 0.6 0.739302 153 153 153
-0.5 0.6 -0.817755 153 153 153
-0.513814 0.6 -0.8 153 153 153
-0.544972 0.6 -0.75 153 153 153
-0.5 0.555917 -0.4 153 153 153
-0.5 0.565968 -0.35 153 153 153
-0.5 0.574681 -0.3 153 153 153
-0.546415 0.6 -0.25 153 153 153
-0.5 0.58204 -0.25 153 153 153
-0.5 0.588046 -0.2 153 153 153
-0.53262 0.6 -0.2 153 153 153
-0.5 0.592703 -0.15 153 153 153
-0.520746 0.6 -0.15 153 153 153
-0.5 0.596022 -0.0999999 153 153 153
-0.511639 0.6 -0.0999999 153 153 153
-0.5 0.59801 -0.05 153 153 153
-0.505922 0.6 -0.05 153 153 153
-0.5 0.598672 0 153 153 153
-0.503974 0.6 0 153 153 153
-0.5 0.59801 0.05 153 153 153
-0.505922 0.6 0.05 153 153 153
-0.5 0.596022 0.1 153 153 153
-0.511639 0.6 0.1 153 153 153
-0.5 0.592703 0.15 153 153 153
-0.520746 0.6 0.15 153 153 153
-0.5 0.588045 0.2 153 153 153
-0.532621 0.6 0.2 153 153 153
-0.5 0.58204 0.25 153 153 153
-0.546415 0.6 0.25 153 153 153
-0.5 0.574681 0.3 153 153 153
-0.5 0.565968 0.35 153 153 153
-0.5 0.555917 0.4 153 153 153
-0.544972 0.6 0.75 153 153 153
-0.513814 0.6 0.8 153 153 153
-0.5 0.6 0.817755 153 153 153
-0.45 0.6 -0.871241 153 153 153
-0.472311 0.6 -0.85 153 153 153
-0.45 0.555078 -0.3 153 153 153
-0.45 0.56423 -0.25 153 153 153
-0.45 0.571607 -0.2 153 153 153
-0.45 0.577277 -0.15 153 153 153
-0.45 0.581292 -0.0999999 153 153 153
-0.45 0.583688 -0.05 153 153 153
-0.45 0.584484 0 153 153 153
-0.45 0.583688 0.05 153 153 153
-0.45 0.581292 0.1 153 153 153
-0.45 0.577277 0.15 153 153 153
-0.45 0.571606 0.2 153 153 153
-0.45 0.56423 0.25 153 153 153
-0.45 0.555077 0.3 153 153 153
-0.472311 0.6 0.85 153 153 153
-0.45 0.6 0.871241 153 153 153
-0.4 0.6 -0.909138 153 153 153
-0.413861 0.6 -0.9 153 153 153
-0.4 0.558394 -0.2 153 153 153
-0.4 0.565646 -0.15 153 153 153
-0.4 0.570753 -0.0999999 153 153 153
-0.4 0.573788 -0.05 153 153 153
-0.4 0.574795 0 153 153 153
-0.4 0.573788 0.05 153 153 153
-0.4 0.570753 0.1 153 153 153
-0.4 0.565646 0.15 153 153 153
-0.4 0.558394 0.2 153 153 153
-0.413861 0.6 0.9 153 153 153
-0.4 0.6 0.909138 153 153 153
-0.35 0.564013 -0.95 153 153 153
-0.35 0.6 -0.932135 153 153 153
-0.35 0.555602 -0.2 153 153 153
-0.35 0.565522 -0.15 153 153 153
-0.35 0.572463 -0.0999999 153 153 153
-0.35 0.576572 -0.05 153 153 153
-0.35 0.577933 0 153 153 153
-0.35 0.576572 0.05 153 153 153
-0.35 0.572463 0.1 153 153 153
-0.35 0.565522 0.15 153 153 153
-0.35 0.555602 0.2 153 153 153
-0.35 0.564013 0.95 153 153 153
-0.35 0.6 0.932135 153 153 153
-0.3 0.588136 -0.95 153 153 153
-0.3 0.6 -0.942335 153 153 153
-0.3 0.570514 -0.25 153 153 153
-0.3 0.589594 -0.2 153 153 153
-0.3 0.6 -0.163827 153 153 153
-0.303568 0.6 -0.15 153 153 153
-0.312838 0.6 -0.0999999 153 153 153
-0.318345 0.6 -0.05 153 153 153
-0.320173 0.6 0 153 153 153
-0.318345 0.6 0.05 153 153 153
-0.312838 0.6 0.1 153 153 153
-0.303568 0.6 0.15 153 153 153
-0.3 0.6 0.163827 153 153 153
-0.3 0.589594 0.2 153 153 153
-0.3 0.570514 0.25 153 153 153
-0.3 0.588136 0.95 153 153 153
-0.3 0.6 0.942336 153 153 153
-0.25 0.58095 -0.95 153 153 153
-0.25 0.6 -0.934569 153 153 153
-0.25 0.57901 -0.4 153 153 153
-0.25 0.6 -0.38306 153 153 153
-0.260287 0.6 -0.35 153 153 153
-0.273939 0.6 -0.3 153 153 153
-0.285416 0.6 -0.25 153 153 153
-0.294748 0.6 -0.2 153 153 153
-0.294747 0.6 0.2 153 153 153
-0.285416 0.6 0.25 153 153 153
-0.273939 0.6 0.3 153 153 153
-0.260287 0.6 0.35 153 153 153
-0.25 0.57901 0.4 153 153 153
-0.25 0.6 0.38306 153 153 153
-0.25 0.58095 0.95 153 153 153
-0.25 0.6 0.934569 153 153 153
-0.2 0.55063 -0.95 153 153 153
-0.2 0.6 -0.90279 153 153 153
-0.2 0.6 -0.569723 153 153 153
-0.205596 0.6 -0.55 153 153 153
-0.220075 0.6 -0.5 153 153 153
-0.233678 0.6 -0.45 153 153 153
-0.246121 0.6 -0.4 153 153 153
-0.246121 0.6 0.4 153 153 153
-0.233678 0.6 0.45 153 153 153
-0.220075 0.6 0.5 153 153 153
-0.205596 0.6 0.55 153 153 153
-0.2 0.6 0.569723 153 153 153
-0.2 0.55063 0.95 153 153 153
-0.2 0.6 0.90279 153 153 153
-0.197305 0.6 -0.9 153 153 153
-0.170738 0.6 -0.85 153 153 153
-0.15 0.55299 -0.85 153 153 153
-0.161658 0.6 -0.8 153 153 153
-0.15 0.557716 -0.8 153 153 153
-0.162813 0.6 -0.75 153 153 153
-0.169901 0.6 -0.7 153 153 153
-0.180268 0.6 -0.65 153 153 153
-0.192232 0.6 -0.6 153 153 153
-0.192232 0.6 0.6 153 153 153
-0.180268 0.6 0.65 153 153 153
-0.169901 0.6 0.7 153 153 153
-0.162813 0.6 0.75 153 153 153
-0.161658 0.6 0.8 153 153 153
-0.15 0.557716 0.8 153 153 153
-0.170738 0.6 0.85 153 153 153
-0.15 0.55299 0.85 153 153 153
-0.197305 0.6 0.9 153 153 153
0.15 0.55299 -0.85 153 153 153
0.15 0.557716 -0.8 153 153 153
0.15 0.557716 0.8 153 153 153
0.15 0.55299 0.85 153 153 153
0.2 0.550631 -0.95 153 153 153
0.2 0.6 -0.90279 153 153 153
0.197305 0.6 -0.9 153 153 153
0.170738 0.6 -0.85 153 153 153
0.161658 0.6 -0.8 153 153 153
0.162813 0.6 -0.75 153 153 153
0.169901 0.6 -0.7 153 153 153
0.180268 0.6 -0.65 153 153 153
0.192232 0.6 -0.6 153 153 153
0.2 0.6 -0.569723 153 153 153
0.2 0.6 0.569723 153 153 153
0.192232 0.6 0.6 153 153 153
0.180268 0.6 0.65 153 153 153
0.169901 0.6 0.7 153 153 153
0.162813 0.6 0.75 153 153 153
0.161658 0.6 0.8 153 153 153
0.170738 0.6 0.85 153 153 153
0.197305 0.6 0.9 153 153 153
0.2 0.55063 0.95 153 153 153
0.2 0.6 0.90279 153 153 153
0.25 0.58095 -0.95 153 153 153
0.25 0.6 -0.934569 153 153 153
0.205596 0.6 -0.55 153 153 153
0.220075 0.6 -0.5 153 153 153
0.233678 0.6 -0.45 153 153 153
0.25 0.57901 -0.4 153 153 153
0.24612 0.6 -0.4 153 153 153
0.25 0.6 -0.38306 153 153 153
0.25 0.6 0.38306 153 153 153
0.25 0.57901 0.4 153 153 153
0.24612 0.6 0.4 153 153 153
0.233678 0.6 0.45 153 153 153
0.220074 0.6 0.5 153 153 153
0.205596 0.6 0.55 153 153 153
0.25 0.58095 0.95 153 153 153
0.25 0.6 0.934569 153 153 153
0.3 0.588136 -0.95 153 153 153
0.3 0.6 -0.942335 153 153 153
0.260286 0.6 -0.35 153 153 153
0.273938 0.6 -0.3 153 153 153
0.3 0.570514 -0.25 153 153 153
0.285416 0.6 -0.25 153 153 153
0.3 0.589594 -0.2 153 153 153
0.294748 0.6 -0.2 153 153 153
0.3 0.6 -0.163826 153 153 153
0.3 0.6 0.163826 153 153 153
0.3 0.589593 0.2 153 153 153
0.294748 0.6 0.2 153 153 153
0.3 0.570513 0.25 153 153 153
0.285416 0.6 0.25 153 153 153
0.273939 0.6 0.3 153 153 153
0.260286 0.6 0.35 153 153 153
0.3 0.588136 0.95 153 153 153
0.3 0.6 0.942335 153 153 153
0.35 0.564013 -0.95 153 153 153
0.35 0.6 -0.932135 153 153 153
0.35 0.555602 -0.2 153 153 153
0.303568 0.6 -0.15 153 153 153
0.35 0.565522 -0.15 153 153 153
0.35 0.572463 -0.0999999 153 153 153
0.312838 0.6 -0.0999999 153 153 153
0.35 0.576572 -0.05 153 153 153
0.318345 0.6 -0.05 153 153 153
0.35 0.577933 0 153 153 153
0.320173 0.6 0 153 153 153
0.35 0.576572 0.05 153 153 153
0.318345 0.6 0.05 153 153 153
0.35 0.572463 0.1 153 153 153
0.312838 0.6 0.1 153 153 153
0.35 0.565522 0.15 153 153 153
0.303568 0.6 0.15 153 153 153
0.35 0.555602 0.2 153 153 153
0.35 0.564013 0.95 153 153 153
0.35 0.6 0.932135 153 153 153
0.4 0.6 -0.909137 153 153 153
0.4 0.558394 -0.2 153 153 153
0.4 0.565646 -0.15 153 153 153
0.4 0.570753 -0.0999999 153 153 153
0.4 0.573788 -0.05 153 153 153
0.4 0.574795 0 153 153 153
0.4 0.573788 0.05 153 153 153
0.4 0.570752 0.1 153 153 153
0.4 0.565646 0.15 153 153 153
0.4 0.558393 0.2 153 153 153
0.4 0.6 0.909137 153 153 153
0.413861 0.6 -0.9 153 153 153
0.45 0.6 -0.871241 153 153 153
0.45 0.555077 -0.3 153 153 153
0.45 0.56423 -0.25 153 153 153
0.45 0.571606 -0.2 153 153 153
0.45 0.577277 -0.15 153 153 153
0.45 0.581292 -0.0999999 153 153 153
0.45 0.583688 -0.05 153 153 153
0.45 0.584484 0 153 153 153
0.45 0.583688 0.05 153 153 153
0.45 0.581292 0.1 153 153 153
0.45 0.577277 0.15 153 153 153
0.45 0.571606 0.2 153 153 153
0.45 0.56423 0.25 153 153 153
0.45 0.555077 0.3 153 153 153
0.45 0.6 0.871241 153 153 153
0.413861 0.6 0.9 153 153 153
0.472311 0.6 -0.85 153 153 153
0.5 0.6 -0.817755 153 153 153
0.5 0.555918 -0.4 153 153 153
0.5 0.565968 -0.35 153 153 153
0.5 0.574681 -0.3 153 153 153
0.5 0.58204 -0.25 153 153 153
0.5 0.588046 -0.2 153 153 153
0.5 0.592703 -0.15 153 153 153
0.5 0.596022 -0.0999999 153 153 153
0.5 0.59801 -0.05 153 153 153
0.5 0.598672 0 153 153 153
0.5 0.59801 0.05 153 153 153
0.5 0.596022 0.1 153 153 153
0.5 0.592703 0.15 153 153 153
0.5 0.588046 0.2 153 153 153
0.5 0.58204 0.25 153 153 153
0.5 0.574681 0.3 153 153 153
0.5 0.565968 0.35 153 153 153
0.5 0.555917 0.4 153 153 153
0.5 0.6 0.817755 153 153 153
0.472311 0.6 0.85 153 153 153
0.513814 0.6 -0.8 153 153 153
0.544972 0.6 -0.75 153 153 153
0.55 0.563616 -0.7 153 153 153
0.55 0.6 -0.739302 153 153 153
0.55 0.550855 -0.65 153 153 153
0.55 0.551121 -0.6 153 153 153
0.55 0.556635 -0.55 153 153 153
0.55 0.564285 -0.5 153 153 153
0.55 0.5726 -0.45 153 153 153
0.55 0.580813 -0.4 153 153 153
0.55 0.588497 -0.35 153 153 153
0.55 0.595404 -0.3 153 153 153
0.55 0.6 -0.262023 153 153 153
0.546415 0.6 -0.25 153 153 153
0.53262 0.6 -0.2 153 153 153
0.520746 0.6 -0.15 153 153 153
0.511639 0.6 -0.0999999 153 153 153
0.505922 0.6 -0.05 153 153 153
0.503975 0.6 0 153 153 153
0.505922 0.6 0.05 153 153 153
0.511639 0.6 0.1 153 153 153
0.520746 0.6 0.15 153 153 153
0.53262 0.6 0.2 153 153 153
0.546415 0.6 0.25 153 153 153
0.55 0.6 0.262024 153 153 153
0.55 0.595404 0.3 153 153 153
0.55 0.588497 0.35 153 153 153
0.55 0.580813 0.4 153 153 153
0.55 0.572599 0.45 153 153 153
0.55 0.564285 0.5 153 153 153
0.55 0.556635 0.55 153 153 153
0.55 0.551121 0.6 153 153 153
0.55 0.550855 0.65 153 153 153
0.55 0.563616 0.7 153 153 153
0.55 0.6 0.739302 153 153 153
0.544972 0.6 0.75 153 153 153
0.513814 0.6 0.8 153 153 153
0.567676 0.6 -0.7 153 153 153
0.584077 0.6 -0.65 153 153 153
0.594653 0.6 -0.6 153 153 153
0.599551 0.6 -0.55 153 153 153
0.599159 0.6 -0.5 153 153 153
0.594104 0.6 -0.45 153 153 153
0.585243 0.6 -0.4 153 153 153
0.573607 0.6 -0.35 153 153 153
0.560345 0.6 -0.3 153 153 153
0.560345 0.6 0.3 153 153 153
0.573607 0.6 0.35 153 153 153
0.585243 0.6 0.4 153 153 153
0.594104 0.6 0.45 153 153 153
0.599159 0.6 0.5 153 153 153
0.599551 0.6 0.55 153 153 153
0.594653 0.6 0.6 153 153 153
0.584077 0.6 0.65 153 153 153
0.567676 0.6 0.7 153 153 153
-0.6 0.65 -0.656644 153 153 153
-0.6 0.640622 -0.65 153 153 153
-0.603074 0.65 -0.65 153 153 153
-0.6 0.608934 -0.6 153 153 153
-0.620589 0.65 -0.6 153 153 153
-0.6 0.600551 -0.55 153 153 153
-0.633812 0.65 -0.55 153 153 153
-0.6 0.600813 -0.5 153 153 153
-0.642891 0.65 -0.5 153 153 153
-0.6 0.604693 -0.45 153 153 153
-0.648127 0.65 -0.45 153 153 153
-0.6 0.610023 -0.4 153 153 153
-0.649978 0.65 -0.4 153 153 153
-0.6 0.615733 -0.35 153 153 153
-0.649041 0.65 -0.35 153 153 153
-0.6 0.621239 -0.3 153 153 153
-0.646022 0.65 -0.3 153 153 153
-0.6 0.626212 -0.25 153 153 153
-0.641691 0.65 -0.25 153 153 153
-0.6 0.630453 -0.2 153 153 153
-0.636827 0.65 -0.2 153 153 153
-0.6 0.63384 -0.15 153 153 153
-0.632165 0.65 -0.15 153 153 153
-0.6 0.636302 -0.0999999 153 153 153
-0.62834 0.65 -0.0999999 153 153 153
-0.6 0.637794 -0.05 153 153 153
-0.625839 0.65 -0.05 153 153 153
-0.6 0.638294 0 153 153 153
-0.62497 0.65 0 153 153 153
-0.6 0.637794 0.05 153 153 153
-0.625839 0.65 0.05 153 153 153
-0.6 0.636302 0.1 153 153 153
-0.62834 0.65 0.1 153 153 153
-0.6 0.63384 0.15 153 153 153
-0.632165 0.65 0.15 153 153 153
-0.6 0.630453 0.2 153 153 153
-0.636827 0.65 0.2 153 153 153
-0.6 0.626212 0.25 153 153 153
-0.641691 0.65 0.25 153 153 153
-0.6 0.621239 0.3 153 153 153
-0.646022 0.65 0.3 153 153 153
-0.6 0.615733 0.35 153 153 153
-0.649041 0.65 0.35 153 153 153
-0.6 0.610024 0.4 153 153 153
-0.649978 0.65 0.4 153 153 153
-0.6 0.604693 0.45 153 153 153
-0.648127 0.65 0.45 153 153 153
-0.6 0.600813 0.5 153 153 153
-0.642891 0.65 0.5 153 153 153
-0.6 0.600551 0.55 153 153 153
-0.633812 0.65 0.55 153 153 153
-0.6 0.608934 0.6 153 153 153
-0.620589 0.65 0.6 153 153 153
-0.6 0.640622 0.65 153 153 153
-0.603074 0.65 0.65 153 153 153
-0.6 0.65 0.656644 153 153 153
-0.55 0.65 -0.748968 153 153 153
-0.578842 0.65 -0.7 153 153 153
-0.55 0.601609 -0.25 153 153 153
-0.55 0.607333 -0.2 153 153 153
-0.55 0.611786 -0.15 153 153 153
-0.55 0.614964 -0.0999999 153 153 153
-0.55 0.61687 -0.05 153 153 153
-0.55 0.617505 0 153 153 153
-0.55 0.61687 0.05 153 153 153
-0.55 0.614964 0.1 153 153 153
-0.55 0.611786 0.15 153 153 153
-0.55 0.607333 0.2 153 153 153
-0.55 0.601609 0.25 153 153 153
-0.578842 0.65 0.7 153 153 153
-0.55 0.65 0.748968 153 153 153
-0.5 0.65 -0.809971 153 153 153
-0.50944 0.65 -0.8 153 153 153
-0.549331 0.65 -0.75 153 153 153
-0.549331 0.65 0.75 153 153 153
-0.50944 0.65 0.8 153 153 153
-0.5 0.65 0.809971 153 153 153
-0.45 0.65 -0.854828 153 153 153
-0.456228 0.65 -0.85 153 153 153
-0.456228 0.65 0.85 153 153 153
-0.45 0.65 0.854828 153 153 153
-0.4 0.61978 -0.9 153 153 153
-0.4 0.65 -0.884612 153 153 153
-0.4 0.61978 0.9 153 153 153
-0.4 0.65 0.884612 153 153 153
-0.359574 0.65 -0.9 153 153 153
-0.35 0.65 -0.903102 153 153 153
-0.359574 0.65 0.9 153 153 153
-0.35 0.65 0.903102 153 153 153
-0.3 0.65 -0.906366 153 153 153
-0.3 0.604876 -0.15 153 153 153
-0.3 0.617321 -0.0999999 153 153 153
-0.3 0.624574 -0.05 153 153 153
-0.3 0.626959 0 153 153 153
-0.3 0.624574 0.05 153 153 153
-0.3 0.617321 0.1 153 153 153
-0.3 0.604876 0.15 153 153 153
-0.3 0.65 0.906366 153 153 153
-0.272502 0.65 -0.9 153 153 153
-0.25 0.641785 -0.9 153 153 153
-0.25 0.65 -0.892031 153 153 153
-0.25 0.642952 -0.35 153 153 153
-0.25 0.65 -0.343475 153 153 153
-0.259814 0.65 -0.3 153 153 153
-0.269442 0.65 -0.25 153 153 153
-0.277319 0.65 -0.2 153 153 153
-0.283439 0.65 -0.15 153 153 153
-0.287804 0.65 -0.0999999 153 153 153
-0.29042 0.65 -0.05 153 153 153
-0.291291 0.65 0 153 153 153
-0.29042 0.65 0.05 153 153 153
-0.287804 0.65 0.1 153 153 153
-0.283439 0.65 0.15 153 153 153
-0.277319 0.65 0.2 153 153 153
-0.269442 0.65 0.25 153 153 153
-0.259814 0.65 0.3 153 153 153
-0.25 0.642952 0.35 153 153 153
-0.25 0.65 0.343475 153 153 153
-0.25 0.65 0.892031 153 153 153
-0.272502 0.65 0.9 153 153 153
-0.25 0.641785 0.9 153 153 153
-0.2 0.602998 -0.9 153 153 153
-0.202652 0.65 -0.85 153 153 153
-0.2 0.646885 -0.85 153 153 153
-0.2 0.65 -0.845446 153 153 153
-0.2 0.65 -0.566188 153 153 153
-0.203671 0.65 -0.55 153 153 153
-0.215896 0.65 -0.5 153 153 153
-0.227735 0.65 -0.45 153 153 153
-0.238789 0.65 -0.4 153 153 153
-0.248807 0.65 -0.35 153 153 153
-0.248807 0.65 0.35 153 153 153
-0.238789 0.65 0.4 153 153 153
-0.227735 0.65 0.45 153 153 153
-0.215896 0.65 0.5 153 153 153
-0.203671 0.65 0.55 153 153 153
-0.2 0.65 0.566187 153 153 153
-0.2 0.65 0.845446 153 153 153
-0.202652 0.65 0.85 153 153 153
-0.2 0.646885 0.85 153 153 153
-0.2 0.602998 0.9 153 153 153
-0.181287 0.65 -0.8 153 153 153
-0.174648 0.65 -0.75 153 153 153
-0.176446 0.65 -0.7 153 153 153
-0.183164 0.65 -0.65 153 153 153
-0.192588 0.65 -0.6 153 153 153
-0.192589 0.65 0.6 153 153 153
-0.183164 0.65 0.65 153 153 153
-0.176446 0.65 0.7 153 153 153
-0.174648 0.65 0.75 153 153 153
-0.181287 0.65 0.8 153 153 153
0.2 0.602998 -0.9 153 153 153
0.2 0.646885 -0.85 153 153 153
0.2 0.65 -0.845446 153 153 153
0.181287 0.65 -0.8 153 153 153
0.174648 0.65 -0.75 153 153 153
0.176446 0.65 -0.7 153 153 153
0.183164 0.65 -0.65 153 153 153
0.192589 0.65 -0.6 153 153 153
0.2 0.65 -0.566187 153 153 153
0.2 0.65 0.566187 153 153 153
0.192589 0.65 0.6 153 153 153
0.183164 0.65 0.65 153 153 153
0.176446 0.65 0.7 153 153 153
0.174648 0.65 0.75 153 153 153
0.181287 0.65 0.8 153 153 153
0.2 0.646885 0.85 153 153 153
0.2 0.65 0.845446 153 153 153
0.2 0.602998 0.9 153 153 153
0.25 0.641785 -0.9 153 153 153
0.25 0.65 -0.892031 153 153 153
0.202652 0.65 -0.85 153 153 153
0.203671 0.65 -0.55 153 153 153
0.215896 0.65 -0.5 153 153 153
0.227735 0.65 -0.45 153 153 153
0.238789 0.65 -0.4 153 153 153
0.25 0.642952 -0.35 153 153 153
0.248808 0.65 -0.35 153 153 153
0.25 0.65 -0.343475 153 153 153
0.25 0.65 0.343475 153 153 153
0.25 0.642952 0.35 153 153 153
0.248808 0.65 0.35 153 153 153
0.238789 0.65 0.4 153 153 153
0.227735 0.65 0.45 153 153 153
0.215896 0.65 0.5 153 153 153
0.203671 0.65 0.55 153 153 153
0.202652 0.65 0.85 153 153 153
0.25 0.641785 0.9 153 153 153
0.25 0.65 0.892031 153 153 153
0.272502 0.65 -0.9 153 153 153
0.3 0.65 -0.906366 153 153 153
0.259814 0.65 -0.3 153 153 153
0.269442 0.65 -0.25 153 153 153
0.277319 0.65 -0.2 153 153 153
0.3 0.604876 -0.15 153 153 153
0.283439 0.65 -0.15 153 153 153
0.3 0.617321 -0.0999999 153 153 153
0.287804 0.65 -0.0999999 153 153 153
0.3 0.624574 -0.05 153 153 153
0.290419 0.65 -0.05 153 153 153
0.3 0.626958 0 153 153 153
0.291291 0.65 0 153 153 153
0.3 0.624574 0.05 153 153 153
0.290419 0.65 0.05 153 153 153
0.3 0.61732 0.1 153 153 153
0.287804 0.65 0.1 153 153 153
0.3 0.604876 0.15 153 153 153
0.283439 0.65 0.15 153 153 153
0.277319 0.65 0.2 153 153 153
0.269442 0.65 0.25 153 153 153
0.259814 0.65 0.3 153 153 153
0.272503 0.65 0.9 153 153 153
0.3 0.65 0.906366 153 153 153
0.35 0.65 -0.903102 153 153 153
0.35 0.65 0.903102 153 153 153
0.359574 0.65 -0.9 153 153 153
0.4 0.619779 -0.9 153 153 153
0.4 0.65 -0.884612 153 153 153
0.4 0.65 0.884612 153 153 153
0.359574 0.65 0.9 153 153 153
0.4 0.619779 0.9 153 153 153
0.45 0.65 -0.854828 153 153 153
0.45 0.65 0.854828 153 153 153
0.456228 0.65 -0.85 153 153 153
0.5 0.65 -0.80997 153 153 153
0.5 0.65 0.809971 153 153 153
0.456228 0.65 0.85 153 153 153
0.50944 0.65 -0.8 153 153 153
0.549331 0.65 -0.75 153 153 153
0.55 0.65 -0.748968 153 153 153
0.55 0.601609 -0.25 153 153 153
0.55 0.607333 -0.2 153 153 153
0.55 0.611786 -0.15 153 153 153
0.55 0.614964 -0.0999999 153 153 153
0.55 0.61687 -0.05 153 153 153
0.55 0.617505 0 153 153 153
0.55 0.61687 0.05 153 153 153
0.55 0.614964 0.1 153 153 153
0.55 0.611786 0.15 153 153 153
0.55 0.607334 0.2 153 153 153
0.55 0.601609 0.25 153 153 153
0.55 0.65 0.748968 153 153 153
0.54933 0.65 0.75 153 153 153
0.50944 0.65 0.8 153 153 153
0.578842 0.65 -0.7 153 153 153
0.6 0.640622 -0.65 153 153 153
0.6 0.65 -0.656644 153 153 153
0.6 0.608934 -0.6 153 153 153
0.6 0.600551 -0.55 153 153 153
0.6 0.600813 -0.5 153 153 153
0.6 0.604694 -0.45 153 153 153
0.6 0.610024 -0.4 153 153 153
0.6 0.615733 -0.35 153 153 153
0.6 0.621239 -0.3 153 153 153
0.6 0.626212 -0.25 153 153 153
0.6 0.630453 -0.2 153 153 153
0.6 0.63384 -0.15 153 153 153
0.6 0.636302 -0.0999999 153 153 153
0.6 0.637794 -0.05 153 153 153
0.6 0.638294 0 153 153 153
0.6 0.637794 0.05 153 153 153
0.6 0.636302 0.1 153 153 153
0.6 0.633841 0.15 153 153 153
0.6 0.630453 0.2 153 153 153
0.6 0.626212 0.25 153 153 153
0.6 0.621239 0.3 153 153 153
0.6 0.615733 0.35 153 153 153
0.6 0.610024 0.4 153 153 153
0.6 0.604693 0.45 153 153 153
0.6 0.600813 0.5 153 153 153
0.6 0.600551 0.55 153 153 153
0.6 0.608934 0.6 153 153 153
0.6 0.640622 0.65 153 153 153
0.6 0.65 0.656644 153 153 153
0.578842 0.65 0.7 153 153 153
0.603074 0.65 -0.65 153 153 153
0.620589 0.65 -0.6 153 153 153
0.633812 0.65 -0.55 153 153 153
0.642891 0.65 -0.5 153 153 153
0.648127 0.65 -0.45 153 153 153
0.649978 0.65 -0.4 153 153 153
0.649041 0.65 -0.35 153 153 153
0.646022 0.65 -0.3 153 153 153
0.641691 0.65 -0.25 153 153 153
0.636827 0.65 -0.2 153 153 153
0.632165 0.65 -0.15 153 153 153
0.62834 0.65 -0.0999999 153 153 153
0.625839 0.65 -0.05 153 153 153
0.62497 0.65 0 153 153 153
0.625839 0.65 0.05 153 153 153
0.62834 0.65 0.1 153 153 153
0.632165 0.65 0.15 153 153 153
0.636827 0.65 0.2 153 153 153
0.641691 0.65 0.25 153 153 153
0.646022 0.65 0.3 153 153 153
0.649041 0.65 0.35 153 153 153
0.649978 0.65 0.4 153 153 153
0.648127 0.65 0.45 153 153 153
0.642891 0.65 0.5 153 153 153
0.633812 0.65 0.55 153 153 153
0.620589 0.65 0.6 153 153 153
0.603074 0.65 0.65 153 153 153
-0.65 0.7 -0.554248 153 153 153
-0.65 0.694638 -0.55 153 153 153
-0.651585 0.7 -0.55 153 153 153
-0.65 0.663237 -0.5 153 153 153
-0.666074 0.7 -0.5 153 153 153
-0.65 0.652623 -0.45 153 153 153
-0.677513 0.7 -0.45 153 153 153
-0.65 0.650024 -0.4 153 153 153
-0.686131 0.7 -0.4 153 153 153
-0.65 0.650906 -0.35 153 153 153
-0.692246 0.7 -0.35 153 153 153
-0.65 0.653269 -0.3 153 153 153
-0.696248 0.7 -0.3 153 153 153
-0.65 0.65611 -0.25 153 153 153
-0.698572 0.7 -0.25 153 153 153
-0.65 0.65888 -0.2 153 153 153
-0.699676 0.7 -0.2 153 153 153
-0.65 0.661261 -0.15 153 153 153
-0.699995 0.7 -0.15 153 153 153
-0.65 0.663067 -0.0999999 153 153 153
-0.699916 0.7 -0.0999999 153 153 153
-0.65 0.664188 -0.05 153 153 153
-0.699741 0.7 -0.05 153 153 153
-0.65 0.664568 0 153 153 153
-0.69966 0.7 0 153 153 153
-0.65 0.664188 0.05 153 153 153
-0.699741 0.7 0.05 153 153 153
-0.65 0.663067 0.1 153 153 153
-0.699916 0.7 0.1 153 153 153
-0.65 0.661261 0.15 153 153 153
-0.699995 0.7 0.15 153 153 153
-0.65 0.65888 0.2 153 153 153
-0.699676 0.7 0.2 153 153 153
-0.65 0.656111 0.25 153 153 153
-0.698572 0.7 0.25 153 153 153
-0.65 0.653269 0.3 153 153 153
-0.696248 0.7 0.3 153 153 153
-0.65 0.650906 0.35 153 153 153
-0.692246 0.7 0.35 153 153 153
-0.65 0.650024 0.4 153 153 153
-0.686131 0.7 0.4 153 153 153
-0.65 0.652623 0.45 153 153 153
-0.677513 0.7 0.45 153 153 153
-0.65 0.663237 0.5 153 153 153
-0.666074 0.7 0.5 153 153 153
-0.65 0.694638 0.55 153 153 153
-0.651585 0.7 0.55 153 153 153
-0.65 0.7 0.554248 153 153 153
-0.6 0.7 -0.66397 153 153 153
-0.60801 0.7 -0.65 153 153 153
-0.631743 0.7 -0.6 153 153 153
-0.631743 0.7 0.6 153 153 153
-0.60801 0.7 0.65 153 153 153
-0.6 0.7 0.66397 153 153 153
-0.55 0.7 -0.737419 153 153 153
-0.57734 0.7 -0.7 153 153 153
-0.57734 0.7 0.7 153 153 153
-0.55 0.7 0.737418 153 153 153
-0.5 0.676296 -0.8 153 153 153
-0.5 0.7 -0.790502 153 153 153
-0.539459 0.7 -0.75 153 153 153
-0.539459 0.7 0.75 153 153 153
-0.5 0.676295 0.8 153 153 153
-0.5 0.7 0.790502 153 153 153
-0.45 0.659527 -0.85 153 153 153
-0.45 0.7 -0.827948 153 153 153
-0.488665 0.7 -0.8 153 153 153
-0.488665 0.7 0.8 153 153 153
-0.45 0.659527 0.85 153 153 153
-0.45 0.7 0.827948 153 153 153
-0.408707 0.7 -0.85 153 153 153
-0.4 0.7 -0.854029 153 153 153
-0.408707 0.7 0.85 153 153 153
-0.4 0.7 0.854029 153 153 153
-0.35 0.654519 -0.9 153 153 153
-0.35 0.7 -0.865516 153 153 153
-0.35 0.654519 0.9 153 153 153
-0.35 0.7 0.865516 153 153 153
-0.3 0.658163 -0.9 153 153 153
-0.3 0.7 -0.863421 153 153 153
-0.3 0.658163 0.9 153 153 153
-0.3 0.7 0.863421 153 153 153
-0.264172 0.7 -0.85 153 153 153
-0.25 0.69265 -0.85 153 153 153
-0.25 0.7 -0.841657 153 153 153
-0.25 0.698469 -0.3 153 153 153
-0.25 0.7 -0.298256 153 153 153
-0.257985 0.7 -0.25 153 153 153
-0.264821 0.7 -0.2 153 153 153
-0.270165 0.7 -0.15 153 153 153
-0.273993 0.7 -0.0999999 153 153 153
-0.276293 0.7 -0.05 153 153 153
-0.27706 0.7 0 153 153 153
-0.276293 0.7 0.05 153 153 153
-0.273993 0.7 0.1 153 153 153
-0.270165 0.7 0.15 153 153 153
-0.264821 0.7 0.2 153 153 153
-0.257985 0.7 0.25 153 153 153
-0.25 0.698469 0.3 153 153 153
-0.25 0.7 0.298256 153 153 153
-0.25 0.7 0.841657 153 153 153
-0.264172 0.7 0.85 153 153 153
-0.25 0.69265 0.85 153 153 153
-0.21319 0.7 -0.8 153 153 153
-0.2 0.682224 -0.8 153 153 153
-0.2 0.7 -0.7693 153 153 153
-0.2 0.7 -0.570854 153 153 153
-0.203454 0.7 -0.55 153 153 153
-0.213221 0.7 -0.5 153 153 153
-0.223195 0.7 -0.45 153 153 153
-0.232827 0.7 -0.4 153 153 153
-0.241756 0.7 -0.35 153 153 153
-0.249751 0.7 -0.3 153 153 153
-0.249751 0.7 0.3 153 153 153
-0.241756 0.7 0.35 153 153 153
-0.232826 0.7 0.4 153 153 153
-0.223195 0.7 0.45 153 153 153
-0.213221 0.7 0.5 153 153 153
-0.203454 0.7 0.55 153 153 153
-0.2 0.7 0.570854 153 153 153
-0.2 0.7 0.769299 153 153 153
-0.213189 0.7 0.8 153 153 153
-0.2 0.682224 0.8 153 153 153
-0.193602 0.7 -0.75 153 153 153
-0.187803 0.7 -0.7 153 153 153
-0.189305 0.7 -0.65 153 153 153
-0.195095 0.7 -0.6 153 153 153
-0.195095 0.7 0.6 153 153 153
-0.189304 0.7 0.65 153 153 153
-0.187803 0.7 0.7 153 153 153
-0.193602 0.7 0.75 153 153 153
0.2 0.682224 -0.8 153 153 153
0.2 0.7 -0.7693 153 153 153
0.193602 0.7 -0.75 153 153 153
0.187803 0.7 -0.7 153 153 153
0.189304 0.7 -0.65 153 153 153
0.195095 0.7 -0.6 153 153 153
0.2 0.7 -0.570854 153 153 153
0.2 0.7 0.570853 153 153 153
0.195095 0.7 0.6 153 153 153
0.189304 0.7 0.65 153 153 153
0.187803 0.7 0.7 153 153 153
0.193602 0.7 0.75 153 153 153
0.2 0.682224 0.8 153 153 153
0.2 0.7 0.7693 153 153 153
0.25 0.69265 -0.85 153 153 153
0.25 0.7 -0.841657 153 153 153
0.213189 0.7 -0.8 153 153 153
0.203455 0.7 -0.55 153 153 153
0.213221 0.7 -0.5 153 153 153
0.223195 0.7 -0.45 153 153 153
0.232826 0.7 -0.4 153 153 153
0.241756 0.7 -0.35 153 153 153
0.25 0.698468 -0.3 153 153 153
0.249751 0.7 -0.3 153 153 153
0.25 0.7 -0.298255 153 153 153
0.25 0.7 0.298255 153 153 153
0.25 0.698468 0.3 153 153 153
0.249751 0.7 0.3 153 153 153
0.241756 0.7 0.35 153 153 153
0.232826 0.7 0.4 153 153 153
0.223195 0.7 0.45 153 153 153
0.213221 0.7 0.5 153 153 153
0.203454 0.7 0.55 153 153 153
0.21319 0.7 0.8 153 153 153
0.25 0.69265 0.85 153 153 153
0.25 0.7 0.841657 153 153 153
0.3 0.658163 -0.9 153 153 153
0.3 0.7 -0.863421 153 153 153
0.264172 0.7 -0.85 153 153 153
0.257985 0.7 -0.25 153 153 153
0.264822 0.7 -0.2 153 153 153
0.270165 0.7 -0.15 153 153 153
0.273993 0.7 -0.0999999 153 153 153
0.276293 0.7 -0.05 153 153 153
0.27706 0.7 0 153 153 153
0.276293 0.7 0.05 153 153 153
0.273993 0.7 0.1 153 153 153
0.270165 0.7 0.15 153 153 153
0.264822 0.7 0.2 153 153 153
0.257985 0.7 0.25 153 153 153
0.264172 0.7 0.85 153 153 153
0.3 0.658163 0.9 153 153 153
0.3 0.7 0.863421 153 153 153
0.35 0.654519 -0.9 153 153 153
0.35 0.7 -0.865516 153 153 153
0.35 0.654519 0.9 153 153 153
0.35 0.7 0.865516 153 153 153
0.4 0.7 -0.854029 153 153 153
0.4 0.7 0.854029 153 153 153
0.408707 0.7 -0.85 153 153 153
0.45 0.659527 -0.85 153 153 153
0.45 0.7 -0.827948 153 153 153
0.45 0.7 0.827948 153 153 153
0.408707 0.7 0.85 153 153 153
0.45 0.659527 0.85 153 153 153
0.488665 0.7 -0.8 153 153 153
0.5 0.676296 -0.8 153 153 153
0.5 0.7 -0.790502 153 153 153
0.5 0.7 0.790502 153 153 153
0.488665 0.7 0.8 153 153 153
0.5 0.676295 0.8 153 153 153
0.539459 0.7 -0.75 153 153 153
0.55 0.7 -0.737418 153 153 153
0.55 0.7 0.737418 153 153 153
0.539458 0.7 0.75 153 153 153
0.57734 0.7 -0.7 153 153 153
0.6 0.7 -0.663969 153 153 153
0.6 0.7 0.66397 153 153 153
0.57734 0.7 0.7 153 153 153
0.60801 0.7 -0.65 153 153 153
0.631743 0.7 -0.6 153 153 153
0.65 0.694639 -0.55 153 153 153
0.65 0.7 -0.554247 153 153 153
0.65 0.663237 -0.5 153 153 153
0.65 0.652623 -0.45 153 153 153
0.65 0.650024 -0.4 153 153 153
0.65 0.650906 -0.35 153 153 153
0.65 0.653269 -0.3 153 153 153
0.65 0.65611 -0.25 153 153 153
0.65 0.65888 -0.2 153 153 153
0.65 0.661261 -0.15 153 153 153
0.65 0.663067 -0.0999999 153 153 153
0.65 0.664188 -0.05 153 153 153
0.65 0.664568 0 153 153 153
0.65 0.664188 0.05 153 153 153
0.65 0.663067 0.1 153 153 153
0.65 0.661261 0.15 153 153 153
0.65 0.65888 0.2 153 153 153
0.65 0.65611 0.25 153 153 153
0.65 0.653269 0.3 153 153 153
0.65 0.650906 0.35 153 153 153
0.65 0.650024 0.4 153 153 153
0.65 0.652623 0.45 153 153 153
0.65 0.663237 0.5 153 153 153
0.65 0.694638 0.55 153 153 153
0.65 0.7 0.554247 153 153 153
0.631743 0.7 0.6 153 153 153
0.60801 0.7 0.65 153 153 153
0.651585 0.7 -0.55 153 153 153
0.666075 0.7 -0.5 153 153 153
0.677513 0.7 -0.45 153 153 153
0.686131 0.7 -0.4 153 153 153
0.692246 0.7 -0.35 153 153 153
0.696248 0.7 -0.3 153 153 153
0.698573 0.7 -0.25 153 153 153
0.699675 0.7 -0.2 153 153 153
0.699995 0.7 -0.15 153 153 153
0.699916 0.7 -0.0999999 153 153 153
0.699741 0.7 -0.05 153 153 153
0.69966 0.7 0 153 153 153
0.699741 0.7 0.05 153 153 153
0.699916 0.7 0.1 153 153 153
0.699995 0.7 0.15 153 153 153
0.699675 0.7 0.2 153 153 153
0.698573 0.7 0.25 153 153 153
0.696248 0.7 0.3 153 153 153
0.692246 0.7 0.35 153 153 153
0.686131 0.7 0.4 153 153 153
0.677513 0.7 0.45 153 153 153
0.666075 0.7 0.5 153 153 153
0.651585 0.7 0.55 153 153 153
-0.7 0.75 -0.416638 153 153 153
-0.7 0.736379 -0.4 153 153 153
-0.704143 0.75 -0.4 153 153 153
-0.7 0.715279 -0.35 153 153 153
-0.714023 0.75 -0.35 153 153 153
-0.7 0.705991 -0.3 153 153 153
-0.721889 0.75 -0.3 153 153 153
-0.7 0.701944 -0.25 153 153 153
-0.727973 0.75 -0.25 153 153 153
-0.7 0.700392 -0.2 153 153 153
-0.732516 0.75 -0.2 153 153 153
-0.7 0.700006 -0.15 153 153 153
-0.735755 0.75 -0.15 153 153 153
-0.7 0.700087 -0.0999999 153 153 153
-0.7379 0.75 -0.0999999 153 153 153
-0.7 0.700261 -0.05 153 153 153
-0.739116 0.75 -0.05 153 153 153
-0.7 0.700338 0 153 153 153
-0.739509 0.75 0 153 153 153
-0.7 0.700261 0.05 153 153 153
-0.739116 0.75 0.05 153 153 153
-0.7 0.700087 0.1 153 153 153
-0.7379 0.75 0.1 153 153 153
-0.7 0.700006 0.15 153 153 153
-0.735755 0.75 0.15 153 153 153
-0.7 0.700392 0.2 153 153 153
-0.732516 0.75 0.2 153 153 153
-0.7 0.701944 0.25 153 153 153
-0.727973 0.75 0.25 153 153 153
-0.7 0.705991 0.3 153 153 153
-0.721889 0.75 0.3 153 153 153
-0.7 0.715279 0.35 153 153 153
-0.714023 0.75 0.35 153 153 153
-0.7 0.736379 0.4 153 153 153
-0.704143 0.75 0.4 153 153 153
-0.7 0.75 0.416638 153 153 153
-0.65 0.75 -0.561233 153 153 153
-0.655191 0.75 -0.55 153 153 153
-0.674468 0.75 -0.5 153 153 153
-0.690941 0.75 -0.45 153 153 153
-0.690941 0.75 0.45 153 153 153
-0.674468 0.75 0.5 153 153 153
-0.655191 0.75 0.55 153 153 153
-0.65 0.75 0.561234 153 153 153
-0.6 0.75 -0.651811 153 153 153
-0.601235 0.75 -0.65 153 153 153
-0.630221 0.75 -0.6 153 153 153
-0.630221 0.75 0.6 153 153 153
-0.601235 0.75 0.65 153 153 153
-0.6 0.75 0.651811 153 153 153
-0.55 0.75 -0.714747 153 153 153
-0.562878 0.75 -0.7 153 153 153
-0.562878 0.75 0.7 153 153 153
-0.55 0.75 0.714747 153 153 153
-0.5 0.75 -0.761658 153 153 153
-0.513642 0.75 -0.75 153 153 153
-0.513642 0.75 0.75 153 153 153
-0.5 0.75 0.761658 153 153 153
-0.45 0.743056 -0.8 153 153 153
-0.45 0.75 -0.795218 153 153 153
-0.45 0.743056 0.8 153 153 153
-0.45 0.75 0.795218 153 153 153
-0.4 0.705511 -0.85 153 153 153
-0.4 0.75 -0.814938 153 153 153
-0.439007 0.75 -0.8 153 153 153
-0.439007 0.75 0.8 153 153 153
-0.4 0.705511 0.85 153 153 153
-0.4 0.75 0.814938 153 153 153
-0.35 0.71887 -0.85 153 153 153
-0.35 0.75 -0.822099 153 153 153
-0.35 0.71887 0.85 153 153 153
-0.35 0.75 0.822099 153 153 153
-0.3 0.714604 -0.85 153 153 153
-0.3 0.75 -0.814089 153 153 153
-0.3 0.714604 0.85 153 153 153
-0.3 0.75 0.814089 153 153 153
-0.272465 0.75 -0.8 153 153 153
-0.25 0.735898 -0.8 153 153 153
-0.25 0.75 -0.781617 153 153 153
-0.25 0.745657 -0.25 153 153 153
-0.25 0.75 -0.243723 153 153 153
-0.255147 0.75 -0.2 153 153 153
-0.259809 0.75 -0.15 153 153 153
-0.263169 0.75 -0.0999999 153 153 153
-0.265196 0.75 -0.05 153 153 153
-0.265873 0.75 0 153 153 153
-0.265196 0.75 0.05 153 153 153
-0.263169 0.75 0.1 153 153 153
-0.259809 0.75 0.15 153 153 153
-0.255147 0.75 0.2 153 153 153
-0.25 0.745657 0.25 153 153 153
-0.25 0.75 0.243723 153 153 153
-0.25 0.75 0.781617 153 153 153
-0.272465 0.75 0.8 153 153 153
-0.25 0.735898 0.8 153 153 153
-0.226608 0.75 -0.75 153 153 153
-0.2 0.711333 -0.75 153 153 153
-0.20805 0.75 -0.7 153 153 153
-0.2 0.732135 -0.7 153 153 153
-0.201476 0.75 -0.65 153 153 153
-0.2 0.744699 -0.65 153 153 153
-0.201905 0.75 -0.6 153 153 153
-0.2 0.737347 -0.6 153 153 153
-0.206366 0.75 -0.55 153 153 153
-0.213012 0.75 -0.5 153 153 153
-0.220663 0.75 -0.45 153 153 153
-0.228549 0.75 -0.4 153 153 153
-0.236162 0.75 -0.35 153 153 153
-0.243164 0.75 -0.3 153 153 153
-0.249332 0.75 -0.25 153 153 153
-0.249332 0.75 0.25 153 153 153
-0.243164 0.75 0.3 153 153 153
-0.236162 0.75 0.35 153 153 153
-0.228549 0.75 0.4 153 153 153
-0.220663 0.75 0.45 153 153 153
-0.213012 0.75 0.5 153 153 153
-0.206366 0.75 0.55 153 153 153
-0.201905 0.75 0.6 153 153 153
-0.2 0.737347 0.6 153 153 153
-0.201476 0.75 0.65 153 153 153
-0.2 0.744699 0.65 153 153 153
-0.20805 0.75 0.7 153 153 153
-0.2 0.732135 0.7 153 153 153
-0.226608 0.75 0.75 153 153 153
-0.2 0.711333 0.75 153 153 153
0.2 0.711333 -0.75 153 153 153
0.2 0.732135 -0.7 153 153 153
0.2 0.744699 -0.65 153 153 153
0.2 0.737347 -0.6 153 153 153
0.2 0.737347 0.6 153 153 153
0.2 0.744699 0.65 153 153 153
0.2 0.732135 0.7 153 153 153
0.2 0.711333 0.75 153 153 153
0.25 0.735898 -0.8 153 153 153
0.25 0.75 -0.781617 153 153 153
0.226608 0.75 -0.75 153 153 153
0.20805 0.75 -0.7 153 153 153
0.201476 0.75 -0.65 153 153 153
0.201905 0.75 -0.6 153 153 153
0.206366 0.75 -0.55 153 153 153
0.213012 0.75 -0.5 153 153 153
0.220663 0.75 -0.45 153 153 153
0.228549 0.75 -0.4 153 153 153
0.236162 0.75 -0.35 153 153 153
0.243164 0.75 -0.3 153 153 153
0.25 0.745657 -0.25 153 153 153
0.249332 0.75 -0.25 153 153 153
0.25 0.75 -0.243722 153 153 153
0.25 0.75 0.243722 153 153 153
0.25 0.745657 0.25 153 153 153
0.249332 0.75 0.25 153 153 153
0.243164 0.75 0.3 153 153 153
0.236162 0.75 0.35 153 153 153
0.228549 0.75 0.4 153 153 153
0.220663 0.75 0.45 153 153 153
0.213012 0.75 0.5 153 153 153
0.206365 0.75 0.55 153 153 153
0.201905 0.75 0.6 153 153 153
0.201476 0.75 0.65 153 153 153
0.20805 0.75 0.7 153 153 153
0.226608 0.75 0.75 153 153 153
0.25 0.735898 0.8 153 153 153
0.25 0.75 0.781617 153 153 153
0.3 0.714604 -0.85 153 153 153
0.3 0.75 -0.814089 153 153 153
0.272465 0.75 -0.8 153 153 153
0.255147 0.75 -0.2 153 153 153
0.259809 0.75 -0.15 153 153 153
0.263168 0.75 -0.0999999 153 153 153
0.265196 0.75 -0.05 153 153 153
0.265873 0.75 0 153 153 153
0.265196 0.75 0.05 153 153 153
0.263169 0.75 0.1 153 153 153
0.259808 0.75 0.15 153 153 153
0.255147 0.75 0.2 153 153 153
0.272465 0.75 0.8 153 153 153
0.3 0.714604 0.85 153 153 153
0.3 0.75 0.814089 153 153 153
0.35 0.71887 -0.85 153 153 153
0.35 0.75 -0.822099 153 153 153
0.35 0.71887 0.85 153 153 153
0.35 0.75 0.822099 153 153 153
0.4 0.705511 -0.85 153 153 153
0.4 0.75 -0.814938 153 153 153
0.4 0.705511 0.85 153 153 153
0.4 0.75 0.814938 153 153 153
0.439007 0.75 -0.8 153 153 153
0.45 0.743056 -0.8 153 153 153
0.45 0.75 -0.795218 153 153 153
0.45 0.75 0.795218 153 153 153
0.439007 0.75 0.8 153 153 153
0.45 0.743056 0.8 153 153 153
0.5 0.75 -0.761658 153 153 153
0.5 0.75 0.761658 153 153 153
0.513642 0.75 -0.75 153 153 153
0.55 0.75 -0.714747 153 153 153
0.55 0.75 0.714747 153 153 153
0.513642 0.75 0.75 153 153 153
0.562878 0.75 -0.7 153 153 153
0.6 0.75 -0.651811 153 153 153
0.6 0.75 0.651811 153 153 153
0.562878 0.75 0.7 153 153 153
0.601234 0.75 -0.65 153 153 153
0.630221 0.75 -0.6 153 153 153
0.65 0.75 -0.561233 153 153 153
0.65 0.75 0.561233 153 153 153
0.630221 0.75 0.6 153 153 153
0.601235 0.75 0.65 153 153 153
0.655191 0.75 -0.55 153 153 153
0.674468 0.75 -0.5 153 153 153
0.690941 0.75 -0.45 153 153 153
0.7 0.736379 -0.4 153 153 153
0.7 0.75 -0.416638 153 153 153
0.7 0.715279 -0.35 153 153 153
0.7 0.705991 -0.3 153 153 153
0.7 0.701944 -0.25 153 153 153
0.7 0.700392 -0.2 153 153 153
0.7 0.700006 -0.15 153 153 153
0.7 0.700087 -0.0999999 153 153 153
0.7 0.700261 -0.05 153 153 153
0.7 0.700338 0 153 153 153
0.7 0.700261 0.05 153 153 153
0.7 0.700087 0.1 153 153 153
0.7 0.700006 0.15 153 153 153
0.7 0.700392 0.2 153 153 153
0.7 0.701944 0.25 153 153 153
0.7 0.705992 0.3 153 153 153
0.7 0.715279 0.35 153 153 153
0.7 0.73638 0.4 153 153 153
0.7 0.75 0.416638 153 153 153
0.690941 0.75 0.45 153 153 153
0.674468 0.75 0.5 153 153 153
0.655191 0.75 0.55 153 153 153
0.704143 0.75 -0.4 153 153 153
0.714022 0.75 -0.35 153 153 153
0.721889 0.75 -0.3 153 153 153
0.727973 0.75 -0.25 153 153 153
0.732516 0.75 -0.2 153 153 153
0.735755 0.75 -0.15 153 153 153
0.7379 0.75 -0.0999999 153 153 153
0.739116 0.75 -0.05 153 153 153
0.73951 0.75 0 153 153 153
0.739116 0.75 0.05 153 153 153
0.7379 0.75 0.1 153 153 153
0.735755 0.75 0.15 153 153 153
0.732516 0.75 0.2 153 153 153
0.727973 0.75 0.25 153 153 153
0.721889 0.75 0.3 153 153 153
0.714023 0.75 0.35 153 153 153
0.704143 0.75 0.4 153 153 153
-0.75 0.8 -0.181522 153 153 153
-0.75 0.789513 -0.15 153 153 153
-0.752968 0.8 -0.15 153 153 153
-0.75 0.780196 -0.0999999 153 153 153
-0.756222 0.8 -0.0999999 153 153 153
-0.75 0.775584 -0.05 153 153 153
-0.758138 0.8 -0.05 153 153 153
-0.75 0.774186 0 153 153 153
-0.75877 0.8 0 153 153 153
-0.75 0.775584 0.05 153 153 153
-0.758138 0.8 0.05 153 153 153
-0.75 0.780196 0.1 153 153 153
-0.756222 0.8 0.1 153 153 153
-0.75 0.789512 0.15 153 153 153
-0.752968 0.8 0.15 153 153 153
-0.75 0.8 0.181522 153 153 153
-0.7 0.8 -0.425027 153 153 153
-0.707848 0.8 -0.4 153 153 153
-0.720976 0.8 -0.35 153 153 153
-0.731969 0.8 -0.3 153 153 153
-0.740947 0.8 -0.25 153 153 153
-0.748045 0.8 -0.2 153 153 153
-0.748045 0.8 0.2 153 153 153
-0.740947 0.8 0.25 153 153 153
-0.731969 0.8 0.3 153 153 153
-0.720976 0.8 0.35 153 153 153
-0.707848 0.8 0.4 153 153 153
-0.7 0.8 0.425027 153 153 153
-0.65 0.783274 -0.55 153 153 153
-0.65 0.8 -0.544485 153 153 153
-0.670694 0.8 -0.5 153 153 153
-0.69123 0.8 -0.45 153 153 153
-0.69123 0.8 0.45 153 153 153
-0.670694 0.8 0.5 153 153 153
-0.65 0.783274 0.55 153 153 153
-0.65 0.8 0.544485 153 153 153
-0.6 0.753266 -0.65 153 153 153
-0.6 0.8 -0.623814 153 153 153
-0.616376 0.8 -0.6 153 153 153
-0.647068 0.8 -0.55 153 153 153
-0.647068 0.8 0.55 153 153 153
-0.616376 0.8 0.6 153 153 153
-0.6 0.753265 0.65 153 153 153
-0.6 0.8 0.623814 153 153 153
-0.55 0.772892 -0.7 153 153 153
-0.55 0.8 -0.682091 153 153 153
-0.578889 0.8 -0.65 153 153 153
-0.578889 0.8 0.65 153 153 153
-0.55 0.772892 0.7 153 153 153
-0.55 0.8 0.682091 153 153 153
-0.5 0.766014 -0.75 153 153 153
-0.5 0.8 -0.724237 153 153 153
-0.530098 0.8 -0.7 153 153 153
-0.530098 0.8 0.7 153 153 153
-0.5 0.766014 0.75 153 153 153
-0.5 0.8 0.724236 153 153 153
-0.457396 0.8 -0.75 153 153 153
-0.45 0.8 -0.754002 153 153 153
-0.457396 0.8 0.75 153 153 153
-0.45 0.8 0.754002 153 153 153
-0.4 0.767053 -0.8 153 153 153
-0.4 0.8 -0.769284 153 153 153
-0.4 0.767053 0.8 153 153 153
-0.4 0.8 0.769284 153 153 153
-0.35 0.772753 -0.8 153 153 153
-0.35 0.8 -0.771584 153 153 153
-0.35 0.772753 0.8 153 153 153
-0.35 0.8 0.771584 153 153 153
-0.3 0.763147 -0.8 153 153 153
-0.3 0.8 -0.757182 153 153 153
-0.3 0.763146 0.8 153 153 153
-0.3 0.8 0.757182 153 153 153
-0.288642 0.8 -0.75 153 153 153
-0.25 0.773365 -0.75 153 153 153
-0.25 0.8 -0.710732 153 153 153
-0.25 0.786381 -0.2 153 153 153
-0.25 0.8 -0.175051 153 153 153
-0.251946 0.8 -0.15 153 153 153
-0.25481 0.8 -0.0999999 153 153 153
-0.256549 0.8 -0.05 153 153 153
-0.257132 0.8 0 153 153 153
-0.256548 0.8 0.05 153 153 153
-0.25481 0.8 0.1 153 153 153
-0.251946 0.8 0.15 153 153 153
-0.25 0.786381 0.2 153 153 153
-0.25 0.8 0.175051 153 153 153
-0.25 0.8 0.710732 153 153 153
-0.288642 0.8 0.75 153 153 153
-0.25 0.773365 0.75 153 153 153
-0.242943 0.8 -0.7 153 153 153
-0.224187 0.8 -0.65 153 153 153
-0.216239 0.8 -0.6 153 153 153
-0.214757 0.8 -0.55 153 153 153
-0.217092 0.8 -0.5 153 153 153
-0.221563 0.8 -0.45 153 153 153
-0.227077 0.8 -0.4 153 153 153
-0.23291 0.8 -0.35 153 153 153
-0.238575 0.8 -0.3 153 153 153
-0.243743 0.8 -0.25 153 153 153
-0.248192 0.8 -0.2 153 153 153
-0.248192 0.8 0.2 153 153 153
-0.243743 0.8 0.25 153 153 153
-0.238575 0.8 0.3 153 153 153
-0.23291 0.8 0.35 153 153 153
-0.227077 0.8 0.4 153 153 153
-0.221563 0.8 0.45 153 153 153
-0.217092 0.8 0.5 153 153 153
-0.214757 0.8 0.55 153 153 153
-0.216239 0.8 0.6 153 153 153
-0.224187 0.8 0.65 153 153 153
-0.242943 0.8 0.7 153 153 153
0.25 0.773365 -0.75 153 153 153
0.25 0.8 -0.710732 153 153 153
0.242943 0.8 -0.7 153 153 153
0.224187 0.8 -0.65 153 153 153
0.216239 0.8 -0.6 153 153 153
0.214757 0.8 -0.55 153 153 153
0.217092 0.8 -0.5 153 153 153
0.221563 0.8 -0.45 153 153 153
0.227077 0.8 -0.4 153 153 153
0.23291 0.8 -0.35 153 153 153
0.238575 0.8 -0.3 153 153 153
0.243743 0.8 -0.25 153 153 153
0.25 0.78638 -0.2 153 153 153
0.248192 0.8 -0.2 153 153 153
0.25 0.8 -0.175049 153 153 153
0.25 0.8 0.175049 153 153 153
0.25 0.78638 0.2 153 153 153
0.248192 0.8 0.2 153 153 153
0.243743 0.8 0.25 153 153 153
0.238575 0.8 0.3 153 153 153
0.23291 0.8 0.35 153 153 153
0.227077 0.8 0.4 153 153 153
0.221563 0.8 0.45 153 153 153
0.217092 0.8 0.5 153 153 153
0.214758 0.8 0.55 153 153 153
0.216239 0.8 0.6 153 153 153
0.224187 0.8 0.65 153 153 153
0.242943 0.8 0.7 153 153 153
0.25 0.773365 0.75 153 153 153
0.25 0.8 0.710732 153 153 153
0.3 0.763147 -0.8 153 153 153
0.3 0.8 -0.757182 153 153 153
0.288642 0.8 -0.75 153 153 153
0.251946 0.8 -0.15 153 153 153
0.25481 0.8 -0.0999999 153 153 153
0.256548 0.8 -0.05 153 153 153
0.257132 0.8 0 153 153 153
0.256549 0.8 0.05 153 153 153
0.25481 0.8 0.1 153 153 153
0.251945 0.8 0.15 153 153 153
0.288642 0.8 0.75 153 153 153
0.3 0.763147 0.8 153 153 153
0.3 0.8 0.757182 153 153 153
0.35 0.772753 -0.8 153 153 153
0.35 0.8 -0.771584 153 153 153
0.35 0.772753 0.8 153 153 153
0.35 0.8 0.771584 153 153 153
0.4 0.767053 -0.8 153 153 153
0.4 0.8 -0.769284 153 153 153
0.4 0.767053 0.8 153 153 153
0.4 0.8 0.769284 153 153 153
0.45 0.8 -0.754002 153 153 153
0.45 0.8 0.754002 153 153 153
0.457396 0.8 -0.75 153 153 153
0.5 0.766014 -0.75 153 153 153
0.5 0.8 -0.724237 153 153 153
0.5 0.8 0.724236 153 153 153
0.457396 0.8 0.75 153 153 153
0.5 0.766014 0.75 153 153 153
0.530098 0.8 -0.7 153 153 153
0.55 0.772892 -0.7 153 153 153
0.55 0.8 -0.682091 153 153 153
0.55 0.8 0.682091 153 153 153
0.530098 0.8 0.7 153 153 153
0.55 0.772892 0.7 153 153 153
0.578889 0.8 -0.65 153 153 153
0.6 0.753265 -0.65 153 153 153
0.6 0.8 -0.623814 153 153 153
0.6 0.8 0.623814 153 153 153
0.578889 0.8 0.65 153 153 153
0.6 0.753265 0.65 153 153 153
0.616377 0.8 -0.6 153 153 153
0.647068 0.8 -0.55 153 153 153
0.65 0.783274 -0.55 153 153 153
0.65 0.8 -0.544485 153 153 153
0.65 0.8 0.544485 153 153 153
0.647068 0.8 0.55 153 153 153
0.65 0.783274 0.55 153 153 153
0.616377 0.8 0.6 153 153 153
0.670694 0.8 -0.5 153 153 153
0.69123 0.8 -0.45 153 153 153
0.7 0.8 -0.425027 153 153 153
0.7 0.8 0.425027 153 153 153
0.69123 0.8 0.45 153 153 153
0.670694 0.8 0.5 153 153 153
0.707848 0.8 -0.4 153 153 153
0.720976 0.8 -0.35 153 153 153
0.731969 0.8 -0.3 153 153 153
0.740947 0.8 -0.25 153 153 153
0.748045 0.8 -0.2 153 153 153
0.75 0.789513 -0.15 153 153 153
0.75 0.8 -0.181521 153 153 153
0.75 0.780196 -0.0999999 153 153 153
0.75 0.775585 -0.05 153 153 153
0.75 0.774186 0 153 153 153
0.75 0.775585 0.05 153 153 153
0.75 0.780196 0.1 153 153 153
0.75 0.789513 0.15 153 153 153
0.75 0.8 0.181521 153 153 153
0.748045 0.8 0.2 153 153 153
0.740947 0.8 0.25 153 153 153
0.731969 0.8 0.3 153 153 153
0.720976 0.8 0.35 153 153 153
0.707848 0.8 0.4 153 153 153
0.752968 0.8 -0.15 153 153 153
0.756222 0.8 -0.0999999 153 153 153
0.758138 0.8 -0.05 153 153 153
0.75877 0.8 0 153 153 153
0.758138 0.8 0.05 153 153 153
0.756222 0.8 0.1 153 153 153
0.752968 0.8 0.15 153 153 153
-0.75 0.85 -0.199295 153 153 153
-0.755904 0.85 -0.15 153 153 153
-0.760136 0.85 -0.0999999 153 153 153
-0.762655 0.85 -0.05 153 153 153
-0.763492 0.85 0 153 153 153
-0.762655 0.85 0.05 153 153 153
-0.760136 0.85 0.1 153 153 153
-0.755904 0.85 0.15 153 153 153
-0.75 0.85 0.199295 153 153 153
-0.7 0.85 -0.401393 153 153 153
-0.700518 0.85 -0.4 153 153 153
-0.716173 0.85 -0.35 153 153 153
-0.729595 0.85 -0.3 153 153 153
-0.740822 0.85 -0.25 153 153 153
-0.749903 0.85 -0.2 153 153 153
-0.749903 0.85 0.2 153 153 153
-0.740822 0.85 0.25 153 153 153
-0.729595 0.85 0.3 153 153 153
-0.716173 0.85 0.35 153 153 153
-0.700518 0.85 0.4 153 153 153
-0.7 0.85 0.401393 153 153 153
-0.65 0.85 -0.510247 153 153 153
-0.655579 0.85 -0.5 153 153 153
-0.679331 0.85 -0.45 153 153 153
-0.679331 0.85 0.45 153 153 153
-0.655579 0.85 0.5 153 153 153
-0.65 0.85 0.510246 153 153 153
-0.6 0.831059 -0.6 153 153 153
-0.6 0.85 -0.585407 153 153 153
-0.624771 0.85 -0.55 153 153 153
-0.624771 0.85 0.55 153 153 153
-0.6 0.831059 0.6 153 153 153
-0.6 0.85 0.585407 153 153 153
-0.55 0.838393 -0.65 153 153 153
-0.55 0.85 -0.640127 153 153 153
-0.587598 0.85 -0.6 153 153 153
-0.587598 0.85 0.6 153 153 153
-0.55 0.838392 0.65 153 153 153
-0.55 0.85 0.640126 153 153 153
-0.5 0.826908 -0.7 153 153 153
-0.5 0.85 -0.678545 153 153 153
-0.538059 0.85 -0.65 153 153 153
-0.538059 0.85 0.65 153 153 153
-0.5 0.826908 0.7 153 153 153
-0.5 0.85 0.678545 153 153 153
-0.45 0.804216 -0.75 153 153 153
-0.45 0.85 -0.704569 153 153 153
-0.45951 0.85 -0.7 153 153 153
-0.45951 0.85 0.7 153 153 153
-0.45 0.804216 0.75 153 153 153
-0.45 0.85 0.704569 153 153 153
-0.4 0.818609 -0.75 153 153 153
-0.4 0.85 -0.715814 153 153 153
-0.4 0.81861 0.75 153 153 153
-0.4 0.85 0.715814 153 153 153
-0.35 0.819012 -0.75 153 153 153
-0.35 0.85 -0.712811 153 153 153
-0.35 0.819012 0.75 153 153 153
-0.35 0.85 0.712811 153 153 153
-0.3 0.805792 -0.75 153 153 153
-0.31806 0.85 -0.7 153 153 153
-0.3 0.842627 -0.7 153 153 153
-0.3 0.85 -0.689178 153 153 153
-0.3 0.85 0.689178 153 153 153
-0.31806 0.85 0.7 153 153 153
-0.3 0.842627 0.7 153 153 153
-0.3 0.805791 0.75 153 153 153
-0.25 0.806863 -0.7 153 153 153
-0.265317 0.85 -0.65 153 153 153
-0.25 0.834492 -0.65 153 153 153
-0.25 0.85 -0.61953 153 153 153
-0.25 0.821249 -0.15 153 153 153
-0.25 0.845357 -0.0999999 153 153 153
-0.25 0.85 -0.0814414 153 153 153
-0.250868 0.85 -0.05 153 153 153
-0.251335 0.85 0 153 153 153
-0.250868 0.85 0.05 153 153 153
-0.25 0.845357 0.1 153 153 153
-0.25 0.85 0.0814414 153 153 153
-0.25 0.821249 0.15 153 153 153
-0.25 0.85 0.61953 153 153 153
-0.265317 0.85 0.65 153 153 153
-0.25 0.834492 0.65 153 153 153
-0.25 0.806863 0.7 153 153 153
-0.242562 0.85 -0.6 153 153 153
-0.232339 0.85 -0.55 153 153 153
-0.228408 0.85 -0.5 153 153 153
-0.228296 0.85 -0.45 153 153 153
-0.230409 0.85 -0.4 153 153 153
-0.233696 0.85 -0.35 153 153 153
-0.237448 0.85 -0.3 153 153 153
-0.241184 0.85 -0.25 153 153 153
-0.244577 0.85 -0.2 153 153 153
-0.247403 0.85 -0.15 153 153 153
-0.249514 0.85 -0.0999999 153 153 153
-0.249514 0.85 0.1 153 153 153
-0.247403 0.85 0.15 153 153 153
-0.244577 0.85 0.2 153 153 153
-0.241184 0.85 0.25 153 153 153
-0.237447 0.85 0.3 153 153 153
-0.233696 0.85 0.35 153 153 153
-0.230409 0.85 0.4 153 153 153
-0.228296 0.85 0.45 153 153 153
-0.228408 0.85 0.5 153 153 153
-0.232339 0.85 0.55 153 153 153
-0.242562 0.85 0.6 153 153 153
0.25 0.806863 -0.7 153 153 153
0.25 0.834493 -0.65 153 153 153
0.25 0.85 -0.61953 153 153 153
0.242562 0.85 -0.6 153 153 153
0.232339 0.85 -0.55 153 153 153
0.228409 0.85 -0.5 153 153 153
0.228296 0.85 -0.45 153 153 153
0.230409 0.85 -0.4 153 153 153
0.233696 0.85 -0.35 153 153 153
0.237448 0.85 -0.3 153 153 153
0.241184 0.85 -0.25 153 153 153
0.244577 0.85 -0.2 153 153 153
0.25 0.821248 -0.15 153 153 153
0.247403 0.85 -0.15 153 153 153
0.25 0.845356 -0.0999999 153 153 153
0.249514 0.85 -0.0999999 153 153 153
0.25 0.85 -0.0814381 153 153 153
0.25 0.85 0.0814378 153 153 153
0.25 0.845356 0.1 153 153 153
0.249514 0.85 0.1 153 153 153
0.25 0.821247 0.15 153 153 153
0.247403 0.85 0.15 153 153 153
0.244577 0.85 0.2 153 153 153
0.241184 0.85 0.25 153 153 153
0.237448 0.85 0.3 153 153 153
0.233696 0.85 0.35 153 153 153
0.230409 0.85 0.4 153 153 153
0.228296 0.85 0.45 153 153 153
0.228409 0.85 0.5 153 153 153
0.232339 0.85 0.55 153 153 153
0.242562 0.85 0.6 153 153 153
0.25 0.834493 0.65 153 153 153
0.25 0.85 0.61953 153 153 153
0.25 0.806863 0.7 153 153 153
0.3 0.805791 -0.75 153 153 153
0.3 0.842627 -0.7 153 153 153
0.3 0.85 -0.689178 153 153 153
0.265317 0.85 -0.65 153 153 153
0.250868 0.85 -0.05 153 153 153
0.251335 0.85 0 153 153 153
0.250868 0.85 0.05 153 153 153
0.265317 0.85 0.65 153 153 153
0.3 0.842627 0.7 153 153 153
0.3 0.85 0.689178 153 153 153
0.3 0.805791 0.75 153 153 153
0.35 0.819012 -0.75 153 153 153
0.35 0.85 -0.712811 153 153 153
0.31806 0.85 -0.7 153 153 153
0.31806 0.85 0.7 153 153 153
0.35 0.819012 0.75 153 153 153
0.35 0.85 0.712811 153 153 153
0.4 0.818609 -0.75 153 153 153
0.4 0.85 -0.715814 153 153 153
0.4 0.818609 0.75 153 153 153
0.4 0.85 0.715814 153 153 153
0.45 0.804216 -0.75 153 153 153
0.45 0.85 -0.704569 153 153 153
0.45 0.804215 0.75 153 153 153
0.45 0.85 0.704569 153 153 153
0.45951 0.85 -0.7 153 153 153
0.5 0.826908 -0.7 153 153 153
0.5 0.85 -0.678545 153 153 153
0.5 0.85 0.678545 153 153 153
0.45951 0.85 0.7 153 153 153
0.5 0.826908 0.7 153 153 153
0.538059 0.85 -0.65 153 153 153
0.55 0.838392 -0.65 153 153 153
0.55 0.85 -0.640127 153 153 153
0.55 0.85 0.640126 153 153 153
0.538059 0.85 0.65 153 153 153
0.55 0.838392 0.65 153 153 153
0.587598 0.85 -0.6 153 153 153
0.6 0.831059 -0.6 153 153 153
0.6 0.85 -0.585407 153 153 153
0.6 0.85 0.585407 153 153 153
0.587598 0.85 0.6 153 153 153
0.6 0.831059 0.6 153 153 153
0.624771 0.85 -0.55 153 153 153
0.65 0.85 -0.510246 153 153 153
0.65 0.85 0.510246 153 153 153
0.624771 0.85 0.55 153 153 153
0.655579 0.85 -0.5 153 153 153
0.679331 0.85 -0.45 153 153 153
0.7 0.85 -0.401393 153 153 153
0.7 0.85 0.401393 153 153 153
0.679331 0.85 0.45 153 153 153
0.655579 0.85 0.5 153 153 153
0.700518 0.85 -0.4 153 153 153
0.716172 0.85 -0.35 153 153 153
0.729595 0.85 -0.3 153 153 153
0.740822 0.85 -0.25 153 153 153
0.749903 0.85 -0.2 153 153 153
0.75 0.85 -0.199294 153 153 153
0.75 0.85 0.199294 153 153 153
0.749903 0.85 0.2 153 153 153
0.740822 0.85 0.25 153 153 153
0.729595 0.85 0.3 153 153 153
0.716172 0.85 0.35 153 153 153
0.700518 0.85 0.4 153 153 153
0.755904 0.85 -0.15 153 153 153
0.760136 0.85 -0.0999999 153 153 153
0.762655 0.85 -0.05 153 153 153
0.763492 0.85 0 153 153 153
0.762655 0.85 0.05 153 153 153
0.760136 0.85 0.1 153 153 153
0.755904 0.85 0.15 153 153 153
-0.75 0.887563 -0.15 153 153 153
-0.75 0.9 -0.13185 153 153 153
-0.75318 0.9 -0.0999999 153 153 153
-0.756158 0.9 -0.05 153 153 153
-0.757149 0.9 0 153 153 153
-0.756157 0.9 0.05 153 153 153
-0.75318 0.9 0.1 153 153 153
-0.75 0.887563 0.15 153 153 153
-0.75 0.9 0.13185 153 153 153
-0.7 0.851398 -0.4 153 153 153
-0.7 0.9 -0.352084 153 153 153
-0.700757 0.9 -0.35 153 153 153
-0.71604 0.9 -0.3 153 153 153
-0.729 0.9 -0.25 153 153 153
-0.739615 0.9 -0.2 153 153 153
-0.747875 0.9 -0.15 153 153 153
-0.747875 0.9 0.15 153 153 153
-0.739615 0.9 0.2 153 153 153
-0.729 0.9 0.25 153 153 153
-0.71604 0.9 0.3 153 153 153
-0.700757 0.9 0.35 153 153 153
-0.7 0.851398 0.4 153 153 153
-0.7 0.9 0.352084 153 153 153
-0.65 0.860339 -0.5 153 153 153
-0.65 0.9 -0.460785 153 153 153
-0.655844 0.9 -0.45 153 153 153
-0.679611 0.9 -0.4 153 153 153
-0.679611 0.9 0.4 153 153 153
-0.655844 0.9 0.45 153 153 153
-0.65 0.860339 0.5 153 153 153
-0.65 0.9 0.460785 153 153 153
-0.6 0.884846 -0.55 153 153 153
-0.6 0.9 -0.534538 153 153 153
-0.62455 0.9 -0.5 153 153 153
-0.62455 0.9 0.5 153 153 153
-0.6 0.884846 0.55 153 153 153
-0.6 0.9 0.534538 153 153 153
-0.55 0.887976 -0.6 153 153 153
-0.55 0.9 -0.587125 153 153 153
-0.5862 0.9 -0.55 153 153 153
-0.5862 0.9 0.55 153 153 153
-0.55 0.887976 0.6 153 153 153
-0.55 0.9 0.587125 153 153 153
-0.5 0.876038 -0.65 153 153 153
-0.5 0.9 -0.623092 153 153 153
-0.533087 0.9 -0.6 153 153 153
-0.533087 0.9 0.6 153 153 153
-0.5 0.876037 0.65 153 153 153
-0.5 0.9 0.623092 153 153 153
-0.45 0.854067 -0.7 153 153 153
-0.45 0.896601 -0.65 153 153 153
-0.45 0.9 -0.64584 153 153 153
-0.45 0.896601 0.65 153 153 153
-0.45 0.9 0.64584 153 153 153
-0.45 0.854067 0.7 153 153 153
-0.4 0.863024 -0.7 153 153 153
-0.4 0.9 -0.653357 153 153 153
-0.423389 0.9 -0.65 153 153 153
-0.423388 0.9 0.65 153 153 153
-0.4 0.863024 0.7 153 153 153
-0.4 0.9 0.653357 153 153 153
-0.35 0.859728 -0.7 153 153 153
-0.379049 0.9 -0.65 153 153 153
-0.35 0.895613 -0.65 153 153 153
-0.35 0.9 -0.643441 153 153 153
-0.35 0.9 0.643441 153 153 153
-0.379049 0.9 0.65 153 153 153
-0.35 0.895613 0.65 153 153 153
-0.35 0.859728 0.7 153 153 153
-0.3 0.874314 -0.65 153 153 153
-0.3 0.9 -0.607432 153 153 153
-0.3 0.874314 0.65 153 153 153
-0.3 0.9 0.607431 153 153 153
-0.293757 0.9 -0.6 153 153 153
-0.25 0.858983 -0.6 153 153 153
-0.266636 0.9 -0.55 153 153 153
-0.25 0.878507 -0.55 153 153 153
-0.251768 0.9 -0.5 153 153 153
-0.25 0.896858 -0.5 153 153 153
-0.25 0.9 -0.489058 153 153 153
-0.25 0.884528 -0.05 153 153 153
-0.25 0.896568 0 153 153 153
-0.25 0.884528 0.05 153 153 153
-0.25 0.9 0.489058 153 153 153
-0.251768 0.9 0.5 153 153 153
-0.25 0.896858 0.5 153 153 153
-0.266636 0.9 0.55 153 153 153
-0.25 0.878506 0.55 153 153 153
-0.293757 0.9 0.6 153 153 153
-0.25 0.858983 0.6 153 153 153
-0.244667 0.9 -0.45 153 153 153
-0.241739 0.9 -0.4 153 153 153
-0.241267 0.9 -0.35 153 153 153
-0.2422 0.9 -0.3 153 153 153
-0.243828 0.9 -0.25 153 153 153
-0.245663 0.9 -0.2 153 153 153
-0.247372 0.9 -0.15 153 153 153
-0.248732 0.9 -0.0999999 153 153 153
-0.249601 0.9 -0.05 153 153 153
-0.249899 0.9 0 153 153 153
-0.249601 0.9 0.05 153 153 153
-0.248732 0.9 0.1 153 153 153
-0.247372 0.9 0.15 153 153 153
-0.245663 0.9 0.2 153 153 153
-0.243828 0.9 0.25 153 153 153
-0.2422 0.9 0.3 153 153 153
-0.241267 0.9 0.35 153 153 153
-0.241739 0.9 0.4 153 153 153
-0.244667 0.9 0.45 153 153 153
0.25 0.858983 -0.6 153 153 153
0.25 0.878507 -0.55 153 153 153
0.25 0.896858 -0.5 153 153 153
0.25 0.9 -0.489058 153 153 153
0.244667 0.9 -0.45 153 153 153
0.241739 0.9 -0.4 153 153 153
0.241266 0.9 -0.35 153 153 153
0.2422 0.9 -0.3 153 153 153
0.243828 0.9 -0.25 153 153 153
0.245663 0.9 -0.2 153 153 153
0.247372 0.9 -0.15 153 153 153
0.248732 0.9 -0.0999999 153 153 153
0.25 0.884524 -0.05 153 153 153
0.249601 0.9 -0.05 153 153 153
0.25 0.896565 0 153 153 153
0.249899 0.9 0 153 153 153
0.25 0.884524 0.05 153 153 153
0.249601 0.9 0.05 153 153 153
0.248732 0.9 0.1 153 153 153
0.247372 0.9 0.15 153 153 153
0.245663 0.9 0.2 153 153 153
0.243828 0.9 0.25 153 153 153
0.2422 0.9 0.3 153 153 153
0.241266 0.9 0.35 153 153 153
0.241739 0.9 0.4 153 153 153
0.244667 0.9 0.45 153 153 153
0.25 0.896858 0.5 153 153 153
0.25 0.9 0.489058 153 153 153
0.25 0.878507 0.55 153 153 153
0.25 0.858983 0.6 153 153 153
0.3 0.874314 -0.65 153 153 153
0.3 0.9 -0.607432 153 153 153
0.293757 0.9 -0.6 153 153 153
0.266636 0.9 -0.55 153 153 153
0.251768 0.9 -0.5 153 153 153
0.251768 0.9 0.5 153 153 153
0.266636 0.9 0.55 153 153 153
0.293757 0.9 0.6 153 153 153
0.3 0.874314 0.65 153 153 153
0.3 0.9 0.607431 153 153 153
0.35 0.859728 -0.7 153 153 153
0.35 0.895613 -0.65 153 153 153
0.35 0.9 -0.643441 153 153 153
0.35 0.895613 0.65 153 153 153
0.35 0.9 0.643441 153 153 153
0.35 0.859728 0.7 153 153 153
0.4 0.863024 -0.7 153 153 153
0.4 0.9 -0.653357 153 153 153
0.379049 0.9 -0.65 153 153 153
0.379049 0.9 0.65 153 153 153
0.4 0.863024 0.7 153 153 153
0.4 0.9 0.653357 153 153 153
0.45 0.854067 -0.7 153 153 153
0.423389 0.9 -0.65 153 153 153
0.45 0.896601 -0.65 153 153 153
0.45 0.9 -0.64584 153 153 153
0.45 0.9 0.64584 153 153 153
0.423388 0.9 0.65 153 153 153
0.45 0.896601 0.65 153 153 153
0.45 0.854067 0.7 153 153 153
0.5 0.876037 -0.65 153 153 153
0.5 0.9 -0.623092 153 153 153
0.5 0.876037 0.65 153 153 153
0.5 0.9 0.623091 153 153 153
0.533087 0.9 -0.6 153 153 153
0.55 0.887976 -0.6 153 153 153
0.55 0.9 -0.587125 153 153 153
0.55 0.9 0.587125 153 153 153
0.533087 0.9 0.6 153 153 153
0.55 0.887976 0.6 153 153 153
0.5862 0.9 -0.55 153 153 153
0.6 0.884846 -0.55 153 153 153
0.6 0.9 -0.534538 153 153 153
0.6 0.9 0.534538 153 153 153
0.5862 0.9 0.55 153 153 153
0.6 0.884846 0.55 153 153 153
0.62455 0.9 -0.5 153 153 153
0.65 0.860339 -0.5 153 153 153
0.65 0.9 -0.460785 153 153 153
0.65 0.9 0.460785 153 153 153
0.62455 0.9 0.5 153 153 153
0.65 0.860339 0.5 153 153 153
0.655844 0.9 -0.45 153 153 153
0.679611 0.9 -0.4 153 153 153
0.7 0.851397 -0.4 153 153 153
0.7 0.9 -0.352084 153 153 153
0.7 0.9 0.352084 153 153 153
0.679611 0.9 0.4 153 153 153
0.7 0.851398 0.4 153 153 153
0.655844 0.9 0.45 153 153 153
0.700757 0.9 -0.35 153 153 153
0.71604 0.9 -0.3 153 153 153
0.729 0.9 -0.25 153 153 153
0.739615 0.9 -0.2 153 153 153
0.747875 0.9 -0.15 153 153 153
0.75 0.887562 -0.15 153 153 153
0.75 0.9 -0.131849 153 153 153
0.75 0.9 0.13185 153 153 153
0.747875 0.9 0.15 153 153 153
0.75 0.887562 0.15 153 153 153
0.739615 0.9 0.2 153 153 153
0.729 0.9 0.25 153 153 153
0.71604 0.9 0.3 153 153 153
0.700757 0.9 0.35 153 153 153
0.75318 0.9 -0.0999999 153 153 153
0.756158 0.9 -0.05 153 153 153
0.757149 0.9 0 153 153 153
0.756158 0.9 0.05 153 153 153
0.75318 0.9 0.1 153 153 153
-0.75 0.909014 -0.0999999 153 153 153
-0.75 0.918073 -0.05 153 153 153
-0.75 0.921236 0 153 153 153
-0.75 0.918073 0.05 153 153 153
-0.75 0.909014 0.1 153 153 153
-0.7 0.901413 -0.35 153 153 153
-0.7 0.932915 -0.3 153 153 153
-0.7 0.95 -0.272223 153 153 153
-0.706406 0.95 -0.25 153 153 153
-0.718134 0.95 -0.2 153 153 153
-0.727323 0.95 -0.15 153 153 153
-0.733922 0.95 -0.0999999 153 153 153
-0.737896 0.95 -0.05 153 153 153
-0.739224 0.95 0 153 153 153
-0.737897 0.95 0.05 153 153 153
-0.733922 0.95 0.1 153 153 153
-0.727323 0.95 0.15 153 153 153
-0.718134 0.95 0.2 153 153 153
-0.706406 0.95 0.25 153 153 153
-0.7 0.932915 0.3 153 153 153
-0.7 0.95 0.272223 153 153 153
-0.7 0.901413 0.35 153 153 153
-0.65 0.90815 -0.45 153 153 153
-0.65 0.945099 -0.4 153 153 153
-0.65 0.95 -0.393129 153 153 153
-0.669921 0.95 -0.35 153 153 153
-0.690328 0.95 -0.3 153 153 153
-0.690328 0.95 0.3 153 153 153
-0.66992 0.95 0.35 153 153 153
-0.65 0.945099 0.4 153 153 153
-0.65 0.95 0.393129 153 153 153
-0.65 0.90815 0.45 153 153 153
-0.6 0.926453 -0.5 153 153 153
-0.6 0.95 -0.469014 153 153 153
-0.613587 0.95 -0.45 153 153 153
-0.646043 0.95 -0.4 153 153 153
-0.646043 0.95 0.4 153 153 153
-0.613587 0.95 0.45 153 153 153
-0.6 0.926452 0.5 153 153 153
-0.6 0.95 0.469014 153 153 153
-0.55 0.928353 -0.55 153 153 153
-0.55 0.95 -0.521294 153 153 153
-0.57138 0.95 -0.5 153 153 153
-0.57138 0.95 0.5 153 153 153
-0.55 0.928353 0.55 153 153 153
-0.55 0.95 0.521294 153 153 153
-0.5 0.917521 -0.6 153 153 153
-0.5 0.95 -0.556343 153 153 153
-0.509657 0.95 -0.55 153 153 153
-0.509656 0.95 0.55 153 153 153
-0.5 0.917521 0.6 153 153 153
-0.5 0.95 0.556344 153 153 153
-0.45 0.932311 -0.6 153 153 153
-0.45 0.95 -0.574401 153 153 153
-0.45 0.932311 0.6 153 153 153
-0.45 0.95 0.5744 153 153 153
-0.4 0.902375 -0.65 153 153 153
-0.4 0.935108 -0.6 153 153 153
-0.4 0.95 -0.576604 153 153 153
-0.4 0.935108 0.6 153 153 153
-0.4 0.95 0.576604 153 153 153
-0.4 0.902375 0.65 153 153 153
-0.35 0.92578 -0.6 153 153 153
-0.35 0.95 -0.558519 153 153 153
-0.35 0.92578 0.6 153 153 153
-0.35 0.95 0.558519 153 153 153
-0.3 0.904016 -0.6 153 153 153
-0.339128 0.95 -0.55 153 153 153
-0.3 0.928008 -0.55 153 153 153
-0.3 0.95 -0.503618 153 153 153
-0.3 0.95 0.503618 153 153 153
-0.339128 0.95 0.55 153 153 153
-0.3 0.928008 0.55 153 153 153
-0.3 0.904016 0.6 153 153 153
-0.297929 0.95 -0.5 153 153 153
-0.278551 0.95 -0.45 153 153 153
-0.25 0.909205 -0.45 153 153 153
-0.267022 0.95 -0.4 153 153 153
-0.25 0.918286 -0.4 153 153 153
-0.26042 0.95 -0.35 153 153 153
-0.25 0.924788 -0.35 153 153 153
-0.256902 0.95 -0.3 153 153 153
-0.25 0.92838 -0.3 153 153 153
-0.25527 0.95 -0.25 153 153 153
-0.25 0.928722 -0.25 153 153 153
-0.254731 0.95 -0.2 153 153 153
-0.25 0.925614 -0.2 153 153 153
-0.254754 0.95 -0.15 153 153 153
-0.25 0.919338 -0.15 153 153 153
-0.254986 0.95 -0.0999999 153 153 153
-0.25 0.911216 -0.0999999 153 153 153
-0.255208 0.95 -0.05 153 153 153
-0.25 0.904002 -0.05 153 153 153
-0.255294 0.95 0 153 153 153
-0.25 0.901059 0 153 153 153
-0.255208 0.95 0.05 153 153 153
-0.25 0.904002 0.05 153 153 153
-0.254986 0.95 0.1 153 153 153
-0.25 0.911216 0.1 153 153 153
-0.254754 0.95 0.15 153 153 153
-0.25 0.919338 0.15 153 153 153
-0.254731 0.95 0.2 153 153 153
-0.25 0.925614 0.2 153 153 153
-0.25527 0.95 0.25 153 153 153
-0.25 0.928722 0.25 153 153 153
-0.256902 0.95 0.3 153 153 153
-0.25 0.92838 0.3 153 153 153
-0.26042 0.95 0.35 153 153 153
-0.25 0.924788 0.35 153 153 153
-0.267022 0.95 0.4 153 153 153
-0.25 0.918287 0.4 153 153 153
-0.278551 0.95 0.45 153 153 153
-0.25 0.909205 0.45 153 153 153
-0.297929 0.95 0.5 153 153 153
0.25 0.909206 -0.45 153 153 153
0.25 0.918287 -0.4 153 153 153
0.25 0.924789 -0.35 153 153 153
0.25 0.92838 -0.3 153 153 153
0.25 0.928722 -0.25 153 153 153
0.25 0.925615 -0.2 153 153 153
0.25 0.919339 -0.15 153 153 153
0.25 0.911217 -0.0999999 153 153 153
0.25 0.904003 -0.05 153 153 153
0.25 0.90106 0 153 153 153
0.25 0.904003 0.05 153 153 153
0.25 0.911217 0.1 153 153 153
0.25 0.919339 0.15 153 153 153
0.25 0.925615 0.2 153 153 153
0.25 0.928722 0.25 153 153 153
0.25 0.92838 0.3 153 153 153
0.25 0.924789 0.35 153 153 153
0.25 0.918287 0.4 153 153 153
0.25 0.909205 0.45 153 153 153
0.3 0.904017 -0.6 153 153 153
0.3 0.928008 -0.55 153 153 153
0.3 0.95 -0.503618 153 153 153
0.297929 0.95 -0.5 153 153 153
0.27855 0.95 -0.45 153 153 153
0.267022 0.95 -0.4 153 153 153
0.26042 0.95 -0.35 153 153 153
0.256901 0.95 -0.3 153 153 153
0.25527 0.95 -0.25 153 153 153
0.254731 0.95 -0.2 153 153 153
0.254754 0.95 -0.15 153 153 153
0.254986 0.95 -0.0999999 153 153 153
0.255208 0.95 -0.05 153 153 153
0.255294 0.95 0 153 153 153
0.255208 0.95 0.05 153 153 153
0.254986 0.95 0.1 153 153 153
0.254754 0.95 0.15 153 153 153
0.254731 0.95 0.2 153 153 153
0.255271 0.95 0.25 153 153 153
0.256902 0.95 0.3 153 153 153
0.26042 0.95 0.35 153 153 153
0.267022 0.95 0.4 153 153 153
0.278551 0.95 0.45 153 153 153
0.297929 0.95 0.5 153 153 153
0.3 0.928008 0.55 153 153 153
0.3 0.95 0.503619 153 153 153
0.3 0.904016 0.6 153 153 153
0.35 0.92578 -0.6 153 153 153
0.35 0.95 -0.558519 153 153 153
0.339128 0.95 -0.55 153 153 153
0.339128 0.95 0.55 153 153 153
0.35 0.92578 0.6 153 153 153
0.35 0.95 0.558519 153 153 153
0.4 0.902375 -0.65 153 153 153
0.4 0.935108 -0.6 153 153 153
0.4 0.95 -0.576604 153 153 153
0.4 0.935108 0.6 153 153 153
0.4 0.95 0.576605 153 153 153
0.4 0.902375 0.65 153 153 153
0.45 0.932311 -0.6 153 153 153
0.45 0.95 -0.574401 153 153 153
0.45 0.932311 0.6 153 153 153
0.45 0.95 0.574401 153 153 153
0.5 0.917521 -0.6 153 153 153
0.5 0.95 -0.556343 153 153 153
0.5 0.917521 0.6 153 153 153
0.5 0.95 0.556343 153 153 153
0.509657 0.95 -0.55 153 153 153
0.55 0.928353 -0.55 153 153 153
0.55 0.95 -0.521294 153 153 153
0.55 0.95 0.521294 153 153 153
0.509657 0.95 0.55 153 153 153
0.55 0.928353 0.55 153 153 153
0.57138 0.95 -0.5 153 153 153
0.6 0.926452 -0.5 153 153 153
0.6 0.95 -0.469014 153 153 153
0.6 0.95 0.469014 153 153 153
0.57138 0.95 0.5 153 153 153
0.6 0.926452 0.5 153 153 153
0.613586 0.95 -0.45 153 153 153
0.65 0.90815 -0.45 153 153 153
0.646043 0.95 -0.4 153 153 153
0.65 0.945098 -0.4 153 153 153
0.65 0.95 -0.393129 153 153 153
0.65 0.95 0.393129 153 153 153
0.646043 0.95 0.4 153 153 153
0.65 0.945098 0.4 153 153 153
0.613586 0.95 0.45 153 153 153
0.65 0.90815 0.45 153 153 153
0.66992 0.95 -0.35 153 153 153
0.7 0.901412 -0.35 153 153 153
0.690327 0.95 -0.3 153 153 153
0.7 0.932915 -0.3 153 153 153
0.7 0.95 -0.272223 153 153 153
0.7 0.95 0.272223 153 153 153
0.690328 0.95 0.3 153 153 153
0.7 0.932915 0.3 153 153 153
0.66992 0.95 0.35 153 153 153
0.7 0.901412 0.35 153 153 153
0.706406 0.95 -0.25 153 153 153
0.718134 0.95 -0.2 153 153 153
0.727323 0.95 -0.15 153 153 153
0.733923 0.95 -0.0999999 153 153 153
0.75 0.909014 -0.0999999 153 153 153
0.737897 0.95 -0.05 153 153 153
0.75 0.918073 -0.05 153 153 153
0.739223 0.95 0 153 153 153
0.75 0.921236 0 153 153 153
0.737897 0.95 0.05 153 153 153
0.75 0.918072 0.05 153 153 153
0.733923 0.95 0.1 153 153 153
0.75 0.909014 0.1 153 153 153
0.727323 0.95 0.15 153 153 153
0.718134 0.95 0.2 153 153 153
0.706406 0.95 0.25 153 153 153
-0.7 0.959392 -0.25 153 153 153
-0.7 0.977834 -0.2 153 153 153
-0.7 0.9936 -0.15 153 153 153
-0.7 1 -0.12317 153 153 153
-0.703289 1 -0.0999999 153 153 153
-0.707545 1 -0.05 153 153 153
-0.708967 1 0 153 153 153
-0.707545 1 0.05 153 153 153
-0.703289 1 0.1 153 153 153
-0.7 0.9936 0.15 153 153 153
-0.7 1 0.123171 153 153 153
-0.7 0.977834 0.2 153 153 153
-0.7 0.959392 0.25 153 153 153
-0.65 0.972853 -0.35 153 153 153
-0.65 0.998608 -0.3 153 153 153
-0.65 1 -0.296961 153 153 153
-0.667396 1 -0.25 153 153 153
-0.682909 1 -0.2 153 153 153
-0.695233 1 -0.15 153 153 153
-0.695233 1 0.15 153 153 153
-0.682909 1 0.2 153 153 153
-0.667396 1 0.25 153 153 153
-0.65 0.998607 0.3 153 153 153
-0.65 1 0.296961 153 153 153
-0.65 0.972853 0.35 153 153 153
-0.6 0.961564 -0.45 153 153 153
-0.6 0.990661 -0.4 153 153 153
-0.6 1 -0.38303 153 153 153
-0.620545 1 -0.35 153 153 153
-0.648544 1 -0.3 153 153 153
-0.648544 1 0.3 153 153 153
-0.620545 1 0.35 153 153 153
-0.6 0.990661 0.4 153 153 153
-0.6 1 0.38303 153 153 153
-0.6 0.961564 0.45 153 153 153
-0.55 0.9633 -0.5 153 153 153
-0.55 0.993442 -0.45 153 153 153
-0.55 1 -0.438469 153 153 153
-0.585615 1 -0.4 153 153 153
-0.585615 1 0.4 153 153 153
-0.55 0.993442 0.45 153 153 153
-0.55 1 0.438469 153 153 153
-0.55 0.9633 0.5 153 153 153
-0.5 0.954037 -0.55 153 153 153
-0.5 0.983782 -0.5 153 153 153
-0.5 1 -0.471983 153 153 153
-0.53367 1 -0.45 153 153 153
-0.533669 1 0.45 153 153 153
-0.5 0.983782 0.5 153 153 153
-0.5 1 0.471983 153 153 153
-0.5 0.954037 0.55 153 153 153
-0.45 0.964557 -0.55 153 153 153
-0.45 0.993266 -0.5 153 153 153
-0.45 1 -0.487505 153 153 153
-0.45 0.993266 0.5 153 153 153
-0.45 1 0.487505 153 153 153
-0.45 0.964557 0.55 153 153 153
-0.4 0.964761 -0.55 153 153 153
-0.4 0.991307 -0.5 153 153 153
-0.4 1 -0.482538 153 153 153
-0.4 0.991307 0.5 153 153 153
-0.4 1 0.482539 153 153 153
-0.4 0.964761 0.55 153 153 153
-0.35 0.95437 -0.55 153 153 153
-0.35 0.977596 -0.5 153 153 153
-0.35 1 -0.451023 153 153 153
-0.35 0.977595 0.5 153 153 153
-0.35 1 0.451023 153 153 153
-0.35 0.95437 0.55 153 153 153
-0.3 0.951482 -0.5 153 153 153
-0.349093 1 -0.45 153 153 153
-0.3 0.969074 -0.45 153 153 153
-0.317795 1 -0.4 153 153 153
-0.3 0.985819 -0.4 153 153 153
-0.3 1 -0.35478 153 153 153
-0.3 1 0.35478 153 153 153
-0.317795 1 0.4 153 153 153
-0.3 0.985819 0.4 153 153 153
-0.349093 1 0.45 153 153 153
-0.3 0.969074 0.45 153 153 153
-0.3 0.951482 0.5 153 153 153
-0.298548 1 -0.35 153 153 153
-0.287964 1 -0.3 153 153 153
-0.281154 1 -0.25 153 153 153
-0.276842 1 -0.2 153 153 153
-0.274183 1 -0.15 153 153 153
-0.272623 1 -0.0999999 153 153 153
-0.271815 1 -0.05 153 153 153
-0.271566 1 0 153 153 153
-0.271815 1 0.05 153 153 153
-0.272623 1 0.1 153 153 153
-0.274183 1 0.15 153 153 153
-0.276842 1 0.2 153 153 153
-0.281154 1 0.25 153 153 153
-0.287964 1 0.3 153 153 153
-0.298548 1 0.35 153 153 153
0.3 0.951482 -0.5 153 153 153
0.3 0.969074 -0.45 153 153 153
0.3 0.985819 -0.4 153 153 153
0.3 1 -0.35478 153 153 153
0.298548 1 -0.35 153 153 153
0.287964 1 -0.3 153 153 153
0.281154 1 -0.25 153 153 153
0.276842 1 -0.2 153 153 153
0.274183 1 -0.15 153 153 153
0.272624 1 -0.0999999 153 153 153
0.271815 1 -0.05 153 153 153
0.271566 1 0 153 153 153
0.271815 1 0.05 153 153 153
0.272623 1 0.1 153 153 153
0.274183 1 0.15 153 153 153
0.276842 1 0.2 153 153 153
0.281154 1 0.25 153 153 153
0.287964 1 0.3 153 153 153
0.298548 1 0.35 153 153 153
0.3 0.985819 0.4 153 153 153
0.3 1 0.35478 153 153 153
0.3 0.969074 0.45 153 153 153
0.3 0.951482 0.5 153 153 153
0.35 0.95437 -0.55 153 153 153
0.35 0.977596 -0.5 153 153 153
0.35 1 -0.451023 153 153 153
0.349093 1 -0.45 153 153 153
0.317795 1 -0.4 153 153 153
0.317795 1 0.4 153 153 153
0.349093 1 0.45 153 153 153
0.35 0.977596 0.5 153 153 153
0.35 1 0.451024 153 153 153
0.35 0.95437 0.55 153 153 153
0.4 0.964761 -0.55 153 153 153
0.4 0.991307 -0.5 153 153 153
0.4 1 -0.482538 153 153 153
0.4 0.991307 0.5 153 153 153
0.4 1 0.482539 153 153 153
0.4 0.964761 0.55 153 153 153
0.45 0.964557 -0.55 153 153 153
0.45 0.993266 -0.5 153 153 153
0.45 1 -0.487505 153 153 153
0.45 0.993266 0.5 153 153 153
0.45 1 0.487505 153 153 153
0.45 0.964557 0.55 153 153 153
0.5 0.954037 -0.55 153 153 153
0.5 0.983782 -0.5 153 153 153
0.5 1 -0.471983 153 153 153
0.5 0.983782 0.5 153 153 153
0.5 1 0.471983 153 153 153
0.5 0.954037 0.55 153 153 153
0.55 0.9633 -0.5 153 153 153
0.53367 1 -0.45 153 153 153
0.55 0.993442 -0.45 153 153 153
0.55 1 -0.438469 153 153 153
0.55 1 0.438469 153 153 153
0.533669 1 0.45 153 153 153
0.55 0.993442 0.45 153 153 153
0.55 0.9633 0.5 153 153 153
0.6 0.961564 -0.45 153 153 153
0.585615 1 -0.4 153 153 153
0.6 0.990661 -0.4 153 153 153
0.6 1 -0.38303 153 153 153
0.6 1 0.38303 153 153 153
0.585615 1 0.4 153 153 153
0.6 0.990661 0.4 153 153 153
0.6 0.961564 0.45 153 153 153
0.620545 1 -0.35 153 153 153
0.65 0.972852 -0.35 153 153 153
0.648543 1 -0.3 153 153 153
0.65 0.998608 -0.3 153 153 153
0.65 1 -0.296961 153 153 153
0.65 1 0.296961 153 153 153
0.648544 1 0.3 153 153 153
0.65 0.998607 0.3 153 153 153
0.620545 1 0.35 153 153 153
0.65 0.972852 0.35 153 153 153
0.667396 1 -0.25 153 153 153
0.7 0.959392 -0.25 153 153 153
0.682909 1 -0.2 153 153 153
0.7 0.977834 -0.2 153 153 153
0.695233 1 -0.15 153 153 153
0.7 0.9936 -0.15 153 153 153
0.7 1 -0.12317 153 153 153
0.7 1 0.12317 153 153 153
0.695233 1 0.15 153 153 153
0.7 0.9936 0.15 153 153 153
0.682909 1 0.2 153 153 153
0.7 0.977834 0.2 153 153 153
0.667396 1 0.25 153 153 153
0.7 0.959392 0.25 153 153 153
0.703289 1 -0.0999999 153 153 153
0.707545 1 -0.05 153 153 153
0.708968 1 0 153 153 153
0.707545 1 0.05 153 153 153
0.703289 1 0.1 153 153 153
-0.7 1.00386 -0.0999999 153 153 153
-0.7 1.00894 -0.05 153 153 153
-0.7 1.01066 0 153 153 153
-0.7 1.00894 0.05 153 153 153
-0.7 1.00386 0.1 153 153 153
-0.65 1.01618 -0.25 153 153 153
-0.65 1.03129 -0.2 153 153 153
-0.65 1.04381 -0.15 153 153 153
-0.65 1.05 -0.116792 153 153 153
-0.653076 1.05 -0.0999999 153 153 153
-0.658585 1.05 -0.05 153 153 153
-0.660434 1.05 0 153 153 153
-0.658585 1.05 0.05 153 153 153
-0.653076 1.05 0.1 153 153 153
-0.65 1.04381 0.15 153 153 153
-0.65 1.05 0.116792 153 153 153
-0.65 1.03129 0.2 153 153 153
-0.65 1.01618 0.25 153 153 153
-0.6 1.01445 -0.35 153 153 153
-0.6 1.03464 -0.3 153 153 153
-0.6 1.05 -0.258181 153 153 153
-0.604109 1.05 -0.25 153 153 153
-0.624916 1.05 -0.2 153 153 153
-0.641789 1.05 -0.15 153 153 153
-0.641788 1.05 0.15 153 153 153
-0.624916 1.05 0.2 153 153 153
-0.604109 1.05 0.25 153 153 153
-0.6 1.03464 0.3 153 153 153
-0.6 1.05 0.25818 153 153 153
-0.6 1.01445 0.35 153 153 153
-0.55 1.0179 -0.4 153 153 153
-0.55 1.03993 -0.35 153 153 153
-0.55 1.05 -0.324998 153 153 153
-0.570048 1.05 -0.3 153 153 153
-0.570047 1.05 0.3 153 153 153
-0.55 1.03993 0.35 153 153 153
-0.55 1.05 0.324999 153 153 153
-0.55 1.0179 0.4 153 153 153
-0.5 1.01071 -0.45 153 153 153
-0.5 1.03342 -0.4 153 153 153
-0.5 1.05 -0.361368 153 153 153
-0.516624 1.05 -0.35 153 153 153
-0.516624 1.05 0.35 153 153 153
-0.5 1.03342 0.4 153 153 153
-0.5 1.05 0.361367 153 153 153
-0.5 1.01071 0.45 153 153 153
-0.45 1.01713 -0.45 153 153 153
-0.45 1.03882 -0.4 153 153 153
-0.45 1.05 -0.372188 153 153 153
-0.45 1.03882 0.4 153 153 153
-0.45 1.05 0.372188 153 153 153
-0.45 1.01713 0.45 153 153 153
-0.4 1.01381 -0.45 153 153 153
-0.4 1.03365 -0.4 153 153 153
-0.4 1.05 -0.356252 153 153 153
-0.4 1.03365 0.4 153 153 153
-0.4 1.05 0.356252 153 153 153
-0.4 1.01381 0.45 153 153 153
-0.35 1.0004 -0.45 153 153 153
-0.35 1.01745 -0.4 153 153 153
-0.392946 1.05 -0.35 153 153 153
-0.35 1.03345 -0.35 153 153 153
-0.353747 1.05 -0.3 153 153 153
-0.35 1.04823 -0.3 153 153 153
-0.35 1.05 -0.292954 153 153 153
-0.35 1.05 0.292954 153 153 153
-0.353747 1.05 0.3 153 153 153
-0.35 1.04823 0.3 153 153 153
-0.392946 1.05 0.35 153 153 153
-0.35 1.03345 0.35 153 153 153
-0.35 1.01745 0.4 153 153 153
-0.35 1.0004 0.45 153 153 153
-0.3 1.00122 -0.35 153 153 153
-0.3 1.01172 -0.3 153 153 153
-0.334599 1.05 -0.25 153 153 153
-0.3 1.02087 -0.25 153 153 153
-0.322506 1.05 -0.2 153 153 153
-0.3 1.02858 -0.2 153 153 153
-0.314548 1.05 -0.15 153 153 153
-0.3 1.03475 -0.15 153 153 153
-0.309553 1.05 -0.0999999 153 153 153
-0.3 1.03926 -0.0999999 153 153 153
-0.306809 1.05 -0.05 153 153 153
-0.3 1.04201 -0.05 153 153 153
-0.305935 1.05 0 153 153 153
-0.3 1.04294 0 153 153 153
-0.306809 1.05 0.05 153 153 153
-0.3 1.04201 0.05 153 153 153
-0.309553 1.05 0.1 153 153 153
-0.3 1.03926 0.1 153 153 153
-0.314548 1.05 0.15 153 153 153
-0.3 1.03475 0.15 153 153 153
-0.322506 1.05 0.2 153 153 153
-0.3 1.02858 0.2 153 153 153
-0.334599 1.05 0.25 153 153 153
-0.3 1.02087 0.25 153 153 153
-0.3 1.01172 0.3 153 153 153
-0.3 1.00122 0.35 153 153 153
0.3 1.00122 -0.35 153 153 153
0.3 1.01172 -0.3 153 153 153
0.3 1.02087 -0.25 153 153 153
0.3 1.02858 -0.2 153 153 153
0.3 1.03475 -0.15 153 153 153
0.3 1.03926 -0.0999999 153 153 153
0.3 1.04201 -0.05 153 153 153
0.3 1.04294 0 153 153 153
0.3 1.04201 0.05 153 153 153
0.3 1.03926 0.1 153 153 153
0.3 1.03475 0.15 153 153 153
0.3 1.02858 0.2 153 153 153
0.3 1.02087 0.25 153 153 153
0.3 1.01172 0.3 153 153 153
0.3 1.00122 0.35 153 153 153
0.35 1.0004 -0.45 153 153 153
0.35 1.01745 -0.4 153 153 153
0.35 1.03345 -0.35 153 153 153
0.35 1.04823 -0.3 153 153 153
0.35 1.05 -0.292954 153 153 153
0.334599 1.05 -0.25 153 153 153
0.322506 1.05 -0.2 153 153 153
0.314548 1.05 -0.15 153 153 153
0.309553 1.05 -0.0999999 153 153 153
0.306809 1.05 -0.05 153 153 153
0.305935 1.05 0 153 153 153
0.306809 1.05 0.05 153 153 153
0.309553 1.05 0.1 153 153 153
0.314548 1.05 0.15 153 153 153
0.322506 1.05 0.2 153 153 153
0.334599 1.05 0.25 153 153 153
0.35 1.04823 0.3 153 153 153
0.35 1.05 0.292954 153 153 153
0.35 1.03345 0.35 153 153 153
0.35 1.01745 0.4 153 153 153
0.35 1.0004 0.45 153 153 153
0.4 1.01381 -0.45 153 153 153
0.4 1.03365 -0.4 153 153 153
0.4 1.05 -0.356252 153 153 153
0.392946 1.05 -0.35 153 153 153
0.353747 1.05 -0.3 153 153 153
0.353747 1.05 0.3 153 153 153
0.392946 1.05 0.35 153 153 153
0.4 1.03365 0.4 153 153 153
0.4 1.05 0.356252 153 153 153
0.4 1.01381 0.45 153 153 153
0.45 1.01713 -0.45 153 153 153
0.45 1.03882 -0.4 153 153 153
0.45 1.05 -0.372188 153 153 153
0.45 1.03882 0.4 153 153 153
0.45 1.05 0.372188 153 153 153
0.45 1.01713 0.45 153 153 153
0.5 1.01071 -0.45 153 153 153
0.5 1.03342 -0.4 153 153 153
0.5 1.05 -0.361368 153 153 153
0.5 1.03342 0.4 153 153 153
0.5 1.05 0.361368 153 153 153
0.5 1.01071 0.45 153 153 153
0.55 1.0179 -0.4 153 153 153
0.516624 1.05 -0.35 153 153 153
0.55 1.03993 -0.35 153 153 153
0.55 1.05 -0.324998 153 153 153
0.55 1.05 0.324999 153 153 153
0.516624 1.05 0.35 153 153 153
0.55 1.03993 0.35 153 153 153
0.55 1.0179 0.4 153 153 153
0.6 1.01445 -0.35 153 153 153
0.570047 1.05 -0.3 153 153 153
0.6 1.03464 -0.3 153 153 153
0.6 1.05 -0.25818 153 153 153
0.6 1.05 0.25818 153 153 153
0.570047 1.05 0.3 153 153 153
0.6 1.03464 0.3 153 153 153
0.6 1.01445 0.35 153 153 153
0.604109 1.05 -0.25 153 153 153
0.65 1.01618 -0.25 153 153 153
0.624916 1.05 -0.2 153 153 153
0.65 1.03129 -0.2 153 153 153
0.641788 1.05 -0.15 153 153 153
0.65 1.04381 -0.15 153 153 153
0.65 1.05 -0.116792 153 153 153
0.65 1.05 0.116792 153 153 153
0.641788 1.05 0.15 153 153 153
0.65 1.04381 0.15 153 153 153
0.624916 1.05 0.2 153 153 153
0.65 1.03129 0.2 153 153 153
0.604109 1.05 0.25 153 153 153
0.65 1.01618 0.25 153 153 153
0.653077 1.05 -0.0999999 153 153 153
0.7 1.00386 -0.0999999 153 153 153
0.658585 1.05 -0.05 153 153 153
0.7 1.00894 -0.05 153 153 153
0.660433 1.05 0 153 153 153
0.7 1.01066 0 153 153 153
0.658585 1.05 0.05 153 153 153
0.7 1.00894 0.05 153 153 153
0.653077 1.05 0.1 153 153 153
0.7 1.00386 0.1 153 153 153
-0.65 1.05236 -0.0999999 153 153 153
-0.65 1.05661 -0.05 153 153 153
-0.65 1.05805 0 153 153 153
-0.65 1.05661 0.05 153 153 153
-0.65 1.05236 0.1 153 153 153
-0.6 1.0524 -0.25 153 153 153
-0.6 1.06454 -0.2 153 153 153
-0.6 1.0744 -0.15 153 153 153
-0.6 1.0817 -0.0999999 153 153 153
-0.6 1.08618 -0.05 153 153 153
-0.6 1.08769 0 153 153 153
-0.6 1.08618 0.05 153 153 153
-0.6 1.0817 0.1 153 153 153
-0.6 1.0744 0.15 153 153 153
-0.6 1.06454 0.2 153 153 153
-0.6 1.05239 0.25 153 153 153
-0.55 1.0582 -0.3 153 153 153
-0.55 1.07251 -0.25 153 153 153
-0.55 1.08484 -0.2 153 153 153
-0.55 1.09485 -0.15 153 153 153
-0.55 1.1 -0.114994 153 153 153
-0.55526 1.1 -0.0999999 153 153 153
-0.565979 1.1 -0.05 153 153 153
-0.56963 1.1 0 153 153 153
-0.565979 1.1 0.05 153 153 153
-0.55526 1.1 0.1 153 153 153
-0.55 1.09485 0.15 153 153 153
-0.55 1.1 0.114994 153 153 153
-0.55 1.08484 0.2 153 153 153
-0.55 1.07251 0.25 153 153 153
-0.55 1.0582 0.3 153 153 153
-0.5 1.05406 -0.35 153 153 153
-0.5 1.06977 -0.3 153 153 153
-0.5 1.08381 -0.25 153 153 153
-0.5 1.09588 -0.2 153 153 153
-0.5 1.1 -0.178573 153 153 153
-0.525609 1.1 -0.15 153 153 153
-0.525608 1.1 0.15 153 153 153
-0.5 1.09588 0.2 153 153 153
-0.5 1.1 0.178573 153 153 153
-0.5 1.08381 0.25 153 153 153
-0.5 1.06977 0.3 153 153 153
-0.5 1.05406 0.35 153 153 153
-0.45 1.05745 -0.35 153 153 153
-0.45 1.07233 -0.3 153 153 153
-0.45 1.0856 -0.25 153 153 153
-0.45 1.09698 -0.2 153 153 153
-0.45 1.1 -0.18327 153 153 153
-0.45 1.09698 0.2 153 153 153
-0.45 1.1 0.18327 153 153 153
-0.45 1.0856 0.25 153 153 153
-0.45 1.07233 0.3 153 153 153
-0.45 1.05745 0.35 153 153 153
-0.4 1.05196 -0.35 153 153 153
-0.4 1.06545 -0.3 153 153 153
-0.4 1.07741 -0.25 153 153 153
-0.4 1.08764 -0.2 153 153 153
-0.419122 1.1 -0.15 153 153 153
-0.4 1.09589 -0.15 153 153 153
-0.4 1.1 -0.115885 153 153 153
-0.4 1.1 0.115885 153 153 153
-0.419122 1.1 0.15 153 153 153
-0.4 1.09589 0.15 153 153 153
-0.4 1.08764 0.2 153 153 153
-0.4 1.07741 0.25 153 153 153
-0.4 1.06545 0.3 153 153 153
-0.4 1.05196 0.35 153 153 153
-0.35 1.05868 -0.25 153 153 153
-0.35 1.06716 -0.2 153 153 153
-0.35 1.07395 -0.15 153 153 153
-0.395387 1.1 -0.0999999 153 153 153
-0.35 1.07893 -0.0999999 153 153 153
-0.387195 1.1 -0.05 153 153 153
-0.35 1.08196 -0.05 153 153 153
-0.384587 1.1 0 153 153 153
-0.35 1.08298 0 153 153 153
-0.387195 1.1 0.05 153 153 153
-0.35 1.08196 0.05 153 153 153
-0.395387 1.1 0.1 153 153 153
-0.35 1.07893 0.1 153 153 153
-0.35 1.07395 0.15 153 153 153
-0.35 1.06716 0.2 153 153 153
-0.35 1.05868 0.25 153 153 153
0.35 1.05868 -0.25 153 153 153
0.35 1.06716 -0.2 153 153 153
0.35 1.07395 -0.15 153 153 153
0.35 1.07893 -0.0999999 153 153 153
0.35 1.08196 -0.05 153 153 153
0.35 1.08298 0 153 153 153
0.35 1.08196 0.05 153 153 153
0.35 1.07893 0.1 153 153 153
0.35 1.07395 0.15 153 153 153
0.35 1.06716 0.2 153 153 153
0.35 1.05868 0.25 153 153 153
0.4 1.05196 -0.35 153 153 153
0.4 1.06545 -0.3 153 153 153
0.4 1.07741 -0.25 153 153 153
0.4 1.08764 -0.2 153 153 153
0.4 1.09589 -0.15 153 153 153
0.4 1.1 -0.115885 153 153 153
0.395387 1.1 -0.0999999 153 153 153
0.387195 1.1 -0.05 153 153 153
0.384587 1.1 0 153 153 153
0.387195 1.1 0.05 153 153 153
0.395387 1.1 0.1 153 153 153
0.4 1.09589 0.15 153 153 153
0.4 1.1 0.115885 153 153 153
0.4 1.08764 0.2 153 153 153
0.4 1.07741 0.25 153 153 153
0.4 1.06545 0.3 153 153 153
0.4 1.05196 0.35 153 153 153
0.45 1.05745 -0.35 153 153 153
0.45 1.07233 -0.3 153 153 153
0.45 1.0856 -0.25 153 153 153
0.45 1.09698 -0.2 153 153 153
0.45 1.1 -0.18327 153 153 153
0.419122 1.1 -0.15 153 153 153
0.419122 1.1 0.15 153 153 153
0.45 1.09698 0.2 153 153 153
0.45 1.1 0.18327 153 153 153
0.45 1.0856 0.25 153 153 153
0.45 1.07233 0.3 153 153 153
0.45 1.05745 0.35 153 153 153
0.5 1.05406 -0.35 153 153 153
0.5 1.06977 -0.3 153 153 153
0.5 1.08381 -0.25 153 153 153
0.5 1.09588 -0.2 153 153 153
0.5 1.1 -0.178573 153 153 153
0.5 1.09588 0.2 153 153 153
0.5 1.1 0.178573 153 153 153
0.5 1.08381 0.25 153 153 153
0.5 1.06977 0.3 153 153 153
0.5 1.05406 0.35 153 153 153
0.55 1.0582 -0.3 153 153 153
0.55 1.07251 -0.25 153 153 153
0.55 1.08484 -0.2 153 153 153
0.525609 1.1 -0.15 153 153 153
0.55 1.09485 -0.15 153 153 153
0.55 1.1 -0.114994 153 153 153
0.55 1.1 0.114994 153 153 153
0.525608 1.1 0.15 153 153 153
0.55 1.09485 0.15 153 153 153
0.55 1.08484 0.2 153 153 153
0.55 1.07251 0.25 153 153 153
0.55 1.0582 0.3 153 153 153
0.6 1.0524 -0.25 153 153 153
0.6 1.06454 -0.2 153 153 153
0.6 1.0744 -0.15 153 153 153
0.55526 1.1 -0.0999999 153 153 153
0.6 1.0817 -0.0999999 153 153 153
0.565979 1.1 -0.05 153 153 153
0.6 1.08618 -0.05 153 153 153
0.56963 1.1 0 153 153 153
0.6 1.08769 0 153 153 153
0.565979 1.1 0.05 153 153 153
0.6 1.08618 0.05 153 153 153
0.55526 1.1 0.1 153 153 153
0.6 1.0817 0.1 153 153 153
0.6 1.0744 0.15 153 153 153
0.6 1.06454 0.2 153 153 153
0.6 1.0524 0.25 153 153 153
0.65 1.05236 -0.0999999 153 153 153
0.65 1.05661 -0.05 153 153 153
0.65 1.05805 0 153 153 153
0.65 1.05661 0.05 153 153 153
0.65 1.05236 0.1 153 153 153
-0.55 1.10175 -0.0999999 153 153 153
-0.55 1.10527 -0.05 153 153 153
-0.55 1.10645 0 153 153 153
-0.55 1.10527 0.05 153 153 153
-0.55 1.10175 0.1 153 153 153
-0.5 1.10443 -0.15 153 153 153
-0.5 1.11003 -0.0999999 153 153 153
-0.5 1.11345 -0.05 153 153 153
-0.5 1.1146 0 153 153 153
-0.5 1.11345 0.05 153 153 153
-0.5 1.11003 0.1 153 153 153
-0.5 1.10443 0.15 153 153 153
-0.45 1.10484 -0.15 153 153 153
-0.45 1.1101 -0.0999999 153 153 153
-0.45 1.1133 -0.05 153 153 153
-0.45 1.11438 0 153 153 153
-0.45 1.1133 0.05 153 153 153
-0.45 1.1101 0.1 153 153 153
-0.45 1.10484 0.15 153 153 153
-0.4 1.10152 -0.0999999 153 153 153
-0.4 1.10438 -0.05 153 153 153
-0.4 1.10534 0 153 153 153
-0.4 1.10438 0.05 153 153 153
-0.4 1.10152 0.1 153 153 153
0.4 1.10152 -0.0999999 153 153 153
0.4 1.10438 -0.05 153 153 153
0.4 1.10534 0 153 153 153
0.4 1.10438 0.05 153 153 153
0.4 1.10152 0.1 153 153 153
0.45 1.10484 -0.15 153 153 153
0.45 1.1101 -0.0999999 153 153 153
0.45 1.1133 -0.05 153 153 153
0.45 1.11438 0 153 153 153
0.45 1.1133 0.05 153 153 153
0.45 1.1101 0.1 153 153 153
0.45 1.10484 0.15 153 153 153
0.5 1.10443 -0.15 153 153 153
0.5 1.11003 -0.0999999 153 153 153
0.5 1.11345 -0.05 153 153 153
0.5 1.1146 0 153 153 153
0.5 1.11345 0.05 153 153 153
0.5 1.11003 0.1 153 153 153
0.5 1.10443 0.15 153 153 153
0.55 1.10175 -0.0999999 153 153 153
0.55 1.10527 -0.05 153 153 153
0.55 1.10645 0 153 153 153
0.55 1.10527 0.05 153 153 153
0.55 1.10175 0.1 153 153 153
3 0 1 2
3 1 3 4
3 2 1 4
3 3 5 6
3 4 3 6
3 5 7 8
3 6 5 8
3 7 9 10
3 8 7 10
3 9 11 10
3 12 13 14
3 0 14 13
3 0 13 1
3 1 13 15
3 15 16 1
3 1 16 3
3 16 17 3
3 3 17 5
3 17 18 5
3 5 18 7
3 18 19 7
3 7 19 9
3 20 11 9
3 20 9 21
3 21 9 19
3 21 22 20
3 12 23 24
3 13 12 24
3 24 25 13
3 13 25 15
3 25 26 15
3 15 26 16
3 26 27 16
3 16 27 17
3 27 28 17
3 17 28 18
3 28 29 18
3 18 29 19
3 29 30 19
3 19 30 21
3 21 30 31
3 22 21 31
3 24 23 32
3 32 33 34
3 32 34 24
3 24 34 25
3 34 35 25
3 25 35 26
3 35 36 26
3 26 36 27
3 36 37 27
3 27 37 28
3 37 38 28
3 28 38 29
3 39 40 30
3 39 30 38
3 38 30 29
3 30 40 31
3 34 33 41
3 35 34 41
3 42 35 41
3 36 35 42
3 43 36 42
3 37 36 43
3 44 37 43
3 38 37 44
3 45 38 44
3 38 45 39
3 46 47 48
3 47 49 50
3 48 47 50
3 49 51 52
3 50 49 52
3 51 53 54
3 52 51 54
3 53 55 56
3 54 53 56
3 55 57 56
3 58 59 60
3 46 60 59
3 46 59 47
3 47 59 61
3 61 62 47
3 47 62 49
3 62 63 49
3 49 63 51
3 63 64 51
3 51 64 53
3 64 65 53
3 53 65 55
3 66 57 55
3 66 55 67
3 67 55 65
3 67 68 66
3 58 69 70
3 59 58 70
3 70 71 59
3 59 71 61
3 71 72 61
3 61 72 62
3 72 73 62
3 62 73 63
3 73 74 63
3 63 74 64
3 74 75 64
3 64 75 65
3 75 76 65
3 65 76 67
3 67 76 77
3 68 67 77
3 70 69 78
3 78 79 80
3 78 80 70
3 70 80 71
3 80 81 71
3 71 81 72
3 81 82 72
3 72 82 73
3 82 83 73
3 73 83 74
3 83 84 74
3 74 84 75
3 85 86 76
3 85 76 84
3 84 76 75
3 76 86 77
3 80 79 87
3 81 80 87
3 88 81 87
3 82 81 88
3 89 82 88
3 83 82 89
3 90 83 89
3 84 83 90
3 91 84 90
3 84 91 85
3 92 93 94
3 93 95 96
3 94 93 96
3 95 97 98
3 96 95 98
3 97 99 100
3 98 97 100
3 99 101 102
3 100 99 102
3 101 103 102
3 104 105 106
3 105 107 108
3 106 105 108
3 107 109 110
3 108 107 110
3 92 110 109
3 92 109 93
3 93 109 111
3 111 112 93
3 93 112 95
3 112 113 95
3 95 113 97
3 113 114 97
3 97 114 99
3 114 115 99
3 99 115 101
3 116 103 101
3 116 101 117
3 117 101 115
3 117 118 119
3 116 117 119
3 118 120 121
3 119 118 121
3 120 122 121
3 123 124 125
3 104 125 124
3 104 124 105
3 105 124 126
3 126 127 105
3 105 127 107
3 127 128 107
3 107 128 109
3 2 128 0
3 2 111 128
3 111 109 128
3 4 111 2
3 112 111 4
3 6 112 4
3 113 112 6
3 8 113 6
3 114 113 8
3 10 114 8
3 115 114 10
3 11 115 10
3 11 129 115
3 129 117 115
3 129 130 117
3 117 130 118
3 130 131 118
3 118 131 120
3 132 122 120
3 132 120 133
3 133 120 131
3 133 134 132
3 135 136 137
3 123 137 136
3 123 136 124
3 124 136 138
3 138 139 124
3 124 139 126
3 139 140 126
3 126 140 127
3 14 140 12
3 14 128 140
3 128 127 140
3 14 0 128
3 20 129 11
3 22 129 20
3 22 141 129
3 141 130 129
3 141 142 130
3 130 142 131
3 142 143 131
3 131 143 133
3 144 134 133
3 144 133 145
3 145 133 143
3 145 146 144
3 135 147 148
3 136 135 148
3 148 149 136
3 136 149 138
3 149 150 138
3 138 150 139
3 150 151 139
3 139 151 140
3 151 12 140
3 23 12 151
3 31 141 22
3 152 141 31
3 152 153 141
3 141 153 142
3 153 154 142
3 142 154 143
3 154 155 143
3 143 155 145
3 145 155 156
3 146 145 156
3 147 157 158
3 148 147 158
3 158 159 148
3 148 159 149
3 159 160 149
3 149 160 150
3 160 161 150
3 150 161 151
3 23 162 32
3 23 151 162
3 151 161 162
3 32 162 33
3 39 163 40
3 40 152 31
3 40 163 152
3 163 164 152
3 164 165 152
3 152 165 153
3 165 166 153
3 153 166 154
3 166 167 154
3 154 167 155
3 155 167 168
3 156 155 168
3 158 157 169
3 159 158 169
3 170 159 169
3 170 171 172
3 170 172 159
3 159 172 160
3 172 173 160
3 160 173 161
3 173 174 161
3 161 174 162
3 33 175 41
3 33 162 175
3 162 174 175
3 41 176 42
3 175 176 41
3 42 177 43
3 176 177 42
3 43 178 44
3 177 178 43
3 44 179 45
3 178 179 44
3 45 163 39
3 45 179 163
3 179 180 163
3 180 181 163
3 163 181 164
3 181 182 164
3 164 182 165
3 183 184 166
3 183 166 182
3 182 166 165
3 167 166 184
3 185 167 184
3 167 185 168
3 172 171 186
3 173 172 186
3 187 173 186
3 174 173 187
3 188 174 187
3 175 174 188
3 189 175 188
3 176 175 189
3 190 176 189
3 177 176 190
3 191 177 190
3 178 177 191
3 192 178 191
3 179 178 192
3 193 179 192
3 180 179 193
3 194 180 193
3 181 180 194
3 195 181 194
3 182 181 195
3 196 182 195
3 182 196 183
3 197 198 199
3 198 200 201
3 199 198 201
3 200 202 203
3 201 200 203
3 202 204 205
3 203 202 205
3 204 206 207
3 205 204 207
3 206 208 209
3 207 206 209
3 208 210 211
3 209 208 211
3 210 212 213
3 211 210 213
3 212 214 215
3 213 212 215
3 214 216 217
3 215 214 217
3 216 218 219
3 217 216 219
3 218 220 219
3 221 222 223
3 222 224 225
3 223 222 225
3 197 225 224
3 197 224 198
3 198 224 226
3 226 227 198
3 198 227 200
3 227 228 200
3 200 228 202
3 48 228 46
3 48 204 228
3 204 202 228
3 50 204 48
3 206 204 50
3 52 206 50
3 208 206 52
3 54 208 52
3 210 208 54
3 56 210 54
3 212 210 56
3 57 212 56
3 57 229 212
3 229 214 212
3 229 230 214
3 214 230 216
3 230 231 216
3 216 231 218
3 232 220 218
3 232 218 233
3 233 218 231
3 233 234 235
3 232 233 235
3 234 236 235
3 221 237 238
3 222 221 238
3 238 239 222
3 222 239 224
3 239 240 224
3 224 240 226
3 240 241 226
3 226 241 227
3 60 241 58
3 60 228 241
3 228 227 241
3 60 46 228
3 66 229 57
3 68 229 66
3 68 242 229
3 242 230 229
3 242 243 230
3 230 243 231
3 243 244 231
3 231 244 233
3 244 245 233
3 233 245 234
3 234 245 246
3 236 234 246
3 237 247 248
3 238 237 248
3 248 249 238
3 238 249 239
3 249 250 239
3 239 250 240
3 250 251 240
3 240 251 241
3 251 58 241
3 69 58 251
3 77 242 68
3 252 242 77
3 252 253 242
3 242 253 243
3 253 254 243
3 243 254 244
3 254 255 244
3 244 255 245
3 245 255 256
3 246 245 256
3 248 247 257
3 257 258 259
3 257 259 248
3 248 259 249
3 259 260 249
3 249 260 250
3 260 261 250
3 250 261 251
3 69 262 78
3 69 251 262
3 251 261 262
3 78 262 79
3 85 263 86
3 86 252 77
3 86 263 252
3 263 264 252
3 264 265 252
3 252 265 253
3 265 266 253
3 253 266 254
3 267 268 255
3 267 255 266
3 266 255 254
3 255 268 256
3 259 258 269
3 269 270 271
3 269 271 259
3 259 271 260
3 271 272 260
3 260 272 261
3 272 273 261
3 261 273 262
3 79 274 87
3 79 262 274
3 262 273 274
3 87 275 88
3 274 275 87
3 88 276 89
3 275 276 88
3 89 277 90
3 276 277 89
3 90 278 91
3 277 278 90
3 91 263 85
3 91 278 263
3 278 279 263
3 279 280 263
3 263 280 264
3 280 281 264
3 264 281 265
3 282 283 266
3 282 266 281
3 281 266 265
3 266 283 267
3 271 270 284
3 272 271 284
3 285 272 284
3 273 272 285
3 286 273 285
3 286 287 288
3 286 288 273
3 273 288 274
3 288 289 274
3 274 289 275
3 289 290 275
3 275 290 276
3 290 291 276
3 276 291 277
3 291 292 277
3 277 292 278
3 293 294 279
3 293 279 292
3 292 279 278
3 280 279 294
3 295 280 294
3 281 280 295
3 296 281 295
3 281 296 282
3 288 287 297
3 289 288 297
3 298 289 297
3 290 289 298
3 299 290 298
3 291 290 299
3 300 291 299
3 292 291 300
3 301 292 300
3 292 301 293
3 302 303 304
3 303 305 306
3 304 303 306
3 305 307 308
3 306 305 308
3 307 309 310
3 308 307 310
3 309 311 312
3 310 309 312
3 311 313 312
3 314 315 316
3 315 317 318
3 316 315 318
3 317 319 320
3 318 317 320
3 94 303 302
3 92 94 302
3 92 302 320
3 92 320 319
3 96 303 94
3 305 303 96
3 98 305 96
3 307 305 98
3 100 307 98
3 309 307 100
3 102 309 100
3 311 309 102
3 311 321 313
3 102 321 311
3 102 322 321
3 102 103 322
3 322 323 324
3 321 322 324
3 323 325 326
3 324 323 326
3 325 327 326
3 328 329 330
3 329 331 332
3 330 329 332
3 106 315 314
3 104 106 314
3 104 314 332
3 104 332 331
3 108 315 106
3 317 315 108
3 110 317 108
3 319 317 110
3 110 92 319
3 116 322 103
3 119 322 116
3 323 322 119
3 121 323 119
3 325 323 121
3 325 333 327
3 121 333 325
3 121 334 333
3 121 122 334
3 334 335 336
3 333 334 336
3 335 337 336
3 338 339 340
3 328 340 339
3 328 339 329
3 329 339 341
3 125 341 123
3 125 331 341
3 331 329 341
3 125 104 331
3 132 334 122
3 134 334 132
3 134 342 334
3 342 335 334
3 343 337 335
3 343 335 344
3 344 335 342
3 344 345 343
3 346 347 348
3 338 348 347
3 338 347 339
3 339 347 349
3 137 349 135
3 137 341 349
3 341 339 349
3 137 123 341
3 144 342 134
3 146 342 144
3 146 350 342
3 350 344 342
3 351 345 344
3 351 344 352
3 352 344 350
3 352 353 351
3 346 354 355
3 347 346 355
3 355 356 347
3 347 356 349
3 356 135 349
3 147 135 356
3 156 350 146
3 357 350 156
3 357 358 350
3 350 358 352
3 352 358 359
3 353 352 359
3 354 360 361
3 355 354 361
3 361 362 355
3 355 362 356
3 362 147 356
3 157 147 362
3 168 357 156
3 363 357 168
3 363 364 357
3 357 364 358
3 358 364 365
3 359 358 365
3 360 366 367
3 361 360 367
3 367 368 361
3 361 368 362
3 157 369 169
3 157 362 369
3 362 368 369
3 169 370 170
3 369 370 169
3 170 370 171
3 183 371 184
3 184 372 185
3 371 372 184
3 185 363 168
3 185 372 363
3 372 373 363
3 373 374 363
3 363 374 364
3 364 374 375
3 365 364 375
3 367 366 376
3 368 367 376
3 377 368 376
3 377 378 379
3 377 379 368
3 368 379 369
3 379 380 369
3 369 380 370
3 171 381 186
3 171 370 381
3 370 380 381
3 186 382 187
3 381 382 186
3 187 383 188
3 382 383 187
3 188 384 189
3 383 384 188
3 189 385 190
3 384 385 189
3 190 386 191
3 385 386 190
3 191 387 192
3 386 387 191
3 192 388 193
3 387 388 192
3 193 389 194
3 388 389 193
3 194 390 195
3 389 390 194
3 195 391 196
3 390 391 195
3 196 371 183
3 196 391 371
3 391 392 371
3 392 393 371
3 371 393 372
3 394 395 373
3 394 373 393
3 393 373 372
3 374 373 395
3 396 374 395
3 374 396 375
3 379 378 397
3 380 379 397
3 398 380 397
3 381 380 398
3 399 381 398
3 382 381 399
3 400 382 399
3 383 382 400
3 401 383 400
3 384 383 401
3 402 384 401
3 385 384 402
3 403 385 402
3 386 385 403
3 404 386 403
3 387 386 404
3 405 387 404
3 388 387 405
3 406 388 405
3 389 388 406
3 407 389 406
3 390 389 407
3 408 390 407
3 391 390 408
3 409 391 408
3 392 391 409
3 410 392 409
3 393 392 410
3 411 393 410
3 393 411 394
3 412 413 414
3 413 415 416
3 414 413 416
3 415 417 418
3 416 415 418
3 417 419 420
3 418 417 420
3 419 421 422
3 420 419 422
3 421 423 424
3 422 421 424
3 423 425 426
3 424 423 426
3 425 427 428
3 426 425 428
3 427 429 430
3 428 427 430
3 429 431 432
3 430 429 432
3 431 433 434
3 432 431 434
3 433 435 436
3 434 433 436
3 435 437 438
3 436 435 438
3 437 439 440
3 438 437 440
3 439 441 442
3 440 439 442
3 441 443 442
3 444 445 446
3 445 447 448
3 446 445 448
3 412 448 447
3 412 447 413
3 413 447 449
3 449 450 413
3 413 450 415
3 199 450 197
3 199 417 450
3 417 415 450
3 201 417 199
3 419 417 201
3 203 419 201
3 421 419 203
3 205 421 203
3 423 421 205
3 207 423 205
3 425 423 207
3 209 425 207
3 427 425 209
3 211 427 209
3 429 427 211
3 213 429 211
3 431 429 213
3 215 431 213
3 433 431 215
3 217 433 215
3 435 433 217
3 219 435 217
3 437 435 219
3 220 437 219
3 220 451 437
3 451 439 437
3 451 452 439
3 439 452 441
3 453 443 441
3 453 441 454
3 454 441 452
3 454 455 456
3 453 454 456
3 455 457 456
3 444 458 459
3 445 444 459
3 459 460 445
3 445 460 447
3 223 460 221
3 223 449 460
3 449 447 460
3 225 449 223
3 450 449 225
3 225 197 450
3 232 451 220
3 235 451 232
3 452 451 235
3 236 452 235
3 236 461 452
3 461 454 452
3 461 462 454
3 454 462 455
3 455 462 463
3 457 455 463
3 458 464 465
3 459 458 465
3 465 466 459
3 459 466 460
3 466 221 460
3 237 221 466
3 246 461 236
3 467 461 246
3 467 468 461
3 461 468 462
3 462 468 469
3 463 462 469
3 464 470 471
3 465 464 471
3 471 472 465
3 465 472 466
3 472 237 466
3 247 237 472
3 256 467 246
3 473 467 256
3 473 474 467
3 467 474 468
3 468 474 475
3 469 468 475
3 471 470 476
3 476 477 478
3 476 478 471
3 471 478 472
3 247 479 257
3 247 472 479
3 472 478 479
3 257 479 258
3 267 480 268
3 268 473 256
3 268 480 473
3 480 481 473
3 482 483 474
3 482 474 481
3 481 474 473
3 474 483 475
3 478 477 484
3 484 485 486
3 484 486 478
3 478 486 479
3 258 487 269
3 258 479 487
3 479 486 487
3 269 487 270
3 282 488 283
3 283 480 267
3 283 488 480
3 488 489 480
3 490 491 481
3 490 481 489
3 489 481 480
3 481 491 482
3 486 485 492
3 487 486 492
3 493 487 492
3 493 494 495
3 487 493 495
3 487 495 284
3 487 284 270
3 284 496 285
3 495 496 284
3 285 497 286
3 496 497 285
3 286 497 287
3 293 498 294
3 294 499 295
3 498 499 294
3 295 500 296
3 499 500 295
3 501 502 488
3 500 501 488
3 500 488 282
3 500 282 296
3 489 488 502
3 503 489 502
3 489 503 490
3 495 494 504
3 496 495 504
3 505 496 504
3 497 496 505
3 506 497 505
3 506 507 508
3 497 506 508
3 497 508 297
3 497 297 287
3 297 509 298
3 508 509 297
3 298 510 299
3 509 510 298
3 299 511 300
3 510 511 299
3 300 512 301
3 511 512 300
3 513 514 498
3 512 513 498
3 512 498 293
3 512 293 301
3 499 498 514
3 515 499 514
3 500 499 515
3 516 500 515
3 500 516 501
3 508 507 517
3 509 508 517
3 518 509 517
3 510 509 518
3 519 510 518
3 511 510 519
3 520 511 519
3 512 511 520
3 521 512 520
3 512 521 513
3 522 523 524
3 523 525 526
3 524 523 526
3 525 527 528
3 526 525 528
3 527 302 304
3 527 304 528
3 528 304 529
3 304 306 529
3 306 530 529
3 306 308 530
3 308 531 530
3 308 310 531
3 310 532 531
3 310 312 532
3 312 533 532
3 313 534 535
3 313 535 312
3 312 535 533
3 534 536 537
3 535 534 537
3 536 538 539
3 537 536 539
3 538 540 539
3 541 542 543
3 542 544 545
3 543 542 545
3 316 523 522
3 314 316 522
3 314 522 545
3 314 545 544
3 318 523 316
3 525 523 318
3 320 525 318
3 527 525 320
3 320 302 527
3 321 534 313
3 324 534 321
3 536 534 324
3 326 536 324
3 538 536 326
3 538 546 540
3 326 546 538
3 326 547 546
3 326 327 547
3 547 548 549
3 546 547 549
3 548 550 549
3 551 552 553
3 552 554 555
3 553 552 555
3 330 542 541
3 328 330 541
3 328 541 555
3 328 555 554
3 332 542 330
3 544 542 332
3 332 314 544
3 333 547 327
3 336 547 333
3 548 547 336
3 548 556 550
3 336 556 548
3 336 557 556
3 336 337 557
3 557 558 559
3 556 557 559
3 558 560 559
3 561 562 563
3 551 563 562
3 551 562 552
3 552 562 564
3 340 564 338
3 340 554 564
3 554 552 564
3 340 328 554
3 343 557 337
3 345 557 343
3 345 565 557
3 565 558 557
3 566 560 558
3 566 558 567
3 567 558 565
3 567 568 566
3 569 570 571
3 561 571 570
3 561 570 562
3 562 570 572
3 348 572 346
3 348 564 572
3 564 562 572
3 348 338 564
3 351 565 345
3 353 565 351
3 353 573 565
3 573 567 565
3 574 568 567
3 574 567 575
3 575 567 573
3 575 576 574
3 569 577 578
3 570 569 578
3 578 579 570
3 570 579 572
3 579 346 572
3 354 346 579
3 359 573 353
3 580 573 359
3 580 581 573
3 573 581 575
3 575 581 582
3 576 575 582
3 577 583 584
3 578 577 584
3 584 585 578
3 578 585 579
3 585 354 579
3 360 354 585
3 365 580 359
3 586 580 365
3 586 587 580
3 580 587 581
3 581 587 588
3 582 581 588
3 583 589 590
3 584 583 590
3 590 591 584
3 584 591 585
3 591 360 585
3 366 360 591
3 375 586 365
3 592 586 375
3 592 593 586
3 586 593 587
3 587 593 594
3 588 587 594
3 590 589 595
3 595 596 597
3 595 597 590
3 590 597 591
3 366 598 376
3 366 591 598
3 591 597 598
3 376 599 377
3 598 599 376
3 377 599 378
3 394 600 395
3 395 601 396
3 600 601 395
3 396 592 375
3 396 601 592
3 601 602 592
3 603 604 593
3 603 593 602
3 602 593 592
3 593 604 594
3 597 596 605
3 598 597 605
3 606 598 605
3 599 598 606
3 607 599 606
3 378 599 607
3 378 607 397
3 397 607 608
3 397 608 398
3 398 608 609
3 398 609 399
3 399 609 610
3 399 610 400
3 400 610 611
3 400 611 401
3 401 611 612
3 401 612 402
3 402 612 613
3 402 613 403
3 403 613 614
3 403 614 404
3 404 614 615
3 404 615 405
3 405 615 616
3 405 616 406
3 406 616 617
3 406 617 407
3 407 617 618
3 407 618 408
3 408 618 619
3 408 619 409
3 409 619 620
3 409 620 410
3 410 620 621
3 410 621 411
3 411 621 622
3 600 394 411
3 600 411 623
3 623 411 622
3 601 600 623
3 624 601 623
3 602 601 624
3 625 602 624
3 602 625 603
3 626 627 628
3 627 629 630
3 628 627 630
3 629 631 632
3 630 629 632
3 631 412 414
3 631 414 632
3 632 414 633
3 414 416 633
3 416 634 633
3 416 418 634
3 418 635 634
3 418 420 635
3 420 636 635
3 420 422 636
3 422 637 636
3 422 424 637
3 424 638 637
3 424 426 638
3 426 639 638
3 426 428 639
3 428 640 639
3 428 430 640
3 430 641 640
3 430 432 641
3 432 642 641
3 432 434 642
3 434 643 642
3 434 436 643
3 436 644 643
3 436 438 644
3 438 645 644
3 438 440 645
3 440 646 645
3 440 442 646
3 442 647 646
3 443 648 649
3 443 649 442
3 442 649 647
3 648 650 651
3 649 648 651
3 650 652 653
3 651 650 653
3 652 654 653
3 655 656 657
3 626 657 656
3 626 656 627
3 627 656 658
3 446 658 444
3 446 629 658
3 629 627 658
3 448 629 446
3 631 629 448
3 448 412 631
3 453 648 443
3 456 648 453
3 650 648 456
3 457 650 456
3 457 659 650
3 659 652 650
3 660 654 652
3 660 652 661
3 661 652 659
3 661 662 660
3 655 663 664
3 656 655 664
3 664 665 656
3 656 665 658
3 665 444 658
3 458 444 665
3 463 659 457
3 666 659 463
3 666 667 659
3 659 667 661
3 661 667 668
3 662 661 668
3 663 669 670
3 664 663 670
3 670 671 664
3 664 671 665
3 671 458 665
3 464 458 671
3 469 666 463
3 672 666 469
3 672 673 666
3 666 673 667
3 667 673 674
3 668 667 674
3 669 675 676
3 670 669 676
3 676 677 670
3 670 677 671
3 677 464 671
3 470 464 677
3 475 672 469
3 678 672 475
3 678 679 672
3 672 679 673
3 673 679 680
3 674 673 680
3 676 675 681
3 681 682 683
3 681 683 676
3 676 683 677
3 470 684 476
3 470 677 684
3 677 683 684
3 476 684 477
3 482 685 483
3 483 678 475
3 483 685 678
3 685 686 678
3 687 688 679
3 687 679 686
3 686 679 678
3 679 688 680
3 683 682 689
3 689 690 691
3 689 691 683
3 683 691 684
3 477 692 484
3 477 684 692
3 684 691 692
3 484 692 485
3 490 693 491
3 491 685 482
3 491 693 685
3 693 694 685
3 695 696 686
3 695 686 694
3 694 686 685
3 686 696 687
3 691 690 697
3 692 691 697
3 698 692 697
3 698 699 700
3 692 698 700
3 692 700 492
3 692 492 485
3 492 701 493
3 700 701 492
3 493 701 494
3 501 702 502
3 502 703 503
3 702 703 502
3 704 705 693
3 703 704 693
3 703 693 490
3 703 490 503
3 694 693 705
3 706 694 705
3 694 706 695
3 700 699 707
3 701 700 707
3 708 701 707
3 708 709 710
3 701 708 710
3 701 710 504
3 701 504 494
3 504 711 505
3 710 711 504
3 505 712 506
3 711 712 505
3 506 712 507
3 513 713 514
3 514 714 515
3 713 714 514
3 515 715 516
3 714 715 515
3 716 717 702
3 715 716 702
3 715 702 501
3 715 501 516
3 703 702 717
3 718 703 717
3 703 718 704
3 710 709 719
3 711 710 719
3 720 711 719
3 712 711 720
3 721 712 720
3 507 712 721
3 507 721 517
3 517 721 722
3 517 722 518
3 518 722 723
3 518 723 519
3 519 723 724
3 519 724 520
3 520 724 725
3 520 725 521
3 521 725 726
3 713 513 521
3 713 521 727
3 727 521 726
3 714 713 727
3 728 714 727
3 715 714 728
3 729 715 728
3 715 729 716
3 730 731 732
3 731 733 734
3 732 731 734
3 733 735 736
3 734 733 736
3 735 737 738
3 736 735 738
3 737 739 740
3 738 737 740
3 739 741 740
3 742 743 744
3 743 745 746
3 744 743 746
3 745 522 524
3 745 524 746
3 746 524 747
3 524 526 747
3 526 748 747
3 526 528 748
3 528 749 748
3 730 529 731
3 730 749 529
3 749 528 529
3 530 731 529
3 733 731 530
3 531 733 530
3 735 733 531
3 532 735 531
3 737 735 532
3 533 737 532
3 739 737 533
3 739 750 741
3 739 533 750
3 533 535 750
3 535 537 750
3 537 751 750
3 537 539 751
3 539 752 751
3 540 753 754
3 540 754 539
3 539 754 752
3 753 755 756
3 754 753 756
3 755 757 756
3 758 759 760
3 759 761 762
3 760 759 762
3 543 743 742
3 541 543 742
3 541 742 762
3 541 762 761
3 545 743 543
3 745 743 545
3 545 522 745
3 546 753 540
3 549 753 546
3 755 753 549
3 755 763 757
3 549 763 755
3 549 764 763
3 549 550 764
3 764 765 766
3 763 764 766
3 765 767 766
3 768 769 770
3 553 759 758
3 551 553 758
3 551 758 770
3 551 770 769
3 555 759 553
3 761 759 555
3 555 541 761
3 556 764 550
3 559 764 556
3 765 764 559
3 765 771 767
3 559 771 765
3 559 772 771
3 559 560 772
3 772 773 771
3 774 775 776
3 563 769 768
3 561 563 768
3 561 768 776
3 561 776 775
3 563 551 769
3 566 772 560
3 772 777 773
3 566 777 772
3 566 778 777
3 566 568 778
3 778 779 777
3 780 781 782
3 571 775 774
3 569 571 774
3 569 774 782
3 569 782 781
3 571 561 775
3 574 778 568
3 778 783 779
3 574 783 778
3 574 784 783
3 574 576 784
3 784 785 783
3 780 786 787
3 781 780 787
3 787 569 781
3 577 569 787
3 582 784 576
3 788 784 582
3 784 788 789
3 785 784 789
3 790 791 792
3 786 792 791
3 786 791 787
3 787 791 793
3 793 577 787
3 583 577 793
3 588 788 582
3 794 788 588
3 795 789 788
3 795 788 796
3 796 788 794
3 796 797 795
3 791 790 798
3 798 799 800
3 798 800 791
3 791 800 793
3 800 583 793
3 589 583 800
3 594 794 588
3 801 794 594
3 802 803 796
3 802 796 801
3 801 796 794
3 796 803 797
3 799 804 805
3 800 799 805
3 589 806 595
3 589 800 806
3 800 805 806
3 595 806 596
3 603 807 604
3 604 801 594
3 604 807 801
3 807 808 801
3 801 808 809
3 802 801 809
3 805 804 810
3 806 805 810
3 811 806 810
3 596 806 811
3 596 811 605
3 605 811 812
3 813 812 814
3 813 606 812
3 606 605 812
3 606 815 607
3 813 815 606
3 607 816 608
3 815 816 607
3 608 817 609
3 816 817 608
3 609 818 610
3 817 818 609
3 610 819 611
3 818 819 610
3 611 820 612
3 819 820 611
3 612 821 613
3 820 821 612
3 613 822 614
3 821 822 613
3 614 823 615
3 822 823 614
3 615 824 616
3 823 824 615
3 616 825 617
3 824 825 616
3 617 826 618
3 825 826 617
3 618 827 619
3 826 827 618
3 619 828 620
3 827 828 619
3 620 829 621
3 828 829 620
3 621 830 622
3 829 830 621
3 622 831 623
3 830 831 622
3 623 832 624
3 831 832 623
3 833 624 832
3 833 834 624
3 834 625 624
3 807 603 625
3 807 625 835
3 835 625 834
3 808 807 835
3 836 808 835
3 808 836 809
3 813 814 837
3 815 813 837
3 838 815 837
3 816 815 838
3 839 816 838
3 817 816 839
3 840 817 839
3 818 817 840
3 841 818 840
3 819 818 841
3 842 819 841
3 820 819 842
3 843 820 842
3 821 820 843
3 844 821 843
3 822 821 844
3 845 822 844
3 823 822 845
3 846 823 845
3 824 823 846
3 847 824 846
3 825 824 847
3 848 825 847
3 826 825 848
3 849 826 848
3 827 826 849
3 850 827 849
3 828 827 850
3 851 828 850
3 829 828 851
3 852 829 851
3 830 829 852
3 853 830 852
3 831 830 853
3 854 831 853
3 832 831 854
3 855 832 854
3 832 855 833
3 856 857 858
3 857 859 860
3 858 857 860
3 859 861 862
3 860 859 862
3 861 863 864
3 862 861 864
3 863 865 866
3 864 863 866
3 865 867 868
3 866 865 868
3 867 869 870
3 868 867 870
3 869 871 872
3 870 869 872
3 871 873 874
3 872 871 874
3 873 875 876
3 874 873 876
3 875 877 878
3 876 875 878
3 877 879 880
3 878 877 880
3 879 881 882
3 880 879 882
3 881 883 884
3 882 881 884
3 883 885 886
3 884 883 886
3 885 887 888
3 886 885 888
3 887 889 890
3 888 887 890
3 889 891 892
3 890 889 892
3 891 893 894
3 892 891 894
3 893 895 894
3 896 897 898
3 897 899 900
3 898 897 900
3 899 626 628
3 899 628 900
3 900 628 901
3 856 630 857
3 856 901 630
3 901 628 630
3 632 857 630
3 859 857 632
3 633 859 632
3 861 859 633
3 634 861 633
3 863 861 634
3 635 863 634
3 865 863 635
3 636 865 635
3 867 865 636
3 637 867 636
3 869 867 637
3 638 869 637
3 871 869 638
3 639 871 638
3 873 871 639
3 640 873 639
3 875 873 640
3 641 875 640
3 877 875 641
3 642 877 641
3 879 877 642
3 643 879 642
3 881 879 643
3 644 881 643
3 883 881 644
3 645 883 644
3 885 883 645
3 646 885 645
3 887 885 646
3 647 887 646
3 889 887 647
3 649 889 647
3 891 889 649
3 651 891 649
3 893 891 651
3 893 902 895
3 893 651 902
3 651 653 902
3 654 903 904
3 654 904 653
3 653 904 902
3 903 905 906
3 904 903 906
3 905 907 906
3 896 908 909
3 897 896 909
3 657 909 655
3 657 899 909
3 899 897 909
3 657 626 899
3 660 903 654
3 662 903 660
3 662 910 903
3 910 905 903
3 905 910 911
3 907 905 911
3 912 913 914
3 908 914 913
3 908 913 909
3 909 913 915
3 915 655 909
3 663 655 915
3 668 910 662
3 916 910 668
3 917 911 910
3 917 910 918
3 918 910 916
3 918 919 917
3 913 912 920
3 920 921 922
3 920 922 913
3 913 922 915
3 922 663 915
3 669 663 922
3 674 916 668
3 923 916 674
3 924 925 918
3 924 918 923
3 923 918 916
3 918 925 919
3 921 926 927
3 922 921 927
3 927 669 922
3 675 669 927
3 680 923 674
3 928 923 680
3 923 928 929
3 924 923 929
3 927 926 930
3 930 931 932
3 927 930 932
3 927 932 681
3 927 681 675
3 681 932 682
3 687 933 688
3 934 935 928
3 933 934 928
3 933 928 680
3 933 680 688
3 928 935 929
3 932 931 936
3 936 937 938
3 932 936 938
3 932 938 689
3 932 689 682
3 689 938 690
3 695 939 696
3 940 941 933
3 939 940 933
3 939 933 687
3 939 687 696
3 933 941 934
3 938 937 942
3 942 943 944
3 938 942 944
3 938 944 697
3 938 697 690
3 697 945 698
3 944 945 697
3 698 945 699
3 704 946 705
3 705 947 706
3 946 947 705
3 948 949 939
3 947 948 939
3 947 939 695
3 947 695 706
3 939 949 940
3 944 943 950
3 945 944 950
3 951 945 950
3 951 952 953
3 945 951 953
3 945 953 707
3 945 707 699
3 707 954 708
3 953 954 707
3 708 954 709
3 716 955 717
3 717 956 718
3 955 956 717
3 957 958 946
3 956 957 946
3 956 946 704
3 956 704 718
3 947 946 958
3 959 947 958
3 947 959 948
3 953 952 960
3 954 953 960
3 961 954 960
3 709 954 961
3 709 961 719
3 719 961 962
3 719 962 720
3 720 962 963
3 720 963 721
3 721 963 964
3 965 964 966
3 965 722 964
3 722 721 964
3 722 967 723
3 965 967 722
3 723 968 724
3 967 968 723
3 724 969 725
3 968 969 724
3 725 970 726
3 969 970 725
3 971 726 970
3 971 972 726
3 972 727 726
3 727 972 728
3 728 972 973
3 728 973 729
3 729 973 974
3 955 716 729
3 955 729 975
3 975 729 974
3 956 955 975
3 976 956 975
3 956 976 957
3 965 966 977
3 967 965 977
3 978 967 977
3 968 967 978
3 979 968 978
3 969 968 979
3 980 969 979
3 970 969 980
3 981 970 980
3 970 981 971
3 982 983 984
3 983 730 732
3 983 732 984
3 984 732 985
3 732 734 985
3 734 986 985
3 734 736 986
3 736 987 986
3 736 738 987
3 738 988 987
3 738 740 988
3 740 989 988
3 741 990 991
3 741 991 740
3 740 991 989
3 990 992 991
3 993 994 995
3 994 742 744
3 994 744 995
3 995 744 996
3 744 746 996
3 746 997 996
3 746 747 997
3 747 998 997
3 747 748 998
3 748 999 998
3 982 749 983
3 982 999 749
3 999 748 749
3 749 730 983
3 750 990 741
3 990 1000 992
3 990 750 1000
3 750 751 1000
3 751 752 1000
3 752 1001 1000
3 752 754 1001
3 754 1002 1001
3 754 756 1002
3 756 1003 1002
3 757 1004 1005
3 757 1005 756
3 756 1005 1003
3 1004 1006 1005
3 1007 1008 1009
3 1008 758 760
3 1008 760 1009
3 1009 760 1010
3 993 762 994
3 993 1010 762
3 1010 760 762
3 762 742 994
3 763 1004 757
3 1004 1011 1006
3 1004 763 1011
3 763 766 1011
3 767 1012 1013
3 767 1013 766
3 766 1013 1011
3 1012 1014 1013
3 1015 1016 1017
3 770 1008 1007
3 768 770 1007
3 768 1007 1017
3 768 1017 1016
3 770 758 1008
3 771 1012 767
3 1012 1018 1014
3 771 1018 1012
3 771 1019 1018
3 771 773 1019
3 1019 1020 1018
3 1021 1022 1023
3 776 1016 1015
3 774 776 1015
3 774 1015 1023
3 774 1023 1022
3 776 768 1016
3 777 1019 773
3 1019 1024 1020
3 777 1024 1019
3 777 1025 1024
3 777 779 1025
3 1025 1026 1024
3 1027 1028 1029
3 782 1022 1021
3 780 782 1021
3 780 1021 1029
3 780 1029 1028
3 782 774 1022
3 783 1025 779
3 1025 1030 1026
3 783 1030 1025
3 783 1031 1030
3 783 785 1031
3 1031 1032 1030
3 1033 1034 1035
3 1027 1035 1034
3 1027 1034 1028
3 1028 1034 1036
3 1036 780 1028
3 786 780 1036
3 789 1031 785
3 1037 1031 789
3 1038 1032 1031
3 1038 1031 1039
3 1039 1031 1037
3 1039 1040 1038
3 1033 1041 1042
3 1034 1033 1042
3 792 1042 790
3 792 1036 1042
3 1036 1034 1042
3 792 786 1036
3 795 1037 789
3 797 1037 795
3 797 1043 1037
3 1043 1039 1037
3 1039 1043 1044
3 1040 1039 1044
3 1041 1045 1046
3 1042 1041 1046
3 790 1047 798
3 790 1042 1047
3 1042 1046 1047
3 798 1047 799
3 802 1048 803
3 803 1043 797
3 803 1048 1043
3 1048 1049 1043
3 1043 1049 1050
3 1044 1043 1050
3 1046 1045 1051
3 1051 1052 1053
3 1051 1053 1046
3 1046 1053 1047
3 1053 799 1047
3 804 799 1053
3 809 1048 802
3 1054 1048 809
3 1055 1056 1049
3 1055 1049 1054
3 1054 1049 1048
3 1049 1056 1050
3 1053 1052 1057
3 1057 1058 1059
3 1053 1057 1059
3 1053 1059 810
3 1053 810 804
3 810 1060 811
3 1059 1060 810
3 811 1061 812
3 1060 1061 811
3 812 1061 814
3 1062 1063 1064
3 1064 1065 1066
3 1063 1065 1064
3 1066 1067 1068
3 1065 1067 1066
3 1068 1067 1069
3 833 1070 834
3 834 1071 835
3 1070 1071 834
3 835 1072 836
3 1071 1072 835
3 1073 1074 1054
3 1072 1073 1054
3 1072 1054 809
3 1072 809 836
3 1054 1074 1055
3 1059 1058 1075
3 1060 1059 1075
3 1076 1060 1075
3 1061 1060 1076
3 1077 1061 1076
3 814 1061 1077
3 814 1077 837
3 837 1077 1078
3 837 1078 838
3 838 1078 1079
3 838 1079 839
3 839 1079 1080
3 839 1080 840
3 840 1080 1081
3 840 1081 841
3 841 1081 1082
3 841 1082 842
3 842 1082 1083
3 842 1083 843
3 843 1083 1084
3 843 1084 844
3 844 1084 1085
3 1062 1064 845
3 1062 845 1085
3 1085 845 844
3 846 845 1064
3 1066 846 1064
3 847 846 1066
3 1068 847 1066
3 1068 1069 1086
3 1068 1086 847
3 847 1086 848
3 848 1086 849
3 849 1086 1087
3 849 1087 850
3 850 1087 1088
3 850 1088 851
3 851 1088 1089
3 851 1089 852
3 852 1089 1090
3 852 1090 853
3 853 1090 1091
3 853 1091 854
3 854 1091 1092
3 854 1092 855
3 855 1092 1093
3 1070 833 855
3 1070 855 1094
3 1094 855 1093
3 1071 1070 1094
3 1095 1071 1094
3 1072 1071 1095
3 1096 1072 1095
3 1072 1096 1073
3 1097 1098 1099
3 1098 1100 1101
3 1099 1098 1101
3 1100 1102 1103
3 1101 1100 1103
3 1102 856 858
3 1102 858 1103
3 1103 858 1104
3 858 860 1104
3 860 1105 1104
3 860 862 1105
3 862 1106 1105
3 862 864 1106
3 864 1107 1106
3 864 866 1107
3 866 1108 1107
3 866 868 1108
3 868 1109 1108
3 868 870 1109
3 870 1110 1109
3 870 872 1110
3 872 1111 1110
3 1112 1113 1111
3 1112 1111 874
3 874 1111 872
3 874 876 1114
3 1112 874 1114
3 876 878 1115
3 1114 876 1115
3 1116 1115 878
3 1116 878 1117
3 1117 878 880
3 880 882 1117
3 882 1118 1117
3 882 884 1118
3 884 1119 1118
3 884 886 1119
3 886 1120 1119
3 886 888 1120
3 888 1121 1120
3 888 890 1121
3 890 1122 1121
3 890 892 1122
3 892 1123 1122
3 892 894 1123
3 894 1124 1123
3 895 1125 1126
3 895 1126 894
3 894 1126 1124
3 1125 1127 1128
3 1126 1125 1128
3 1127 1129 1130
3 1128 1127 1130
3 1129 1131 1130
3 1132 1133 1134
3 898 1098 1097
3 896 898 1097
3 896 1097 1134
3 896 1134 1133
3 900 1098 898
3 1100 1098 900
3 901 1100 900
3 1102 1100 901
3 901 856 1102
3 1112 1135 1113
3 1114 1135 1112
3 1136 1135 1114
3 1115 1136 1114
3 1137 1136 1115
3 1115 1116 1137
3 902 1125 895
3 904 1125 902
3 1127 1125 904
3 906 1127 904
3 1129 1127 906
3 1129 1138 1131
3 906 1138 1129
3 906 1139 1138
3 906 907 1139
3 1139 1140 1138
3 1141 1142 1143
3 1132 1143 1142
3 1132 1142 1133
3 1133 1142 1144
3 1144 896 1133
3 908 896 1144
3 911 1139 907
3 1145 1139 911
3 1146 1140 1139
3 1146 1139 1147
3 1147 1139 1145
3 1147 1148 1146
3 1141 1149 1150
3 1142 1141 1150
3 914 1150 912
3 914 1144 1150
3 1144 1142 1150
3 914 908 1144
3 917 1145 911
3 919 1145 917
3 919 1151 1145
3 1151 1147 1145
3 1147 1151 1152
3 1148 1147 1152
3 1149 1153 1154
3 1150 1149 1154
3 912 1155 920
3 912 1150 1155
3 1150 1154 1155
3 920 1155 921
3 924 1156 925
3 925 1151 919
3 925 1156 1151
3 1156 1157 1151
3 1151 1157 1158
3 1152 1151 1158
3 1154 1153 1159
3 1159 1160 1161
3 1159 1161 1154
3 1154 1161 1155
3 1161 921 1155
3 926 921 1161
3 929 1156 924
3 1162 1156 929
3 1163 1164 1157
3 1163 1157 1162
3 1162 1157 1156
3 1157 1164 1158
3 1161 1160 1165
3 1165 1166 1167
3 1161 1165 1167
3 1161 1167 930
3 1161 930 926
3 930 1167 931
3 934 1168 935
3 1169 1170 1162
3 1168 1169 1162
3 1168 1162 929
3 1168 929 935
3 1162 1170 1163
3 1167 1166 1171
3 1171 1172 1173
3 1167 1171 1173
3 1167 1173 936
3 1167 936 931
3 936 1173 937
3 940 1174 941
3 1175 1176 1168
3 1174 1175 1168
3 1174 1168 934
3 1174 934 941
3 1168 1176 1169
3 1173 1172 1177
3 1177 1178 1179
3 1173 1177 1179
3 1173 1179 942
3 1173 942 937
3 942 1179 943
3 948 1180 949
3 1181 1182 1174
3 1180 1181 1174
3 1180 1174 940
3 1180 940 949
3 1174 1182 1175
3 1179 1178 1183
3 943 1179 1183
3 943 1183 950
3 950 1183 1184
3 1185 1184 1186
3 1185 951 1184
3 951 950 1184
3 951 1185 952
3 957 1187 958
3 1188 958 1187
3 1188 1189 958
3 1189 959 958
3 1180 948 959
3 1180 959 1190
3 1190 959 1189
3 1180 1190 1181
3 1185 1186 1191
3 952 1185 1191
3 952 1191 960
3 960 1191 1192
3 960 1192 961
3 961 1192 1193
3 961 1193 962
3 962 1193 1194
3 962 1194 963
3 963 1194 1195
3 1196 1195 1197
3 1196 964 1195
3 964 963 1195
3 964 1196 966
3 971 1198 972
3 1199 972 1198
3 1199 1200 972
3 1200 973 972
3 973 1200 974
3 974 1200 1201
3 974 1201 975
3 975 1201 1202
3 975 1202 976
3 976 1202 1203
3 1187 957 976
3 1187 976 1204
3 1204 976 1203
3 1187 1204 1188
3 1196 1197 1205
3 966 1196 1205
3 966 1205 977
3 977 1205 1206
3 977 1206 978
3 978 1206 1207
3 978 1207 979
3 979 1207 1208
3 979 1208 980
3 980 1208 1209
3 980 1209 981
3 981 1209 1210
3 1198 971 981
3 1198 981 1211
3 1211 981 1210
3 1198 1211 1199
3 1212 982 984
3 1213 1212 984
3 984 985 1213
3 985 1214 1213
3 985 986 1214
3 986 1215 1214
3 986 987 1215
3 987 1216 1215
3 987 988 1216
3 988 1217 1216
3 988 989 1217
3 989 1218 1217
3 989 991 1218
3 991 1219 1218
3 992 1220 1219
3 991 992 1219
3 1221 993 995
3 1222 1221 995
3 995 996 1222
3 996 1223 1222
3 996 997 1223
3 997 1224 1223
3 997 998 1224
3 998 1225 1224
3 998 999 1225
3 999 1226 1225
3 999 1212 1226
3 982 1212 999
3 1227 992 1000
3 1220 992 1227
3 1000 1001 1227
3 1001 1228 1227
3 1001 1002 1228
3 1002 1229 1228
3 1002 1003 1229
3 1003 1230 1229
3 1003 1005 1230
3 1005 1231 1230
3 1006 1232 1231
3 1005 1006 1231
3 1233 1007 1009
3 1234 1233 1009
3 1009 1010 1234
3 1010 1235 1234
3 1010 1221 1235
3 993 1221 1010
3 1236 1006 1011
3 1232 1006 1236
3 1011 1013 1236
3 1013 1237 1236
3 1014 1238 1237
3 1013 1014 1237
3 1239 1240 1241
3 1240 1015 1017
3 1240 1017 1241
3 1241 1017 1242
3 1017 1233 1242
3 1007 1233 1017
3 1243 1014 1018
3 1238 1014 1243
3 1020 1244 1245
3 1020 1245 1018
3 1018 1245 1243
3 1244 1246 1245
3 1247 1248 1249
3 1023 1240 1239
3 1021 1023 1239
3 1021 1239 1249
3 1021 1249 1248
3 1023 1015 1240
3 1024 1244 1020
3 1244 1250 1246
3 1024 1250 1244
3 1024 1251 1250
3 1024 1026 1251
3 1251 1252 1250
3 1253 1254 1255
3 1029 1248 1247
3 1027 1029 1247
3 1027 1247 1255
3 1027 1255 1254
3 1029 1021 1248
3 1030 1251 1026
3 1251 1256 1252
3 1030 1256 1251
3 1030 1257 1256
3 1030 1032 1257
3 1257 1258 1256
3 1259 1260 1261
3 1035 1254 1253
3 1033 1035 1253
3 1033 1253 1261
3 1033 1261 1260
3 1035 1027 1254
3 1038 1257 1032
3 1257 1262 1258
3 1038 1262 1257
3 1038 1263 1262
3 1038 1040 1263
3 1263 1264 1262
3 1259 1265 1266
3 1260 1259 1266
3 1266 1033 1260
3 1041 1033 1266
3 1044 1263 1040
3 1267 1263 1044
3 1263 1267 1268
3 1264 1263 1268
3 1265 1269 1270
3 1266 1265 1270
3 1270 1041 1266
3 1045 1041 1270
3 1050 1267 1044
3 1271 1267 1050
3 1267 1271 1272
3 1268 1267 1272
3 1269 1273 1274
3 1270 1269 1274
3 1045 1275 1051
3 1045 1270 1275
3 1270 1274 1275
3 1051 1275 1052
3 1055 1276 1056
3 1056 1271 1050
3 1056 1276 1271
3 1276 1277 1271
3 1271 1277 1278
3 1272 1271 1278
3 1274 1273 1279
3 1279 1280 1281
3 1279 1281 1274
3 1274 1281 1275
3 1052 1282 1057
3 1052 1275 1282
3 1275 1281 1282
3 1057 1282 1058
3 1283 1284 1285
3 1285 1286 1287
3 1284 1286 1285
3 1287 1063 1062
3 1287 1286 1063
3 1286 1288 1063
3 1063 1288 1065
3 1065 1288 1289
3 1065 1289 1067
3 1067 1289 1290
3 1069 1291 1292
3 1069 1067 1291
3 1067 1290 1291
3 1292 1293 1294
3 1291 1293 1292
3 1294 1293 1295
3 1073 1296 1074
3 1074 1276 1055
3 1074 1296 1276
3 1296 1297 1276
3 1298 1299 1277
3 1298 1277 1297
3 1297 1277 1276
3 1277 1299 1278
3 1281 1280 1300
3 1282 1281 1300
3 1301 1282 1300
3 1058 1282 1301
3 1058 1301 1075
3 1075 1301 1302
3 1075 1302 1076
3 1076 1302 1303
3 1076 1303 1077
3 1077 1303 1304
3 1077 1304 1078
3 1078 1304 1305
3 1078 1305 1079
3 1079 1305 1306
3 1079 1306 1080
3 1080 1306 1307
3 1080 1307 1081
3 1081 1307 1308
3 1081 1308 1082
3 1082 1308 1309
3 1082 1309 1083
3 1083 1309 1310
3 1283 1285 1084
3 1283 1084 1310
3 1310 1084 1083
3 1085 1084 1285
3 1287 1085 1285
3 1085 1287 1062
3 1086 1069 1292
3 1087 1086 1292
3 1294 1087 1292
3 1294 1295 1311
3 1294 1311 1087
3 1087 1311 1088
3 1088 1311 1089
3 1089 1311 1312
3 1089 1312 1090
3 1090 1312 1313
3 1090 1313 1091
3 1091 1313 1314
3 1091 1314 1092
3 1092 1314 1315
3 1092 1315 1093
3 1093 1315 1316
3 1093 1316 1094
3 1094 1316 1317
3 1094 1317 1095
3 1095 1317 1318
3 1095 1318 1096
3 1096 1318 1319
3 1296 1073 1096
3 1296 1096 1320
3 1320 1096 1319
3 1297 1296 1320
3 1321 1297 1320
3 1297 1321 1298
3 1322 1323 1324
3 1323 1325 1326
3 1324 1323 1326
3 1325 1097 1099
3 1325 1099 1326
3 1326 1099 1327
3 1099 1101 1327
3 1101 1328 1327
3 1101 1103 1328
3 1103 1329 1328
3 1103 1104 1329
3 1104 1330 1329
3 1104 1105 1330
3 1105 1331 1330
3 1105 1106 1331
3 1106 1332 1331
3 1106 1107 1332
3 1107 1333 1332
3 1107 1108 1333
3 1108 1334 1333
3 1108 1109 1334
3 1109 1335 1334
3 1336 1337 1335
3 1336 1335 1110
3 1110 1335 1109
3 1110 1111 1338
3 1336 1110 1338
3 1111 1113 1338
3 1116 1117 1339
3 1117 1118 1340
3 1339 1117 1340
3 1341 1340 1118
3 1341 1118 1342
3 1342 1118 1119
3 1119 1120 1342
3 1120 1343 1342
3 1120 1121 1343
3 1121 1344 1343
3 1121 1122 1344
3 1122 1345 1344
3 1122 1123 1345
3 1123 1346 1345
3 1123 1124 1346
3 1124 1347 1346
3 1124 1126 1347
3 1126 1348 1347
3 1126 1128 1348
3 1128 1349 1348
3 1128 1130 1349
3 1130 1350 1349
3 1131 1351 1352
3 1131 1352 1130
3 1130 1352 1350
3 1351 1353 1354
3 1352 1351 1354
3 1353 1355 1354
3 1356 1357 1358
3 1322 1358 1357
3 1322 1357 1323
3 1323 1357 1359
3 1134 1359 1132
3 1134 1325 1359
3 1325 1323 1359
3 1134 1097 1325
3 1336 1360 1337
3 1338 1360 1336
3 1361 1360 1338
3 1113 1361 1338
3 1113 1135 1361
3 1135 1362 1361
3 1135 1136 1362
3 1136 1363 1362
3 1136 1137 1363
3 1137 1364 1363
3 1339 1137 1116
3 1339 1365 1137
3 1365 1364 1137
3 1340 1365 1339
3 1366 1365 1340
3 1340 1341 1366
3 1138 1351 1131
3 1140 1351 1138
3 1140 1367 1351
3 1367 1353 1351
3 1368 1355 1353
3 1368 1353 1369
3 1369 1353 1367
3 1369 1370 1368
3 1356 1371 1372
3 1357 1356 1372
3 1143 1372 1141
3 1143 1359 1372
3 1359 1357 1372
3 1143 1132 1359
3 1146 1367 1140
3 1148 1367 1146
3 1148 1373 1367
3 1373 1369 1367
3 1369 1373 1374
3 1370 1369 1374
3 1371 1375 1376
3 1372 1371 1376
3 1376 1141 1372
3 1149 1141 1376
3 1152 1373 1148
3 1377 1373 1152
3 1373 1377 1378
3 1374 1373 1378
3 1375 1379 1380
3 1376 1375 1380
3 1380 1149 1376
3 1153 1149 1380
3 1158 1377 1152
3 1381 1377 1158
3 1377 1381 1382
3 1378 1377 1382
3 1380 1379 1383
3 1383 1384 1385
3 1380 1383 1385
3 1380 1385 1159
3 1380 1159 1153
3 1159 1385 1160
3 1163 1386 1164
3 1387 1388 1381
3 1386 1387 1381
3 1386 1381 1158
3 1386 1158 1164
3 1381 1388 1382
3 1385 1384 1389
3 1389 1390 1391
3 1385 1389 1391
3 1385 1391 1165
3 1385 1165 1160
3 1165 1391 1166
3 1169 1392 1170
3 1393 1394 1386
3 1392 1393 1386
3 1392 1386 1163
3 1392 1163 1170
3 1386 1394 1387
3 1391 1390 1395
3 1395 1396 1397
3 1391 1395 1397
3 1391 1397 1171
3 1391 1171 1166
3 1171 1397 1172
3 1175 1398 1176
3 1399 1400 1392
3 1398 1399 1392
3 1398 1392 1169
3 1398 1169 1176
3 1392 1400 1393
3 1397 1396 1401
3 1172 1397 1401
3 1172 1401 1177
3 1177 1401 1402
3 1178 1402 1403
3 1177 1402 1178
3 1404 1182 1181
3 1405 1182 1404
3 1398 1175 1182
3 1398 1182 1406
3 1406 1182 1405
3 1398 1406 1399
3 1407 1183 1178
3 1403 1407 1178
3 1183 1407 1184
3 1184 1407 1408
3 1186 1408 1409
3 1184 1408 1186
3 1410 1189 1188
3 1411 1189 1410
3 1189 1411 1190
3 1190 1411 1412
3 1190 1412 1404
3 1181 1190 1404
3 1413 1191 1186
3 1409 1413 1186
3 1191 1413 1192
3 1192 1413 1414
3 1192 1414 1193
3 1193 1414 1415
3 1193 1415 1194
3 1194 1415 1416
3 1194 1416 1195
3 1195 1416 1417
3 1197 1417 1418
3 1195 1417 1197
3 1419 1200 1199
3 1420 1200 1419
3 1200 1420 1201
3 1201 1420 1421
3 1201 1421 1202
3 1202 1421 1422
3 1202 1422 1203
3 1203 1422 1423
3 1203 1423 1204
3 1204 1423 1424
3 1204 1424 1410
3 1188 1204 1410
3 1425 1205 1197
3 1418 1425 1197
3 1205 1425 1206
3 1206 1425 1426
3 1206 1426 1207
3 1207 1426 1427
3 1207 1427 1208
3 1208 1427 1428
3 1208 1428 1209
3 1209 1428 1429
3 1209 1429 1210
3 1210 1429 1430
3 1210 1430 1211
3 1211 1430 1431
3 1211 1431 1419
3 1199 1211 1419
3 1212 1213 1432
3 1213 1214 1433
3 1432 1213 1433
3 1214 1215 1434
3 1433 1214 1434
3 1215 1216 1435
3 1434 1215 1435
3 1216 1217 1436
3 1435 1216 1436
3 1217 1218 1437
3 1436 1217 1437
3 1218 1219 1438
3 1437 1218 1438
3 1219 1220 1438
3 1439 1221 1222
3 1440 1439 1222
3 1222 1223 1440
3 1223 1441 1440
3 1223 1224 1441
3 1224 1442 1441
3 1224 1225 1442
3 1225 1443 1442
3 1225 1226 1443
3 1226 1444 1443
3 1432 1226 1212
3 1432 1445 1226
3 1445 1444 1226
3 1433 1445 1432
3 1446 1445 1433
3 1434 1446 1433
3 1447 1446 1434
3 1435 1447 1434
3 1448 1447 1435
3 1436 1448 1435
3 1449 1448 1436
3 1437 1449 1436
3 1450 1449 1437
3 1438 1450 1437
3 1451 1450 1438
3 1220 1451 1438
3 1220 1227 1451
3 1227 1452 1451
3 1227 1228 1452
3 1228 1453 1452
3 1228 1229 1453
3 1229 1454 1453
3 1229 1230 1454
3 1230 1455 1454
3 1230 1231 1455
3 1231 1456 1455
3 1232 1457 1456
3 1231 1232 1456
3 1458 1459 1460
3 1459 1233 1234
3 1459 1234 1460
3 1460 1234 1461
3 1234 1235 1461
3 1235 1462 1461
3 1235 1439 1462
3 1221 1439 1235
3 1463 1232 1236
3 1457 1232 1463
3 1236 1237 1463
3 1237 1464 1463
3 1238 1465 1466
3 1238 1466 1237
3 1237 1466 1464
3 1465 1467 1466
3 1468 1469 1470
3 1469 1239 1241
3 1469 1241 1470
3 1470 1241 1471
3 1458 1242 1459
3 1458 1471 1242
3 1471 1241 1242
3 1242 1233 1459
3 1243 1465 1238
3 1465 1472 1467
3 1465 1243 1472
3 1243 1245 1472
3 1246 1473 1474
3 1246 1474 1245
3 1245 1474 1472
3 1473 1475 1474
3 1476 1477 1478
3 1249 1469 1468
3 1247 1249 1468
3 1247 1468 1478
3 1247 1478 1477
3 1249 1239 1469
3 1250 1473 1246
3 1473 1479 1475
3 1250 1479 1473
3 1250 1480 1479
3 1250 1252 1480
3 1480 1481 1479
3 1482 1483 1484
3 1255 1477 1476
3 1253 1255 1476
3 1253 1476 1484
3 1253 1484 1483
3 1255 1247 1477
3 1256 1480 1252
3 1480 1485 1481
3 1256 1485 1480
3 1256 1486 1485
3 1256 1258 1486
3 1486 1487 1485
3 1261 1483 1482
3 1261 1482 1259
3 1259 1482 1488
3 1261 1253 1483
3 1262 1486 1258
3 1486 1262 1264
3 1486 1264 1487
3 1487 1264 1489
3 1490 1491 1492
3 1491 1488 1492
3 1491 1265 1488
3 1265 1259 1488
3 1493 1268 1494
3 1493 1489 1268
3 1489 1264 1268
3 1494 1495 1493
3 1490 1496 1497
3 1491 1490 1497
3 1497 1265 1491
3 1269 1265 1497
3 1272 1494 1268
3 1498 1494 1272
3 1494 1498 1499
3 1495 1494 1499
3 1496 1500 1501
3 1497 1496 1501
3 1501 1269 1497
3 1273 1269 1501
3 1278 1498 1272
3 1502 1498 1278
3 1498 1502 1503
3 1499 1498 1503
3 1501 1500 1504
3 1504 1505 1506
3 1501 1504 1506
3 1501 1506 1279
3 1501 1279 1273
3 1279 1506 1280
3 1507 1508 1509
3 1509 1284 1283
3 1509 1508 1284
3 1508 1510 1284
3 1284 1510 1286
3 1286 1510 1511
3 1286 1511 1288
3 1288 1511 1512
3 1288 1512 1289
3 1289 1512 1513
3 1289 1513 1290
3 1290 1513 1514
3 1290 1514 1291
3 1291 1514 1515
3 1291 1515 1293
3 1293 1515 1516
3 1295 1517 1518
3 1295 1293 1517
3 1293 1516 1517
3 1518 1517 1519
3 1298 1520 1299
3 1521 1522 1502
3 1520 1521 1502
3 1520 1502 1278
3 1520 1278 1299
3 1502 1522 1503
3 1506 1505 1523
3 1280 1506 1523
3 1280 1523 1300
3 1300 1523 1524
3 1300 1524 1301
3 1301 1524 1525
3 1301 1525 1302
3 1302 1525 1526
3 1302 1526 1303
3 1303 1526 1527
3 1303 1527 1304
3 1304 1527 1528
3 1304 1528 1305
3 1305 1528 1529
3 1305 1529 1306
3 1306 1529 1530
3 1306 1530 1307
3 1307 1530 1531
3 1307 1531 1308
3 1308 1531 1532
3 1308 1532 1309
3 1309 1532 1533
3 1507 1509 1310
3 1507 1310 1533
3 1533 1310 1309
3 1310 1509 1283
3 1311 1295 1518
3 1518 1519 1534
3 1518 1534 1311
3 1311 1534 1312
3 1312 1534 1313
3 1313 1534 1535
3 1313 1535 1314
3 1314 1535 1536
3 1314 1536 1315
3 1315 1536 1537
3 1315 1537 1316
3 1316 1537 1538
3 1316 1538 1317
3 1317 1538 1539
3 1317 1539 1318
3 1318 1539 1540
3 1318 1540 1319
3 1319 1540 1541
3 1319 1541 1320
3 1320 1541 1542
3 1320 1542 1321
3 1321 1542 1543
3 1520 1298 1321
3 1520 1321 1544
3 1544 1321 1543
3 1520 1544 1521
3 1545 1546 1547
3 1546 1322 1324
3 1546 1324 1547
3 1547 1324 1548
3 1324 1326 1548
3 1326 1549 1548
3 1326 1327 1549
3 1327 1550 1549
3 1327 1328 1550
3 1328 1551 1550
3 1328 1329 1551
3 1329 1552 1551
3 1329 1330 1552
3 1330 1553 1552
3 1330 1331 1553
3 1331 1554 1553
3 1331 1332 1554
3 1332 1555 1554
3 1332 1333 1555
3 1333 1556 1555
3 1333 1334 1556
3 1334 1557 1556
3 1558 1559 1557
3 1558 1557 1335
3 1335 1557 1334
3 1335 1337 1558
3 1341 1342 1560
3 1561 1560 1342
3 1561 1342 1562
3 1562 1342 1343
3 1343 1344 1562
3 1344 1563 1562
3 1344 1345 1563
3 1345 1564 1563
3 1345 1346 1564
3 1346 1565 1564
3 1346 1347 1565
3 1347 1566 1565
3 1347 1348 1566
3 1348 1567 1566
3 1348 1349 1567
3 1349 1568 1567
3 1349 1350 1568
3 1350 1569 1568
3 1350 1352 1569
3 1352 1570 1569
3 1352 1354 1570
3 1354 1571 1570
3 1355 1572 1573
3 1355 1573 1354
3 1354 1573 1571
3 1572 1574 1573
3 1575 1576 1577
3 1358 1546 1545
3 1356 1358 1545
3 1356 1545 1577
3 1356 1577 1576
3 1358 1322 1546
3 1558 1578 1559
3 1337 1578 1558
3 1337 1360 1578
3 1360 1579 1578
3 1360 1361 1579
3 1361 1580 1579
3 1361 1362 1580
3 1362 1581 1580
3 1362 1363 1581
3 1363 1582 1581
3 1363 1364 1582
3 1364 1583 1582
3 1364 1365 1583
3 1365 1584 1583
3 1365 1366 1584
3 1366 1585 1584
3 1560 1366 1341
3 1560 1586 1366
3 1586 1585 1366
3 1560 1561 1586
3 1368 1572 1355
3 1572 1587 1574
3 1368 1587 1572
3 1368 1588 1587
3 1368 1370 1588
3 1588 1589 1587
3 1575 1590 1591
3 1576 1575 1591
3 1591 1356 1576
3 1371 1356 1591
3 1374 1588 1370
3 1592 1588 1374
3 1588 1592 1593
3 1589 1588 1593
3 1590 1594 1595
3 1591 1590 1595
3 1595 1371 1591
3 1375 1371 1595
3 1378 1592 1374
3 1596 1592 1378
3 1592 1596 1597
3 1593 1592 1597
3 1595 1594 1598
3 1598 1375 1595
3 1598 1599 1375
3 1599 1379 1375
3 1596 1600 1601
3 1596 1378 1600
3 1378 1382 1600
3 1596 1601 1597
3 1602 1383 1379
3 1602 1379 1603
3 1603 1379 1599
3 1383 1602 1384
3 1387 1604 1388
3 1388 1604 1605
3 1388 1605 1382
3 1382 1605 1600
3 1602 1603 1606
3 1606 1607 1608
3 1602 1606 1608
3 1602 1608 1389
3 1602 1389 1384
3 1389 1608 1390
3 1393 1609 1394
3 1610 1611 1604
3 1609 1610 1604
3 1609 1604 1387
3 1609 1387 1394
3 1604 1611 1605
3 1608 1607 1612
3 1612 1613 1614
3 1608 1612 1614
3 1608 1614 1395
3 1608 1395 1390
3 1395 1614 1396
3 1399 1615 1400
3 1616 1617 1609
3 1615 1616 1609
3 1615 1609 1393
3 1615 1393 1400
3 1609 1617 1610
3 1614 1613 1618
3 1396 1614 1618
3 1396 1618 1401
3 1401 1618 1619
3 1620 1619 1621
3 1620 1402 1619
3 1402 1401 1619
3 1402 1620 1403
3 1404 1622 1405
3 1623 1405 1622
3 1623 1624 1405
3 1624 1406 1405
3 1615 1399 1406
3 1615 1406 1625
3 1625 1406 1624
3 1615 1625 1616
3 1620 1621 1626
3 1403 1620 1626
3 1403 1626 1407
3 1407 1626 1627
3 1407 1627 1408
3 1408 1627 1628
3 1409 1628 1629
3 1408 1628 1409
3 1630 1411 1410
3 1631 1411 1630
3 1411 1631 1412
3 1412 1631 1632
3 1622 1404 1412
3 1622 1412 1633
3 1633 1412 1632
3 1622 1633 1623
3 1634 1413 1409
3 1629 1634 1409
3 1413 1634 1414
3 1414 1634 1635
3 1414 1635 1415
3 1415 1635 1636
3 1415 1636 1416
3 1416 1636 1637
3 1416 1637 1417
3 1417 1637 1638
3 1418 1639 1640
3 1418 1417 1639
3 1417 1638 1639
3 1640 1641 1642
3 1639 1641 1640
3 1642 1643 1644
3 1641 1643 1642
3 1644 1645 1646
3 1643 1645 1644
3 1646 1647 1648
3 1645 1647 1646
3 1648 1649 1650
3 1647 1649 1648
3 1650 1651 1652
3 1649 1651 1650
3 1652 1420 1419
3 1652 1651 1420
3 1651 1653 1420
3 1420 1653 1421
3 1421 1653 1654
3 1421 1654 1422
3 1422 1654 1655
3 1422 1655 1423
3 1423 1655 1656
3 1423 1656 1424
3 1424 1656 1657
3 1424 1657 1630
3 1410 1424 1630
3 1425 1418 1640
3 1426 1425 1640
3 1642 1426 1640
3 1427 1426 1642
3 1644 1427 1642
3 1428 1427 1644
3 1646 1428 1644
3 1429 1428 1646
3 1648 1429 1646
3 1430 1429 1648
3 1650 1430 1648
3 1431 1430 1650
3 1652 1431 1650
3 1431 1652 1419
3 1439 1440 1658
3 1440 1441 1659
3 1658 1440 1659
3 1441 1442 1660
3 1659 1441 1660
3 1442 1443 1661
3 1660 1442 1661
3 1443 1444 1662
3 1661 1443 1662
3 1444 1445 1663
3 1662 1444 1663
3 1445 1446 1664
3 1663 1445 1664
3 1446 1447 1665
3 1664 1446 1665
3 1447 1448 1666
3 1665 1447 1666
3 1448 1449 1667
3 1666 1448 1667
3 1449 1450 1668
3 1667 1449 1668
3 1450 1451 1669
3 1668 1450 1669
3 1451 1452 1670
3 1669 1451 1670
3 1452 1453 1671
3 1670 1452 1671
3 1453 1454 1672
3 1671 1453 1672
3 1454 1455 1673
3 1672 1454 1673
3 1455 1456 1674
3 1673 1455 1674
3 1456 1457 1674
3 1675 1458 1460
3 1676 1675 1460
3 1460 1461 1676
3 1461 1677 1676
3 1461 1462 1677
3 1462 1678 1677
3 1658 1462 1439
3 1658 1679 1462
3 1679 1678 1462
3 1659 1679 1658
3 1680 1679 1659
3 1660 1680 1659
3 1681 1680 1660
3 1661 1681 1660
3 1682 1681 1661
3 1662 1682 1661
3 1683 1682 1662
3 1663 1683 1662
3 1684 1683 1663
3 1664 1684 1663
3 1685 1684 1664
3 1665 1685 1664
3 1686 1685 1665
3 1666 1686 1665
3 1687 1686 1666
3 1667 1687 1666
3 1688 1687 1667
3 1668 1688 1667
3 1689 1688 1668
3 1669 1689 1668
3 1690 1689 1669
3 1670 1690 1669
3 1691 1690 1670
3 1671 1691 1670
3 1692 1691 1671
3 1672 1692 1671
3 1693 1692 1672
3 1673 1693 1672
3 1694 1693 1673
3 1674 1694 1673
3 1695 1694 1674
3 1457 1695 1674
3 1457 1463 1695
3 1463 1696 1695
3 1463 1464 1696
3 1464 1697 1696
3 1464 1466 1697
3 1466 1698 1697
3 1467 1699 1698
3 1466 1467 1698
3 1700 1468 1470
3 1701 1700 1470
3 1470 1471 1701
3 1471 1702 1701
3 1471 1675 1702
3 1458 1675 1471
3 1703 1467 1472
3 1699 1467 1703
3 1472 1474 1703
3 1474 1704 1703
3 1475 1705 1704
3 1474 1475 1704
3 1706 1476 1478
3 1707 1706 1478
3 1478 1700 1707
3 1468 1700 1478
3 1708 1475 1479
3 1705 1475 1708
3 1481 1709 1708
3 1479 1481 1708
3 1710 1482 1484
3 1711 1710 1484
3 1484 1706 1711
3 1476 1706 1484
3 1712 1481 1485
3 1709 1481 1712
3 1487 1713 1712
3 1485 1487 1712
3 1714 1715 1716
3 1715 1710 1716
3 1715 1488 1710
3 1488 1482 1710
3 1717 1489 1718
3 1717 1713 1489
3 1713 1487 1489
3 1718 1719 1717
3 1720 1721 1722
3 1492 1715 1714
3 1490 1492 1714
3 1490 1714 1722
3 1490 1722 1721
3 1492 1488 1715
3 1493 1718 1489
3 1718 1723 1719
3 1493 1723 1718
3 1493 1724 1723
3 1493 1495 1724
3 1724 1725 1723
3 1720 1726 1727
3 1721 1720 1727
3 1727 1490 1721
3 1496 1490 1727
3 1499 1724 1495
3 1728 1724 1499
3 1724 1728 1729
3 1725 1724 1729
3 1726 1730 1731
3 1727 1726 1731
3 1731 1496 1727
3 1500 1496 1731
3 1503 1728 1499
3 1732 1728 1503
3 1728 1732 1733
3 1729 1728 1733
3 1731 1730 1734
3 1734 1735 1736
3 1731 1734 1736
3 1731 1736 1504
3 1731 1504 1500
3 1504 1736 1505
3 1737 1738 1739
3 1739 1508 1507
3 1739 1738 1508
3 1738 1740 1508
3 1508 1740 1510
3 1510 1740 1741
3 1510 1741 1511
3 1511 1741 1742
3 1511 1742 1512
3 1512 1742 1743
3 1512 1743 1513
3 1513 1743 1744
3 1513 1744 1514
3 1514 1744 1745
3 1514 1745 1515
3 1515 1745 1746
3 1515 1746 1516
3 1516 1746 1747
3 1516 1747 1517
3 1517 1747 1748
3 1519 1749 1750
3 1519 1517 1749
3 1517 1748 1749
3 1750 1749 1751
3 1521 1752 1522
3 1753 1754 1732
3 1752 1753 1732
3 1752 1732 1503
3 1752 1503 1522
3 1732 1754 1733
3 1736 1735 1755
3 1755 1756 1757
3 1736 1755 1757
3 1736 1757 1523
3 1736 1523 1505
3 1523 1758 1524
3 1757 1758 1523
3 1524 1759 1525
3 1758 1759 1524
3 1525 1760 1526
3 1759 1760 1525
3 1761 1526 1760
3 1761 1762 1526
3 1762 1527 1526
3 1527 1762 1528
3 1528 1762 1763
3 1528 1763 1529
3 1529 1763 1764
3 1529 1764 1530
3 1530 1764 1765
3 1530 1765 1531
3 1531 1765 1766
3 1531 1766 1532
3 1532 1766 1767
3 1737 1739 1533
3 1737 1533 1767
3 1767 1533 1532
3 1533 1739 1507
3 1534 1519 1750
3 1750 1751 1768
3 1750 1768 1534
3 1534 1768 1535
3 1535 1768 1536
3 1536 1768 1769
3 1536 1769 1537
3 1537 1769 1770
3 1537 1770 1538
3 1538 1770 1771
3 1538 1771 1539
3 1539 1771 1772
3 1539 1772 1540
3 1540 1772 1773
3 1774 1773 1775
3 1774 1541 1773
3 1541 1540 1773
3 1541 1776 1542
3 1774 1776 1541
3 1542 1777 1543
3 1776 1777 1542
3 1543 1778 1544
3 1777 1778 1543
3 1779 1780 1752
3 1778 1779 1752
3 1778 1752 1521
3 1778 1521 1544
3 1752 1780 1753
3 1757 1756 1781
3 1758 1757 1781
3 1782 1758 1781
3 1759 1758 1782
3 1783 1759 1782
3 1760 1759 1783
3 1784 1760 1783
3 1760 1784 1761
3 1774 1775 1785
3 1776 1774 1785
3 1786 1776 1785
3 1777 1776 1786
3 1787 1777 1786
3 1778 1777 1787
3 1788 1778 1787
3 1778 1788 1779
3 1789 1790 1791
3 1790 1792 1793
3 1791 1790 1793
3 1792 1794 1795
3 1793 1792 1795
3 1794 1796 1797
3 1795 1794 1797
3 1796 1798 1797
3 1799 1800 1801
3 1800 1802 1803
3 1801 1800 1803
3 1802 1804 1805
3 1803 1802 1805
3 1804 1806 1807
3 1805 1804 1807
3 1806 1808 1807
3 1809 1810 1811
3 1547 1790 1789
3 1545 1547 1789
3 1545 1789 1811
3 1545 1811 1810
3 1548 1790 1547
3 1792 1790 1548
3 1549 1792 1548
3 1794 1792 1549
3 1550 1794 1549
3 1796 1794 1550
3 1796 1812 1798
3 1796 1550 1812
3 1550 1551 1812
3 1551 1552 1812
3 1552 1813 1812
3 1552 1553 1813
3 1553 1814 1813
3 1553 1554 1814
3 1554 1815 1814
3 1554 1555 1815
3 1555 1816 1815
3 1555 1556 1816
3 1556 1817 1816
3 1818 1819 1817
3 1818 1817 1557
3 1557 1817 1556
3 1557 1559 1818
3 1561 1562 1820
3 1821 1820 1562
3 1821 1562 1822
3 1822 1562 1563
3 1563 1564 1822
3 1564 1823 1822
3 1564 1565 1823
3 1565 1824 1823
3 1565 1566 1824
3 1566 1825 1824
3 1566 1567 1825
3 1567 1826 1825
3 1567 1568 1826
3 1568 1827 1826
3 1799 1569 1800
3 1799 1827 1569
3 1827 1568 1569
3 1570 1800 1569
3 1802 1800 1570
3 1571 1802 1570
3 1804 1802 1571
3 1573 1804 1571
3 1806 1804 1573
3 1806 1828 1808
3 1573 1828 1806
3 1573 1829 1828
3 1573 1574 1829
3 1829 1830 1828
3 1831 1832 1833
3 1577 1810 1809
3 1575 1577 1809
3 1575 1809 1833
3 1575 1833 1832
3 1577 1545 1810
3 1818 1834 1819
3 1559 1834 1818
3 1559 1578 1834
3 1578 1835 1834
3 1578 1579 1835
3 1579 1836 1835
3 1579 1580 1836
3 1580 1837 1836
3 1580 1581 1837
3 1581 1838 1837
3 1581 1582 1838
3 1582 1839 1838
3 1582 1583 1839
3 1583 1840 1839
3 1583 1584 1840
3 1584 1841 1840
3 1584 1585 1841
3 1585 1842 1841
3 1585 1586 1842
3 1586 1843 1842
3 1820 1586 1561
3 1820 1844 1586
3 1844 1843 1586
3 1820 1821 1844
3 1587 1829 1574
3 1829 1845 1830
3 1587 1845 1829
3 1587 1846 1845
3 1587 1589 1846
3 1846 1847 1845
3 1831 1848 1849
3 1832 1831 1849
3 1849 1575 1832
3 1590 1575 1849
3 1593 1846 1589
3 1850 1846 1593
3 1846 1850 1851
3 1847 1846 1851
3 1848 1852 1853
3 1849 1848 1853
3 1853 1590 1849
3 1594 1590 1853
3 1597 1850 1593
3 1854 1850 1597
3 1850 1854 1855
3 1851 1850 1855
3 1853 1852 1856
3 1856 1857 1858
3 1853 1856 1858
3 1853 1858 1598
3 1853 1598 1594
3 1598 1858 1599
3 1600 1859 1601
3 1860 1861 1854
3 1859 1860 1854
3 1859 1854 1597
3 1859 1597 1601
3 1854 1861 1855
3 1858 1857 1862
3 1862 1599 1858
3 1862 1863 1599
3 1863 1603 1599
3 1859 1864 1865
3 1859 1600 1864
3 1600 1605 1864
3 1859 1865 1860
3 1866 1606 1603
3 1863 1866 1603
3 1607 1866 1867
3 1606 1866 1607
3 1868 1611 1610
3 1869 1611 1868
3 1611 1869 1864
3 1605 1611 1864
3 1870 1612 1607
3 1867 1870 1607
3 1613 1870 1871
3 1612 1870 1613
3 1872 1617 1616
3 1873 1617 1872
3 1617 1873 1868
3 1610 1617 1868
3 1874 1618 1613
3 1871 1874 1613
3 1618 1874 1619
3 1619 1874 1875
3 1621 1875 1876
3 1619 1875 1621
3 1877 1624 1623
3 1878 1624 1877
3 1624 1878 1625
3 1625 1878 1879
3 1625 1879 1872
3 1616 1625 1872
3 1880 1626 1621
3 1876 1880 1621
3 1626 1880 1627
3 1627 1880 1881
3 1627 1881 1628
3 1628 1881 1882
3 1629 1883 1884
3 1629 1628 1883
3 1628 1882 1883
3 1884 1885 1886
3 1883 1885 1884
3 1886 1887 1888
3 1885 1887 1886
3 1888 1889 1890
3 1887 1889 1888
3 1890 1891 1892
3 1889 1891 1890
3 1892 1893 1894
3 1891 1893 1892
3 1894 1895 1896
3 1893 1895 1894
3 1896 1897 1898
3 1895 1897 1896
3 1898 1899 1900
3 1897 1899 1898
3 1900 1901 1902
3 1899 1901 1900
3 1902 1903 1904
3 1901 1903 1902
3 1904 1905 1906
3 1903 1905 1904
3 1906 1907 1908
3 1905 1907 1906
3 1908 1909 1910
3 1907 1909 1908
3 1910 1911 1912
3 1909 1911 1910
3 1912 1913 1914
3 1911 1913 1912
3 1914 1915 1916
3 1913 1915 1914
3 1916 1631 1630
3 1916 1915 1631
3 1915 1917 1631
3 1631 1917 1632
3 1632 1917 1918
3 1632 1918 1633
3 1633 1918 1919
3 1633 1919 1877
3 1623 1633 1877
3 1634 1629 1884
3 1635 1634 1884
3 1886 1635 1884
3 1636 1635 1886
3 1888 1636 1886
3 1637 1636 1888
3 1890 1637 1888
3 1638 1637 1890
3 1892 1638 1890
3 1639 1638 1892
3 1894 1639 1892
3 1641 1639 1894
3 1896 1641 1894
3 1643 1641 1896
3 1898 1643 1896
3 1645 1643 1898
3 1900 1645 1898
3 1647 1645 1900
3 1902 1647 1900
3 1649 1647 1902
3 1904 1649 1902
3 1651 1649 1904
3 1906 1651 1904
3 1653 1651 1906
3 1908 1653 1906
3 1654 1653 1908
3 1910 1654 1908
3 1655 1654 1910
3 1912 1655 1910
3 1656 1655 1912
3 1914 1656 1912
3 1657 1656 1914
3 1916 1657 1914
3 1657 1916 1630
3 1675 1676 1920
3 1676 1677 1921
3 1920 1676 1921
3 1677 1678 1922
3 1921 1677 1922
3 1678 1679 1923
3 1922 1678 1923
3 1679 1680 1924
3 1923 1679 1924
3 1680 1681 1925
3 1924 1680 1925
3 1681 1682 1926
3 1925 1681 1926
3 1682 1683 1927
3 1926 1682 1927
3 1683 1684 1928
3 1927 1683 1928
3 1684 1685 1929
3 1928 1684 1929
3 1685 1686 1930
3 1929 1685 1930
3 1686 1687 1931
3 1930 1686 1931
3 1687 1688 1932
3 1931 1687 1932
3 1688 1689 1933
3 1932 1688 1933
3 1689 1690 1934
3 1933 1689 1934
3 1690 1691 1935
3 1934 1690 1935
3 1691 1692 1936
3 1935 1691 1936
3 1692 1693 1937
3 1936 1692 1937
3 1693 1694 1938
3 1937 1693 1938
3 1694 1695 1939
3 1938 1694 1939
3 1695 1696 1940
3 1939 1695 1940
3 1696 1697 1941
3 1940 1696 1941
3 1697 1698 1942
3 1941 1697 1942
3 1698 1699 1942
3 1943 1700 1701
3 1944 1943 1701
3 1701 1702 1944
3 1702 1945 1944
3 1920 1702 1675
3 1920 1946 1702
3 1946 1945 1702
3 1921 1946 1920
3 1947 1946 1921
3 1922 1947 1921
3 1948 1947 1922
3 1923 1948 1922
3 1949 1948 1923
3 1924 1949 1923
3 1950 1949 1924
3 1925 1950 1924
3 1951 1950 1925
3 1926 1951 1925
3 1952 1951 1926
3 1927 1952 1926
3 1953 1952 1927
3 1928 1953 1927
3 1954 1953 1928
3 1929 1954 1928
3 1955 1954 1929
3 1930 1955 1929
3 1956 1955 1930
3 1931 1956 1930
3 1957 1956 1931
3 1932 1957 1931
3 1958 1957 1932
3 1933 1958 1932
3 1959 1958 1933
3 1934 1959 1933
3 1960 1959 1934
3 1935 1960 1934
3 1961 1960 1935
3 1936 1961 1935
3 1962 1961 1936
3 1937 1962 1936
3 1963 1962 1937
3 1938 1963 1937
3 1964 1963 1938
3 1939 1964 1938
3 1965 1964 1939
3 1940 1965 1939
3 1966 1965 1940
3 1941 1966 1940
3 1967 1966 1941
3 1942 1967 1941
3 1968 1967 1942
3 1699 1968 1942
3 1699 1703 1968
3 1703 1969 1968
3 1703 1704 1969
3 1704 1970 1969
3 1705 1971 1970
3 1704 1705 1970
3 1972 1706 1707
3 1973 1972 1707
3 1707 1943 1973
3 1700 1943 1707
3 1974 1705 1708
3 1971 1705 1974
3 1709 1975 1974
3 1708 1709 1974
3 1976 1977 1978
3 1977 1710 1711
3 1977 1711 1978
3 1978 1711 1979
3 1711 1972 1979
3 1706 1972 1711
3 1980 1709 1712
3 1975 1709 1980
3 1713 1981 1982
3 1713 1982 1712
3 1712 1982 1980
3 1981 1983 1982
3 1984 1985 1986
3 1716 1977 1976
3 1714 1716 1976
3 1714 1976 1986
3 1714 1986 1985
3 1716 1710 1977
3 1717 1981 1713
3 1981 1987 1983
3 1717 1987 1981
3 1717 1988 1987
3 1717 1719 1988
3 1988 1989 1987
3 1722 1985 1984
3 1722 1984 1720
3 1720 1984 1990
3 1722 1714 1985
3 1723 1988 1719
3 1988 1723 1725
3 1988 1725 1989
3 1989 1725 1991
3 1992 1993 1994
3 1993 1990 1994
3 1993 1726 1990
3 1726 1720 1990
3 1995 1729 1996
3 1995 1991 1729
3 1991 1725 1729
3 1996 1997 1995
3 1992 1998 1999
3 1993 1992 1999
3 1999 1726 1993
3 1730 1726 1999
3 1733 1996 1729
3 2000 1996 1733
3 1996 2000 2001
3 1997 1996 2001
3 1999 1998 2002
3 2002 2003 2004
3 1999 2002 2004
3 1999 2004 1734
3 1999 1734 1730
3 1734 2004 1735
3 2005 2006 2007
3 2007 1738 1737
3 2007 2006 1738
3 2006 2008 1738
3 1738 2008 1740
3 1740 2008 2009
3 1740 2009 1741
3 1741 2009 2010
3 1741 2010 1742
3 1742 2010 2011
3 1742 2011 1743
3 1743 2011 2012
3 1743 2012 1744
3 1744 2012 2013
3 1744 2013 1745
3 1745 2013 2014
3 1745 2014 1746
3 1746 2014 2015
3 1746 2015 1747
3 1747 2015 2016
3 1747 2016 1748
3 1748 2016 2017
3 1748 2017 1749
3 1749 2017 2018
3 1751 2019 2020
3 1751 1749 2019
3 1749 2018 2019
3 2020 2019 2021
3 1753 2022 1754
3 2023 2024 2000
3 2022 2023 2000
3 2022 2000 1733
3 2022 1733 1754
3 2000 2024 2001
3 2004 2003 2025
3 2025 2026 2027
3 2004 2025 2027
3 2004 2027 1755
3 2004 1755 1735
3 1755 2027 1756
3 2028 1762 1761
3 2029 1762 2028
3 1762 2029 1763
3 1763 2029 2030
3 1763 2030 1764
3 1764 2030 2031
3 1764 2031 1765
3 1765 2031 2032
3 1765 2032 1766
3 1766 2032 2033
3 2005 2007 1767
3 2005 1767 2033
3 2033 1767 1766
3 1767 2007 1737
3 1768 1751 2020
3 2020 2021 2034
3 2020 2034 1768
3 1768 2034 1769
3 1769 2034 1770
3 1770 2034 2035
3 1770 2035 1771
3 1771 2035 2036
3 1771 2036 1772
3 1772 2036 2037
3 1772 2037 1773
3 1773 2037 2038
3 1775 2038 2039
3 1773 2038 1775
3 1779 2040 1780
3 2041 2042 2022
3 2040 2041 2022
3 2040 2022 1753
3 2040 1753 1780
3 2022 2042 2023
3 2027 2026 2043
3 1756 2027 2043
3 1756 2043 1781
3 1781 2043 2044
3 1781 2044 1782
3 1782 2044 2045
3 1782 2045 1783
3 1783 2045 2046
3 1783 2046 1784
3 1784 2046 2047
3 1784 2047 2028
3 1761 1784 2028
3 2048 1785 1775
3 2039 2048 1775
3 1785 2048 1786
3 1786 2048 2049
3 1786 2049 1787
3 1787 2049 2050
3 1787 2050 1788
3 1788 2050 2051
3 2040 1779 1788
3 2040 1788 2052
3 2052 1788 2051
3 2040 2052 2041
3 2053 2054 2055
3 2054 1789 1791
3 2054 1791 2055
3 2055 1791 2056
3 1791 1793 2056
3 1793 2057 2056
3 1793 1795 2057
3 1795 2058 2057
3 1795 1797 2058
3 1797 2059 2058
3 1798 2060 2059
3 1797 1798 2059
3 2061 1799 1801
3 2062 2061 1801
3 1801 1803 2062
3 1803 2063 2062
3 1803 1805 2063
3 1805 2064 2063
3 1805 1807 2064
3 1807 2065 2064
3 1808 2066 2067
3 1808 2067 1807
3 1807 2067 2065
3 2066 2068 2067
3 2069 2070 2071
3 1811 2054 2053
3 1809 1811 2053
3 1809 2053 2071
3 1809 2071 2070
3 1811 1789 2054
3 2072 1798 1812
3 2060 1798 2072
3 1812 1813 2072
3 1813 2073 2072
3 1813 1814 2073
3 1814 2074 2073
3 1814 1815 2074
3 1815 2075 2074
3 1815 1816 2075
3 1816 2076 2075
3 2077 2078 2076
3 2077 2076 1817
3 1817 2076 1816
3 1817 1819 2077
3 1821 1822 2079
3 2080 2079 1822
3 2080 1822 2081
3 2081 1822 1823
3 1823 1824 2081
3 1824 2082 2081
3 1824 1825 2082
3 1825 2083 2082
3 1825 1826 2083
3 1826 2084 2083
3 1826 1827 2084
3 1827 2085 2084
3 1827 2061 2085
3 1799 2061 1827
3 1828 2066 1808
3 2066 2086 2068
3 1828 2086 2066
3 1828 2087 2086
3 1828 1830 2087
3 2087 2088 2086
3 2089 2090 2091
3 1833 2070 2069
3 1831 1833 2069
3 1831 2069 2091
3 1831 2091 2090
3 1833 1809 2070
3 2077 2092 2078
3 1819 2092 2077
3 1819 1834 2092
3 1834 2093 2092
3 1834 1835 2093
3 1835 2094 2093
3 1835 1836 2094
3 1836 2095 2094
3 1836 1837 2095
3 1837 2096 2095
3 1837 1838 2096
3 1838 2097 2096
3 1838 1839 2097
3 1839 2098 2097
3 1839 1840 2098
3 1840 2099 2098
3 1840 1841 2099
3 1841 2100 2099
3 1841 1842 2100
3 1842 2101 2100
3 1842 1843 2101
3 1843 2102 2101
3 1843 1844 2102
3 1844 2103 2102
3 2079 1844 1821
3 2079 2104 1844
3 2104 2103 1844
3 2079 2080 2104
3 1845 2087 1830
3 2087 2105 2088
3 1845 2105 2087
3 1845 2106 2105
3 1845 1847 2106
3 2106 2107 2105
3 2089 2108 2109
3 2090 2089 2109
3 2109 1831 2090
3 1848 1831 2109
3 1851 2106 1847
3 2110 2106 1851
3 2106 2110 2111
3 2107 2106 2111
3 2109 2108 2112
3 2112 1848 2109
3 2112 2113 1848
3 2113 1852 1848
3 2110 2114 2115
3 2110 1851 2114
3 1851 1855 2114
3 2110 2115 2111
3 2116 1856 1852
3 2116 1852 2117
3 2117 1852 2113
3 1856 2116 1857
3 1860 2118 1861
3 1861 2118 2119
3 1861 2119 1855
3 1855 2119 2114
3 2116 2117 2120
3 2120 2121 2122
3 2116 2120 2122
3 2116 2122 1862
3 2116 1862 1857
3 1862 2122 1863
3 1864 2123 1865
3 2124 2125 2118
3 2123 2124 2118
3 2123 2118 1860
3 2123 1860 1865
3 2118 2125 2119
3 2122 2121 2126
3 1863 2122 2126
3 1863 2126 1866
3 1866 2126 2127
3 1867 2127 2128
3 1866 2127 1867
3 2129 1869 1868
3 2130 1869 2129
3 2123 1864 1869
3 2123 1869 2131
3 2131 1869 2130
3 2123 2131 2124
3 2132 1870 1867
3 2128 2132 1867
3 1871 2132 2133
3 1870 2132 1871
3 2134 1873 1872
3 2135 1873 2134
3 1873 2135 2129
3 1868 1873 2129
3 2136 1874 1871
3 2133 2136 1871
3 1874 2136 1875
3 1875 2136 2137
3 1876 2138 2139
3 1876 1875 2138
3 1875 2137 2138
3 2139 2140 2141
3 2138 2140 2139
3 2141 2142 2143
3 2140 2142 2141
3 2143 2144 2145
3 2142 2144 2143
3 2145 2146 2147
3 2144 2146 2145
3 2147 2148 2149
3 2146 2148 2147
3 2149 2150 2151
3 2148 2150 2149
3 2151 2152 2153
3 2150 2152 2151
3 2153 2154 2155
3 2152 2154 2153
3 2155 2156 2157
3 2154 2156 2155
3 2157 2158 2159
3 2156 2158 2157
3 2159 2160 2161
3 2158 2160 2159
3 2161 2162 2163
3 2160 2162 2161
3 2163 2164 2165
3 2162 2164 2163
3 2165 2166 2167
3 2164 2166 2165
3 2167 2168 2169
3 2166 2168 2167
3 2169 2170 2171
3 2168 2170 2169
3 2171 2172 2173
3 2170 2172 2171
3 2173 2174 2175
3 2172 2174 2173
3 2175 2176 2177
3 2174 2176 2175
3 2177 2178 2179
3 2176 2178 2177
3 2179 2180 2181
3 2178 2180 2179
3 2181 2182 2183
3 2180 2182 2181
3 2183 1878 1877
3 2183 2182 1878
3 2182 2184 1878
3 1878 2184 1879
3 1879 2184 2185
3 1879 2185 2134
3 1872 1879 2134
3 1880 1876 2139
3 1881 1880 2139
3 2141 1881 2139
3 1882 1881 2141
3 2143 1882 2141
3 1883 1882 2143
3 2145 1883 2143
3 1885 1883 2145
3 2147 1885 2145
3 1887 1885 2147
3 2149 1887 2147
3 1889 1887 2149
3 2151 1889 2149
3 1891 1889 2151
3 2153 1891 2151
3 1893 1891 2153
3 2155 1893 2153
3 1895 1893 2155
3 2157 1895 2155
3 1897 1895 2157
3 2159 1897 2157
3 1899 1897 2159
3 2161 1899 2159
3 1901 1899 2161
3 2163 1901 2161
3 1903 1901 2163
3 2165 1903 2163
3 1905 1903 2165
3 2167 1905 2165
3 1907 1905 2167
3 2169 1907 2167
3 1909 1907 2169
3 2171 1909 2169
3 1911 1909 2171
3 2173 1911 2171
3 1913 1911 2173
3 2175 1913 2173
3 1915 1913 2175
3 2177 1915 2175
3 1917 1915 2177
3 2179 1917 2177
3 1918 1917 2179
3 2181 1918 2179
3 1919 1918 2181
3 2183 1919 2181
3 1919 2183 1877
3 1943 1944 2186
3 1944 1945 2187
3 2186 1944 2187
3 1945 1946 2188
3 2187 1945 2188
3 1946 1947 2189
3 2188 1946 2189
3 1947 1948 2190
3 2189 1947 2190
3 1948 1949 2191
3 2190 1948 2191
3 1949 1950 2192
3 2191 1949 2192
3 1950 1951 2193
3 2192 1950 2193
3 1951 1952 2194
3 2193 1951 2194
3 1952 1953 2195
3 2194 1952 2195
3 1953 1954 2196
3 2195 1953 2196
3 1954 1955 2197
3 2196 1954 2197
3 1955 1956 2198
3 2197 1955 2198
3 1956 1957 2199
3 2198 1956 2199
3 1957 1958 2200
3 2199 1957 2200
3 1958 1959 2201
3 2200 1958 2201
3 1959 1960 2202
3 2201 1959 2202
3 1960 1961 2203
3 2202 1960 2203
3 1961 1962 2204
3 2203 1961 2204
3 1962 1963 2205
3 2204 1962 2205
3 1963 1964 2206
3 2205 1963 2206
3 1964 1965 2207
3 2206 1964 2207
3 1965 1966 2208
3 2207 1965 2208
3 1966 1967 2209
3 2208 1966 2209
3 1967 1968 2210
3 2209 1967 2210
3 1968 1969 2211
3 2210 1968 2211
3 1969 1970 2212
3 2211 1969 2212
3 1970 1971 2212
3 2213 1972 1973
3 2214 2213 1973
3 2186 1973 1943
3 2186 2215 1973
3 2215 2214 1973
3 2187 2215 2186
3 2216 2215 2187
3 2188 2216 2187
3 2217 2216 2188
3 2189 2217 2188
3 2218 2217 2189
3 2190 2218 2189
3 2219 2218 2190
3 2191 2219 2190
3 2220 2219 2191
3 2192 2220 2191
3 2221 2220 2192
3 2193 2221 2192
3 2222 2221 2193
3 2222 2223 2224
3 2222 2193 2223
3 2193 2194 2223
3 2223 2194 2225
3 2194 2195 2225
3 2225 2195 2226
3 2195 2196 2226
3 2226 2196 2227
3 2196 2197 2227
3 2227 2197 2228
3 2197 2198 2228
3 2228 2198 2229
3 2198 2199 2229
3 2229 2199 2230
3 2199 2200 2230
3 2230 2200 2231
3 2200 2201 2231
3 2231 2201 2232
3 2201 2202 2232
3 2232 2202 2233
3 2202 2203 2233
3 2233 2203 2234
3 2203 2204 2234
3 2235 2205 2236
3 2235 2234 2205
3 2234 2204 2205
3 2206 2236 2205
3 2237 2236 2206
3 2207 2237 2206
3 2238 2237 2207
3 2208 2238 2207
3 2239 2238 2208
3 2209 2239 2208
3 2240 2239 2209
3 2210 2240 2209
3 2241 2240 2210
3 2211 2241 2210
3 2242 2241 2211
3 2212 2242 2211
3 2243 2242 2212
3 1971 2243 2212
3 1971 1974 2243
3 1974 2244 2243
3 1975 2245 2244
3 1974 1975 2244
3 2246 1976 1978
3 2247 2246 1978
3 1978 1979 2247
3 1979 2248 2247
3 1979 2213 2248
3 1972 2213 1979
3 2223 2249 2224
3 2225 2249 2223
3 2250 2249 2225
3 2226 2250 2225
3 2251 2250 2226
3 2227 2251 2226
3 2252 2251 2227
3 2228 2252 2227
3 2253 2252 2228
3 2229 2253 2228
3 2254 2253 2229
3 2230 2254 2229
3 2255 2254 2230
3 2231 2255 2230
3 2256 2255 2231
3 2232 2256 2231
3 2257 2256 2232
3 2233 2257 2232
3 2258 2257 2233
3 2234 2258 2233
3 2259 2258 2234
3 2234 2235 2259
3 2260 1975 1980
3 2245 1975 2260
3 1980 1982 2260
3 1982 2261 2260
3 1983 2262 2261
3 1982 1983 2261
3 2263 1984 1986
3 2264 2263 1986
3 1986 2246 2264
3 1976 2246 1986
3 2265 1983 1987
3 2262 1983 2265
3 1989 2266 2265
3 1987 1989 2265
3 2267 2268 2269
3 2268 2263 2269
3 2268 1990 2263
3 1990 1984 2263
3 2270 1991 2271
3 2270 2266 1991
3 2266 1989 1991
3 2271 2272 2270
3 1994 2268 2267
3 1994 2267 1992
3 1992 2267 2273
3 1994 1990 2268
3 1995 2271 1991
3 2271 1995 1997
3 2271 1997 2272
3 2272 1997 2274
3 1998 1992 2275
3 2275 1992 2273
3 2276 2277 2278
3 2278 2279 2280
3 2277 2279 2278
3 2280 2281 2282
3 2279 2281 2280
3 2282 2283 2284
3 2281 2283 2282
3 2284 2285 2286
3 2283 2285 2284
3 2286 2287 2288
3 2285 2287 2286
3 2288 2289 2290
3 2287 2289 2288
3 2290 2289 2291
3 2001 2292 1997
3 2292 2274 1997
3 2293 2002 1998
3 2293 1998 2294
3 2294 1998 2275
3 2002 2293 2003
3 2295 2296 2297
3 2297 2006 2005
3 2297 2296 2006
3 2296 2298 2006
3 2006 2298 2008
3 2008 2298 2299
3 2008 2299 2009
3 2009 2299 2300
3 2276 2278 2010
3 2276 2010 2300
3 2300 2010 2009
3 2011 2010 2278
3 2280 2011 2278
3 2012 2011 2280
3 2282 2012 2280
3 2013 2012 2282
3 2284 2013 2282
3 2014 2013 2284
3 2286 2014 2284
3 2015 2014 2286
3 2288 2015 2286
3 2016 2015 2288
3 2290 2016 2288
3 2290 2291 2301
3 2290 2301 2016
3 2016 2301 2017
3 2017 2301 2018
3 2018 2301 2302
3 2018 2302 2019
3 2019 2302 2303
3 2021 2304 2305
3 2021 2019 2304
3 2019 2303 2304
3 2305 2304 2306
3 2023 2307 2024
3 2024 2307 2308
3 2024 2308 2001
3 2001 2308 2292
3 2294 2309 2310
3 2293 2294 2310
3 2003 2311 2025
3 2003 2293 2311
3 2293 2310 2311
3 2025 2311 2026
3 2312 2029 2028
3 2313 2029 2312
3 2029 2313 2030
3 2030 2313 2314
3 2030 2314 2031
3 2031 2314 2315
3 2031 2315 2032
3 2032 2315 2316
3 2295 2297 2033
3 2295 2033 2316
3 2316 2033 2032
3 2033 2297 2005
3 2034 2021 2305
3 2305 2306 2317
3 2305 2317 2034
3 2034 2317 2035
3 2035 2317 2036
3 2036 2317 2318
3 2036 2318 2037
3 2037 2318 2319
3 2037 2319 2038
3 2038 2319 2320
3 2039 2320 2321
3 2038 2320 2039
3 2041 2322 2042
3 2042 2307 2023
3 2042 2322 2307
3 2322 2323 2307
3 2307 2323 2324
3 2308 2307 2324
3 2310 2309 2325
3 2311 2310 2325
3 2326 2311 2325
3 2026 2311 2326
3 2026 2326 2043
3 2043 2326 2327
3 2043 2327 2044
3 2044 2327 2328
3 2044 2328 2045
3 2045 2328 2329
3 2045 2329 2046
3 2046 2329 2330
3 2046 2330 2047
3 2047 2330 2331
3 2047 2331 2312
3 2028 2047 2312
3 2332 2048 2039
3 2321 2332 2039
3 2048 2332 2049
3 2049 2332 2333
3 2049 2333 2050
3 2050 2333 2334
3 2050 2334 2051
3 2051 2334 2335
3 2051 2335 2052
3 2052 2335 2336
3 2322 2041 2052
3 2322 2052 2337
3 2337 2052 2336
3 2323 2322 2337
3 2338 2323 2337
3 2323 2338 2324
3 2339 2340 2341
3 2340 2342 2343
3 2341 2340 2343
3 2342 2053 2055
3 2342 2055 2343
3 2343 2055 2344
3 2055 2056 2344
3 2056 2345 2344
3 2056 2057 2345
3 2057 2346 2345
3 2057 2058 2346
3 2058 2347 2346
3 2058 2059 2347
3 2059 2348 2347
3 2060 2349 2348
3 2059 2060 2348
3 2350 2061 2062
3 2351 2350 2062
3 2062 2063 2351
3 2063 2352 2351
3 2063 2064 2352
3 2064 2353 2352
3 2064 2065 2353
3 2065 2354 2353
3 2065 2067 2354
3 2067 2355 2354
3 2068 2356 2357
3 2068 2357 2067
3 2067 2357 2355
3 2356 2358 2359
3 2357 2356 2359
3 2358 2360 2359
3 2339 2361 2362
3 2340 2339 2362
3 2071 2362 2069
3 2071 2342 2362
3 2342 2340 2362
3 2071 2053 2342
3 2363 2060 2072
3 2349 2060 2363
3 2072 2073 2363
3 2073 2364 2363
3 2073 2074 2364
3 2074 2365 2364
3 2074 2075 2365
3 2075 2366 2365
3 2367 2368 2366
3 2367 2366 2076
3 2076 2366 2075
3 2076 2078 2367
3 2080 2081 2369
3 2370 2369 2081
3 2370 2081 2371
3 2371 2081 2082
3 2082 2083 2371
3 2083 2372 2371
3 2083 2084 2372
3 2084 2373 2372
3 2084 2085 2373
3 2085 2374 2373
3 2085 2350 2374
3 2061 2350 2085
3 2086 2356 2068
3 2088 2356 2086
3 2088 2375 2356
3 2375 2358 2356
3 2358 2375 2376
3 2360 2358 2376
3 2091 2362 2361
3 2091 2361 2089
3 2089 2361 2377
3 2091 2069 2362
3 2367 2378 2368
3 2078 2378 2367
3 2078 2092 2378
3 2092 2379 2378
3 2092 2093 2379
3 2093 2380 2379
3 2093 2094 2380
3 2094 2381 2380
3 2382 2383 2381
3 2382 2381 2095
3 2095 2381 2094
3 2095 2096 2384
3 2382 2095 2384
3 2096 2097 2385
3 2384 2096 2385
3 2097 2098 2386
3 2385 2097 2386
3 2098 2099 2387
3 2386 2098 2387
3 2099 2100 2388
3 2387 2099 2388
3 2100 2101 2389
3 2388 2100 2389
3 2390 2389 2101
3 2390 2101 2391
3 2391 2101 2102
3 2102 2103 2391
3 2103 2392 2391
3 2103 2104 2392
3 2104 2393 2392
3 2369 2104 2080
3 2369 2394 2104
3 2394 2393 2104
3 2369 2370 2394
3 2105 2375 2088
3 2375 2105 2107
3 2375 2107 2376
3 2376 2107 2395
3 2108 2089 2396
3 2396 2089 2377
3 2382 2397 2383
3 2384 2397 2382
3 2398 2397 2384
3 2385 2398 2384
3 2399 2398 2385
3 2386 2399 2385
3 2400 2399 2386
3 2387 2400 2386
3 2401 2400 2387
3 2388 2401 2387
3 2402 2401 2388
3 2389 2402 2388
3 2403 2402 2389
3 2389 2390 2403
3 2111 2404 2107
3 2404 2395 2107
3 2405 2112 2108
3 2405 2108 2406
3 2406 2108 2396
3 2112 2405 2113
3 2114 2407 2115
3 2115 2407 2408
3 2115 2408 2111
3 2111 2408 2404
3 2405 2406 2409
3 2409 2113 2405
3 2409 2410 2113
3 2410 2117 2113
3 2407 2411 2412
3 2407 2114 2411
3 2114 2119 2411
3 2407 2412 2408
3 2413 2120 2117
3 2410 2413 2117
3 2121 2413 2414
3 2120 2413 2121
3 2415 2125 2124
3 2416 2125 2415
3 2125 2416 2411
3 2119 2125 2411
3 2417 2126 2121
3 2414 2417 2121
3 2126 2417 2127
3 2127 2417 2418
3 2128 2418 2419
3 2127 2418 2128
3 2420 2421 2422
3 2422 2423 2424
3 2421 2423 2422
3 2424 2425 2426
3 2423 2425 2424
3 2426 2427 2428
3 2425 2427 2426
3 2428 2429 2430
3 2427 2429 2428
3 2430 2431 2432
3 2429 2431 2430
3 2432 2433 2434
3 2431 2433 2432
3 2434 2435 2436
3 2433 2435 2434
3 2436 2437 2438
3 2435 2437 2436
3 2438 2439 2440
3 2437 2439 2438
3 2440 2441 2442
3 2439 2441 2440
3 2442 2441 2443
3 2444 2130 2129
3 2445 2130 2444
3 2130 2445 2131
3 2131 2445 2446
3 2131 2446 2415
3 2124 2131 2415
3 2447 2132 2128
3 2419 2447 2128
3 2133 2448 2449
3 2133 2132 2448
3 2132 2447 2448
3 2449 2450 2451
3 2448 2450 2449
3 2451 2452 2453
3 2450 2452 2451
3 2453 2454 2455
3 2452 2454 2453
3 2455 2456 2457
3 2454 2456 2455
3 2457 2458 2459
3 2456 2458 2457
3 2459 2460 2461
3 2458 2460 2459
3 2461 2462 2463
3 2460 2462 2461
3 2420 2463 2462
3 2420 2422 2463
3 2422 2464 2463
3 2464 2422 2465
3 2422 2424 2465
3 2465 2424 2466
3 2424 2426 2466
3 2466 2426 2467
3 2426 2428 2467
3 2467 2428 2468
3 2428 2430 2468
3 2468 2430 2469
3 2430 2432 2469
3 2469 2432 2470
3 2432 2434 2470
3 2470 2434 2471
3 2434 2436 2471
3 2471 2436 2472
3 2436 2438 2472
3 2472 2438 2473
3 2438 2440 2473
3 2473 2440 2474
3 2440 2442 2474
3 2475 2442 2443
3 2475 2476 2442
3 2476 2474 2442
3 2476 2477 2478
3 2475 2477 2476
3 2478 2479 2480
3 2477 2479 2478
3 2480 2481 2482
3 2479 2481 2480
3 2482 2483 2484
3 2481 2483 2482
3 2484 2485 2486
3 2483 2485 2484
3 2486 2487 2488
3 2485 2487 2486
3 2488 2489 2490
3 2487 2489 2488
3 2490 2135 2134
3 2490 2489 2135
3 2489 2491 2135
3 2135 2491 2444
3 2129 2135 2444
3 2136 2133 2449
3 2137 2136 2449
3 2451 2137 2449
3 2138 2137 2451
3 2453 2138 2451
3 2140 2138 2453
3 2455 2140 2453
3 2142 2140 2455
3 2457 2142 2455
3 2144 2142 2457
3 2459 2144 2457
3 2146 2144 2459
3 2461 2146 2459
3 2148 2146 2461
3 2463 2148 2461
3 2150 2148 2463
3 2464 2150 2463
3 2152 2150 2464
3 2465 2152 2464
3 2154 2152 2465
3 2466 2154 2465
3 2156 2154 2466
3 2467 2156 2466
3 2158 2156 2467
3 2468 2158 2467
3 2160 2158 2468
3 2469 2160 2468
3 2162 2160 2469
3 2470 2162 2469
3 2164 2162 2470
3 2471 2164 2470
3 2166 2164 2471
3 2472 2166 2471
3 2168 2166 2472
3 2473 2168 2472
3 2170 2168 2473
3 2474 2170 2473
3 2172 2170 2474
3 2476 2172 2474
3 2174 2172 2476
3 2478 2174 2476
3 2176 2174 2478
3 2480 2176 2478
3 2178 2176 2480
3 2482 2178 2480
3 2180 2178 2482
3 2484 2180 2482
3 2182 2180 2484
3 2486 2182 2484
3 2184 2182 2486
3 2488 2184 2486
3 2185 2184 2488
3 2490 2185 2488
3 2185 2490 2134
3 2213 2214 2492
3 2214 2215 2493
3 2492 2214 2493
3 2215 2216 2494
3 2493 2215 2494
3 2216 2217 2495
3 2494 2216 2495
3 2217 2218 2496
3 2495 2217 2496
3 2218 2219 2497
3 2496 2218 2497
3 2219 2220 2498
3 2497 2219 2498
3 2220 2221 2499
3 2498 2220 2499
3 2221 2222 2500
3 2499 2221 2500
3 2222 2224 2500
3 2235 2236 2501
3 2236 2237 2502
3 2501 2236 2502
3 2237 2238 2503
3 2502 2237 2503
3 2238 2239 2504
3 2503 2238 2504
3 2239 2240 2505
3 2504 2239 2505
3 2240 2241 2506
3 2505 2240 2506
3 2241 2242 2507
3 2506 2241 2507
3 2242 2243 2508
3 2507 2242 2508
3 2243 2244 2509
3 2508 2243 2509
3 2244 2245 2509
3 2510 2246 2247
3 2511 2510 2247
3 2247 2248 2511
3 2248 2512 2511
3 2492 2248 2213
3 2492 2513 2248
3 2513 2512 2248
3 2493 2513 2492
3 2514 2513 2493
3 2494 2514 2493
3 2515 2514 2494
3 2495 2515 2494
3 2516 2515 2495
3 2496 2516 2495
3 2517 2516 2496
3 2497 2517 2496
3 2518 2517 2497
3 2518 2519 2520
3 2518 2497 2519
3 2497 2498 2519
3 2519 2498 2521
3 2498 2499 2521
3 2521 2499 2522
3 2499 2500 2522
3 2224 2249 2523
3 2224 2523 2500
3 2500 2523 2522
3 2249 2250 2524
3 2523 2249 2524
3 2250 2251 2525
3 2524 2250 2525
3 2251 2252 2526
3 2525 2251 2526
3 2252 2253 2527
3 2526 2252 2527
3 2253 2254 2528
3 2527 2253 2528
3 2254 2255 2529
3 2528 2254 2529
3 2255 2256 2530
3 2529 2255 2530
3 2256 2257 2531
3 2530 2256 2531
3 2257 2258 2532
3 2531 2257 2532
3 2258 2259 2533
3 2532 2258 2533
3 2259 2235 2501
3 2259 2501 2533
3 2533 2501 2534
3 2534 2501 2535
3 2501 2502 2535
3 2535 2502 2536
3 2502 2503 2536
3 2537 2504 2538
3 2537 2536 2504
3 2536 2503 2504
3 2505 2538 2504
3 2539 2538 2505
3 2506 2539 2505
3 2540 2539 2506
3 2507 2540 2506
3 2541 2540 2507
3 2508 2541 2507
3 2542 2541 2508
3 2509 2542 2508
3 2543 2542 2509
3 2245 2543 2509
3 2245 2260 2543
3 2260 2544 2543
3 2260 2261 2544
3 2261 2545 2544
3 2262 2546 2545
3 2261 2262 2545
3 2547 2263 2264
3 2548 2547 2264
3 2264 2510 2548
3 2246 2510 2264
3 2519 2549 2520
3 2521 2549 2519
3 2550 2549 2521
3 2550 2551 2552
3 2550 2521 2551
3 2521 2522 2551
3 2551 2522 2553
3 2522 2523 2553
3 2553 2523 2554
3 2523 2524 2554
3 2554 2524 2555
3 2524 2525 2555
3 2555 2525 2556
3 2525 2526 2556
3 2556 2526 2557
3 2526 2527 2557
3 2557 2527 2558
3 2527 2528 2558
3 2558 2528 2559
3 2528 2529 2559
3 2559 2529 2560
3 2529 2530 2560
3 2560 2530 2561
3 2530 2531 2561
3 2561 2531 2562
3 2531 2532 2562
3 2562 2532 2563
3 2532 2533 2563
3 2563 2533 2564
3 2533 2534 2564
3 2565 2535 2566
3 2565 2564 2535
3 2564 2534 2535
3 2536 2566 2535
3 2567 2566 2536
3 2536 2537 2567
3 2568 2262 2265
3 2546 2262 2568
3 2266 2569 2568
3 2265 2266 2568
3 2570 2267 2269
3 2571 2570 2269
3 2269 2547 2571
3 2263 2547 2269
3 2551 2572 2552
3 2553 2572 2551
3 2573 2572 2553
3 2573 2574 2575
3 2573 2553 2574
3 2553 2554 2574
3 2574 2554 2576
3 2554 2555 2576
3 2576 2555 2577
3 2555 2556 2577
3 2577 2556 2578
3 2556 2557 2578
3 2578 2557 2579
3 2557 2558 2579
3 2579 2558 2580
3 2558 2559 2580
3 2580 2559 2581
3 2559 2560 2581
3 2581 2560 2582
3 2560 2561 2582
3 2582 2561 2583
3 2561 2562 2583
3 2584 2563 2585
3 2584 2583 2563
3 2583 2562 2563
3 2564 2585 2563
3 2586 2585 2564
3 2564 2565 2586
3 2587 2266 2270
3 2569 2266 2587
3 2272 2588 2587
3 2270 2272 2587
3 2589 2590 2591
3 2590 2570 2591
3 2590 2273 2570
3 2273 2267 2570
3 2575 2592 2593
3 2574 2592 2575
3 2592 2574 2594
3 2574 2576 2594
3 2594 2576 2595
3 2576 2577 2595
3 2595 2577 2596
3 2577 2578 2596
3 2596 2578 2597
3 2578 2579 2597
3 2597 2579 2598
3 2579 2580 2598
3 2598 2580 2599
3 2580 2581 2599
3 2599 2581 2600
3 2581 2582 2600
3 2600 2582 2601
3 2582 2583 2601
3 2583 2602 2601
3 2584 2602 2583
3 2603 2274 2604
3 2603 2588 2274
3 2588 2272 2274
3 2604 2605 2603
3 2589 2606 2607
3 2590 2589 2607
3 2607 2273 2590
3 2275 2273 2607
3 2608 2609 2610
3 2593 2610 2609
3 2593 2592 2610
3 2592 2611 2610
3 2277 2276 2611
3 2277 2611 2594
3 2594 2611 2592
3 2279 2277 2594
3 2595 2279 2594
3 2281 2279 2595
3 2596 2281 2595
3 2283 2281 2596
3 2597 2283 2596
3 2285 2283 2597
3 2598 2285 2597
3 2287 2285 2598
3 2599 2287 2598
3 2289 2287 2599
3 2600 2289 2599
3 2291 2289 2600
3 2291 2600 2612
3 2612 2600 2601
3 2613 2601 2602
3 2613 2614 2601
3 2614 2612 2601
3 2614 2613 2615
3 2292 2604 2274
3 2616 2604 2292
3 2604 2616 2617
3 2605 2604 2617
3 2606 2618 2619
3 2607 2606 2619
3 2619 2275 2607
3 2294 2275 2619
3 2620 2621 2622
3 2622 2296 2295
3 2622 2621 2296
3 2621 2623 2296
3 2296 2623 2298
3 2298 2623 2624
3 2608 2610 2299
3 2608 2299 2624
3 2624 2299 2298
3 2300 2299 2610
3 2611 2300 2610
3 2300 2611 2276
3 2301 2291 2612
3 2302 2301 2612
3 2614 2302 2612
3 2614 2615 2625
3 2614 2625 2302
3 2302 2625 2303
3 2303 2625 2304
3 2304 2625 2626
3 2306 2627 2628
3 2306 2304 2627
3 2304 2626 2627
3 2628 2627 2629
3 2308 2616 2292
3 2630 2616 2308
3 2616 2630 2631
3 2617 2616 2631
3 2618 2632 2633
3 2619 2618 2633
3 2633 2294 2619
3 2309 2294 2633
3 2634 2313 2312
3 2635 2313 2634
3 2313 2635 2314
3 2314 2635 2636
3 2314 2636 2315
3 2315 2636 2637
3 2620 2622 2316
3 2620 2316 2637
3 2637 2316 2315
3 2316 2622 2295
3 2317 2306 2628
3 2628 2629 2638
3 2628 2638 2317
3 2317 2638 2318
3 2318 2638 2319
3 2319 2638 2639
3 2319 2639 2320
3 2320 2639 2640
3 2321 2640 2641
3 2320 2640 2321
3 2324 2630 2308
3 2642 2630 2324
3 2630 2642 2643
3 2631 2630 2643
3 2633 2632 2644
3 2309 2633 2644
3 2309 2644 2325
3 2325 2644 2645
3 2646 2645 2647
3 2646 2326 2645
3 2326 2325 2645
3 2326 2648 2327
3 2646 2648 2326
3 2649 2327 2648
3 2649 2650 2327
3 2650 2328 2327
3 2328 2650 2329
3 2329 2650 2651
3 2329 2651 2330
3 2330 2651 2652
3 2330 2652 2331
3 2331 2652 2653
3 2331 2653 2634
3 2312 2331 2634
3 2654 2332 2321
3 2641 2654 2321
3 2332 2654 2333
3 2333 2654 2655
3 2333 2655 2334
3 2334 2655 2656
3 2334 2656 2335
3 2335 2656 2657
3 2658 2657 2659
3 2658 2336 2657
3 2336 2335 2657
3 2336 2660 2337
3 2658 2660 2336
3 2661 2337 2660
3 2661 2662 2337
3 2662 2338 2337
3 2642 2324 2338
3 2642 2338 2663
3 2663 2338 2662
3 2642 2663 2643
3 2646 2647 2664
3 2648 2646 2664
3 2665 2648 2664
3 2648 2665 2649
3 2658 2659 2666
3 2660 2658 2666
3 2667 2660 2666
3 2660 2667 2661
3 2668 2669 2670
3 2669 2671 2672
3 2670 2669 2672
3 2671 2673 2672
3 2674 2675 2676
3 2675 2677 2678
3 2676 2675 2678
3 2677 2679 2678
3 2680 2681 2682
3 2681 2339 2341
3 2681 2341 2682
3 2682 2341 2683
3 2668 2343 2669
3 2668 2683 2343
3 2683 2341 2343
3 2344 2669 2343
3 2671 2669 2344
3 2671 2684 2673
3 2671 2344 2684
3 2344 2345 2684
3 2345 2346 2684
3 2346 2685 2684
3 2346 2347 2685
3 2347 2686 2685
3 2347 2348 2686
3 2348 2687 2686
3 2349 2688 2687
3 2348 2349 2687
3 2689 2350 2351
3 2690 2689 2351
3 2351 2352 2690
3 2352 2691 2690
3 2352 2353 2691
3 2353 2692 2691
3 2353 2354 2692
3 2354 2693 2692
3 2674 2355 2675
3 2674 2693 2355
3 2693 2354 2355
3 2357 2675 2355
3 2677 2675 2357
3 2677 2694 2679
3 2677 2357 2694
3 2357 2359 2694
3 2360 2695 2696
3 2360 2696 2359
3 2359 2696 2694
3 2695 2697 2696
3 2680 2698 2699
3 2681 2680 2699
3 2699 2339 2681
3 2361 2339 2699
3 2700 2349 2363
3 2688 2349 2700
3 2363 2364 2700
3 2364 2701 2700
3 2364 2365 2701
3 2365 2702 2701
3 2703 2704 2702
3 2703 2702 2366
3 2366 2702 2365
3 2366 2368 2703
3 2370 2371 2705
3 2706 2705 2371
3 2706 2371 2707
3 2707 2371 2372
3 2372 2373 2707
3 2373 2708 2707
3 2373 2374 2708
3 2374 2709 2708
3 2374 2689 2709
3 2350 2689 2374
3 2376 2695 2360
3 2710 2695 2376
3 2695 2710 2711
3 2697 2695 2711
3 2698 2712 2713
3 2699 2698 2713
3 2713 2361 2699
3 2377 2361 2713
3 2703 2714 2704
3 2368 2714 2703
3 2368 2378 2714
3 2378 2715 2714
3 2378 2379 2715
3 2379 2716 2715
3 2717 2718 2716
3 2717 2716 2380
3 2380 2716 2379
3 2380 2381 2719
3 2717 2380 2719
3 2381 2383 2719
3 2390 2391 2720
3 2391 2392 2721
3 2720 2391 2721
3 2722 2721 2392
3 2722 2392 2723
3 2723 2392 2393
3 2393 2394 2723
3 2394 2724 2723
3 2705 2394 2370
3 2705 2725 2394
3 2725 2724 2394
3 2705 2706 2725
3 2395 2710 2376
3 2726 2710 2395
3 2710 2726 2727
3 2711 2710 2727
3 2712 2728 2729
3 2713 2712 2729
3 2729 2377 2713
3 2396 2377 2729
3 2717 2730 2718
3 2730 2731 2732
3 2730 2717 2731
3 2717 2719 2731
3 2383 2397 2733
3 2383 2733 2719
3 2719 2733 2731
3 2397 2398 2734
3 2733 2397 2734
3 2398 2399 2735
3 2734 2398 2735
3 2399 2400 2736
3 2735 2399 2736
3 2400 2401 2737
3 2736 2400 2737
3 2401 2402 2738
3 2737 2401 2738
3 2402 2403 2739
3 2738 2402 2739
3 2403 2390 2720
3 2403 2720 2739
3 2739 2720 2740
3 2741 2721 2742
3 2741 2740 2721
3 2740 2720 2721
3 2721 2722 2742
3 2404 2726 2395
3 2743 2726 2404
3 2726 2743 2744
3 2727 2726 2744
3 2729 2728 2745
3 2745 2396 2729
3 2745 2746 2396
3 2746 2406 2396
3 2732 2747 2748
3 2731 2747 2732
3 2747 2731 2749
3 2731 2733 2749
3 2749 2733 2750
3 2733 2734 2750
3 2750 2734 2751
3 2734 2735 2751
3 2751 2735 2752
3 2735 2736 2752
3 2752 2736 2753
3 2736 2737 2753
3 2753 2737 2754
3 2737 2738 2754
3 2754 2738 2755
3 2738 2739 2755
3 2755 2739 2756
3 2739 2740 2756
3 2740 2757 2756
3 2741 2757 2740
3 2743 2758 2759
3 2743 2404 2758
3 2404 2408 2758
3 2743 2759 2744
3 2760 2409 2406
3 2746 2760 2406
3 2410 2760 2761
3 2409 2760 2410
3 2762 2763 2764
3 2764 2765 2766
3 2763 2765 2764
3 2748 2766 2765
3 2748 2747 2766
3 2747 2767 2766
3 2767 2747 2768
3 2747 2749 2768
3 2768 2749 2769
3 2749 2750 2769
3 2769 2750 2770
3 2750 2751 2770
3 2770 2751 2771
3 2751 2752 2771
3 2771 2752 2772
3 2752 2753 2772
3 2772 2753 2773
3 2753 2754 2773
3 2773 2754 2774
3 2754 2755 2774
3 2774 2755 2775
3 2755 2756 2775
3 2776 2756 2757
3 2776 2777 2756
3 2777 2775 2756
3 2777 2778 2779
3 2776 2778 2777
3 2779 2778 2780
3 2781 2412 2411
3 2782 2412 2781
3 2412 2782 2758
3 2408 2412 2758
3 2783 2413 2410
3 2761 2783 2410
3 2414 2783 2784
3 2413 2783 2414
3 2785 2786 2787
3 2787 2788 2789
3 2786 2788 2787
3 2762 2789 2788
3 2762 2764 2789
3 2764 2790 2789
3 2790 2764 2791
3 2764 2766 2791
3 2791 2766 2792
3 2766 2767 2792
3 2792 2767 2793
3 2767 2768 2793
3 2793 2768 2794
3 2768 2769 2794
3 2794 2769 2795
3 2769 2770 2795
3 2795 2770 2796
3 2770 2771 2796
3 2796 2771 2797
3 2771 2772 2797
3 2797 2772 2798
3 2772 2773 2798
3 2798 2773 2799
3 2773 2774 2799
3 2799 2774 2800
3 2774 2775 2800
3 2800 2775 2801
3 2775 2777 2801
3 2801 2777 2802
3 2777 2779 2802
3 2803 2779 2780
3 2803 2804 2779
3 2804 2802 2779
3 2804 2805 2806
3 2803 2805 2804
3 2806 2805 2807
3 2808 2416 2415
3 2809 2416 2808
3 2416 2809 2781
3 2411 2416 2781
3 2810 2417 2414
3 2784 2810 2414
3 2417 2810 2418
3 2418 2810 2811
3 2419 2812 2813
3 2419 2418 2812
3 2418 2811 2812
3 2813 2814 2815
3 2812 2814 2813
3 2815 2816 2817
3 2814 2816 2815
3 2817 2818 2819
3 2816 2818 2817
3 2819 2820 2821
3 2818 2820 2819
3 2821 2822 2823
3 2820 2822 2821
3 2785 2823 2822
3 2785 2787 2823
3 2787 2824 2823
3 2824 2787 2825
3 2787 2789 2825
3 2825 2789 2826
3 2789 2790 2826
3 2421 2420 2826
3 2421 2826 2791
3 2791 2826 2790
3 2423 2421 2791
3 2792 2423 2791
3 2425 2423 2792
3 2793 2425 2792
3 2427 2425 2793
3 2794 2427 2793
3 2429 2427 2794
3 2795 2429 2794
3 2431 2429 2795
3 2796 2431 2795
3 2433 2431 2796
3 2797 2433 2796
3 2435 2433 2797
3 2798 2435 2797
3 2437 2435 2798
3 2799 2437 2798
3 2439 2437 2799
3 2800 2439 2799
3 2441 2439 2800
3 2801 2441 2800
3 2443 2441 2801
3 2443 2801 2827
3 2827 2801 2802
3 2827 2802 2828
3 2802 2804 2828
3 2828 2804 2829
3 2804 2806 2829
3 2830 2806 2807
3 2830 2831 2806
3 2831 2829 2806
3 2831 2832 2833
3 2830 2832 2831
3 2833 2834 2835
3 2832 2834 2833
3 2835 2836 2837
3 2834 2836 2835
3 2837 2838 2839
3 2836 2838 2837
3 2839 2840 2841
3 2838 2840 2839
3 2841 2445 2444
3 2841 2840 2445
3 2840 2842 2445
3 2445 2842 2446
3 2446 2842 2843
3 2446 2843 2808
3 2415 2446 2808
3 2447 2419 2813
3 2448 2447 2813
3 2815 2448 2813
3 2450 2448 2815
3 2817 2450 2815
3 2452 2450 2817
3 2819 2452 2817
3 2454 2452 2819
3 2821 2454 2819
3 2456 2454 2821
3 2823 2456 2821
3 2458 2456 2823
3 2824 2458 2823
3 2460 2458 2824
3 2825 2460 2824
3 2462 2460 2825
3 2826 2462 2825
3 2462 2826 2420
3 2475 2443 2827
3 2477 2475 2827
3 2828 2477 2827
3 2479 2477 2828
3 2829 2479 2828
3 2481 2479 2829
3 2831 2481 2829
3 2483 2481 2831
3 2833 2483 2831
3 2485 2483 2833
3 2835 2485 2833
3 2487 2485 2835
3 2837 2487 2835
3 2489 2487 2837
3 2839 2489 2837
3 2491 2489 2839
3 2841 2491 2839
3 2491 2841 2444
3 2510 2511 2844
3 2511 2512 2845
3 2844 2511 2845
3 2512 2513 2846
3 2845 2512 2846
3 2513 2514 2847
3 2846 2513 2847
3 2514 2515 2848
3 2847 2514 2848
3 2515 2516 2849
3 2848 2515 2849
3 2516 2517 2850
3 2849 2516 2850
3 2517 2518 2851
3 2850 2517 2851
3 2518 2520 2851
3 2537 2538 2852
3 2538 2539 2853
3 2852 2538 2853
3 2539 2540 2854
3 2853 2539 2854
3 2540 2541 2855
3 2854 2540 2855
3 2541 2542 2856
3 2855 2541 2856
3 2542 2543 2857
3 2856 2542 2857
3 2543 2544 2858
3 2857 2543 2858
3 2544 2545 2859
3 2858 2544 2859
3 2545 2546 2859
3 2860 2547 2548
3 2861 2860 2548
3 2844 2548 2510
3 2844 2862 2548
3 2862 2861 2548
3 2845 2862 2844
3 2863 2862 2845
3 2846 2863 2845
3 2864 2863 2846
3 2847 2864 2846
3 2865 2864 2847
3 2848 2865 2847
3 2866 2865 2848
3 2849 2866 2848
3 2867 2866 2849
3 2867 2868 2869
3 2867 2849 2868
3 2849 2850 2868
3 2868 2850 2870
3 2850 2851 2870
3 2520 2549 2871
3 2520 2871 2851
3 2851 2871 2870
3 2549 2550 2872
3 2871 2549 2872
3 2550 2552 2872
3 2565 2566 2873
3 2566 2567 2874
3 2873 2566 2874
3 2567 2537 2852
3 2567 2852 2874
3 2874 2852 2875
3 2875 2852 2876
3 2852 2853 2876
3 2877 2854 2878
3 2877 2876 2854
3 2876 2853 2854
3 2855 2878 2854
3 2879 2878 2855
3 2856 2879 2855
3 2880 2879 2856
3 2857 2880 2856
3 2881 2880 2857
3 2858 2881 2857
3 2882 2881 2858
3 2859 2882 2858
3 2883 2882 2859
3 2546 2883 2859
3 2546 2568 2883
3 2568 2884 2883
3 2569 2885 2884
3 2568 2569 2884
3 2886 2570 2571
3 2887 2886 2571
3 2571 2860 2887
3 2547 2860 2571
3 2868 2888 2869
3 2870 2888 2868
3 2889 2888 2870
3 2889 2890 2891
3 2889 2870 2890
3 2870 2871 2890
3 2890 2871 2892
3 2871 2872 2892
3 2552 2572 2893
3 2552 2893 2872
3 2872 2893 2892
3 2572 2573 2894
3 2893 2572 2894
3 2573 2575 2894
3 2584 2585 2895
3 2585 2586 2896
3 2895 2585 2896
3 2586 2565 2873
3 2586 2873 2896
3 2896 2873 2897
3 2897 2873 2898
3 2873 2874 2898
3 2899 2875 2900
3 2899 2898 2875
3 2898 2874 2875
3 2876 2900 2875
3 2901 2900 2876
3 2876 2877 2901
3 2902 2569 2587
3 2885 2569 2902
3 2588 2903 2902
3 2587 2588 2902
3 2904 2589 2591
3 2905 2904 2591
3 2591 2886 2905
3 2570 2886 2591
3 2890 2906 2891
3 2906 2907 2908
3 2906 2890 2907
3 2890 2892 2907
3 2907 2892 2909
3 2892 2893 2909
3 2909 2893 2910
3 2893 2894 2910
3 2910 2894 2575
3 2593 2910 2575
3 2602 2584 2895
3 2911 2602 2895
3 2911 2895 2912
3 2895 2896 2912
3 2912 2896 2913
3 2896 2897 2913
3 2914 2898 2915
3 2914 2913 2898
3 2913 2897 2898
3 2898 2899 2915
3 2916 2588 2603
3 2903 2588 2916
3 2605 2917 2916
3 2603 2605 2916
3 2606 2589 2918
3 2918 2589 2904
3 2908 2919 2920
3 2907 2919 2908
3 2919 2907 2921
3 2907 2909 2921
3 2609 2608 2921
3 2609 2921 2910
3 2910 2921 2909
3 2609 2910 2593
3 2613 2602 2911
3 2615 2613 2911
3 2615 2911 2922
3 2922 2911 2912
3 2922 2912 2923
3 2912 2913 2923
3 2913 2924 2923
3 2914 2924 2913
3 2617 2925 2605
3 2925 2917 2605
3 2926 2927 2928
3 2927 2918 2928
3 2927 2618 2918
3 2618 2606 2918
3 2929 2930 2931
3 2931 2621 2620
3 2931 2930 2621
3 2930 2932 2621
3 2920 2919 2623
3 2920 2623 2932
3 2932 2623 2621
3 2624 2623 2919
3 2921 2624 2919
3 2624 2921 2608
3 2625 2615 2922
3 2626 2625 2922
3 2923 2626 2922
3 2923 2924 2933
3 2923 2933 2626
3 2626 2933 2627
3 2629 2934 2935
3 2629 2627 2934
3 2627 2933 2934
3 2935 2934 2936
3 2937 2631 2938
3 2937 2925 2631
3 2925 2617 2631
3 2938 2939 2937
3 2927 2926 2940
3 2940 2618 2927
3 2940 2941 2618
3 2941 2632 2618
3 2942 2635 2634
3 2943 2635 2942
3 2635 2943 2636
3 2636 2943 2944
3 2929 2931 2637
3 2929 2637 2944
3 2944 2637 2636
3 2637 2931 2620
3 2638 2629 2935
3 2935 2936 2945
3 2935 2945 2638
3 2638 2945 2639
3 2639 2945 2640
3 2640 2945 2946
3 2641 2946 2947
3 2640 2946 2641
3 2938 2948 2949
3 2938 2631 2948
3 2631 2643 2948
3 2938 2949 2939
3 2950 2644 2632
3 2941 2950 2632
3 2951 2950 2952
3 2951 2645 2950
3 2645 2644 2950
3 2645 2951 2647
3 2649 2953 2650
3 2954 2650 2953
3 2954 2955 2650
3 2955 2651 2650
3 2651 2955 2652
3 2652 2955 2956
3 2652 2956 2653
3 2653 2956 2957
3 2653 2957 2942
3 2634 2653 2942
3 2958 2654 2641
3 2947 2958 2641
3 2654 2958 2655
3 2655 2958 2959
3 2655 2959 2656
3 2656 2959 2960
3 2961 2960 2962
3 2961 2657 2960
3 2657 2656 2960
3 2657 2961 2659
3 2661 2963 2662
3 2964 2662 2963
3 2964 2965 2662
3 2965 2663 2662
3 2663 2965 2948
3 2643 2663 2948
3 2951 2952 2966
3 2647 2951 2966
3 2647 2966 2664
3 2664 2966 2967
3 2664 2967 2665
3 2665 2967 2968
3 2953 2649 2665
3 2953 2665 2969
3 2969 2665 2968
3 2953 2969 2954
3 2961 2962 2970
3 2659 2961 2970
3 2659 2970 2666
3 2666 2970 2971
3 2666 2971 2667
3 2667 2971 2972
3 2963 2661 2667
3 2963 2667 2973
3 2973 2667 2972
3 2963 2973 2964
3 2974 2975 2976
3 2975 2668 2670
3 2975 2670 2976
3 2976 2670 2977
3 2670 2672 2977
3 2672 2978 2977
3 2673 2979 2980
3 2673 2980 2672
3 2672 2980 2978
3 2979 2981 2980
3 2982 2983 2984
3 2983 2674 2676
3 2983 2676 2984
3 2984 2676 2985
3 2676 2678 2985
3 2678 2986 2985
3 2679 2987 2988
3 2679 2988 2678
3 2678 2988 2986
3 2987 2989 2988
3 2990 2680 2682
3 2991 2990 2682
3 2974 2683 2975
3 2974 2991 2683
3 2991 2682 2683
3 2683 2668 2975
3 2684 2979 2673
3 2979 2992 2981
3 2979 2684 2992
3 2684 2685 2992
3 2685 2686 2992
3 2686 2993 2992
3 2686 2687 2993
3 2687 2994 2993
3 2688 2995 2994
3 2687 2688 2994
3 2996 2689 2690
3 2997 2996 2690
3 2690 2691 2997
3 2691 2998 2997
3 2691 2692 2998
3 2692 2999 2998
3 2982 2693 2983
3 2982 2999 2693
3 2999 2692 2693
3 2693 2674 2983
3 2694 2987 2679
3 2987 3000 2989
3 2987 2694 3000
3 2694 2696 3000
3 2697 3001 3000
3 2696 2697 3000
3 3002 3003 3004
3 3003 2990 3004
3 3003 2698 2990
3 2698 2680 2990
3 3005 2688 2700
3 2995 2688 3005
3 2700 2701 3005
3 2701 3006 3005
3 3007 3008 3006
3 3007 3006 2702
3 2702 3006 2701
3 2702 2704 3007
3 2706 2707 3009
3 3010 3009 2707
3 3010 2707 3011
3 3011 2707 2708
3 2708 2709 3011
3 2709 3012 3011
3 2709 2996 3012
3 2689 2996 2709
3 3013 2711 3014
3 3013 3001 2711
3 3001 2697 2711
3 3014 3015 3013
3 3003 3002 3016
3 3016 2698 3003
3 3016 3017 2698
3 3017 2712 2698
3 3007 3018 3008
3 2704 3018 3007
3 2704 2714 3018
3 2714 3019 3018
3 3020 3021 3019
3 3020 3019 2715
3 2715 3019 2714
3 2715 2716 3022
3 3020 2715 3022
3 2716 2718 3022
3 2722 2723 3023
3 2723 2724 3024
3 3023 2723 3024
3 3025 3024 2724
3 3025 2724 3026
3 3026 2724 2725
3 3009 2725 2706
3 3009 3027 2725
3 3027 3026 2725
3 3009 3010 3027
3 3014 3028 3029
3 3014 2711 3028
3 2711 2727 3028
3 3014 3029 3015
3 2728 2712 3030
3 3030 2712 3017
3 3021 3031 3032
3 3020 3031 3021
3 3031 3020 3033
3 3020 3022 3033
3 2718 2730 3034
3 2718 3034 3022
3 3022 3034 3033
3 2730 2732 3034
3 2741 2742 3035
3 2742 2722 3023
3 2742 3023 3035
3 3035 3023 3036
3 3036 3023 3037
3 3023 3024 3037
3 3024 3038 3037
3 3025 3038 3024
3 2744 3039 2727
3 3039 3028 2727
3 3040 2745 2728
3 3030 3040 2728
3 2746 3040 3041
3 2745 3040 2746
3 3042 3043 3044
3 3032 3044 3043
3 3032 3031 3044
3 3031 3045 3044
3 3045 3031 3046
3 3031 3033 3046
3 3046 3033 3047
3 3033 3034 3047
3 3047 3034 2732
3 2748 3047 2732
3 2757 2741 3035
3 3048 2757 3035
3 3048 3035 3049
3 3035 3036 3049
3 3049 3036 3050
3 3036 3037 3050
3 3051 3037 3038
3 3051 3052 3037
3 3052 3050 3037
3 3052 3051 3053
3 3054 2759 2758
3 3055 2759 3054
3 2759 3055 3039
3 2744 2759 3039
3 3056 2760 2746
3 3041 3056 2746
3 2761 3056 3057
3 2760 3056 2761
3 3058 3059 3060
3 3060 3061 3062
3 3059 3061 3060
3 3042 3062 3061
3 3042 3044 3062
3 3044 3063 3062
3 3063 3044 3064
3 3044 3045 3064
3 2763 2762 3064
3 2763 3064 3046
3 3046 3064 3045
3 2765 2763 3046
3 3047 2765 3046
3 2765 3047 2748
3 2776 2757 3048
3 2778 2776 3048
3 3049 2778 3048
3 2780 2778 3049
3 2780 3049 3065
3 3065 3049 3050
3 3065 3050 3066
3 3050 3052 3066
3 3067 3052 3053
3 3067 3068 3052
3 3068 3066 3052
3 3068 3069 3070
3 3067 3069 3068
3 3070 3069 3071
3 3072 2782 2781
3 3073 2782 3072
3 2782 3073 3054
3 2758 2782 3054
3 3074 2783 2761
3 3057 3074 2761
3 2784 3075 3076
3 2784 2783 3075
3 2783 3074 3075
3 3076 3077 3078
3 3075 3077 3076
3 3078 3079 3080
3 3077 3079 3078
3 3080 3081 3082
3 3079 3081 3080
3 3082 3083 3084
3 3081 3083 3082
3 3084 3085 3086
3 3083 3085 3084
3 3058 3086 3085
3 3058 3060 3086
3 3060 3087 3086
3 3087 3060 3088
3 3060 3062 3088
3 2786 2785 3088
3 2786 3088 3063
3 3063 3088 3062
3 2788 2786 3063
3 3064 2788 3063
3 2788 3064 2762
3 2803 2780 3065
3 2805 2803 3065
3 3066 2805 3065
3 2807 2805 3066
3 2807 3066 3089
3 3089 3066 3068
3 3089 3068 3090
3 3068 3070 3090
3 3091 3070 3071
3 3091 3092 3070
3 3092 3090 3070
3 3092 3093 3094
3 3091 3093 3092
3 3094 3095 3096
3 3093 3095 3094
3 3096 3097 3098
3 3095 3097 3096
3 3098 3099 3100
3 3097 3099 3098
3 3100 3101 3102
3 3099 3101 3100
3 3102 2809 2808
3 3102 3101 2809
3 3101 3103 2809
3 2809 3103 3072
3 2781 2809 3072
3 2810 2784 3076
3 2811 2810 3076
3 3078 2811 3076
3 2812 2811 3078
3 3080 2812 3078
3 2814 2812 3080
3 3082 2814 3080
3 2816 2814 3082
3 3084 2816 3082
3 2818 2816 3084
3 3086 2818 3084
3 2820 2818 3086
3 3087 2820 3086
3 2822 2820 3087
3 3088 2822 3087
3 2822 3088 2785
3 2830 2807 3089
3 2832 2830 3089
3 3090 2832 3089
3 2834 2832 3090
3 3092 2834 3090
3 2836 2834 3092
3 3094 2836 3092
3 2838 2836 3094
3 3096 2838 3094
3 2840 2838 3096
3 3098 2840 3096
3 2842 2840 3098
3 3100 2842 3098
3 2843 2842 3100
3 3102 2843 3100
3 2843 3102 2808
3 2860 2861 3104
3 2861 2862 3105
3 3104 2861 3105
3 2862 2863 3106
3 3105 2862 3106
3 2863 2864 3107
3 3106 2863 3107
3 2864 2865 3108
3 3107 2864 3108
3 2865 2866 3109
3 3108 2865 3109
3 2866 2867 3110
3 3109 2866 3110
3 2867 2869 3110
3 2877 2878 3111
3 2878 2879 3112
3 3111 2878 3112
3 2879 2880 3113
3 3112 2879 3113
3 2880 2881 3114
3 3113 2880 3114
3 2881 2882 3115
3 3114 2881 3115
3 2882 2883 3116
3 3115 2882 3116
3 2883 2884 3117
3 3116 2883 3117
3 2884 2885 3117
3 3118 2886 2887
3 3119 3118 2887
3 3104 2887 2860
3 3104 3120 2887
3 3120 3119 2887
3 3105 3120 3104
3 3121 3120 3105
3 3106 3121 3105
3 3122 3121 3106
3 3107 3122 3106
3 3123 3122 3107
3 3108 3123 3107
3 3124 3123 3108
3 3124 3125 3126
3 3124 3108 3125
3 3108 3109 3125
3 3125 3109 3127
3 3109 3110 3127
3 2869 2888 3128
3 2869 3128 3110
3 3110 3128 3127
3 2888 2889 3129
3 3128 2888 3129
3 2889 2891 3129
3 2899 2900 3130
3 2900 2901 3131
3 3130 2900 3131
3 2901 2877 3111
3 2901 3111 3131
3 3131 3111 3132
3 3132 3111 3133
3 3111 3112 3133
3 3134 3113 3135
3 3134 3133 3113
3 3133 3112 3113
3 3114 3135 3113
3 3136 3135 3114
3 3115 3136 3114
3 3137 3136 3115
3 3116 3137 3115
3 3138 3137 3116
3 3117 3138 3116
3 3139 3138 3117
3 2885 3139 3117
3 2885 2902 3139
3 2902 3140 3139
3 2903 3141 3140
3 2902 2903 3140
3 3142 2904 2905
3 3143 3142 2905
3 2905 3118 3143
3 2886 3118 2905
3 3125 3144 3126
3 3127 3144 3125
3 3145 3144 3127
3 3145 3146 3147
3 3145 3127 3146
3 3127 3128 3146
3 3146 3128 3148
3 3128 3129 3148
3 2891 2906 3149
3 2891 3149 3129
3 3129 3149 3148
3 2906 2908 3149
3 2914 2915 3150
3 2915 2899 3130
3 2915 3130 3150
3 3150 3130 3151
3 3151 3130 3152
3 3130 3131 3152
3 3153 3132 3154
3 3153 3152 3132
3 3152 3131 3132
3 3133 3154 3132
3 3155 3154 3133
3 3133 3134 3155
3 3156 2903 2916
3 3141 2903 3156
3 2917 3157 3156
3 2916 2917 3156
3 3158 3159 3160
3 3159 3142 3160
3 3159 2918 3142
3 2918 2904 3142
3 3146 3161 3147
3 3161 3162 3163
3 3161 3146 3162
3 3146 3148 3162
3 3162 3148 3164
3 3148 3149 3164
3 3164 3149 2908
3 2920 3164 2908
3 2924 2914 3150
3 3165 2924 3150
3 3165 3150 3166
3 3150 3151 3166
3 3167 3152 3168
3 3167 3166 3152
3 3166 3151 3152
3 3152 3153 3168
3 3169 2925 3170
3 3169 3157 2925
3 3157 2917 2925
3 3170 3171 3169
3 2928 3159 3158
3 2928 3158 2926
3 2926 3158 3172
3 2928 2918 3159
3 3173 3174 3175
3 2930 3163 3162
3 2929 3163 2930
3 2929 3174 3163
3 2929 3175 3174
3 2932 2930 3162
3 3164 2932 3162
3 2932 3164 2920
3 2933 2924 3165
3 2934 2933 3165
3 3166 2934 3165
3 3166 3167 3176
3 2934 3166 3176
3 2934 3176 3177
3 2934 3177 2936
3 3177 3176 3178
3 2937 3170 2925
3 3170 2937 2939
3 3170 2939 3171
3 3171 2939 3179
3 3180 2940 2926
3 3180 2926 3181
3 3181 2926 3172
3 2940 3180 2941
3 3182 2943 2942
3 3183 2943 3182
3 3173 3175 2944
3 3173 2944 3183
3 3183 2944 2943
3 2944 3175 2929
3 2945 2936 3177
3 3177 3178 3184
3 3177 3184 2945
3 2945 3184 2946
3 2947 3184 3185
3 2946 3184 2947
3 2948 3186 2949
3 2949 3186 3187
3 2949 3187 2939
3 2939 3187 3179
3 3180 3181 3188
3 3188 3189 3190
3 3180 3188 3190
3 3180 3190 2950
3 3180 2950 2941
3 2950 3190 2952
3 3191 2955 2954
3 3192 2955 3191
3 2955 3192 2956
3 2956 3192 3193
3 2956 3193 2957
3 2957 3193 3194
3 2957 3194 3182
3 2942 2957 3182
3 3195 2958 2947
3 3185 3195 2947
3 2958 3195 2959
3 2959 3195 3196
3 2959 3196 2960
3 2960 3196 3197
3 2962 3197 3198
3 2960 3197 2962
3 2964 3199 2965
3 3200 3201 3186
3 3199 3200 3186
3 3199 3186 2948
3 3199 2948 2965
3 3186 3201 3187
3 3190 3189 3202
3 2952 3190 3202
3 2952 3202 2966
3 2966 3202 3203
3 2966 3203 2967
3 2967 3203 3204
3 2967 3204 2968
3 2968 3204 3205
3 2968 3205 2969
3 2969 3205 3206
3 2969 3206 3191
3 2954 2969 3191
3 3207 2970 2962
3 3198 3207 2962
3 2970 3207 2971
3 2971 3207 3208
3 2971 3208 2972
3 2972 3208 3209
3 2972 3209 2973
3 2973 3209 3210
3 3199 2964 2973
3 3199 2973 3211
3 3211 2973 3210
3 3199 3211 3200
3 3212 3213 3214
3 3213 2974 2976
3 3213 2976 3214
3 3214 2976 3215
3 2976 2977 3215
3 2977 3216 3215
3 2977 2978 3216
3 2978 3217 3216
3 2978 2980 3217
3 2980 3218 3217
3 2981 3219 3218
3 2980 2981 3218
3 3220 2982 2984
3 3221 3220 2984
3 2984 2985 3221
3 2985 3222 3221
3 2985 2986 3222
3 2986 3223 3222
3 2986 2988 3223
3 2988 3224 3223
3 2989 3225 3226
3 2989 3226 2988
3 2988 3226 3224
3 3225 3227 3226
3 3228 3229 3230
3 2991 3213 3212
3 2990 2991 3212
3 2990 3212 3230
3 2990 3230 3229
3 2991 2974 3213
3 3231 2981 2992
3 3219 2981 3231
3 2992 2993 3231
3 2993 3232 3231
3 2993 2994 3232
3 2994 3233 3232
3 2995 3234 3233
3 2994 2995 3233
3 3235 2996 2997
3 3236 3235 2997
3 2997 2998 3236
3 2998 3237 3236
3 2998 2999 3237
3 2999 3238 3237
3 2999 3220 3238
3 2982 3220 2999
3 3000 3225 2989
3 3225 3239 3227
3 3000 3239 3225
3 3000 3240 3239
3 3000 3001 3240
3 3240 3241 3239
3 3004 3229 3228
3 3004 3228 3002
3 3002 3228 3242
3 3004 2990 3229
3 3243 2995 3005
3 3234 2995 3243
3 3244 3245 3243
3 3244 3243 3006
3 3006 3243 3005
3 3006 3008 3244
3 3010 3011 3246
3 3247 3246 3011
3 3247 3011 3248
3 3248 3011 3012
3 3012 3235 3248
3 2996 3235 3012
3 3013 3240 3001
3 3240 3013 3015
3 3240 3015 3241
3 3241 3015 3249
3 3250 3016 3002
3 3250 3002 3251
3 3251 3002 3242
3 3016 3250 3017
3 3244 3252 3245
3 3252 3253 3254
3 3244 3253 3252
3 3244 3018 3253
3 3244 3008 3018
3 3018 3019 3255
3 3253 3018 3255
3 3019 3021 3255
3 3025 3026 3256
3 3026 3027 3257
3 3256 3026 3257
3 3258 3246 3259
3 3257 3246 3258
3 3257 3010 3246
3 3257 3027 3010
3 3246 3247 3259
3 3028 3260 3029
3 3029 3260 3261
3 3029 3261 3015
3 3015 3261 3249
3 3250 3251 3262
3 3262 3017 3250
3 3262 3263 3017
3 3263 3030 3017
3 3264 3265 3266
3 3254 3266 3265
3 3254 3253 3266
3 3253 3267 3266
3 3267 3253 3268
3 3253 3255 3268
3 3268 3255 3021
3 3032 3268 3021
3 3038 3025 3256
3 3269 3038 3256
3 3269 3256 3270
3 3256 3257 3270
3 3271 3257 3258
3 3271 3272 3257
3 3272 3270 3257
3 3272 3271 3273
3 3260 3274 3275
3 3260 3028 3274
3 3028 3039 3274
3 3260 3275 3261
3 3276 3040 3030
3 3263 3276 3030
3 3041 3276 3277
3 3040 3276 3041
3 3278 3279 3280
3 3280 3281 3282
3 3279 3281 3280
3 3264 3282 3281
3 3264 3266 3282
3 3266 3283 3282
3 3283 3266 3284
3 3266 3267 3284
3 3043 3042 3284
3 3043 3284 3268
3 3268 3284 3267
3 3043 3268 3032
3 3051 3038 3269
3 3053 3051 3269
3 3053 3269 3285
3 3285 3269 3270
3 3285 3270 3286
3 3270 3272 3286
3 3287 3272 3273
3 3287 3288 3272
3 3288 3286 3272
3 3288 3289 3290
3 3287 3289 3288
3 3290 3289 3291
3 3292 3055 3054
3 3293 3055 3292
3 3055 3293 3274
3 3039 3055 3274
3 3294 3056 3041
3 3277 3294 3041
3 3057 3295 3296
3 3057 3056 3295
3 3056 3294 3295
3 3296 3297 3298
3 3295 3297 3296
3 3298 3299 3300
3 3297 3299 3298
3 3300 3301 3302
3 3299 3301 3300
3 3302 3303 3304
3 3301 3303 3302
3 3278 3304 3303
3 3278 3280 3304
3 3280 3305 3304
3 3305 3280 3306
3 3280 3282 3306
3 3059 3058 3306
3 3059 3306 3283
3 3283 3306 3282
3 3061 3059 3283
3 3284 3061 3283
3 3061 3284 3042
3 3067 3053 3285
3 3069 3067 3285
3 3286 3069 3285
3 3071 3069 3286
3 3071 3286 3307
3 3307 3286 3288
3 3307 3288 3308
3 3288 3290 3308
3 3309 3290 3291
3 3309 3310 3290
3 3310 3308 3290
3 3310 3311 3312
3 3309 3311 3310
3 3312 3313 3314
3 3311 3313 3312
3 3314 3315 3316
3 3313 3315 3314
3 3316 3317 3318
3 3315 3317 3316
3 3318 3073 3072
3 3318 3317 3073
3 3317 3319 3073
3 3073 3319 3292
3 3054 3073 3292
3 3074 3057 3296
3 3075 3074 3296
3 3298 3075 3296
3 3077 3075 3298
3 3300 3077 3298
3 3079 3077 3300
3 3302 3079 3300
3 3081 3079 3302
3 3304 3081 3302
3 3083 3081 3304
3 3305 3083 3304
3 3085 3083 3305
3 3306 3085 3305
3 3085 3306 3058
3 3091 3071 3307
3 3093 3091 3307
3 3308 3093 3307
3 3095 3093 3308
3 3310 3095 3308
3 3097 3095 3310
3 3312 3097 3310
3 3099 3097 3312
3 3314 3099 3312
3 3101 3099 3314
3 3316 3101 3314
3 3103 3101 3316
3 3318 3103 3316
3 3103 3318 3072
3 3118 3119 3320
3 3119 3120 3321
3 3320 3119 3321
3 3120 3121 3322
3 3321 3120 3322
3 3121 3122 3323
3 3322 3121 3323
3 3122 3123 3324
3 3323 3122 3324
3 3123 3124 3325
3 3324 3123 3325
3 3124 3126 3325
3 3134 3135 3326
3 3135 3136 3327
3 3326 3135 3327
3 3136 3137 3328
3 3327 3136 3328
3 3137 3138 3329
3 3328 3137 3329
3 3138 3139 3330
3 3329 3138 3330
3 3139 3140 3331
3 3330 3139 3331
3 3140 3141 3331
3 3332 3142 3143
3 3333 3332 3143
3 3320 3143 3118
3 3320 3334 3143
3 3334 3333 3143
3 3321 3334 3320
3 3335 3334 3321
3 3322 3335 3321
3 3336 3335 3322
3 3323 3336 3322
3 3337 3336 3323
3 3324 3337 3323
3 3338 3337 3324
3 3338 3339 3340
3 3338 3324 3339
3 3324 3325 3339
3 3126 3144 3341
3 3126 3341 3325
3 3325 3341 3339
3 3144 3145 3342
3 3341 3144 3342
3 3145 3147 3342
3 3153 3154 3343
3 3154 3155 3344
3 3343 3154 3344
3 3155 3134 3326
3 3155 3326 3344
3 3344 3326 3345
3 3346 3327 3347
3 3346 3345 3327
3 3345 3326 3327
3 3328 3347 3327
3 3348 3347 3328
3 3329 3348 3328
3 3349 3348 3329
3 3330 3349 3329
3 3350 3349 3330
3 3331 3350 3330
3 3351 3350 3331
3 3141 3351 3331
3 3141 3156 3351
3 3156 3352 3351
3 3157 3353 3352
3 3156 3157 3352
3 3354 3158 3160
3 3355 3354 3160
3 3160 3332 3355
3 3142 3332 3160
3 3339 3356 3340
3 3341 3356 3339
3 3357 3356 3341
3 3357 3358 3359
3 3357 3341 3358
3 3341 3342 3358
3 3147 3161 3360
3 3147 3360 3342
3 3342 3360 3358
3 3161 3163 3360
3 3167 3168 3361
3 3168 3153 3343
3 3168 3343 3361
3 3361 3343 3362
3 3363 3344 3364
3 3363 3362 3344
3 3362 3343 3344
3 3345 3364 3344
3 3365 3364 3345
3 3345 3346 3365
3 3366 3157 3169
3 3353 3157 3366
3 3171 3367 3366
3 3169 3171 3366
3 3172 3158 3368
3 3368 3158 3354
3 3359 3369 3370
3 3358 3369 3359
3 3174 3173 3369
3 3174 3369 3360
3 3360 3369 3358
3 3174 3360 3163
3 3176 3167 3361
3 3178 3176 3361
3 3178 3361 3371
3 3371 3361 3362
3 3362 3372 3371
3 3363 3372 3362
3 3179 3373 3171
3 3373 3367 3171
3 3374 3375 3376
3 3375 3368 3376
3 3375 3181 3368
3 3181 3172 3368
3 3183 3370 3369
3 3183 3182 3370
3 3182 3377 3370
3 3183 3369 3173
3 3184 3178 3371
3 3371 3185 3184
3 3371 3372 3185
3 3372 3378 3185
3 3379 3187 3380
3 3379 3373 3187
3 3373 3179 3187
3 3380 3381 3379
3 3375 3374 3382
3 3382 3383 3384
3 3375 3382 3384
3 3375 3384 3188
3 3375 3188 3181
3 3188 3384 3189
3 3385 3192 3191
3 3386 3192 3385
3 3192 3386 3193
3 3193 3386 3387
3 3193 3387 3194
3 3194 3387 3388
3 3194 3388 3377
3 3182 3194 3377
3 3389 3195 3185
3 3378 3389 3185
3 3195 3389 3196
3 3196 3389 3390
3 3196 3390 3197
3 3197 3390 3391
3 3198 3391 3392
3 3197 3391 3198
3 3200 3393 3201
3 3394 3395 3380
3 3393 3394 3380
3 3393 3380 3187
3 3393 3187 3201
3 3380 3395 3381
3 3384 3383 3396
3 3189 3384 3396
3 3189 3396 3202
3 3202 3396 3397
3 3202 3397 3203
3 3203 3397 3398
3 3203 3398 3204
3 3204 3398 3399
3 3204 3399 3205
3 3205 3399 3400
3 3205 3400 3206
3 3206 3400 3401
3 3206 3401 3385
3 3191 3206 3385
3 3402 3207 3198
3 3392 3402 3198
3 3207 3402 3208
3 3208 3402 3403
3 3208 3403 3209
3 3209 3403 3404
3 3209 3404 3210
3 3210 3404 3405
3 3210 3405 3211
3 3211 3405 3406
3 3393 3200 3211
3 3393 3211 3407
3 3407 3211 3406
3 3393 3407 3394
3 3408 3409 3410
3 3409 3212 3214
3 3409 3214 3410
3 3410 3214 3411
3 3214 3215 3411
3 3215 3412 3411
3 3215 3216 3412
3 3216 3413 3412
3 3216 3217 3413
3 3217 3414 3413
3 3217 3218 3414
3 3218 3415 3414
3 3219 3416 3415
3 3218 3219 3415
3 3417 3220 3221
3 3418 3417 3221
3 3221 3222 3418
3 3222 3419 3418
3 3222 3223 3419
3 3223 3420 3419
3 3223 3224 3420
3 3224 3421 3420
3 3224 3226 3421
3 3226 3422 3421
3 3227 3423 3424
3 3227 3424 3226
3 3226 3424 3422
3 3423 3425 3424
3 3426 3427 3428
3 3230 3409 3408
3 3228 3230 3408
3 3228 3408 3428
3 3228 3428 3427
3 3230 3212 3409
3 3429 3219 3231
3 3416 3219 3429
3 3231 3232 3429
3 3232 3430 3429
3 3232 3233 3430
3 3233 3431 3430
3 3234 3432 3431
3 3233 3234 3431
3 3433 3235 3236
3 3434 3433 3236
3 3236 3237 3434
3 3237 3435 3434
3 3237 3238 3435
3 3238 3436 3435
3 3238 3417 3436
3 3220 3417 3238
3 3239 3423 3227
3 3423 3437 3425
3 3239 3437 3423
3 3239 3438 3437
3 3239 3241 3438
3 3438 3439 3437
3 3427 3426 3440
3 3440 3228 3427
3 3440 3441 3228
3 3441 3242 3228
3 3442 3234 3243
3 3442 3443 3234
3 3443 3432 3234
3 3243 3245 3442
3 3247 3248 3444
3 3248 3445 3444
3 3248 3235 3445
3 3235 3433 3445
3 3438 3446 3447
3 3438 3241 3446
3 3241 3249 3446
3 3438 3447 3439
3 3251 3242 3448
3 3448 3242 3441
3 3443 3449 3450
3 3442 3449 3443
3 3245 3252 3451
3 3245 3451 3442
3 3442 3451 3449
3 3252 3254 3451
3 3258 3259 3452
3 3259 3247 3444
3 3259 3444 3452
3 3452 3444 3453
3 3444 3454 3453
3 3445 3454 3444
3 3261 3455 3249
3 3455 3446 3249
3 3456 3262 3251
3 3448 3456 3251
3 3263 3456 3457
3 3262 3456 3263
3 3458 3459 3460
3 3460 3461 3462
3 3459 3461 3460
3 3450 3462 3461
3 3450 3449 3462
3 3449 3463 3462
3 3265 3264 3463
3 3265 3463 3451
3 3451 3463 3449
3 3265 3451 3254
3 3271 3258 3452
3 3273 3271 3452
3 3273 3452 3464
3 3464 3452 3453
3 3465 3453 3454
3 3465 3466 3453
3 3466 3464 3453
3 3466 3467 3468
3 3465 3467 3466
3 3468 3467 3469
3 3470 3275 3274
3 3471 3275 3470
3 3275 3471 3455
3 3261 3275 3455
3 3472 3276 3263
3 3457 3472 3263
3 3277 3473 3474
3 3277 3276 3473
3 3276 3472 3473
3 3474 3475 3476
3 3473 3475 3474
3 3476 3477 3478
3 3475 3477 3476
3 3478 3479 3480
3 3477 3479 3478
3 3480 3481 3482
3 3479 3481 3480
3 3458 3482 3481
3 3458 3460 3482
3 3460 3483 3482
3 3279 3278 3483
3 3279 3483 3462
3 3462 3483 3460
3 3281 3279 3462
3 3463 3281 3462
3 3281 3463 3264
3 3287 3273 3464
3 3289 3287 3464
3 3466 3289 3464
3 3291 3289 3466
3 3291 3466 3484
3 3484 3466 3468
3 3485 3468 3469
3 3485 3486 3468
3 3486 3484 3468
3 3486 3487 3488
3 3485 3487 3486
3 3488 3489 3490
3 3487 3489 3488
3 3490 3491 3492
3 3489 3491 3490
3 3492 3493 3494
3 3491 3493 3492
3 3494 3293 3292
3 3494 3493 3293
3 3493 3495 3293
3 3293 3495 3470
3 3274 3293 3470
3 3294 3277 3474
3 3295 3294 3474
3 3476 3295 3474
3 3297 3295 3476
3 3478 3297 3476
3 3299 3297 3478
3 3480 3299 3478
3 3301 3299 3480
3 3482 3301 3480
3 3303 3301 3482
3 3483 3303 3482
3 3303 3483 3278
3 3309 3291 3484
3 3311 3309 3484
3 3486 3311 3484
3 3313 3311 3486
3 3488 3313 3486
3 3315 3313 3488
3 3490 3315 3488
3 3317 3315 3490
3 3492 3317 3490
3 3319 3317 3492
3 3494 3319 3492
3 3319 3494 3292
3 3332 3333 3496
3 3333 3334 3497
3 3496 3333 3497
3 3334 3335 3498
3 3497 3334 3498
3 3335 3336 3499
3 3498 3335 3499
3 3336 3337 3500
3 3499 3336 3500
3 3337 3338 3501
3 3500 3337 3501
3 3338 3340 3501
3 3346 3347 3502
3 3347 3348 3503
3 3502 3347 3503
3 3348 3349 3504
3 3503 3348 3504
3 3349 3350 3505
3 3504 3349 3505
3 3350 3351 3506
3 3505 3350 3506
3 3351 3352 3507
3 3506 3351 3507
3 3352 3353 3507
3 3508 3354 3355
3 3509 3508 3355
3 3496 3355 3332
3 3496 3510 3355
3 3510 3509 3355
3 3497 3510 3496
3 3511 3510 3497
3 3498 3511 3497
3 3512 3511 3498
3 3499 3512 3498
3 3513 3512 3499
3 3500 3513 3499
3 3514 3513 3500
3 3514 3515 3516
3 3514 3500 3515
3 3500 3501 3515
3 3340 3356 3517
3 3340 3517 3501
3 3501 3517 3515
3 3356 3357 3518
3 3517 3356 3518
3 3357 3359 3518
3 3363 3364 3519
3 3364 3365 3520
3 3519 3364 3520
3 3365 3346 3502
3 3365 3502 3520
3 3520 3502 3521
3 3522 3503 3523
3 3522 3521 3503
3 3521 3502 3503
3 3504 3523 3503
3 3524 3523 3504
3 3505 3524 3504
3 3525 3524 3505
3 3506 3525 3505
3 3526 3525 3506
3 3507 3526 3506
3 3527 3526 3507
3 3353 3527 3507
3 3353 3366 3527
3 3366 3528 3527
3 3367 3529 3528
3 3366 3367 3528
3 3530 3531 3532
3 3531 3508 3532
3 3531 3368 3508
3 3368 3354 3508
3 3515 3533 3516
3 3517 3533 3515
3 3534 3533 3517
3 3534 3535 3536
3 3534 3517 3535
3 3517 3518 3535
3 3535 3518 3359
3 3370 3535 3359
3 3372 3363 3519
3 3537 3372 3519
3 3538 3520 3539
3 3538 3537 3520
3 3537 3519 3520
3 3521 3539 3520
3 3540 3539 3521
3 3521 3522 3540
3 3541 3373 3542
3 3541 3529 3373
3 3529 3367 3373
3 3542 3543 3541
3 3376 3531 3530
3 3376 3530 3374
3 3374 3530 3544
3 3376 3368 3531
3 3536 3545 3546
3 3535 3545 3536
3 3545 3535 3370
3 3377 3545 3370
3 3378 3372 3537
3 3547 3378 3537
3 3537 3548 3547
3 3538 3548 3537
3 3379 3542 3373
3 3542 3379 3381
3 3542 3381 3543
3 3543 3381 3549
3 3550 3382 3374
3 3550 3374 3551
3 3551 3374 3544
3 3382 3550 3383
3 3385 3552 3386
3 3553 3386 3552
3 3553 3554 3386
3 3554 3387 3386
3 3546 3545 3388
3 3546 3388 3554
3 3554 3388 3387
3 3388 3545 3377
3 3389 3378 3547
3 3547 3548 3555
3 3547 3555 3389
3 3389 3555 3390
3 3556 3555 3557
3 3556 3391 3555
3 3391 3390 3555
3 3391 3556 3392
3 3394 3558 3395
3 3395 3558 3559
3 3395 3559 3381
3 3381 3559 3549
3 3550 3551 3560
3 3383 3550 3560
3 3383 3560 3396
3 3396 3560 3561
3 3562 3561 3563
3 3562 3397 3561
3 3397 3396 3561
3 3397 3564 3398
3 3562 3564 3397
3 3565 3398 3564
3 3565 3566 3398
3 3566 3399 3398
3 3399 3566 3400
3 3400 3566 3567
3 3400 3567 3401
3 3401 3567 3568
3 3552 3385 3401
3 3552 3401 3569
3 3569 3401 3568
3 3552 3569 3553
3 3556 3557 3570
3 3392 3556 3570
3 3392 3570 3402
3 3402 3570 3571
3 3402 3571 3403
3 3403 3571 3572
3 3403 3572 3404
3 3404 3572 3573
3 3574 3573 3575
3 3574 3405 3573
3 3405 3404 3573
3 3405 3576 3406
3 3574 3576 3405
3 3577 3406 3576
3 3577 3578 3406
3 3578 3407 3406
3 3558 3394 3407
3 3558 3407 3579
3 3579 3407 3578
3 3558 3579 3559
3 3562 3563 3580
3 3564 3562 3580
3 3581 3564 3580
3 3564 3581 3565
3 3574 3575 3582
3 3576 3574 3582
3 3583 3576 3582
3 3576 3583 3577
3 3584 3585 3586
3 3585 3587 3588
3 3586 3585 3588
3 3587 3589 3588
3 3590 3591 3592
3 3591 3593 3594
3 3592 3591 3594
3 3593 3595 3594
3 3596 3597 3598
3 3597 3408 3410
3 3597 3410 3598
3 3598 3410 3599
3 3584 3411 3585
3 3584 3599 3411
3 3599 3410 3411
3 3412 3585 3411
3 3587 3585 3412
3 3587 3600 3589
3 3587 3412 3600
3 3412 3413 3600
3 3413 3414 3600
3 3414 3601 3600
3 3414 3415 3601
3 3415 3602 3601
3 3416 3603 3604
3 3416 3604 3415
3 3415 3604 3602
3 3603 3605 3604
3 3606 3607 3608
3 3607 3417 3418
3 3607 3418 3608
3 3608 3418 3609
3 3418 3419 3609
3 3419 3610 3609
3 3419 3420 3610
3 3420 3611 3610
3 3590 3421 3591
3 3590 3611 3421
3 3611 3420 3421
3 3422 3591 3421
3 3593 3591 3422
3 3593 3612 3595
3 3593 3422 3612
3 3422 3424 3612
3 3425 3613 3614
3 3425 3614 3424
3 3424 3614 3612
3 3613 3615 3614
3 3428 3597 3596
3 3428 3596 3426
3 3426 3596 3616
3 3428 3408 3597
3 3429 3603 3416
3 3603 3617 3605
3 3603 3429 3617
3 3429 3430 3617
3 3618 3619 3617
3 3618 3617 3431
3 3431 3617 3430
3 3431 3432 3618
3 3433 3434 3620
3 3621 3620 3434
3 3621 3434 3622
3 3622 3434 3435
3 3606 3436 3607
3 3606 3622 3436
3 3622 3435 3436
3 3436 3417 3607
3 3437 3613 3425
3 3613 3437 3439
3 3613 3439 3615
3 3615 3439 3623
3 3624 3440 3426
3 3624 3426 3625
3 3625 3426 3616
3 3440 3624 3441
3 3619 3626 3627
3 3618 3626 3619
3 3626 3618 3432
3 3443 3626 3432
3 3445 3433 3620
3 3628 3445 3620
3 3620 3629 3628
3 3621 3629 3620
3 3446 3630 3447
3 3447 3630 3631
3 3447 3631 3439
3 3439 3631 3623
3 3624 3625 3632
3 3632 3441 3624
3 3632 3633 3441
3 3633 3448 3441
3 3634 3635 3636
3 3636 3637 3638
3 3635 3637 3636
3 3627 3638 3637
3 3627 3626 3638
3 3626 3639 3638
3 3639 3626 3443
3 3450 3639 3443
3 3454 3445 3628
3 3640 3454 3628
3 3641 3628 3629
3 3641 3642 3628
3 3642 3640 3628
3 3642 3643 3644
3 3641 3643 3642
3 3644 3643 3645
3 3630 3646 3647
3 3630 3446 3646
3 3446 3455 3646
3 3630 3647 3631
3 3648 3456 3448
3 3633 3648 3448
3 3457 3649 3650
3 3457 3456 3649
3 3456 3648 3649
3 3650 3651 3652
3 3649 3651 3650
3 3652 3653 3654
3 3651 3653 3652
3 3654 3655 3656
3 3653 3655 3654
3 3656 3657 3658
3 3655 3657 3656
3 3634 3658 3657
3 3634 3636 3658
3 3636 3659 3658
3 3459 3458 3659
3 3459 3659 3638
3 3638 3659 3636
3 3461 3459 3638
3 3639 3461 3638
3 3461 3639 3450
3 3465 3454 3640
3 3467 3465 3640
3 3642 3467 3640
3 3469 3467 3642
3 3469 3642 3660
3 3660 3642 3644
3 3661 3644 3645
3 3661 3662 3644
3 3662 3660 3644
3 3662 3663 3664
3 3661 3663 3662
3 3664 3665 3666
3 3663 3665 3664
3 3666 3667 3668
3 3665 3667 3666
3 3668 3669 3670
3 3667 3669 3668
3 3670 3471 3470
3 3670 3669 3471
3 3669 3671 3471
3 3471 3671 3646
3 3455 3471 3646
3 3472 3457 3650
3 3473 3472 3650
3 3652 3473 3650
3 3475 3473 3652
3 3654 3475 3652
3 3477 3475 3654
3 3656 3477 3654
3 3479 3477 3656
3 3658 3479 3656
3 3481 3479 3658
3 3659 3481 3658
3 3481 3659 3458
3 3485 3469 3660
3 3487 3485 3660
3 3662 3487 3660
3 3489 3487 3662
3 3664 3489 3662
3 3491 3489 3664
3 3666 3491 3664
3 3493 3491 3666
3 3668 3493 3666
3 3495 3493 3668
3 3670 3495 3668
3 3495 3670 3470
3 3508 3509 3672
3 3509 3510 3673
3 3672 3509 3673
3 3510 3511 3674
3 3673 3510 3674
3 3511 3512 3675
3 3674 3511 3675
3 3512 3513 3676
3 3675 3512 3676
3 3513 3514 3677
3 3676 3513 3677
3 3514 3516 3677
3 3522 3523 3678
3 3523 3524 3679
3 3678 3523 3679
3 3524 3525 3680
3 3679 3524 3680
3 3525 3526 3681
3 3680 3525 3681
3 3526 3527 3682
3 3681 3526 3682
3 3527 3528 3683
3 3682 3527 3683
3 3528 3529 3683
3 3530 3532 3684
3 3685 3672 3686
3 3684 3672 3685
3 3684 3508 3672
3 3684 3532 3508
3 3673 3686 3672
3 3687 3686 3673
3 3674 3687 3673
3 3688 3687 3674
3 3675 3688 3674
3 3689 3688 3675
3 3676 3689 3675
3 3690 3689 3676
3 3677 3690 3676
3 3691 3690 3677
3 3691 3692 3693
3 3677 3692 3691
3 3677 3533 3692
3 3677 3516 3533
3 3533 3534 3694
3 3692 3533 3694
3 3534 3536 3694
3 3538 3539 3695
3 3539 3540 3696
3 3695 3539 3696
3 3697 3678 3698
3 3696 3678 3697
3 3696 3522 3678
3 3696 3540 3522
3 3679 3698 3678
3 3699 3698 3679
3 3680 3699 3679
3 3700 3699 3680
3 3681 3700 3680
3 3701 3700 3681
3 3682 3701 3681
3 3702 3701 3682
3 3683 3702 3682
3 3703 3702 3683
3 3703 3704 3705
3 3683 3704 3703
3 3683 3541 3704
3 3683 3529 3541
3 3541 3543 3704
3 3684 3706 3707
3 3684 3707 3530
3 3530 3707 3544
3 3684 3685 3706
3 3692 3708 3693
3 3708 3709 3710
3 3708 3692 3709
3 3692 3694 3709
3 3709 3694 3536
3 3546 3709 3536
3 3548 3538 3695
3 3711 3548 3695
3 3712 3696 3713
3 3712 3711 3696
3 3711 3695 3696
3 3696 3697 3713
3 3704 3714 3705
3 3714 3704 3543
3 3714 3543 3715
3 3715 3543 3549
3 3551 3544 3716
3 3716 3544 3707
3 3554 3710 3709
3 3554 3553 3710
3 3553 3717 3710
3 3554 3709 3546
3 3555 3548 3711
3 3711 3557 3555
3 3711 3712 3557
3 3712 3718 3557
3 3559 3719 3549
3 3719 3715 3549
3 3720 3560 3551
3 3716 3720 3551
3 3721 3720 3722
3 3721 3561 3720
3 3561 3560 3720
3 3561 3721 3563
3 3565 3723 3566
3 3724 3566 3723
3 3724 3725 3566
3 3725 3567 3566
3 3567 3725 3568
3 3568 3725 3726
3 3568 3726 3569
3 3569 3726 3727
3 3569 3727 3717
3 3553 3569 3717
3 3728 3570 3557
3 3718 3728 3557
3 3570 3728 3571
3 3571 3728 3729
3 3571 3729 3572
3 3572 3729 3730
3 3731 3730 3732
3 3731 3573 3730
3 3573 3572 3730
3 3573 3731 3575
3 3577 3733 3578
3 3734 3578 3733
3 3734 3735 3578
3 3735 3579 3578
3 3579 3735 3719
3 3559 3579 3719
3 3721 3722 3736
3 3563 3721 3736
3 3563 3736 3580
3 3580 3736 3737
3 3580 3737 3581
3 3581 3737 3738
3 3723 3565 3581
3 3723 3581 3739
3 3739 3581 3738
3 3723 3739 3724
3 3731 3732 3740
3 3575 3731 3740
3 3575 3740 3582
3 3582 3740 3741
3 3582 3741 3583
3 3583 3741 3742
3 3733 3577 3583
3 3733 3583 3743
3 3743 3583 3742
3 3733 3743 3734
3 3744 3745 3746
3 3745 3584 3586
3 3745 3586 3746
3 3746 3586 3747
3 3586 3588 3747
3 3588 3748 3747
3 3589 3749 3750
3 3589 3750 3588
3 3588 3750 3748
3 3749 3751 3750
3 3752 3753 3754
3 3753 3590 3592
3 3753 3592 3754
3 3754 3592 3755
3 3592 3594 3755
3 3594 3756 3755
3 3595 3757 3758
3 3595 3758 3594
3 3594 3758 3756
3 3757 3759 3758
3 3760 3596 3598
3 3761 3760 3598
3 3744 3599 3745
3 3744 3761 3599
3 3761 3598 3599
3 3599 3584 3745
3 3600 3749 3589
3 3749 3762 3751
3 3749 3600 3762
3 3600 3601 3762
3 3601 3602 3762
3 3602 3763 3762
3 3602 3604 3763
3 3604 3764 3763
3 3605 3765 3764
3 3604 3605 3764
3 3766 3606 3608
3 3767 3766 3608
3 3608 3609 3767
3 3609 3768 3767
3 3609 3610 3768
3 3610 3769 3768
3 3752 3611 3753
3 3752 3769 3611
3 3769 3610 3611
3 3611 3590 3753
3 3612 3757 3595
3 3757 3770 3759
3 3757 3612 3770
3 3612 3614 3770
3 3615 3771 3770
3 3614 3615 3770
3 3616 3596 3772
3 3772 3596 3760
3 3773 3605 3617
3 3773 3774 3605
3 3774 3765 3605
3 3617 3619 3773
3 3621 3622 3775
3 3622 3776 3775
3 3622 3606 3776
3 3606 3766 3776
3 3623 3777 3615
3 3777 3771 3615
3 3778 3779 3625
3 3778 3625 3772
3 3772 3625 3616
3 3779 3778 3780
3 3781 3782 3783
3 3774 3783 3782
3 3774 3773 3783
3 3773 3784 3783
3 3784 3773 3619
3 3627 3784 3619
3 3629 3621 3775
3 3785 3629 3775
3 3786 3775 3776
3 3786 3787 3775
3 3787 3785 3775
3 3787 3786 3788
3 3789 3790 3791
3 3791 3790 3777
3 3791 3777 3631
3 3631 3777 3623
3 3632 3625 3779
3 3779 3780 3792
3 3632 3779 3792
3 3632 3792 3793
3 3632 3793 3633
3 3793 3794 3795
3 3792 3794 3793
3 3795 3796 3797
3 3794 3796 3795
3 3797 3798 3799
3 3796 3798 3797
3 3799 3800 3801
3 3798 3800 3799
3 3801 3802 3803
3 3800 3802 3801
3 3635 3781 3783
3 3634 3781 3635
3 3634 3802 3781
3 3634 3803 3802
3 3637 3635 3783
3 3784 3637 3783
3 3637 3784 3627
3 3641 3629 3785
3 3643 3641 3785
3 3787 3643 3785
3 3787 3788 3804
3 3643 3787 3804
3 3643 3804 3805
3 3643 3805 3645
3 3805 3806 3807
3 3804 3806 3805
3 3807 3808 3809
3 3806 3808 3807
3 3809 3810 3811
3 3808 3810 3809
3 3811 3812 3813
3 3810 3812 3811
3 3813 3814 3815
3 3812 3814 3813
3 3647 3789 3791
3 3646 3789 3647
3 3646 3814 3789
3 3646 3815 3814
3 3647 3791 3631
3 3648 3633 3793
3 3649 3648 3793
3 3795 3649 3793
3 3651 3649 3795
3 3797 3651 3795
3 3653 3651 3797
3 3799 3653 3797
3 3655 3653 3799
3 3801 3655 3799
3 3657 3655 3801
3 3803 3657 3801
3 3657 3803 3634
3 3661 3645 3805
3 3663 3661 3805
3 3807 3663 3805
3 3665 3663 3807
3 3809 3665 3807
3 3667 3665 3809
3 3811 3667 3809
3 3669 3667 3811
3 3813 3669 3811
3 3671 3669 3813
3 3815 3671 3813
3 3671 3815 3646
3 3816 3817 3818
3 3817 3819 3820
3 3818 3817 3820
3 3819 3821 3822
3 3820 3819 3822
3 3821 3823 3824
3 3822 3821 3824
3 3823 3825 3826
3 3824 3823 3826
3 3825 3827 3828
3 3826 3825 3828
3 3827 3829 3830
3 3828 3827 3830
3 3829 3831 3832
3 3830 3829 3832
3 3831 3833 3834
3 3832 3831 3834
3 3833 3835 3834
3 3836 3837 3838
3 3837 3839 3840
3 3838 3837 3840
3 3816 3840 3839
3 3816 3839 3817
3 3817 3839 3841
3 3841 3842 3817
3 3817 3842 3819
3 3842 3843 3819
3 3819 3843 3821
3 3843 3844 3821
3 3821 3844 3823
3 3844 3845 3823
3 3823 3845 3825
3 3845 3846 3825
3 3825 3846 3827
3 3846 3847 3827
3 3827 3847 3829
3 3847 3848 3829
3 3829 3848 3831
3 3848 3849 3831
3 3831 3849 3833
3 3850 3835 3833
3 3850 3833 3851
3 3851 3833 3849
3 3851 3852 3853
3 3850 3851 3853
3 3852 3854 3853
3 3836 3855 3856
3 3837 3836 3856
3 3856 3857 3837
3 3837 3857 3839
3 3857 3858 3839
3 3839 3858 3841
3 3858 3859 3841
3 3841 3859 3842
3 3859 3860 3842
3 3842 3860 3843
3 3860 3861 3843
3 3843 3861 3844
3 3861 3862 3844
3 3844 3862 3845
3 3862 3863 3845
3 3845 3863 3846
3 3863 3864 3846
3 3846 3864 3847
3 3864 3865 3847
3 3847 3865 3848
3 3865 3866 3848
3 3848 3866 3849
3 3866 3867 3849
3 3849 3867 3851
3 3867 3868 3851
3 3851 3868 3852
3 3852 3868 3869
3 3854 3852 3869
3 3856 3855 3870
3 3857 3856 3870
3 3871 3857 3870
3 3858 3857 3871
3 3872 3858 3871
3 3859 3858 3872
3 3873 3859 3872
3 3860 3859 3873
3 3874 3860 3873
3 3861 3860 3874
3 3875 3861 3874
3 3862 3861 3875
3 3876 3862 3875
3 3863 3862 3876
3 3877 3863 3876
3 3864 3863 3877
3 3878 3864 3877
3 3865 3864 3878
3 3879 3865 3878
3 3866 3865 3879
3 3880 3866 3879
3 3867 3866 3880
3 3881 3867 3880
3 3868 3867 3881
3 3882 3868 3881
3 3868 3882 3869
3 3685 3686 3883
3 3686 3687 3884
3 3883 3686 3884
3 3687 3688 3885
3 3884 3687 3885
3 3688 3689 3886
3 3885 3688 3886
3 3689 3690 3887
3 3886 3689 3887
3 3690 3691 3888
3 3887 3690 3888
3 3691 3693 3888
3 3697 3698 3889
3 3698 3699 3890
3 3889 3698 3890
3 3699 3700 3891
3 3890 3699 3891
3 3700 3701 3892
3 3891 3700 3892
3 3701 3702 3893
3 3892 3701 3893
3 3702 3703 3894
3 3893 3702 3894
3 3703 3705 3894
3 3895 3707 3706
3 3896 3895 3706
3 3883 3706 3685
3 3883 3897 3706
3 3897 3896 3706
3 3884 3897 3883
3 3898 3897 3884
3 3885 3898 3884
3 3899 3898 3885
3 3886 3899 3885
3 3900 3899 3886
3 3887 3900 3886
3 3901 3900 3887
3 3901 3902 3903
3 3901 3887 3902
3 3887 3888 3902
3 3693 3708 3904
3 3693 3904 3888
3 3888 3904 3902
3 3708 3710 3904
3 3712 3713 3905
3 3713 3697 3889
3 3713 3889 3905
3 3905 3889 3906
3 3907 3890 3908
3 3907 3906 3890
3 3906 3889 3890
3 3891 3908 3890
3 3909 3908 3891
3 3892 3909 3891
3 3910 3909 3892
3 3893 3910 3892
3 3911 3910 3893
3 3894 3911 3893
3 3912 3911 3894
3 3705 3912 3894
3 3705 3714 3912
3 3714 3913 3912
3 3715 3914 3913
3 3714 3715 3913
3 3915 3916 3917
3 3916 3895 3917
3 3916 3716 3895
3 3716 3707 3895
3 3902 3918 3903
3 3904 3918 3902
3 3919 3918 3904
3 3919 3904 3710
3 3919 3710 3920
3 3920 3710 3717
3 3905 3921 3922
3 3905 3922 3712
3 3712 3922 3718
3 3906 3921 3905
3 3923 3921 3906
3 3906 3907 3923
3 3924 3719 3925
3 3924 3914 3719
3 3914 3715 3719
3 3925 3926 3924
3 3916 3915 3927
3 3927 3928 3929
3 3916 3927 3929
3 3916 3929 3720
3 3916 3720 3716
3 3720 3929 3722
3 3724 3930 3725
3 3931 3725 3930
3 3931 3932 3725
3 3932 3726 3725
3 3726 3932 3727
3 3727 3932 3933
3 3727 3933 3920
3 3717 3727 3920
3 3934 3728 3718
3 3922 3934 3718
3 3728 3934 3729
3 3729 3934 3935
3 3936 3935 3937
3 3936 3730 3935
3 3730 3729 3935
3 3730 3936 3732
3 3734 3938 3735
3 3939 3940 3925
3 3938 3939 3925
3 3938 3925 3719
3 3938 3719 3735
3 3925 3940 3926
3 3929 3928 3941
3 3722 3929 3941
3 3722 3941 3736
3 3736 3941 3942
3 3736 3942 3737
3 3737 3942 3943
3 3737 3943 3738
3 3738 3943 3944
3 3738 3944 3739
3 3739 3944 3945
3 3930 3724 3739
3 3930 3739 3946
3 3946 3739 3945
3 3930 3946 3931
3 3936 3937 3947
3 3732 3936 3947
3 3732 3947 3740
3 3740 3947 3948
3 3740 3948 3741
3 3741 3948 3949
3 3741 3949 3742
3 3742 3949 3950
3 3742 3950 3743
3 3743 3950 3951
3 3938 3734 3743
3 3938 3743 3952
3 3952 3743 3951
3 3938 3952 3939
3 3953 3954 3955
3 3954 3744 3746
3 3954 3746 3955
3 3955 3746 3956
3 3746 3747 3956
3 3747 3957 3956
3 3747 3748 3957
3 3748 3958 3957
3 3748 3750 3958
3 3750 3959 3958
3 3751 3960 3961
3 3751 3961 3750
3 3750 3961 3959
3 3960 3962 3961
3 3963 3964 3965
3 3964 3752 3754
3 3964 3754 3965
3 3965 3754 3966
3 3754 3755 3966
3 3755 3967 3966
3 3755 3756 3967
3 3756 3968 3967
3 3756 3758 3968
3 3758 3969 3968
3 3759 3970 3971
3 3759 3971 3758
3 3758 3971 3969
3 3970 3972 3971
3 3973 3974 3975
3 3761 3954 3953
3 3760 3761 3953
3 3760 3953 3975
3 3760 3975 3974
3 3761 3744 3954
3 3762 3960 3751
3 3960 3976 3962
3 3960 3762 3976
3 3762 3763 3976
3 3763 3764 3976
3 3764 3977 3976
3 3765 3978 3977
3 3764 3765 3977
3 3979 3766 3767
3 3980 3979 3767
3 3767 3768 3980
3 3768 3981 3980
3 3963 3769 3964
3 3963 3981 3769
3 3981 3768 3769
3 3769 3752 3964
3 3770 3970 3759
3 3970 3982 3972
3 3770 3982 3970
3 3770 3983 3982
3 3770 3771 3983
3 3983 3984 3982
3 3974 3973 3985
3 3985 3760 3974
3 3985 3986 3760
3 3986 3772 3760
3 3987 3988 3989
3 3989 3990 3991
3 3988 3990 3989
3 3991 3990 3978
3 3991 3978 3774
3 3774 3978 3765
3 3992 3993 3776
3 3992 3776 3979
3 3979 3776 3766
3 3993 3994 3995
3 3992 3994 3993
3 3995 3994 3996
3 3983 3997 3998
3 3983 3771 3997
3 3771 3777 3997
3 3983 3998 3984
3 3999 3778 3772
3 3986 3999 3772
3 3780 4000 4001
3 3780 3778 4000
3 3778 3999 4000
3 4001 4002 4003
3 4000 4002 4001
3 4003 4004 4005
3 4002 4004 4003
3 4005 4006 4007
3 4004 4006 4005
3 4007 4008 4009
3 4006 4008 4007
3 3987 4009 4008
3 3987 3989 4009
3 3989 4010 4009
3 3782 3781 4010
3 3782 4010 3991
3 3991 4010 3989
3 3782 3991 3774
3 3786 3776 3993
3 3788 3786 3993
3 3788 3993 4011
3 4011 3993 3995
3 4012 3995 3996
3 4012 4013 3995
3 4013 4011 3995
3 4013 4014 4015
3 4012 4014 4013
3 4015 4016 4017
3 4014 4016 4015
3 4017 4018 4019
3 4016 4018 4017
3 4019 4020 4021
3 4018 4020 4019
3 4021 3790 3789
3 4021 4020 3790
3 4020 4022 3790
3 3790 4022 3997
3 3777 3790 3997
3 3792 3780 4001
3 3794 3792 4001
3 4003 3794 4001
3 3796 3794 4003
3 4005 3796 4003
3 3798 3796 4005
3 4007 3798 4005
3 3800 3798 4007
3 4009 3800 4007
3 3802 3800 4009
3 4010 3802 4009
3 3802 4010 3781
3 3804 3788 4011
3 3806 3804 4011
3 4013 3806 4011
3 3808 3806 4013
3 4015 3808 4013
3 3810 3808 4015
3 4017 3810 4015
3 3812 3810 4017
3 4019 3812 4017
3 3814 3812 4019
3 4021 3814 4019
3 3814 4021 3789
3 4023 4024 4025
3 4024 4026 4027
3 4025 4024 4027
3 4026 4028 4029
3 4027 4026 4029
3 4028 4030 4031
3 4029 4028 4031
3 4030 4032 4033
3 4031 4030 4033
3 4032 4034 4035
3 4033 4032 4035
3 4034 4036 4037
3 4035 4034 4037
3 4036 4038 4039
3 4037 4036 4039
3 4038 4040 4041
3 4039 4038 4041
3 4040 4042 4043
3 4041 4040 4043
3 4042 4044 4045
3 4043 4042 4045
3 4044 4046 4047
3 4045 4044 4047
3 4046 4048 4049
3 4047 4046 4049
3 4048 4050 4049
3 4023 4051 4052
3 4024 4023 4052
3 4052 4053 4024
3 4024 4053 4026
3 4053 4054 4026
3 4026 4054 4028
3 4054 4055 4028
3 4028 4055 4030
3 4055 4056 4030
3 4030 4056 4032
3 4056 4057 4032
3 4032 4057 4034
3 4057 4058 4034
3 4034 4058 4036
3 4058 4059 4036
3 4036 4059 4038
3 4059 4060 4038
3 4038 4060 4040
3 4060 4061 4040
3 4040 4061 4042
3 4061 4062 4042
3 4042 4062 4044
3 4062 4063 4044
3 4044 4063 4046
3 4063 4064 4046
3 4046 4064 4048
3 4048 4064 4065
3 4050 4048 4065
3 4052 4051 4066
3 4053 4052 4066
3 4067 4053 4066
3 4067 4068 4069
3 4067 4069 4053
3 4053 4069 4054
3 4069 4070 4054
3 4054 4070 4055
3 4070 4071 4055
3 4055 4071 4056
3 4071 4072 4056
3 4056 4072 4057
3 4072 4073 4057
3 4057 4073 4058
3 4073 4074 4058
3 4058 4074 4059
3 4074 4075 4059
3 4059 4075 4060
3 4075 4076 4060
3 4060 4076 4061
3 4076 4077 4061
3 4061 4077 4062
3 4078 4079 4063
3 4078 4063 4077
3 4077 4063 4062
3 4064 4063 4079
3 4080 4064 4079
3 4064 4080 4065
3 4069 4068 4081
3 4070 4069 4081
3 4082 4070 4081
3 4071 4070 4082
3 4083 4071 4082
3 4072 4071 4083
3 4084 4072 4083
3 4073 4072 4084
3 4085 4073 4084
3 4074 4073 4085
3 4086 4074 4085
3 4075 4074 4086
3 4087 4075 4086
3 4076 4075 4087
3 4088 4076 4087
3 4077 4076 4088
3 4089 4077 4088
3 4077 4089 4078
3 4090 4091 4092
3 4091 4093 4094
3 4092 4091 4094
3 4093 4095 4096
3 4094 4093 4096
3 4095 4097 4098
3 4096 4095 4098
3 4097 4099 4100
3 4098 4097 4100
3 4099 4101 4102
3 4100 4099 4102
3 4101 4103 4104
3 4102 4101 4104
3 4103 4105 4104
3 4106 4107 4108
3 4107 4109 4110
3 4108 4107 4110
3 4109 4111 4112
3 4110 4109 4112
3 4090 4112 4111
3 4090 4111 4091
3 4091 4111 4113
3 4113 4114 4091
3 4091 4114 4093
3 4114 4115 4093
3 4093 4115 4095
3 4115 4116 4095
3 4095 4116 4097
3 4116 4117 4097
3 4097 4117 4099
3 4117 4118 4099
3 4099 4118 4101
3 4118 4119 4101
3 4101 4119 4103
3 4120 4105 4103
3 4120 4103 4121
3 4121 4103 4119
3 4121 4122 4123
3 4120 4121 4123
3 4122 4124 4125
3 4123 4122 4125
3 4124 4126 4125
3 4127 4128 4129
3 4128 4130 4131
3 4129 4128 4131
3 4106 4131 4130
3 4106 4130 4107
3 4107 4130 4132
3 4132 4133 4107
3 4107 4133 4109
3 3818 4133 3816
3 3818 4111 4133
3 4111 4109 4133
3 3820 4111 3818
3 4113 4111 3820
3 3822 4113 3820
3 4114 4113 3822
3 3824 4114 3822
3 4115 4114 3824
3 3826 4115 3824
3 4116 4115 3826
3 3828 4116 3826
3 4117 4116 3828
3 3830 4117 3828
3 4118 4117 3830
3 3832 4118 3830
3 4119 4118 3832
3 3834 4119 3832
3 4121 4119 3834
3 3835 4121 3834
3 3835 4134 4121
3 4134 4122 4121
3 4134 4135 4122
3 4122 4135 4124
3 4136 4126 4124
3 4136 4124 4137
3 4137 4124 4135
3 4137 4138 4139
3 4136 4137 4139
3 4138 4140 4139
3 4141 4142 4143
3 4142 4144 4145
3 4143 4142 4145
3 4127 4145 4144
3 4127 4144 4128
3 4128 4144 4146
3 4146 4147 4128
3 4128 4147 4130
3 3838 4147 3836
3 3838 4132 4147
3 4132 4130 4147
3 3840 4132 3838
3 4133 4132 3840
3 3840 3816 4133
3 3850 4134 3835
3 3853 4134 3850
3 4135 4134 3853
3 3854 4135 3853
3 3854 4148 4135
3 4148 4137 4135
3 4148 4149 4137
3 4137 4149 4138
3 4150 4140 4138
3 4150 4138 4151
3 4151 4138 4149
3 4151 4152 4153
3 4150 4151 4153
3 4152 4154 4153
3 4155 4156 4157
3 4141 4157 4156
3 4141 4156 4142
3 4142 4156 4158
3 4158 4159 4142
3 4142 4159 4144
3 4159 4160 4144
3 4144 4160 4146
3 4160 4161 4146
3 4146 4161 4147
3 4161 3836 4147
3 3855 3836 4161
3 3869 4148 3854
3 4162 4148 3869
3 4162 4163 4148
3 4148 4163 4149
3 4163 4164 4149
3 4149 4164 4151
3 4164 4165 4151
3 4151 4165 4152
3 4166 4154 4152
3 4166 4152 4167
3 4167 4152 4165
3 4167 4168 4166
3 4169 4170 4171
3 4155 4171 4170
3 4155 4170 4156
3 4156 4170 4172
3 4172 4173 4156
3 4156 4173 4158
3 4173 4174 4158
3 4158 4174 4159
3 4174 4175 4159
3 4159 4175 4160
3 4175 4176 4160
3 4160 4176 4161
3 3855 4177 3870
3 3855 4161 4177
3 4161 4176 4177
3 3870 4178 3871
3 4177 4178 3870
3 3871 4179 3872
3 4178 4179 3871
3 3872 4180 3873
3 4179 4180 3872
3 3873 4181 3874
3 4180 4181 3873
3 3874 4182 3875
3 4181 4182 3874
3 3875 4183 3876
3 4182 4183 3875
3 3876 4184 3877
3 4183 4184 3876
3 3877 4185 3878
3 4184 4185 3877
3 3878 4186 3879
3 4185 4186 3878
3 3879 4187 3880
3 4186 4187 3879
3 3880 4188 3881
3 4187 4188 3880
3 3881 4189 3882
3 4188 4189 3881
3 3882 4162 3869
3 3882 4189 4162
3 4189 4190 4162
3 4190 4191 4162
3 4162 4191 4163
3 4191 4192 4163
3 4163 4192 4164
3 4192 4193 4164
3 4164 4193 4165
3 4193 4194 4165
3 4165 4194 4167
3 4195 4168 4167
3 4195 4167 4196
3 4196 4167 4194
3 4196 4197 4195
3 4198 4199 4200
3 4169 4200 4199
3 4169 4199 4170
3 4170 4199 4201
3 4201 4202 4170
3 4170 4202 4172
3 4202 4203 4172
3 4172 4203 4173
3 4203 4204 4173
3 4173 4204 4174
3 4204 4205 4174
3 4174 4205 4175
3 4205 4206 4175
3 4175 4206 4176
3 4206 4207 4176
3 4176 4207 4177
3 4207 4208 4177
3 4177 4208 4178
3 4208 4209 4178
3 4178 4209 4179
3 4209 4210 4179
3 4179 4210 4180
3 4210 4211 4180
3 4180 4211 4181
3 4212 4213 4182
3 4212 4182 4211
3 4211 4182 4181
3 4183 4182 4213
3 4214 4183 4213
3 4184 4183 4214
3 4215 4184 4214
3 4215 4216 4217
3 4215 4217 4184
3 4184 4217 4185
3 4217 4218 4185
3 4185 4218 4186
3 4218 4219 4186
3 4186 4219 4187
3 4219 4220 4187
3 4187 4220 4188
3 4220 4221 4188
3 4188 4221 4189
3 4221 4222 4189
3 4189 4222 4190
3 4222 4223 4190
3 4190 4223 4191
3 4223 4224 4191
3 4191 4224 4192
3 4224 4225 4192
3 4192 4225 4193
3 4225 4226 4193
3 4193 4226 4194
3 4226 4227 4194
3 4194 4227 4196
3 4228 4197 4196
3 4228 4196 4229
3 4229 4196 4227
3 4229 4230 4228
3 4198 4231 4232
3 4199 4198 4232
3 4232 4233 4199
3 4199 4233 4201
3 4233 4234 4201
3 4201 4234 4202
3 4234 4235 4202
3 4202 4235 4203
3 4235 4236 4203
3 4203 4236 4204
3 4236 4237 4204
3 4204 4237 4205
3 4238 4239 4206
3 4238 4206 4237
3 4237 4206 4205
3 4207 4206 4239
3 4240 4207 4239
3 4208 4207 4240
3 4241 4208 4240
3 4209 4208 4241
3 4242 4209 4241
3 4210 4209 4242
3 4243 4210 4242
3 4211 4210 4243
3 4244 4211 4243
3 4211 4244 4212
3 4217 4216 4245
3 4218 4217 4245
3 4246 4218 4245
3 4219 4218 4246
3 4247 4219 4246
3 4220 4219 4247
3 4248 4220 4247
3 4221 4220 4248
3 4249 4221 4248
3 4222 4221 4249
3 4250 4222 4249
3 4250 4251 4252
3 4250 4252 4222
3 4222 4252 4223
3 4252 4253 4223
3 4223 4253 4224
3 4253 4254 4224
3 4224 4254 4225
3 4254 4255 4225
3 4225 4255 4226
3 4255 4256 4226
3 4226 4256 4227
3 4256 4257 4227
3 4227 4257 4229
3 4229 4257 4258
3 4230 4229 4258
3 4231 4259 4260
3 4232 4231 4260
3 4260 4261 4232
3 4232 4261 4233
3 4262 4263 4234
3 4262 4234 4261
3 4261 4234 4233
3 4235 4234 4263
3 4264 4235 4263
3 4236 4235 4264
3 4265 4236 4264
3 4237 4236 4265
3 4266 4237 4265
3 4237 4266 4238
3 4252 4251 4267
3 4253 4252 4267
3 4268 4253 4267
3 4254 4253 4268
3 4269 4254 4268
3 4255 4254 4269
3 4270 4255 4269
3 4270 4271 4272
3 4270 4272 4255
3 4255 4272 4256
3 4272 4273 4256
3 4256 4273 4257
3 4257 4273 4274
3 4258 4257 4274
3 4260 4259 4275
3 4261 4260 4275
3 4276 4261 4275
3 4261 4276 4262
3 4272 4271 4277
3 4273 4272 4277
3 4278 4273 4277
3 4273 4278 4274
3 3895 3896 4279
3 3896 3897 4280
3 4279 3896 4280
3 3897 3898 4281
3 4280 3897 4281
3 3898 3899 4282
3 4281 3898 4282
3 3899 3900 4283
3 4282 3899 4283
3 3900 3901 4284
3 4283 3900 4284
3 3901 3903 4284
3 3907 3908 4285
3 3908 3909 4286
3 4285 3908 4286
3 3909 3910 4287
3 4286 3909 4287
3 3910 3911 4288
3 4287 3910 4288
3 3911 3912 4289
3 4288 3911 4289
3 3912 3913 4290
3 4289 3912 4290
3 3913 3914 4290
3 3915 3917 4291
3 4292 4279 4293
3 4291 4279 4292
3 4291 3895 4279
3 4291 3917 3895
3 4280 4293 4279
3 4294 4293 4280
3 4281 4294 4280
3 4295 4294 4281
3 4282 4295 4281
3 4296 4295 4282
3 4283 4296 4282
3 4297 4296 4283
3 4284 4297 4283
3 4298 4297 4284
3 4298 4299 4300
3 4284 4299 4298
3 4284 3918 4299
3 4284 3903 3918
3 3918 3919 4301
3 4299 3918 4301
3 3919 3920 4301
3 3922 3921 4302
3 3921 3923 4303
3 4302 3921 4303
3 4304 4285 4305
3 4303 4285 4304
3 4303 3907 4285
3 4303 3923 3907
3 4286 4305 4285
3 4306 4305 4286
3 4287 4306 4286
3 4307 4306 4287
3 4288 4307 4287
3 4308 4307 4288
3 4289 4308 4288
3 4309 4308 4289
3 4290 4309 4289
3 4310 4309 4290
3 4310 4311 4312
3 4290 4311 4310
3 4290 3924 4311
3 4290 3914 3924
3 3924 3926 4311
3 4313 4314 4315
3 3915 4291 3927
3 4292 3927 4291
3 4292 3928 3927
3 4292 4313 4315
3 3928 4292 4315
3 3932 3931 4316
3 4299 4317 4300
3 3932 4316 3933
3 4318 3933 4316
3 3933 4318 4301
3 4317 4301 4318
3 4301 4317 4299
3 3933 4301 3920
3 3934 3922 4302
3 3934 4319 3935
3 4319 3934 4320
3 4302 4320 3934
3 4320 4302 4321
3 4303 4321 4302
3 4319 3937 3935
3 4321 4303 4304
3 4312 4322 4323
3 4312 3939 4322
3 4312 4311 3940
3 3939 4312 3940
3 4311 3926 3940
3 4324 4323 4322
3 4315 4314 4325
3 3928 4315 4325
3 3928 4325 3941
3 3941 4325 4326
3 3941 4326 3942
3 3942 4326 4327
3 3942 4327 3943
3 3943 4327 4328
3 3943 4328 3944
3 3944 4328 4329
3 3944 4329 3945
3 3945 4329 4330
3 3945 4330 3946
3 3946 4330 4331
3 4316 3931 3946
3 4316 3946 4332
3 4332 3946 4331
3 4316 4332 4318
3 4319 4320 4333
3 3937 4319 4333
3 3937 4333 3947
3 3947 4333 4334
3 3947 4334 3948
3 3948 4334 4335
3 3948 4335 3949
3 3949 4335 4336
3 3949 4336 3950
3 3950 4336 4337
3 3950 4337 3951
3 3951 4337 4338
3 3951 4338 3952
3 3952 4338 4339
3 4322 3939 3952
3 4322 3952 4340
3 4340 3952 4339
3 4322 4340 4324
3 4341 4342 4343
3 4342 3953 3955
3 4342 3955 4343
3 4343 3955 4344
3 3955 3956 4344
3 3956 4345 4344
3 3956 3957 4345
3 3957 4346 4345
3 3957 3958 4346
3 3958 4347 4346
3 3958 3959 4347
3 3959 4348 4347
3 3959 3961 4348
3 3961 4349 4348
3 3962 4350 4351
3 3962 4351 3961
3 3961 4351 4349
3 4350 4352 4351
3 4353 4354 4355
3 4354 3963 3965
3 4354 3965 4355
3 4355 3965 4356
3 3965 3966 4356
3 3966 4357 4356
3 3966 3967 4357
3 3967 4358 4357
3 3967 3968 4358
3 3968 4359 4358
3 3968 3969 4359
3 3969 4360 4359
3 3969 3971 4360
3 3971 4361 4360
3 3972 4362 4363
3 3972 4363 3971
3 3971 4363 4361
3 4362 4364 4363
3 4365 3973 3975
3 4341 4366 4342
3 4367 4342 4366
3 4367 3953 4342
3 4367 4365 3975
3 3953 4367 3975
3 4368 4369 4370
3 3976 4350 3962
3 4368 4370 4371
3 4352 4371 4370
3 4371 4352 3977
3 4350 3977 4352
3 3977 4350 3976
3 3977 3978 4371
3 3979 3980 4372
3 4372 4373 4374
3 4373 4372 4353
3 3980 4353 4372
3 4353 3980 4354
3 3981 4354 3980
3 3981 3963 4354
3 4374 4373 4375
3 3972 4376 4362
3 3972 4377 4376
3 3972 3982 4378
3 4377 3972 4378
3 3982 3984 4378
3 4364 4362 4376
3 3985 3973 4365
3 4365 4367 4379
3 3985 4365 4379
3 3985 4379 4380
3 3985 4380 3986
3 4380 4381 4382
3 4379 4381 4380
3 4382 4383 4384
3 4381 4383 4382
3 4384 4385 4386
3 4383 4385 4384
3 4386 4387 4388
3 4385 4387 4386
3 4388 4389 4390
3 4387 4389 4388
3 3988 4369 4368
3 3987 4369 3988
3 3987 4389 4369
3 3987 4390 4389
3 3990 3988 4368
3 4371 3990 4368
3 3990 4371 3978
3 3992 3979 4372
3 3994 3992 4372
3 4374 3994 4372
3 4374 4375 4391
3 3994 4374 4391
3 3994 4391 4392
3 3994 4392 3996
3 4392 4393 4394
3 4391 4393 4392
3 4394 4395 4396
3 4393 4395 4394
3 4396 4397 4398
3 4395 4397 4396
3 4398 4399 4400
3 4397 4399 4398
3 4400 4401 4402
3 4399 4401 4400
3 3998 4377 4378
3 3997 4377 3998
3 3997 4401 4377
3 3997 4402 4401
3 3998 4378 3984
3 3999 3986 4380
3 4000 3999 4380
3 4382 4000 4380
3 4002 4000 4382
3 4384 4002 4382
3 4004 4002 4384
3 4386 4004 4384
3 4006 4004 4386
3 4388 4006 4386
3 4008 4006 4388
3 4390 4008 4388
3 4008 4390 3987
3 4012 3996 4392
3 4014 4012 4392
3 4394 4014 4392
3 4016 4014 4394
3 4396 4016 4394
3 4018 4016 4396
3 4398 4018 4396
3 4020 4018 4398
3 4400 4020 4398
3 4022 4020 4400
3 4402 4022 4400
3 4022 4402 3997
3 4403 4404 4405
3 4404 4406 4407
3 4405 4404 4407
3 4406 4408 4407
3 4409 4410 4411
3 4410 4412 4413
3 4411 4410 4413
3 4412 4414 4413
3 4403 4415 4416
3 4404 4403 4416
3 4416 4417 4404
3 4404 4417 4406
3 4418 4408 4406
3 4418 4406 4419
3 4419 4406 4417
3 4419 4420 4421
3 4418 4419 4421
3 4420 4422 4423
3 4421 4420 4423
3 4422 4424 4425
3 4423 4422 4425
3 4424 4426 4425
3 4427 4428 4429
3 4428 4430 4431
3 4429 4428 4431
3 4430 4432 4433
3 4431 4430 4433
3 4432 4434 4435
3 4433 4432 4435
3 4409 4435 4434
3 4409 4434 4410
3 4410 4434 4436
3 4436 4437 4410
3 4410 4437 4412
3 4412 4437 4438
3 4414 4412 4438
3 4415 4439 4440
3 4416 4415 4440
3 4440 4441 4416
3 4416 4441 4417
3 4441 4442 4417
3 4417 4442 4419
3 4442 4443 4419
3 4419 4443 4420
3 4443 4444 4420
3 4420 4444 4422
3 4444 4445 4422
3 4422 4445 4424
3 4446 4426 4424
3 4446 4424 4447
3 4447 4424 4445
3 4447 4448 4449
3 4446 4447 4449
3 4448 4450 4451
3 4449 4448 4451
3 4450 4452 4453
3 4451 4450 4453
3 4452 4454 4455
3 4453 4452 4455
3 4454 4456 4457
3 4455 4454 4457
3 4456 4458 4457
3 4459 4460 4461
3 4460 4462 4463
3 4461 4460 4463
3 4462 4464 4465
3 4463 4462 4465
3 4464 4466 4467
3 4465 4464 4467
3 4466 4468 4469
3 4467 4466 4469
3 4468 4470 4471
3 4469 4468 4471
3 4427 4471 4470
3 4427 4470 4428
3 4428 4470 4472
3 4472 4473 4428
3 4428 4473 4430
3 4473 4474 4430
3 4430 4474 4432
3 4474 4475 4432
3 4432 4475 4434
3 4475 4476 4434
3 4434 4476 4436
3 4476 4477 4436
3 4436 4477 4437
3 4437 4477 4478
3 4438 4437 4478
3 4440 4439 4479
3 4479 4480 4481
3 4479 4481 4440
3 4440 4481 4441
3 4481 4482 4441
3 4441 4482 4442
3 4482 4483 4442
3 4442 4483 4443
3 4483 4484 4443
3 4443 4484 4444
3 4484 4485 4444
3 4444 4485 4445
3 4485 4486 4445
3 4445 4486 4447
3 4486 4487 4447
3 4447 4487 4448
3 4487 4488 4448
3 4448 4488 4450
3 4488 4489 4450
3 4450 4489 4452
3 4489 4490 4452
3 4452 4490 4454
3 4490 4491 4454
3 4454 4491 4456
3 4492 4458 4456
3 4492 4456 4493
3 4493 4456 4491
3 4493 4494 4495
3 4492 4493 4495
3 4494 4496 4497
3 4495 4494 4497
3 4459 4497 4496
3 4459 4496 4460
3 4460 4496 4498
3 4498 4499 4460
3 4460 4499 4462
3 4499 4500 4462
3 4462 4500 4464
3 4500 4501 4464
3 4464 4501 4466
3 4501 4502 4466
3 4466 4502 4468
3 4502 4503 4468
3 4468 4503 4470
3 4503 4504 4470
3 4470 4504 4472
3 4504 4505 4472
3 4472 4505 4473
3 4505 4506 4473
3 4473 4506 4474
3 4506 4507 4474
3 4474 4507 4475
3 4507 4508 4475
3 4475 4508 4476
3 4509 4510 4477
3 4509 4477 4508
3 4508 4477 4476
3 4477 4510 4478
3 4481 4480 4511
3 4511 4512 4513
3 4511 4513 4481
3 4481 4513 4482
3 4513 4514 4482
3 4482 4514 4483
3 4514 4515 4483
3 4483 4515 4484
3 4515 4516 4484
3 4484 4516 4485
3 4516 4517 4485
3 4485 4517 4486
3 4025 4517 4023
3 4025 4487 4517
3 4487 4486 4517
3 4027 4487 4025
3 4488 4487 4027
3 4029 4488 4027
3 4489 4488 4029
3 4031 4489 4029
3 4490 4489 4031
3 4033 4490 4031
3 4491 4490 4033
3 4035 4491 4033
3 4493 4491 4035
3 4037 4493 4035
3 4494 4493 4037
3 4039 4494 4037
3 4496 4494 4039
3 4041 4496 4039
3 4498 4496 4041
3 4043 4498 4041
3 4499 4498 4043
3 4045 4499 4043
3 4500 4499 4045
3 4047 4500 4045
3 4501 4500 4047
3 4049 4501 4047
3 4502 4501 4049
3 4050 4502 4049
3 4050 4518 4502
3 4518 4503 4502
3 4518 4519 4503
3 4503 4519 4504
3 4519 4520 4504
3 4504 4520 4505
3 4520 4521 4505
3 4505 4521 4506
3 4521 4522 4506
3 4506 4522 4507
3 4523 4524 4508
3 4523 4508 4522
3 4522 4508 4507
3 4508 4524 4509
3 4513 4512 4525
3 4525 4526 4527
3 4525 4527 4513
3 4513 4527 4514
3 4527 4528 4514
3 4514 4528 4515
3 4528 4529 4515
3 4515 4529 4516
3 4529 4530 4516
3 4516 4530 4517
3 4530 4023 4517
3 4051 4023 4530
3 4065 4518 4050
3 4531 4518 4065
3 4531 4532 4518
3 4518 4532 4519
3 4532 4533 4519
3 4519 4533 4520
3 4533 4534 4520
3 4520 4534 4521
3 4535 4536 4522
3 4535 4522 4534
3 4534 4522 4521
3 4522 4536 4523
3 4527 4526 4537
3 4528 4527 4537
3 4538 4528 4537
3 4538 4539 4540
3 4538 4540 4528
3 4528 4540 4529
3 4540 4541 4529
3 4529 4541 4530
3 4051 4542 4066
3 4051 4530 4542
3 4530 4541 4542
3 4066 4543 4067
3 4542 4543 4066
3 4067 4543 4068
3 4078 4544 4079
3 4079 4545 4080
3 4544 4545 4079
3 4080 4531 4065
3 4080 4545 4531
3 4545 4546 4531
3 4546 4547 4531
3 4531 4547 4532
3 4548 4549 4533
3 4548 4533 4547
3 4547 4533 4532
3 4534 4533 4549
3 4550 4534 4549
3 4534 4550 4535
3 4540 4539 4551
3 4541 4540 4551
3 4552 4541 4551
3 4552 4553 4554
3 4552 4554 4541
3 4541 4554 4542
3 4554 4555 4542
3 4542 4555 4543
3 4068 4556 4081
3 4068 4543 4556
3 4543 4555 4556
3 4081 4557 4082
3 4556 4557 4081
3 4082 4558 4083
3 4557 4558 4082
3 4083 4559 4084
3 4558 4559 4083
3 4084 4560 4085
3 4559 4560 4084
3 4085 4561 4086
3 4560 4561 4085
3 4086 4562 4087
3 4561 4562 4086
3 4087 4563 4088
3 4562 4563 4087
3 4088 4564 4089
3 4563 4564 4088
3 4089 4544 4078
3 4089 4564 4544
3 4564 4565 4544
3 4565 4566 4544
3 4544 4566 4545
3 4567 4568 4546
3 4567 4546 4566
3 4566 4546 4545
3 4547 4546 4568
3 4569 4547 4568
3 4547 4569 4548
3 4554 4553 4570
3 4555 4554 4570
3 4571 4555 4570
3 4556 4555 4571
3 4572 4556 4571
3 4572 4573 4574
3 4572 4574 4556
3 4556 4574 4557
3 4574 4575 4557
3 4557 4575 4558
3 4575 4576 4558
3 4558 4576 4559
3 4576 4577 4559
3 4559 4577 4560
3 4577 4578 4560
3 4560 4578 4561
3 4578 4579 4561
3 4561 4579 4562
3 4579 4580 4562
3 4562 4580 4563
3 4581 4582 4564
3 4581 4564 4580
3 4580 4564 4563
3 4565 4564 4582
3 4583 4565 4582
3 4566 4565 4583
3 4584 4566 4583
3 4566 4584 4567
3 4574 4573 4585
3 4575 4574 4585
3 4586 4575 4585
3 4576 4575 4586
3 4587 4576 4586
3 4577 4576 4587
3 4588 4577 4587
3 4578 4577 4588
3 4589 4578 4588
3 4579 4578 4589
3 4590 4579 4589
3 4580 4579 4590
3 4591 4580 4590
3 4580 4591 4581
3 4592 4593 4594
3 4593 4595 4596
3 4594 4593 4596
3 4595 4597 4598
3 4596 4595 4598
3 4597 4599 4598
3 4600 4601 4602
3 4601 4603 4604
3 4602 4601 4604
3 4603 4605 4606
3 4604 4603 4606
3 4605 4090 4092
3 4605 4092 4606
3 4606 4092 4607
3 4092 4094 4607
3 4094 4608 4607
3 4592 4096 4593
3 4592 4608 4096
3 4608 4094 4096
3 4098 4593 4096
3 4595 4593 4098
3 4100 4595 4098
3 4597 4595 4100
3 4597 4609 4599
3 4597 4100 4609
3 4100 4102 4609
3 4102 4104 4609
3 4104 4610 4609
3 4105 4611 4612
3 4105 4612 4104
3 4104 4612 4610
3 4611 4613 4614
3 4612 4611 4614
3 4613 4615 4616
3 4614 4613 4616
3 4615 4617 4616
3 4618 4619 4620
3 4619 4621 4622
3 4620 4619 4622
3 4108 4601 4600
3 4106 4108 4600
3 4106 4600 4622
3 4106 4622 4621
3 4110 4601 4108
3 4603 4601 4110
3 4112 4603 4110
3 4605 4603 4112
3 4112 4090 4605
3 4120 4611 4105
3 4123 4611 4120
3 4613 4611 4123
3 4125 4613 4123
3 4615 4613 4125
3 4615 4623 4617
3 4125 4623 4615
3 4125 4624 4623
3 4125 4126 4624
3 4624 4625 4626
3 4623 4624 4626
3 4625 4627 4626
3 4628 4629 4630
3 4629 4631 4632
3 4630 4629 4632
3 4129 4619 4618
3 4127 4129 4618
3 4127 4618 4632
3 4127 4632 4631
3 4131 4619 4129
3 4621 4619 4131
3 4131 4106 4621
3 4136 4624 4126
3 4139 4624 4136
3 4625 4624 4139
3 4625 4633 4627
3 4139 4633 4625
3 4139 4634 4633
3 4139 4140 4634
3 4634 4635 4636
3 4633 4634 4636
3 4635 4637 4636
3 4638 4639 4640
3 4143 4629 4628
3 4141 4143 4628
3 4141 4628 4640
3 4141 4640 4639
3 4145 4629 4143
3 4631 4629 4145
3 4145 4127 4631
3 4150 4634 4140
3 4153 4634 4150
3 4635 4634 4153
3 4635 4641 4637
3 4153 4641 4635
3 4153 4642 4641
3 4153 4154 4642
3 4642 4643 4641
3 4644 4645 4646
3 4157 4639 4638
3 4155 4157 4638
3 4155 4638 4646
3 4155 4646 4645
3 4157 4141 4639
3 4166 4642 4154
3 4642 4647 4643
3 4166 4647 4642
3 4166 4648 4647
3 4166 4168 4648
3 4648 4649 4647
3 4650 4651 4652
3 4171 4645 4644
3 4169 4171 4644
3 4169 4644 4652
3 4169 4652 4651
3 4171 4155 4645
3 4195 4648 4168
3 4648 4653 4649
3 4195 4653 4648
3 4195 4654 4653
3 4195 4197 4654
3 4654 4655 4653
3 4656 4657 4658
3 4200 4651 4650
3 4198 4200 4650
3 4198 4650 4658
3 4198 4658 4657
3 4200 4169 4651
3 4212 4659 4213
3 4213 4660 4214
3 4659 4660 4213
3 4214 4661 4215
3 4660 4661 4214
3 4215 4661 4216
3 4228 4654 4197
3 4654 4662 4655
3 4228 4662 4654
3 4228 4663 4662
3 4228 4230 4663
3 4663 4664 4662
3 4665 4666 4667
3 4656 4667 4666
3 4656 4666 4657
3 4657 4666 4668
3 4668 4198 4657
3 4231 4198 4668
3 4238 4669 4239
3 4239 4670 4240
3 4669 4670 4239
3 4240 4671 4241
3 4670 4671 4240
3 4241 4672 4242
3 4671 4672 4241
3 4242 4673 4243
3 4672 4673 4242
3 4243 4674 4244
3 4673 4674 4243
3 4244 4659 4212
3 4244 4674 4659
3 4674 4675 4659
3 4675 4676 4659
3 4659 4676 4660
3 4676 4677 4660
3 4660 4677 4661
3 4216 4678 4245
3 4216 4661 4678
3 4661 4677 4678
3 4245 4679 4246
3 4678 4679 4245
3 4246 4680 4247
3 4679 4680 4246
3 4247 4681 4248
3 4680 4681 4247
3 4248 4682 4249
3 4681 4682 4248
3 4249 4683 4250
3 4682 4683 4249
3 4250 4683 4251
3 4258 4663 4230
3 4684 4663 4258
3 4685 4664 4663
3 4685 4663 4686
3 4686 4663 4684
3 4686 4687 4685
3 4688 4689 4690
3 4665 4690 4689
3 4665 4689 4666
3 4666 4689 4691
3 4691 4692 4666
3 4666 4692 4668
3 4692 4231 4668
3 4259 4231 4692
3 4262 4693 4263
3 4263 4694 4264
3 4693 4694 4263
3 4264 4695 4265
3 4694 4695 4264
3 4265 4696 4266
3 4695 4696 4265
3 4266 4669 4238
3 4266 4696 4669
3 4696 4697 4669
3 4698 4699 4670
3 4698 4670 4697
3 4697 4670 4669
3 4671 4670 4699
3 4700 4671 4699
3 4672 4671 4700
3 4701 4672 4700
3 4673 4672 4701
3 4702 4673 4701
3 4674 4673 4702
3 4703 4674 4702
3 4675 4674 4703
3 4704 4675 4703
3 4676 4675 4704
3 4705 4676 4704
3 4677 4676 4705
3 4706 4677 4705
3 4678 4677 4706
3 4707 4678 4706
3 4679 4678 4707
3 4708 4679 4707
3 4680 4679 4708
3 4709 4680 4708
3 4681 4680 4709
3 4710 4681 4709
3 4682 4681 4710
3 4711 4682 4710
3 4711 4712 4713
3 4711 4713 4682
3 4682 4713 4683
3 4251 4714 4267
3 4251 4683 4714
3 4683 4713 4714
3 4267 4715 4268
3 4714 4715 4267
3 4268 4716 4269
3 4715 4716 4268
3 4269 4717 4270
3 4716 4717 4269
3 4270 4717 4271
3 4274 4684 4258
3 4718 4684 4274
3 4718 4719 4684
3 4684 4719 4686
3 4720 4687 4686
3 4720 4686 4721
3 4721 4686 4719
3 4721 4722 4720
3 4688 4723 4724
3 4689 4688 4724
3 4724 4725 4689
3 4689 4725 4691
3 4725 4726 4691
3 4691 4726 4692
3 4259 4727 4275
3 4259 4692 4727
3 4692 4726 4727
3 4275 4728 4276
3 4727 4728 4275
3 4276 4693 4262
3 4276 4728 4693
3 4728 4729 4693
3 4729 4730 4693
3 4693 4730 4694
3 4731 4732 4695
3 4731 4695 4730
3 4730 4695 4694
3 4696 4695 4732
3 4733 4696 4732
3 4697 4696 4733
3 4734 4697 4733
3 4697 4734 4698
3 4713 4712 4735
3 4714 4713 4735
3 4736 4714 4735
3 4715 4714 4736
3 4737 4715 4736
3 4737 4738 4739
3 4737 4739 4715
3 4715 4739 4716
3 4739 4740 4716
3 4716 4740 4717
3 4271 4741 4277
3 4271 4717 4741
3 4717 4740 4741
3 4277 4742 4278
3 4741 4742 4277
3 4278 4718 4274
3 4278 4742 4718
3 4742 4743 4718
3 4743 4744 4718
3 4718 4744 4719
3 4744 4745 4719
3 4719 4745 4721
3 4721 4745 4746
3 4722 4721 4746
3 4747 4748 4749
3 4723 4749 4748
3 4723 4748 4724
3 4724 4748 4750
3 4750 4751 4724
3 4724 4751 4725
3 4751 4752 4725
3 4725 4752 4726
3 4752 4753 4726
3 4726 4753 4727
3 4753 4754 4727
3 4727 4754 4728
3 4755 4756 4729
3 4755 4729 4754
3 4754 4729 4728
3 4730 4729 4756
3 4757 4730 4756
3 4730 4757 4731
3 4739 4738 4758
3 4740 4739 4758
3 4759 4740 4758
3 4759 4760 4761
3 4759 4761 4740
3 4740 4761 4741
3 4761 4762 4741
3 4741 4762 4742
3 4762 4763 4742
3 4742 4763 4743
3 4763 4764 4743
3 4743 4764 4744
3 4764 4765 4744
3 4744 4765 4745
3 4766 4746 4745
3 4766 4745 4767
3 4767 4745 4765
3 4767 4768 4766
3 4747 4769 4770
3 4748 4747 4770
3 4770 4771 4748
3 4748 4771 4750
3 4771 4772 4750
3 4750 4772 4751
3 4772 4773 4751
3 4751 4773 4752
3 4774 4775 4753
3 4774 4753 4773
3 4773 4753 4752
3 4754 4753 4775
3 4776 4754 4775
3 4754 4776 4755
3 4761 4760 4777
3 4762 4761 4777
3 4778 4762 4777
3 4778 4779 4780
3 4778 4780 4762
3 4762 4780 4763
3 4780 4781 4763
3 4763 4781 4764
3 4781 4782 4764
3 4764 4782 4765
3 4782 4783 4765
3 4765 4783 4767
3 4767 4783 4784
3 4768 4767 4784
3 4770 4769 4785
3 4771 4770 4785
3 4786 4771 4785
3 4772 4771 4786
3 4787 4772 4786
3 4773 4772 4787
3 4788 4773 4787
3 4773 4788 4774
3 4780 4779 4789
3 4781 4780 4789
3 4790 4781 4789
3 4782 4781 4790
3 4791 4782 4790
3 4783 4782 4791
3 4792 4783 4791
3 4783 4792 4784
3 4292 4293 4793
3 4293 4294 4794
3 4793 4293 4794
3 4294 4295 4795
3 4794 4294 4795
3 4295 4296 4796
3 4795 4295 4796
3 4296 4297 4797
3 4796 4296 4797
3 4297 4298 4798
3 4797 4297 4798
3 4298 4300 4798
3 4304 4305 4799
3 4305 4306 4800
3 4799 4305 4800
3 4306 4307 4801
3 4800 4306 4801
3 4307 4308 4802
3 4801 4307 4802
3 4308 4309 4803
3 4802 4308 4803
3 4309 4310 4804
3 4803 4309 4804
3 4310 4312 4804
3 4805 4314 4313
3 4806 4805 4313
3 4793 4313 4292
3 4793 4807 4313
3 4807 4806 4313
3 4794 4807 4793
3 4808 4807 4794
3 4795 4808 4794
3 4809 4808 4795
3 4796 4809 4795
3 4810 4809 4796
3 4797 4810 4796
3 4811 4810 4797
3 4798 4811 4797
3 4812 4811 4798
3 4812 4813 4814
3 4798 4813 4812
3 4798 4317 4813
3 4798 4300 4317
3 4317 4318 4813
3 4320 4321 4815
3 4816 4799 4817
3 4815 4799 4816
3 4815 4304 4799
3 4815 4321 4304
3 4800 4817 4799
3 4818 4817 4800
3 4801 4818 4800
3 4819 4818 4801
3 4802 4819 4801
3 4820 4819 4802
3 4803 4820 4802
3 4821 4820 4803
3 4804 4821 4803
3 4822 4821 4804
3 4312 4822 4804
3 4312 4323 4822
3 4323 4823 4822
3 4324 4824 4823
3 4323 4324 4823
3 4825 4325 4314
3 4805 4825 4314
3 4826 4825 4827
3 4826 4326 4825
3 4326 4325 4825
3 4326 4828 4327
3 4826 4828 4326
3 4327 4829 4328
3 4828 4829 4327
3 4328 4830 4329
3 4829 4830 4328
3 4831 4329 4830
3 4831 4832 4329
3 4832 4330 4329
3 4330 4832 4331
3 4331 4832 4833
3 4814 4813 4332
3 4814 4332 4833
3 4833 4332 4331
3 4332 4813 4318
3 4333 4320 4815
3 4815 4816 4834
3 4815 4834 4333
3 4333 4834 4334
3 4334 4834 4335
3 4335 4834 4835
3 4836 4835 4837
3 4836 4336 4835
3 4336 4335 4835
3 4336 4838 4337
3 4836 4838 4336
3 4337 4839 4338
3 4838 4839 4337
3 4338 4840 4339
3 4839 4840 4338
3 4841 4339 4840
3 4841 4842 4339
3 4842 4340 4339
3 4340 4842 4824
3 4324 4340 4824
3 4826 4827 4843
3 4828 4826 4843
3 4844 4828 4843
3 4829 4828 4844
3 4845 4829 4844
3 4830 4829 4845
3 4846 4830 4845
3 4830 4846 4831
3 4836 4837 4847
3 4838 4836 4847
3 4848 4838 4847
3 4839 4838 4848
3 4849 4839 4848
3 4840 4839 4849
3 4850 4840 4849
3 4840 4850 4841
3 4851 4852 4853
3 4852 4854 4855
3 4853 4852 4855
3 4854 4856 4857
3 4855 4854 4857
3 4856 4858 4859
3 4857 4856 4859
3 4858 4860 4859
3 4861 4862 4863
3 4862 4864 4865
3 4863 4862 4865
3 4864 4866 4867
3 4865 4864 4867
3 4866 4868 4869
3 4867 4866 4869
3 4868 4870 4869
3 4871 4341 4343
3 4872 4871 4343
3 4851 4344 4852
3 4851 4872 4344
3 4872 4343 4344
3 4345 4852 4344
3 4854 4852 4345
3 4346 4854 4345
3 4856 4854 4346
3 4347 4856 4346
3 4858 4856 4347
3 4858 4873 4860
3 4858 4347 4873
3 4347 4348 4873
3 4348 4349 4873
3 4349 4874 4873
3 4875 4876 4874
3 4875 4874 4351
3 4351 4874 4349
3 4351 4352 4875
3 4353 4355 4877
3 4878 4877 4355
3 4878 4355 4879
3 4879 4355 4356
3 4356 4357 4879
3 4357 4880 4879
3 4861 4358 4862
3 4861 4880 4358
3 4880 4357 4358
3 4359 4862 4358
3 4864 4862 4359
3 4360 4864 4359
3 4866 4864 4360
3 4361 4866 4360
3 4868 4866 4361
3 4868 4881 4870
3 4868 4361 4881
3 4361 4363 4881
3 4364 4882 4881
3 4363 4364 4881
3 4883 4366 4341
3 4871 4883 4341
3 4367 4884 4885
3 4367 4366 4884
3 4366 4883 4884
3 4885 4886 4887
3 4884 4886 4885
3 4887 4888 4889
3 4886 4888 4887
3 4889 4890 4891
3 4888 4890 4889
3 4891 4892 4893
3 4890 4892 4891
3 4893 4894 4895
3 4892 4894 4893
3 4370 4876 4875
3 4369 4876 4370
3 4369 4894 4876
3 4369 4895 4894
3 4370 4875 4352
3 4373 4353 4877
3 4877 4878 4896
3 4373 4877 4896
3 4373 4896 4897
3 4373 4897 4375
3 4897 4898 4899
3 4896 4898 4897
3 4899 4900 4901
3 4898 4900 4899
3 4901 4902 4903
3 4900 4902 4901
3 4903 4904 4905
3 4902 4904 4903
3 4905 4906 4907
3 4904 4906 4905
3 4907 4376 4377
3 4907 4906 4376
3 4906 4908 4376
3 4376 4908 4882
3 4364 4376 4882
3 4379 4367 4885
3 4381 4379 4885
3 4887 4381 4885
3 4383 4381 4887
3 4889 4383 4887
3 4385 4383 4889
3 4891 4385 4889
3 4387 4385 4891
3 4893 4387 4891
3 4389 4387 4893
3 4895 4389 4893
3 4389 4895 4369
3 4391 4375 4897
3 4393 4391 4897
3 4899 4393 4897
3 4395 4393 4899
3 4901 4395 4899
3 4397 4395 4901
3 4903 4397 4901
3 4399 4397 4903
3 4905 4399 4903
3 4401 4399 4905
3 4907 4401 4905
3 4401 4907 4377
3 4909 4910 4911
3 4910 4912 4913
3 4911 4910 4913
3 4912 4914 4915
3 4913 4912 4915
3 4914 4916 4917
3 4915 4914 4917
3 4916 4918 4917
3 4919 4920 4921
3 4920 4922 4923
3 4921 4920 4923
3 4922 4924 4925
3 4923 4922 4925
3 4924 4926 4927
3 4925 4924 4927
3 4926 4928 4927
3 4909 4929 4930
3 4910 4909 4930
3 4930 4931 4910
3 4910 4931 4912
3 4931 4932 4912
3 4912 4932 4914
3 4932 4933 4914
3 4914 4933 4916
3 4934 4918 4916
3 4934 4916 4935
3 4935 4916 4933
3 4935 4936 4937
3 4934 4935 4937
3 4936 4938 4937
3 4939 4940 4941
3 4940 4942 4943
3 4941 4940 4943
3 4919 4943 4942
3 4919 4942 4920
3 4920 4942 4944
3 4944 4945 4920
3 4920 4945 4922
3 4945 4946 4922
3 4922 4946 4924
3 4946 4947 4924
3 4924 4947 4926
3 4926 4947 4948
3 4928 4926 4948
3 4930 4929 4949
3 4949 4950 4951
3 4949 4951 4930
3 4930 4951 4931
3 4951 4952 4931
3 4931 4952 4932
3 4952 4953 4932
3 4932 4953 4933
3 4953 4954 4933
3 4933 4954 4935
3 4954 4955 4935
3 4935 4955 4936
3 4956 4938 4936
3 4956 4936 4957
3 4957 4936 4955
3 4957 4958 4959
3 4956 4957 4959
3 4958 4960 4959
3 4961 4962 4963
3 4962 4964 4965
3 4963 4962 4965
3 4939 4965 4964
3 4939 4964 4940
3 4940 4964 4966
3 4966 4967 4940
3 4940 4967 4942
3 4967 4968 4942
3 4942 4968 4944
3 4968 4969 4944
3 4944 4969 4945
3 4969 4970 4945
3 4945 4970 4946
3 4971 4972 4947
3 4971 4947 4970
3 4970 4947 4946
3 4947 4972 4948
3 4950 4973 4974
3 4951 4950 4974
3 4974 4975 4951
3 4951 4975 4952
3 4975 4976 4952
3 4952 4976 4953
3 4405 4976 4403
3 4405 4954 4976
3 4954 4953 4976
3 4407 4954 4405
3 4955 4954 4407
3 4408 4955 4407
3 4408 4977 4955
3 4977 4957 4955
3 4977 4978 4957
3 4957 4978 4958
3 4979 4960 4958
3 4979 4958 4980
3 4980 4958 4978
3 4980 4981 4982
3 4979 4980 4982
3 4981 4983 4984
3 4982 4981 4984
3 4983 4985 4984
3 4986 4987 4988
3 4987 4989 4990
3 4988 4987 4990
3 4989 4991 4992
3 4990 4989 4992
3 4961 4992 4991
3 4961 4991 4962
3 4962 4991 4993
3 4993 4994 4962
3 4962 4994 4964
3 4411 4994 4409
3 4411 4966 4994
3 4966 4964 4994
3 4413 4966 4411
3 4967 4966 4413
3 4414 4967 4413
3 4414 4995 4967
3 4995 4968 4967
3 4995 4996 4968
3 4968 4996 4969
3 4996 4997 4969
3 4969 4997 4970
3 4970 4997 4998
3 4971 4970 4998
3 4974 4973 4999
3 4999 5000 5001
3 4999 5001 4974
3 4974 5001 4975
3 5001 5002 4975
3 4975 5002 4976
3 5002 4403 4976
3 4415 4403 5002
3 4418 4977 4408
3 4421 4977 4418
3 4978 4977 4421
3 4423 4978 4421
3 4980 4978 4423
3 4425 4980 4423
3 4981 4980 4425
3 4426 4981 4425
3 4426 5003 4981
3 5003 4983 4981
3 5004 4985 4983
3 5004 4983 5005
3 5005 4983 5003
3 5005 5006 5007
3 5004 5005 5007
3 5006 5008 5009
3 5007 5006 5009
3 5008 5010 5011
3 5009 5008 5011
3 5010 5012 5013
3 5011 5010 5013
3 5012 5014 5015
3 5013 5012 5015
3 5014 5016 5017
3 5015 5014 5017
3 5016 5018 5019
3 5017 5016 5019
3 5018 5020 5021
3 5019 5018 5021
3 5020 5022 5023
3 5021 5020 5023
3 5022 5024 5025
3 5023 5022 5025
3 5024 5026 5027
3 5025 5024 5027
3 5026 5028 5029
3 5027 5026 5029
3 4986 5029 5028
3 4986 5028 4987
3 4987 5028 5030
3 4429 5030 4427
3 4429 4989 5030
3 4989 4987 5030
3 4431 4989 4429
3 4991 4989 4431
3 4433 4991 4431
3 4993 4991 4433
3 4435 4993 4433
3 4994 4993 4435
3 4435 4409 4994
3 4438 4995 4414
3 5031 4995 4438
3 5031 5032 4995
3 4995 5032 4996
3 5033 5034 4997
3 5033 4997 5032
3 5032 4997 4996
3 4997 5034 4998
3 5001 5000 5035
3 5035 5036 5037
3 5035 5037 5001
3 5001 5037 5002
3 5037 4415 5002
3 4439 4415 5037
3 4446 5003 4426
3 4449 5003 4446
3 5005 5003 4449
3 4451 5005 4449
3 5006 5005 4451
3 4453 5006 4451
3 5008 5006 4453
3 4455 5008 4453
3 5010 5008 4455
3 4457 5010 4455
3 5012 5010 4457
3 4458 5012 4457
3 4458 5038 5012
3 5038 5014 5012
3 5038 5039 5014
3 5014 5039 5016
3 5039 5040 5016
3 5016 5040 5018
3 4461 5040 4459
3 4461 5020 5040
3 5020 5018 5040
3 4463 5020 4461
3 5022 5020 4463
3 4465 5022 4463
3 5024 5022 4465
3 4467 5024 4465
3 5026 5024 4467
3 4469 5026 4467
3 5028 5026 4469
3 4471 5028 4469
3 5030 5028 4471
3 4471 4427 5030
3 4478 5031 4438
3 5041 5031 4478
3 5042 5043 5032
3 5042 5032 5041
3 5041 5032 5031
3 5032 5043 5033
3 5037 5036 5044
3 5044 5045 5046
3 5037 5044 5046
3 5037 5046 4479
3 5037 4479 4439
3 4479 5046 4480
3 4492 5038 4458
3 4495 5038 4492
3 5039 5038 4495
3 4497 5039 4495
3 5040 5039 4497
3 4497 4459 5040
3 4509 5047 4510
3 5048 5049 5041
3 5047 5048 5041
3 5047 5041 4478
3 5047 4478 4510
3 5041 5049 5042
3 5046 5045 5050
3 5050 5051 5052
3 5046 5050 5052
3 5046 5052 4511
3 5046 4511 4480
3 4511 5052 4512
3 4523 5053 4524
3 5054 5055 5047
3 5053 5054 5047
3 5053 5047 4509
3 5053 4509 4524
3 5047 5055 5048
3 5052 5051 5056
3 5056 5057 5058
3 5052 5056 5058
3 5052 5058 4525
3 5052 4525 4512
3 4525 5058 4526
3 4535 5059 4536
3 5060 5061 5053
3 5059 5060 5053
3 5059 5053 4523
3 5059 4523 4536
3 5053 5061 5054
3 5058 5057 5062
3 5062 5063 5064
3 5058 5062 5064
3 5058 5064 4537
3 5058 4537 4526
3 4537 5065 4538
3 5064 5065 4537
3 4538 5065 4539
3 4548 5066 4549
3 4549 5067 4550
3 5066 5067 4549
3 5068 5069 5059
3 5067 5068 5059
3 5067 5059 4535
3 5067 4535 4550
3 5059 5069 5060
3 5064 5063 5070
3 5065 5064 5070
3 5071 5065 5070
3 5071 5072 5073
3 5065 5071 5073
3 5065 5073 4551
3 5065 4551 4539
3 4551 5074 4552
3 5073 5074 4551
3 4552 5074 4553
3 4567 5075 4568
3 4568 5076 4569
3 5075 5076 4568
3 5077 5078 5066
3 5076 5077 5066
3 5076 5066 4548
3 5076 4548 4569
3 5067 5066 5078
3 5079 5067 5078
3 5067 5079 5068
3 5073 5072 5080
3 5074 5073 5080
3 5081 5074 5080
3 5081 5082 5083
3 5074 5081 5083
3 5074 5083 4570
3 5074 4570 4553
3 4570 5084 4571
3 5083 5084 4570
3 4571 5085 4572
3 5084 5085 4571
3 4572 5085 4573
3 4581 5086 4582
3 4582 5087 4583
3 5086 5087 4582
3 4583 5088 4584
3 5087 5088 4583
3 5089 5090 5075
3 5088 5089 5075
3 5088 5075 4567
3 5088 4567 4584
3 5076 5075 5090
3 5091 5076 5090
3 5076 5091 5077
3 5083 5082 5092
3 5084 5083 5092
3 5093 5084 5092
3 5085 5084 5093
3 5094 5085 5093
3 4573 5085 5094
3 4573 5094 4585
3 4585 5094 5095
3 4585 5095 4586
3 4586 5095 5096
3 5097 5096 5098
3 5097 4587 5096
3 4587 4586 5096
3 4587 5099 4588
3 5097 5099 4587
3 4588 5100 4589
3 5099 5100 4588
3 5101 4589 5100
3 5101 5102 4589
3 5102 4590 4589
3 4590 5102 4591
3 4591 5102 5103
3 5086 4581 4591
3 5086 4591 5104
3 5104 4591 5103
3 5087 5086 5104
3 5105 5087 5104
3 5088 5087 5105
3 5106 5088 5105
3 5088 5106 5089
3 5097 5098 5107
3 5099 5097 5107
3 5108 5099 5107
3 5100 5099 5108
3 5109 5100 5108
3 5100 5109 5101
3 5110 5111 5112
3 5111 5113 5114
3 5112 5111 5114
3 5113 5115 5116
3 5114 5113 5116
3 5115 4592 4594
3 5115 4594 5116
3 5116 4594 5117
3 4594 4596 5117
3 4596 5118 5117
3 4596 4598 5118
3 4598 5119 5118
3 4599 5120 5121
3 4599 5121 4598
3 4598 5121 5119
3 5120 5122 5123
3 5121 5120 5123
3 5122 5124 5125
3 5123 5122 5125
3 5124 5126 5125
3 5127 5128 5129
3 5128 4600 4602
3 5128 4602 5129
3 5129 4602 5130
3 4602 4604 5130
3 4604 5131 5130
3 5110 4606 5111
3 5110 5131 4606
3 5131 4604 4606
3 4607 5111 4606
3 5113 5111 4607
3 4608 5113 4607
3 5115 5113 4608
3 4608 4592 5115
3 4609 5120 4599
3 4610 5120 4609
3 5122 5120 4610
3 4612 5122 4610
3 5124 5122 4612
3 5124 5132 5126
3 5124 4612 5132
3 4612 4614 5132
3 4614 4616 5132
3 4616 5133 5132
3 4617 5134 5135
3 4617 5135 4616
3 4616 5135 5133
3 5134 5136 5135
3 5137 5138 5139
3 5138 4618 4620
3 5138 4620 5139
3 5139 4620 5140
3 5127 4622 5128
3 5127 5140 4622
3 5140 4620 4622
3 4622 4600 5128
3 4623 5134 4617
3 5134 5141 5136
3 5134 4623 5141
3 4623 4626 5141
3 4627 5142 5143
3 4627 5143 4626
3 4626 5143 5141
3 5142 5144 5143
3 5145 5146 5147
3 5146 4628 4630
3 5146 4630 5147
3 5147 4630 5148
3 5137 4632 5138
3 5137 5148 4632
3 5148 4630 4632
3 4632 4618 5138
3 4633 5142 4627
3 5142 5149 5144
3 5142 4633 5149
3 4633 4636 5149
3 4637 5150 5151
3 4637 5151 4636
3 4636 5151 5149
3 5150 5152 5151
3 5153 5154 5155
3 4640 5146 5145
3 4638 4640 5145
3 4638 5145 5155
3 4638 5155 5154
3 4640 4628 5146
3 4641 5150 4637
3 5150 5156 5152
3 4641 5156 5150
3 4641 5157 5156
3 4641 4643 5157
3 5157 5158 5156
3 5159 5160 5161
3 4646 5154 5153
3 4644 4646 5153
3 4644 5153 5161
3 4644 5161 5160
3 4646 4638 5154
3 4647 5157 4643
3 5157 5162 5158
3 4647 5162 5157
3 4647 5163 5162
3 4647 4649 5163
3 5163 5164 5162
3 5165 5166 5167
3 4652 5160 5159
3 4650 4652 5159
3 4650 5159 5167
3 4650 5167 5166
3 4652 4644 5160
3 4653 5163 4649
3 5163 5168 5164
3 4653 5168 5163
3 4653 5169 5168
3 4653 4655 5169
3 5169 5170 5168
3 5171 5172 5173
3 4658 5166 5165
3 4656 4658 5165
3 4656 5165 5173
3 4656 5173 5172
3 4658 4650 5166
3 4662 5169 4655
3 5169 5174 5170
3 4662 5174 5169
3 4662 5175 5174
3 4662 4664 5175
3 5175 5176 5174
3 5177 5178 5179
3 4667 5172 5171
3 4665 4667 5171
3 4665 5171 5179
3 4665 5179 5178
3 4667 4656 5172
3 4685 5175 4664
3 5175 5180 5176
3 4685 5180 5175
3 4685 5181 5180
3 4685 4687 5181
3 5181 5182 5180
3 5183 5184 5185
3 4690 5178 5177
3 4688 4690 5177
3 4688 5177 5185
3 4688 5185 5184
3 4690 4665 5178
3 4698 5186 4699
3 4699 5187 4700
3 5186 5187 4699
3 4700 5188 4701
3 5187 5188 4700
3 4701 5189 4702
3 5188 5189 4701
3 4702 5190 4703
3 5189 5190 4702
3 4703 5191 4704
3 5190 5191 4703
3 4704 5192 4705
3 5191 5192 4704
3 4705 5193 4706
3 5192 5193 4705
3 4706 5194 4707
3 5193 5194 4706
3 4707 5195 4708
3 5194 5195 4707
3 4708 5196 4709
3 5195 5196 4708
3 4709 5197 4710
3 5196 5197 4709
3 4710 5198 4711
3 5197 5198 4710
3 4711 5198 4712
3 4720 5181 4687
3 5181 5199 5182
3 4720 5199 5181
3 4720 5200 5199
3 4720 4722 5200
3 5200 5201 5199
3 5183 5202 5203
3 5184 5183 5203
3 5203 4688 5184
3 4723 4688 5203
3 4731 5204 4732
3 4732 5205 4733
3 5204 5205 4732
3 4733 5206 4734
3 5205 5206 4733
3 4734 5186 4698
3 4734 5206 5186
3 5206 5207 5186
3 5208 5209 5187
3 5208 5187 5207
3 5207 5187 5186
3 5188 5187 5209
3 5210 5188 5209
3 5189 5188 5210
3 5211 5189 5210
3 5190 5189 5211
3 5212 5190 5211
3 5191 5190 5212
3 5213 5191 5212
3 5192 5191 5213
3 5214 5192 5213
3 5193 5192 5214
3 5215 5193 5214
3 5194 5193 5215
3 5216 5194 5215
3 5195 5194 5216
3 5217 5195 5216
3 5196 5195 5217
3 5218 5196 5217
3 5197 5196 5218
3 5219 5197 5218
3 5219 5220 5221
3 5219 5221 5197
3 5197 5221 5198
3 4712 5222 4735
3 4712 5198 5222
3 5198 5221 5222
3 4735 5223 4736
3 5222 5223 4735
3 4736 5224 4737
3 5223 5224 4736
3 4737 5224 4738
3 4746 5200 4722
3 5225 5200 4746
3 5200 5225 5226
3 5201 5200 5226
3 5227 5228 5229
3 4749 5203 5202
3 4747 4749 5202
3 4747 5202 5229
3 4747 5229 5228
3 4749 4723 5203
3 4755 5230 4756
3 4756 5231 4757
3 5230 5231 4756
3 4757 5204 4731
3 4757 5231 5204
3 5231 5232 5204
3 5233 5234 5205
3 5233 5205 5232
3 5232 5205 5204
3 5206 5205 5234
3 5235 5206 5234
3 5207 5206 5235
3 5236 5207 5235
3 5207 5236 5208
3 5221 5220 5237
3 5222 5221 5237
3 5238 5222 5237
3 5223 5222 5238
3 5239 5223 5238
3 5239 5240 5241
3 5239 5241 5223
3 5223 5241 5224
3 4738 5242 4758
3 4738 5224 5242
3 5224 5241 5242
3 4758 5243 4759
3 5242 5243 4758
3 4759 5243 4760
3 4766 5225 4746
3 5225 5244 5226
3 4766 5244 5225
3 4766 5245 5244
3 4766 4768 5245
3 5245 5246 5244
3 5227 5247 5248
3 5228 5227 5248
3 5248 4747 5228
3 4769 4747 5248
3 4774 5249 4775
3 4775 5250 4776
3 5249 5250 4775
3 4776 5230 4755
3 4776 5250 5230
3 5250 5251 5230
3 5252 5253 5231
3 5252 5231 5251
3 5251 5231 5230
3 5232 5231 5253
3 5254 5232 5253
3 5232 5254 5233
3 5241 5240 5255
3 5242 5241 5255
3 5256 5242 5255
3 5256 5257 5258
3 5256 5258 5242
3 5242 5258 5243
3 4760 5259 4777
3 4760 5243 5259
3 5243 5258 5259
3 4777 5260 4778
3 5259 5260 4777
3 4778 5260 4779
3 4784 5245 4768
3 5261 5245 4784
3 5245 5261 5262
3 5246 5245 5262
3 5263 5264 5265
3 5247 5265 5264
3 5247 5264 5248
3 5248 5264 5266
3 4769 5267 4785
3 4769 5248 5267
3 5248 5266 5267
3 4785 5268 4786
3 5267 5268 4785
3 4786 5269 4787
3 5268 5269 4786
3 4787 5270 4788
3 5269 5270 4787
3 4788 5249 4774
3 4788 5270 5249
3 5270 5271 5249
3 5272 5273 5250
3 5272 5250 5271
3 5271 5250 5249
3 5251 5250 5273
3 5274 5251 5273
3 5251 5274 5252
3 5258 5257 5275
3 5259 5258 5275
3 5276 5259 5275
3 5276 5277 5278
3 5276 5278 5259
3 5259 5278 5260
3 4779 5279 4789
3 4779 5260 5279
3 5260 5278 5279
3 4789 5280 4790
3 5279 5280 4789
3 4790 5281 4791
3 5280 5281 4790
3 4791 5282 4792
3 5281 5282 4791
3 4792 5261 4784
3 4792 5282 5261
3 5282 5283 5261
3 5284 5262 5261
3 5284 5261 5285
3 5285 5261 5283
3 5285 5286 5284
3 5263 5287 5288
3 5264 5263 5288
3 5288 5289 5264
3 5264 5289 5266
3 5289 5290 5266
3 5266 5290 5267
3 5290 5291 5267
3 5267 5291 5268
3 5291 5292 5268
3 5268 5292 5269
3 5292 5293 5269
3 5269 5293 5270
3 5294 5295 5271
3 5294 5271 5293
3 5293 5271 5270
3 5271 5295 5272
3 5278 5277 5296
3 5296 5297 5298
3 5296 5298 5278
3 5278 5298 5279
3 5298 5299 5279
3 5279 5299 5280
3 5299 5300 5280
3 5280 5300 5281
3 5300 5301 5281
3 5281 5301 5282
3 5301 5302 5282
3 5282 5302 5283
3 5302 5303 5283
3 5283 5303 5285
3 5285 5303 5304
3 5286 5285 5304
3 5287 5305 5306
3 5288 5287 5306
3 5306 5307 5288
3 5288 5307 5289
3 5307 5308 5289
3 5289 5308 5290
3 5308 5309 5290
3 5290 5309 5291
3 5310 5311 5292
3 5310 5292 5309
3 5309 5292 5291
3 5293 5292 5311
3 5312 5293 5311
3 5293 5312 5294
3 5298 5297 5313
3 5299 5298 5313
3 5314 5299 5313
3 5314 5315 5316
3 5314 5316 5299
3 5299 5316 5300
3 5316 5317 5300
3 5300 5317 5301
3 5317 5318 5301
3 5301 5318 5302
3 5318 5319 5302
3 5302 5319 5303
3 5303 5319 5320
3 5304 5303 5320
3 5305 5321 5322
3 5306 5305 5322
3 5322 5323 5306
3 5306 5323 5307
3 5323 5324 5307
3 5307 5324 5308
3 5325 5326 5309
3 5325 5309 5324
3 5324 5309 5308
3 5309 5326 5310
3 5316 5315 5327
3 5327 5328 5329
3 5327 5329 5316
3 5316 5329 5317
3 5329 5330 5317
3 5317 5330 5318
3 5330 5331 5318
3 5318 5331 5319
3 5319 5331 5332
3 5320 5319 5332
3 5322 5321 5333
3 5323 5322 5333
3 5334 5323 5333
3 5324 5323 5334
3 5335 5324 5334
3 5324 5335 5325
3 5329 5328 5336
3 5330 5329 5336
3 5337 5330 5336
3 5331 5330 5337
3 5338 5331 5337
3 5331 5338 5332
3 4805 4806 5339
3 4806 4807 5340
3 5339 4806 5340
3 4807 4808 5341
3 5340 4807 5341
3 4808 4809 5342
3 5341 4808 5342
3 4809 4810 5343
3 5342 4809 5343
3 4810 4811 5344
3 5343 4810 5344
3 4811 4812 5345
3 5344 4811 5345
3 4812 4814 5345
3 4816 4817 5346
3 4817 4818 5347
3 5346 4817 5347
3 4818 4819 5348
3 5347 4818 5348
3 4819 4820 5349
3 5348 4819 5349
3 4820 4821 5350
3 5349 4820 5350
3 4821 4822 5351
3 5350 4821 5351
3 4822 4823 5352
3 5351 4822 5352
3 4823 4824 5352
3 5353 5354 5355
3 4805 5339 4825
3 5340 4825 5339
3 4825 5340 4827
3 5356 4827 5340
3 4827 5356 5355
3 5353 5355 5356
3 5341 5356 5340
3 5357 5356 5341
3 5342 5357 5341
3 5358 5357 5342
3 5343 5358 5342
3 5359 5358 5343
3 4831 5360 4832
3 5343 5344 5359
3 5361 5359 5344
3 5362 5345 4833
3 5362 4833 4832
3 5362 4832 5360
3 5362 5360 5363
3 5362 5363 5364
3 5362 5364 5361
3 5362 5361 5344
3 5362 5344 5345
3 5345 4814 4833
3 5365 5364 5363
3 5366 5367 5368
3 4816 5346 4834
3 4834 5346 5369
3 4835 4834 5369
3 5370 4835 5369
3 5368 5370 5369
3 5366 5368 5369
3 5371 5366 5369
3 5347 5371 5369
3 5346 5347 5369
3 4835 5370 4837
3 5372 5347 5348
3 5347 5372 5371
3 5349 5372 5348
3 5373 5372 5349
3 5350 5373 5349
3 5374 5373 5350
3 5351 5374 5350
3 5375 5374 5351
3 5352 4842 5351
3 4841 5351 4842
3 5351 4841 5375
3 5376 5375 4841
3 5375 5376 5377
3 5352 4824 4842
3 5378 5377 5376
3 5355 5354 5379
3 4827 5355 5379
3 4827 5379 4843
3 4843 5379 5380
3 4843 5380 4844
3 4844 5380 5381
3 4844 5381 4845
3 4845 5381 5382
3 4845 5382 4846
3 4846 5382 5383
3 5360 4831 4846
3 5360 4846 5384
3 5384 4846 5383
3 5363 5360 5384
3 5385 5363 5384
3 5363 5385 5365
3 5368 5367 5386
3 5370 5368 5386
3 5387 5370 5386
3 4837 5370 5387
3 4837 5387 4847
3 4847 5387 5388
3 4847 5388 4848
3 4848 5388 5389
3 4848 5389 4849
3 4849 5389 5390
3 4849 5390 4850
3 4850 5390 5391
3 5376 4841 4850
3 5376 4850 5392
3 5392 4850 5391
3 5376 5392 5378
3 5393 5394 5395
3 5394 4851 4853
3 5394 4853 5395
3 5395 4853 5396
3 4853 4855 5396
3 4855 5397 5396
3 4855 4857 5397
3 4857 5398 5397
3 4857 4859 5398
3 4859 5399 5398
3 4860 5400 5401
3 4860 5401 4859
3 4859 5401 5399
3 5400 5402 5403
3 5401 5400 5403
3 5402 5404 5403
3 5405 5406 5407
3 5406 5408 5409
3 5407 5406 5409
3 5408 4861 4863
3 5408 4863 5409
3 5409 4863 5410
3 4863 4865 5410
3 4865 5411 5410
3 4865 4867 5411
3 4867 5412 5411
3 4867 4869 5412
3 4869 5413 5412
3 4870 5414 5415
3 4870 5415 4869
3 4869 5415 5413
3 5414 5416 5415
3 5417 4871 4872
3 5393 5418 5394
3 5419 5394 5418
3 5394 5419 4851
3 5420 4851 5419
3 4851 5420 4872
3 5417 4872 5420
3 5420 5421 5422
3 5419 5421 5420
3 5422 5423 5424
3 5421 5423 5422
3 5424 5425 5426
3 5423 5425 5424
3 4860 4873 5400
3 5425 5427 5426
3 5428 5426 5427
3 4874 5430 5429
3 4873 4874 5429
3 5400 4873 5429
3 5402 5400 5429
3 5431 5402 5429
3 5427 5431 5429
3 5428 5427 5429
3 5430 5428 5429
3 4874 4876 5430
3 5404 5402 5431
3 5432 4878 4879
3 5405 5433 5406
3 5434 5432 4879
3 5434 4879 4880
3 5434 4880 5408
3 5434 5408 5406
3 5434 5406 5433
3 5434 5433 5435
3 5434 5435 5436
3 5434 5436 5432
3 5408 4880 4861
3 5437 5435 5438
3 5435 5437 5436
3 5437 5439 5440
3 5438 5439 5437
3 5440 5441 5442
3 5439 5441 5440
3 5442 5443 5444
3 5441 5443 5442
3 5445 5414 5443
3 4870 5443 5414
3 5443 4870 5444
3 4881 5444 4870
3 5444 4881 5446
3 4881 4882 5446
3 5416 5414 5445
3 4883 4871 5417
3 4884 4883 5417
3 5420 4884 5417
3 4886 4884 5420
3 5422 4886 5420
3 4888 4886 5422
3 5424 4888 5422
3 4890 4888 5424
3 5426 4890 5424
3 4892 4890 5426
3 5428 4892 5426
3 4894 4892 5428
3 5430 4894 5428
3 4894 5430 4876
3 4896 4878 5432
3 4898 4896 5432
3 5436 4898 5432
3 4900 4898 5436
3 5437 4900 5436
3 4902 4900 5437
3 5440 4902 5437
3 4904 4902 5440
3 5442 4904 5440
3 4906 4904 5442
3 5444 4906 5442
3 4908 4906 5444
3 5446 4908 5444
3 4908 5446 4882
3 5447 5448 5449
3 5448 5450 5451
3 5449 5448 5451
3 5450 5452 5453
3 5451 5450 5453
3 5452 5454 5453
3 5455 5456 5457
3 5456 5458 5459
3 5457 5456 5459
3 5458 5460 5461
3 5459 5458 5461
3 5460 5462 5461
3 5447 5463 5464
3 5448 5447 5464
3 5464 5465 5448
3 5448 5465 5450
3 5465 5466 5450
3 5450 5466 5452
3 5467 5454 5452
3 5467 5452 5468
3 5468 5452 5466
3 5468 5469 5467
3 5470 5471 5472
3 5455 5472 5471
3 5455 5471 5456
3 5456 5471 5473
3 5473 5474 5456
3 5456 5474 5458
3 5474 5475 5458
3 5458 5475 5460
3 5460 5475 5476
3 5462 5460 5476
3 5463 5477 5478
3 5464 5463 5478
3 5478 5479 5464
3 5464 5479 5465
3 5479 5480 5465
3 5465 5480 5466
3 5480 5481 5466
3 5466 5481 5468
3 5482 5469 5468
3 5482 5468 5483
3 5483 5468 5481
3 5483 5484 5485
3 5482 5483 5485
3 5484 5486 5485
3 5487 5488 5489
3 5488 5490 5491
3 5489 5488 5491
3 5470 5491 5490
3 5470 5490 5471
3 5471 5490 5492
3 5492 5493 5471
3 5471 5493 5473
3 5493 5494 5473
3 5473 5494 5474
3 5494 5495 5474
3 5474 5495 5475
3 5475 5495 5496
3 5476 5475 5496
3 5477 5497 5498
3 5478 5477 5498
3 5498 5499 5478
3 5478 5499 5479
3 5499 5500 5479
3 5479 5500 5480
3 5500 5501 5480
3 5480 5501 5481
3 5501 5502 5481
3 5481 5502 5483
3 5502 5503 5483
3 5483 5503 5484
3 5504 5486 5484
3 5504 5484 5505
3 5505 5484 5503
3 5505 5506 5504
3 5507 5508 5509
3 5487 5509 5508
3 5487 5508 5488
3 5488 5508 5510
3 5510 5511 5488
3 5488 5511 5490
3 5511 5512 5490
3 5490 5512 5492
3 5512 5513 5492
3 5492 5513 5493
3 5513 5514 5493
3 5493 5514 5494
3 5514 5515 5494
3 5494 5515 5495
3 5495 5515 5516
3 5496 5495 5516
3 5498 5497 5517
3 5517 5518 5519
3 5517 5519 5498
3 5498 5519 5499
3 4911 5519 4909
3 4911 5500 5519
3 5500 5499 5519
3 4913 5500 4911
3 5501 5500 4913
3 4915 5501 4913
3 5502 5501 4915
3 4917 5502 4915
3 5503 5502 4917
3 4918 5503 4917
3 4918 5520 5503
3 5520 5505 5503
3 5521 5506 5505
3 5521 5505 5522
3 5522 5505 5520
3 5522 5523 5524
3 5521 5522 5524
3 5523 5525 5524
3 5526 5527 5528
3 5527 5529 5530
3 5528 5527 5530
3 5507 5530 5529
3 5507 5529 5508
3 5508 5529 5531
3 4921 5531 4919
3 4921 5510 5531
3 5510 5508 5531
3 4923 5510 4921
3 5511 5510 4923
3 4925 5511 4923
3 5512 5511 4925
3 4927 5512 4925
3 5513 5512 4927
3 4928 5513 4927
3 4928 5532 5513
3 5532 5514 5513
3 5533 5534 5515
3 5533 5515 5532
3 5532 5515 5514
3 5515 5534 5516
3 5518 5535 5536
3 5519 5518 5536
3 5536 4909 5519
3 4929 4909 5536
3 4934 5520 4918
3 4937 5520 4934
3 5522 5520 4937
3 4938 5522 4937
3 4938 5537 5522
3 5537 5523 5522
3 5538 5525 5523
3 5538 5523 5539
3 5539 5523 5537
3 5539 5540 5541
3 5538 5539 5541
3 5540 5542 5541
3 5543 5544 5545
3 5544 5546 5547
3 5545 5544 5547
3 5526 5547 5546
3 5526 5546 5527
3 5527 5546 5548
3 4941 5548 4939
3 4941 5529 5548
3 5529 5527 5548
3 4943 5529 4941
3 5531 5529 4943
3 4943 4919 5531
3 4948 5532 4928
3 5549 5532 4948
3 5532 5549 5550
3 5533 5532 5550
3 5536 5535 5551
3 5551 5552 5553
3 5536 5551 5553
3 5536 5553 4949
3 5536 4949 4929
3 4949 5553 4950
3 4956 5537 4938
3 4959 5537 4956
3 5539 5537 4959
3 4960 5539 4959
3 4960 5554 5539
3 5554 5540 5539
3 5555 5542 5540
3 5555 5540 5556
3 5556 5540 5554
3 5556 5557 5558
3 5555 5556 5558
3 5557 5559 5560
3 5558 5557 5560
3 5559 5561 5560
3 5562 5563 5564
3 5563 5565 5566
3 5564 5563 5566
3 5565 5567 5568
3 5566 5565 5568
3 5543 5568 5567
3 5543 5567 5544
3 5544 5567 5569
3 4963 5569 4961
3 4963 5546 5569
3 5546 5544 5569
3 4965 5546 4963
3 5548 5546 4965
3 4965 4939 5548
3 4971 5570 4972
3 5571 5572 5549
3 5570 5571 5549
3 5570 5549 4948
3 5570 4948 4972
3 5549 5572 5550
3 5552 5573 5574
3 5553 5552 5574
3 5574 4950 5553
3 4973 4950 5574
3 4979 5554 4960
3 4982 5554 4979
3 5556 5554 4982
3 4984 5556 4982
3 5557 5556 4984
3 4985 5557 4984
3 4985 5575 5557
3 5575 5559 5557
3 5576 5561 5559
3 5576 5559 5577
3 5577 5559 5575
3 5577 5578 5579
3 5576 5577 5579
3 5578 5580 5581
3 5579 5578 5581
3 5580 5582 5583
3 5581 5580 5583
3 5582 5584 5585
3 5583 5582 5585
3 5584 5586 5587
3 5585 5584 5587
3 5586 5588 5589
3 5587 5586 5589
3 5588 5590 5591
3 5589 5588 5591
3 5590 5592 5593
3 5591 5590 5593
3 5592 5594 5595
3 5593 5592 5595
3 5594 5596 5597
3 5595 5594 5597
3 5562 5597 5596
3 5562 5596 5563
3 5563 5596 5598
3 4988 5598 4986
3 4988 5565 5598
3 5565 5563 5598
3 4990 5565 4988
3 5567 5565 4990
3 4992 5567 4990
3 5569 5567 4992
3 4992 4961 5569
3 4998 5570 4971
3 5599 5570 4998
3 5570 5599 5600
3 5571 5570 5600
3 5574 5573 5601
3 5601 5602 5603
3 5574 5601 5603
3 5574 5603 4999
3 5574 4999 4973
3 4999 5603 5000
3 5004 5575 4985
3 5007 5575 5004
3 5577 5575 5007
3 5009 5577 5007
3 5578 5577 5009
3 5011 5578 5009
3 5580 5578 5011
3 5013 5580 5011
3 5582 5580 5013
3 5015 5582 5013
3 5584 5582 5015
3 5017 5584 5015
3 5586 5584 5017
3 5019 5586 5017
3 5588 5586 5019
3 5021 5588 5019
3 5590 5588 5021
3 5023 5590 5021
3 5592 5590 5023
3 5025 5592 5023
3 5594 5592 5025
3 5027 5594 5025
3 5596 5594 5027
3 5029 5596 5027
3 5598 5596 5029
3 5029 4986 5598
3 5033 5604 5034
3 5605 5606 5599
3 5604 5605 5599
3 5604 5599 4998
3 5604 4998 5034
3 5599 5606 5600
3 5603 5602 5607
3 5607 5608 5609
3 5603 5607 5609
3 5603 5609 5035
3 5603 5035 5000
3 5035 5609 5036
3 5042 5610 5043
3 5611 5612 5604
3 5610 5611 5604
3 5610 5604 5033
3 5610 5033 5043
3 5604 5612 5605
3 5609 5608 5613
3 5613 5614 5615
3 5609 5613 5615
3 5609 5615 5044
3 5609 5044 5036
3 5044 5615 5045
3 5048 5616 5049
3 5617 5618 5610
3 5616 5617 5610
3 5616 5610 5042
3 5616 5042 5049
3 5610 5618 5611
3 5615 5614 5619
3 5619 5620 5621
3 5615 5619 5621
3 5615 5621 5050
3 5615 5050 5045
3 5050 5621 5051
3 5054 5622 5055
3 5623 5624 5616
3 5622 5623 5616
3 5622 5616 5048
3 5622 5048 5055
3 5616 5624 5617
3 5621 5620 5625
3 5625 5626 5627
3 5621 5625 5627
3 5621 5627 5056
3 5621 5056 5051
3 5056 5627 5057
3 5060 5628 5061
3 5629 5630 5622
3 5628 5629 5622
3 5628 5622 5054
3 5628 5054 5061
3 5622 5630 5623
3 5627 5626 5631
3 5631 5632 5633
3 5627 5631 5633
3 5627 5633 5062
3 5627 5062 5057
3 5062 5633 5063
3 5068 5634 5069
3 5635 5636 5628
3 5634 5635 5628
3 5634 5628 5060
3 5634 5060 5069
3 5628 5636 5629
3 5633 5632 5637
3 5063 5633 5637
3 5063 5637 5070
3 5070 5637 5638
3 5639 5638 5640
3 5639 5071 5638
3 5071 5070 5638
3 5071 5639 5072
3 5077 5641 5078
3 5642 5078 5641
3 5642 5643 5078
3 5643 5079 5078
3 5634 5068 5079
3 5634 5079 5644
3 5644 5079 5643
3 5634 5644 5635
3 5639 5640 5645
3 5072 5639 5645
3 5072 5645 5080
3 5080 5645 5646
3 5647 5646 5648
3 5647 5081 5646
3 5081 5080 5646
3 5081 5647 5082
3 5089 5649 5090
3 5650 5090 5649
3 5650 5651 5090
3 5651 5091 5090
3 5641 5077 5091
3 5641 5091 5652
3 5652 5091 5651
3 5641 5652 5642
3 5647 5648 5653
3 5082 5647 5653
3 5082 5653 5092
3 5092 5653 5654
3 5092 5654 5093
3 5093 5654 5655
3 5656 5655 5657
3 5656 5094 5655
3 5094 5093 5655
3 5094 5658 5095
3 5656 5658 5094
3 5095 5659 5096
3 5658 5659 5095
3 5096 5659 5098
3 5101 5660 5102
3 5102 5661 5103
3 5660 5661 5102
3 5103 5662 5104
3 5661 5662 5103
3 5663 5104 5662
3 5663 5664 5104
3 5664 5105 5104
3 5105 5664 5106
3 5106 5664 5665
3 5649 5089 5106
3 5649 5106 5666
3 5666 5106 5665
3 5649 5666 5650
3 5656 5657 5667
3 5658 5656 5667
3 5668 5658 5667
3 5659 5658 5668
3 5669 5659 5668
3 5098 5659 5669
3 5098 5669 5107
3 5107 5669 5670
3 5107 5670 5108
3 5108 5670 5671
3 5108 5671 5109
3 5109 5671 5672
3 5660 5101 5109
3 5660 5109 5673
3 5673 5109 5672
3 5661 5660 5673
3 5674 5661 5673
3 5662 5661 5674
3 5675 5662 5674
3 5662 5675 5663
3 5676 5677 5678
3 5677 5110 5112
3 5677 5112 5678
3 5678 5112 5679
3 5112 5114 5679
3 5114 5680 5679
3 5114 5116 5680
3 5116 5681 5680
3 5116 5117 5681
3 5117 5682 5681
3 5117 5118 5682
3 5118 5683 5682
3 5118 5119 5683
3 5119 5684 5683
3 5119 5121 5684
3 5121 5685 5684
3 5121 5123 5685
3 5123 5686 5685
3 5123 5125 5686
3 5125 5687 5686
3 5126 5688 5689
3 5126 5689 5125
3 5125 5689 5687
3 5688 5690 5689
3 5691 5692 5693
3 5692 5127 5129
3 5692 5129 5693
3 5693 5129 5694
3 5129 5130 5694
3 5130 5695 5694
3 5676 5131 5677
3 5676 5695 5131
3 5695 5130 5131
3 5131 5110 5677
3 5132 5688 5126
3 5688 5696 5690
3 5688 5132 5696
3 5132 5133 5696
3 5133 5135 5696
3 5135 5697 5696
3 5136 5698 5699
3 5136 5699 5135
3 5135 5699 5697
3 5698 5700 5699
3 5701 5702 5703
3 5702 5137 5139
3 5702 5139 5703
3 5703 5139 5704
3 5691 5140 5692
3 5691 5704 5140
3 5704 5139 5140
3 5140 5127 5692
3 5141 5698 5136
3 5698 5705 5700
3 5698 5141 5705
3 5141 5143 5705
3 5144 5706 5707
3 5144 5707 5143
3 5143 5707 5705
3 5706 5708 5707
3 5709 5145 5147
3 5710 5709 5147
3 5701 5148 5702
3 5701 5710 5148
3 5710 5147 5148
3 5148 5137 5702
3 5149 5706 5144
3 5706 5711 5708
3 5706 5149 5711
3 5149 5151 5711
3 5152 5712 5711
3 5151 5152 5711
3 5713 5714 5715
3 5714 5153 5155
3 5714 5155 5715
3 5715 5155 5716
3 5155 5709 5716
3 5145 5709 5155
3 5717 5152 5156
3 5712 5152 5717
3 5158 5718 5719
3 5158 5719 5156
3 5156 5719 5717
3 5718 5720 5719
3 5721 5722 5723
3 5161 5714 5713
3 5159 5161 5713
3 5159 5713 5723
3 5159 5723 5722
3 5161 5153 5714
3 5162 5718 5158
3 5718 5724 5720
3 5162 5724 5718
3 5162 5725 5724
3 5162 5164 5725
3 5725 5726 5724
3 5727 5728 5729
3 5167 5722 5721
3 5165 5167 5721
3 5165 5721 5729
3 5165 5729 5728
3 5167 5159 5722
3 5168 5725 5164
3 5725 5730 5726
3 5168 5730 5725
3 5168 5731 5730
3 5168 5170 5731
3 5731 5732 5730
3 5733 5734 5735
3 5173 5728 5727
3 5171 5173 5727
3 5171 5727 5735
3 5171 5735 5734
3 5173 5165 5728
3 5174 5731 5170
3 5731 5736 5732
3 5174 5736 5731
3 5174 5737 5736
3 5174 5176 5737
3 5737 5738 5736
3 5739 5740 5741
3 5179 5734 5733
3 5177 5179 5733
3 5177 5733 5741
3 5177 5741 5740
3 5179 5171 5734
3 5180 5737 5176
3 5737 5742 5738
3 5180 5742 5737
3 5180 5743 5742
3 5180 5182 5743
3 5743 5744 5742
3 5185 5740 5739
3 5185 5739 5183
3 5183 5739 5745
3 5185 5177 5740
3 5199 5743 5182
3 5743 5199 5201
3 5743 5201 5744
3 5744 5201 5746
3 5747 5748 5749
3 5748 5745 5749
3 5748 5202 5745
3 5202 5183 5745
3 5208 5750 5209
3 5209 5751 5210
3 5750 5751 5209
3 5210 5752 5211
3 5751 5752 5210
3 5211 5753 5212
3 5752 5753 5211
3 5212 5754 5213
3 5753 5754 5212
3 5213 5755 5214
3 5754 5755 5213
3 5214 5756 5215
3 5755 5756 5214
3 5215 5757 5216
3 5756 5757 5215
3 5216 5758 5217
3 5757 5758 5216
3 5217 5759 5218
3 5758 5759 5217
3 5218 5760 5219
3 5759 5760 5218
3 5219 5760 5220
3 5761 5226 5762
3 5761 5746 5226
3 5746 5201 5226
3 5762 5763 5761
3 5764 5765 5766
3 5229 5748 5747
3 5227 5229 5747
3 5227 5747 5766
3 5227 5766 5765
3 5229 5202 5748
3 5233 5767 5234
3 5234 5768 5235
3 5767 5768 5234
3 5235 5769 5236
3 5768 5769 5235
3 5770 5771 5750
3 5769 5770 5750
3 5769 5750 5208
3 5769 5208 5236
3 5751 5750 5771
3 5772 5751 5771
3 5752 5751 5772
3 5773 5752 5772
3 5753 5752 5773
3 5774 5753 5773
3 5754 5753 5774
3 5775 5754 5774
3 5755 5754 5775
3 5776 5755 5775
3 5756 5755 5776
3 5777 5756 5776
3 5757 5756 5777
3 5778 5757 5777
3 5758 5757 5778
3 5779 5758 5778
3 5759 5758 5779
3 5780 5759 5779
3 5760 5759 5780
3 5781 5760 5780
3 5781 5782 5783
3 5760 5781 5783
3 5760 5783 5237
3 5760 5237 5220
3 5237 5784 5238
3 5783 5784 5237
3 5238 5785 5239
3 5784 5785 5238
3 5239 5785 5240
3 5244 5762 5226
3 5762 5786 5763
3 5244 5786 5762
3 5244 5787 5786
3 5244 5246 5787
3 5787 5788 5786
3 5764 5789 5790
3 5765 5764 5790
3 5790 5227 5765
3 5247 5227 5790
3 5252 5791 5253
3 5253 5792 5254
3 5791 5792 5253
3 5793 5794 5767
3 5792 5793 5767
3 5792 5767 5233
3 5792 5233 5254
3 5768 5767 5794
3 5795 5768 5794
3 5769 5768 5795
3 5796 5769 5795
3 5769 5796 5770
3 5783 5782 5797
3 5784 5783 5797
3 5798 5784 5797
3 5785 5784 5798
3 5799 5785 5798
3 5799 5800 5801
3 5785 5799 5801
3 5785 5801 5255
3 5785 5255 5240
3 5255 5802 5256
3 5801 5802 5255
3 5256 5802 5257
3 5262 5787 5246
3 5803 5787 5262
3 5787 5803 5804
3 5788 5787 5804
3 5805 5806 5807
3 5265 5790 5789
3 5263 5265 5789
3 5263 5789 5807
3 5263 5807 5806
3 5265 5247 5790
3 5272 5808 5273
3 5273 5809 5274
3 5808 5809 5273
3 5274 5791 5252
3 5274 5809 5791
3 5809 5810 5791
3 5811 5812 5792
3 5811 5792 5810
3 5810 5792 5791
3 5792 5812 5793
3 5801 5800 5813
3 5813 5814 5815
3 5813 5815 5801
3 5801 5815 5802
3 5257 5816 5275
3 5257 5802 5816
3 5802 5815 5816
3 5275 5817 5276
3 5816 5817 5275
3 5276 5817 5277
3 5284 5803 5262
3 5803 5818 5804
3 5284 5818 5803
3 5284 5819 5818
3 5284 5286 5819
3 5819 5820 5818
3 5805 5821 5822
3 5806 5805 5822
3 5822 5263 5806
3 5287 5263 5822
3 5294 5823 5295
3 5295 5808 5272
3 5295 5823 5808
3 5823 5824 5808
3 5825 5826 5809
3 5825 5809 5824
3 5824 5809 5808
3 5810 5809 5826
3 5827 5810 5826
3 5810 5827 5811
3 5815 5814 5828
3 5816 5815 5828
3 5829 5816 5828
3 5829 5830 5831
3 5829 5831 5816
3 5816 5831 5817
3 5277 5832 5296
3 5277 5817 5832
3 5817 5831 5832
3 5296 5832 5297
3 5304 5819 5286
3 5833 5819 5304
3 5819 5833 5834
3 5820 5819 5834
3 5821 5835 5836
3 5822 5821 5836
3 5836 5287 5822
3 5305 5287 5836
3 5310 5837 5311
3 5311 5838 5312
3 5837 5838 5311
3 5312 5823 5294
3 5312 5838 5823
3 5838 5839 5823
3 5840 5841 5824
3 5840 5824 5839
3 5839 5824 5823
3 5824 5841 5825
3 5831 5830 5842
3 5842 5843 5844
3 5842 5844 5831
3 5831 5844 5832
3 5297 5845 5313
3 5297 5832 5845
3 5832 5844 5845
3 5313 5846 5314
3 5845 5846 5313
3 5314 5846 5315
3 5320 5833 5304
3 5847 5833 5320
3 5833 5847 5848
3 5834 5833 5848
3 5849 5850 5851
3 5835 5851 5850
3 5835 5850 5836
3 5836 5850 5852
3 5852 5305 5836
3 5321 5305 5852
3 5325 5853 5326
3 5326 5837 5310
3 5326 5853 5837
3 5853 5854 5837
3 5854 5855 5837
3 5837 5855 5838
3 5856 5857 5839
3 5856 5839 5855
3 5855 5839 5838
3 5839 5857 5840
3 5844 5843 5858
3 5858 5859 5860
3 5858 5860 5844
3 5844 5860 5845
3 5860 5861 5845
3 5845 5861 5846
3 5315 5862 5327
3 5315 5846 5862
3 5846 5861 5862
3 5327 5862 5328
3 5332 5847 5320
3 5863 5847 5332
3 5864 5848 5847
3 5864 5847 5865
3 5865 5847 5863
3 5865 5866 5864
3 5849 5867 5868
3 5850 5849 5868
3 5868 5869 5850
3 5850 5869 5852
3 5321 5870 5333
3 5321 5852 5870
3 5852 5869 5870
3 5333 5871 5334
3 5870 5871 5333
3 5334 5872 5335
3 5871 5872 5334
3 5335 5853 5325
3 5335 5872 5853
3 5872 5873 5853
3 5873 5874 5853
3 5853 5874 5854
3 5875 5876 5855
3 5875 5855 5874
3 5874 5855 5854
3 5855 5876 5856
3 5860 5859 5877
3 5877 5878 5879
3 5877 5879 5860
3 5860 5879 5861
3 5879 5880 5861
3 5861 5880 5862
3 5328 5881 5336
3 5328 5862 5881
3 5862 5880 5881
3 5336 5882 5337
3 5881 5882 5336
3 5337 5883 5338
3 5882 5883 5337
3 5338 5863 5332
3 5338 5883 5863
3 5883 5884 5863
3 5884 5885 5863
3 5863 5885 5865
3 5865 5885 5886
3 5866 5865 5886
3 5867 5887 5888
3 5868 5867 5888
3 5888 5889 5868
3 5868 5889 5869
3 5889 5890 5869
3 5869 5890 5870
3 5890 5891 5870
3 5870 5891 5871
3 5891 5892 5871
3 5871 5892 5872
3 5892 5893 5872
3 5872 5893 5873
3 5894 5895 5874
3 5894 5874 5893
3 5893 5874 5873
3 5874 5895 5875
3 5879 5878 5896
3 5896 5897 5898
3 5896 5898 5879
3 5879 5898 5880
3 5898 5899 5880
3 5880 5899 5881
3 5899 5900 5881
3 5881 5900 5882
3 5900 5901 5882
3 5882 5901 5883
3 5901 5902 5883
3 5883 5902 5884
3 5902 5903 5884
3 5884 5903 5885
3 5885 5903 5904
3 5886 5885 5904
3 5887 5905 5906
3 5888 5887 5906
3 5906 5907 5888
3 5888 5907 5889
3 5907 5908 5889
3 5889 5908 5890
3 5908 5909 5890
3 5890 5909 5891
3 5909 5910 5891
3 5891 5910 5892
3 5911 5912 5893
3 5911 5893 5910
3 5910 5893 5892
3 5893 5912 5894
3 5898 5897 5913
3 5913 5914 5915
3 5913 5915 5898
3 5898 5915 5899
3 5915 5916 5899
3 5899 5916 5900
3 5916 5917 5900
3 5900 5917 5901
3 5917 5918 5901
3 5901 5918 5902
3 5918 5919 5902
3 5902 5919 5903
3 5903 5919 5920
3 5904 5903 5920
3 5906 5905 5921
3 5921 5922 5923
3 5921 5923 5906
3 5906 5923 5907
3 5923 5924 5907
3 5907 5924 5908
3 5925 5926 5909
3 5925 5909 5924
3 5924 5909 5908
3 5910 5909 5926
3 5927 5910 5926
3 5910 5927 5911
3 5915 5914 5928
3 5916 5915 5928
3 5929 5916 5928
3 5929 5930 5931
3 5929 5931 5916
3 5916 5931 5917
3 5931 5932 5917
3 5917 5932 5918
3 5933 5934 5919
3 5933 5919 5932
3 5932 5919 5918
3 5919 5934 5920
3 5923 5922 5935
3 5924 5923 5935
3 5936 5924 5935
3 5924 5936 5925
3 5931 5930 5937
3 5932 5931 5937
3 5938 5932 5937
3 5932 5938 5933
3 5354 5353 5939
3 5353 5356 5940
3 5939 5353 5940
3 5356 5357 5941
3 5940 5356 5941
3 5357 5358 5942
3 5941 5357 5942
3 5358 5359 5943
3 5942 5358 5943
3 5359 5361 5944
3 5943 5359 5944
3 5361 5364 5945
3 5944 5361 5945
3 5364 5365 5945
3 5367 5366 5946
3 5366 5371 5947
3 5946 5366 5947
3 5371 5372 5948
3 5947 5371 5948
3 5372 5373 5949
3 5948 5372 5949
3 5373 5374 5950
3 5949 5373 5950
3 5374 5375 5951
3 5950 5374 5951
3 5375 5377 5952
3 5951 5375 5952
3 5377 5378 5952
3 5379 5354 5939
3 5380 5379 5939
3 5940 5380 5939
3 5381 5380 5940
3 5941 5381 5940
3 5382 5381 5941
3 5942 5382 5941
3 5383 5382 5942
3 5943 5383 5942
3 5384 5383 5943
3 5944 5384 5943
3 5385 5384 5944
3 5945 5385 5944
3 5385 5945 5365
3 5386 5367 5946
3 5387 5386 5946
3 5947 5387 5946
3 5388 5387 5947
3 5948 5388 5947
3 5389 5388 5948
3 5949 5389 5948
3 5390 5389 5949
3 5950 5390 5949
3 5391 5390 5950
3 5951 5391 5950
3 5392 5391 5951
3 5952 5392 5951
3 5392 5952 5378
3 5393 5395 5953
3 5395 5396 5954
3 5953 5395 5954
3 5396 5397 5955
3 5954 5396 5955
3 5397 5398 5956
3 5955 5397 5956
3 5398 5399 5957
3 5956 5398 5957
3 5399 5401 5958
3 5957 5399 5958
3 5401 5403 5959
3 5958 5401 5959
3 5403 5404 5959
3 5405 5407 5960
3 5407 5409 5961
3 5960 5407 5961
3 5409 5410 5962
3 5961 5409 5962
3 5410 5411 5963
3 5962 5410 5963
3 5411 5412 5964
3 5963 5411 5964
3 5412 5413 5965
3 5964 5412 5965
3 5413 5415 5966
3 5965 5413 5966
3 5415 5416 5966
3 5418 5393 5953
3 5419 5418 5953
3 5954 5419 5953
3 5421 5419 5954
3 5955 5421 5954
3 5423 5421 5955
3 5956 5423 5955
3 5425 5423 5956
3 5957 5425 5956
3 5427 5425 5957
3 5958 5427 5957
3 5431 5427 5958
3 5959 5431 5958
3 5431 5959 5404
3 5433 5405 5960
3 5435 5433 5960
3 5961 5435 5960
3 5438 5435 5961
3 5962 5438 5961
3 5439 5438 5962
3 5963 5439 5962
3 5441 5439 5963
3 5964 5441 5963
3 5443 5441 5964
3 5965 5443 5964
3 5445 5443 5965
3 5966 5445 5965
3 5445 5966 5416
3 5967 5968 5969
3 5968 5970 5971
3 5969 5968 5971
3 5970 5972 5971
3 5973 5974 5975
3 5974 5976 5977
3 5975 5974 5977
3 5976 5978 5977
3 5979 5980 5981
3 5967 5981 5980
3 5967 5980 5968
3 5968 5980 5982
3 5982 5983 5968
3 5968 5983 5970
3 5984 5972 5970
3 5984 5970 5985
3 5985 5970 5983
3 5985 5986 5987
3 5984 5985 5987
3 5986 5988 5987
3 5989 5990 5991
3 5990 5992 5993
3 5991 5990 5993
3 5973 5993 5992
3 5973 5992 5974
3 5974 5992 5994
3 5994 5995 5974
3 5974 5995 5976
3 5996 5978 5976
3 5996 5976 5997
3 5997 5976 5995
3 5997 5998 5996
3 5979 5999 6000
3 5980 5979 6000
3 6000 6001 5980
3 5980 6001 5982
3 6001 6002 5982
3 5982 6002 5983
3 6002 6003 5983
3 5983 6003 5985
3 6003 6004 5985
3 5985 6004 5986
3 6005 5988 5986
3 6005 5986 6006
3 6006 5986 6004
3 6006 6007 6005
3 6008 6009 6010
3 5989 6010 6009
3 5989 6009 5990
3 5990 6009 6011
3 6011 6012 5990
3 5990 6012 5992
3 6012 6013 5992
3 5992 6013 5994
3 6013 6014 5994
3 5994 6014 5995
3 6014 6015 5995
3 5995 6015 5997
3 5997 6015 6016
3 5998 5997 6016
3 5999 6017 6018
3 6000 5999 6018
3 6018 6019 6000
3 6000 6019 6001
3 6019 6020 6001
3 6001 6020 6002
3 6020 6021 6002
3 6002 6021 6003
3 6021 6022 6003
3 6003 6022 6004
3 6022 6023 6004
3 6004 6023 6006
3 6024 6007 6006
3 6024 6006 6025
3 6025 6006 6023
3 6025 6026 6024
3 6027 6028 6029
3 6008 6029 6028
3 6008 6028 6009
3 6009 6028 6030
3 6030 6031 6009
3 6009 6031 6011
3 6031 6032 6011
3 6011 6032 6012
3 6032 6033 6012
3 6012 6033 6013
3 6033 6034 6013
3 6013 6034 6014
3 6034 6035 6014
3 6014 6035 6015
3 6015 6035 6036
3 6016 6015 6036
3 6017 6037 6038
3 6018 6017 6038
3 6038 6039 6018
3 6018 6039 6019
3 5449 6039 5447
3 5449 6020 6039
3 6020 6019 6039
3 5451 6020 5449
3 6021 6020 5451
3 5453 6021 5451
3 6022 6021 5453
3 5454 6022 5453
3 5454 6040 6022
3 6040 6023 6022
3 6040 6041 6023
3 6023 6041 6025
3 6042 6026 6025
3 6042 6025 6043
3 6043 6025 6041
3 6043 6044 6042
3 6045 6046 6047
3 6027 6047 6046
3 6027 6046 6028
3 6028 6046 6048
3 6048 6049 6028
3 6028 6049 6030
3 5457 6049 5455
3 5457 6031 6049
3 6031 6030 6049
3 5459 6031 5457
3 6032 6031 5459
3 5461 6032 5459
3 6033 6032 5461
3 5462 6033 5461
3 5462 6050 6033
3 6050 6034 6033
3 6050 6051 6034
3 6034 6051 6035
3 6035 6051 6052
3 6036 6035 6052
3 6038 6037 6053
3 6053 6054 6055
3 6053 6055 6038
3 6038 6055 6039
3 6055 5447 6039
3 5463 5447 6055
3 5467 6040 5454
3 5469 6040 5467
3 5469 6056 6040
3 6056 6041 6040
3 6056 6057 6041
3 6041 6057 6043
3 6058 6044 6043
3 6058 6043 6059
3 6059 6043 6057
3 6059 6060 6058
3 6061 6062 6063
3 6045 6063 6062
3 6045 6062 6046
3 6046 6062 6064
3 6064 6065 6046
3 6046 6065 6048
3 5472 6065 5470
3 5472 6049 6065
3 6049 6048 6065
3 5472 5455 6049
3 5476 6050 5462
3 6066 6050 5476
3 6067 6068 6051
3 6067 6051 6066
3 6066 6051 6050
3 6051 6068 6052
3 6054 6069 6070
3 6055 6054 6070
3 6070 5463 6055
3 5477 5463 6070
3 5482 6056 5469
3 5485 6056 5482
3 6057 6056 5485
3 5486 6057 5485
3 5486 6071 6057
3 6071 6059 6057
3 6072 6060 6059
3 6072 6059 6073
3 6073 6059 6071
3 6073 6074 6072
3 6075 6076 6077
3 6061 6077 6076
3 6061 6076 6062
3 6062 6076 6078
3 5489 6078 5487
3 5489 6064 6078
3 6064 6062 6078
3 5491 6064 5489
3 6065 6064 5491
3 5491 5470 6065
3 5496 6066 5476
3 6079 6066 5496
3 6066 6079 6080
3 6067 6066 6080
3 6069 6081 6082
3 6070 6069 6082
3 6082 5477 6070
3 5497 5477 6082
3 5504 6071 5486
3 5506 6071 5504
3 5506 6083 6071
3 6083 6073 6071
3 6084 6074 6073
3 6084 6073 6085
3 6085 6073 6083
3 6085 6086 6087
3 6084 6085 6087
3 6086 6088 6087
3 6089 6090 6091
3 6090 6092 6093
3 6091 6090 6093
3 6075 6093 6092
3 6075 6092 6076
3 6076 6092 6094
3 5509 6094 5507
3 5509 6078 6094
3 6078 6076 6094
3 5509 5487 6078
3 5516 6079 5496
3 6095 6079 5516
3 6079 6095 6096
3 6080 6079 6096
3 6082 6081 6097
3 6097 6098 6099
3 6082 6097 6099
3 6082 6099 5517
3 6082 5517 5497
3 5517 6099 5518
3 5521 6083 5506
3 5524 6083 5521
3 6085 6083 5524
3 5525 6085 5524
3 5525 6100 6085
3 6100 6086 6085
3 6101 6088 6086
3 6101 6086 6102
3 6102 6086 6100
3 6102 6103 6101
3 6104 6105 6106
3 6089 6106 6105
3 6089 6105 6090
3 6090 6105 6107
3 5528 6107 5526
3 5528 6092 6107
3 6092 6090 6107
3 5530 6092 5528
3 6094 6092 5530
3 5530 5507 6094
3 5533 6108 5534
3 6109 6110 6095
3 6108 6109 6095
3 6108 6095 5516
3 6108 5516 5534
3 6095 6110 6096
3 6098 6111 6112
3 6099 6098 6112
3 6112 5518 6099
3 5535 5518 6112
3 5538 6100 5525
3 5541 6100 5538
3 6102 6100 5541
3 6102 6113 6103
3 5541 6113 6102
3 5541 6114 6113
3 5541 5542 6114
3 6114 6115 6116
3 6113 6114 6116
3 6115 6117 6118
3 6116 6115 6118
3 6117 6119 6118
3 6120 6121 6122
3 6121 6123 6124
3 6122 6121 6124
3 6123 6125 6126
3 6124 6123 6126
3 5545 6105 6104
3 5543 5545 6104
3 5543 6104 6126
3 5543 6126 6125
3 5547 6105 5545
3 6107 6105 5547
3 5547 5526 6107
3 5550 6108 5533
3 6127 6108 5550
3 6108 6127 6128
3 6109 6108 6128
3 6112 6111 6129
3 6129 6130 6131
3 6112 6129 6131
3 6112 6131 5551
3 6112 5551 5535
3 5551 6131 5552
3 5555 6114 5542
3 5558 6114 5555
3 6115 6114 5558
3 5560 6115 5558
3 6117 6115 5560
3 6117 6132 6119
3 5560 6132 6117
3 5560 6133 6132
3 5560 5561 6133
3 6133 6134 6135
3 6132 6133 6135
3 6134 6136 6137
3 6135 6134 6137
3 6136 6138 6139
3 6137 6136 6139
3 6138 6140 6141
3 6139 6138 6141
3 6140 6142 6143
3 6141 6140 6143
3 6142 6144 6145
3 6143 6142 6145
3 6144 6146 6147
3 6145 6144 6147
3 6146 6148 6149
3 6147 6146 6149
3 6148 6150 6151
3 6149 6148 6151
3 6150 6152 6153
3 6151 6150 6153
3 5564 6121 6120
3 5562 5564 6120
3 5562 6120 6153
3 5562 6153 6152
3 5566 6121 5564
3 6123 6121 5566
3 5568 6123 5566
3 6125 6123 5568
3 5568 5543 6125
3 5571 6154 5572
3 6155 6156 6127
3 6154 6155 6127
3 6154 6127 5550
3 6154 5550 5572
3 6127 6156 6128
3 6131 6130 6157
3 6157 5552 6131
3 6157 6158 5552
3 6158 5573 5552
3 5576 6133 5561
3 5579 6133 5576
3 6134 6133 5579
3 5581 6134 5579
3 6136 6134 5581
3 5583 6136 5581
3 6138 6136 5583
3 5585 6138 5583
3 6140 6138 5585
3 5587 6140 5585
3 6142 6140 5587
3 5589 6142 5587
3 6144 6142 5589
3 5591 6144 5589
3 6146 6144 5591
3 5593 6146 5591
3 6148 6146 5593
3 5595 6148 5593
3 6150 6148 5595
3 5597 6150 5595
3 6152 6150 5597
3 5597 5562 6152
3 6154 6159 6160
3 6154 5571 6159
3 5571 5600 6159
3 6154 6160 6155
3 6161 5601 5573
3 6161 5573 6162
3 6162 5573 6158
3 5601 6161 5602
3 5605 6163 5606
3 5606 6163 6164
3 5606 6164 5600
3 5600 6164 6159
3 6161 6162 6165
3 6165 6166 6167
3 6161 6165 6167
3 6161 6167 5607
3 6161 5607 5602
3 5607 6167 5608
3 5611 6168 5612
3 6169 6170 6163
3 6168 6169 6163
3 6168 6163 5605
3 6168 5605 5612
3 6163 6170 6164
3 6167 6166 6171
3 6171 6172 6173
3 6167 6171 6173
3 6167 6173 5613
3 6167 5613 5608
3 5613 6173 5614
3 5617 6174 5618
3 6175 6176 6168
3 6174 6175 6168
3 6174 6168 5611
3 6174 5611 5618
3 6168 6176 6169
3 6173 6172 6177
3 6177 6178 6179
3 6173 6177 6179
3 6173 6179 5619
3 6173 5619 5614
3 5619 6179 5620
3 5623 6180 5624
3 6181 6182 6174
3 6180 6181 6174
3 6180 6174 5617
3 6180 5617 5624
3 6174 6182 6175
3 6179 6178 6183
3 6183 6184 6185
3 6179 6183 6185
3 6179 6185 5625
3 6179 5625 5620
3 5625 6185 5626
3 5629 6186 5630
3 6187 6188 6180
3 6186 6187 6180
3 6186 6180 5623
3 6186 5623 5630
3 6180 6188 6181
3 6185 6184 6189
3 5626 6185 6189
3 5626 6189 5631
3 5631 6189 6190
3 5632 6190 6191
3 5631 6190 5632
3 6192 5636 5635
3 6193 5636 6192
3 6186 5629 5636
3 6186 5636 6194
3 6194 5636 6193
3 6186 6194 6187
3 6195 5637 5632
3 6191 6195 5632
3 6196 6195 6197
3 6196 5638 6195
3 5638 5637 6195
3 5638 6196 5640
3 5642 6198 5643
3 6199 5643 6198
3 6199 6200 5643
3 6200 5644 5643
3 5644 6200 6192
3 5635 5644 6192
3 6196 6197 6201
3 5640 6196 6201
3 5640 6201 5645
3 5645 6201 6202
3 6203 6202 6204
3 6203 5646 6202
3 5646 5645 6202
3 5646 6203 5648
3 5650 6205 5651
3 6206 5651 6205
3 6206 6207 5651
3 6207 5652 5651
3 6198 5642 5652
3 6198 5652 6208
3 6208 5652 6207
3 6198 6208 6199
3 6203 6204 6209
3 5648 6203 6209
3 5648 6209 5653
3 5653 6209 6210
3 5653 6210 5654
3 5654 6210 6211
3 6212 6211 6213
3 6212 5655 6211
3 5655 5654 6211
3 5655 6212 5657
3 5663 6214 5664
3 6215 5664 6214
3 6215 6216 5664
3 6216 5665 5664
3 5665 6216 5666
3 5666 6216 6217
3 6205 5650 5666
3 6205 5666 6218
3 6218 5666 6217
3 6205 6218 6206
3 6212 6213 6219
3 5657 6212 6219
3 5657 6219 5667
3 5667 6219 6220
3 5667 6220 5668
3 5668 6220 6221
3 5668 6221 5669
3 5669 6221 6222
3 5669 6222 5670
3 5670 6222 6223
3 5670 6223 5671
3 5671 6223 6224
3 5671 6224 5672
3 5672 6224 6225
3 5672 6225 5673
3 5673 6225 6226
3 5673 6226 5674
3 5674 6226 6227
3 5674 6227 5675
3 5675 6227 6228
3 6214 5663 5675
3 6214 5675 6229
3 6229 5675 6228
3 6214 6229 6215
3 6230 5676 5678
3 6231 6230 5678
3 5678 5679 6231
3 5679 6232 6231
3 5679 5680 6232
3 5680 6233 6232
3 5680 5681 6233
3 5681 6234 6233
3 5681 5682 6234
3 5682 6235 6234
3 5682 5683 6235
3 5683 6236 6235
3 5683 5684 6236
3 5684 6237 6236
3 5684 5685 6237
3 5685 6238 6237
3 5685 5686 6238
3 5686 6239 6238
3 5686 5687 6239
3 5687 6240 6239
3 5687 5689 6240
3 5689 6241 6240
3 5690 6242 6241
3 5689 5690 6241
3 6243 5691 5693
3 6244 6243 5693
3 5693 5694 6244
3 5694 6245 6244
3 5694 5695 6245
3 5695 6246 6245
3 5695 6230 6246
3 5676 6230 5695
3 6247 5690 5696
3 6242 5690 6247
3 5696 5697 6247
3 5697 6248 6247
3 5697 5699 6248
3 5699 6249 6248
3 5700 6250 6249
3 5699 5700 6249
3 6251 5701 5703
3 6252 6251 5703
3 5703 5704 6252
3 5704 6253 6252
3 5704 6243 6253
3 5691 6243 5704
3 6254 5700 5705
3 6250 5700 6254
3 5705 5707 6254
3 5707 6255 6254
3 5708 6256 6255
3 5707 5708 6255
3 6257 5709 5710
3 6258 6257 5710
3 5710 6251 6258
3 5701 6251 5710
3 6259 5708 5711
3 6256 5708 6259
3 5712 6260 6259
3 5711 5712 6259
3 6261 5713 5715
3 6262 6261 5715
3 5715 5716 6262
3 5716 6263 6262
3 5716 6257 6263
3 5709 6257 5716
3 6264 5712 5717
3 6260 5712 6264
3 5717 5719 6264
3 5719 6265 6264
3 5720 6266 6265
3 5719 5720 6265
3 6267 5721 5723
3 6268 6267 5723
3 5723 6261 6268
3 5713 6261 5723
3 6269 5720 5724
3 6266 5720 6269
3 5726 6270 6269
3 5724 5726 6269
3 6271 5727 5729
3 6272 6271 5729
3 5729 6267 6272
3 5721 6267 5729
3 6273 5726 5730
3 6270 5726 6273
3 5732 6274 6273
3 5730 5732 6273
3 6275 5733 5735
3 6276 6275 5735
3 5735 6271 6276
3 5727 6271 5735
3 6277 5732 5736
3 6274 5732 6277
3 5738 6278 6277
3 5736 5738 6277
3 6279 5739 5741
3 6280 6279 5741
3 5741 6275 6280
3 5733 6275 5741
3 6281 5738 5742
3 6278 5738 6281
3 5744 6282 6281
3 5742 5744 6281
3 5745 5739 6283
3 6283 5739 6279
3 5746 6284 5744
3 6284 6282 5744
3 6285 5747 5749
3 6286 6285 5749
3 5749 6283 6286
3 5745 6283 5749
3 6287 5746 5761
3 6284 5746 6287
3 5763 6288 6287
3 5761 5763 6287
3 6289 5764 5766
3 6290 6289 5766
3 5766 6285 6290
3 5747 6285 5766
3 5770 6291 5771
3 6292 5771 6291
3 6292 6293 5771
3 6293 5772 5771
3 5772 6293 5773
3 5773 6293 6294
3 5773 6294 5774
3 5774 6294 6295
3 5774 6295 5775
3 5775 6295 6296
3 5775 6296 5776
3 5776 6296 6297
3 5776 6297 5777
3 5777 6297 6298
3 5777 6298 5778
3 5778 6298 6299
3 5778 6299 5779
3 5779 6299 6300
3 5779 6300 5780
3 5780 6300 6301
3 6302 6301 6303
3 6302 5781 6301
3 5781 5780 6301
3 5781 6302 5782
3 6304 5763 5786
3 6288 5763 6304
3 5788 6305 6304
3 5786 5788 6304
3 5789 5764 6306
3 6306 5764 6289
3 5793 6307 5794
3 6308 5794 6307
3 6308 6309 5794
3 6309 5795 5794
3 5795 6309 5796
3 5796 6309 6310
3 6291 5770 5796
3 6291 5796 6311
3 6311 5796 6310
3 6291 6311 6292
3 6302 6303 6312
3 5782 6302 6312
3 5782 6312 5797
3 5797 6312 6313
3 5797 6313 5798
3 5798 6313 6314
3 6315 6314 6316
3 6315 5799 6314
3 5799 5798 6314
3 5799 6315 5800
3 5804 6317 5788
3 6317 6305 5788
3 6318 5805 5807
3 6319 6318 5807
3 5807 6306 6319
3 5789 6306 5807
3 6320 5812 5811
3 6321 5812 6320
3 6307 5793 5812
3 6307 5812 6322
3 6322 5812 6321
3 6307 6322 6308
3 6315 6316 6323
3 5800 6315 6323
3 5800 6323 5813
3 5813 6323 6324
3 5814 6324 6325
3 5813 6324 5814
3 6326 5804 5818
3 6317 5804 6326
3 5820 6327 6326
3 5818 5820 6326
3 5821 5805 6328
3 6328 5805 6318
3 5825 6329 5826
3 6330 5826 6329
3 6330 6331 5826
3 6331 5827 5826
3 5827 6331 6320
3 5811 5827 6320
3 6332 5828 5814
3 6325 6332 5814
3 6333 6332 6334
3 6333 5829 6332
3 5829 5828 6332
3 5829 6333 5830
3 5834 6335 5820
3 6335 6327 5820
3 6336 6337 6338
3 6337 6328 6338
3 6337 5835 6328
3 5835 5821 6328
3 5840 6339 5841
3 6340 6341 6329
3 6339 6340 6329
3 6339 6329 5825
3 6339 5825 5841
3 6329 6341 6330
3 6333 6334 6342
3 6342 6343 6344
3 6333 6342 6344
3 6333 6344 5842
3 6333 5842 5830
3 5842 6344 5843
3 6345 5848 6346
3 6345 6335 5848
3 6335 5834 5848
3 6346 6347 6345
3 5851 6337 6336
3 5851 6336 5849
3 5849 6336 6348
3 5851 5835 6337
3 5856 6349 5857
3 6350 6351 6339
3 6349 6350 6339
3 6349 6339 5840
3 6349 5840 5857
3 6339 6351 6340
3 6344 6343 6352
3 6352 6353 6354
3 6344 6352 6354
3 6344 6354 5858
3 6344 5858 5843
3 5858 6354 5859
3 5864 6346 5848
3 6346 5864 5866
3 6346 5866 6347
3 6347 5866 6355
3 5867 5849 6356
3 6356 5849 6348
3 5875 6357 5876
3 6358 6359 6349
3 6357 6358 6349
3 6357 6349 5856
3 6357 5856 5876
3 6349 6359 6350
3 6354 6353 6360
3 6360 6361 6362
3 6354 6360 6362
3 6354 6362 5877
3 6354 5877 5859
3 5877 6362 5878
3 5886 6363 5866
3 6363 6355 5866
3 5887 5867 6364
3 6364 5867 6356
3 5894 6365 5895
3 5895 6357 5875
3 5895 6365 6357
3 6365 6366 6357
3 6357 6366 6367
3 6358 6357 6367
3 6361 6368 6369
3 6362 6361 6369
3 5878 6370 5896
3 5878 6362 6370
3 6362 6369 6370
3 5896 6370 5897
3 5904 6371 5886
3 6371 6363 5886
3 6372 6373 6374
3 6373 6364 6374
3 6373 5905 6364
3 5905 5887 6364
3 5911 6375 5912
3 5912 6365 5894
3 5912 6375 6365
3 6375 6376 6365
3 6377 6378 6366
3 6377 6366 6376
3 6376 6366 6365
3 6366 6378 6367
3 6369 6368 6379
3 6379 6380 6381
3 6379 6381 6369
3 6369 6381 6370
3 5897 6382 5913
3 5897 6370 6382
3 6370 6381 6382
3 5913 6382 5914
3 6383 5920 6384
3 6383 6371 5920
3 6371 5904 5920
3 6384 6385 6383
3 6372 6386 6387
3 6373 6372 6387
3 5905 6388 5921
3 5905 6373 6388
3 6373 6387 6388
3 5921 6388 5922
3 5925 6389 5926
3 5926 6390 5927
3 6389 6390 5926
3 5927 6375 5911
3 5927 6390 6375
3 6390 6391 6375
3 6391 6392 6375
3 6375 6392 6376
3 6376 6392 6393
3 6377 6376 6393
3 6380 6394 6395
3 6381 6380 6395
3 6395 6396 6381
3 6381 6396 6382
3 5914 6397 5928
3 5914 6382 6397
3 6382 6396 6397
3 5928 6398 5929
3 6397 6398 5928
3 5929 6398 5930
3 5933 6399 5934
3 5934 6384 5920
3 5934 6399 6384
3 6399 6400 6384
3 6384 6400 6401
3 6385 6384 6401
3 6386 6402 6403
3 6387 6386 6403
3 6403 6404 6387
3 6387 6404 6388
3 5922 6405 5935
3 5922 6388 6405
3 6388 6404 6405
3 5935 6406 5936
3 6405 6406 5935
3 5936 6389 5925
3 5936 6406 6389
3 6406 6407 6389
3 6407 6408 6389
3 6389 6408 6390
3 6408 6409 6390
3 6390 6409 6391
3 6410 6411 6392
3 6410 6392 6409
3 6409 6392 6391
3 6392 6411 6393
3 6395 6394 6412
3 6412 6413 6414
3 6412 6414 6395
3 6395 6414 6396
3 6414 6415 6396
3 6396 6415 6397
3 6415 6416 6397
3 6397 6416 6398
3 5930 6417 5937
3 5930 6398 6417
3 6398 6416 6417
3 5937 6418 5938
3 6417 6418 5937
3 5938 6399 5933
3 5938 6418 6399
3 6418 6419 6399
3 6419 6420 6399
3 6399 6420 6400
3 6400 6420 6421
3 6401 6400 6421
3 6402 6422 6423
3 6403 6402 6423
3 6423 6424 6403
3 6403 6424 6404
3 6424 6425 6404
3 6404 6425 6405
3 6425 6426 6405
3 6405 6426 6406
3 6426 6427 6406
3 6406 6427 6407
3 6427 6428 6407
3 6407 6428 6408
3 6428 6429 6408
3 6408 6429 6409
3 6409 6429 6430
3 6410 6409 6430
3 6413 6431 6432
3 6414 6413 6432
3 6432 6433 6414
3 6414 6433 6415
3 6433 6434 6415
3 6415 6434 6416
3 6434 6435 6416
3 6416 6435 6417
3 6435 6436 6417
3 6417 6436 6418
3 6436 6437 6418
3 6418 6437 6419
3 6437 6438 6419
3 6419 6438 6420
3 6420 6438 6439
3 6421 6420 6439
3 6422 6440 6441
3 6423 6422 6441
3 6441 6442 6423
3 6423 6442 6424
3 6442 6443 6424
3 6424 6443 6425
3 6443 6444 6425
3 6425 6444 6426
3 6444 6445 6426
3 6426 6445 6427
3 6445 6446 6427
3 6427 6446 6428
3 6446 6447 6428
3 6428 6447 6429
3 6429 6447 6448
3 6430 6429 6448
3 6431 6449 6450
3 6432 6431 6450
3 6450 6451 6432
3 6432 6451 6433
3 6451 6452 6433
3 6433 6452 6434
3 6452 6453 6434
3 6434 6453 6435
3 6453 6454 6435
3 6435 6454 6436
3 6454 6455 6436
3 6436 6455 6437
3 6455 6456 6437
3 6437 6456 6438
3 6438 6456 6457
3 6439 6438 6457
3 6441 6440 6458
3 6442 6441 6458
3 6459 6442 6458
3 6443 6442 6459
3 6460 6443 6459
3 6444 6443 6460
3 6461 6444 6460
3 6445 6444 6461
3 6462 6445 6461
3 6446 6445 6462
3 6463 6446 6462
3 6447 6446 6463
3 6464 6447 6463
3 6447 6464 6448
3 6450 6449 6465
3 6451 6450 6465
3 6466 6451 6465
3 6452 6451 6466
3 6467 6452 6466
3 6453 6452 6467
3 6468 6453 6467
3 6454 6453 6468
3 6469 6454 6468
3 6455 6454 6469
3 6470 6455 6469
3 6456 6455 6470
3 6471 6456 6470
3 6456 6471 6457
3 6472 6473 6474
3 6473 6475 6476
3 6474 6473 6476
3 6475 6477 6478
3 6476 6475 6478
3 6477 6479 6480
3 6478 6477 6480
3 6479 6481 6482
3 6480 6479 6482
3 6481 6483 6484
3 6482 6481 6484
3 6483 6485 6486
3 6484 6483 6486
3 6485 6487 6486
3 6488 6489 6490
3 6489 6491 6492
3 6490 6489 6492
3 6491 6493 6494
3 6492 6491 6494
3 6493 6495 6496
3 6494 6493 6496
3 6495 6497 6498
3 6496 6495 6498
3 6497 6499 6500
3 6498 6497 6500
3 6499 6501 6502
3 6500 6499 6502
3 6501 6503 6502
3 6472 6504 6505
3 6473 6472 6505
3 6505 6506 6473
3 6473 6506 6475
3 6506 6507 6475
3 6475 6507 6477
3 6507 6508 6477
3 6477 6508 6479
3 6508 6509 6479
3 6479 6509 6481
3 6509 6510 6481
3 6481 6510 6483
3 6510 6511 6483
3 6483 6511 6485
3 6485 6511 6512
3 6487 6485 6512
3 6488 6513 6514
3 6489 6488 6514
3 6514 6515 6489
3 6489 6515 6491
3 6515 6516 6491
3 6491 6516 6493
3 6516 6517 6493
3 6493 6517 6495
3 6517 6518 6495
3 6495 6518 6497
3 6518 6519 6497
3 6497 6519 6499
3 6519 6520 6499
3 6499 6520 6501
3 6501 6520 6521
3 6503 6501 6521
3 6504 6522 6523
3 6505 6504 6523
3 6523 6524 6505
3 6505 6524 6506
3 6524 6525 6506
3 6506 6525 6507
3 6525 6526 6507
3 6507 6526 6508
3 6526 6527 6508
3 6508 6527 6509
3 6527 6528 6509
3 6509 6528 6510
3 6528 6529 6510
3 6510 6529 6511
3 6511 6529 6530
3 6512 6511 6530
3 6513 6531 6532
3 6514 6513 6532
3 6532 6533 6514
3 6514 6533 6515
3 6533 6534 6515
3 6515 6534 6516
3 6534 6535 6516
3 6516 6535 6517
3 6535 6536 6517
3 6517 6536 6518
3 6536 6537 6518
3 6518 6537 6519
3 6537 6538 6519
3 6519 6538 6520
3 6520 6538 6539
3 6521 6520 6539
3 6522 6540 6541
3 6523 6522 6541
3 6541 6542 6523
3 6523 6542 6524
3 5969 6542 5967
3 5969 6525 6542
3 6525 6524 6542
3 5971 6525 5969
3 6526 6525 5971
3 5972 6526 5971
3 5972 6543 6526
3 6543 6527 6526
3 6543 6544 6527
3 6527 6544 6528
3 6544 6545 6528
3 6528 6545 6529
3 6546 6530 6529
3 6546 6529 6547
3 6547 6529 6545
3 6547 6548 6546
3 6549 6550 6551
3 6531 6551 6550
3 6531 6550 6532
3 6532 6550 6552
3 6552 6553 6532
3 6532 6553 6533
3 6553 6554 6533
3 6533 6554 6534
3 5975 6554 5973
3 5975 6535 6554
3 6535 6534 6554
3 5977 6535 5975
3 6536 6535 5977
3 5978 6536 5977
3 5978 6555 6536
3 6555 6537 6536
3 6555 6556 6537
3 6537 6556 6538
3 6538 6556 6557
3 6539 6538 6557
3 6540 6558 6559
3 6541 6540 6559
3 5981 6559 5979
3 5981 6542 6559
3 6542 6541 6559
3 5981 5967 6542
3 5984 6543 5972
3 5987 6543 5984
3 6544 6543 5987
3 5988 6544 5987
3 5988 6560 6544
3 6560 6545 6544
3 6560 6561 6545
3 6545 6561 6547
3 6547 6561 6562
3 6548 6547 6562
3 6549 6563 6564
3 6550 6549 6564
3 6564 6565 6550
3 6550 6565 6552
3 5991 6565 5989
3 5991 6553 6565
3 6553 6552 6565
3 5993 6553 5991
3 6554 6553 5993
3 5993 5973 6554
3 5996 6555 5978
3 5998 6555 5996
3 5998 6566 6555
3 6566 6556 6555
3 6556 6566 6567
3 6557 6556 6567
3 6559 6558 6568
3 6568 5979 6559
3 6568 6569 5979
3 6569 5999 5979
3 6005 6560 5988
3 6007 6560 6005
3 6007 6570 6560
3 6570 6561 6560
3 6571 6562 6561
3 6571 6561 6572
3 6572 6561 6570
3 6572 6573 6571
3 6574 6575 6576
3 6563 6576 6575
3 6563 6575 6564
3 6564 6575 6577
3 6010 6577 6008
3 6010 6565 6577
3 6565 6564 6577
3 6010 5989 6565
3 6566 6578 6579
3 6566 5998 6578
3 5998 6016 6578
3 6566 6579 6567
3 6017 5999 6580
3 6580 5999 6569
3 6024 6570 6007
3 6026 6570 6024
3 6026 6581 6570
3 6581 6572 6570
3 6572 6581 6582
3 6573 6572 6582
3 6574 6583 6584
3 6575 6574 6584
3 6029 6584 6027
3 6029 6577 6584
3 6577 6575 6584
3 6029 6008 6577
3 6036 6585 6016
3 6585 6578 6016
3 6037 6017 6586
3 6586 6017 6580
3 6042 6581 6026
3 6581 6587 6582
3 6042 6587 6581
3 6042 6588 6587
3 6042 6044 6588
3 6588 6589 6587
3 6590 6591 6592
3 6047 6584 6583
3 6045 6047 6583
3 6045 6583 6592
3 6045 6592 6591
3 6047 6027 6584
3 6052 6593 6036
3 6593 6585 6036
3 6594 6053 6037
3 6594 6037 6595
3 6595 6037 6586
3 6053 6594 6054
3 6058 6588 6044
3 6588 6596 6589
3 6058 6596 6588
3 6058 6597 6596
3 6058 6060 6597
3 6597 6598 6596
3 6599 6600 6601
3 6063 6591 6590
3 6061 6063 6590
3 6061 6590 6601
3 6061 6601 6600
3 6063 6045 6591
3 6067 6602 6068
3 6068 6602 6603
3 6068 6603 6052
3 6052 6603 6593
3 6594 6595 6604
3 6604 6054 6594
3 6604 6605 6054
3 6605 6069 6054
3 6072 6597 6060
3 6597 6606 6598
3 6072 6606 6597
3 6072 6607 6606
3 6072 6074 6607
3 6607 6608 6606
3 6609 6610 6611
3 6077 6600 6599
3 6075 6077 6599
3 6075 6599 6611
3 6075 6611 6610
3 6077 6061 6600
3 6602 6612 6613
3 6602 6067 6612
3 6067 6080 6612
3 6602 6613 6603
3 6081 6069 6614
3 6614 6069 6605
3 6084 6607 6074
3 6607 6615 6608
3 6607 6084 6615
3 6084 6087 6615
3 6088 6616 6615
3 6087 6088 6615
3 6617 6089 6091
3 6618 6617 6091
3 6609 6093 6610
3 6609 6618 6093
3 6618 6091 6093
3 6093 6075 6610
3 6096 6619 6080
3 6619 6612 6080
3 6620 6097 6081
3 6614 6620 6081
3 6098 6620 6621
3 6097 6620 6098
3 6622 6088 6101
3 6616 6088 6622
3 6103 6623 6624
3 6103 6624 6101
3 6101 6624 6622
3 6623 6625 6624
3 6626 6627 6628
3 6627 6104 6106
3 6627 6106 6628
3 6628 6106 6629
3 6106 6617 6629
3 6089 6617 6106
3 6630 6110 6109
3 6631 6110 6630
3 6110 6631 6619
3 6096 6110 6619
3 6111 6098 6632
3 6632 6098 6621
3 6113 6623 6103
3 6623 6633 6625
3 6623 6113 6633
3 6113 6116 6633
3 6116 6118 6633
3 6118 6634 6633
3 6119 6635 6636
3 6119 6636 6118
3 6118 6636 6634
3 6635 6637 6636
3 6638 6639 6640
3 6639 6120 6122
3 6639 6122 6640
3 6640 6122 6641
3 6122 6124 6641
3 6124 6642 6641
3 6626 6126 6627
3 6626 6642 6126
3 6642 6124 6126
3 6126 6104 6627
3 6128 6643 6109
3 6643 6630 6109
3 6644 6129 6111
3 6632 6644 6111
3 6130 6644 6645
3 6129 6644 6130
3 6132 6635 6119
3 6635 6646 6637
3 6635 6132 6646
3 6132 6135 6646
3 6135 6137 6646
3 6137 6647 6646
3 6137 6139 6647
3 6139 6648 6647
3 6139 6141 6648
3 6141 6649 6648
3 6141 6143 6649
3 6143 6650 6649
3 6143 6145 6650
3 6145 6651 6650
3 6145 6147 6651
3 6147 6652 6651
3 6147 6149 6652
3 6149 6653 6652
3 6149 6151 6653
3 6151 6654 6653
3 6638 6153 6639
3 6638 6654 6153
3 6654 6151 6153
3 6153 6120 6639
3 6655 6156 6155
3 6656 6156 6655
3 6156 6656 6643
3 6128 6156 6643
3 6657 6157 6130
3 6645 6657 6130
3 6158 6657 6658
3 6157 6657 6158
3 6659 6160 6159
3 6660 6160 6659
3 6160 6660 6655
3 6155 6160 6655
3 6162 6158 6661
3 6661 6158 6658
3 6164 6662 6159
3 6662 6659 6159
3 6663 6165 6162
3 6661 6663 6162
3 6166 6663 6664
3 6165 6663 6166
3 6665 6170 6169
3 6666 6170 6665
3 6170 6666 6662
3 6164 6170 6662
3 6667 6171 6166
3 6664 6667 6166
3 6172 6667 6668
3 6171 6667 6172
3 6669 6176 6175
3 6670 6176 6669
3 6176 6670 6665
3 6169 6176 6665
3 6671 6177 6172
3 6668 6671 6172
3 6178 6671 6672
3 6177 6671 6178
3 6673 6182 6181
3 6674 6182 6673
3 6182 6674 6669
3 6175 6182 6669
3 6675 6183 6178
3 6672 6675 6178
3 6184 6675 6676
3 6183 6675 6184
3 6677 6188 6187
3 6678 6188 6677
3 6188 6678 6673
3 6181 6188 6673
3 6679 6189 6184
3 6676 6679 6184
3 6189 6679 6190
3 6190 6679 6680
3 6191 6680 6681
3 6190 6680 6191
3 6682 6193 6192
3 6683 6193 6682
3 6193 6683 6194
3 6194 6683 6684
3 6194 6684 6677
3 6187 6194 6677
3 6685 6195 6191
3 6681 6685 6191
3 6197 6685 6686
3 6195 6685 6197
3 6687 6200 6199
3 6688 6200 6687
3 6200 6688 6682
3 6192 6200 6682
3 6689 6201 6197
3 6686 6689 6197
3 6201 6689 6202
3 6202 6689 6690
3 6204 6690 6691
3 6202 6690 6204
3 6692 6207 6206
3 6693 6207 6692
3 6207 6693 6208
3 6208 6693 6694
3 6208 6694 6687
3 6199 6208 6687
3 6695 6209 6204
3 6691 6695 6204
3 6209 6695 6210
3 6210 6695 6696
3 6210 6696 6211
3 6211 6696 6697
3 6213 6697 6698
3 6211 6697 6213
3 6699 6216 6215
3 6700 6216 6699
3 6216 6700 6217
3 6217 6700 6701
3 6217 6701 6218
3 6218 6701 6702
3 6218 6702 6692
3 6206 6218 6692
3 6703 6219 6213
3 6698 6703 6213
3 6219 6703 6220
3 6220 6703 6704
3 6220 6704 6221
3 6221 6704 6705
3 6221 6705 6222
3 6222 6705 6706
3 6222 6706 6223
3 6223 6706 6707
3 6223 6707 6224
3 6224 6707 6708
3 6224 6708 6225
3 6225 6708 6709
3 6225 6709 6226
3 6226 6709 6710
3 6226 6710 6227
3 6227 6710 6711
3 6227 6711 6228
3 6228 6711 6712
3 6228 6712 6229
3 6229 6712 6713
3 6229 6713 6699
3 6215 6229 6699
3 6714 6230 6231
3 6715 6714 6231
3 6231 6232 6715
3 6232 6716 6715
3 6232 6233 6716
3 6233 6717 6716
3 6233 6234 6717
3 6234 6718 6717
3 6234 6235 6718
3 6235 6719 6718
3 6235 6236 6719
3 6236 6720 6719
3 6236 6237 6720
3 6237 6721 6720
3 6237 6238 6721
3 6238 6722 6721
3 6238 6239 6722
3 6239 6723 6722
3 6239 6240 6723
3 6240 6724 6723
3 6240 6241 6724
3 6241 6725 6724
3 6242 6726 6725
3 6241 6242 6725
3 6727 6243 6244
3 6728 6727 6244
3 6244 6245 6728
3 6245 6729 6728
3 6245 6246 6729
3 6246 6730 6729
3 6246 6714 6730
3 6230 6714 6246
3 6731 6242 6247
3 6726 6242 6731
3 6247 6248 6731
3 6248 6732 6731
3 6248 6249 6732
3 6249 6733 6732
3 6250 6734 6733
3 6249 6250 6733
3 6735 6251 6252
3 6736 6735 6252
3 6252 6253 6736
3 6253 6737 6736
3 6253 6727 6737
3 6243 6727 6253
3 6738 6250 6254
3 6734 6250 6738
3 6254 6255 6738
3 6255 6739 6738
3 6256 6740 6739
3 6255 6256 6739
3 6741 6257 6258
3 6742 6741 6258
3 6258 6735 6742
3 6251 6735 6258
3 6743 6256 6259
3 6740 6256 6743
3 6260 6744 6743
3 6259 6260 6743
3 6745 6261 6262
3 6746 6745 6262
3 6262 6263 6746
3 6263 6747 6746
3 6263 6741 6747
3 6257 6741 6263
3 6748 6260 6264
3 6744 6260 6748
3 6264 6265 6748
3 6265 6749 6748
3 6266 6750 6749
3 6265 6266 6749
3 6751 6267 6268
3 6752 6751 6268
3 6268 6745 6752
3 6261 6745 6268
3 6753 6266 6269
3 6750 6266 6753
3 6270 6754 6753
3 6269 6270 6753
3 6755 6271 6272
3 6756 6755 6272
3 6272 6751 6756
3 6267 6751 6272
3 6757 6270 6273
3 6754 6270 6757
3 6274 6758 6757
3 6273 6274 6757
3 6759 6275 6276
3 6760 6759 6276
3 6276 6755 6760
3 6271 6755 6276
3 6761 6274 6277
3 6758 6274 6761
3 6278 6762 6761
3 6277 6278 6761
3 6763 6279 6280
3 6764 6763 6280
3 6280 6759 6764
3 6275 6759 6280
3 6765 6278 6281
3 6762 6278 6765
3 6282 6766 6765
3 6281 6282 6765
3 6283 6279 6767
3 6767 6279 6763
3 6284 6768 6282
3 6768 6766 6282
3 6769 6285 6286
3 6770 6769 6286
3 6286 6767 6770
3 6283 6767 6286
3 6771 6284 6287
3 6768 6284 6771
3 6288 6772 6771
3 6287 6288 6771
3 6773 6289 6290
3 6774 6773 6290
3 6290 6769 6774
3 6285 6769 6290
3 6775 6776 6777
3 6777 6293 6292
3 6777 6776 6293
3 6776 6778 6293
3 6293 6778 6294
3 6294 6778 6779
3 6294 6779 6295
3 6295 6779 6780
3 6295 6780 6296
3 6296 6780 6781
3 6296 6781 6297
3 6297 6781 6782
3 6297 6782 6298
3 6298 6782 6783
3 6298 6783 6299
3 6299 6783 6784
3 6299 6784 6300
3 6300 6784 6785
3 6300 6785 6301
3 6301 6785 6786
3 6303 6787 6788
3 6303 6301 6787
3 6301 6786 6787
3 6788 6787 6789
3 6790 6288 6304
3 6772 6288 6790
3 6305 6791 6790
3 6304 6305 6790
3 6306 6289 6792
3 6792 6289 6773
3 6793 6794 6795
3 6795 6309 6308
3 6795 6794 6309
3 6794 6796 6309
3 6309 6796 6310
3 6310 6796 6797
3 6775 6777 6311
3 6775 6311 6797
3 6797 6311 6310
3 6311 6777 6292
3 6312 6303 6788
3 6788 6789 6798
3 6788 6798 6312
3 6312 6798 6313
3 6313 6798 6314
3 6314 6798 6799
3 6316 6800 6801
3 6316 6314 6800
3 6314 6799 6800
3 6801 6800 6802
3 6317 6803 6305
3 6803 6791 6305
3 6804 6318 6319
3 6805 6804 6319
3 6319 6792 6805
3 6306 6792 6319
3 6806 6321 6320
3 6807 6321 6806
3 6793 6795 6322
3 6793 6322 6807
3 6807 6322 6321
3 6322 6795 6308
3 6323 6316 6801
3 6801 6802 6808
3 6801 6808 6323
3 6323 6808 6324
3 6325 6808 6809
3 6324 6808 6325
3 6810 6317 6326
3 6803 6317 6810
3 6327 6811 6810
3 6326 6327 6810
3 6328 6318 6812
3 6812 6318 6804
3 6813 6814 6815
3 6815 6331 6330
3 6815 6814 6331
3 6814 6816 6331
3 6331 6816 6806
3 6320 6331 6806
3 6817 6332 6325
3 6809 6817 6325
3 6334 6818 6819
3 6334 6332 6818
3 6332 6817 6818
3 6819 6818 6820
3 6335 6821 6327
3 6821 6811 6327
3 6336 6338 6822
3 6338 6823 6822
3 6338 6328 6823
3 6328 6812 6823
3 6824 6825 6826
3 6341 6813 6815
3 6340 6813 6341
3 6340 6825 6813
3 6340 6826 6825
3 6341 6815 6330
3 6342 6334 6819
3 6819 6820 6827
3 6342 6819 6827
3 6342 6827 6828
3 6342 6828 6343
3 6828 6827 6829
3 6830 6335 6345
3 6830 6831 6335
3 6831 6821 6335
3 6345 6347 6830
3 6822 6832 6833
3 6822 6833 6336
3 6336 6833 6348
3 6822 6823 6832
3 6834 6835 6836
3 6351 6824 6826
3 6350 6824 6351
3 6350 6835 6824
3 6350 6836 6835
3 6351 6826 6340
3 6352 6343 6828
3 6828 6829 6837
3 6352 6828 6837
3 6352 6837 6838
3 6352 6838 6353
3 6838 6837 6839
3 6830 6840 6831
3 6840 6830 6347
3 6840 6347 6841
3 6841 6347 6355
3 6356 6348 6842
3 6842 6348 6833
3 6843 6844 6845
3 6359 6834 6836
3 6358 6834 6359
3 6358 6844 6834
3 6358 6845 6844
3 6359 6836 6350
3 6360 6353 6838
3 6838 6839 6846
3 6360 6838 6846
3 6360 6846 6847
3 6360 6847 6361
3 6847 6846 6848
3 6363 6849 6355
3 6849 6841 6355
3 6364 6356 6850
3 6850 6356 6842
3 6851 6852 6853
3 6843 6853 6852
3 6843 6845 6853
3 6845 6854 6853
3 6854 6845 6358
3 6367 6854 6358
3 6368 6361 6847
3 6855 6368 6847
3 6856 6847 6848
3 6856 6857 6847
3 6857 6855 6847
3 6857 6856 6858
3 6371 6859 6363
3 6859 6849 6363
3 6372 6374 6860
3 6374 6861 6860
3 6374 6364 6861
3 6364 6850 6861
3 6862 6863 6864
3 6851 6864 6863
3 6851 6853 6864
3 6853 6865 6864
3 6378 6377 6865
3 6378 6865 6854
3 6854 6865 6853
3 6378 6854 6367
3 6379 6368 6855
3 6380 6379 6855
3 6380 6855 6866
3 6866 6855 6857
3 6867 6857 6858
3 6867 6868 6857
3 6868 6866 6857
3 6868 6867 6869
3 6870 6371 6383
3 6870 6871 6371
3 6871 6859 6371
3 6383 6385 6870
3 6386 6372 6860
3 6872 6386 6860
3 6873 6860 6861
3 6873 6874 6860
3 6874 6872 6860
3 6874 6873 6875
3 6876 6877 6878
3 6878 6879 6880
3 6877 6879 6878
3 6862 6880 6879
3 6862 6864 6880
3 6864 6881 6880
3 6881 6864 6882
3 6864 6865 6882
3 6882 6865 6377
3 6393 6882 6377
3 6394 6380 6866
3 6883 6394 6866
3 6883 6866 6884
3 6866 6868 6884
3 6885 6868 6869
3 6885 6886 6868
3 6886 6884 6868
3 6886 6887 6888
3 6885 6887 6886
3 6888 6887 6889
3 6890 6891 6892
3 6871 6892 6891
3 6871 6870 6892
3 6870 6893 6892
3 6893 6870 6385
3 6401 6893 6385
3 6402 6386 6872
3 6894 6402 6872
3 6894 6872 6895
3 6872 6874 6895
3 6896 6874 6875
3 6896 6897 6874
3 6897 6895 6874
3 6897 6898 6899
3 6896 6898 6897
3 6876 6899 6898
3 6876 6878 6899
3 6878 6900 6899
3 6900 6878 6901
3 6878 6880 6901
3 6901 6880 6902
3 6880 6881 6902
3 6411 6410 6902
3 6411 6902 6882
3 6882 6902 6881
3 6411 6882 6393
3 6412 6394 6883
3 6413 6412 6883
3 6413 6883 6903
3 6903 6883 6884
3 6903 6884 6904
3 6884 6886 6904
3 6904 6886 6905
3 6886 6888 6905
3 6906 6888 6889
3 6906 6907 6888
3 6907 6905 6888
3 6907 6908 6909
3 6906 6908 6907
3 6890 6909 6908
3 6890 6892 6909
3 6892 6910 6909
3 6910 6892 6911
3 6892 6893 6911
3 6911 6893 6401
3 6421 6911 6401
3 6422 6402 6894
3 6912 6422 6894
3 6912 6894 6913
3 6894 6895 6913
3 6913 6895 6914
3 6895 6897 6914
3 6914 6897 6915
3 6897 6899 6915
3 6915 6899 6916
3 6899 6900 6916
3 6916 6900 6917
3 6900 6901 6917
3 6917 6901 6918
3 6901 6902 6918
3 6918 6902 6410
3 6430 6918 6410
3 6431 6413 6903
3 6919 6431 6903
3 6919 6903 6920
3 6903 6904 6920
3 6920 6904 6921
3 6904 6905 6921
3 6921 6905 6922
3 6905 6907 6922
3 6922 6907 6923
3 6907 6909 6923
3 6923 6909 6924
3 6909 6910 6924
3 6924 6910 6925
3 6910 6911 6925
3 6925 6911 6421
3 6439 6925 6421
3 6440 6422 6912
3 6926 6440 6912
3 6926 6912 6927
3 6912 6913 6927
3 6927 6913 6928
3 6913 6914 6928
3 6928 6914 6929
3 6914 6915 6929
3 6929 6915 6930
3 6915 6916 6930
3 6930 6916 6931
3 6916 6917 6931
3 6931 6917 6932
3 6917 6918 6932
3 6932 6918 6430
3 6448 6932 6430
3 6449 6431 6919
3 6933 6449 6919
3 6933 6919 6934
3 6919 6920 6934
3 6934 6920 6935
3 6920 6921 6935
3 6935 6921 6936
3 6921 6922 6936
3 6936 6922 6937
3 6922 6923 6937
3 6937 6923 6938
3 6923 6924 6938
3 6938 6924 6939
3 6924 6925 6939
3 6939 6925 6439
3 6457 6939 6439
3 6458 6440 6926
3 6459 6458 6926
3 6927 6459 6926
3 6460 6459 6927
3 6928 6460 6927
3 6461 6460 6928
3 6929 6461 6928
3 6462 6461 6929
3 6930 6462 6929
3 6463 6462 6930
3 6931 6463 6930
3 6464 6463 6931
3 6932 6464 6931
3 6464 6932 6448
3 6465 6449 6933
3 6466 6465 6933
3 6934 6466 6933
3 6467 6466 6934
3 6935 6467 6934
3 6468 6467 6935
3 6936 6468 6935
3 6469 6468 6936
3 6937 6469 6936
3 6470 6469 6937
3 6938 6470 6937
3 6471 6470 6938
3 6939 6471 6938
3 6471 6939 6457
3 6472 6474 6940
3 6474 6476 6941
3 6940 6474 6941
3 6476 6478 6942
3 6941 6476 6942
3 6478 6480 6943
3 6942 6478 6943
3 6480 6482 6944
3 6943 6480 6944
3 6482 6484 6945
3 6944 6482 6945
3 6484 6486 6946
3 6945 6484 6946
3 6486 6487 6946
3 6488 6490 6947
3 6490 6492 6948
3 6947 6490 6948
3 6492 6494 6949
3 6948 6492 6949
3 6494 6496 6950
3 6949 6494 6950
3 6496 6498 6951
3 6950 6496 6951
3 6498 6500 6952
3 6951 6498 6952
3 6500 6502 6953
3 6952 6500 6953
3 6502 6503 6953
3 6504 6472 6940
3 6954 6504 6940
3 6954 6940 6955
3 6940 6941 6955
3 6955 6941 6956
3 6941 6942 6956
3 6956 6942 6957
3 6942 6943 6957
3 6957 6943 6958
3 6943 6944 6958
3 6958 6944 6959
3 6944 6945 6959
3 6959 6945 6960
3 6945 6946 6960
3 6960 6946 6487
3 6512 6960 6487
3 6513 6488 6947
3 6961 6513 6947
3 6961 6947 6962
3 6947 6948 6962
3 6962 6948 6963
3 6948 6949 6963
3 6963 6949 6964
3 6949 6950 6964
3 6964 6950 6965
3 6950 6951 6965
3 6965 6951 6966
3 6951 6952 6966
3 6966 6952 6967
3 6952 6953 6967
3 6967 6953 6503
3 6521 6967 6503
3 6522 6504 6954
3 6968 6522 6954
3 6968 6954 6969
3 6954 6955 6969
3 6969 6955 6970
3 6955 6956 6970
3 6970 6956 6971
3 6956 6957 6971
3 6971 6957 6972
3 6957 6958 6972
3 6972 6958 6973
3 6958 6959 6973
3 6973 6959 6974
3 6959 6960 6974
3 6974 6960 6512
3 6530 6974 6512
3 6531 6513 6961
3 6975 6531 6961
3 6975 6961 6976
3 6961 6962 6976
3 6976 6962 6977
3 6962 6963 6977
3 6977 6963 6978
3 6963 6964 6978
3 6978 6964 6979
3 6964 6965 6979
3 6979 6965 6980
3 6965 6966 6980
3 6980 6966 6981
3 6966 6967 6981
3 6981 6967 6521
3 6539 6981 6521
3 6540 6522 6968
3 6982 6540 6968
3 6982 6968 6983
3 6968 6969 6983
3 6984 6970 6985
3 6984 6983 6970
3 6983 6969 6970
3 6971 6985 6970
3 6986 6985 6971
3 6986 6987 6988
3 6986 6971 6987
3 6971 6972 6987
3 6987 6972 6989
3 6972 6973 6989
3 6989 6973 6990
3 6973 6974 6990
3 6530 6546 6991
3 6530 6991 6974
3 6974 6991 6990
3 6546 6548 6991
3 6549 6551 6992
3 6551 6531 6975
3 6551 6975 6992
3 6992 6975 6993
3 6993 6975 6994
3 6975 6976 6994
3 6994 6976 6995
3 6976 6977 6995
3 6996 6978 6997
3 6996 6995 6978
3 6995 6977 6978
3 6979 6997 6978
3 6998 6997 6979
3 6998 6999 7000
3 6998 6979 6999
3 6979 6980 6999
3 6999 6980 7001
3 6980 6981 7001
3 7001 6981 6539
3 6557 7001 6539
3 6558 6540 6982
3 7002 6558 6982
3 7003 6983 7004
3 7003 7002 6983
3 7002 6982 6983
3 6983 6984 7004
3 6987 7005 6988
3 6989 7005 6987
3 7006 7005 6989
3 7006 7007 7008
3 7006 6989 7007
3 6989 6990 7007
3 7007 6990 7009
3 6990 6991 7009
3 7009 6991 6548
3 6562 7009 6548
3 6563 6549 6992
3 7010 6563 6992
3 7010 6992 7011
3 6992 6993 7011
3 7012 6994 7013
3 7012 7011 6994
3 7011 6993 6994
3 6995 7013 6994
3 7014 7013 6995
3 6995 6996 7014
3 6999 7015 7000
3 7015 7016 7017
3 7015 6999 7016
3 6999 7001 7016
3 7016 7001 6557
3 6567 7016 6557
3 6568 6558 7002
3 7002 6569 6568
3 7002 7003 6569
3 7003 7018 6569
3 7007 7019 7008
3 7019 7020 7021
3 7019 7007 7020
3 7007 7009 7020
3 6562 6571 7022
3 6562 7022 7009
3 7009 7022 7020
3 6571 6573 7022
3 6574 6576 7023
3 6576 6563 7010
3 6576 7010 7023
3 7023 7010 7024
3 7025 7011 7026
3 7025 7024 7011
3 7024 7010 7011
3 7011 7012 7026
3 6579 7017 7016
3 6579 6578 7017
3 6578 7027 7017
3 6579 7016 6567
3 6580 6569 7028
3 7028 6569 7018
3 7020 7029 7021
3 7029 7030 7031
3 7029 7020 7030
3 7020 7022 7030
3 7030 7022 6573
3 6582 7030 6573
3 6583 6574 7023
3 7032 6583 7023
3 7033 7024 7034
3 7033 7032 7024
3 7032 7023 7024
3 7024 7025 7034
3 6585 7035 6578
3 7035 7027 6578
3 6586 6580 7036
3 7036 6580 7028
3 7030 7037 7031
3 7037 7038 7039
3 7030 7038 7037
3 7030 6587 7038
3 7030 6582 6587
3 6587 6589 7038
3 6590 6592 7040
3 7041 7032 7042
3 7040 7032 7041
3 7040 6583 7032
3 7040 6592 6583
3 7032 7033 7042
3 6593 7043 6585
3 7043 7035 6585
3 7044 7045 6595
3 7044 6595 7036
3 7036 6595 6586
3 7045 7044 7046
3 7038 7047 7039
3 7047 7048 7049
3 7038 7048 7047
3 7038 6596 7048
3 7038 6589 6596
3 6596 6598 7048
3 6599 6601 7050
3 7051 7040 7052
3 7050 7040 7051
3 7050 6590 7040
3 7050 6601 6590
3 7040 7041 7052
3 7053 7054 7055
3 7055 7054 7043
3 7055 7043 6603
3 6603 7043 6593
3 6604 6595 7045
3 7045 6605 6604
3 7045 7046 6605
3 7046 7056 6605
3 7048 7057 7049
3 7057 7058 7059
3 7048 7058 7057
3 7048 6606 7058
3 7048 6598 6606
3 6606 6608 7058
3 6609 6611 7060
3 7061 7050 7062
3 7060 7050 7061
3 7060 6599 7050
3 7060 6611 6599
3 7050 7051 7062
3 6613 7053 7055
3 6613 6612 7053
3 6612 7063 7053
3 6613 7055 6603
3 6614 6605 7064
3 7064 6605 7056
3 7058 7065 7059
3 6608 7065 7058
3 6608 6615 7065
3 6615 7066 7065
3 6616 7067 7066
3 6615 6616 7066
3 7068 6617 6618
3 7069 7068 6618
3 7060 6618 6609
3 7060 7070 6618
3 7070 7069 6618
3 7060 7061 7070
3 6619 7071 6612
3 7071 7063 6612
3 7072 6620 6614
3 7064 7072 6614
3 6621 7072 7073
3 6620 7072 6621
3 7074 6616 6622
3 7067 6616 7074
3 7075 7076 7074
3 7075 7074 6624
3 6624 7074 6622
3 6624 6625 7075
3 6626 6628 7077
3 7078 7077 6628
3 7078 6628 7079
3 7079 6628 6629
3 6629 7068 7079
3 6617 7068 6629
3 7080 6631 6630
3 7081 6631 7080
3 6631 7081 7071
3 6619 6631 7071
3 6632 6621 7082
3 7082 6621 7073
3 7075 7083 7076
3 6625 7083 7075
3 6625 6633 7083
3 6633 7084 7083
3 6633 6634 7084
3 6634 7085 7084
3 7086 7087 7085
3 7086 7085 6636
3 6636 7085 6634
3 6636 6637 7086
3 6638 6640 7088
3 7089 7088 6640
3 7089 6640 7090
3 7090 6640 6641
3 6641 6642 7090
3 6642 7091 7090
3 7077 6642 6626
3 7077 7092 6642
3 7092 7091 6642
3 7077 7078 7092
3 6643 7093 6630
3 7093 7080 6630
3 7094 6644 6632
3 7082 7094 6632
3 6645 7094 7095
3 6644 7094 6645
3 7086 7096 7087
3 6637 7096 7086
3 6637 6646 7096
3 6646 7097 7096
3 6646 6647 7097
3 6647 7098 7097
3 6647 6648 7098
3 6648 7099 7098
3 6648 6649 7099
3 6649 7100 7099
3 6649 6650 7100
3 6650 7101 7100
3 6650 6651 7101
3 6651 7102 7101
3 6651 6652 7102
3 6652 7103 7102
3 6652 6653 7103
3 6653 7104 7103
3 6653 6654 7104
3 6654 7105 7104
3 7088 6654 6638
3 7088 7106 6654
3 7106 7105 6654
3 7088 7089 7106
3 7107 6656 6655
3 7108 6656 7107
3 6656 7108 7093
3 6643 6656 7093
3 7109 6657 6645
3 7095 7109 6645
3 6658 7109 7110
3 6657 7109 6658
3 7111 6660 6659
3 7112 6660 7111
3 6660 7112 7107
3 6655 6660 7107
3 6661 6658 7113
3 7113 6658 7110
3 6662 7114 6659
3 7114 7111 6659
3 7115 6663 6661
3 7113 7115 6661
3 6664 7115 7116
3 6663 7115 6664
3 7117 6666 6665
3 7118 6666 7117
3 6666 7118 7114
3 6662 6666 7114
3 7119 6667 6664
3 7116 7119 6664
3 6668 7119 7120
3 6667 7119 6668
3 7121 6670 6669
3 7122 6670 7121
3 6670 7122 7117
3 6665 6670 7117
3 7123 6671 6668
3 7120 7123 6668
3 6672 7123 7124
3 6671 7123 6672
3 7125 6674 6673
3 7126 6674 7125
3 6674 7126 7121
3 6669 6674 7121
3 7127 6675 6672
3 7124 7127 6672
3 6676 7127 7128
3 6675 7127 6676
3 7129 6678 6677
3 7130 6678 7129
3 6678 7130 7125
3 6673 6678 7125
3 7131 6679 6676
3 7128 7131 6676
3 6679 7131 6680
3 6680 7131 7132
3 6681 7132 7133
3 6680 7132 6681
3 7134 6683 6682
3 7135 6683 7134
3 6683 7135 6684
3 6684 7135 7136
3 6684 7136 7129
3 6677 6684 7129
3 7137 6685 6681
3 7133 7137 6681
3 6686 7137 7138
3 6685 7137 6686
3 7139 6688 6687
3 7140 6688 7139
3 6688 7140 7134
3 6682 6688 7134
3 7141 6689 6686
3 7138 7141 6686
3 6689 7141 6690
3 6690 7141 7142
3 6691 7142 7143
3 6690 7142 6691
3 7144 6693 6692
3 7145 6693 7144
3 6693 7145 6694
3 6694 7145 7146
3 6694 7146 7139
3 6687 6694 7139
3 7147 6695 6691
3 7143 7147 6691
3 6695 7147 6696
3 6696 7147 7148
3 6696 7148 6697
3 6697 7148 7149
3 6698 7149 7150
3 6697 7149 6698
3 7151 6700 6699
3 7152 6700 7151
3 6700 7152 6701
3 6701 7152 7153
3 6701 7153 6702
3 6702 7153 7154
3 6702 7154 7144
3 6692 6702 7144
3 7155 6703 6698
3 7150 7155 6698
3 6703 7155 6704
3 6704 7155 7156
3 6704 7156 6705
3 6705 7156 7157
3 6705 7157 6706
3 6706 7157 7158
3 6706 7158 6707
3 6707 7158 7159
3 6707 7159 6708
3 6708 7159 7160
3 6708 7160 6709
3 6709 7160 7161
3 6709 7161 6710
3 6710 7161 7162
3 6710 7162 6711
3 6711 7162 7163
3 6711 7163 6712
3 6712 7163 7164
3 6712 7164 6713
3 6713 7164 7165
3 6713 7165 7151
3 6699 6713 7151
3 6714 6715 7166
3 7167 7166 6715
3 7167 6715 7168
3 7168 6715 6716
3 6716 6717 7168
3 6717 7169 7168
3 6717 6718 7169
3 6718 7170 7169
3 6718 6719 7170
3 6719 7171 7170
3 6719 6720 7171
3 6720 7172 7171
3 6720 6721 7172
3 6721 7173 7172
3 6721 6722 7173
3 6722 7174 7173
3 6722 6723 7174
3 6723 7175 7174
3 6723 6724 7175
3 6724 7176 7175
3 7177 7178 7176
3 7177 7176 6725
3 6725 7176 6724
3 6725 6726 7177
3 6727 6728 7179
3 7180 7179 6728
3 7180 6728 7181
3 7181 6728 6729
3 6729 6730 7181
3 6730 7182 7181
3 7166 6730 6714
3 7166 7183 6730
3 7183 7182 6730
3 7166 7167 7183
3 7177 7184 7178
3 6726 7184 7177
3 6726 6731 7184
3 6731 7185 7184
3 6731 6732 7185
3 6732 7186 7185
3 7187 7188 7186
3 7187 7186 6733
3 6733 7186 6732
3 6733 6734 7187
3 6735 6736 7189
3 7190 7189 6736
3 7190 6736 7191
3 7191 6736 6737
3 7179 6737 6727
3 7179 7192 6737
3 7192 7191 6737
3 7179 7180 7192
3 7187 7193 7188
3 6734 7193 7187
3 6734 6738 7193
3 6738 7194 7193
3 7195 7196 7194
3 7195 7194 6739
3 6739 7194 6738
3 6739 6740 7195
3 7197 6741 6742
3 7198 7197 6742
3 7189 6742 6735
3 7189 7199 6742
3 7199 7198 6742
3 7189 7190 7199
3 7195 7200 7196
3 6740 7200 7195
3 6740 6743 7200
3 6743 7201 7200
3 6744 7202 7201
3 6743 6744 7201
3 6745 6746 7203
3 7204 7203 6746
3 7204 6746 7205
3 7205 6746 6747
3 6747 7197 7205
3 6741 7197 6747
3 7206 6744 6748
3 7202 6744 7206
3 7207 7208 7206
3 7207 7206 6749
3 6749 7206 6748
3 6749 6750 7207
3 6751 6752 7209
3 7210 7203 7211
3 7209 7203 7210
3 7209 6745 7203
3 7209 6752 6745
3 7203 7204 7211
3 7207 7212 7208
3 7212 7213 7214
3 7207 7213 7212
3 7207 6753 7213
3 7207 6750 6753
3 6753 6754 7213
3 6755 6756 7215
3 7216 7209 7217
3 7215 7209 7216
3 7215 6751 7209
3 7215 6756 6751
3 7209 7210 7217
3 7213 7218 7214
3 7218 7219 7220
3 7213 7219 7218
3 7213 6757 7219
3 7213 6754 6757
3 6757 6758 7219
3 6759 6760 7221
3 7222 7215 7223
3 7221 7215 7222
3 7221 6755 7215
3 7221 6760 6755
3 7215 7216 7223
3 7219 7224 7220
3 7224 7225 7226
3 7219 7225 7224
3 7219 6761 7225
3 7219 6758 6761
3 6761 6762 7225
3 6763 6764 7227
3 7228 7221 7229
3 7227 7221 7228
3 7227 6759 7221
3 7227 6764 6759
3 7221 7222 7229
3 7225 7230 7226
3 7230 7231 7232
3 7225 7231 7230
3 7225 6765 7231
3 7225 6762 6765
3 6765 6766 7231
3 7227 7233 7234
3 7227 7234 6763
3 6763 7234 6767
3 7227 7228 7233
3 7231 7235 7232
3 7235 7231 6766
3 7235 6766 7236
3 7236 6766 6768
3 6769 6770 7237
3 6770 7238 7237
3 6770 6767 7238
3 6767 7234 7238
3 7239 7240 7241
3 7241 7242 7243
3 7240 7242 7241
3 7243 7244 7245
3 7242 7244 7243
3 7245 7246 7247
3 7244 7246 7245
3 7247 7248 7249
3 7246 7248 7247
3 7249 7250 7251
3 7248 7250 7249
3 7251 7252 7253
3 7250 7252 7251
3 7253 7254 7255
3 7252 7254 7253
3 7255 7256 7257
3 7254 7256 7255
3 7257 7258 7259
3 7256 7258 7257
3 7259 7260 7261
3 7258 7260 7259
3 7261 7260 7262
3 7263 6768 6771
3 7263 7264 6768
3 7264 7236 6768
3 6771 6772 7263
3 6773 6774 7265
3 7266 7237 7267
3 7265 7237 7266
3 7265 6769 7237
3 7265 6774 6769
3 7237 7238 7267
3 7268 7269 7270
3 7270 7271 7272
3 7269 7271 7270
3 7272 7273 7274
3 7271 7273 7272
3 6776 7239 7241
3 6775 7239 6776
3 6775 7273 7239
3 6775 7274 7273
3 6778 6776 7241
3 7243 6778 7241
3 6779 6778 7243
3 7245 6779 7243
3 6780 6779 7245
3 7247 6780 7245
3 6781 6780 7247
3 7249 6781 7247
3 6782 6781 7249
3 7251 6782 7249
3 6783 6782 7251
3 7253 6783 7251
3 6784 6783 7253
3 7255 6784 7253
3 6785 6784 7255
3 7257 6785 7255
3 6786 6785 7257
3 7259 6786 7257
3 6787 6786 7259
3 7261 6787 7259
3 7261 7262 7275
3 6787 7261 7275
3 6787 7275 7276
3 6787 7276 6789
3 7276 7277 7278
3 7275 7277 7276
3 7278 7279 7280
3 7277 7279 7278
3 7280 7279 7281
3 7263 7282 7264
3 7282 7283 7284
3 7263 7283 7282
3 7263 6790 7283
3 7263 6772 6790
3 6790 6791 7283
3 6792 6773 7265
3 7285 6792 7265
3 7265 7286 7285
3 7266 7286 7265
3 7287 7288 7289
3 7289 7290 7291
3 7288 7290 7289
3 6794 7268 7270
3 6793 7268 6794
3 6793 7290 7268
3 6793 7291 7290
3 6796 6794 7270
3 7272 6796 7270
3 6797 6796 7272
3 7274 6797 7272
3 6797 7274 6775
3 6798 6789 7276
3 6799 6798 7276
3 7278 6799 7276
3 6800 6799 7278
3 7280 6800 7278
3 7280 7281 7292
3 6800 7280 7292
3 6800 7292 7293
3 6800 7293 6802
3 7293 7294 7295
3 7292 7294 7293
3 7295 7294 7296
3 7284 7297 7298
3 7283 7297 7284
3 7297 7283 6791
3 6803 7297 6791
3 6804 6805 7299
3 7300 7285 7301
3 7299 7285 7300
3 7299 6792 7285
3 7299 6805 6792
3 7285 7286 7301
3 7302 7303 7304
3 7304 7305 7306
3 7303 7305 7304
3 7287 7306 7305
3 7287 7289 7306
3 7289 7307 7306
3 6807 6806 7307
3 6807 7307 7291
3 7291 7307 7289
3 6807 7291 6793
3 6808 6802 7293
3 6809 6808 7293
3 6809 7293 7308
3 7308 7293 7295
3 7309 7295 7296
3 7309 7310 7295
3 7310 7308 7295
3 7310 7311 7312
3 7309 7311 7310
3 7312 7311 7313
3 7297 7314 7298
3 7314 7315 7316
3 7297 7315 7314
3 7297 6810 7315
3 7297 6803 6810
3 6810 6811 7315
3 6812 6804 7299
3 7317 6812 7299
3 7299 7318 7317
3 7300 7318 7299
3 7319 7320 7321
3 7302 7321 7320
3 7302 7304 7321
3 7304 7322 7321
3 6814 6813 7322
3 6814 7322 7306
3 7306 7322 7304
3 6816 6814 7306
3 7307 6816 7306
3 6816 7307 6806
3 6817 6809 7308
3 6818 6817 7308
3 7310 6818 7308
3 6820 6818 7310
3 6820 7310 7323
3 7323 7310 7312
3 7324 7312 7313
3 7324 7325 7312
3 7325 7323 7312
3 7325 7324 7326
3 7316 7327 7328
3 7315 7327 7316
3 7327 7315 6811
3 6821 7327 6811
3 6823 6812 7317
3 7329 6823 7317
3 7317 7330 7329
3 7318 7330 7317
3 7331 7332 7333
3 7333 7334 7335
3 7332 7334 7333
3 7319 7335 7334
3 7319 7321 7335
3 7321 7336 7335
3 6825 6824 7336
3 6825 7336 7322
3 7322 7336 7321
3 6825 7322 6813
3 6827 6820 7323
3 6829 6827 7323
3 6829 7323 7337
3 7337 7323 7325
3 7338 7325 7326
3 7338 7339 7325
3 7339 7337 7325
3 7339 7340 7341
3 7338 7340 7339
3 7341 7340 7342
3 7328 7343 7344
3 7327 7343 7328
3 7343 7327 6821
3 6831 7343 6821
3 6833 6832 7345
3 6832 6823 7329
3 6832 7329 7345
3 7345 7329 7346
3 7329 7347 7346
3 7330 7347 7329
3 7348 7349 7350
3 7331 7350 7349
3 7331 7333 7350
3 7333 7351 7350
3 7351 7333 7352
3 7333 7335 7352
3 6835 6834 7352
3 6835 7352 7336
3 7336 7352 7335
3 6835 7336 6824
3 6837 6829 7337
3 6839 6837 7337
3 6839 7337 7353
3 7353 7337 7339
3 7353 7339 7354
3 7339 7341 7354
3 7355 7341 7342
3 7355 7356 7341
3 7356 7354 7341
3 7356 7355 7357
3 7344 7358 7359
3 7343 7358 7344
3 6831 6840 7360
3 6831 7360 7343
3 7343 7360 7358
3 6840 6841 7360
3 6842 6833 7345
3 7361 6842 7345
3 7361 7345 7362
3 7345 7346 7362
3 7363 7346 7347
3 7363 7364 7346
3 7364 7362 7346
3 7364 7365 7366
3 7363 7365 7364
3 7366 7367 7368
3 7365 7367 7366
3 7348 7368 7367
3 7348 7350 7368
3 7350 7369 7368
3 7369 7350 7370
3 7350 7351 7370
3 6844 6843 7370
3 6844 7370 7352
3 7352 7370 7351
3 6844 7352 6834
3 6846 6839 7353
3 6848 6846 7353
3 6848 7353 7371
3 7371 7353 7354
3 7371 7354 7372
3 7354 7356 7372
3 7373 7356 7357
3 7373 7374 7356
3 7374 7372 7356
3 7374 7375 7376
3 7373 7375 7374
3 7376 7377 7378
3 7375 7377 7376
3 7359 7378 7377
3 7359 7358 7378
3 7358 7379 7378
3 7379 7358 7380
3 7358 7360 7380
3 7380 7360 6841
3 6849 7380 6841
3 6850 6842 7361
3 7381 6850 7361
3 7381 7361 7382
3 7361 7362 7382
3 7382 7362 7383
3 7362 7364 7383
3 7383 7364 7384
3 7364 7366 7384
3 7384 7366 7385
3 7366 7368 7385
3 7385 7368 7386
3 7368 7369 7386
3 6852 6851 7386
3 6852 7386 7370
3 7370 7386 7369
3 6852 7370 6843
3 6856 6848 7371
3 6858 6856 7371
3 6858 7371 7387
3 7387 7371 7372
3 7387 7372 7388
3 7372 7374 7388
3 7388 7374 7389
3 7374 7376 7389
3 7389 7376 7390
3 7376 7378 7390
3 7390 7378 7391
3 7378 7379 7391
3 7391 7379 7392
3 7379 7380 7392
3 7392 7380 6849
3 6859 7392 6849
3 6861 6850 7381
3 7393 6861 7381
3 7393 7381 7394
3 7381 7382 7394
3 7394 7382 7395
3 7382 7383 7395
3 7395 7383 7396
3 7383 7384 7396
3 7396 7384 7397
3 7384 7385 7397
3 6863 6862 7397
3 6863 7397 7386
3 7386 7397 7385
3 6863 7386 6851
3 6867 6858 7387
3 6869 6867 7387
3 6869 7387 7398
3 7398 7387 7388
3 7398 7388 7399
3 7388 7389 7399
3 7399 7389 7400
3 7389 7390 7400
3 7400 7390 7401
3 7390 7391 7401
3 7401 7391 7402
3 7391 7392 7402
3 7402 7392 6859
3 6871 7402 6859
3 6873 6861 7393
3 6875 6873 7393
3 6875 7393 7403
3 7403 7393 7394
3 7403 7394 7404
3 7394 7395 7404
3 6877 6876 7404
3 6877 7404 7396
3 7396 7404 7395
3 6879 6877 7396
3 7397 6879 7396
3 6879 7397 6862
3 6885 6869 7398
3 6887 6885 7398
3 7399 6887 7398
3 6889 6887 7399
3 6889 7399 7405
3 7405 7399 7400
3 7405 7400 7406
3 7400 7401 7406
3 6891 6890 7406
3 6891 7406 7402
3 7402 7406 7401
3 6891 7402 6871
3 6896 6875 7403
3 6898 6896 7403
3 7404 6898 7403
3 6898 7404 6876
3 6906 6889 7405
3 6908 6906 7405
3 7406 6908 7405
3 6908 7406 6890
3 7407 7408 7409
3 7408 7410 7411
3 7409 7408 7411
3 7410 7412 7413
3 7411 7410 7413
3 7412 7414 7415
3 7413 7412 7415
3 7414 7416 7417
3 7415 7414 7417
3 7416 7418 7419
3 7417 7416 7419
3 7418 7420 7421
3 7419 7418 7421
3 7420 7422 7421
3 7423 7424 7425
3 7424 7426 7427
3 7425 7424 7427
3 7426 7428 7429
3 7427 7426 7429
3 7428 7430 7431
3 7429 7428 7431
3 7430 7432 7433
3 7431 7430 7433
3 7432 7434 7435
3 7433 7432 7435
3 7434 7436 7437
3 7435 7434 7437
3 7436 7438 7437
3 7408 7407 7439
3 7410 7408 7439
3 7440 7410 7439
3 7412 7410 7440
3 7441 7412 7440
3 7414 7412 7441
3 7442 7414 7441
3 7416 7414 7442
3 7443 7416 7442
3 7418 7416 7443
3 7444 7418 7443
3 7420 7418 7444
3 7445 7420 7444
3 7420 7445 7422
3 7424 7423 7446
3 7426 7424 7446
3 7447 7426 7446
3 7428 7426 7447
3 7448 7428 7447
3 7430 7428 7448
3 7449 7430 7448
3 7432 7430 7449
3 7450 7432 7449
3 7434 7432 7450
3 7451 7434 7450
3 7436 7434 7451
3 7452 7436 7451
3 7436 7452 7438
3 7453 7454 7455
3 7454 7456 7457
3 7455 7454 7457
3 7456 7458 7459
3 7457 7456 7459
3 7458 7460 7461
3 7459 7458 7461
3 7460 7462 7463
3 7461 7460 7463
3 7462 7464 7465
3 7463 7462 7465
3 7464 7466 7467
3 7465 7464 7467
3 7466 7468 7467
3 7469 7470 7471
3 7470 7472 7473
3 7471 7470 7473
3 7472 7474 7475
3 7473 7472 7475
3 7474 7476 7477
3 7475 7474 7477
3 7476 7478 7479
3 7477 7476 7479
3 7478 7480 7481
3 7479 7478 7481
3 7480 7482 7483
3 7481 7480 7483
3 7482 7484 7483
3 7454 7453 7485
3 7456 7454 7485
3 7486 7456 7485
3 7458 7456 7486
3 7487 7458 7486
3 7460 7458 7487
3 7488 7460 7487
3 7462 7460 7488
3 7489 7462 7488
3 7464 7462 7489
3 7490 7464 7489
3 7466 7464 7490
3 7491 7466 7490
3 7466 7491 7468
3 7470 7469 7492
3 7472 7470 7492
3 7493 7472 7492
3 7474 7472 7493
3 7494 7474 7493
3 7476 7474 7494
3 7495 7476 7494
3 7478 7476 7495
3 7496 7478 7495
3 7480 7478 7496
3 7497 7480 7496
3 7482 7480 7497
3 7498 7482 7497
3 7482 7498 7484
3 6984 6985 7499
3 6985 6986 7500
3 7499 6985 7500
3 6986 6988 7500
3 6996 6997 7501
3 6997 6998 7502
3 7501 6997 7502
3 6998 7000 7502
3 7003 7004 7503
3 7004 6984 7499
3 7004 7499 7503
3 7503 7499 7504
3 7504 7499 7505
3 7499 7500 7505
3 6988 7005 7506
3 6988 7506 7500
3 7500 7506 7505
3 7005 7006 7507
3 7506 7005 7507
3 7006 7008 7507
3 7012 7013 7508
3 7013 7014 7509
3 7508 7013 7509
3 7014 6996 7501
3 7014 7501 7509
3 7509 7501 7510
3 7510 7501 7511
3 7501 7502 7511
3 7000 7015 7512
3 7000 7512 7502
3 7502 7512 7511
3 7015 7017 7512
3 7018 7003 7503
3 7513 7018 7503
3 7513 7503 7514
3 7503 7504 7514
3 7514 7504 7515
3 7504 7505 7515
3 7515 7505 7516
3 7505 7506 7516
3 7516 7506 7517
3 7506 7507 7517
3 7008 7019 7518
3 7008 7518 7507
3 7507 7518 7517
3 7019 7021 7518
3 7025 7026 7519
3 7026 7012 7508
3 7026 7508 7519
3 7519 7508 7520
3 7520 7508 7521
3 7508 7509 7521
3 7521 7509 7522
3 7509 7510 7522
3 7522 7510 7523
3 7510 7511 7523
3 7523 7511 7524
3 7511 7512 7524
3 7524 7512 7017
3 7027 7524 7017
3 7028 7018 7513
3 7525 7028 7513
3 7525 7513 7526
3 7513 7514 7526
3 7526 7514 7527
3 7514 7515 7527
3 7527 7515 7528
3 7515 7516 7528
3 7528 7516 7529
3 7516 7517 7529
3 7529 7517 7530
3 7517 7518 7530
3 7021 7029 7531
3 7021 7531 7518
3 7518 7531 7530
3 7029 7031 7531
3 7033 7034 7532
3 7034 7025 7519
3 7034 7519 7532
3 7532 7519 7533
3 7533 7519 7534
3 7519 7520 7534
3 7534 7520 7535
3 7520 7521 7535
3 7535 7521 7536
3 7521 7522 7536
3 7536 7522 7537
3 7522 7523 7537
3 7537 7523 7538
3 7523 7524 7538
3 7538 7524 7027
3 7035 7538 7027
3 7036 7028 7525
3 7539 7036 7525
3 7539 7525 7540
3 7525 7526 7540
3 7541 7527 7542
3 7541 7540 7527
3 7540 7526 7527
3 7528 7542 7527
3 7543 7542 7528
3 7529 7543 7528
3 7544 7543 7529
3 7544 7545 7546
3 7544 7529 7545
3 7529 7530 7545
3 7545 7530 7547
3 7530 7531 7547
3 7031 7037 7548
3 7031 7548 7531
3 7531 7548 7547
3 7037 7039 7548
3 7041 7042 7549
3 7042 7033 7532
3 7042 7532 7549
3 7549 7532 7550
3 7550 7532 7551
3 7532 7533 7551
3 7552 7534 7553
3 7552 7551 7534
3 7551 7533 7534
3 7535 7553 7534
3 7554 7553 7535
3 7536 7554 7535
3 7555 7554 7536
3 7555 7556 7557
3 7555 7536 7556
3 7536 7537 7556
3 7556 7537 7558
3 7537 7538 7558
3 7558 7538 7035
3 7043 7558 7035
3 7044 7036 7539
3 7046 7044 7539
3 7046 7539 7559
3 7559 7539 7540
3 7540 7560 7559
3 7541 7560 7540
3 7545 7561 7546
3 7561 7562 7563
3 7561 7545 7562
3 7545 7547 7562
3 7562 7547 7564
3 7547 7548 7564
3 7039 7047 7565
3 7039 7565 7548
3 7548 7565 7564
3 7047 7049 7565
3 7051 7052 7566
3 7052 7041 7549
3 7052 7549 7566
3 7566 7549 7567
3 7567 7549 7568
3 7549 7550 7568
3 7569 7551 7570
3 7569 7568 7551
3 7568 7550 7551
3 7551 7552 7570
3 7557 7571 7572
3 7556 7571 7557
3 7054 7053 7571
3 7054 7571 7558
3 7558 7571 7556
3 7054 7558 7043
3 7056 7046 7559
3 7573 7056 7559
3 7559 7574 7573
3 7560 7574 7559
3 7562 7575 7563
3 7564 7575 7562
3 7576 7575 7564
3 7576 7577 7578
3 7576 7564 7577
3 7564 7565 7577
3 7049 7057 7579
3 7049 7579 7565
3 7565 7579 7577
3 7057 7059 7579
3 7061 7062 7580
3 7062 7051 7566
3 7062 7566 7580
3 7580 7566 7581
3 7582 7567 7583
3 7582 7581 7567
3 7581 7566 7567
3 7568 7583 7567
3 7584 7583 7568
3 7568 7569 7584
3 7572 7585 7586
3 7571 7585 7572
3 7585 7571 7053
3 7063 7585 7053
3 7064 7056 7573
3 7587 7064 7573
3 7573 7588 7587
3 7574 7588 7573
3 7577 7589 7578
3 7589 7590 7591
3 7589 7577 7590
3 7577 7579 7590
3 7059 7065 7592
3 7059 7592 7579
3 7579 7592 7590
3 7065 7066 7593
3 7592 7065 7593
3 7066 7067 7593
3 7068 7069 7594
3 7069 7070 7595
3 7594 7069 7595
3 7070 7061 7580
3 7070 7580 7595
3 7595 7580 7596
3 7597 7581 7598
3 7597 7596 7581
3 7596 7580 7581
3 7581 7582 7598
3 7586 7599 7600
3 7585 7599 7586
3 7599 7585 7063
3 7071 7599 7063
3 7072 7064 7587
3 7587 7588 7601
3 7072 7587 7601
3 7072 7601 7602
3 7072 7602 7073
3 7602 7601 7603
3 7590 7604 7591
3 7592 7604 7590
3 7605 7604 7592
3 7605 7606 7607
3 7605 7592 7606
3 7592 7593 7606
3 7067 7074 7608
3 7067 7608 7593
3 7593 7608 7606
3 7074 7076 7608
3 7078 7079 7609
3 7079 7068 7594
3 7079 7594 7609
3 7609 7594 7610
3 7611 7595 7612
3 7611 7610 7595
3 7610 7594 7595
3 7596 7612 7595
3 7613 7612 7596
3 7596 7597 7613
3 7614 7615 7616
3 7081 7600 7599
3 7080 7600 7081
3 7080 7615 7600
3 7080 7616 7615
3 7081 7599 7071
3 7082 7073 7602
3 7617 7082 7602
3 7602 7618 7617
3 7603 7618 7602
3 7606 7619 7607
3 7608 7619 7606
3 7620 7619 7608
3 7620 7621 7622
3 7608 7621 7620
3 7608 7083 7621
3 7608 7076 7083
3 7083 7084 7623
3 7621 7083 7623
3 7084 7085 7624
3 7623 7084 7624
3 7085 7087 7624
3 7089 7090 7625
3 7090 7091 7626
3 7625 7090 7626
3 7091 7092 7627
3 7626 7091 7627
3 7628 7609 7629
3 7627 7609 7628
3 7627 7078 7609
3 7627 7092 7078
3 7610 7629 7609
3 7630 7629 7610
3 7610 7611 7630
3 7614 7631 7632
3 7616 7631 7614
3 7631 7616 7080
3 7093 7631 7080
3 7094 7082 7617
3 7617 7618 7633
3 7094 7617 7633
3 7094 7633 7634
3 7094 7634 7095
3 7634 7633 7635
3 7621 7636 7622
3 7623 7636 7621
3 7637 7636 7623
3 7624 7637 7623
3 7638 7637 7624
3 7638 7639 7640
3 7624 7639 7638
3 7624 7096 7639
3 7624 7087 7096
3 7096 7097 7641
3 7639 7096 7641
3 7097 7098 7642
3 7641 7097 7642
3 7098 7099 7643
3 7642 7098 7643
3 7099 7100 7644
3 7643 7099 7644
3 7100 7101 7645
3 7644 7100 7645
3 7101 7102 7646
3 7645 7101 7646
3 7102 7103 7647
3 7646 7102 7647
3 7103 7104 7648
3 7647 7103 7648
3 7104 7105 7649
3 7648 7104 7649
3 7105 7106 7650
3 7649 7105 7650
3 7651 7625 7652
3 7650 7625 7651
3 7650 7089 7625
3 7650 7106 7089
3 7626 7652 7625
3 7653 7652 7626
3 7627 7653 7626
3 7654 7653 7627
3 7627 7628 7654
3 7655 7656 7657
3 7108 7632 7631
3 7107 7632 7108
3 7107 7656 7632
3 7107 7657 7656
3 7108 7631 7093
3 7109 7095 7634
3 7634 7110 7109
3 7634 7635 7110
3 7635 7658 7110
3 7639 7659 7640
3 7641 7659 7639
3 7660 7659 7641
3 7642 7660 7641
3 7661 7660 7642
3 7643 7661 7642
3 7662 7661 7643
3 7644 7662 7643
3 7663 7662 7644
3 7645 7663 7644
3 7664 7663 7645
3 7646 7664 7645
3 7665 7664 7646
3 7647 7665 7646
3 7666 7665 7647
3 7648 7666 7647
3 7667 7666 7648
3 7649 7667 7648
3 7668 7667 7649
3 7650 7668 7649
3 7669 7668 7650
3 7650 7651 7669
3 7112 7655 7657
3 7112 7111 7655
3 7111 7670 7655
3 7112 7657 7107
3 7671 7672 7113
3 7671 7113 7658
3 7658 7113 7110
3 7672 7671 7673
3 7674 7675 7676
3 7676 7675 7670
3 7676 7670 7114
3 7114 7670 7111
3 7115 7113 7672
3 7672 7673 7677
3 7115 7672 7677
3 7115 7677 7678
3 7115 7678 7116
3 7678 7677 7679
3 7680 7681 7682
3 7118 7674 7676
3 7117 7674 7118
3 7117 7681 7674
3 7117 7682 7681
3 7118 7676 7114
3 7119 7116 7678
3 7678 7679 7683
3 7119 7678 7683
3 7119 7683 7684
3 7119 7684 7120
3 7684 7683 7685
3 7686 7687 7688
3 7122 7680 7682
3 7121 7680 7122
3 7121 7687 7680
3 7121 7688 7687
3 7122 7682 7117
3 7123 7120 7684
3 7684 7685 7689
3 7123 7684 7689
3 7123 7689 7690
3 7123 7690 7124
3 7690 7689 7691
3 7692 7693 7694
3 7126 7686 7688
3 7125 7686 7126
3 7125 7693 7686
3 7125 7694 7693
3 7126 7688 7121
3 7127 7124 7690
3 7690 7691 7695
3 7127 7690 7695
3 7127 7695 7696
3 7127 7696 7128
3 7696 7695 7697
3 7698 7699 7700
3 7130 7692 7694
3 7129 7692 7130
3 7129 7699 7692
3 7129 7700 7699
3 7130 7694 7125
3 7131 7128 7696
3 7696 7697 7701
3 7696 7701 7131
3 7131 7701 7132
3 7133 7701 7702
3 7132 7701 7133
3 7703 7135 7134
3 7704 7135 7703
3 7698 7700 7136
3 7698 7136 7704
3 7704 7136 7135
3 7136 7700 7129
3 7705 7137 7133
3 7702 7705 7133
3 7138 7706 7707
3 7138 7137 7706
3 7137 7705 7706
3 7707 7706 7708
3 7709 7710 7711
3 7711 7140 7139
3 7711 7710 7140
3 7710 7712 7140
3 7140 7712 7703
3 7134 7140 7703
3 7141 7138 7707
3 7707 7708 7713
3 7707 7713 7141
3 7141 7713 7142
3 7143 7714 7715
3 7143 7142 7714
3 7142 7713 7714
3 7715 7714 7716
3 7717 7718 7719
3 7719 7145 7144
3 7719 7718 7145
3 7718 7720 7145
3 7709 7711 7146
3 7709 7146 7720
3 7720 7146 7145
3 7146 7711 7139
3 7147 7143 7715
3 7715 7716 7721
3 7715 7721 7147
3 7147 7721 7148
3 7148 7721 7149
3 7149 7721 7722
3 7150 7723 7724
3 7150 7149 7723
3 7149 7722 7723
3 7724 7723 7725
3 7726 7727 7728
3 7728 7152 7151
3 7728 7727 7152
3 7727 7729 7152
3 7152 7729 7153
3 7153 7729 7730
3 7717 7719 7154
3 7717 7154 7730
3 7730 7154 7153
3 7154 7719 7144
3 7155 7150 7724
3 7724 7725 7731
3 7724 7731 7155
3 7155 7731 7156
3 7156 7731 7157
3 7157 7731 7732
3 7157 7732 7158
3 7158 7732 7733
3 7158 7733 7159
3 7159 7733 7734
3 7159 7734 7160
3 7160 7734 7735
3 7160 7735 7161
3 7161 7735 7736
3 7161 7736 7162
3 7162 7736 7737
3 7162 7737 7163
3 7163 7737 7738
3 7163 7738 7164
3 7164 7738 7739
3 7726 7728 7165
3 7726 7165 7739
3 7739 7165 7164
3 7165 7728 7151
3 7167 7168 7740
3 7168 7169 7741
3 7740 7168 7741
3 7169 7170 7742
3 7741 7169 7742
3 7743 7742 7170
3 7743 7170 7744
3 7744 7170 7171
3 7171 7172 7744
3 7172 7745 7744
3 7172 7173 7745
3 7173 7746 7745
3 7747 7748 7746
3 7747 7746 7174
3 7174 7746 7173
3 7174 7175 7749
3 7747 7174 7749
3 7175 7176 7750
3 7749 7175 7750
3 7176 7178 7750
3 7180 7181 7751
3 7752 7751 7181
3 7752 7181 7753
3 7753 7181 7182
3 7182 7183 7753
3 7183 7754 7753
3 7740 7183 7167
3 7740 7755 7183
3 7755 7754 7183
3 7741 7755 7740
3 7756 7755 7741
3 7742 7756 7741
3 7757 7756 7742
3 7742 7743 7757
3 7747 7758 7748
3 7749 7758 7747
3 7759 7758 7749
3 7750 7759 7749
3 7760 7759 7750
3 7178 7760 7750
3 7178 7184 7760
3 7184 7761 7760
3 7184 7185 7761
3 7185 7762 7761
3 7763 7764 7762
3 7763 7762 7186
3 7186 7762 7185
3 7186 7188 7763
3 7190 7191 7765
3 7766 7765 7191
3 7766 7191 7767
3 7767 7191 7192
3 7751 7192 7180
3 7751 7768 7192
3 7768 7767 7192
3 7751 7752 7768
3 7763 7769 7764
3 7188 7769 7763
3 7188 7193 7769
3 7193 7770 7769
3 7771 7772 7770
3 7771 7770 7194
3 7194 7770 7193
3 7194 7196 7771
3 7197 7198 7773
3 7774 7773 7198
3 7774 7198 7775
3 7775 7198 7199
3 7765 7199 7190
3 7765 7776 7199
3 7776 7775 7199
3 7765 7766 7776
3 7771 7777 7772
3 7196 7777 7771
3 7196 7200 7777
3 7200 7778 7777
3 7779 7780 7778
3 7779 7778 7201
3 7201 7778 7200
3 7201 7202 7779
3 7204 7205 7781
3 7782 7773 7783
3 7781 7773 7782
3 7781 7197 7773
3 7781 7205 7197
3 7773 7774 7783
3 7779 7784 7780
3 7784 7785 7786
3 7779 7785 7784
3 7779 7206 7785
3 7779 7202 7206
3 7206 7208 7785
3 7210 7211 7787
3 7788 7781 7789
3 7787 7781 7788
3 7787 7204 7781
3 7787 7211 7204
3 7781 7782 7789
3 7785 7790 7786
3 7790 7791 7792
3 7785 7791 7790
3 7785 7212 7791
3 7785 7208 7212
3 7212 7214 7791
3 7216 7217 7793
3 7794 7787 7795
3 7793 7787 7794
3 7793 7210 7787
3 7793 7217 7210
3 7787 7788 7795
3 7791 7796 7792
3 7796 7797 7798
3 7791 7797 7796
3 7791 7218 7797
3 7791 7214 7218
3 7218 7220 7797
3 7222 7223 7799
3 7800 7793 7801
3 7799 7793 7800
3 7799 7216 7793
3 7799 7223 7216
3 7793 7794 7801
3 7797 7802 7798
3 7802 7803 7804
3 7797 7803 7802
3 7797 7224 7803
3 7797 7220 7224
3 7224 7226 7803
3 7228 7229 7805
3 7806 7799 7807
3 7805 7799 7806
3 7805 7222 7799
3 7805 7229 7222
3 7799 7800 7807
3 7803 7808 7804
3 7808 7809 7810
3 7803 7809 7808
3 7803 7230 7809
3 7803 7226 7230
3 7230 7232 7809
3 7234 7233 7811
3 7812 7805 7813
3 7811 7805 7812
3 7811 7228 7805
3 7811 7233 7228
3 7805 7806 7813
3 7814 7815 7816
3 7816 7817 7818
3 7815 7817 7816
3 7818 7819 7820
3 7817 7819 7818
3 7820 7821 7822
3 7819 7821 7820
3 7822 7823 7824
3 7821 7823 7822
3 7824 7825 7826
3 7823 7825 7824
3 7826 7827 7828
3 7825 7827 7826
3 7828 7829 7830
3 7827 7829 7828
3 7830 7831 7832
3 7829 7831 7830
3 7832 7833 7834
3 7831 7833 7832
3 7834 7835 7836
3 7833 7835 7834
3 7836 7837 7838
3 7835 7837 7836
3 7838 7839 7840
3 7837 7839 7838
3 7840 7839 7841
3 7809 7842 7810
3 7842 7843 7844
3 7809 7843 7842
3 7809 7235 7843
3 7809 7232 7235
3 7235 7236 7843
3 7238 7234 7811
3 7845 7238 7811
3 7811 7846 7845
3 7812 7846 7811
3 7847 7848 7849
3 7849 7850 7851
3 7848 7850 7849
3 7851 7852 7853
3 7850 7852 7851
3 7814 7853 7852
3 7814 7816 7853
3 7816 7854 7853
3 7240 7239 7854
3 7240 7854 7818
3 7818 7854 7816
3 7242 7240 7818
3 7820 7242 7818
3 7244 7242 7820
3 7822 7244 7820
3 7246 7244 7822
3 7824 7246 7822
3 7248 7246 7824
3 7826 7248 7824
3 7250 7248 7826
3 7828 7250 7826
3 7252 7250 7828
3 7830 7252 7828
3 7254 7252 7830
3 7832 7254 7830
3 7256 7254 7832
3 7834 7256 7832
3 7258 7256 7834
3 7836 7258 7834
3 7260 7258 7836
3 7838 7260 7836
3 7262 7260 7838
3 7262 7838 7855
3 7855 7838 7840
3 7856 7840 7841
3 7856 7857 7840
3 7857 7855 7840
3 7857 7858 7859
3 7856 7858 7857
3 7859 7860 7861
3 7858 7860 7859
3 7861 7860 7862
3 7844 7863 7864
3 7843 7863 7844
3 7863 7843 7236
3 7264 7863 7236
3 7266 7267 7865
3 7866 7845 7867
3 7865 7845 7866
3 7865 7238 7845
3 7865 7267 7238
3 7845 7846 7867
3 7868 7869 7870
3 7870 7871 7872
3 7869 7871 7870
3 7847 7872 7871
3 7847 7849 7872
3 7849 7873 7872
3 7269 7268 7873
3 7269 7873 7851
3 7851 7873 7849
3 7271 7269 7851
3 7853 7271 7851
3 7273 7271 7853
3 7854 7273 7853
3 7273 7854 7239
3 7275 7262 7855
3 7277 7275 7855
3 7857 7277 7855
3 7279 7277 7857
3 7859 7279 7857
3 7281 7279 7859
3 7281 7859 7874
3 7874 7859 7861
3 7875 7861 7862
3 7875 7876 7861
3 7876 7874 7861
3 7876 7877 7878
3 7875 7877 7876
3 7878 7877 7879
3 7863 7880 7864
3 7880 7881 7882
3 7863 7881 7880
3 7863 7282 7881
3 7863 7264 7282
3 7282 7284 7881
3 7286 7266 7865
3 7883 7286 7865
3 7865 7884 7883
3 7866 7884 7865
3 7885 7886 7887
3 7887 7888 7889
3 7886 7888 7887
3 7868 7889 7888
3 7868 7870 7889
3 7870 7890 7889
3 7288 7287 7890
3 7288 7890 7872
3 7872 7890 7870
3 7290 7288 7872
3 7873 7290 7872
3 7290 7873 7268
3 7292 7281 7874
3 7294 7292 7874
3 7876 7294 7874
3 7296 7294 7876
3 7296 7876 7891
3 7891 7876 7878
3 7892 7878 7879
3 7892 7893 7878
3 7893 7891 7878
3 7893 7894 7895
3 7892 7894 7893
3 7895 7894 7896
3 7882 7897 7898
3 7881 7897 7882
3 7897 7881 7284
3 7298 7897 7284
3 7300 7301 7899
3 7301 7286 7883
3 7301 7883 7899
3 7899 7883 7900
3 7901 7883 7884
3 7901 7902 7883
3 7902 7900 7883
3 7902 7903 7904
3 7901 7903 7902
3 7904 7905 7906
3 7903 7905 7904
3 7906 7907 7908
3 7905 7907 7906
3 7885 7908 7907
3 7885 7887 7908
3 7887 7909 7908
3 7303 7302 7909
3 7303 7909 7889
3 7889 7909 7887
3 7305 7303 7889
3 7890 7305 7889
3 7305 7890 7287
3 7309 7296 7891
3 7311 7309 7891
3 7893 7311 7891
3 7313 7311 7893
3 7313 7893 7910
3 7910 7893 7895
3 7911 7895 7896
3 7911 7912 7895
3 7912 7910 7895
3 7912 7913 7914
3 7911 7913 7912
3 7914 7915 7916
3 7913 7915 7914
3 7916 7917 7918
3 7915 7917 7916
3 7898 7918 7917
3 7898 7897 7918
3 7897 7919 7918
3 7298 7314 7920
3 7298 7920 7897
3 7897 7920 7919
3 7314 7316 7920
3 7318 7300 7899
3 7921 7318 7899
3 7921 7899 7922
3 7899 7900 7922
3 7922 7900 7923
3 7900 7902 7923
3 7923 7902 7924
3 7902 7904 7924
3 7924 7904 7925
3 7904 7906 7925
3 7925 7906 7926
3 7906 7908 7926
3 7320 7319 7926
3 7320 7926 7909
3 7909 7926 7908
3 7320 7909 7302
3 7324 7313 7910
3 7326 7324 7910
3 7326 7910 7927
3 7927 7910 7912
3 7927 7912 7928
3 7912 7914 7928
3 7928 7914 7929
3 7914 7916 7929
3 7929 7916 7930
3 7916 7918 7930
3 7930 7918 7931
3 7918 7919 7931
3 7931 7919 7932
3 7919 7920 7932
3 7932 7920 7316
3 7328 7932 7316
3 7330 7318 7921
3 7933 7330 7921
3 7933 7921 7934
3 7921 7922 7934
3 7934 7922 7935
3 7922 7923 7935
3 7935 7923 7936
3 7923 7924 7936
3 7332 7331 7936
3 7332 7936 7925
3 7925 7936 7924
3 7334 7332 7925
3 7926 7334 7925
3 7334 7926 7319
3 7338 7326 7927
3 7340 7338 7927
3 7928 7340 7927
3 7342 7340 7928
3 7342 7928 7937
3 7937 7928 7929
3 7937 7929 7938
3 7929 7930 7938
3 7938 7930 7939
3 7930 7931 7939
3 7939 7931 7940
3 7931 7932 7940
3 7940 7932 7328
3 7344 7940 7328
3 7347 7330 7933
3 7941 7347 7933
3 7941 7933 7942
3 7933 7934 7942
3 7942 7934 7943
3 7934 7935 7943
3 7349 7348 7943
3 7349 7943 7936
3 7936 7943 7935
3 7349 7936 7331
3 7355 7342 7937
3 7357 7355 7937
3 7357 7937 7944
3 7944 7937 7938
3 7944 7938 7945
3 7938 7939 7945
3 7945 7939 7946
3 7939 7940 7946
3 7946 7940 7344
3 7359 7946 7344
3 7363 7347 7941
3 7365 7363 7941
3 7942 7365 7941
3 7367 7365 7942
3 7943 7367 7942
3 7367 7943 7348
3 7373 7357 7944
3 7375 7373 7944
3 7945 7375 7944
3 7377 7375 7945
3 7946 7377 7945
3 7377 7946 7359
3 7947 7948 7949
3 7948 7950 7951
3 7949 7948 7951
3 7950 7952 7953
3 7951 7950 7953
3 7952 7954 7955
3 7953 7952 7955
3 7954 7956 7957
3 7955 7954 7957
3 7956 7958 7959
3 7957 7956 7959
3 7958 7960 7961
3 7959 7958 7961
3 7960 7962 7961
3 7963 7964 7965
3 7964 7966 7967
3 7965 7964 7967
3 7966 7968 7969
3 7967 7966 7969
3 7968 7970 7971
3 7969 7968 7971
3 7970 7972 7973
3 7971 7970 7973
3 7972 7974 7975
3 7973 7972 7975
3 7974 7976 7977
3 7975 7974 7977
3 7976 7978 7977
3 7979 7407 7409
3 7947 7980 7948
3 7411 7979 7409
3 7979 7411 7981
3 7950 7981 7411
3 7981 7950 7980
3 7948 7980 7950
3 7413 7950 7411
3 7952 7950 7413
3 7415 7952 7413
3 7954 7952 7415
3 7417 7954 7415
3 7956 7954 7417
3 7982 7983 7984
3 7417 7419 7956
3 7958 7956 7419
3 7421 7986 7985
3 7419 7421 7985
3 7958 7419 7985
3 7960 7958 7985
3 7987 7960 7985
3 7983 7987 7985
3 7984 7983 7985
3 7986 7984 7985
3 7421 7422 7986
3 7962 7960 7987
3 7988 7423 7425
3 7963 7989 7964
3 7990 7988 7425
3 7990 7425 7427
3 7990 7427 7966
3 7990 7966 7964
3 7990 7964 7989
3 7990 7989 7991
3 7990 7991 7992
3 7990 7992 7988
3 7992 7991 7993
3 7968 7427 7429
3 7427 7968 7966
3 7431 7968 7429
3 7970 7968 7431
3 7433 7970 7431
3 7972 7970 7433
3 7435 7972 7433
3 7974 7972 7435
3 7437 7994 7435
3 7995 7435 7994
3 7435 7995 7974
3 7996 7974 7995
3 7974 7996 7976
3 7437 7438 7994
3 7978 7976 7996
3 7439 7407 7979
3 7979 7981 7997
3 7979 7997 7439
3 7439 7997 7440
3 7440 7997 7441
3 7441 7997 7998
3 7441 7998 7442
3 7442 7998 7999
3 7442 7999 7443
3 7443 7999 8000
3 7982 7984 7444
3 7982 7444 8000
3 8000 7444 7443
3 7445 7444 7984
3 7986 7445 7984
3 7445 7986 7422
3 7446 7423 7988
3 7447 7446 7988
3 7992 7447 7988
3 7992 7993 8001
3 7992 8001 7447
3 7447 8001 7448
3 7448 8001 7449
3 7449 8001 8002
3 7449 8002 7450
3 7450 8002 8003
3 7450 8003 7451
3 7451 8003 8004
3 7995 7994 7452
3 7995 7452 8004
3 8004 7452 7451
3 7452 7994 7438
3 7453 7455 8005
3 8006 8005 7455
3 8006 7455 8007
3 8007 7455 7457
3 7457 7459 8007
3 7459 8008 8007
3 7459 7461 8008
3 7461 8009 8008
3 7461 7463 8009
3 7463 8010 8009
3 8011 8012 8010
3 8011 8010 7465
3 7465 8010 7463
3 7465 7467 8013
3 8011 7465 8013
3 7467 7468 8013
3 7469 7471 8014
3 7471 7473 8015
3 8014 7471 8015
3 8016 8015 7473
3 8016 7473 8017
3 8017 7473 7475
3 7475 7477 8017
3 7477 8018 8017
3 7477 7479 8018
3 7479 8019 8018
3 7479 7481 8019
3 7481 8020 8019
3 8021 8022 8020
3 8021 8020 7483
3 7483 8020 7481
3 7483 7484 8021
3 8023 8024 8025
3 7453 8005 7485
3 8026 8023 8025
3 8023 8026 8006
3 7486 8006 8026
3 8006 7486 8005
3 7485 8005 7486
3 7486 8027 7487
3 8026 8027 7486
3 7487 8028 7488
3 8027 8028 7487
3 7488 8029 7489
3 8028 8029 7488
3 8012 8011 8030
3 8029 8031 7489
3 7490 7489 8031
3 8032 8013 7491
3 8032 7491 7490
3 8032 7490 8031
3 8032 8031 8033
3 8032 8033 8034
3 8032 8034 8030
3 8032 8030 8011
3 8032 8011 8013
3 8013 7468 7491
3 8035 8034 8033
3 8036 8037 8038
3 7469 8014 7492
3 7492 8014 8039
3 7493 7492 8039
3 8040 7493 8039
3 8038 8040 8039
3 8036 8038 8039
3 8041 8036 8039
3 8015 8041 8039
3 8014 8015 8039
3 8041 8015 8016
3 7494 8040 8042
3 8040 7494 7493
3 7494 8043 7495
3 8042 8043 7494
3 7495 8044 7496
3 8043 8044 7495
3 7496 8045 7497
3 8044 8045 7496
3 8046 8047 8045
3 8022 8045 8047
3 8045 8022 7497
3 8021 7497 8022
3 7497 8021 7498
3 8021 7484 7498
3 8048 8047 8046
3 8025 8024 8049
3 8026 8025 8049
3 8050 8026 8049
3 8027 8026 8050
3 8051 8027 8050
3 8028 8027 8051
3 8052 8028 8051
3 8029 8028 8052
3 8053 8029 8052
3 8031 8029 8053
3 8054 8031 8053
3 8033 8031 8054
3 8055 8033 8054
3 8033 8055 8035
3 8038 8037 8056
3 8040 8038 8056
3 8057 8040 8056
3 8042 8040 8057
3 8058 8042 8057
3 8043 8042 8058
3 8059 8043 8058
3 8044 8043 8059
3 8060 8044 8059
3 8045 8044 8060
3 8061 8045 8060
3 8046 8045 8061
3 8062 8046 8061
3 8046 8062 8048
3 7541 7542 8063
3 7542 7543 8064
3 8063 7542 8064
3 7543 7544 8065
3 8064 7543 8065
3 7544 7546 8065
3 7552 7553 8066
3 7553 7554 8067
3 8066 7553 8067
3 7554 7555 8068
3 8067 7554 8068
3 7555 7557 8068
3 7560 7541 8063
3 8069 7560 8063
3 8069 8063 8070
3 8063 8064 8070
3 8070 8064 8071
3 8064 8065 8071
3 7546 7561 8072
3 7546 8072 8065
3 8065 8072 8071
3 7561 7563 8072
3 7569 7570 8073
3 7570 7552 8066
3 7570 8066 8073
3 8073 8066 8074
3 8074 8066 8075
3 8066 8067 8075
3 8075 8067 8076
3 8067 8068 8076
3 8076 8068 7557
3 7572 8076 7557
3 7574 7560 8069
3 8077 7574 8069
3 8077 8069 8078
3 8069 8070 8078
3 8078 8070 8079
3 8070 8071 8079
3 8079 8071 8080
3 8071 8072 8080
3 7563 7575 8081
3 7563 8081 8072
3 8072 8081 8080
3 7575 7576 8082
3 8081 7575 8082
3 7576 7578 8082
3 7582 7583 8083
3 7583 7584 8084
3 8083 7583 8084
3 7584 7569 8073
3 7584 8073 8084
3 8084 8073 8085
3 8085 8073 8086
3 8073 8074 8086
3 8086 8074 8087
3 8074 8075 8087
3 8087 8075 8088
3 8075 8076 8088
3 8088 8076 7572
3 7586 8088 7572
3 7588 7574 8077
3 8089 7588 8077
3 8089 8077 8090
3 8077 8078 8090
3 8090 8078 8091
3 8078 8079 8091
3 8091 8079 8092
3 8079 8080 8092
3 8092 8080 8093
3 8080 8081 8093
3 8093 8081 8094
3 8081 8082 8094
3 7578 7589 8095
3 7578 8095 8082
3 8082 8095 8094
3 7589 7591 8095
3 7597 7598 8096
3 7598 7582 8083
3 7598 8083 8096
3 8096 8083 8097
3 8097 8083 8098
3 8083 8084 8098
3 8098 8084 8099
3 8084 8085 8099
3 8099 8085 8100
3 8085 8086 8100
3 8100 8086 8101
3 8086 8087 8101
3 8101 8087 8102
3 8087 8088 8102
3 8102 8088 7586
3 7600 8102 7586
3 7601 7588 8089
3 7603 7601 8089
3 7603 8089 8103
3 8103 8089 8090
3 8104 8091 8105
3 8104 8103 8091
3 8103 8090 8091
3 8092 8105 8091
3 8106 8105 8092
3 8093 8106 8092
3 8107 8106 8093
3 8094 8107 8093
3 8108 8107 8094
3 8108 8109 8110
3 8108 8094 8109
3 8094 8095 8109
3 7591 7604 8111
3 7591 8111 8095
3 8095 8111 8109
3 7604 7605 8112
3 8111 7604 8112
3 7605 7607 8112
3 7611 7612 8113
3 7612 7613 8114
3 8113 7612 8114
3 7613 7597 8096
3 7613 8096 8114
3 8114 8096 8115
3 8116 8097 8117
3 8116 8115 8097
3 8115 8096 8097
3 8098 8117 8097
3 8118 8117 8098
3 8099 8118 8098
3 8119 8118 8099
3 8100 8119 8099
3 8120 8119 8100
3 8120 8121 8122
3 8120 8100 8121
3 8100 8101 8121
3 7615 7614 8121
3 7615 8121 8102
3 8102 8121 8101
3 7615 8102 7600
3 7618 7603 8103
3 8123 7618 8103
3 8103 8124 8123
3 8104 8124 8103
3 8109 8125 8110
3 8111 8125 8109
3 8126 8125 8111
3 8126 8127 8128
3 8126 8111 8127
3 8111 8112 8127
3 7607 7619 8129
3 7607 8129 8112
3 8112 8129 8127
3 7619 7620 8130
3 8129 7619 8130
3 7620 7622 8130
3 7628 7629 8131
3 7629 7630 8132
3 8131 7629 8132
3 7630 7611 8113
3 7630 8113 8132
3 8132 8113 8133
3 8134 8114 8135
3 8134 8133 8114
3 8133 8113 8114
3 8115 8135 8114
3 8136 8135 8115
3 8115 8116 8136
3 8122 8137 8138
3 8121 8137 8122
3 8137 8121 7614
3 7632 8137 7614
3 7633 7618 8123
3 8123 8124 8139
3 7633 8123 8139
3 7633 8139 8140
3 7633 8140 7635
3 8140 8139 8141
3 8127 8142 8128
3 8129 8142 8127
3 8143 8142 8129
3 8143 8144 8145
3 8143 8129 8144
3 8129 8130 8144
3 7622 7636 8146
3 7622 8146 8130
3 8130 8146 8144
3 7636 7637 8147
3 8146 7636 8147
3 7637 7638 8148
3 8147 7637 8148
3 7638 7640 8148
3 7651 7652 8149
3 7652 7653 8150
3 8149 7652 8150
3 7653 7654 8151
3 8150 7653 8151
3 7654 7628 8131
3 7654 8131 8151
3 8151 8131 8152
3 8153 8132 8154
3 8153 8152 8132
3 8152 8131 8132
3 8133 8154 8132
3 8155 8154 8133
3 8133 8134 8155
3 8156 8157 8158
3 7656 8138 8137
3 7655 8138 7656
3 7655 8157 8138
3 7655 8158 8157
3 7656 8137 7632
3 7658 7635 8140
3 8159 7658 8140
3 8140 8160 8159
3 8141 8160 8140
3 8144 8161 8145
3 8146 8161 8144
3 8162 8161 8146
3 8147 8162 8146
3 8163 8162 8147
3 8163 8164 8165
3 8163 8147 8164
3 8147 8148 8164
3 7640 7659 8166
3 7640 8166 8148
3 8148 8166 8164
3 7659 7660 8167
3 8166 7659 8167
3 7660 7661 8168
3 8167 7660 8168
3 7661 7662 8169
3 8168 7661 8169
3 7662 7663 8170
3 8169 7662 8170
3 7663 7664 8171
3 8170 7663 8171
3 7664 7665 8172
3 8171 7664 8172
3 7665 7666 8173
3 8172 7665 8173
3 7666 7667 8174
3 8173 7666 8174
3 7667 7668 8175
3 8174 7667 8175
3 7668 7669 8176
3 8175 7668 8176
3 7669 7651 8149
3 7669 8149 8176
3 8176 8149 8177
3 8178 8150 8179
3 8178 8177 8150
3 8177 8149 8150
3 8151 8179 8150
3 8180 8179 8151
3 8152 8180 8151
3 8181 8180 8152
3 8152 8153 8181
3 8156 8182 8183
3 8158 8182 8156
3 8182 8158 7655
3 7670 8182 7655
3 7671 7658 8159
3 8159 8160 8184
3 7671 8159 8184
3 7671 8184 8185
3 7671 8185 7673
3 8185 8184 8186
3 8164 8187 8165
3 8166 8187 8164
3 8188 8187 8166
3 8167 8188 8166
3 8189 8188 8167
3 8168 8189 8167
3 8190 8189 8168
3 8169 8190 8168
3 8191 8190 8169
3 8170 8191 8169
3 8192 8191 8170
3 8171 8192 8170
3 8193 8192 8171
3 8172 8193 8171
3 8194 8193 8172
3 8173 8194 8172
3 8195 8194 8173
3 8174 8195 8173
3 8196 8195 8174
3 8175 8196 8174
3 8197 8196 8175
3 8176 8197 8175
3 8198 8197 8176
3 8177 8198 8176
3 8199 8198 8177
3 8177 8178 8199
3 8200 8201 8202
3 7675 8183 8182
3 7674 8183 7675
3 7674 8201 8183
3 7674 8202 8201
3 7675 8182 7670
3 7677 7673 8185
3 8185 8186 8203
3 7677 8185 8203
3 7677 8203 8204
3 7677 8204 7679
3 8204 8203 8205
3 8206 8207 8208
3 7681 8200 8202
3 7680 8200 7681
3 7680 8207 8200
3 7680 8208 8207
3 7681 8202 7674
3 7683 7679 8204
3 8204 8205 8209
3 7683 8204 8209
3 7683 8209 8210
3 7683 8210 7685
3 8210 8209 8211
3 8212 8213 8214
3 7687 8206 8208
3 7686 8206 7687
3 7686 8213 8206
3 7686 8214 8213
3 7687 8208 7680
3 7689 7685 8210
3 8210 8211 8215
3 7689 8210 8215
3 7689 8215 8216
3 7689 8216 7691
3 8216 8215 8217
3 8218 8219 8220
3 7693 8212 8214
3 7692 8212 7693
3 7692 8219 8212
3 7692 8220 8219
3 7693 8214 7686
3 7695 7691 8216
3 8216 8217 8221
3 7695 8216 8221
3 7695 8221 8222
3 7695 8222 7697
3 8222 8221 8223
3 8224 8225 8226
3 7699 8218 8220
3 7698 8218 7699
3 7698 8225 8218
3 7698 8226 8225
3 7699 8220 7692
3 7701 7697 8222
3 8222 8223 8227
3 7701 8222 8227
3 7701 8227 8228
3 7701 8228 7702
3 8228 8227 8229
3 8230 8231 8232
3 7704 8224 8226
3 7703 8224 7704
3 7703 8231 8224
3 7703 8232 8231
3 7704 8226 7698
3 7705 7702 8228
3 8228 8229 8233
3 8228 8233 7705
3 7705 8233 7706
3 7708 8234 8235
3 7708 7706 8234
3 7706 8233 8234
3 8235 8234 8236
3 8237 8238 8239
3 8239 7710 7709
3 8239 8238 7710
3 8238 8240 7710
3 8230 8232 7712
3 8230 7712 8240
3 8240 7712 7710
3 7712 8232 7703
3 7713 7708 8235
3 8235 8236 8241
3 8235 8241 7713
3 7713 8241 7714
3 7716 8242 8243
3 7716 7714 8242
3 7714 8241 8242
3 8243 8242 8244
3 8245 8246 8247
3 8247 7718 7717
3 8247 8246 7718
3 8246 8248 7718
3 8237 8239 7720
3 8237 7720 8248
3 8248 7720 7718
3 7720 8239 7709
3 7721 7716 8243
3 8243 8244 8249
3 8243 8249 7721
3 7721 8249 7722
3 7722 8249 7723
3 7723 8249 8250
3 7725 8251 8252
3 7725 7723 8251
3 7723 8250 8251
3 8252 8253 8254
3 8251 8253 8252
3 8254 8255 8256
3 8253 8255 8254
3 8256 8255 8257
3 8258 8259 8260
3 8260 8261 8262
3 8259 8261 8260
3 8262 8263 8264
3 8261 8263 8262
3 8264 7727 7726
3 8264 8263 7727
3 8263 8265 7727
3 7727 8265 7729
3 7729 8265 8266
3 8245 8247 7730
3 8245 7730 8266
3 8266 7730 7729
3 7730 8247 7717
3 7731 7725 8252
3 7732 7731 8252
3 8254 7732 8252
3 7733 7732 8254
3 8256 7733 8254
3 8256 8257 8267
3 8256 8267 7733
3 7733 8267 7734
3 7734 8267 7735
3 7735 8267 8268
3 7735 8268 7736
3 7736 8268 8269
3 8258 8260 7737
3 8258 7737 8269
3 8269 7737 7736
3 7738 7737 8260
3 8262 7738 8260
3 7739 7738 8262
3 8264 7739 8262
3 7739 8264 7726
3 7743 7744 8270
3 7744 7745 8271
3 8270 7744 8271
3 7745 7746 8272
3 8271 7745 8272
3 7746 7748 8272
3 7752 7753 8273
3 7753 7754 8274
3 8273 7753 8274
3 7754 7755 8275
3 8274 7754 8275
3 8276 8275 7755
3 8276 7755 8277
3 8277 7755 7756
3 7756 7757 8277
3 7757 8278 8277
3 8270 7757 7743
3 8270 8279 7757
3 8279 8278 7757
3 8271 8279 8270
3 8280 8279 8271
3 8272 8280 8271
3 8281 8280 8272
3 7748 8281 8272
3 7748 7758 8281
3 7758 8282 8281
3 7758 7759 8282
3 7759 8283 8282
3 8284 8285 8283
3 8284 8283 7760
3 7760 8283 7759
3 7760 7761 8286
3 8284 7760 8286
3 7761 7762 8287
3 8286 7761 8287
3 7762 7764 8287
3 7766 7767 8288
3 7767 7768 8289
3 8288 7767 8289
3 8290 8273 8291
3 8289 8273 8290
3 8289 7752 8273
3 8289 7768 7752
3 8274 8291 8273
3 8292 8291 8274
3 8275 8292 8274
3 8293 8292 8275
3 8275 8276 8293
3 8284 8294 8285
3 8286 8294 8284
3 8295 8294 8286
3 8287 8295 8286
3 8296 8295 8287
3 8296 8297 8298
3 8287 8297 8296
3 8287 7769 8297
3 8287 7764 7769
3 7769 7770 8299
3 8297 7769 8299
3 7770 7772 8299
3 7774 7775 8300
3 7775 7776 8301
3 8300 7775 8301
3 8302 8288 8303
3 8301 8288 8302
3 8301 7766 8288
3 8301 7776 7766
3 8289 8303 8288
3 8304 8303 8289
3 8289 8290 8304
3 8297 8305 8298
3 8299 8305 8297
3 8306 8305 8299
3 8306 8307 8308
3 8299 8307 8306
3 8299 7777 8307
3 8299 7772 7777
3 7777 7778 8309
3 8307 7777 8309
3 7778 7780 8309
3 7782 7783 8310
3 8311 8300 8312
3 8310 8300 8311
3 8310 7774 8300
3 8310 7783 7774
3 8301 8312 8300
3 8313 8312 8301
3 8301 8302 8313
3 8307 8314 8308
3 8309 8314 8307
3 8315 8314 8309
3 8315 8316 8317
3 8309 8316 8315
3 8309 7784 8316
3 8309 7780 7784
3 7784 7786 8316
3 7788 7789 8318
3 8319 8310 8320
3 8318 8310 8319
3 8318 7782 8310
3 8318 7789 7782
3 8310 8311 8320
3 8316 8321 8317
3 8321 8322 8323
3 8316 8322 8321
3 8316 7790 8322
3 8316 7786 7790
3 7790 7792 8322
3 7794 7795 8324
3 8325 8318 8326
3 8324 8318 8325
3 8324 7788 8318
3 8324 7795 7788
3 8318 8319 8326
3 8322 8327 8323
3 8327 8328 8329
3 8322 8328 8327
3 8322 7796 8328
3 8322 7792 7796
3 7796 7798 8328
3 7800 7801 8330
3 8331 8324 8332
3 8330 8324 8331
3 8330 7794 8324
3 8330 7801 7794
3 8324 8325 8332
3 8333 8334 8335
3 8335 8336 8337
3 8334 8336 8335
3 8337 8338 8339
3 8336 8338 8337
3 8339 8338 8340
3 8328 8341 8329
3 8341 8342 8343
3 8328 8342 8341
3 8328 7802 8342
3 8328 7798 7802
3 7802 7804 8342
3 7806 7807 8344
3 7807 7800 8330
3 7807 8330 8344
3 8344 8330 8345
3 8330 8346 8345
3 8331 8346 8330
3 8347 8348 8349
3 8349 8350 8351
3 8348 8350 8349
3 8351 8352 8353
3 8350 8352 8351
3 8353 8354 8355
3 8352 8354 8353
3 8355 8356 8357
3 8354 8356 8355
3 8357 8358 8359
3 8356 8358 8357
3 8333 8359 8358
3 8333 8335 8359
3 8335 8360 8359
3 8360 8335 8361
3 8335 8337 8361
3 8361 8337 8362
3 8337 8339 8362
3 8363 8339 8340
3 8363 8364 8339
3 8364 8362 8339
3 8364 8365 8366
3 8363 8365 8364
3 8366 8367 8368
3 8365 8367 8366
3 8368 8369 8370
3 8367 8369 8368
3 8370 8371 8372
3 8369 8371 8370
3 8372 8373 8374
3 8371 8373 8372
3 8374 8373 8375
3 8343 8376 8377
3 8342 8376 8343
3 7804 7808 8378
3 7804 8378 8342
3 8342 8378 8376
3 7808 7810 8378
3 7812 7813 8379
3 7813 7806 8344
3 7813 8344 8379
3 8379 8344 8380
3 8380 8344 8381
3 8344 8345 8381
3 8345 8382 8381
3 8346 8382 8345
3 8383 8384 8385
3 8385 8386 8387
3 8384 8386 8385
3 8387 8388 8389
3 8386 8388 8387
3 8389 8390 8391
3 8388 8390 8389
3 8347 8391 8390
3 8347 8349 8391
3 8349 8392 8391
3 7815 7814 8392
3 7815 8392 8351
3 8351 8392 8349
3 7817 7815 8351
3 8353 7817 8351
3 7819 7817 8353
3 8355 7819 8353
3 7821 7819 8355
3 8357 7821 8355
3 7823 7821 8357
3 8359 7823 8357
3 7825 7823 8359
3 8360 7825 8359
3 7827 7825 8360
3 8361 7827 8360
3 7829 7827 8361
3 8362 7829 8361
3 7831 7829 8362
3 8364 7831 8362
3 7833 7831 8364
3 8366 7833 8364
3 7835 7833 8366
3 8368 7835 8366
3 7837 7835 8368
3 8370 7837 8368
3 7839 7837 8370
3 8372 7839 8370
3 7841 7839 8372
3 7841 8372 8393
3 8393 8372 8374
3 8394 8374 8375
3 8394 8395 8374
3 8395 8393 8374
3 8395 8396 8397
3 8394 8396 8395
3 8397 8398 8399
3 8396 8398 8397
3 8399 8400 8401
3 8398 8400 8399
3 8401 8400 8402
3 8377 8403 8404
3 8376 8403 8377
3 8403 8376 8405
3 8376 8378 8405
3 7810 7842 8406
3 7810 8406 8378
3 8378 8406 8405
3 7842 7844 8406
3 7846 7812 8379
3 8407 7846 8379
3 8407 8379 8408
3 8379 8380 8408
3 8408 8380 8409
3 8380 8381 8409
3 8410 8381 8382
3 8410 8411 8381
3 8411 8409 8381
3 8411 8412 8413
3 8410 8412 8411
3 8383 8413 8412
3 8383 8385 8413
3 8385 8414 8413
3 8414 8385 8415
3 8385 8387 8415
3 7848 7847 8415
3 7848 8415 8389
3 8389 8415 8387
3 7850 7848 8389
3 8391 7850 8389
3 7852 7850 8391
3 8392 7852 8391
3 7852 8392 7814
3 7856 7841 8393
3 7858 7856 8393
3 8395 7858 8393
3 7860 7858 8395
3 8397 7860 8395
3 7862 7860 8397
3 7862 8397 8416
3 8416 8397 8399
3 8416 8399 8417
3 8399 8401 8417
3 8418 8401 8402
3 8418 8419 8401
3 8419 8417 8401
3 8419 8420 8421
3 8418 8420 8419
3 8404 8421 8420
3 8404 8403 8421
3 8403 8422 8421
3 8422 8403 8423
3 8403 8405 8423
3 8423 8405 8424
3 8405 8406 8424
3 8424 8406 7844
3 7864 8424 7844
3 7866 7867 8425
3 7867 7846 8407
3 7867 8407 8425
3 8425 8407 8426
3 8426 8407 8427
3 8407 8408 8427
3 8427 8408 8428
3 8408 8409 8428
3 8428 8409 8429
3 8409 8411 8429
3 8429 8411 8430
3 8411 8413 8430
3 7869 7868 8430
3 7869 8430 8414
3 8414 8430 8413
3 7871 7869 8414
3 8415 7871 8414
3 7871 8415 7847
3 7875 7862 8416
3 7877 7875 8416
3 8417 7877 8416
3 7879 7877 8417
3 7879 8417 8431
3 8431 8417 8419
3 8431 8419 8432
3 8419 8421 8432
3 8432 8421 8433
3 8421 8422 8433
3 8433 8422 8434
3 8422 8423 8434
3 8434 8423 8435
3 8423 8424 8435
3 7864 7880 8436
3 7864 8436 8424
3 8424 8436 8435
3 7880 7882 8436
3 7884 7866 8425
3 8437 7884 8425
3 8437 8425 8438
3 8425 8426 8438
3 8438 8426 8439
3 8426 8427 8439
3 8439 8427 8440
3 8427 8428 8440
3 7886 7885 8440
3 7886 8440 8429
3 8429 8440 8428
3 7888 7886 8429
3 8430 7888 8429
3 7888 8430 7868
3 7892 7879 8431
3 7894 7892 8431
3 8432 7894 8431
3 7896 7894 8432
3 7896 8432 8441
3 8441 8432 8433
3 8441 8433 8442
3 8433 8434 8442
3 8442 8434 8443
3 8434 8435 8443
3 8443 8435 8444
3 8435 8436 8444
3 8444 8436 7882
3 7898 8444 7882
3 7901 7884 8437
3 7903 7901 8437
3 8438 7903 8437
3 7905 7903 8438
3 8439 7905 8438
3 7907 7905 8439
3 8440 7907 8439
3 7907 8440 7885
3 7911 7896 8441
3 7913 7911 8441
3 8442 7913 8441
3 7915 7913 8442
3 8443 7915 8442
3 7917 7915 8443
3 8444 7917 8443
3 7917 8444 7898
3 8445 8446 8447
3 8446 8448 8449
3 8447 8446 8449
3 8448 8450 8451
3 8449 8448 8451
3 8450 8452 8453
3 8451 8450 8453
3 8452 8454 8455
3 8453 8452 8455
3 8454 8456 8457
3 8455 8454 8457
3 8456 8458 8457
3 8459 8460 8461
3 8460 8462 8463
3 8461 8460 8463
3 8462 8464 8465
3 8463 8462 8465
3 8464 8466 8467
3 8465 8464 8467
3 8466 8468 8469
3 8467 8466 8469
3 8468 8470 8471
3 8469 8468 8471
3 8470 8472 8471
3 8473 7947 7949
3 8474 8473 7949
3 8445 7951 8446
3 8445 8474 7951
3 8474 7949 7951
3 7953 8446 7951
3 8448 8446 7953
3 7955 8448 7953
3 8450 8448 7955
3 7957 8450 7955
3 8452 8450 7957
3 7959 8452 7957
3 8454 8452 7959
3 7961 8454 7959
3 8456 8454 7961
3 8456 8475 8458
3 7961 8475 8456
3 7961 8476 8475
3 7961 7962 8476
3 8476 8477 8475
3 8478 8479 8480
3 7965 8460 8459
3 7963 7965 8459
3 7963 8459 8480
3 7963 8480 8479
3 7967 8460 7965
3 8462 8460 7967
3 7969 8462 7967
3 8464 8462 7969
3 7971 8464 7969
3 8466 8464 7971
3 7973 8466 7971
3 8468 8466 7973
3 7975 8468 7973
3 8470 8468 7975
3 8470 8481 8472
3 8470 7975 8481
3 7975 7977 8481
3 7978 8482 8481
3 7977 7978 8481
3 8483 7980 7947
3 8473 8483 7947
3 7981 8484 8485
3 7981 7980 8484
3 7980 8483 8484
3 8485 8486 8487
3 8484 8486 8485
3 8487 8488 8489
3 8486 8488 8487
3 8489 8490 8491
3 8488 8490 8489
3 8491 7983 7982
3 8491 8490 7983
3 8490 8492 7983
3 7983 8492 7987
3 7987 8492 8493
3 8476 7962 7987
3 8476 7987 8494
3 8494 7987 8493
3 8476 8494 8477
3 8479 8478 8495
3 7963 8479 8495
3 7963 8495 7989
3 7989 8495 8496
3 7989 8496 7991
3 7991 8496 8497
3 7993 8498 8499
3 7993 7991 8498
3 7991 8497 8498
3 8499 8500 8501
3 8498 8500 8499
3 8501 8502 8503
3 8500 8502 8501
3 8503 8504 8505
3 8502 8504 8503
3 8505 7996 7995
3 8505 8504 7996
3 8504 8506 7996
3 7996 8506 8482
3 7978 7996 8482
3 7997 7981 8485
3 7998 7997 8485
3 8487 7998 8485
3 7999 7998 8487
3 8489 7999 8487
3 8000 7999 8489
3 8491 8000 8489
3 8000 8491 7982
3 8001 7993 8499
3 8002 8001 8499
3 8501 8002 8499
3 8003 8002 8501
3 8503 8003 8501
3 8004 8003 8503
3 8505 8004 8503
3 8004 8505 7995
3 8006 8007 8507
3 8007 8008 8508
3 8507 8007 8508
3 8008 8009 8509
3 8508 8008 8509
3 8009 8010 8510
3 8509 8009 8510
3 8010 8012 8510
3 8016 8017 8511
3 8017 8018 8512
3 8511 8017 8512
3 8018 8019 8513
3 8512 8018 8513
3 8019 8020 8514
3 8513 8019 8514
3 8020 8022 8514
3 8515 8024 8023
3 8516 8515 8023
3 8507 8023 8006
3 8507 8517 8023
3 8517 8516 8023
3 8508 8517 8507
3 8518 8517 8508
3 8509 8518 8508
3 8519 8518 8509
3 8510 8519 8509
3 8520 8519 8510
3 8012 8520 8510
3 8012 8030 8520
3 8030 8521 8520
3 8030 8034 8521
3 8034 8522 8521
3 8035 8523 8524
3 8035 8524 8034
3 8034 8524 8522
3 8523 8525 8524
3 8526 8527 8528
3 8527 8037 8036
3 8527 8036 8528
3 8528 8036 8529
3 8036 8041 8529
3 8041 8530 8529
3 8511 8041 8016
3 8511 8531 8041
3 8531 8530 8041
3 8512 8531 8511
3 8532 8531 8512
3 8513 8532 8512
3 8533 8532 8513
3 8514 8533 8513
3 8534 8533 8514
3 8022 8534 8514
3 8022 8047 8534
3 8047 8535 8534
3 8048 8536 8535
3 8047 8048 8535
3 8537 8049 8024
3 8515 8537 8024
3 8538 8537 8539
3 8538 8050 8537
3 8050 8049 8537
3 8050 8540 8051
3 8538 8540 8050
3 8051 8541 8052
3 8540 8541 8051
3 8052 8542 8053
3 8541 8542 8052
3 8053 8543 8054
3 8542 8543 8053
3 8054 8544 8055
3 8543 8544 8054
3 8545 8546 8523
3 8544 8545 8523
3 8544 8523 8035
3 8544 8035 8055
3 8523 8546 8525
3 8527 8526 8547
3 8547 8548 8549
3 8527 8547 8549
3 8527 8549 8056
3 8527 8056 8037
3 8056 8550 8057
3 8549 8550 8056
3 8057 8551 8058
3 8550 8551 8057
3 8058 8552 8059
3 8551 8552 8058
3 8059 8553 8060
3 8552 8553 8059
3 8060 8554 8061
3 8553 8554 8060
3 8555 8061 8554
3 8555 8556 8061
3 8556 8062 8061
3 8062 8556 8536
3 8048 8062 8536
3 8538 8539 8557
3 8540 8538 8557
3 8558 8540 8557
3 8541 8540 8558
3 8559 8541 8558
3 8542 8541 8559
3 8560 8542 8559
3 8543 8542 8560
3 8561 8543 8560
3 8544 8543 8561
3 8562 8544 8561
3 8544 8562 8545
3 8549 8548 8563
3 8550 8549 8563
3 8564 8550 8563
3 8551 8550 8564
3 8565 8551 8564
3 8552 8551 8565
3 8566 8552 8565
3 8553 8552 8566
3 8567 8553 8566
3 8554 8553 8567
3 8568 8554 8567
3 8554 8568 8555
3 8104 8105 8569
3 8105 8106 8570
3 8569 8105 8570
3 8106 8107 8571
3 8570 8106 8571
3 8107 8108 8572
3 8571 8107 8572
3 8108 8110 8572
3 8116 8117 8573
3 8117 8118 8574
3 8573 8117 8574
3 8118 8119 8575
3 8574 8118 8575
3 8119 8120 8576
3 8575 8119 8576
3 8120 8122 8576
3 8124 8104 8569
3 8577 8124 8569
3 8577 8569 8578
3 8569 8570 8578
3 8578 8570 8579
3 8570 8571 8579
3 8579 8571 8580
3 8571 8572 8580
3 8110 8125 8581
3 8110 8581 8572
3 8572 8581 8580
3 8125 8126 8582
3 8581 8125 8582
3 8126 8128 8582
3 8134 8135 8583
3 8135 8136 8584
3 8583 8135 8584
3 8136 8116 8573
3 8136 8573 8584
3 8584 8573 8585
3 8585 8573 8586
3 8573 8574 8586
3 8586 8574 8587
3 8574 8575 8587
3 8587 8575 8588
3 8575 8576 8588
3 8588 8576 8122
3 8138 8588 8122
3 8139 8124 8577
3 8141 8139 8577
3 8141 8577 8589
3 8589 8577 8578
3 8589 8578 8590
3 8578 8579 8590
3 8590 8579 8591
3 8579 8580 8591
3 8591 8580 8592
3 8580 8581 8592
3 8592 8581 8593
3 8581 8582 8593
3 8128 8142 8594
3 8128 8594 8582
3 8582 8594 8593
3 8142 8143 8595
3 8594 8142 8595
3 8143 8145 8595
3 8153 8154 8596
3 8154 8155 8597
3 8596 8154 8597
3 8155 8134 8583
3 8155 8583 8597
3 8597 8583 8598
3 8598 8583 8599
3 8583 8584 8599
3 8599 8584 8600
3 8584 8585 8600
3 8600 8585 8601
3 8585 8586 8601
3 8601 8586 8602
3 8586 8587 8602
3 8157 8156 8602
3 8157 8602 8588
3 8588 8602 8587
3 8157 8588 8138
3 8160 8141 8589
3 8603 8160 8589
3 8603 8589 8604
3 8589 8590 8604
3 8604 8590 8605
3 8590 8591 8605
3 8606 8592 8607
3 8606 8605 8592
3 8605 8591 8592
3 8593 8607 8592
3 8608 8607 8593
3 8608 8609 8610
3 8608 8593 8609
3 8593 8594 8609
3 8609 8594 8611
3 8594 8595 8611
3 8145 8161 8612
3 8145 8612 8595
3 8595 8612 8611
3 8161 8162 8613
3 8612 8161 8613
3 8162 8163 8614
3 8613 8162 8614
3 8163 8165 8614
3 8178 8179 8615
3 8179 8180 8616
3 8615 8179 8616
3 8180 8181 8617
3 8616 8180 8617
3 8181 8153 8596
3 8181 8596 8617
3 8617 8596 8618
3 8618 8596 8619
3 8596 8597 8619
3 8620 8598 8621
3 8620 8619 8598
3 8619 8597 8598
3 8599 8621 8598
3 8622 8621 8599
3 8622 8623 8624
3 8622 8599 8623
3 8599 8600 8623
3 8623 8600 8625
3 8600 8601 8625
3 8625 8601 8626
3 8601 8602 8626
3 8626 8602 8156
3 8183 8626 8156
3 8184 8160 8603
3 8186 8184 8603
3 8186 8603 8627
3 8627 8603 8604
3 8627 8604 8628
3 8604 8605 8628
3 8605 8629 8628
3 8606 8629 8605
3 8609 8630 8610
3 8611 8630 8609
3 8631 8630 8611
3 8612 8631 8611
3 8632 8631 8612
3 8613 8632 8612
3 8633 8632 8613
3 8633 8634 8635
3 8633 8613 8634
3 8613 8614 8634
3 8165 8187 8636
3 8165 8636 8614
3 8614 8636 8634
3 8187 8188 8637
3 8636 8187 8637
3 8188 8189 8638
3 8637 8188 8638
3 8189 8190 8639
3 8638 8189 8639
3 8190 8191 8640
3 8639 8190 8640
3 8191 8192 8641
3 8640 8191 8641
3 8192 8193 8642
3 8641 8192 8642
3 8193 8194 8643
3 8642 8193 8643
3 8194 8195 8644
3 8643 8194 8644
3 8195 8196 8645
3 8644 8195 8645
3 8196 8197 8646
3 8645 8196 8646
3 8197 8198 8647
3 8646 8197 8647
3 8198 8199 8648
3 8647 8198 8648
3 8199 8178 8615
3 8199 8615 8648
3 8648 8615 8649
3 8650 8616 8651
3 8650 8649 8616
3 8649 8615 8616
3 8617 8651 8616
3 8652 8651 8617
3 8618 8652 8617
3 8653 8652 8618
3 8619 8653 8618
3 8654 8653 8619
3 8619 8620 8654
3 8624 8655 8656
3 8623 8655 8624
3 8655 8623 8657
3 8623 8625 8657
3 8201 8200 8657
3 8201 8657 8626
3 8626 8657 8625
3 8201 8626 8183
3 8203 8186 8627
3 8205 8203 8627
3 8205 8627 8658
3 8658 8627 8628
3 8628 8659 8658
3 8629 8659 8628
3 8634 8660 8635
3 8636 8660 8634
3 8661 8660 8636
3 8637 8661 8636
3 8662 8661 8637
3 8638 8662 8637
3 8663 8662 8638
3 8639 8663 8638
3 8664 8663 8639
3 8640 8664 8639
3 8665 8664 8640
3 8665 8666 8667
3 8665 8640 8666
3 8640 8641 8666
3 8666 8641 8668
3 8641 8642 8668
3 8668 8642 8669
3 8642 8643 8669
3 8670 8644 8671
3 8670 8669 8644
3 8669 8643 8644
3 8645 8671 8644
3 8672 8671 8645
3 8646 8672 8645
3 8673 8672 8646
3 8647 8673 8646
3 8674 8673 8647
3 8648 8674 8647
3 8675 8674 8648
3 8649 8675 8648
3 8676 8675 8649
3 8649 8650 8676
3 8656 8677 8678
3 8655 8677 8656
3 8207 8206 8677
3 8207 8677 8657
3 8657 8677 8655
3 8207 8657 8200
3 8209 8205 8658
3 8658 8659 8679
3 8209 8658 8679
3 8209 8679 8680
3 8209 8680 8211
3 8680 8679 8681
3 8666 8682 8667
3 8668 8682 8666
3 8683 8682 8668
3 8669 8683 8668
3 8684 8683 8669
3 8669 8670 8684
3 8685 8686 8687
3 8213 8678 8677
3 8212 8678 8213
3 8212 8686 8678
3 8212 8687 8686
3 8213 8677 8206
3 8215 8211 8680
3 8680 8681 8688
3 8215 8680 8688
3 8215 8688 8689
3 8215 8689 8217
3 8689 8688 8690
3 8691 8692 8693
3 8219 8685 8687
3 8218 8685 8219
3 8218 8692 8685
3 8218 8693 8692
3 8219 8687 8212
3 8221 8217 8689
3 8689 8690 8694
3 8221 8689 8694
3 8221 8694 8695
3 8221 8695 8223
3 8695 8694 8696
3 8697 8698 8699
3 8225 8691 8693
3 8224 8691 8225
3 8224 8698 8691
3 8224 8699 8698
3 8225 8693 8218
3 8227 8223 8695
3 8695 8696 8700
3 8227 8695 8700
3 8227 8700 8701
3 8227 8701 8229
3 8701 8702 8703
3 8700 8702 8701
3 8703 8702 8704
3 8705 8706 8707
3 8707 8708 8709
3 8706 8708 8707
3 8231 8697 8699
3 8230 8697 8231
3 8230 8708 8697
3 8230 8709 8708
3 8231 8699 8224
3 8233 8229 8701
3 8234 8233 8701
3 8703 8234 8701
3 8703 8704 8710
3 8234 8703 8710
3 8234 8710 8711
3 8234 8711 8236
3 8711 8712 8713
3 8710 8712 8711
3 8713 8712 8714
3 8715 8716 8717
3 8717 8718 8719
3 8716 8718 8717
3 8238 8705 8707
3 8237 8705 8238
3 8237 8718 8705
3 8237 8719 8718
3 8240 8238 8707
3 8709 8240 8707
3 8240 8709 8230
3 8241 8236 8711
3 8242 8241 8711
3 8713 8242 8711
3 8713 8714 8720
3 8242 8713 8720
3 8242 8720 8721
3 8242 8721 8244
3 8721 8722 8723
3 8720 8722 8721
3 8723 8724 8725
3 8722 8724 8723
3 8725 8724 8726
3 8727 8728 8729
3 8729 8730 8731
3 8728 8730 8729
3 8731 8732 8733
3 8730 8732 8731
3 8246 8715 8717
3 8245 8715 8246
3 8245 8732 8715
3 8245 8733 8732
3 8248 8246 8717
3 8719 8248 8717
3 8248 8719 8237
3 8249 8244 8721
3 8250 8249 8721
3 8723 8250 8721
3 8251 8250 8723
3 8725 8251 8723
3 8725 8726 8734
3 8725 8734 8251
3 8251 8734 8253
3 8253 8734 8255
3 8255 8734 8735
3 8257 8736 8737
3 8257 8255 8736
3 8255 8735 8736
3 8737 8738 8739
3 8736 8738 8737
3 8739 8740 8741
3 8738 8740 8739
3 8741 8259 8258
3 8741 8740 8259
3 8740 8742 8259
3 8259 8742 8261
3 8261 8742 8743
3 8727 8729 8263
3 8727 8263 8743
3 8743 8263 8261
3 8265 8263 8729
3 8731 8265 8729
3 8266 8265 8731
3 8733 8266 8731
3 8266 8733 8245
3 8267 8257 8737
3 8268 8267 8737
3 8739 8268 8737
3 8269 8268 8739
3 8741 8269 8739
3 8269 8741 8258
3 8276 8277 8744
3 8277 8278 8745
3 8744 8277 8745
3 8278 8279 8746
3 8745 8278 8746
3 8279 8280 8747
3 8746 8279 8747
3 8280 8281 8748
3 8747 8280 8748
3 8281 8282 8749
3 8748 8281 8749
3 8282 8283 8750
3 8749 8282 8750
3 8283 8285 8750
3 8290 8291 8751
3 8291 8292 8752
3 8751 8291 8752
3 8292 8293 8753
3 8752 8292 8753
3 8293 8276 8744
3 8293 8744 8753
3 8753 8744 8754
3 8754 8744 8755
3 8744 8745 8755
3 8755 8745 8756
3 8745 8746 8756
3 8756 8746 8757
3 8746 8747 8757
3 8757 8747 8758
3 8747 8748 8758
3 8758 8748 8759
3 8748 8749 8759
3 8759 8749 8760
3 8749 8750 8760
3 8285 8294 8761
3 8285 8761 8750
3 8750 8761 8760
3 8294 8295 8762
3 8761 8294 8762
3 8295 8296 8763
3 8762 8295 8763
3 8296 8298 8763
3 8302 8303 8764
3 8303 8304 8765
3 8764 8303 8765
3 8304 8290 8751
3 8304 8751 8765
3 8765 8751 8766
3 8766 8751 8767
3 8751 8752 8767
3 8768 8753 8769
3 8768 8767 8753
3 8767 8752 8753
3 8754 8769 8753
3 8770 8769 8754
3 8755 8770 8754
3 8771 8770 8755
3 8756 8771 8755
3 8772 8771 8756
3 8757 8772 8756
3 8773 8772 8757
3 8758 8773 8757
3 8774 8773 8758
3 8759 8774 8758
3 8775 8774 8759
3 8760 8775 8759
3 8776 8775 8760
3 8761 8776 8760
3 8777 8776 8761
3 8777 8778 8779
3 8777 8761 8778
3 8761 8762 8778
3 8778 8762 8780
3 8762 8763 8780
3 8298 8305 8781
3 8298 8781 8763
3 8763 8781 8780
3 8305 8306 8782
3 8781 8305 8782
3 8306 8308 8782
3 8311 8312 8783
3 8312 8313 8784
3 8783 8312 8784
3 8313 8302 8764
3 8313 8764 8784
3 8784 8764 8785
3 8785 8764 8786
3 8764 8765 8786
3 8787 8766 8788
3 8787 8786 8766
3 8786 8765 8766
3 8767 8788 8766
3 8789 8788 8767
3 8767 8768 8789
3 8778 8790 8779
3 8780 8790 8778
3 8791 8790 8780
3 8791 8792 8793
3 8791 8780 8792
3 8780 8781 8792
3 8792 8781 8794
3 8781 8782 8794
3 8308 8314 8795
3 8308 8795 8782
3 8782 8795 8794
3 8314 8315 8796
3 8795 8314 8796
3 8315 8317 8796
3 8319 8320 8797
3 8320 8311 8783
3 8320 8783 8797
3 8797 8783 8798
3 8798 8783 8799
3 8783 8784 8799
3 8799 8784 8800
3 8784 8785 8800
3 8800 8785 8801
3 8785 8786 8801
3 8786 8802 8801
3 8787 8802 8786
3 8793 8803 8804
3 8792 8803 8793
3 8803 8792 8805
3 8792 8794 8805
3 8805 8794 8806
3 8794 8795 8806
3 8806 8795 8807
3 8795 8796 8807
3 8317 8321 8808
3 8317 8808 8796
3 8796 8808 8807
3 8321 8323 8808
3 8325 8326 8809
3 8326 8319 8797
3 8326 8797 8809
3 8809 8797 8810
3 8810 8797 8811
3 8797 8798 8811
3 8811 8798 8812
3 8798 8799 8812
3 8812 8799 8813
3 8799 8800 8813
3 8813 8800 8814
3 8800 8801 8814
3 8815 8801 8802
3 8815 8816 8801
3 8816 8814 8801
3 8816 8817 8818
3 8815 8817 8816
3 8818 8819 8820
3 8817 8819 8818
3 8820 8821 8822
3 8819 8821 8820
3 8822 8823 8824
3 8821 8823 8822
3 8824 8825 8826
3 8823 8825 8824
3 8826 8827 8828
3 8825 8827 8826
3 8828 8829 8830
3 8827 8829 8828
3 8830 8831 8832
3 8829 8831 8830
3 8832 8833 8834
3 8831 8833 8832
3 8834 8835 8836
3 8833 8835 8834
3 8836 8837 8838
3 8835 8837 8836
3 8838 8839 8840
3 8837 8839 8838
3 8804 8840 8839
3 8804 8803 8840
3 8803 8841 8840
3 8841 8803 8842
3 8803 8805 8842
3 8842 8805 8843
3 8805 8806 8843
3 8843 8806 8844
3 8806 8807 8844
3 8844 8807 8845
3 8807 8808 8845
3 8323 8327 8846
3 8323 8846 8808
3 8808 8846 8845
3 8327 8329 8846
3 8331 8332 8847
3 8332 8325 8809
3 8332 8809 8847
3 8847 8809 8848
3 8848 8809 8849
3 8809 8810 8849
3 8849 8810 8850
3 8810 8811 8850
3 8850 8811 8851
3 8811 8812 8851
3 8851 8812 8852
3 8812 8813 8852
3 8852 8813 8853
3 8813 8814 8853
3 8853 8814 8854
3 8814 8816 8854
3 8854 8816 8855
3 8816 8818 8855
3 8855 8818 8856
3 8818 8820 8856
3 8856 8820 8857
3 8820 8822 8857
3 8857 8822 8858
3 8822 8824 8858
3 8334 8333 8858
3 8334 8858 8826
3 8826 8858 8824
3 8336 8334 8826
3 8828 8336 8826
3 8338 8336 8828
3 8830 8338 8828
3 8340 8338 8830
3 8340 8830 8859
3 8859 8830 8832
3 8859 8832 8860
3 8832 8834 8860
3 8860 8834 8861
3 8834 8836 8861
3 8861 8836 8862
3 8836 8838 8862
3 8862 8838 8863
3 8838 8840 8863
3 8863 8840 8864
3 8840 8841 8864
3 8864 8841 8865
3 8841 8842 8865
3 8865 8842 8866
3 8842 8843 8866
3 8866 8843 8867
3 8843 8844 8867
3 8867 8844 8868
3 8844 8845 8868
3 8868 8845 8869
3 8845 8846 8869
3 8329 8341 8870
3 8329 8870 8846
3 8846 8870 8869
3 8341 8343 8870
3 8346 8331 8847
3 8871 8346 8847
3 8871 8847 8872
3 8847 8848 8872
3 8872 8848 8873
3 8848 8849 8873
3 8873 8849 8874
3 8849 8850 8874
3 8874 8850 8875
3 8850 8851 8875
3 8875 8851 8876
3 8851 8852 8876
3 8348 8347 8876
3 8348 8876 8853
3 8853 8876 8852
3 8350 8348 8853
3 8854 8350 8853
3 8352 8350 8854
3 8855 8352 8854
3 8354 8352 8855
3 8856 8354 8855
3 8356 8354 8856
3 8857 8356 8856
3 8358 8356 8857
3 8858 8358 8857
3 8358 8858 8333
3 8363 8340 8859
3 8365 8363 8859
3 8860 8365 8859
3 8367 8365 8860
3 8861 8367 8860
3 8369 8367 8861
3 8862 8369 8861
3 8371 8369 8862
3 8863 8371 8862
3 8373 8371 8863
3 8864 8373 8863
3 8375 8373 8864
3 8375 8864 8877
3 8877 8864 8865
3 8877 8865 8878
3 8865 8866 8878
3 8878 8866 8879
3 8866 8867 8879
3 8879 8867 8880
3 8867 8868 8880
3 8880 8868 8881
3 8868 8869 8881
3 8881 8869 8882
3 8869 8870 8882
3 8882 8870 8343
3 8377 8882 8343
3 8382 8346 8871
3 8883 8382 8871
3 8883 8871 8884
3 8871 8872 8884
3 8384 8383 8884
3 8384 8884 8873
3 8873 8884 8872
3 8386 8384 8873
3 8874 8386 8873
3 8388 8386 8874
3 8875 8388 8874
3 8390 8388 8875
3 8876 8390 8875
3 8390 8876 8347
3 8394 8375 8877
3 8396 8394 8877
3 8878 8396 8877
3 8398 8396 8878
3 8879 8398 8878
3 8400 8398 8879
3 8880 8400 8879
3 8402 8400 8880
3 8402 8880 8885
3 8885 8880 8881
3 8885 8881 8886
3 8881 8882 8886
3 8886 8882 8377
3 8404 8886 8377
3 8410 8382 8883
3 8412 8410 8883
3 8884 8412 8883
3 8412 8884 8383
3 8418 8402 8885
3 8420 8418 8885
3 8886 8420 8885
3 8420 8886 8404
3 8887 8888 8889
3 8888 8890 8891
3 8889 8888 8891
3 8890 8892 8893
3 8891 8890 8893
3 8892 8894 8895
3 8893 8892 8895
3 8894 8896 8897
3 8895 8894 8897
3 8896 8898 8899
3 8897 8896 8899
3 8898 8900 8899
3 8901 8902 8903
3 8902 8904 8905
3 8903 8902 8905
3 8904 8906 8907
3 8905 8904 8907
3 8906 8908 8909
3 8907 8906 8909
3 8908 8910 8911
3 8909 8908 8911
3 8910 8912 8913
3 8911 8910 8913
3 8912 8914 8913
3 8915 8916 8917
3 8447 8888 8887
3 8445 8447 8887
3 8445 8887 8917
3 8445 8917 8916
3 8449 8888 8447
3 8890 8888 8449
3 8451 8890 8449
3 8892 8890 8451
3 8453 8892 8451
3 8894 8892 8453
3 8455 8894 8453
3 8896 8894 8455
3 8457 8896 8455
3 8898 8896 8457
3 8898 8918 8900
3 8457 8918 8898
3 8457 8919 8918
3 8457 8458 8919
3 8919 8920 8921
3 8918 8919 8921
3 8920 8922 8921
3 8923 8924 8925
3 8924 8926 8927
3 8925 8924 8927
3 8461 8902 8901
3 8459 8461 8901
3 8459 8901 8927
3 8459 8927 8926
3 8463 8902 8461
3 8904 8902 8463
3 8465 8904 8463
3 8906 8904 8465
3 8467 8906 8465
3 8908 8906 8467
3 8469 8908 8467
3 8910 8908 8469
3 8471 8910 8469
3 8912 8910 8471
3 8912 8928 8914
3 8471 8928 8912
3 8471 8929 8928
3 8471 8472 8929
3 8929 8930 8928
3 8931 8473 8474
3 8915 8932 8916
3 8933 8916 8932
3 8933 8445 8916
3 8933 8931 8474
3 8445 8933 8474
3 8934 8935 8936
3 8475 8919 8458
3 8919 8475 8920
3 8477 8920 8475
3 8920 8477 8937
3 8934 8937 8477
3 8937 8934 8936
3 8920 8937 8922
3 8924 8923 8938
3 8924 8480 8926
3 8480 8924 8478
3 8938 8478 8924
3 8478 8938 8939
3 8940 8939 8938
3 8480 8459 8926
3 8939 8940 8941
3 8472 8942 8929
3 8472 8943 8942
3 8472 8481 8944
3 8943 8472 8944
3 8481 8482 8944
3 8930 8929 8942
3 8483 8473 8931
3 8931 8933 8945
3 8931 8945 8483
3 8483 8945 8484
3 8484 8945 8486
3 8486 8945 8946
3 8486 8946 8488
3 8488 8946 8947
3 8488 8947 8490
3 8490 8947 8948
3 8490 8948 8492
3 8492 8948 8949
3 8492 8949 8493
3 8493 8949 8950
3 8935 8934 8494
3 8935 8494 8950
3 8950 8494 8493
3 8494 8934 8477
3 8495 8478 8939
3 8939 8941 8951
3 8939 8951 8495
3 8495 8951 8496
3 8496 8951 8497
3 8497 8951 8952
3 8497 8952 8498
3 8498 8952 8953
3 8498 8953 8500
3 8500 8953 8954
3 8500 8954 8502
3 8502 8954 8955
3 8502 8955 8504
3 8504 8955 8956
3 8943 8944 8506
3 8943 8506 8956
3 8956 8506 8504
3 8506 8944 8482
3 8515 8516 8957
3 8958 8957 8516
3 8958 8516 8959
3 8959 8516 8517
3 8517 8518 8959
3 8518 8960 8959
3 8518 8519 8960
3 8519 8961 8960
3 8519 8520 8961
3 8520 8962 8961
3 8520 8521 8962
3 8521 8963 8962
3 8521 8522 8963
3 8522 8964 8963
3 8965 8966 8964
3 8965 8964 8524
3 8524 8964 8522
3 8524 8525 8965
3 8526 8528 8967
3 8968 8967 8528
3 8968 8528 8969
3 8969 8528 8529
3 8529 8530 8969
3 8530 8970 8969
3 8530 8531 8970
3 8531 8971 8970
3 8531 8532 8971
3 8532 8972 8971
3 8532 8533 8972
3 8533 8973 8972
3 8533 8534 8973
3 8534 8974 8973
3 8975 8976 8974
3 8975 8974 8535
3 8535 8974 8534
3 8535 8536 8975
3 8977 8978 8979
3 8515 8957 8537
3 8958 8537 8957
3 8958 8539 8537
3 8958 8977 8979
3 8539 8958 8979
3 8546 8545 8980
3 8965 8981 8966
3 8981 8965 8982
3 8525 8982 8965
3 8982 8525 8983
3 8546 8983 8525
3 8983 8546 8980
3 8983 8984 8982
3 8985 8986 8987
3 8987 8967 8988
3 8967 8987 8526
3 8986 8526 8987
3 8526 8986 8547
3 8989 8547 8986
3 8989 8548 8547
3 8988 8967 8968
3 8976 8990 8991
3 8976 8555 8990
3 8976 8975 8556
3 8555 8976 8556
3 8975 8536 8556
3 8992 8991 8990
3 8979 8978 8993
3 8993 8994 8995
3 8979 8993 8995
3 8979 8995 8557
3 8979 8557 8539
3 8557 8996 8558
3 8995 8996 8557
3 8558 8997 8559
3 8996 8997 8558
3 8559 8998 8560
3 8997 8998 8559
3 8560 8999 8561
3 8998 8999 8560
3 8561 9000 8562
3 8999 9000 8561
3 9001 9002 8980
3 9000 9001 8980
3 9000 8980 8545
3 9000 8545 8562
3 8983 8980 9002
3 9003 8983 9002
3 8983 9003 8984
3 8986 8985 9004
3 8989 8986 9004
3 9005 8989 9004
3 9005 9006 9007
3 8989 9005 9007
3 8989 9007 8563
3 8989 8563 8548
3 8563 9008 8564
3 9007 9008 8563
3 8564 9009 8565
3 9008 9009 8564
3 8565 9010 8566
3 9009 9010 8565
3 8566 9011 8567
3 9010 9011 8566
3 8567 9012 8568
3 9011 9012 8567
3 9013 9014 8990
3 9012 9013 8990
3 9012 8990 8555
3 9012 8555 8568
3 8990 9014 8992
3 8995 8994 9015
3 8996 8995 9015
3 9016 8996 9015
3 8997 8996 9016
3 9017 8997 9016
3 8998 8997 9017
3 9018 8998 9017
3 8999 8998 9018
3 9019 8999 9018
3 9000 8999 9019
3 9020 9000 9019
3 9000 9020 9001
3 9007 9006 9021
3 9008 9007 9021
3 9022 9008 9021
3 9009 9008 9022
3 9023 9009 9022
3 9010 9009 9023
3 9024 9010 9023
3 9011 9010 9024
3 9025 9011 9024
3 9012 9011 9025
3 9026 9012 9025
3 9012 9026 9013
3 8606 8607 9027
3 8607 8608 9028
3 9027 8607 9028
3 8608 8610 9028
3 8620 8621 9029
3 8621 8622 9030
3 9029 8621 9030
3 8622 8624 9030
3 8629 8606 9027
3 9031 8629 9027
3 9031 9027 9032
3 9027 9028 9032
3 8610 8630 9033
3 8610 9033 9028
3 9028 9033 9032
3 8630 8631 9034
3 9033 8630 9034
3 8631 8632 9035
3 9034 8631 9035
3 8632 8633 9036
3 9035 8632 9036
3 8633 8635 9036
3 8650 8651 9037
3 8651 8652 9038
3 9037 8651 9038
3 8652 8653 9039
3 9038 8652 9039
3 8653 8654 9040
3 9039 8653 9040
3 8654 8620 9029
3 8654 9029 9040
3 9040 9029 9041
3 9041 9029 9042
3 9029 9030 9042
3 9042 9030 8624
3 8656 9042 8624
3 8659 8629 9031
3 9043 8659 9031
3 9043 9031 9044
3 9031 9032 9044
3 9044 9032 9045
3 9032 9033 9045
3 9045 9033 9046
3 9033 9034 9046
3 9046 9034 9047
3 9034 9035 9047
3 9047 9035 9048
3 9035 9036 9048
3 8635 8660 9049
3 8635 9049 9036
3 9036 9049 9048
3 8660 8661 9050
3 9049 8660 9050
3 8661 8662 9051
3 9050 8661 9051
3 8662 8663 9052
3 9051 8662 9052
3 8663 8664 9053
3 9052 8663 9053
3 8664 8665 9054
3 9053 8664 9054
3 8665 8667 9054
3 8670 8671 9055
3 8671 8672 9056
3 9055 8671 9056
3 8672 8673 9057
3 9056 8672 9057
3 8673 8674 9058
3 9057 8673 9058
3 8674 8675 9059
3 9058 8674 9059
3 8675 8676 9060
3 9059 8675 9060
3 8676 8650 9037
3 8676 9037 9060
3 9060 9037 9061
3 9061 9037 9062
3 9037 9038 9062
3 9062 9038 9063
3 9038 9039 9063
3 9063 9039 9064
3 9039 9040 9064
3 9064 9040 9065
3 9040 9041 9065
3 9065 9041 9066
3 9041 9042 9066
3 9066 9042 8656
3 8678 9066 8656
3 8679 8659 9043
3 8681 8679 9043
3 8681 9043 9067
3 9067 9043 9044
3 9067 9044 9068
3 9044 9045 9068
3 9068 9045 9069
3 9045 9046 9069
3 9069 9046 9070
3 9046 9047 9070
3 9070 9047 9071
3 9047 9048 9071
3 9071 9048 9072
3 9048 9049 9072
3 9072 9049 9073
3 9049 9050 9073
3 9073 9050 9074
3 9050 9051 9074
3 9074 9051 9075
3 9051 9052 9075
3 9075 9052 9076
3 9052 9053 9076
3 9076 9053 9077
3 9053 9054 9077
3 8667 8682 9078
3 8667 9078 9054
3 9054 9078 9077
3 8682 8683 9079
3 9078 8682 9079
3 8683 8684 9080
3 9079 8683 9080
3 8684 8670 9055
3 8684 9055 9080
3 9080 9055 9081
3 9081 9055 9082
3 9055 9056 9082
3 9082 9056 9083
3 9056 9057 9083
3 9083 9057 9084
3 9057 9058 9084
3 9084 9058 9085
3 9058 9059 9085
3 9085 9059 9086
3 9059 9060 9086
3 9086 9060 9087
3 9060 9061 9087
3 9087 9061 9088
3 9061 9062 9088
3 9088 9062 9089
3 9062 9063 9089
3 9089 9063 9090
3 9063 9064 9090
3 9090 9064 9091
3 9064 9065 9091
3 8686 8685 9091
3 8686 9091 9066
3 9066 9091 9065
3 8686 9066 8678
3 8688 8681 9067
3 8690 8688 9067
3 8690 9067 9092
3 9092 9067 9068
3 9092 9068 9093
3 9068 9069 9093
3 9093 9069 9094
3 9069 9070 9094
3 9094 9070 9095
3 9070 9071 9095
3 9095 9071 9096
3 9071 9072 9096
3 9097 9073 9098
3 9097 9096 9073
3 9096 9072 9073
3 9074 9098 9073
3 9099 9098 9074
3 9075 9099 9074
3 9100 9099 9075
3 9076 9100 9075
3 9101 9100 9076
3 9077 9101 9076
3 9102 9101 9077
3 9078 9102 9077
3 9103 9102 9078
3 9079 9103 9078
3 9104 9103 9079
3 9080 9104 9079
3 9105 9104 9080
3 9081 9105 9080
3 9106 9105 9081
3 9082 9106 9081
3 9107 9106 9082
3 9083 9107 9082
3 9108 9107 9083
3 9084 9108 9083
3 9109 9108 9084
3 9085 9109 9084
3 9110 9109 9085
3 9110 9111 9112
3 9110 9085 9111
3 9085 9086 9111
3 9111 9086 9113
3 9086 9087 9113
3 9113 9087 9114
3 9087 9088 9114
3 9114 9088 9115
3 9088 9089 9115
3 9115 9089 9116
3 9089 9090 9116
3 8692 8691 9116
3 8692 9116 9091
3 9091 9116 9090
3 8692 9091 8685
3 8694 8690 9092
3 8696 8694 9092
3 8696 9092 9117
3 9117 9092 9093
3 9117 9093 9118
3 9093 9094 9118
3 9118 9094 9119
3 9094 9095 9119
3 9119 9095 9120
3 9095 9096 9120
3 9096 9121 9120
3 9097 9121 9096
3 9112 9122 9123
3 9111 9122 9112
3 9122 9111 9124
3 9111 9113 9124
3 9124 9113 9125
3 9113 9114 9125
3 9125 9114 9126
3 9114 9115 9126
3 8698 8697 9126
3 8698 9126 9116
3 9116 9126 9115
3 8698 9116 8691
3 8700 8696 9117
3 8702 8700 9117
3 9118 8702 9117
3 8704 8702 9118
3 8704 9118 9127
3 9127 9118 9119
3 9127 9119 9128
3 9119 9120 9128
3 9129 9120 9121
3 9129 9130 9120
3 9130 9128 9120
3 9130 9131 9132
3 9129 9131 9130
3 9132 9131 9133
3 9134 9135 9136
3 9136 9137 9138
3 9135 9137 9136
3 9123 9138 9137
3 9123 9122 9138
3 9122 9139 9138
3 9139 9122 9140
3 9122 9124 9140
3 8706 8705 9140
3 8706 9140 9125
3 9125 9140 9124
3 8708 8706 9125
3 9126 8708 9125
3 8708 9126 8697
3 8710 8704 9127
3 8712 8710 9127
3 9128 8712 9127
3 8714 8712 9128
3 8714 9128 9141
3 9141 9128 9130
3 9141 9130 9142
3 9130 9132 9142
3 9143 9132 9133
3 9143 9144 9132
3 9144 9142 9132
3 9144 9145 9146
3 9143 9145 9144
3 9146 9147 9148
3 9145 9147 9146
3 9148 9149 9150
3 9147 9149 9148
3 9150 9151 9152
3 9149 9151 9150
3 9152 9153 9154
3 9151 9153 9152
3 9154 9155 9156
3 9153 9155 9154
3 9156 9157 9158
3 9155 9157 9156
3 9158 9159 9160
3 9157 9159 9158
3 9134 9160 9159
3 9134 9136 9160
3 9136 9161 9160
3 9161 9136 9162
3 9136 9138 9162
3 8716 8715 9162
3 8716 9162 9139
3 9139 9162 9138
3 8718 8716 9139
3 9140 8718 9139
3 8718 9140 8705
3 8720 8714 9141
3 8722 8720 9141
3 9142 8722 9141
3 8724 8722 9142
3 9144 8724 9142
3 8726 8724 9144
3 8726 9144 9163
3 9163 9144 9146
3 9163 9146 9164
3 9146 9148 9164
3 9164 9148 9165
3 9148 9150 9165
3 9165 9150 9166
3 9150 9152 9166
3 9166 9152 9167
3 9152 9154 9167
3 9167 9154 9168
3 9154 9156 9168
3 9168 9156 9169
3 9156 9158 9169
3 8728 8727 9169
3 8728 9169 9160
3 9160 9169 9158
3 8730 8728 9160
3 9161 8730 9160
3 8732 8730 9161
3 9162 8732 9161
3 8732 9162 8715
3 8734 8726 9163
3 8735 8734 9163
3 9164 8735 9163
3 8736 8735 9164
3 9165 8736 9164
3 8738 8736 9165
3 9166 8738 9165
3 8740 8738 9166
3 9167 8740 9166
3 8742 8740 9167
3 9168 8742 9167
3 8743 8742 9168
3 9169 8743 9168
3 8743 9169 8727
3 8768 8769 9170
3 8769 8770 9171
3 9170 8769 9171
3 8770 8771 9172
3 9171 8770 9172
3 8771 8772 9173
3 9172 8771 9173
3 8772 8773 9174
3 9173 8772 9174
3 8773 8774 9175
3 9174 8773 9175
3 8774 8775 9176
3 9175 8774 9176
3 8775 8776 9177
3 9176 8775 9177
3 8776 8777 9178
3 9177 8776 9178
3 8777 8779 9178
3 8787 8788 9179
3 8788 8789 9180
3 9179 8788 9180
3 8789 8768 9170
3 8789 9170 9180
3 9180 9170 9181
3 9181 9170 9182
3 9170 9171 9182
3 9182 9171 9183
3 9171 9172 9183
3 9183 9172 9184
3 9172 9173 9184
3 9184 9173 9185
3 9173 9174 9185
3 9185 9174 9186
3 9174 9175 9186
3 9186 9175 9187
3 9175 9176 9187
3 9187 9176 9188
3 9176 9177 9188
3 9188 9177 9189
3 9177 9178 9189
3 8779 8790 9190
3 8779 9190 9178
3 9178 9190 9189
3 8790 8791 9191
3 9190 8790 9191
3 8791 8793 9191
3 8802 8787 9179
3 9192 8802 9179
3 9192 9179 9193
3 9179 9180 9193
3 9193 9180 9194
3 9180 9181 9194
3 9194 9181 9195
3 9181 9182 9195
3 9195 9182 9196
3 9182 9183 9196
3 9196 9183 9197
3 9183 9184 9197
3 9197 9184 9198
3 9184 9185 9198
3 9198 9185 9199
3 9185 9186 9199
3 9199 9186 9200
3 9186 9187 9200
3 9200 9187 9201
3 9187 9188 9201
3 9201 9188 9202
3 9188 9189 9202
3 9202 9189 9203
3 9189 9190 9203
3 9203 9190 9204
3 9190 9191 9204
3 9204 9191 8793
3 8804 9204 8793
3 8815 8802 9192
3 8817 8815 9192
3 9193 8817 9192
3 8819 8817 9193
3 9194 8819 9193
3 8821 8819 9194
3 9195 8821 9194
3 8823 8821 9195
3 9196 8823 9195
3 8825 8823 9196
3 9197 8825 9196
3 8827 8825 9197
3 9198 8827 9197
3 8829 8827 9198
3 9199 8829 9198
3 8831 8829 9199
3 9200 8831 9199
3 8833 8831 9200
3 9201 8833 9200
3 8835 8833 9201
3 9202 8835 9201
3 8837 8835 9202
3 9203 8837 9202
3 8839 8837 9203
3 9204 8839 9203
3 8839 9204 8804
3 9205 9206 9207
3 9206 9208 9209
3 9207 9206 9209
3 9208 9210 9211
3 9209 9208 9211
3 9210 9212 9213
3 9211 9210 9213
3 9212 9214 9215
3 9213 9212 9215
3 9214 9216 9217
3 9215 9214 9217
3 9216 9218 9217
3 9219 9220 9221
3 9220 9222 9223
3 9221 9220 9223
3 9222 9224 9225
3 9223 9222 9225
3 9224 9226 9227
3 9225 9224 9227
3 9226 9228 9229
3 9227 9226 9229
3 9228 9230 9231
3 9229 9228 9231
3 9230 9232 9231
3 9233 8887 8889
3 9234 9233 8889
3 9205 8891 9206
3 9205 9234 8891
3 9234 8889 8891
3 8893 9206 8891
3 9208 9206 8893
3 8895 9208 8893
3 9210 9208 8895
3 8897 9210 8895
3 9212 9210 8897
3 8899 9212 8897
3 9214 9212 8899
3 8900 9214 8899
3 8900 9235 9214
3 9235 9216 9214
3 9236 9218 9216
3 9236 9216 9237
3 9237 9216 9235
3 9237 9238 9236
3 9239 9240 9241
3 9219 9241 9240
3 9219 9240 9220
3 9220 9240 9242
3 8903 9242 8901
3 8903 9222 9242
3 9222 9220 9242
3 8905 9222 8903
3 9224 9222 8905
3 8907 9224 8905
3 9226 9224 8907
3 8909 9226 8907
3 9228 9226 8909
3 8911 9228 8909
3 9230 9228 8911
3 9230 9243 9232
3 9230 8911 9243
3 8911 8913 9243
3 8914 9244 9243
3 8913 8914 9243
3 8915 8917 9245
3 8917 9246 9245
3 8917 8887 9246
3 8887 9233 9246
3 8918 9235 8900
3 8921 9235 8918
3 9237 9235 8921
3 9237 8921 8922
3 9237 8922 9238
3 9238 8922 9247
3 8925 9240 9239
3 8925 9239 8923
3 8923 9239 9248
3 8927 9240 8925
3 9242 9240 8927
3 8927 8901 9242
3 9249 8914 8928
3 9249 9250 8914
3 9250 9244 8914
3 8928 8930 9249
3 8932 8915 9245
3 9245 9246 9251
3 8932 9245 9251
3 8932 9251 9252
3 8932 9252 8933
3 9252 9251 9253
3 9254 9255 9256
3 9256 8936 8935
3 9256 9255 8936
3 9255 9257 8936
3 8936 9257 8937
3 8937 9257 9258
3 8937 9258 9247
3 8922 8937 9247
3 9259 8938 8923
3 9248 9259 8923
3 8938 9259 8940
3 8940 9259 9260
3 8941 9261 9262
3 8941 8940 9261
3 8940 9260 9261
3 9262 9261 9263
3 9264 9265 9266
3 8942 9250 9249
3 8943 9250 8942
3 8943 9265 9250
3 8943 9266 9265
3 8942 9249 8930
3 8945 8933 9252
3 9252 9253 9267
3 9252 9267 8945
3 8945 9267 8946
3 8946 9267 8947
3 8947 9267 9268
3 8947 9268 8948
3 8948 9268 9269
3 8948 9269 8949
3 8949 9269 9270
3 9254 9256 8950
3 9254 8950 9270
3 9270 8950 8949
3 8950 9256 8935
3 8951 8941 9262
3 9262 9263 9271
3 9262 9271 8951
3 8951 9271 8952
3 8952 9271 8953
3 8953 9271 9272
3 8953 9272 8954
3 8954 9272 9273
3 8954 9273 8955
3 8955 9273 9274
3 9264 9266 8956
3 9264 8956 9274
3 9274 8956 8955
3 8956 9266 8943
3 8958 8959 9275
3 9276 9275 8959
3 9276 8959 9277
3 9277 8959 8960
3 8960 8961 9277
3 8961 9278 9277
3 8961 8962 9278
3 8962 9279 9278
3 8962 8963 9279
3 8963 9280 9279
3 9281 9282 9280
3 9281 9280 8964
3 8964 9280 8963
3 8964 8966 9281
3 8968 8969 9283
3 9284 9283 8969
3 9284 8969 9285
3 9285 8969 8970
3 8970 8971 9285
3 8971 9286 9285
3 8971 8972 9286
3 8972 9287 9286
3 8972 8973 9287
3 8973 9288 9287
3 9289 9290 9288
3 9289 9288 8974
3 8974 9288 8973
3 8974 8976 9289
3 8978 8977 9291
3 9292 9275 9293
3 9291 9275 9292
3 9291 8958 9275
3 9291 8977 8958
3 9275 9276 9293
3 9281 9294 9282
3 8966 9294 9281
3 8966 8981 9294
3 8981 9295 9294
3 8981 8982 9295
3 8982 9296 9295
3 8984 9297 9296
3 8982 8984 9296
3 9298 8985 8987
3 9299 9298 8987
3 8987 8988 9299
3 8988 9300 9299
3 9283 8988 8968
3 9283 9301 8988
3 9301 9300 8988
3 9283 9284 9301
3 9289 9302 9290
3 9302 9303 9304
3 9289 9303 9302
3 9289 8991 9303
3 9289 8976 8991
3 8991 8992 9303
3 8993 8978 9291
3 9291 8994 8993
3 9291 9292 8994
3 9292 9305 8994
3 9001 9306 9002
3 9002 9307 9003
3 9306 9307 9002
3 9003 9307 9308
3 9003 9308 8984
3 8984 9308 9297
3 9309 9004 8985
3 9309 8985 9310
3 9310 8985 9298
3 9004 9311 9005
3 9309 9311 9004
3 9005 9311 9006
3 9014 9304 9303
3 9014 9013 9304
3 9013 9312 9304
3 9014 9303 8992
3 9313 9015 8994
3 9305 9313 8994
3 9314 9313 9315
3 9314 9016 9313
3 9016 9015 9313
3 9016 9316 9017
3 9314 9316 9016
3 9017 9317 9018
3 9316 9317 9017
3 9018 9318 9019
3 9317 9318 9018
3 9019 9319 9020
3 9318 9319 9019
3 9020 9306 9001
3 9020 9319 9306
3 9319 9320 9306
3 9321 9322 9307
3 9321 9307 9320
3 9320 9307 9306
3 9307 9322 9308
3 9309 9310 9323
3 9323 9324 9325
3 9323 9325 9309
3 9309 9325 9311
3 9006 9326 9021
3 9006 9311 9326
3 9311 9325 9326
3 9021 9327 9022
3 9326 9327 9021
3 9022 9328 9023
3 9327 9328 9022
3 9023 9329 9024
3 9328 9329 9023
3 9024 9330 9025
3 9329 9330 9024
3 9331 9025 9330
3 9331 9332 9025
3 9332 9026 9025
3 9026 9332 9312
3 9013 9026 9312
3 9314 9315 9333
3 9316 9314 9333
3 9334 9316 9333
3 9317 9316 9334
3 9335 9317 9334
3 9318 9317 9335
3 9336 9318 9335
3 9319 9318 9336
3 9337 9319 9336
3 9320 9319 9337
3 9338 9320 9337
3 9320 9338 9321
3 9325 9324 9339
3 9326 9325 9339
3 9340 9326 9339
3 9327 9326 9340
3 9341 9327 9340
3 9328 9327 9341
3 9342 9328 9341
3 9329 9328 9342
3 9343 9329 9342
3 9330 9329 9343
3 9344 9330 9343
3 9330 9344 9331
3 9097 9098 9345
3 9098 9099 9346
3 9345 9098 9346
3 9099 9100 9347
3 9346 9099 9347
3 9100 9101 9348
3 9347 9100 9348
3 9101 9102 9349
3 9348 9101 9349
3 9102 9103 9350
3 9349 9102 9350
3 9103 9104 9351
3 9350 9103 9351
3 9104 9105 9352
3 9351 9104 9352
3 9105 9106 9353
3 9352 9105 9353
3 9106 9107 9354
3 9353 9106 9354
3 9107 9108 9355
3 9354 9107 9355
3 9108 9109 9356
3 9355 9108 9356
3 9109 9110 9357
3 9356 9109 9357
3 9110 9112 9357
3 9121 9097 9345
3 9358 9121 9345
3 9358 9345 9359
3 9345 9346 9359
3 9359 9346 9360
3 9346 9347 9360
3 9360 9347 9361
3 9347 9348 9361
3 9361 9348 9362
3 9348 9349 9362
3 9362 9349 9363
3 9349 9350 9363
3 9363 9350 9364
3 9350 9351 9364
3 9364 9351 9365
3 9351 9352 9365
3 9365 9352 9366
3 9352 9353 9366
3 9366 9353 9367
3 9353 9354 9367
3 9367 9354 9368
3 9354 9355 9368
3 9368 9355 9369
3 9355 9356 9369
3 9369 9356 9370
3 9356 9357 9370
3 9370 9357 9112
3 9123 9370 9112
3 9129 9121 9358
3 9131 9129 9358
3 9359 9131 9358
3 9133 9131 9359
3 9133 9359 9371
3 9371 9359 9360
3 9371 9360 9372
3 9360 9361 9372
3 9372 9361 9373
3 9361 9362 9373
3 9373 9362 9374
3 9362 9363 9374
3 9374 9363 9375
3 9363 9364 9375
3 9375 9364 9376
3 9364 9365 9376
3 9376 9365 9377
3 9365 9366 9377
3 9377 9366 9378
3 9366 9367 9378
3 9378 9367 9379
3 9367 9368 9379
3 9135 9134 9379
3 9135 9379 9369
3 9369 9379 9368
3 9137 9135 9369
3 9370 9137 9369
3 9137 9370 9123
3 9143 9133 9371
3 9145 9143 9371
3 9372 9145 9371
3 9147 9145 9372
3 9373 9147 9372
3 9149 9147 9373
3 9374 9149 9373
3 9151 9149 9374
3 9375 9151 9374
3 9153 9151 9375
3 9376 9153 9375
3 9155 9153 9376
3 9377 9155 9376
3 9157 9155 9377
3 9378 9157 9377
3 9159 9157 9378
3 9379 9159 9378
3 9159 9379 9134
3 9380 9381 9382
3 9381 9383 9384
3 9382 9381 9384
3 9383 9385 9386
3 9384 9383 9386
3 9385 9387 9388
3 9386 9385 9388
3 9387 9389 9390
3 9388 9387 9390
3 9389 9391 9392
3 9390 9389 9392
3 9391 9393 9392
3 9394 9395 9396
3 9395 9397 9398
3 9396 9395 9398
3 9397 9399 9400
3 9398 9397 9400
3 9399 9401 9402
3 9400 9399 9402
3 9401 9403 9404
3 9402 9401 9404
3 9403 9405 9406
3 9404 9403 9406
3 9405 9407 9406
3 9408 9409 9410
3 9207 9381 9380
3 9205 9207 9380
3 9205 9380 9410
3 9205 9410 9409
3 9209 9381 9207
3 9383 9381 9209
3 9211 9383 9209
3 9385 9383 9211
3 9213 9385 9211
3 9387 9385 9213
3 9215 9387 9213
3 9389 9387 9215
3 9217 9389 9215
3 9391 9389 9217
3 9391 9411 9393
3 9217 9411 9391
3 9217 9412 9411
3 9217 9218 9412
3 9412 9413 9414
3 9411 9412 9414
3 9413 9415 9414
3 9416 9417 9418
3 9417 9419 9420
3 9418 9417 9420
3 9221 9395 9394
3 9219 9221 9394
3 9219 9394 9420
3 9219 9420 9419
3 9223 9395 9221
3 9397 9395 9223
3 9225 9397 9223
3 9399 9397 9225
3 9227 9399 9225
3 9401 9399 9227
3 9229 9401 9227
3 9403 9401 9229
3 9231 9403 9229
3 9405 9403 9231
3 9405 9421 9407
3 9231 9421 9405
3 9231 9422 9421
3 9231 9232 9422
3 9422 9423 9421
3 9234 9409 9408
3 9234 9408 9233
3 9233 9408 9424
3 9234 9205 9409
3 9236 9412 9218
3 9238 9412 9236
3 9238 9425 9412
3 9425 9413 9412
3 9413 9425 9426
3 9415 9413 9426
3 9416 9427 9428
3 9417 9416 9428
3 9241 9428 9239
3 9241 9419 9428
3 9419 9417 9428
3 9241 9219 9419
3 9243 9422 9232
3 9422 9243 9244
3 9422 9244 9423
3 9423 9244 9429
3 9246 9233 9430
3 9430 9233 9424
3 9425 9431 9432
3 9425 9238 9431
3 9238 9247 9431
3 9425 9432 9426
3 9428 9427 9433
3 9433 9239 9428
3 9433 9434 9239
3 9434 9248 9239
3 9250 9435 9244
3 9435 9429 9244
3 9436 9251 9246
3 9430 9436 9246
3 9253 9437 9438
3 9253 9251 9437
3 9251 9436 9437
3 9438 9437 9439
3 9440 9441 9442
3 9442 9255 9254
3 9442 9441 9255
3 9441 9443 9255
3 9255 9443 9257
3 9257 9443 9444
3 9257 9444 9258
3 9258 9444 9445
3 9258 9445 9431
3 9247 9258 9431
3 9446 9259 9248
3 9434 9446 9248
3 9259 9446 9260
3 9260 9446 9447
3 9260 9447 9261
3 9261 9447 9448
3 9263 9449 9450
3 9263 9261 9449
3 9261 9448 9449
3 9450 9449 9451
3 9452 9453 9454
3 9454 9265 9264
3 9454 9453 9265
3 9453 9455 9265
3 9265 9455 9435
3 9250 9265 9435
3 9267 9253 9438
3 9438 9439 9456
3 9438 9456 9267
3 9267 9456 9268
3 9268 9456 9269
3 9269 9456 9457
3 9440 9442 9270
3 9440 9270 9457
3 9457 9270 9269
3 9270 9442 9254
3 9271 9263 9450
3 9450 9451 9458
3 9450 9458 9271
3 9271 9458 9272
3 9272 9458 9273
3 9273 9458 9459
3 9452 9454 9274
3 9452 9274 9459
3 9459 9274 9273
3 9274 9454 9264
3 9276 9277 9460
3 9461 9460 9277
3 9461 9277 9462
3 9462 9277 9278
3 9278 9279 9462
3 9279 9463 9462
3 9464 9465 9463
3 9464 9463 9280
3 9280 9463 9279
3 9280 9282 9464
3 9284 9285 9466
3 9467 9466 9285
3 9467 9285 9468
3 9468 9285 9286
3 9286 9287 9468
3 9287 9469 9468
3 9470 9471 9469
3 9470 9469 9288
3 9288 9469 9287
3 9288 9290 9470
3 9472 9292 9293
3 9473 9472 9293
3 9460 9293 9276
3 9460 9474 9293
3 9474 9473 9293
3 9460 9461 9474
3 9464 9475 9465
3 9282 9475 9464
3 9282 9294 9475
3 9294 9476 9475
3 9294 9295 9476
3 9295 9477 9476
3 9295 9296 9477
3 9296 9478 9477
3 9297 9479 9478
3 9296 9297 9478
3 9480 9298 9299
3 9481 9480 9299
3 9299 9300 9481
3 9300 9482 9481
3 9300 9301 9482
3 9301 9483 9482
3 9466 9301 9284
3 9466 9484 9301
3 9484 9483 9301
3 9466 9467 9484
3 9470 9485 9471
3 9290 9485 9470
3 9290 9302 9485
3 9302 9486 9485
3 9304 9487 9486
3 9302 9304 9486
3 9305 9292 9488
3 9488 9292 9472
3 9489 9308 9490
3 9489 9479 9308
3 9479 9297 9308
3 9490 9491 9489
3 9492 9493 9494
3 9493 9480 9494
3 9493 9310 9480
3 9310 9298 9480
3 9312 9495 9304
3 9495 9487 9304
3 9496 9313 9305
3 9496 9305 9497
3 9497 9305 9488
3 9313 9496 9315
3 9321 9498 9322
3 9322 9490 9308
3 9322 9498 9490
3 9498 9499 9490
3 9490 9499 9500
3 9491 9490 9500
3 9492 9501 9502
3 9493 9492 9502
3 9310 9503 9323
3 9310 9493 9503
3 9493 9502 9503
3 9323 9503 9324
3 9331 9504 9332
3 9332 9504 9505
3 9332 9505 9312
3 9312 9505 9495
3 9496 9497 9506
3 9506 9507 9508
3 9496 9506 9508
3 9496 9508 9333
3 9496 9333 9315
3 9333 9509 9334
3 9508 9509 9333
3 9334 9510 9335
3 9509 9510 9334
3 9335 9511 9336
3 9510 9511 9335
3 9336 9512 9337
3 9511 9512 9336
3 9337 9513 9338
3 9512 9513 9337
3 9514 9515 9498
3 9513 9514 9498
3 9513 9498 9321
3 9513 9321 9338
3 9499 9498 9515
3 9516 9499 9515
3 9499 9516 9500
3 9502 9501 9517
3 9503 9502 9517
3 9518 9503 9517
3 9518 9519 9520
3 9503 9518 9520
3 9503 9520 9339
3 9503 9339 9324
3 9339 9521 9340
3 9520 9521 9339
3 9340 9522 9341
3 9521 9522 9340
3 9341 9523 9342
3 9522 9523 9341
3 9342 9524 9343
3 9523 9524 9342
3 9343 9525 9344
3 9524 9525 9343
3 9526 9527 9504
3 9525 9526 9504
3 9525 9504 9331
3 9525 9331 9344
3 9504 9527 9505
3 9508 9507 9528
3 9509 9508 9528
3 9529 9509 9528
3 9510 9509 9529
3 9530 9510 9529
3 9511 9510 9530
3 9531 9511 9530
3 9512 9511 9531
3 9532 9512 9531
3 9513 9512 9532
3 9533 9513 9532
3 9513 9533 9514
3 9520 9519 9534
3 9521 9520 9534
3 9535 9521 9534
3 9522 9521 9535
3 9536 9522 9535
3 9523 9522 9536
3 9537 9523 9536
3 9524 9523 9537
3 9538 9524 9537
3 9525 9524 9538
3 9539 9525 9538
3 9525 9539 9526
3 9540 9541 9542
3 9541 9543 9544
3 9542 9541 9544
3 9543 9545 9546
3 9544 9543 9546
3 9545 9547 9548
3 9546 9545 9548
3 9547 9549 9550
3 9548 9547 9550
3 9549 9551 9552
3 9550 9549 9552
3 9551 9553 9552
3 9554 9555 9556
3 9555 9557 9558
3 9556 9555 9558
3 9557 9559 9560
3 9558 9557 9560
3 9559 9561 9562
3 9560 9559 9562
3 9561 9563 9564
3 9562 9561 9564
3 9563 9565 9566
3 9564 9563 9566
3 9565 9567 9566
3 9568 9380 9382
3 9569 9568 9382
3 9540 9384 9541
3 9540 9569 9384
3 9569 9382 9384
3 9386 9541 9384
3 9543 9541 9386
3 9388 9543 9386
3 9545 9543 9388
3 9390 9545 9388
3 9547 9545 9390
3 9392 9547 9390
3 9549 9547 9392
3 9393 9549 9392
3 9393 9570 9549
3 9570 9551 9549
3 9571 9553 9551
3 9571 9551 9572
3 9572 9551 9570
3 9572 9573 9574
3 9571 9572 9574
3 9573 9575 9574
3 9576 9577 9578
3 9577 9579 9580
3 9578 9577 9580
3 9554 9580 9579
3 9554 9579 9555
3 9555 9579 9581
3 9396 9581 9394
3 9396 9557 9581
3 9557 9555 9581
3 9398 9557 9396
3 9559 9557 9398
3 9400 9559 9398
3 9561 9559 9400
3 9402 9561 9400
3 9563 9561 9402
3 9404 9563 9402
3 9565 9563 9404
3 9565 9582 9567
3 9565 9404 9582
3 9404 9406 9582
3 9407 9583 9582
3 9406 9407 9582
3 9408 9410 9584
3 9410 9585 9584
3 9410 9380 9585
3 9380 9568 9585
3 9411 9570 9393
3 9414 9570 9411
3 9572 9570 9414
3 9415 9572 9414
3 9415 9586 9572
3 9586 9573 9572
3 9573 9586 9587
3 9575 9573 9587
3 9576 9588 9589
3 9577 9576 9589
3 9418 9589 9416
3 9418 9579 9589
3 9579 9577 9589
3 9420 9579 9418
3 9581 9579 9420
3 9420 9394 9581
3 9590 9407 9421
3 9590 9591 9407
3 9591 9583 9407
3 9421 9423 9590
3 9584 9592 9593
3 9584 9593 9408
3 9408 9593 9424
3 9584 9585 9592
3 9426 9586 9415
3 9594 9586 9426
3 9586 9594 9595
3 9587 9586 9595
3 9588 9596 9597
3 9589 9588 9597
3 9597 9416 9589
3 9427 9416 9597
3 9590 9598 9591
3 9598 9590 9423
3 9598 9423 9599
3 9599 9423 9429
3 9600 9601 9430
3 9600 9430 9593
3 9593 9430 9424
3 9601 9600 9602
3 9603 9604 9605
3 9605 9432 9431
3 9605 9604 9432
3 9604 9606 9432
3 9594 9426 9432
3 9594 9432 9607
3 9607 9432 9606
3 9594 9607 9595
3 9597 9596 9608
3 9427 9597 9608
3 9427 9608 9433
3 9433 9608 9609
3 9434 9610 9611
3 9434 9433 9610
3 9433 9609 9610
3 9611 9610 9612
3 9613 9614 9615
3 9615 9614 9599
3 9615 9599 9435
3 9435 9599 9429
3 9436 9430 9601
3 9601 9602 9616
3 9601 9616 9436
3 9436 9616 9437
3 9439 9617 9618
3 9439 9437 9617
3 9437 9616 9617
3 9618 9619 9620
3 9617 9619 9618
3 9620 9441 9440
3 9620 9619 9441
3 9619 9621 9441
3 9441 9621 9443
3 9443 9621 9622
3 9443 9622 9444
3 9444 9622 9623
3 9603 9605 9445
3 9603 9445 9623
3 9623 9445 9444
3 9445 9605 9431
3 9446 9434 9611
3 9611 9612 9624
3 9611 9624 9446
3 9446 9624 9447
3 9447 9624 9448
3 9448 9624 9625
3 9448 9625 9449
3 9449 9625 9626
3 9451 9627 9628
3 9451 9449 9627
3 9449 9626 9627
3 9628 9629 9630
3 9627 9629 9628
3 9630 9453 9452
3 9630 9629 9453
3 9629 9631 9453
3 9613 9615 9455
3 9613 9455 9631
3 9631 9455 9453
3 9455 9615 9435
3 9456 9439 9618
3 9457 9456 9618
3 9620 9457 9618
3 9457 9620 9440
3 9458 9451 9628
3 9459 9458 9628
3 9630 9459 9628
3 9459 9630 9452
3 9461 9462 9632
3 9462 9463 9633
3 9632 9462 9633
3 9463 9465 9633
3 9467 9468 9634
3 9468 9469 9635
3 9634 9468 9635
3 9469 9471 9635
3 9472 9473 9636
3 9637 9636 9473
3 9637 9473 9638
3 9638 9473 9474
3 9632 9474 9461
3 9632 9639 9474
3 9639 9638 9474
3 9633 9639 9632
3 9640 9639 9633
3 9465 9640 9633
3 9465 9475 9640
3 9475 9641 9640
3 9475 9476 9641
3 9476 9642 9641
3 9476 9477 9642
3 9477 9643 9642
3 9644 9645 9643
3 9644 9643 9478
3 9478 9643 9477
3 9478 9479 9644
3 9480 9481 9646
3 9647 9646 9481
3 9647 9481 9648
3 9648 9481 9482
3 9482 9483 9648
3 9483 9649 9648
3 9483 9484 9649
3 9484 9650 9649
3 9634 9484 9467
3 9634 9651 9484
3 9651 9650 9484
3 9635 9651 9634
3 9652 9651 9635
3 9471 9652 9635
3 9471 9485 9652
3 9485 9653 9652
3 9654 9655 9653
3 9654 9653 9486
3 9486 9653 9485
3 9486 9487 9654
3 9636 9656 9657
3 9636 9657 9472
3 9472 9657 9488
3 9636 9637 9656
3 9644 9658 9645
3 9479 9658 9644
3 9479 9489 9658
3 9489 9659 9658
3 9491 9660 9661
3 9491 9661 9489
3 9489 9661 9659
3 9660 9662 9661
3 9663 9664 9665
3 9664 9492 9494
3 9664 9494 9665
3 9665 9494 9666
3 9646 9494 9480
3 9646 9667 9494
3 9667 9666 9494
3 9646 9647 9667
3 9654 9668 9655
3 9668 9654 9487
3 9668 9487 9669
3 9669 9487 9495
3 9670 9671 9497
3 9670 9497 9657
3 9657 9497 9488
3 9671 9670 9672
3 9500 9660 9491
3 9673 9660 9500
3 9660 9673 9674
3 9662 9660 9674
3 9663 9675 9676
3 9664 9663 9676
3 9676 9492 9664
3 9501 9492 9676
3 9677 9678 9679
3 9679 9678 9669
3 9679 9669 9505
3 9505 9669 9495
3 9506 9497 9671
3 9671 9507 9506
3 9671 9672 9507
3 9672 9680 9507
3 9514 9681 9515
3 9515 9682 9516
3 9681 9682 9515
3 9516 9673 9500
3 9516 9682 9673
3 9682 9683 9673
3 9673 9683 9684
3 9674 9673 9684
3 9675 9685 9686
3 9676 9675 9686
3 9501 9687 9517
3 9501 9676 9687
3 9676 9686 9687
3 9517 9688 9518
3 9687 9688 9517
3 9518 9688 9519
3 9527 9677 9679
3 9527 9526 9677
3 9526 9689 9677
3 9527 9679 9505
3 9690 9528 9507
3 9680 9690 9507
3 9691 9690 9692
3 9691 9529 9690
3 9529 9528 9690
3 9529 9693 9530
3 9691 9693 9529
3 9530 9694 9531
3 9693 9694 9530
3 9531 9695 9532
3 9694 9695 9531
3 9532 9696 9533
3 9695 9696 9532
3 9533 9681 9514
3 9533 9696 9681
3 9696 9697 9681
3 9698 9699 9682
3 9698 9682 9697
3 9697 9682 9681
3 9683 9682 9699
3 9700 9683 9699
3 9683 9700 9684
3 9686 9685 9701
3 9687 9686 9701
3 9702 9687 9701
3 9702 9703 9704
3 9702 9704 9687
3 9687 9704 9688
3 9519 9705 9534
3 9519 9688 9705
3 9688 9704 9705
3 9534 9706 9535
3 9705 9706 9534
3 9535 9707 9536
3 9706 9707 9535
3 9536 9708 9537
3 9707 9708 9536
3 9537 9709 9538
3 9708 9709 9537
3 9710 9538 9709
3 9710 9711 9538
3 9711 9539 9538
3 9539 9711 9689
3 9526 9539 9689
3 9691 9692 9712
3 9693 9691 9712
3 9713 9693 9712
3 9694 9693 9713
3 9714 9694 9713
3 9695 9694 9714
3 9715 9695 9714
3 9696 9695 9715
3 9716 9696 9715
3 9697 9696 9716
3 9717 9697 9716
3 9697 9717 9698
3 9704 9703 9718
3 9705 9704 9718
3 9719 9705 9718
3 9706 9705 9719
3 9720 9706 9719
3 9707 9706 9720
3 9721 9707 9720
3 9708 9707 9721
3 9722 9708 9721
3 9709 9708 9722
3 9723 9709 9722
3 9709 9723 9710
3 9724 9725 9726
3 9725 9727 9728
3 9726 9725 9728
3 9727 9729 9730
3 9728 9727 9730
3 9729 9731 9732
3 9730 9729 9732
3 9731 9733 9734
3 9732 9731 9734
3 9733 9735 9736
3 9734 9733 9736
3 9735 9737 9736
3 9738 9739 9740
3 9739 9741 9742
3 9740 9739 9742
3 9741 9743 9744
3 9742 9741 9744
3 9743 9745 9746
3 9744 9743 9746
3 9745 9747 9748
3 9746 9745 9748
3 9747 9749 9750
3 9748 9747 9750
3 9749 9751 9750
3 9752 9540 9542
3 9753 9752 9542
3 9724 9544 9725
3 9724 9753 9544
3 9753 9542 9544
3 9546 9725 9544
3 9727 9725 9546
3 9548 9727 9546
3 9729 9727 9548
3 9550 9729 9548
3 9731 9729 9550
3 9552 9731 9550
3 9733 9731 9552
3 9553 9733 9552
3 9553 9754 9733
3 9754 9735 9733
3 9755 9737 9735
3 9755 9735 9756
3 9756 9735 9754
3 9756 9757 9758
3 9755 9756 9758
3 9757 9759 9758
3 9760 9761 9762
3 9761 9763 9764
3 9762 9761 9764
3 9738 9764 9763
3 9738 9763 9739
3 9739 9763 9765
3 9556 9765 9554
3 9556 9741 9765
3 9741 9739 9765
3 9558 9741 9556
3 9743 9741 9558
3 9560 9743 9558
3 9745 9743 9560
3 9562 9745 9560
3 9747 9745 9562
3 9564 9747 9562
3 9749 9747 9564
3 9749 9766 9751
3 9749 9564 9766
3 9564 9566 9766
3 9567 9767 9766
3 9566 9567 9766
3 9768 9568 9569
3 9769 9768 9569
3 9569 9752 9769
3 9540 9752 9569
3 9571 9754 9553
3 9574 9754 9571
3 9756 9754 9574
3 9575 9756 9574
3 9575 9770 9756
3 9770 9757 9756
3 9771 9759 9757
3 9771 9757 9772
3 9772 9757 9770
3 9772 9773 9771
3 9774 9775 9776
3 9760 9776 9775
3 9760 9775 9761
3 9761 9775 9777
3 9578 9777 9576
3 9578 9763 9777
3 9763 9761 9777
3 9580 9763 9578
3 9765 9763 9580
3 9580 9554 9765
3 9778 9567 9582
3 9767 9567 9778
3 9583 9779 9778
3 9582 9583 9778
3 9585 9568 9780
3 9780 9568 9768
3 9587 9770 9575
3 9781 9770 9587
3 9782 9783 9772
3 9782 9772 9781
3 9781 9772 9770
3 9772 9783 9773
3 9775 9774 9784
3 9784 9785 9786
3 9784 9786 9775
3 9775 9786 9777
3 9786 9576 9777
3 9588 9576 9786
3 9591 9787 9583
3 9787 9779 9583
3 9593 9592 9788
3 9592 9789 9788
3 9592 9585 9789
3 9585 9780 9789
3 9781 9790 9791
3 9781 9587 9790
3 9587 9595 9790
3 9781 9791 9782
3 9786 9785 9792
3 9792 9588 9786
3 9792 9793 9588
3 9793 9596 9588
3 9794 9591 9598
3 9794 9795 9591
3 9795 9787 9591
3 9598 9599 9794
3 9600 9593 9788
3 9788 9789 9796
3 9600 9788 9796
3 9600 9796 9797
3 9600 9797 9602
3 9797 9796 9798
3 9799 9604 9603
3 9800 9604 9799
3 9604 9800 9606
3 9606 9800 9801
3 9606 9801 9607
3 9607 9801 9802
3 9607 9802 9790
3 9595 9607 9790
3 9803 9608 9596
3 9793 9803 9596
3 9608 9803 9609
3 9609 9803 9804
3 9609 9804 9610
3 9610 9804 9805
3 9612 9805 9806
3 9610 9805 9612
3 9807 9808 9809
3 9614 9795 9794
3 9613 9795 9614
3 9613 9808 9795
3 9613 9809 9808
3 9614 9794 9599
3 9616 9602 9797
3 9797 9798 9810
3 9797 9810 9616
3 9616 9810 9617
3 9617 9810 9619
3 9619 9810 9811
3 9619 9811 9621
3 9621 9811 9812
3 9621 9812 9622
3 9622 9812 9813
3 9622 9813 9623
3 9623 9813 9814
3 9623 9814 9799
3 9603 9623 9799
3 9815 9624 9612
3 9806 9815 9612
3 9624 9815 9625
3 9625 9815 9816
3 9625 9816 9626
3 9626 9816 9817
3 9626 9817 9627
3 9627 9817 9818
3 9627 9818 9629
3 9629 9818 9819
3 9807 9809 9631
3 9807 9631 9819
3 9819 9631 9629
3 9631 9809 9613
3 9637 9638 9820
3 9821 9820 9638
3 9821 9638 9822
3 9822 9638 9639
3 9639 9640 9822
3 9640 9823 9822
3 9640 9641 9823
3 9641 9824 9823
3 9641 9642 9824
3 9642 9825 9824
3 9642 9643 9825
3 9643 9826 9825
3 9645 9827 9826
3 9643 9645 9826
3 9828 9647 9648
3 9829 9828 9648
3 9648 9649 9829
3 9649 9830 9829
3 9649 9650 9830
3 9650 9831 9830
3 9650 9651 9831
3 9651 9832 9831
3 9651 9652 9832
3 9652 9833 9832
3 9834 9835 9833
3 9834 9833 9653
3 9653 9833 9652
3 9653 9655 9834
3 9657 9656 9836
3 9837 9820 9838
3 9836 9820 9837
3 9836 9637 9820
3 9836 9656 9637
3 9820 9821 9838
3 9839 9645 9658
3 9827 9645 9839
3 9658 9659 9839
3 9659 9840 9839
3 9659 9661 9840
3 9661 9841 9840
3 9662 9842 9841
3 9661 9662 9841
3 9843 9663 9665
3 9844 9843 9665
3 9665 9666 9844
3 9666 9845 9844
3 9666 9667 9845
3 9667 9846 9845
3 9667 9828 9846
3 9647 9828 9667
3 9834 9847 9835
3 9847 9848 9849
3 9834 9848 9847
3 9834 9668 9848
3 9834 9655 9668
3 9668 9669 9848
3 9670 9657 9836
3 9836 9672 9670
3 9836 9837 9672
3 9837 9850 9672
3 9851 9674 9852
3 9851 9842 9674
3 9842 9662 9674
3 9852 9853 9851
3 9854 9855 9856
3 9855 9843 9856
3 9855 9675 9843
3 9675 9663 9843
3 9678 9849 9848
3 9678 9677 9849
3 9677 9857 9849
3 9678 9848 9669
3 9680 9672 9858
3 9858 9672 9850
3 9684 9852 9674
3 9859 9852 9684
3 9860 9853 9852
3 9860 9852 9861
3 9861 9852 9859
3 9861 9862 9860
3 9863 9864 9865
3 9854 9865 9864
3 9854 9864 9855
3 9855 9864 9866
3 9866 9675 9855
3 9685 9675 9866
3 9689 9867 9677
3 9867 9857 9677
3 9868 9690 9680
3 9858 9868 9680
3 9692 9868 9869
3 9690 9868 9692
3 9698 9870 9699
3 9699 9871 9700
3 9870 9871 9699
3 9700 9859 9684
3 9700 9871 9859
3 9871 9872 9859
3 9873 9874 9861
3 9873 9861 9872
3 9872 9861 9859
3 9861 9874 9862
3 9864 9863 9875
3 9875 9876 9877
3 9875 9877 9864
3 9864 9877 9866
3 9685 9878 9701
3 9685 9866 9878
3 9866 9877 9878
3 9701 9879 9702
3 9878 9879 9701
3 9702 9879 9703
3 9880 9711 9710
3 9881 9711 9880
3 9711 9881 9867
3 9689 9711 9867
3 9882 9712 9692
3 9869 9882 9692
3 9883 9882 9884
3 9883 9713 9882
3 9713 9712 9882
3 9713 9885 9714
3 9883 9885 9713
3 9714 9886 9715
3 9885 9886 9714
3 9715 9887 9716
3 9886 9887 9715
3 9716 9888 9717
3 9887 9888 9716
3 9717 9870 9698
3 9717 9888 9870
3 9888 9889 9870
3 9890 9891 9871
3 9890 9871 9889
3 9889 9871 9870
3 9872 9871 9891
3 9892 9872 9891
3 9872 9892 9873
3 9877 9876 9893
3 9878 9877 9893
3 9894 9878 9893
3 9894 9895 9896
3 9894 9896 9878
3 9878 9896 9879
3 9703 9897 9718
3 9703 9879 9897
3 9879 9896 9897
3 9718 9898 9719
3 9897 9898 9718
3 9719 9899 9720
3 9898 9899 9719
3 9720 9900 9721
3 9899 9900 9720
3 9721 9901 9722
3 9900 9901 9721
3 9902 9722 9901
3 9902 9903 9722
3 9903 9723 9722
3 9723 9903 9880
3 9710 9723 9880
3 9883 9884 9904
3 9885 9883 9904
3 9905 9885 9904
3 9886 9885 9905
3 9906 9886 9905
3 9887 9886 9906
3 9907 9887 9906
3 9888 9887 9907
3 9908 9888 9907
3 9889 9888 9908
3 9909 9889 9908
3 9889 9909 9890
3 9896 9895 9910
3 9897 9896 9910
3 9911 9897 9910
3 9898 9897 9911
3 9912 9898 9911
3 9899 9898 9912
3 9913 9899 9912
3 9900 9899 9913
3 9914 9900 9913
3 9901 9900 9914
3 9915 9901 9914
3 9901 9915 9902
3 9916 9917 9918
3 9917 9919 9920
3 9918 9917 9920
3 9919 9921 9922
3 9920 9919 9922
3 9921 9923 9924
3 9922 9921 9924
3 9923 9925 9926
3 9924 9923 9926
3 9925 9927 9928
3 9926 9925 9928
3 9927 9929 9930
3 9928 9927 9930
3 9929 9931 9930
3 9932 9933 9934
3 9933 9935 9936
3 9934 9933 9936
3 9935 9937 9938
3 9936 9935 9938
3 9937 9939 9940
3 9938 9937 9940
3 9939 9941 9942
3 9940 9939 9942
3 9941 9943 9944
3 9942 9941 9944
3 9943 9945 9946
3 9944 9943 9946
3 9945 9947 9946
3 9948 9724 9726
3 9949 9948 9726
3 9916 9728 9917
3 9916 9949 9728
3 9949 9726 9728
3 9730 9917 9728
3 9919 9917 9730
3 9732 9919 9730
3 9921 9919 9732
3 9734 9921 9732
3 9923 9921 9734
3 9736 9923 9734
3 9925 9923 9736
3 9737 9925 9736
3 9737 9950 9925
3 9950 9927 9925
3 9950 9951 9927
3 9927 9951 9929
3 9952 9931 9929
3 9952 9929 9953
3 9953 9929 9951
3 9953 9954 9955
3 9952 9953 9955
3 9954 9956 9955
3 9957 9958 9959
3 9958 9960 9961
3 9959 9958 9961
3 9932 9961 9960
3 9932 9960 9933
3 9933 9960 9962
3 9962 9963 9933
3 9933 9963 9935
3 9740 9963 9738
3 9740 9937 9963
3 9937 9935 9963
3 9742 9937 9740
3 9939 9937 9742
3 9744 9939 9742
3 9941 9939 9744
3 9746 9941 9744
3 9943 9941 9746
3 9748 9943 9746
3 9945 9943 9748
3 9945 9964 9947
3 9945 9748 9964
3 9748 9750 9964
3 9751 9965 9964
3 9750 9751 9964
3 9966 9752 9753
3 9967 9966 9753
3 9753 9948 9967
3 9724 9948 9753
3 9755 9950 9737
3 9758 9950 9755
3 9951 9950 9758
3 9759 9951 9758
3 9759 9968 9951
3 9968 9953 9951
3 9968 9969 9953
3 9953 9969 9954
3 9970 9956 9954
3 9970 9954 9971
3 9971 9954 9969
3 9971 9972 9970
3 9973 9974 9975
3 9957 9975 9974
3 9957 9974 9958
3 9958 9974 9976
3 9976 9977 9958
3 9958 9977 9960
3 9762 9977 9760
3 9762 9962 9977
3 9962 9960 9977
3 9764 9962 9762
3 9963 9962 9764
3 9764 9738 9963
3 9978 9751 9766
3 9965 9751 9978
3 9767 9979 9978
3 9766 9767 9978
3 9768 9769 9980
3 9769 9981 9980
3 9769 9752 9981
3 9752 9966 9981
3 9771 9968 9759
3 9773 9968 9771
3 9773 9982 9968
3 9982 9969 9968
3 9982 9983 9969
3 9969 9983 9971
3 9971 9983 9984
3 9972 9971 9984
3 9973 9985 9986
3 9974 9973 9986
3 9986 9987 9974
3 9974 9987 9976
3 9776 9987 9774
3 9776 9977 9987
3 9977 9976 9987
3 9776 9760 9977
3 9988 9767 9778
3 9988 9989 9767
3 9989 9979 9767
3 9778 9779 9988
3 9980 9990 9991
3 9980 9991 9768
3 9768 9991 9780
3 9980 9981 9990
3 9782 9992 9783
3 9993 9994 9982
3 9992 9993 9982
3 9992 9982 9773
3 9992 9773 9783
3 9983 9982 9994
3 9995 9983 9994
3 9983 9995 9984
3 9986 9985 9996
3 9987 9986 9996
3 9997 9987 9996
3 9997 9998 9999
3 9987 9997 9999
3 9987 9999 9784
3 9987 9784 9774
3 9784 9999 9785
3 9988 10000 9989
3 10000 9988 9779
3 10000 9779 10001
3 10001 9779 9787
3 10002 10003 9789
3 10002 9789 9991
3 9991 9789 9780
3 10003 10002 10004
3 10005 9791 9790
3 10006 9791 10005
3 9992 9782 9791
3 9992 9791 10007
3 10007 9791 10006
3 9992 10007 9993
3 9999 9998 10008
3 9785 9999 10008
3 9785 10008 9792
3 9792 10008 10009
3 9793 10009 10010
3 9792 10009 9793
3 10011 10012 10013
3 10013 10012 10001
3 10013 10001 9795
3 9795 10001 9787
3 9796 9789 10003
3 10003 10004 10014
3 9796 10003 10014
3 9796 10014 10015
3 9796 10015 9798
3 10015 10014 10016
3 10017 9800 9799
3 10018 9800 10017
3 9800 10018 9801
3 9801 10018 10019
3 9801 10019 9802
3 9802 10019 10020
3 9802 10020 10005
3 9790 9802 10005
3 10021 9803 9793
3 10010 10021 9793
3 9803 10021 9804
3 9804 10021 10022
3 9804 10022 9805
3 9805 10022 10023
3 9806 10023 10024
3 9805 10023 9806
3 10025 10026 10027
3 9808 10011 10013
3 9807 10011 9808
3 9807 10026 10011
3 9807 10027 10026
3 9808 10013 9795
3 9810 9798 10015
3 10015 10016 10028
3 10015 10028 9810
3 9810 10028 9811
3 9811 10028 9812
3 9812 10028 10029
3 9812 10029 9813
3 9813 10029 10030
3 9813 10030 9814
3 9814 10030 10031
3 9814 10031 10017
3 9799 9814 10017
3 10032 9815 9806
3 10024 10032 9806
3 9815 10032 9816
3 9816 10032 10033
3 9816 10033 9817
3 9817 10033 10034
3 9817 10034 9818
3 9818 10034 10035
3 10025 10027 9819
3 10025 9819 10035
3 10035 9819 9818
3 9819 10027 9807
3 9821 9822 10036
3 10037 10036 9822
3 10037 9822 10038
3 10038 9822 9823
3 9823 9824 10038
3 9824 10039 10038
3 9824 9825 10039
3 9825 10040 10039
3 9825 9826 10040
3 9826 10041 10040
3 9827 10042 10041
3 9826 9827 10041
3 10043 9828 9829
3 10044 10043 9829
3 9829 9830 10044
3 9830 10045 10044
3 9830 9831 10045
3 9831 10046 10045
3 9831 9832 10046
3 9832 10047 10046
3 10048 10049 10047
3 10048 10047 9833
3 9833 10047 9832
3 9833 9835 10048
3 9837 9838 10050
3 10051 10036 10052
3 10050 10036 10051
3 10050 9821 10036
3 10050 9838 9821
3 10036 10037 10052
3 10053 9827 9839
3 10042 9827 10053
3 9839 9840 10053
3 9840 10054 10053
3 9840 9841 10054
3 9841 10055 10054
3 9842 10056 10055
3 9841 9842 10055
3 10057 9843 9844
3 10058 10057 9844
3 9844 9845 10058
3 9845 10059 10058
3 9845 9846 10059
3 9846 10060 10059
3 9846 10043 10060
3 9828 10043 9846
3 10048 10061 10049
3 10061 10062 10063
3 10048 10062 10061
3 10048 9847 10062
3 10048 9835 9847
3 9847 9849 10062
3 10050 10064 10065
3 10050 10065 9837
3 9837 10065 9850
3 10050 10051 10064
3 10066 9842 9851
3 10056 9842 10066
3 9853 10067 10068
3 9853 10068 9851
3 9851 10068 10066
3 10067 10069 10068
3 10070 10071 10072
3 10071 9854 9856
3 10071 9856 10072
3 10072 9856 10073
3 9856 10057 10073
3 9843 10057 9856
3 10062 10074 10063
3 10074 10062 9849
3 10074 9849 10075
3 10075 9849 9857
3 10076 10077 9858
3 10076 9858 10065
3 10065 9858 9850
3 10077 10076 10078
3 9860 10067 9853
3 10067 10079 10069
3 9860 10079 10067
3 9860 10080 10079
3 9860 9862 10080
3 10080 10081 10082
3 10079 10080 10082
3 10081 10083 10082
3 10084 10085 10086
3 10085 10087 10088
3 10086 10085 10088
3 9865 10071 10070
3 9863 9865 10070
3 9863 10070 10088
3 9863 10088 10087
3 9865 9854 10071
3 10089 10090 10091
3 10091 10090 10075
3 10091 10075 9867
3 9867 10075 9857
3 9868 9858 10077
3 10077 9869 9868
3 10077 10078 9869
3 10078 10092 9869
3 9873 10093 9874
3 9874 10080 9862
3 9874 10093 10080
3 10093 10094 10080
3 10094 10095 10080
3 10080 10095 10081
3 10081 10095 10096
3 10083 10081 10096
3 10084 10097 10098
3 10085 10084 10098
3 10098 10099 10085
3 10085 10099 10087
3 9863 10100 9875
3 9863 10087 10100
3 10087 10099 10100
3 9875 10100 9876
3 9881 10089 10091
3 9881 9880 10089
3 9880 10101 10089
3 9881 10091 9867
3 10102 9882 9869
3 10092 10102 9869
3 9884 10102 10103
3 9882 10102 9884
3 9890 10104 9891
3 9891 10105 9892
3 10104 10105 9891
3 9892 10093 9873
3 9892 10105 10093
3 10105 10106 10093
3 10106 10107 10093
3 10093 10107 10094
3 10108 10109 10095
3 10108 10095 10107
3 10107 10095 10094
3 10095 10109 10096
3 10098 10097 10110
3 10110 10111 10112
3 10110 10112 10098
3 10098 10112 10099
3 10112 10113 10099
3 10099 10113 10100
3 9876 10114 9893
3 9876 10100 10114
3 10100 10113 10114
3 9893 10115 9894
3 10114 10115 9893
3 9894 10115 9895
3 10116 9903 9902
3 10117 9903 10116
3 9903 10117 10101
3 9880 9903 10101
3 10118 9904 9884
3 10103 10118 9884
3 10119 10118 10120
3 10119 9905 10118
3 9905 9904 10118
3 9905 10121 9906
3 10119 10121 9905
3 9906 10122 9907
3 10121 10122 9906
3 9907 10123 9908
3 10122 10123 9907
3 9908 10124 9909
3 10123 10124 9908
3 9909 10104 9890
3 9909 10124 10104
3 10124 10125 10104
3 10125 10126 10104
3 10104 10126 10105
3 10127 10128 10106
3 10127 10106 10126
3 10126 10106 10105
3 10107 10106 10128
3 10129 10107 10128
3 10107 10129 10108
3 10112 10111 10130
3 10113 10112 10130
3 10131 10113 10130
3 10131 10132 10133
3 10131 10133 10113
3 10113 10133 10114
3 10133 10134 10114
3 10114 10134 10115
3 9895 10135 9910
3 9895 10115 10135
3 10115 10134 10135
3 9910 10136 9911
3 10135 10136 9910
3 9911 10137 9912
3 10136 10137 9911
3 9912 10138 9913
3 10137 10138 9912
3 9913 10139 9914
3 10138 10139 9913
3 10140 9914 10139
3 10140 10141 9914
3 10141 9915 9914
3 9915 10141 10116
3 9902 9915 10116
3 10119 10120 10142
3 10121 10119 10142
3 10143 10121 10142
3 10122 10121 10143
3 10144 10122 10143
3 10123 10122 10144
3 10145 10123 10144
3 10124 10123 10145
3 10146 10124 10145
3 10125 10124 10146
3 10147 10125 10146
3 10126 10125 10147
3 10148 10126 10147
3 10126 10148 10127
3 10133 10132 10149
3 10134 10133 10149
3 10150 10134 10149
3 10135 10134 10150
3 10151 10135 10150
3 10136 10135 10151
3 10152 10136 10151
3 10137 10136 10152
3 10153 10137 10152
3 10138 10137 10153
3 10154 10138 10153
3 10139 10138 10154
3 10155 10139 10154
3 10139 10155 10140
3 10156 10157 10158
3 10157 10159 10160
3 10158 10157 10160
3 10159 10161 10162
3 10160 10159 10162
3 10161 10163 10164
3 10162 10161 10164
3 10163 10165 10166
3 10164 10163 10166
3 10165 10167 10168
3 10166 10165 10168
3 10167 10169 10170
3 10168 10167 10170
3 10169 10171 10172
3 10170 10169 10172
3 10171 10173 10172
3 10174 10175 10176
3 10175 10177 10178
3 10176 10175 10178
3 10177 10179 10180
3 10178 10177 10180
3 10179 10181 10182
3 10180 10179 10182
3 10181 10183 10184
3 10182 10181 10184
3 10183 10185 10186
3 10184 10183 10186
3 10185 10187 10188
3 10186 10185 10188
3 10187 10189 10190
3 10188 10187 10190
3 10189 10191 10190
3 10192 9916 9918
3 10193 10192 9918
3 10156 9920 10157
3 10156 10193 9920
3 10193 9918 9920
3 9922 10157 9920
3 10159 10157 9922
3 9924 10159 9922
3 10161 10159 9924
3 9926 10161 9924
3 10163 10161 9926
3 9928 10163 9926
3 10165 10163 9928
3 9930 10165 9928
3 10167 10165 9930
3 9931 10167 9930
3 9931 10194 10167
3 10194 10169 10167
3 10194 10195 10169
3 10169 10195 10171
3 10196 10173 10171
3 10196 10171 10197
3 10197 10171 10195
3 10197 10198 10199
3 10196 10197 10199
3 10198 10200 10199
3 10201 10202 10203
3 10202 10204 10205
3 10203 10202 10205
3 10174 10205 10204
3 10174 10204 10175
3 10175 10204 10206
3 10206 10207 10175
3 10175 10207 10177
3 9934 10207 9932
3 9934 10179 10207
3 10179 10177 10207
3 9936 10179 9934
3 10181 10179 9936
3 9938 10181 9936
3 10183 10181 9938
3 9940 10183 9938
3 10185 10183 9940
3 9942 10185 9940
3 10187 10185 9942
3 9944 10187 9942
3 10189 10187 9944
3 10189 10208 10191
3 10189 9944 10208
3 9944 9946 10208
3 9947 10209 10208
3 9946 9947 10208
3 10210 9948 9949
3 10211 10210 9949
3 9949 10192 10211
3 9916 10192 9949
3 9952 10194 9931
3 9955 10194 9952
3 10195 10194 9955
3 9956 10195 9955
3 9956 10212 10195
3 10212 10197 10195
3 10212 10213 10197
3 10197 10213 10198
3 10214 10200 10198
3 10214 10198 10215
3 10215 10198 10213
3 10215 10216 10217
3 10214 10215 10217
3 10216 10218 10217
3 10219 10220 10221
3 10220 10222 10223
3 10221 10220 10223
3 10201 10223 10222
3 10201 10222 10202
3 10202 10222 10224
3 10224 10225 10202
3 10202 10225 10204
3 9959 10225 9957
3 9959 10206 10225
3 10206 10204 10225
3 9961 10206 9959
3 10207 10206 9961
3 9961 9932 10207
3 10226 9947 9964
3 10209 9947 10226
3 9965 10227 10226
3 9964 9965 10226
3 10228 9966 9967
3 10229 10228 9967
3 9967 10210 10229
3 9948 10210 9967
3 9970 10212 9956
3 9972 10212 9970
3 9972 10230 10212
3 10230 10213 10212
3 10230 10231 10213
3 10213 10231 10215
3 10231 10232 10215
3 10215 10232 10216
3 10216 10232 10233
3 10218 10216 10233
3 10219 10234 10235
3 10220 10219 10235
3 10235 10236 10220
3 10220 10236 10222
3 10236 10237 10222
3 10222 10237 10224
3 9975 10237 9973
3 9975 10225 10237
3 10225 10224 10237
3 9975 9957 10225
3 10238 9965 9978
3 10227 9965 10238
3 9979 10239 10238
3 9978 9979 10238
3 9981 9966 10240
3 10240 9966 10228
3 9984 10230 9972
3 10241 10230 9984
3 10241 10242 10230
3 10230 10242 10231
3 10243 10244 10232
3 10243 10232 10242
3 10242 10232 10231
3 10232 10244 10233
3 10235 10234 10245
3 10245 10246 10247
3 10245 10247 10235
3 10235 10247 10236
3 10247 10248 10236
3 10236 10248 10237
3 10248 9973 10237
3 9985 9973 10248
3 9989 10249 9979
3 10249 10239 9979
3 9991 9990 10250
3 9990 10251 10250
3 9990 9981 10251
3 9981 10240 10251
3 9993 10252 9994
3 10253 9994 10252
3 10253 10254 9994
3 10254 9995 9994
3 10241 9984 9995
3 10241 9995 10255
3 10255 9995 10254
3 10242 10241 10255
3 10256 10242 10255
3 10242 10256 10243
3 10247 10246 10257
3 10248 10247 10257
3 10258 10248 10257
3 9985 10248 10258
3 9985 10258 9996
3 9996 10258 10259
3 10260 10259 10261
3 10260 9997 10259
3 9997 9996 10259
3 9997 10260 9998
3 10262 9989 10000
3 10262 10263 9989
3 10263 10249 9989
3 10000 10001 10262
3 10002 9991 10250
3 10250 10004 10002
3 10250 10251 10004
3 10251 10264 10004
3 10265 10006 10005
3 10266 10006 10265
3 10006 10266 10007
3 10007 10266 10267
3 10252 9993 10007
3 10252 10007 10268
3 10268 10007 10267
3 10252 10268 10253
3 10260 10261 10269
3 9998 10260 10269
3 9998 10269 10008
3 10008 10269 10270
3 10008 10270 10009
3 10009 10270 10271
3 10010 10271 10272
3 10009 10271 10010
3 10012 10263 10262
3 10012 10011 10263
3 10011 10273 10263
3 10012 10262 10001
3 10274 10014 10004
3 10264 10274 10004
3 10016 10275 10276
3 10016 10014 10275
3 10014 10274 10275
3 10276 10275 10277
3 10278 10279 10280
3 10280 10018 10017
3 10280 10279 10018
3 10279 10281 10018
3 10018 10281 10019
3 10019 10281 10282
3 10019 10282 10020
3 10020 10282 10283
3 10020 10283 10265
3 10005 10020 10265
3 10284 10021 10010
3 10272 10284 10010
3 10021 10284 10022
3 10022 10284 10285
3 10022 10285 10023
3 10023 10285 10286
3 10024 10287 10288
3 10024 10023 10287
3 10023 10286 10287
3 10288 10287 10289
3 10290 10291 10292
3 10292 10026 10025
3 10292 10291 10026
3 10291 10293 10026
3 10026 10293 10273
3 10011 10026 10273
3 10028 10016 10276
3 10276 10277 10294
3 10276 10294 10028
3 10028 10294 10029
3 10029 10294 10030
3 10030 10294 10295
3 10278 10280 10031
3 10278 10031 10295
3 10295 10031 10030
3 10031 10280 10017
3 10032 10024 10288
3 10288 10289 10296
3 10288 10296 10032
3 10032 10296 10033
3 10033 10296 10034
3 10034 10296 10297
3 10290 10292 10035
3 10290 10035 10297
3 10297 10035 10034
3 10035 10292 10025
3 10037 10038 10298
3 10299 10298 10038
3 10299 10038 10300
3 10300 10038 10039
3 10039 10040 10300
3 10040 10301 10300
3 10302 10303 10301
3 10302 10301 10041
3 10041 10301 10040
3 10041 10042 10302
3 10043 10044 10304
3 10305 10304 10044
3 10305 10044 10306
3 10306 10044 10045
3 10045 10046 10306
3 10046 10307 10306
3 10308 10309 10307
3 10308 10307 10047
3 10047 10307 10046
3 10047 10049 10308
3 10310 10051 10052
3 10311 10310 10052
3 10298 10052 10037
3 10298 10312 10052
3 10312 10311 10052
3 10298 10299 10312
3 10302 10313 10303
3 10042 10313 10302
3 10042 10053 10313
3 10053 10314 10313
3 10053 10054 10314
3 10054 10315 10314
3 10054 10055 10315
3 10055 10316 10315
3 10056 10317 10316
3 10055 10056 10316
3 10318 10057 10058
3 10319 10318 10058
3 10058 10059 10319
3 10059 10320 10319
3 10059 10060 10320
3 10060 10321 10320
3 10304 10060 10043
3 10304 10322 10060
3 10322 10321 10060
3 10304 10305 10322
3 10308 10323 10309
3 10049 10323 10308
3 10049 10061 10323
3 10061 10324 10323
3 10063 10325 10324
3 10061 10063 10324
3 10065 10064 10326
3 10064 10327 10326
3 10064 10051 10327
3 10051 10310 10327
3 10328 10056 10066
3 10317 10056 10328
3 10066 10068 10328
3 10068 10329 10328
3 10069 10330 10331
3 10069 10331 10068
3 10068 10331 10329
3 10330 10332 10331
3 10333 10334 10335
3 10334 10070 10072
3 10334 10072 10335
3 10335 10072 10336
3 10072 10073 10336
3 10073 10337 10336
3 10073 10318 10337
3 10057 10318 10073
3 10338 10063 10074
3 10338 10339 10063
3 10339 10325 10063
3 10074 10075 10338
3 10076 10065 10326
3 10326 10078 10076
3 10326 10327 10078
3 10327 10340 10078
3 10079 10330 10069
3 10330 10341 10332
3 10330 10079 10341
3 10079 10082 10341
3 10083 10342 10343
3 10083 10343 10082
3 10082 10343 10341
3 10342 10344 10345
3 10343 10342 10345
3 10344 10346 10345
3 10347 10348 10349
3 10348 10350 10351
3 10349 10348 10351
3 10350 10084 10086
3 10350 10086 10351
3 10351 10086 10352
3 10333 10088 10334
3 10333 10352 10088
3 10352 10086 10088
3 10088 10070 10334
3 10090 10339 10338
3 10090 10089 10339
3 10089 10353 10339
3 10090 10338 10075
3 10092 10078 10354
3 10354 10078 10340
3 10096 10342 10083
3 10355 10342 10096
3 10355 10356 10342
3 10342 10356 10344
3 10357 10346 10344
3 10357 10344 10358
3 10358 10344 10356
3 10358 10359 10357
3 10360 10361 10362
3 10347 10362 10361
3 10347 10361 10348
3 10348 10361 10363
3 10363 10364 10348
3 10348 10364 10350
3 10364 10084 10350
3 10097 10084 10364
3 10101 10365 10089
3 10365 10353 10089
3 10366 10102 10092
3 10354 10366 10092
3 10103 10366 10367
3 10102 10366 10103
3 10108 10368 10109
3 10109 10355 10096
3 10109 10368 10355
3 10368 10369 10355
3 10369 10370 10355
3 10355 10370 10356
3 10370 10371 10356
3 10356 10371 10358
3 10358 10371 10372
3 10359 10358 10372
3 10360 10373 10374
3 10361 10360 10374
3 10374 10375 10361
3 10361 10375 10363
3 10375 10376 10363
3 10363 10376 10364
3 10097 10377 10110
3 10097 10364 10377
3 10364 10376 10377
3 10110 10377 10111
3 10378 10117 10116
3 10379 10117 10378
3 10117 10379 10365
3 10101 10117 10365
3 10380 10118 10103
3 10367 10380 10103
3 10120 10380 10381
3 10118 10380 10120
3 10127 10382 10128
3 10128 10383 10129
3 10382 10383 10128
3 10129 10368 10108
3 10129 10383 10368
3 10383 10384 10368
3 10384 10385 10368
3 10368 10385 10369
3 10386 10387 10370
3 10386 10370 10385
3 10385 10370 10369
3 10371 10370 10387
3 10388 10371 10387
3 10371 10388 10372
3 10374 10373 10389
3 10375 10374 10389
3 10390 10375 10389
3 10390 10391 10392
3 10390 10392 10375
3 10375 10392 10376
3 10392 10393 10376
3 10376 10393 10377
3 10111 10394 10130
3 10111 10377 10394
3 10377 10393 10394
3 10130 10395 10131
3 10394 10395 10130
3 10131 10395 10132
3 10396 10141 10140
3 10397 10141 10396
3 10141 10397 10378
3 10116 10141 10378
3 10398 10142 10120
3 10381 10398 10120
3 10399 10398 10400
3 10399 10143 10398
3 10143 10142 10398
3 10143 10401 10144
3 10399 10401 10143
3 10144 10402 10145
3 10401 10402 10144
3 10145 10403 10146
3 10402 10403 10145
3 10146 10404 10147
3 10403 10404 10146
3 10147 10405 10148
3 10404 10405 10147
3 10148 10382 10127
3 10148 10405 10382
3 10405 10406 10382
3 10406 10407 10382
3 10382 10407 10383
3 10408 10409 10384
3 10408 10384 10407
3 10407 10384 10383
3 10385 10384 10409
3 10410 10385 10409
3 10385 10410 10386
3 10392 10391 10411
3 10393 10392 10411
3 10412 10393 10411
3 10412 10413 10414
3 10412 10414 10393
3 10393 10414 10394
3 10414 10415 10394
3 10394 10415 10395
3 10132 10416 10149
3 10132 10395 10416
3 10395 10415 10416
3 10149 10417 10150
3 10416 10417 10149
3 10150 10418 10151
3 10417 10418 10150
3 10151 10419 10152
3 10418 10419 10151
3 10152 10420 10153
3 10419 10420 10152
3 10153 10421 10154
3 10420 10421 10153
3 10422 10154 10421
3 10422 10423 10154
3 10423 10155 10154
3 10155 10423 10396
3 10140 10155 10396
3 10399 10400 10424
3 10401 10399 10424
3 10425 10401 10424
3 10402 10401 10425
3 10426 10402 10425
3 10403 10402 10426
3 10427 10403 10426
3 10404 10403 10427
3 10428 10404 10427
3 10405 10404 10428
3 10429 10405 10428
3 10406 10405 10429
3 10430 10406 10429
3 10407 10406 10430
3 10431 10407 10430
3 10407 10431 10408
3 10414 10413 10432
3 10415 10414 10432
3 10433 10415 10432
3 10416 10415 10433
3 10434 10416 10433
3 10417 10416 10434
3 10435 10417 10434
3 10418 10417 10435
3 10436 10418 10435
3 10419 10418 10436
3 10437 10419 10436
3 10420 10419 10437
3 10438 10420 10437
3 10421 10420 10438
3 10439 10421 10438
3 10421 10439 10422
3 10440 10441 10442
3 10441 10443 10444
3 10442 10441 10444
3 10443 10445 10446
3 10444 10443 10446
3 10445 10447 10448
3 10446 10445 10448
3 10447 10449 10450
3 10448 10447 10450
3 10449 10451 10452
3 10450 10449 10452
3 10451 10453 10454
3 10452 10451 10454
3 10453 10455 10456
3 10454 10453 10456
3 10455 10457 10458
3 10456 10455 10458
3 10457 10459 10458
3 10460 10461 10462
3 10461 10463 10464
3 10462 10461 10464
3 10463 10465 10466
3 10464 10463 10466
3 10465 10467 10468
3 10466 10465 10468
3 10467 10469 10470
3 10468 10467 10470
3 10469 10471 10472
3 10470 10469 10472
3 10471 10473 10474
3 10472 10471 10474
3 10473 10475 10476
3 10474 10473 10476
3 10475 10477 10478
3 10476 10475 10478
3 10477 10479 10478
3 10480 10156 10158
3 10481 10480 10158
3 10158 10160 10481
3 10160 10482 10481
3 10440 10162 10441
3 10440 10482 10162
3 10482 10160 10162
3 10164 10441 10162
3 10443 10441 10164
3 10166 10443 10164
3 10445 10443 10166
3 10168 10445 10166
3 10447 10445 10168
3 10170 10447 10168
3 10449 10447 10170
3 10172 10449 10170
3 10451 10449 10172
3 10173 10451 10172
3 10173 10483 10451
3 10483 10453 10451
3 10483 10484 10453
3 10453 10484 10455
3 10484 10485 10455
3 10455 10485 10457
3 10486 10459 10457
3 10486 10457 10487
3 10487 10457 10485
3 10487 10488 10489
3 10486 10487 10489
3 10488 10490 10491
3 10489 10488 10491
3 10490 10492 10493
3 10491 10490 10493
3 10492 10494 10495
3 10493 10492 10495
3 10494 10496 10497
3 10495 10494 10497
3 10496 10498 10499
3 10497 10496 10499
3 10498 10500 10501
3 10499 10498 10501
3 10500 10502 10503
3 10501 10500 10503
3 10502 10504 10505
3 10503 10502 10505
3 10504 10506 10507
3 10505 10504 10507
3 10460 10507 10506
3 10460 10506 10461
3 10461 10506 10508
3 10508 10509 10461
3 10461 10509 10463
3 10509 10510 10463
3 10463 10510 10465
3 10176 10510 10174
3 10176 10467 10510
3 10467 10465 10510
3 10178 10467 10176
3 10469 10467 10178
3 10180 10469 10178
3 10471 10469 10180
3 10182 10471 10180
3 10473 10471 10182
3 10184 10473 10182
3 10475 10473 10184
3 10186 10475 10184
3 10477 10475 10186
3 10477 10511 10479
3 10477 10186 10511
3 10186 10188 10511
3 10188 10190 10511
3 10190 10512 10511
3 10191 10513 10512
3 10190 10191 10512
3 10514 10192 10193
3 10515 10514 10193
3 10193 10480 10515
3 10156 10480 10193
3 10196 10483 10173
3 10199 10483 10196
3 10484 10483 10199
3 10200 10484 10199
3 10200 10516 10484
3 10516 10485 10484
3 10516 10517 10485
3 10485 10517 10487
3 10517 10518 10487
3 10487 10518 10488
3 10518 10519 10488
3 10488 10519 10490
3 10519 10520 10490
3 10490 10520 10492
3 10520 10521 10492
3 10492 10521 10494
3 10521 10522 10494
3 10494 10522 10496
3 10522 10523 10496
3 10496 10523 10498
3 10523 10524 10498
3 10498 10524 10500
3 10524 10525 10500
3 10500 10525 10502
3 10525 10526 10502
3 10502 10526 10504
3 10526 10527 10504
3 10504 10527 10506
3 10527 10528 10506
3 10506 10528 10508
3 10203 10528 10201
3 10203 10509 10528
3 10509 10508 10528
3 10205 10509 10203
3 10510 10509 10205
3 10205 10174 10510
3 10529 10191 10208
3 10513 10191 10529
3 10209 10530 10529
3 10208 10209 10529
3 10531 10210 10211
3 10532 10531 10211
3 10211 10514 10532
3 10192 10514 10211
3 10214 10516 10200
3 10217 10516 10214
3 10517 10516 10217
3 10218 10517 10217
3 10218 10533 10517
3 10533 10518 10517
3 10533 10534 10518
3 10518 10534 10519
3 10534 10535 10519
3 10519 10535 10520
3 10535 10536 10520
3 10520 10536 10521
3 10536 10537 10521
3 10521 10537 10522
3 10537 10538 10522
3 10522 10538 10523
3 10538 10539 10523
3 10523 10539 10524
3 10539 10540 10524
3 10524 10540 10525
3 10540 10541 10525
3 10525 10541 10526
3 10221 10541 10219
3 10221 10527 10541
3 10527 10526 10541
3 10223 10527 10221
3 10528 10527 10223
3 10223 10201 10528
3 10542 10209 10226
3 10530 10209 10542
3 10227 10543 10542
3 10226 10227 10542
3 10228 10229 10544
3 10229 10545 10544
3 10229 10210 10545
3 10210 10531 10545
3 10233 10533 10218
3 10546 10533 10233
3 10546 10547 10533
3 10533 10547 10534
3 10547 10548 10534
3 10534 10548 10535
3 10548 10549 10535
3 10535 10549 10536
3 10549 10550 10536
3 10536 10550 10537
3 10550 10551 10537
3 10537 10551 10538
3 10551 10552 10538
3 10538 10552 10539
3 10552 10553 10539
3 10539 10553 10540
3 10553 10554 10540
3 10540 10554 10541
3 10554 10219 10541
3 10234 10219 10554
3 10555 10227 10238
3 10555 10556 10227
3 10556 10543 10227
3 10238 10239 10555
3 10240 10228 10544
3 10557 10240 10544
3 10544 10558 10557
3 10545 10558 10544
3 10243 10559 10244
3 10244 10546 10233
3 10244 10559 10546
3 10559 10560 10546
3 10561 10562 10547
3 10561 10547 10560
3 10560 10547 10546
3 10548 10547 10562
3 10563 10548 10562
3 10549 10548 10563
3 10564 10549 10563
3 10550 10549 10564
3 10565 10550 10564
3 10551 10550 10565
3 10566 10551 10565
3 10552 10551 10566
3 10567 10552 10566
3 10553 10552 10567
3 10568 10553 10567
3 10568 10569 10570
3 10568 10570 10553
3 10553 10570 10554
3 10234 10571 10245
3 10234 10554 10571
3 10554 10570 10571
3 10245 10571 10246
3 10556 10572 10573
3 10555 10572 10556
3 10572 10555 10239
3 10249 10572 10239
3 10251 10240 10557
3 10574 10251 10557
3 10557 10575 10574
3 10558 10575 10557
3 10253 10576 10254
3 10577 10254 10576
3 10577 10578 10254
3 10578 10255 10254
3 10255 10578 10256
3 10256 10578 10579
3 10559 10243 10256
3 10559 10256 10580
3 10580 10256 10579
3 10560 10559 10580
3 10581 10560 10580
3 10560 10581 10561
3 10570 10569 10582
3 10571 10570 10582
3 10583 10571 10582
3 10246 10571 10583
3 10246 10583 10257
3 10257 10583 10584
3 10257 10584 10258
3 10258 10584 10585
3 10586 10585 10587
3 10586 10259 10585
3 10259 10258 10585
3 10259 10586 10261
3 10573 10588 10589
3 10572 10588 10573
3 10588 10572 10249
3 10263 10588 10249
3 10264 10251 10574
3 10590 10264 10574
3 10574 10591 10590
3 10575 10591 10574
3 10592 10266 10265
3 10593 10266 10592
3 10266 10593 10267
3 10267 10593 10594
3 10267 10594 10268
3 10268 10594 10595
3 10576 10253 10268
3 10576 10268 10596
3 10596 10268 10595
3 10576 10596 10577
3 10586 10587 10597
3 10261 10586 10597
3 10261 10597 10269
3 10269 10597 10598
3 10269 10598 10270
3 10270 10598 10599
3 10270 10599 10271
3 10271 10599 10600
3 10272 10600 10601
3 10271 10600 10272
3 10589 10602 10603
3 10588 10602 10589
3 10602 10588 10263
3 10273 10602 10263
3 10274 10264 10590
3 10590 10591 10604
3 10590 10604 10274
3 10274 10604 10275
3 10277 10605 10606
3 10277 10275 10605
3 10275 10604 10605
3 10606 10607 10608
3 10605 10607 10606
3 10608 10279 10278
3 10608 10607 10279
3 10607 10609 10279
3 10279 10609 10281
3 10281 10609 10610
3 10281 10610 10282
3 10282 10610 10611
3 10282 10611 10283
3 10283 10611 10612
3 10283 10612 10592
3 10265 10283 10592
3 10613 10284 10272
3 10601 10613 10272
3 10284 10613 10285
3 10285 10613 10614
3 10285 10614 10286
3 10286 10614 10615
3 10286 10615 10287
3 10287 10615 10616
3 10289 10617 10618
3 10289 10287 10617
3 10287 10616 10617
3 10618 10619 10620
3 10617 10619 10618
3 10620 10291 10290
3 10620 10619 10291
3 10619 10621 10291
3 10603 10602 10293
3 10603 10293 10621
3 10621 10293 10291
3 10293 10602 10273
3 10294 10277 10606
3 10295 10294 10606
3 10608 10295 10606
3 10295 10608 10278
3 10296 10289 10618
3 10297 10296 10618
3 10620 10297 10618
3 10297 10620 10290
3 10299 10300 10622
3 10300 10301 10623
3 10622 10300 10623
3 10301 10303 10623
3 10305 10306 10624
3 10306 10307 10625
3 10624 10306 10625
3 10307 10309 10625
3 10310 10311 10626
3 10627 10626 10311
3 10627 10311 10628
3 10628 10311 10312
3 10622 10312 10299
3 10622 10629 10312
3 10629 10628 10312
3 10623 10629 10622
3 10630 10629 10623
3 10303 10630 10623
3 10303 10313 10630
3 10313 10631 10630
3 10313 10314 10631
3 10314 10632 10631
3 10314 10315 10632
3 10315 10633 10632
3 10315 10316 10633
3 10316 10634 10633
3 10317 10635 10634
3 10316 10317 10634
3 10636 10318 10319
3 10637 10636 10319
3 10319 10320 10637
3 10320 10638 10637
3 10320 10321 10638
3 10321 10639 10638
3 10321 10322 10639
3 10322 10640 10639
3 10624 10322 10305
3 10624 10641 10322
3 10641 10640 10322
3 10625 10641 10624
3 10642 10641 10625
3 10309 10642 10625
3 10309 10323 10642
3 10323 10643 10642
3 10644 10645 10643
3 10644 10643 10324
3 10324 10643 10323
3 10324 10325 10644
3 10327 10310 10626
3 10646 10327 10626
3 10626 10647 10646
3 10627 10647 10626
3 10648 10317 10328
3 10635 10317 10648
3 10328 10329 10648
3 10329 10649 10648
3 10329 10331 10649
3 10331 10650 10649
3 10332 10651 10652
3 10332 10652 10331
3 10331 10652 10650
3 10651 10653 10652
3 10654 10655 10656
3 10655 10333 10335
3 10655 10335 10656
3 10656 10335 10657
3 10335 10336 10657
3 10336 10658 10657
3 10336 10337 10658
3 10337 10659 10658
3 10337 10636 10659
3 10318 10636 10337
3 10645 10660 10661
3 10644 10660 10645
3 10660 10644 10325
3 10339 10660 10325
3 10340 10327 10646
3 10662 10340 10646
3 10646 10663 10662
3 10647 10663 10646
3 10341 10651 10332
3 10651 10664 10653
3 10651 10341 10664
3 10341 10343 10664
3 10343 10345 10664
3 10345 10665 10664
3 10346 10666 10667
3 10346 10667 10345
3 10345 10667 10665
3 10666 10668 10669
3 10667 10666 10669
3 10668 10670 10669
3 10671 10672 10673
3 10672 10674 10675
3 10673 10672 10675
3 10674 10347 10349
3 10674 10349 10675
3 10675 10349 10676
3 10349 10351 10676
3 10351 10677 10676
3 10654 10352 10655
3 10654 10677 10352
3 10677 10351 10352
3 10352 10333 10655
3 10661 10678 10679
3 10660 10678 10661
3 10678 10660 10339
3 10353 10678 10339
3 10354 10340 10662
3 10680 10354 10662
3 10662 10681 10680
3 10663 10681 10662
3 10357 10666 10346
3 10359 10666 10357
3 10359 10682 10666
3 10682 10668 10666
3 10683 10670 10668
3 10683 10668 10684
3 10684 10668 10682
3 10684 10685 10686
3 10683 10684 10686
3 10685 10687 10688
3 10686 10685 10688
3 10687 10689 10690
3 10688 10687 10690
3 10689 10691 10692
3 10690 10689 10692
3 10691 10693 10694
3 10692 10691 10694
3 10693 10695 10696
3 10694 10693 10696
3 10671 10696 10695
3 10671 10695 10672
3 10672 10695 10697
3 10362 10697 10360
3 10362 10674 10697
3 10674 10672 10697
3 10362 10347 10674
3 10679 10698 10699
3 10678 10698 10679
3 10698 10678 10353
3 10365 10698 10353
3 10366 10354 10680
3 10680 10367 10366
3 10680 10681 10367
3 10681 10700 10367
3 10372 10682 10359
3 10701 10682 10372
3 10701 10702 10682
3 10682 10702 10684
3 10702 10703 10684
3 10684 10703 10685
3 10703 10704 10685
3 10685 10704 10687
3 10704 10705 10687
3 10687 10705 10689
3 10705 10706 10689
3 10689 10706 10691
3 10706 10707 10691
3 10691 10707 10693
3 10707 10708 10693
3 10693 10708 10695
3 10708 10709 10695
3 10695 10709 10697
3 10709 10360 10697
3 10373 10360 10709
3 10379 10699 10698
3 10379 10378 10699
3 10378 10710 10699
3 10379 10698 10365
3 10711 10380 10367
3 10700 10711 10367
3 10381 10711 10712
3 10380 10711 10381
3 10386 10713 10387
3 10387 10714 10388
3 10713 10714 10387
3 10388 10701 10372
3 10388 10714 10701
3 10714 10715 10701
3 10715 10716 10701
3 10701 10716 10702
3 10716 10717 10702
3 10702 10717 10703
3 10717 10718 10703
3 10703 10718 10704
3 10718 10719 10704
3 10704 10719 10705
3 10719 10720 10705
3 10705 10720 10706
3 10720 10721 10706
3 10706 10721 10707
3 10721 10722 10707
3 10707 10722 10708
3 10722 10723 10708
3 10708 10723 10709
3 10373 10724 10389
3 10373 10709 10724
3 10709 10723 10724
3 10389 10725 10390
3 10724 10725 10389
3 10390 10725 10391
3 10726 10397 10396
3 10727 10397 10726
3 10397 10727 10710
3 10378 10397 10710
3 10728 10398 10381
3 10712 10728 10381
3 10400 10728 10729
3 10398 10728 10400
3 10408 10730 10409
3 10409 10731 10410
3 10730 10731 10409
3 10410 10713 10386
3 10410 10731 10713
3 10731 10732 10713
3 10732 10733 10713
3 10713 10733 10714
3 10733 10734 10714
3 10714 10734 10715
3 10734 10735 10715
3 10715 10735 10716
3 10735 10736 10716
3 10716 10736 10717
3 10736 10737 10717
3 10717 10737 10718
3 10737 10738 10718
3 10718 10738 10719
3 10738 10739 10719
3 10719 10739 10720
3 10739 10740 10720
3 10720 10740 10721
3 10740 10741 10721
3 10721 10741 10722
3 10741 10742 10722
3 10722 10742 10723
3 10742 10743 10723
3 10723 10743 10724
3 10743 10744 10724
3 10724 10744 10725
3 10391 10745 10411
3 10391 10725 10745
3 10725 10744 10745
3 10411 10746 10412
3 10745 10746 10411
3 10412 10746 10413
3 10747 10423 10422
3 10748 10423 10747
3 10423 10748 10726
3 10396 10423 10726
3 10749 10424 10400
3 10729 10749 10400
3 10424 10749 10425
3 10425 10749 10750
3 10751 10750 10752
3 10751 10426 10750
3 10426 10425 10750
3 10426 10753 10427
3 10751 10753 10426
3 10427 10754 10428
3 10753 10754 10427
3 10428 10755 10429
3 10754 10755 10428
3 10429 10756 10430
3 10755 10756 10429
3 10430 10757 10431
3 10756 10757 10430
3 10431 10730 10408
3 10431 10757 10730
3 10757 10758 10730
3 10758 10759 10730
3 10730 10759 10731
3 10759 10760 10731
3 10731 10760 10732
3 10761 10762 10733
3 10761 10733 10760
3 10760 10733 10732
3 10734 10733 10762
3 10763 10734 10762
3 10735 10734 10763
3 10764 10735 10763
3 10736 10735 10764
3 10765 10736 10764
3 10737 10736 10765
3 10766 10737 10765
3 10738 10737 10766
3 10767 10738 10766
3 10739 10738 10767
3 10768 10739 10767
3 10740 10739 10768
3 10769 10740 10768
3 10741 10740 10769
3 10770 10741 10769
3 10742 10741 10770
3 10771 10742 10770
3 10743 10742 10771
3 10772 10743 10771
3 10772 10773 10774
3 10772 10774 10743
3 10743 10774 10744
3 10774 10775 10744
3 10744 10775 10745
3 10775 10776 10745
3 10745 10776 10746
3 10413 10777 10432
3 10413 10746 10777
3 10746 10776 10777
3 10432 10778 10433
3 10777 10778 10432
3 10433 10779 10434
3 10778 10779 10433
3 10434 10780 10435
3 10779 10780 10434
3 10435 10781 10436
3 10780 10781 10435
3 10436 10782 10437
3 10781 10782 10436
3 10783 10437 10782
3 10783 10784 10437
3 10784 10438 10437
3 10438 10784 10439
3 10439 10784 10785
3 10439 10785 10747
3 10422 10439 10747
3 10751 10752 10786
3 10753 10751 10786
3 10787 10753 10786
3 10754 10753 10787
3 10788 10754 10787
3 10755 10754 10788
3 10789 10755 10788
3 10756 10755 10789
3 10790 10756 10789
3 10757 10756 10790
3 10791 10757 10790
3 10758 10757 10791
3 10792 10758 10791
3 10759 10758 10792
3 10793 10759 10792
3 10760 10759 10793
3 10794 10760 10793
3 10760 10794 10761
3 10774 10773 10795
3 10775 10774 10795
3 10796 10775 10795
3 10776 10775 10796
3 10797 10776 10796
3 10777 10776 10797
3 10798 10777 10797
3 10778 10777 10798
3 10799 10778 10798
3 10779 10778 10799
3 10800 10779 10799
3 10780 10779 10800
3 10801 10780 10800
3 10781 10780 10801
3 10802 10781 10801
3 10782 10781 10802
3 10803 10782 10802
3 10782 10803 10783
3 10804 10805 10806
3 10805 10807 10808
3 10806 10805 10808
3 10807 10809 10810
3 10808 10807 10810
3 10809 10811 10812
3 10810 10809 10812
3 10811 10813 10814
3 10812 10811 10814
3 10813 10815 10816
3 10814 10813 10816
3 10815 10817 10818
3 10816 10815 10818
3 10817 10819 10820
3 10818 10817 10820
3 10819 10821 10822
3 10820 10819 10822
3 10821 10823 10824
3 10822 10821 10824
3 10823 10825 10826
3 10824 10823 10826
3 10825 10827 10828
3 10826 10825 10828
3 10827 10829 10830
3 10828 10827 10830
3 10829 10831 10832
3 10830 10829 10832
3 10831 10833 10834
3 10832 10831 10834
3 10833 10835 10836
3 10834 10833 10836
3 10835 10837 10838
3 10836 10835 10838
3 10837 10839 10840
3 10838 10837 10840
3 10839 10841 10842
3 10840 10839 10842
3 10841 10843 10844
3 10842 10841 10844
3 10843 10845 10846
3 10844 10843 10846
3 10845 10847 10848
3 10846 10845 10848
3 10847 10849 10850
3 10848 10847 10850
3 10849 10851 10852
3 10850 10849 10852
3 10851 10853 10854
3 10852 10851 10854
3 10853 10855 10856
3 10854 10853 10856
3 10855 10857 10858
3 10856 10855 10858
3 10857 10859 10858
3 10860 10440 10442
3 10861 10860 10442
3 10804 10444 10805
3 10804 10861 10444
3 10861 10442 10444
3 10446 10805 10444
3 10807 10805 10446
3 10448 10807 10446
3 10809 10807 10448
3 10450 10809 10448
3 10811 10809 10450
3 10452 10811 10450
3 10813 10811 10452
3 10454 10813 10452
3 10815 10813 10454
3 10456 10815 10454
3 10817 10815 10456
3 10458 10817 10456
3 10819 10817 10458
3 10459 10819 10458
3 10459 10862 10819
3 10862 10821 10819
3 10862 10863 10821
3 10821 10863 10823
3 10863 10864 10823
3 10823 10864 10825
3 10864 10865 10825
3 10825 10865 10827
3 10865 10866 10827
3 10827 10866 10829
3 10866 10867 10829
3 10829 10867 10831
3 10867 10868 10831
3 10831 10868 10833
3 10868 10869 10833
3 10833 10869 10835
3 10869 10870 10835
3 10835 10870 10837
3 10870 10871 10837
3 10837 10871 10839
3 10871 10872 10839
3 10839 10872 10841
3 10462 10872 10460
3 10462 10843 10872
3 10843 10841 10872
3 10464 10843 10462
3 10845 10843 10464
3 10466 10845 10464
3 10847 10845 10466
3 10468 10847 10466
3 10849 10847 10468
3 10470 10849 10468
3 10851 10849 10470
3 10472 10851 10470
3 10853 10851 10472
3 10474 10853 10472
3 10855 10853 10474
3 10476 10855 10474
3 10857 10855 10476
3 10857 10873 10859
3 10857 10476 10873
3 10476 10478 10873
3 10479 10874 10873
3 10478 10479 10873
3 10875 10480 10481
3 10876 10875 10481
3 10481 10482 10876
3 10482 10877 10876
3 10482 10860 10877
3 10440 10860 10482
3 10486 10862 10459
3 10489 10862 10486
3 10863 10862 10489
3 10491 10863 10489
3 10864 10863 10491
3 10493 10864 10491
3 10865 10864 10493
3 10495 10865 10493
3 10866 10865 10495
3 10497 10866 10495
3 10867 10866 10497
3 10499 10867 10497
3 10868 10867 10499
3 10501 10868 10499
3 10869 10868 10501
3 10503 10869 10501
3 10870 10869 10503
3 10505 10870 10503
3 10871 10870 10505
3 10507 10871 10505
3 10872 10871 10507
3 10507 10460 10872
3 10878 10479 10511
3 10874 10479 10878
3 10511 10512 10878
3 10512 10879 10878
3 10513 10880 10879
3 10512 10513 10879
3 10881 10514 10515
3 10882 10881 10515
3 10515 10875 10882
3 10480 10875 10515
3 10883 10513 10529
3 10880 10513 10883
3 10530 10884 10883
3 10529 10530 10883
3 10531 10532 10885
3 10532 10886 10885
3 10532 10514 10886
3 10514 10881 10886
3 10887 10530 10542
3 10887 10888 10530
3 10888 10884 10530
3 10542 10543 10887
3 10885 10889 10890
3 10885 10890 10531
3 10531 10890 10545
3 10885 10886 10889
3 10887 10891 10888
3 10891 10887 10543
3 10891 10543 10892
3 10892 10543 10556
3 10558 10545 10893
3 10893 10545 10890
3 10561 10894 10562
3 10562 10895 10563
3 10894 10895 10562
3 10563 10896 10564
3 10895 10896 10563
3 10564 10897 10565
3 10896 10897 10564
3 10565 10898 10566
3 10897 10898 10565
3 10566 10899 10567
3 10898 10899 10566
3 10567 10900 10568
3 10899 10900 10567
3 10568 10900 10569
3 10573 10901 10556
3 10901 10892 10556
3 10902 10903 10575
3 10902 10575 10893
3 10893 10575 10558
3 10903 10902 10904
3 10577 10905 10578
3 10906 10578 10905
3 10906 10907 10578
3 10907 10579 10578
3 10579 10907 10580
3 10580 10907 10908
3 10580 10908 10581
3 10581 10908 10909
3 10894 10561 10581
3 10894 10581 10910
3 10910 10581 10909
3 10895 10894 10910
3 10911 10895 10910
3 10896 10895 10911
3 10912 10896 10911
3 10897 10896 10912
3 10913 10897 10912
3 10898 10897 10913
3 10914 10898 10913
3 10899 10898 10914
3 10915 10899 10914
3 10900 10899 10915
3 10916 10900 10915
3 10569 10900 10916
3 10569 10916 10582
3 10582 10916 10917
3 10582 10917 10583
3 10583 10917 10918
3 10583 10918 10584
3 10584 10918 10919
3 10920 10919 10921
3 10920 10585 10919
3 10585 10584 10919
3 10585 10920 10587
3 10922 10923 10924
3 10924 10923 10901
3 10924 10901 10589
3 10589 10901 10573
3 10591 10575 10903
3 10925 10591 10903
3 10926 10903 10904
3 10926 10927 10903
3 10927 10925 10903
3 10927 10926 10928
3 10929 10593 10592
3 10930 10593 10929
3 10593 10930 10594
3 10594 10930 10931
3 10594 10931 10595
3 10595 10931 10932
3 10595 10932 10596
3 10596 10932 10933
3 10905 10577 10596
3 10905 10596 10934
3 10934 10596 10933
3 10905 10934 10906
3 10920 10921 10935
3 10587 10920 10935
3 10587 10935 10597
3 10597 10935 10936
3 10597 10936 10598
3 10598 10936 10937
3 10598 10937 10599
3 10599 10937 10938
3 10599 10938 10600
3 10600 10938 10939
3 10601 10939 10940
3 10600 10939 10601
3 10941 10942 10943
3 10922 10943 10942
3 10922 10924 10943
3 10924 10944 10943
3 10944 10924 10589
3 10603 10944 10589
3 10604 10591 10925
3 10605 10604 10925
3 10927 10605 10925
3 10927 10928 10945
3 10927 10945 10605
3 10605 10945 10607
3 10607 10945 10609
3 10609 10945 10946
3 10609 10946 10610
3 10610 10946 10947
3 10610 10947 10611
3 10611 10947 10948
3 10611 10948 10612
3 10612 10948 10949
3 10612 10949 10929
3 10592 10612 10929
3 10950 10613 10601
3 10940 10950 10601
3 10613 10950 10614
3 10614 10950 10951
3 10614 10951 10615
3 10615 10951 10952
3 10615 10952 10616
3 10616 10952 10953
3 10616 10953 10617
3 10617 10953 10954
3 10941 10943 10619
3 10941 10619 10954
3 10954 10619 10617
3 10621 10619 10943
3 10944 10621 10943
3 10621 10944 10603
3 10627 10628 10955
3 10628 10629 10956
3 10955 10628 10956
3 10957 10956 10629
3 10957 10629 10958
3 10958 10629 10630
3 10630 10631 10958
3 10631 10959 10958
3 10631 10632 10959
3 10632 10960 10959
3 10632 10633 10960
3 10633 10961 10960
3 10633 10634 10961
3 10634 10962 10961
3 10635 10963 10962
3 10634 10635 10962
3 10964 10636 10637
3 10965 10964 10637
3 10637 10638 10965
3 10638 10966 10965
3 10638 10639 10966
3 10639 10967 10966
3 10639 10640 10967
3 10640 10968 10967
3 10640 10641 10968
3 10641 10969 10968
3 10970 10971 10969
3 10970 10969 10642
3 10642 10969 10641
3 10642 10643 10972
3 10970 10642 10972
3 10643 10645 10972
3 10647 10627 10955
3 10973 10647 10955
3 10974 10956 10975
3 10974 10973 10956
3 10973 10955 10956
3 10956 10957 10975
3 10976 10635 10648
3 10963 10635 10976
3 10648 10649 10976
3 10649 10977 10976
3 10649 10650 10977
3 10650 10978 10977
3 10650 10652 10978
3 10652 10979 10978
3 10653 10980 10981
3 10653 10981 10652
3 10652 10981 10979
3 10980 10982 10981
3 10983 10984 10985
3 10984 10654 10656
3 10984 10656 10985
3 10985 10656 10986
3 10656 10657 10986
3 10657 10987 10986
3 10657 10658 10987
3 10658 10988 10987
3 10658 10659 10988
3 10659 10989 10988
3 10659 10964 10989
3 10636 10964 10659
3 10970 10990 10971
3 10990 10991 10992
3 10990 10970 10991
3 10970 10972 10991
3 10991 10972 10645
3 10661 10991 10645
3 10973 10993 10994
3 10973 10994 10647
3 10647 10994 10663
3 10973 10974 10993
3 10664 10980 10653
3 10980 10995 10982
3 10980 10664 10995
3 10664 10665 10995
3 10665 10667 10995
3 10667 10996 10995
3 10667 10669 10996
3 10669 10997 10996
3 10670 10998 10999
3 10670 10999 10669
3 10669 10999 10997
3 10998 11000 11001
3 10999 10998 11001
3 11000 11002 11003
3 11001 11000 11003
3 11002 11004 11005
3 11003 11002 11005
3 11004 11006 11007
3 11005 11004 11007
3 11006 11008 11009
3 11007 11006 11009
3 11008 11010 11011
3 11009 11008 11011
3 11010 10671 10673
3 11010 10673 11011
3 11011 10673 11012
3 10673 10675 11012
3 10675 11013 11012
3 10675 10676 11013
3 10676 11014 11013
3 10983 10677 10984
3 10983 11014 10677
3 11014 10676 10677
3 10677 10654 10984
3 10991 11015 10992
3 11015 10991 10661
3 11015 10661 11016
3 11016 10661 10679
3 10681 10663 11017
3 11017 10663 10994
3 10683 10998 10670
3 10686 10998 10683
3 11000 10998 10686
3 10688 11000 10686
3 11002 11000 10688
3 10690 11002 10688
3 11004 11002 10690
3 10692 11004 10690
3 11006 11004 10692
3 10694 11006 10692
3 11008 11006 10694
3 10696 11008 10694
3 11010 11008 10696
3 10696 10671 11010
3 10699 11018 10679
3 11018 11016 10679
3 11019 11020 10700
3 11019 10700 11017
3 11017 10700 10681
3 11020 11019 11021
3 11022 11023 11024
3 11024 11023 11018
3 11024 11018 10710
3 10710 11018 10699
3 10711 10700 11020
3 11020 10712 10711
3 11020 11021 10712
3 11021 11025 10712
3 10727 11022 11024
3 10727 10726 11022
3 10726 11026 11022
3 10727 11024 10710
3 11027 10728 10712
3 11025 11027 10712
3 10729 11027 11028
3 10728 11027 10729
3 11029 10748 10747
3 11030 10748 11029
3 10748 11030 11026
3 10726 10748 11026
3 11031 10749 10729
3 11028 11031 10729
3 10749 11031 10750
3 10750 11031 11032
3 10752 11032 11033
3 10750 11032 10752
3 10761 11034 10762
3 10762 11035 10763
3 11034 11035 10762
3 10763 11036 10764
3 11035 11036 10763
3 10764 11037 10765
3 11036 11037 10764
3 10765 11038 10766
3 11037 11038 10765
3 10766 11039 10767
3 11038 11039 10766
3 10767 11040 10768
3 11039 11040 10767
3 10768 11041 10769
3 11040 11041 10768
3 10769 11042 10770
3 11041 11042 10769
3 10770 11043 10771
3 11042 11043 10770
3 10771 11044 10772
3 11043 11044 10771
3 10772 11044 10773
3 11045 10784 10783
3 11046 10784 11045
3 10784 11046 10785
3 10785 11046 11047
3 10785 11047 11029
3 10747 10785 11029
3 11048 10786 10752
3 11033 11048 10752
3 11049 11048 11050
3 11049 10787 11048
3 10787 10786 11048
3 10787 11051 10788
3 11049 11051 10787
3 10788 11052 10789
3 11051 11052 10788
3 10789 11053 10790
3 11052 11053 10789
3 10790 11054 10791
3 11053 11054 10790
3 10791 11055 10792
3 11054 11055 10791
3 10792 11056 10793
3 11055 11056 10792
3 10793 11057 10794
3 11056 11057 10793
3 10794 11034 10761
3 10794 11057 11034
3 11057 11058 11034
3 11058 11059 11034
3 11034 11059 11035
3 11059 11060 11035
3 11035 11060 11036
3 11060 11061 11036
3 11036 11061 11037
3 11061 11062 11037
3 11037 11062 11038
3 11062 11063 11038
3 11038 11063 11039
3 11063 11064 11039
3 11039 11064 11040
3 11064 11065 11040
3 11040 11065 11041
3 11065 11066 11041
3 11041 11066 11042
3 11066 11067 11042
3 11042 11067 11043
3 11067 11068 11043
3 11043 11068 11044
3 10773 11069 10795
3 10773 11044 11069
3 11044 11068 11069
3 10795 11070 10796
3 11069 11070 10795
3 10796 11071 10797
3 11070 11071 10796
3 10797 11072 10798
3 11071 11072 10797
3 10798 11073 10799
3 11072 11073 10798
3 10799 11074 10800
3 11073 11074 10799
3 10800 11075 10801
3 11074 11075 10800
3 10801 11076 10802
3 11075 11076 10801
3 11077 10802 11076
3 11077 11078 10802
3 11078 10803 10802
3 10803 11078 11045
3 10783 10803 11045
3 11049 11050 11079
3 11051 11049 11079
3 11080 11051 11079
3 11052 11051 11080
3 11081 11052 11080
3 11053 11052 11081
3 11082 11053 11081
3 11054 11053 11082
3 11083 11054 11082
3 11055 11054 11083
3 11084 11055 11083
3 11056 11055 11084
3 11085 11056 11084
3 11057 11056 11085
3 11086 11057 11085
3 11058 11057 11086
3 11087 11058 11086
3 11059 11058 11087
3 11088 11059 11087
3 11060 11059 11088
3 11089 11060 11088
3 11061 11060 11089
3 11090 11061 11089
3 11062 11061 11090
3 11091 11062 11090
3 11063 11062 11091
3 11092 11063 11091
3 11064 11063 11092
3 11093 11064 11092
3 11065 11064 11093
3 11094 11065 11093
3 11066 11065 11094
3 11095 11066 11094
3 11067 11066 11095
3 11096 11067 11095
3 11068 11067 11096
3 11097 11068 11096
3 11069 11068 11097
3 11098 11069 11097
3 11070 11069 11098
3 11099 11070 11098
3 11071 11070 11099
3 11100 11071 11099
3 11072 11071 11100
3 11101 11072 11100
3 11073 11072 11101
3 11102 11073 11101
3 11074 11073 11102
3 11103 11074 11102
3 11075 11074 11103
3 11104 11075 11103
3 11076 11075 11104
3 11105 11076 11104
3 11076 11105 11077
3 11106 11107 11108
3 11107 11109 11110
3 11108 11107 11110
3 11109 11111 11112
3 11110 11109 11112
3 11111 11113 11114
3 11112 11111 11114
3 11113 11115 11116
3 11114 11113 11116
3 11115 11117 11118
3 11116 11115 11118
3 11117 11119 11120
3 11118 11117 11120
3 11119 11121 11122
3 11120 11119 11122
3 11121 11123 11124
3 11122 11121 11124
3 11123 11125 11126
3 11124 11123 11126
3 11125 11127 11128
3 11126 11125 11128
3 11127 11129 11130
3 11128 11127 11130
3 11129 11131 11132
3 11130 11129 11132
3 11131 11133 11134
3 11132 11131 11134
3 11133 11135 11136
3 11134 11133 11136
3 11135 11137 11138
3 11136 11135 11138
3 11137 11139 11140
3 11138 11137 11140
3 11139 11141 11142
3 11140 11139 11142
3 11141 11143 11144
3 11142 11141 11144
3 11143 11145 11146
3 11144 11143 11146
3 11145 11147 11148
3 11146 11145 11148
3 11147 11149 11150
3 11148 11147 11150
3 11149 11151 11152
3 11150 11149 11152
3 11151 11153 11152
3 11154 10804 10806
3 11155 11154 10806
3 10806 10808 11155
3 10808 11156 11155
3 11106 10810 11107
3 11106 11156 10810
3 11156 10808 10810
3 10812 11107 10810
3 11109 11107 10812
3 10814 11109 10812
3 11111 11109 10814
3 10816 11111 10814
3 11113 11111 10816
3 10818 11113 10816
3 11115 11113 10818
3 10820 11115 10818
3 11117 11115 10820
3 10822 11117 10820
3 11119 11117 10822
3 10824 11119 10822
3 11121 11119 10824
3 10826 11121 10824
3 11123 11121 10826
3 10828 11123 10826
3 11125 11123 10828
3 10830 11125 10828
3 11127 11125 10830
3 10832 11127 10830
3 11129 11127 10832
3 10834 11129 10832
3 11131 11129 10834
3 10836 11131 10834
3 11133 11131 10836
3 10838 11133 10836
3 11135 11133 10838
3 10840 11135 10838
3 11137 11135 10840
3 10842 11137 10840
3 11139 11137 10842
3 10844 11139 10842
3 11141 11139 10844
3 10846 11141 10844
3 11143 11141 10846
3 10848 11143 10846
3 11145 11143 10848
3 10850 11145 10848
3 11147 11145 10850
3 10852 11147 10850
3 11149 11147 10852
3 10854 11149 10852
3 11151 11149 10854
3 11151 11157 11153
3 11151 10854 11157
3 10854 10856 11157
3 10856 10858 11157
3 10858 11158 11157
3 10859 11159 11158
3 10858 10859 11158
3 11160 10860 10861
3 11161 11160 10861
3 10861 11154 11161
3 10804 11154 10861
3 11162 10859 10873
3 11159 10859 11162
3 10874 11163 11162
3 10873 10874 11162
3 10875 10876 11164
3 11165 11164 10876
3 11165 10876 11166
3 11166 10876 10877
3 10877 11160 11166
3 10860 11160 10877
3 11167 10874 10878
3 11163 10874 11167
3 11168 11169 11167
3 11168 11167 10879
3 10879 11167 10878
3 10879 10880 11168
3 10881 10882 11170
3 11171 11164 11172
3 11170 11164 11171
3 11170 10875 11164
3 11170 10882 10875
3 11164 11165 11172
3 11168 11173 11169
3 11173 11174 11175
3 11168 11174 11173
3 11168 10883 11174
3 11168 10880 10883
3 10883 10884 11174
3 11170 11176 11177
3 11170 11177 10881
3 10881 11177 10886
3 11170 11171 11176
3 11174 11178 11175
3 11178 11174 10884
3 11178 10884 11179
3 11179 10884 10888
3 10890 10889 11180
3 10889 11181 11180
3 10889 10886 11181
3 10886 11177 11181
3 11182 10888 10891
3 11182 11183 10888
3 11183 11179 10888
3 10891 10892 11182
3 10893 10890 11180
3 11184 10893 11180
3 11180 11185 11184
3 11181 11185 11180
3 11183 11186 11187
3 11182 11186 11183
3 11186 11182 10892
3 10901 11186 10892
3 10902 10893 11184
3 11184 11185 11188
3 10902 11184 11188
3 10902 11188 11189
3 10902 11189 10904
3 11189 11188 11190
3 10906 11191 10907
3 11192 10907 11191
3 11192 11193 10907
3 11193 10908 10907
3 10908 11193 10909
3 10909 11193 11194
3 10909 11194 10910
3 10910 11194 11195
3 10910 11195 10911
3 10911 11195 11196
3 10911 11196 10912
3 10912 11196 11197
3 10912 11197 10913
3 10913 11197 11198
3 10913 11198 10914
3 10914 11198 11199
3 10914 11199 10915
3 10915 11199 11200
3 10915 11200 10916
3 10916 11200 11201
3 10916 11201 10917
3 10917 11201 11202
3 10917 11202 10918
3 10918 11202 11203
3 11204 11203 11205
3 11204 10919 11203
3 10919 10918 11203
3 10919 11204 10921
3 11206 11207 11208
3 10923 11187 11186
3 10922 11187 10923
3 10922 11207 11187
3 10922 11208 11207
3 10923 11186 10901
3 10926 10904 11189
3 11189 11190 11209
3 10926 11189 11209
3 10926 11209 11210
3 10926 11210 10928
3 11210 11209 11211
3 11212 10930 10929
3 11213 10930 11212
3 10930 11213 10931
3 10931 11213 11214
3 10931 11214 10932
3 10932 11214 11215
3 10932 11215 10933
3 10933 11215 11216
3 10933 11216 10934
3 10934 11216 11217
3 11191 10906 10934
3 11191 10934 11218
3 11218 10934 11217
3 11191 11218 11192
3 11204 11205 11219
3 10921 11204 11219
3 10921 11219 10935
3 10935 11219 11220
3 10935 11220 10936
3 10936 11220 11221
3 10936 11221 10937
3 10937 11221 11222
3 10937 11222 10938
3 10938 11222 11223
3 10938 11223 10939
3 10939 11223 11224
3 10940 11224 11225
3 10939 11224 10940
3 11226 11227 11228
3 10942 11206 11208
3 10941 11206 10942
3 10941 11227 11206
3 10941 11228 11227
3 10942 11208 10922
3 10945 10928 11210
3 11210 11211 11229
3 11210 11229 10945
3 10945 11229 10946
3 10946 11229 10947
3 10947 11229 11230
3 10947 11230 10948
3 10948 11230 11231
3 10948 11231 10949
3 10949 11231 11232
3 10949 11232 11212
3 10929 10949 11212
3 11233 10950 10940
3 11225 11233 10940
3 10950 11233 10951
3 10951 11233 11234
3 10951 11234 10952
3 10952 11234 11235
3 10952 11235 10953
3 10953 11235 11236
3 11226 11228 10954
3 11226 10954 11236
3 11236 10954 10953
3 10954 11228 10941
3 10957 10958 11237
3 11238 11237 10958
3 11238 10958 11239
3 11239 10958 10959
3 10959 10960 11239
3 10960 11240 11239
3 10960 10961 11240
3 10961 11241 11240
3 10961 10962 11241
3 10962 11242 11241
3 10963 11243 11242
3 10962 10963 11242
3 11244 10964 10965
3 11245 11244 10965
3 10965 10966 11245
3 10966 11246 11245
3 10966 10967 11246
3 10967 11247 11246
3 10967 10968 11247
3 10968 11248 11247
3 11249 11250 11248
3 11249 11248 10969
3 10969 11248 10968
3 10969 10971 11249
3 10974 10975 11251
3 11252 11237 11253
3 11251 11237 11252
3 11251 10957 11237
3 11251 10975 10957
3 11237 11238 11253
3 11254 10963 10976
3 11243 10963 11254
3 10976 10977 11254
3 10977 11255 11254
3 10977 10978 11255
3 10978 11256 11255
3 10978 10979 11256
3 10979 11257 11256
3 10979 10981 11257
3 10981 11258 11257
3 10982 11259 11260
3 10982 11260 10981
3 10981 11260 11258
3 11259 11261 11260
3 11262 11263 11264
3 11263 10983 10985
3 11263 10985 11264
3 11264 10985 11265
3 10985 10986 11265
3 10986 11266 11265
3 10986 10987 11266
3 10987 11267 11266
3 10987 10988 11267
3 10988 11268 11267
3 10988 10989 11268
3 10989 11269 11268
3 10989 11244 11269
3 10964 11244 10989
3 11249 11270 11250
3 11270 11271 11272
3 11249 11271 11270
3 11249 10990 11271
3 11249 10971 10990
3 10990 10992 11271
3 10994 10993 11273
3 11274 11251 11275
3 11273 11251 11274
3 11273 10974 11251
3 11273 10993 10974
3 11251 11252 11275
3 10995 11259 10982
3 11259 11276 11261
3 11259 10995 11276
3 10995 10996 11276
3 10996 10997 11276
3 10997 11277 11276
3 10997 10999 11277
3 10999 11278 11277
3 10999 11001 11278
3 11001 11279 11278
3 11001 11003 11279
3 11003 11280 11279
3 11003 11005 11280
3 11005 11281 11280
3 11005 11007 11281
3 11007 11282 11281
3 11007 11009 11282
3 11009 11283 11282
3 11009 11011 11283
3 11011 11284 11283
3 11011 11012 11284
3 11012 11285 11284
3 11012 11013 11285
3 11013 11286 11285
3 11262 11014 11263
3 11262 11286 11014
3 11286 11013 11014
3 11014 10983 11263
3 11271 11287 11272
3 11287 11288 11289
3 11271 11288 11287
3 11271 11015 11288
3 11271 10992 11015
3 11015 11016 11288
3 11017 10994 11273
3 11290 11017 11273
3 11273 11291 11290
3 11274 11291 11273
3 11289 11292 11293
3 11288 11292 11289
3 11292 11288 11016
3 11018 11292 11016
3 11019 11017 11290
3 11290 11021 11019
3 11290 11291 11021
3 11291 11294 11021
3 11023 11293 11292
3 11023 11022 11293
3 11022 11295 11293
3 11023 11292 11018
3 11296 11297 11025
3 11296 11025 11294
3 11294 11025 11021
3 11297 11296 11298
3 11299 11300 11301
3 11301 11300 11295
3 11301 11295 11026
3 11026 11295 11022
3 11027 11025 11297
3 11297 11298 11302
3 11027 11297 11302
3 11027 11302 11303
3 11027 11303 11028
3 11303 11302 11304
3 11305 11306 11307
3 11030 11299 11301
3 11029 11299 11030
3 11029 11306 11299
3 11029 11307 11306
3 11030 11301 11026
3 11031 11028 11303
3 11303 11304 11308
3 11303 11308 11031
3 11031 11308 11032
3 11033 11308 11309
3 11032 11308 11033
3 11310 11046 11045
3 11311 11046 11310
3 11305 11307 11047
3 11305 11047 11311
3 11311 11047 11046
3 11047 11307 11029
3 11312 11048 11033
3 11309 11312 11033
3 11050 11312 11313
3 11048 11312 11050
3 11314 11078 11077
3 11315 11078 11314
3 11078 11315 11310
3 11045 11078 11310
3 11316 11079 11050
3 11313 11316 11050
3 11079 11316 11080
3 11080 11316 11317
3 11318 11317 11319
3 11318 11081 11317
3 11081 11080 11317
3 11081 11320 11082
3 11318 11320 11081
3 11082 11321 11083
3 11320 11321 11082
3 11083 11322 11084
3 11321 11322 11083
3 11084 11323 11085
3 11322 11323 11084
3 11085 11324 11086
3 11323 11324 11085
3 11086 11325 11087
3 11324 11325 11086
3 11087 11326 11088
3 11325 11326 11087
3 11088 11327 11089
3 11326 11327 11088
3 11089 11328 11090
3 11327 11328 11089
3 11090 11329 11091
3 11328 11329 11090
3 11091 11330 11092
3 11329 11330 11091
3 11092 11331 11093
3 11330 11331 11092
3 11093 11332 11094
3 11331 11332 11093
3 11094 11333 11095
3 11332 11333 11094
3 11095 11334 11096
3 11333 11334 11095
3 11096 11335 11097
3 11334 11335 11096
3 11097 11336 11098
3 11335 11336 11097
3 11098 11337 11099
3 11336 11337 11098
3 11099 11338 11100
3 11337 11338 11099
3 11100 11339 11101
3 11338 11339 11100
3 11101 11340 11102
3 11339 11340 11101
3 11102 11341 11103
3 11340 11341 11102
3 11342 11103 11341
3 11342 11343 11103
3 11343 11104 11103
3 11104 11343 11105
3 11105 11343 11344
3 11105 11344 11314
3 11077 11105 11314
3 11318 11319 11345
3 11320 11318 11345
3 11346 11320 11345
3 11321 11320 11346
3 11347 11321 11346
3 11322 11321 11347
3 11348 11322 11347
3 11323 11322 11348
3 11349 11323 11348
3 11324 11323 11349
3 11350 11324 11349
3 11325 11324 11350
3 11351 11325 11350
3 11326 11325 11351
3 11352 11326 11351
3 11327 11326 11352
3 11353 11327 11352
3 11328 11327 11353
3 11354 11328 11353
3 11329 11328 11354
3 11355 11329 11354
3 11330 11329 11355
3 11356 11330 11355
3 11331 11330 11356
3 11357 11331 11356
3 11332 11331 11357
3 11358 11332 11357
3 11333 11332 11358
3 11359 11333 11358
3 11334 11333 11359
3 11360 11334 11359
3 11335 11334 11360
3 11361 11335 11360
3 11336 11335 11361
3 11362 11336 11361
3 11337 11336 11362
3 11363 11337 11362
3 11338 11337 11363
3 11364 11338 11363
3 11339 11338 11364
3 11365 11339 11364
3 11340 11339 11365
3 11366 11340 11365
3 11341 11340 11366
3 11367 11341 11366
3 11341 11367 11342
3 11368 11369 11370
3 11369 11371 11372
3 11370 11369 11372
3 11371 11373 11374
3 11372 11371 11374
3 11373 11375 11376
3 11374 11373 11376
3 11375 11377 11378
3 11376 11375 11378
3 11377 11379 11380
3 11378 11377 11380
3 11379 11381 11382
3 11380 11379 11382
3 11381 11383 11384
3 11382 11381 11384
3 11383 11385 11386
3 11384 11383 11386
3 11385 11387 11388
3 11386 11385 11388
3 11387 11389 11390
3 11388 11387 11390
3 11389 11391 11392
3 11390 11389 11392
3 11391 11393 11394
3 11392 11391 11394
3 11393 11395 11396
3 11394 11393 11396
3 11395 11397 11398
3 11396 11395 11398
3 11397 11399 11400
3 11398 11397 11400
3 11399 11401 11402
3 11400 11399 11402
3 11401 11403 11402
3 11404 11106 11108
3 11405 11404 11108
3 11108 11110 11405
3 11110 11406 11405
3 11110 11112 11406
3 11112 11407 11406
3 11368 11114 11369
3 11368 11407 11114
3 11407 11112 11114
3 11116 11369 11114
3 11371 11369 11116
3 11118 11371 11116
3 11373 11371 11118
3 11120 11373 11118
3 11375 11373 11120
3 11122 11375 11120
3 11377 11375 11122
3 11124 11377 11122
3 11379 11377 11124
3 11126 11379 11124
3 11381 11379 11126
3 11128 11381 11126
3 11383 11381 11128
3 11130 11383 11128
3 11385 11383 11130
3 11132 11385 11130
3 11387 11385 11132
3 11134 11387 11132
3 11389 11387 11134
3 11136 11389 11134
3 11391 11389 11136
3 11138 11391 11136
3 11393 11391 11138
3 11140 11393 11138
3 11395 11393 11140
3 11142 11395 11140
3 11397 11395 11142
3 11144 11397 11142
3 11399 11397 11144
3 11146 11399 11144
3 11401 11399 11146
3 11401 11408 11403
3 11401 11146 11408
3 11146 11148 11408
3 11148 11150 11408
3 11150 11409 11408
3 11150 11152 11409
3 11152 11410 11409
3 11153 11411 11410
3 11152 11153 11410
3 11412 11154 11155
3 11413 11412 11155
3 11155 11156 11413
3 11156 11414 11413
3 11156 11404 11414
3 11106 11404 11156
3 11415 11153 11157
3 11411 11153 11415
3 11157 11158 11415
3 11158 11416 11415
3 11159 11417 11416
3 11158 11159 11416
3 11418 11160 11161
3 11419 11418 11161
3 11161 11412 11419
3 11154 11412 11161
3 11420 11159 11162
3 11417 11159 11420
3 11163 11421 11420
3 11162 11163 11420
3 11422 11165 11166
3 11423 11422 11166
3 11166 11418 11423
3 11160 11418 11166
3 11424 11163 11167
3 11421 11163 11424
3 11169 11425 11424
3 11167 11169 11424
3 11171 11172 11426
3 11172 11427 11426
3 11172 11165 11427
3 11165 11422 11427
3 11428 11169 11173
3 11428 11429 11169
3 11429 11425 11169
3 11173 11175 11428
3 11177 11176 11430
3 11431 11426 11432
3 11430 11426 11431
3 11430 11171 11426
3 11430 11176 11171
3 11426 11427 11432
3 11428 11433 11429
3 11433 11434 11435
3 11428 11434 11433
3 11428 11178 11434
3 11428 11175 11178
3 11178 11179 11434
3 11181 11177 11430
3 11436 11181 11430
3 11430 11437 11436
3 11431 11437 11430
3 11435 11438 11439
3 11434 11438 11435
3 11438 11434 11179
3 11183 11438 11179
3 11185 11181 11436
3 11440 11185 11436
3 11436 11441 11440
3 11437 11441 11436
3 11439 11442 11443
3 11438 11442 11439
3 11442 11438 11183
3 11187 11442 11183
3 11188 11185 11440
3 11440 11441 11444
3 11188 11440 11444
3 11188 11444 11445
3 11188 11445 11190
3 11445 11444 11446
3 11192 11447 11193
3 11448 11193 11447
3 11448 11449 11193
3 11449 11194 11193
3 11194 11449 11195
3 11195 11449 11450
3 11195 11450 11196
3 11196 11450 11451
3 11196 11451 11197
3 11197 11451 11452
3 11197 11452 11198
3 11198 11452 11453
3 11198 11453 11199
3 11199 11453 11454
3 11199 11454 11200
3 11200 11454 11455
3 11200 11455 11201
3 11201 11455 11456
3 11201 11456 11202
3 11202 11456 11457
3 11458 11457 11459
3 11458 11203 11457
3 11203 11202 11457
3 11203 11458 11205
3 11460 11461 11462
3 11207 11443 11442
3 11206 11443 11207
3 11206 11461 11443
3 11206 11462 11461
3 11207 11442 11187
3 11209 11190 11445
3 11445 11446 11463
3 11209 11445 11463
3 11209 11463 11464
3 11209 11464 11211
3 11464 11465 11466
3 11463 11465 11464
3 11466 11467 11468
3 11465 11467 11466
3 11468 11469 11470
3 11467 11469 11468
3 11470 11213 11212
3 11470 11469 11213
3 11469 11471 11213
3 11213 11471 11214
3 11214 11471 11472
3 11214 11472 11215
3 11215 11472 11473
3 11215 11473 11216
3 11216 11473 11474
3 11216 11474 11217
3 11217 11474 11475
3 11217 11475 11218
3 11218 11475 11476
3 11447 11192 11218
3 11447 11218 11477
3 11477 11218 11476
3 11447 11477 11448
3 11458 11459 11478
3 11205 11458 11478
3 11205 11478 11219
3 11219 11478 11479
3 11219 11479 11220
3 11220 11479 11480
3 11220 11480 11221
3 11221 11480 11481
3 11221 11481 11222
3 11222 11481 11482
3 11222 11482 11223
3 11223 11482 11483
3 11223 11483 11224
3 11224 11483 11484
3 11225 11485 11486
3 11225 11224 11485
3 11224 11484 11485
3 11486 11487 11488
3 11485 11487 11486
3 11488 11489 11490
3 11487 11489 11488
3 11490 11491 11492
3 11489 11491 11490
3 11227 11460 11462
3 11226 11460 11227
3 11226 11491 11460
3 11226 11492 11491
3 11227 11462 11206
3 11229 11211 11464
3 11230 11229 11464
3 11466 11230 11464
3 11231 11230 11466
3 11468 11231 11466
3 11232 11231 11468
3 11470 11232 11468
3 11232 11470 11212
3 11233 11225 11486
3 11234 11233 11486
3 11488 11234 11486
3 11235 11234 11488
3 11490 11235 11488
3 11236 11235 11490
3 11492 11236 11490
3 11236 11492 11226
3 11238 11239 11493
3 11239 11240 11494
3 11493 11239 11494
3 11240 11241 11495
3 11494 11240 11495
3 11241 11242 11496
3 11495 11241 11496
3 11242 11243 11496
3 11244 11245 11497
3 11245 11246 11498
3 11497 11245 11498
3 11246 11247 11499
3 11498 11246 11499
3 11247 11248 11500
3 11499 11247 11500
3 11248 11250 11500
3 11252 11253 11501
3 11502 11493 11503
3 11501 11493 11502
3 11501 11238 11493
3 11501 11253 11238
3 11494 11503 11493
3 11504 11503 11494
3 11495 11504 11494
3 11505 11504 11495
3 11496 11505 11495
3 11506 11505 11496
3 11243 11506 11496
3 11243 11254 11506
3 11254 11507 11506
3 11254 11255 11507
3 11255 11508 11507
3 11255 11256 11508
3 11256 11509 11508
3 11256 11257 11509
3 11257 11510 11509
3 11257 11258 11510
3 11258 11511 11510
3 11258 11260 11511
3 11260 11512 11511
3 11261 11513 11514
3 11261 11514 11260
3 11260 11514 11512
3 11513 11515 11514
3 11516 11517 11518
3 11517 11262 11264
3 11517 11264 11518
3 11518 11264 11519
3 11264 11265 11519
3 11265 11520 11519
3 11265 11266 11520
3 11266 11521 11520
3 11266 11267 11521
3 11267 11522 11521
3 11267 11268 11522
3 11268 11523 11522
3 11268 11269 11523
3 11269 11524 11523
3 11497 11269 11244
3 11497 11525 11269
3 11525 11524 11269
3 11498 11525 11497
3 11526 11525 11498
3 11499 11526 11498
3 11527 11526 11499
3 11500 11527 11499
3 11528 11527 11500
3 11528 11529 11530
3 11500 11529 11528
3 11500 11270 11529
3 11500 11250 11270
3 11270 11272 11529
3 11274 11275 11531
3 11532 11501 11533
3 11531 11501 11532
3 11531 11252 11501
3 11531 11275 11252
3 11501 11502 11533
3 11276 11513 11261
3 11513 11534 11515
3 11513 11276 11534
3 11276 11277 11534
3 11277 11278 11534
3 11278 11535 11534
3 11278 11279 11535
3 11279 11536 11535
3 11279 11280 11536
3 11280 11537 11536
3 11280 11281 11537
3 11281 11538 11537
3 11281 11282 11538
3 11282 11539 11538
3 11282 11283 11539
3 11283 11540 11539
3 11283 11284 11540
3 11284 11541 11540
3 11284 11285 11541
3 11285 11542 11541
3 11516 11286 11517
3 11516 11542 11286
3 11542 11285 11286
3 11286 11262 11517
3 11529 11543 11530
3 11543 11544 11545
3 11529 11544 11543
3 11529 11287 11544
3 11529 11272 11287
3 11287 11289 11544
3 11291 11274 11531
3 11546 11291 11531
3 11531 11547 11546
3 11532 11547 11531
3 11545 11548 11549
3 11544 11548 11545
3 11548 11544 11289
3 11293 11548 11289
3 11294 11291 11546
3 11550 11294 11546
3 11546 11551 11550
3 11547 11551 11546
3 11549 11552 11553
3 11548 11552 11549
3 11552 11548 11293
3 11295 11552 11293
3 11296 11294 11550
3 11550 11551 11554
3 11296 11550 11554
3 11296 11554 11555
3 11296 11555 11298
3 11555 11554 11556
3 11557 11558 11559
3 11300 11553 11552
3 11299 11553 11300
3 11299 11558 11553
3 11299 11559 11558
3 11300 11552 11295
3 11302 11298 11555
3 11555 11304 11302
3 11555 11556 11304
3 11556 11560 11304
3 11306 11557 11559
3 11306 11305 11557
3 11305 11561 11557
3 11306 11559 11299
3 11562 11308 11304
3 11560 11562 11304
3 11309 11562 11563
3 11308 11562 11309
3 11564 11311 11310
3 11565 11311 11564
3 11311 11565 11561
3 11305 11311 11561
3 11566 11312 11309
3 11563 11566 11309
3 11313 11566 11567
3 11312 11566 11313
3 11568 11315 11314
3 11569 11315 11568
3 11315 11569 11564
3 11310 11315 11564
3 11570 11316 11313
3 11567 11570 11313
3 11316 11570 11317
3 11317 11570 11571
3 11319 11571 11572
3 11317 11571 11319
3 11573 11343 11342
3 11574 11343 11573
3 11343 11574 11344
3 11344 11574 11575
3 11344 11575 11568
3 11314 11344 11568
3 11576 11345 11319
3 11572 11576 11319
3 11345 11576 11346
3 11346 11576 11577
3 11346 11577 11347
3 11347 11577 11578
3 11579 11578 11580
3 11579 11348 11578
3 11348 11347 11578
3 11348 11581 11349
3 11579 11581 11348
3 11349 11582 11350
3 11581 11582 11349
3 11350 11583 11351
3 11582 11583 11350
3 11351 11584 11352
3 11583 11584 11351
3 11352 11585 11353
3 11584 11585 11352
3 11353 11586 11354
3 11585 11586 11353
3 11354 11587 11355
3 11586 11587 11354
3 11355 11588 11356
3 11587 11588 11355
3 11356 11589 11357
3 11588 11589 11356
3 11357 11590 11358
3 11589 11590 11357
3 11358 11591 11359
3 11590 11591 11358
3 11359 11592 11360
3 11591 11592 11359
3 11360 11593 11361
3 11592 11593 11360
3 11361 11594 11362
3 11593 11594 11361
3 11362 11595 11363
3 11594 11595 11362
3 11363 11596 11364
3 11595 11596 11363
3 11597 11364 11596
3 11597 11598 11364
3 11598 11365 11364
3 11365 11598 11366
3 11366 11598 11599
3 11366 11599 11367
3 11367 11599 11600
3 11367 11600 11573
3 11342 11367 11573
3 11579 11580 11601
3 11581 11579 11601
3 11602 11581 11601
3 11582 11581 11602
3 11603 11582 11602
3 11583 11582 11603
3 11604 11583 11603
3 11584 11583 11604
3 11605 11584 11604
3 11585 11584 11605
3 11606 11585 11605
3 11586 11585 11606
3 11607 11586 11606
3 11587 11586 11607
3 11608 11587 11607
3 11588 11587 11608
3 11609 11588 11608
3 11589 11588 11609
3 11610 11589 11609
3 11590 11589 11610
3 11611 11590 11610
3 11591 11590 11611
3 11612 11591 11611
3 11592 11591 11612
3 11613 11592 11612
3 11593 11592 11613
3 11614 11593 11613
3 11594 11593 11614
3 11615 11594 11614
3 11595 11594 11615
3 11616 11595 11615
3 11596 11595 11616
3 11617 11596 11616
3 11596 11617 11597
3 11618 11619 11620
3 11619 11621 11622
3 11620 11619 11622
3 11621 11623 11624
3 11622 11621 11624
3 11623 11625 11626
3 11624 11623 11626
3 11625 11627 11628
3 11626 11625 11628
3 11627 11629 11630
3 11628 11627 11630
3 11629 11631 11632
3 11630 11629 11632
3 11631 11633 11632
3 11634 11368 11370
3 11635 11634 11370
3 11370 11372 11635
3 11372 11636 11635
3 11372 11374 11636
3 11374 11637 11636
3 11374 11376 11637
3 11376 11638 11637
3 11376 11378 11638
3 11378 11639 11638
3 11618 11380 11619
3 11618 11639 11380
3 11639 11378 11380
3 11382 11619 11380
3 11621 11619 11382
3 11384 11621 11382
3 11623 11621 11384
3 11386 11623 11384
3 11625 11623 11386
3 11388 11625 11386
3 11627 11625 11388
3 11390 11627 11388
3 11629 11627 11390
3 11392 11629 11390
3 11631 11629 11392
3 11631 11640 11633
3 11631 11392 11640
3 11392 11394 11640
3 11394 11396 11640
3 11396 11641 11640
3 11396 11398 11641
3 11398 11642 11641
3 11398 11400 11642
3 11400 11643 11642
3 11400 11402 11643
3 11402 11644 11643
3 11403 11645 11644
3 11402 11403 11644
3 11404 11405 11646
3 11647 11646 11405
3 11647 11405 11648
3 11648 11405 11406
3 11406 11407 11648
3 11407 11649 11648
3 11407 11634 11649
3 11368 11634 11407
3 11650 11403 11408
3 11645 11403 11650
3 11408 11409 11650
3 11409 11651 11650
3 11652 11653 11651
3 11652 11651 11410
3 11410 11651 11409
3 11410 11411 11652
3 11412 11413 11654
3 11655 11654 11413
3 11655 11413 11656
3 11656 11413 11414
3 11646 11414 11404
3 11646 11657 11414
3 11657 11656 11414
3 11646 11647 11657
3 11652 11658 11653
3 11411 11658 11652
3 11411 11415 11658
3 11415 11659 11658
3 11660 11661 11659
3 11660 11659 11416
3 11416 11659 11415
3 11416 11417 11660
3 11418 11419 11662
3 11663 11654 11664
3 11662 11654 11663
3 11662 11412 11654
3 11662 11419 11412
3 11654 11655 11664
3 11660 11665 11661
3 11665 11666 11667
3 11660 11666 11665
3 11660 11420 11666
3 11660 11417 11420
3 11420 11421 11666
3 11422 11423 11668
3 11669 11662 11670
3 11668 11662 11669
3 11668 11418 11662
3 11668 11423 11418
3 11662 11663 11670
3 11666 11671 11667
3 11671 11672 11673
3 11666 11672 11671
3 11666 11424 11672
3 11666 11421 11424
3 11424 11425 11672
3 11668 11674 11675
3 11668 11675 11422
3 11422 11675 11427
3 11668 11669 11674
3 11672 11676 11673
3 11676 11672 11425
3 11676 11425 11677
3 11677 11425 11429
3 11431 11432 11678
3 11432 11679 11678
3 11432 11427 11679
3 11427 11675 11679
3 11680 11429 11433
3 11680 11681 11429
3 11681 11677 11429
3 11433 11435 11680
3 11437 11431 11678
3 11682 11437 11678
3 11678 11683 11682
3 11679 11683 11678
3 11681 11684 11685
3 11680 11684 11681
3 11684 11680 11435
3 11439 11684 11435
3 11441 11437 11682
3 11686 11441 11682
3 11682 11687 11686
3 11683 11687 11682
3 11685 11688 11689
3 11684 11688 11685
3 11688 11684 11439
3 11443 11688 11439
3 11444 11441 11686
3 11686 11687 11690
3 11444 11686 11690
3 11444 11690 11691
3 11444 11691 11446
3 11691 11690 11692
3 11448 11693 11449
3 11694 11449 11693
3 11694 11695 11449
3 11695 11450 11449
3 11450 11695 11451
3 11451 11695 11696
3 11451 11696 11452
3 11452 11696 11697
3 11452 11697 11453
3 11453 11697 11698
3 11453 11698 11454
3 11454 11698 11699
3 11454 11699 11455
3 11455 11699 11700
3 11455 11700 11456
3 11456 11700 11701
3 11702 11701 11703
3 11702 11457 11701
3 11457 11456 11701
3 11457 11702 11459
3 11704 11705 11706
3 11461 11689 11688
3 11460 11689 11461
3 11460 11705 11689
3 11460 11706 11705
3 11461 11688 11443
3 11463 11446 11691
3 11691 11692 11707
3 11691 11707 11463
3 11463 11707 11465
3 11465 11707 11467
3 11467 11707 11708
3 11467 11708 11469
3 11469 11708 11709
3 11469 11709 11471
3 11471 11709 11710
3 11471 11710 11472
3 11472 11710 11711
3 11472 11711 11473
3 11473 11711 11712
3 11473 11712 11474
3 11474 11712 11713
3 11474 11713 11475
3 11475 11713 11714
3 11475 11714 11476
3 11476 11714 11715
3 11476 11715 11477
3 11477 11715 11716
3 11693 11448 11477
3 11693 11477 11717
3 11717 11477 11716
3 11693 11717 11694
3 11702 11703 11718
3 11459 11702 11718
3 11459 11718 11478
3 11478 11718 11719
3 11478 11719 11479
3 11479 11719 11720
3 11479 11720 11480
3 11480 11720 11721
3 11480 11721 11481
3 11481 11721 11722
3 11481 11722 11482
3 11482 11722 11723
3 11482 11723 11483
3 11483 11723 11724
3 11483 11724 11484
3 11484 11724 11725
3 11484 11725 11485
3 11485 11725 11726
3 11485 11726 11487
3 11487 11726 11727
3 11487 11727 11489
3 11489 11727 11728
3 11704 11706 11491
3 11704 11491 11728
3 11728 11491 11489
3 11491 11706 11460
3 11502 11503 11729
3 11730 11729 11503
3 11730 11503 11731
3 11731 11503 11504
3 11504 11505 11731
3 11505 11732 11731
3 11505 11506 11732
3 11506 11733 11732
3 11506 11507 11733
3 11507 11734 11733
3 11507 11508 11734
3 11508 11735 11734
3 11508 11509 11735
3 11509 11736 11735
3 11509 11510 11736
3 11510 11737 11736
3 11510 11511 11737
3 11511 11738 11737
3 11511 11512 11738
3 11512 11739 11738
3 11512 11514 11739
3 11514 11740 11739
3 11515 11741 11742
3 11515 11742 11514
3 11514 11742 11740
3 11741 11743 11742
3 11744 11745 11746
3 11745 11516 11518
3 11745 11518 11746
3 11746 11518 11747
3 11518 11519 11747
3 11519 11748 11747
3 11519 11520 11748
3 11520 11749 11748
3 11520 11521 11749
3 11521 11750 11749
3 11521 11522 11750
3 11522 11751 11750
3 11522 11523 11751
3 11523 11752 11751
3 11523 11524 11752
3 11524 11753 11752
3 11524 11525 11753
3 11525 11754 11753
3 11525 11526 11754
3 11526 11755 11754
3 11526 11527 11755
3 11527 11756 11755
3 11757 11758 11756
3 11757 11756 11528
3 11528 11756 11527
3 11528 11530 11757
3 11532 11533 11759
3 11760 11729 11761
3 11759 11729 11760
3 11759 11502 11729
3 11759 11533 11502
3 11729 11730 11761
3 11534 11741 11515
3 11741 11762 11743
3 11741 11534 11762
3 11534 11535 11762
3 11535 11536 11762
3 11536 11763 11762
3 11536 11537 11763
3 11537 11764 11763
3 11537 11538 11764
3 11538 11765 11764
3 11538 11539 11765
3 11539 11766 11765
3 11539 11540 11766
3 11540 11767 11766
3 11540 11541 11767
3 11541 11768 11767
3 11744 11542 11745
3 11744 11768 11542
3 11768 11541 11542
3 11542 11516 11745
3 11757 11769 11758
3 11769 11770 11771
3 11757 11770 11769
3 11757 11543 11770
3 11757 11530 11543
3 11543 11545 11770
3 11547 11532 11759
3 11772 11547 11759
3 11759 11773 11772
3 11760 11773 11759
3 11771 11774 11775
3 11770 11774 11771
3 11774 11770 11545
3 11549 11774 11545
3 11551 11547 11772
3 11776 11551 11772
3 11772 11777 11776
3 11773 11777 11772
3 11775 11778 11779
3 11774 11778 11775
3 11778 11774 11549
3 11553 11778 11549
3 11554 11551 11776
3 11776 11556 11554
3 11776 11777 11556
3 11777 11780 11556
3 11558 11779 11778
3 11558 11557 11779
3 11557 11781 11779
3 11558 11778 11553
3 11782 11783 11560
3 11782 11560 11780
3 11780 11560 11556
3 11783 11782 11784
3 11785 11786 11787
3 11787 11786 11781
3 11787 11781 11561
3 11561 11781 11557
3 11562 11560 11783
3 11783 11784 11788
3 11562 11783 11788
3 11562 11788 11789
3 11562 11789 11563
3 11789 11788 11790
3 11791 11792 11793
3 11565 11785 11787
3 11564 11785 11565
3 11564 11792 11785
3 11564 11793 11792
3 11565 11787 11561
3 11566 11563 11789
3 11789 11790 11794
3 11566 11789 11794
3 11566 11794 11795
3 11566 11795 11567
3 11795 11794 11796
3 11797 11798 11799
3 11569 11791 11793
3 11568 11791 11569
3 11568 11798 11791
3 11568 11799 11798
3 11569 11793 11564
3 11570 11567 11795
3 11795 11796 11800
3 11795 11800 11570
3 11570 11800 11571
3 11572 11801 11802
3 11572 11571 11801
3 11571 11800 11801
3 11802 11801 11803
3 11804 11805 11806
3 11806 11574 11573
3 11806 11805 11574
3 11805 11807 11574
3 11797 11799 11575
3 11797 11575 11807
3 11807 11575 11574
3 11575 11799 11568
3 11576 11572 11802
3 11802 11803 11808
3 11802 11808 11576
3 11576 11808 11577
3 11577 11808 11578
3 11578 11808 11809
3 11580 11809 11810
3 11578 11809 11580
3 11811 11598 11597
3 11812 11598 11811
3 11598 11812 11599
3 11599 11812 11813
3 11804 11806 11600
3 11804 11600 11813
3 11813 11600 11599
3 11600 11806 11573
3 11814 11601 11580
3 11810 11814 11580
3 11601 11814 11602
3 11602 11814 11815
3 11602 11815 11603
3 11603 11815 11816
3 11603 11816 11604
3 11604 11816 11817
3 11604 11817 11605
3 11605 11817 11818
3 11819 11818 11820
3 11819 11606 11818
3 11606 11605 11818
3 11606 11821 11607
3 11819 11821 11606
3 11607 11822 11608
3 11821 11822 11607
3 11608 11823 11609
3 11822 11823 11608
3 11609 11824 11610
3 11823 11824 11609
3 11610 11825 11611
3 11824 11825 11610
3 11611 11826 11612
3 11825 11826 11611
3 11827 11612 11826
3 11827 11828 11612
3 11828 11613 11612
3 11613 11828 11614
3 11614 11828 11829
3 11614 11829 11615
3 11615 11829 11830
3 11615 11830 11616
3 11616 11830 11831
3 11616 11831 11617
3 11617 11831 11832
3 11617 11832 11811
3 11597 11617 11811
3 11819 11820 11833
3 11821 11819 11833
3 11834 11821 11833
3 11822 11821 11834
3 11835 11822 11834
3 11823 11822 11835
3 11836 11823 11835
3 11824 11823 11836
3 11837 11824 11836
3 11825 11824 11837
3 11838 11825 11837
3 11826 11825 11838
3 11839 11826 11838
3 11826 11839 11827
3 11840 11618 11620
3 11841 11840 11620
3 11620 11622 11841
3 11622 11842 11841
3 11622 11624 11842
3 11624 11843 11842
3 11624 11626 11843
3 11626 11844 11843
3 11626 11628 11844
3 11628 11845 11844
3 11628 11630 11845
3 11630 11846 11845
3 11630 11632 11846
3 11632 11847 11846
3 11633 11848 11847
3 11632 11633 11847
3 11849 11634 11635
3 11850 11849 11635
3 11635 11636 11850
3 11636 11851 11850
3 11636 11637 11851
3 11637 11852 11851
3 11637 11638 11852
3 11638 11853 11852
3 11638 11639 11853
3 11639 11854 11853
3 11639 11840 11854
3 11618 11840 11639
3 11855 11633 11640
3 11848 11633 11855
3 11640 11641 11855
3 11641 11856 11855
3 11641 11642 11856
3 11642 11857 11856
3 11642 11643 11857
3 11643 11858 11857
3 11643 11644 11858
3 11644 11859 11858
3 11645 11860 11859
3 11644 11645 11859
3 11861 11647 11648
3 11862 11861 11648
3 11648 11649 11862
3 11649 11863 11862
3 11649 11849 11863
3 11634 11849 11649
3 11864 11645 11650
3 11860 11645 11864
3 11650 11651 11864
3 11651 11865 11864
3 11653 11866 11865
3 11651 11653 11865
3 11655 11656 11867
3 11868 11867 11656
3 11868 11656 11869
3 11869 11656 11657
3 11657 11861 11869
3 11647 11861 11657
3 11870 11653 11658
3 11866 11653 11870
3 11871 11872 11870
3 11871 11870 11659
3 11659 11870 11658
3 11659 11661 11871
3 11663 11664 11873
3 11874 11867 11875
3 11873 11867 11874
3 11873 11655 11867
3 11873 11664 11655
3 11867 11868 11875
3 11871 11876 11872
3 11876 11877 11878
3 11871 11877 11876
3 11871 11665 11877
3 11871 11661 11665
3 11665 11667 11877
3 11669 11670 11879
3 11880 11873 11881
3 11879 11873 11880
3 11879 11663 11873
3 11879 11670 11663
3 11873 11874 11881
3 11877 11882 11878
3 11882 11883 11884
3 11877 11883 11882
3 11877 11671 11883
3 11877 11667 11671
3 11671 11673 11883
3 11675 11674 11885
3 11886 11879 11887
3 11885 11879 11886
3 11885 11669 11879
3 11885 11674 11669
3 11879 11880 11887
3 11883 11888 11884
3 11888 11889 11890
3 11883 11889 11888
3 11883 11676 11889
3 11883 11673 11676
3 11676 11677 11889
3 11679 11675 11885
3 11891 11679 11885
3 11885 11892 11891
3 11886 11892 11885
3 11890 11893 11894
3 11889 11893 11890
3 11893 11889 11677
3 11681 11893 11677
3 11683 11679 11891
3 11895 11683 11891
3 11891 11896 11895
3 11892 11896 11891
3 11894 11897 11898
3 11893 11897 11894
3 11897 11893 11681
3 11685 11897 11681
3 11687 11683 11895
3 11899 11687 11895
3 11900 11895 11896
3 11900 11901 11895
3 11901 11899 11895
3 11901 11900 11902
3 11903 11904 11905
3 11898 11905 11904
3 11898 11897 11905
3 11897 11906 11905
3 11906 11897 11685
3 11689 11906 11685
3 11690 11687 11899
3 11692 11690 11899
3 11692 11899 11907
3 11907 11899 11901
3 11908 11901 11902
3 11908 11909 11901
3 11909 11907 11901
3 11909 11908 11910
3 11694 11911 11695
3 11695 11912 11696
3 11911 11912 11695
3 11913 11696 11912
3 11913 11914 11696
3 11914 11697 11696
3 11697 11914 11698
3 11698 11914 11915
3 11698 11915 11699
3 11699 11915 11916
3 11917 11916 11918
3 11917 11700 11916
3 11700 11699 11916
3 11700 11919 11701
3 11917 11919 11700
3 11701 11919 11703
3 11920 11921 11922
3 11903 11922 11921
3 11903 11905 11922
3 11905 11923 11922
3 11705 11704 11923
3 11705 11923 11906
3 11906 11923 11905
3 11705 11906 11689
3 11707 11692 11907
3 11708 11707 11907
3 11909 11708 11907
3 11909 11910 11924
3 11909 11924 11708
3 11708 11924 11709
3 11709 11924 11710
3 11710 11924 11925
3 11710 11925 11711
3 11711 11925 11926
3 11711 11926 11712
3 11712 11926 11927
3 11712 11927 11713
3 11713 11927 11928
3 11713 11928 11714
3 11714 11928 11929
3 11714 11929 11715
3 11715 11929 11930
3 11715 11930 11716
3 11716 11930 11931
3 11716 11931 11717
3 11717 11931 11932
3 11911 11694 11717
3 11911 11717 11933
3 11933 11717 11932
3 11912 11911 11933
3 11934 11912 11933
3 11912 11934 11913
3 11917 11918 11935
3 11919 11917 11935
3 11936 11919 11935
3 11703 11919 11936
3 11703 11936 11718
3 11718 11936 11937
3 11718 11937 11719
3 11719 11937 11938
3 11719 11938 11720
3 11720 11938 11939
3 11720 11939 11721
3 11721 11939 11940
3 11721 11940 11722
3 11722 11940 11941
3 11722 11941 11723
3 11723 11941 11942
3 11723 11942 11724
3 11724 11942 11943
3 11724 11943 11725
3 11725 11943 11944
3 11725 11944 11726
3 11726 11944 11945
3 11920 11922 11727
3 11920 11727 11945
3 11945 11727 11726
3 11728 11727 11922
3 11923 11728 11922
3 11728 11923 11704
3 11730 11731 11946
3 11731 11732 11947
3 11946 11731 11947
3 11948 11947 11732
3 11948 11732 11949
3 11949 11732 11733
3 11733 11734 11949
3 11734 11950 11949
3 11734 11735 11950
3 11735 11951 11950
3 11735 11736 11951
3 11736 11952 11951
3 11736 11737 11952
3 11737 11953 11952
3 11737 11738 11953
3 11738 11954 11953
3 11738 11739 11954
3 11739 11955 11954
3 11739 11740 11955
3 11740 11956 11955
3 11740 11742 11956
3 11742 11957 11956
3 11743 11958 11959
3 11743 11959 11742
3 11742 11959 11957
3 11958 11960 11961
3 11959 11958 11961
3 11960 11962 11961
3 11963 11964 11965
3 11964 11966 11967
3 11965 11964 11967
3 11966 11744 11746
3 11966 11746 11967
3 11967 11746 11968
3 11746 11747 11968
3 11747 11969 11968
3 11747 11748 11969
3 11748 11970 11969
3 11748 11749 11970
3 11749 11971 11970
3 11749 11750 11971
3 11750 11972 11971
3 11750 11751 11972
3 11751 11973 11972
3 11751 11752 11973
3 11752 11974 11973
3 11752 11753 11974
3 11753 11975 11974
3 11753 11754 11975
3 11754 11976 11975
3 11977 11978 11976
3 11977 11976 11755
3 11755 11976 11754
3 11755 11756 11979
3 11977 11755 11979
3 11756 11758 11979
3 11760 11761 11980
3 11761 11730 11946
3 11761 11946 11980
3 11980 11946 11981
3 11982 11947 11983
3 11982 11981 11947
3 11981 11946 11947
3 11947 11948 11983
3 11762 11958 11743
3 11763 11958 11762
3 11960 11958 11763
3 11960 11984 11962
3 11960 11763 11984
3 11763 11764 11984
3 11764 11765 11984
3 11765 11985 11984
3 11765 11766 11985
3 11766 11986 11985
3 11963 11767 11964
3 11963 11986 11767
3 11986 11766 11767
3 11768 11964 11767
3 11966 11964 11768
3 11768 11744 11966
3 11977 11987 11978
3 11987 11988 11989
3 11987 11977 11988
3 11977 11979 11988
3 11758 11769 11990
3 11758 11990 11979
3 11979 11990 11988
3 11769 11771 11990
3 11773 11760 11980
3 11991 11773 11980
3 11992 11981 11993
3 11992 11991 11981
3 11991 11980 11981
3 11981 11982 11993
3 11988 11994 11989
3 11994 11995 11996
3 11994 11988 11995
3 11988 11990 11995
3 11995 11990 11771
3 11775 11995 11771
3 11777 11773 11991
3 11997 11777 11991
3 11991 11998 11997
3 11992 11998 11991
3 11996 11999 12000
3 11995 11999 11996
3 11999 11995 11775
3 11779 11999 11775
3 11780 11777 11997
3 12001 11780 11997
3 11997 12002 12001
3 11998 12002 11997
3 12000 12003 12004
3 11999 12003 12000
3 12003 11999 11779
3 11781 12003 11779
3 11782 11780 12001
3 12001 12002 12005
3 11782 12001 12005
3 11782 12005 12006
3 11782 12006 11784
3 12006 12005 12007
3 12008 12009 12010
3 11786 12004 12003
3 11785 12004 11786
3 11785 12009 12004
3 11785 12010 12009
3 11786 12003 11781
3 11788 11784 12006
3 12006 12007 12011
3 11788 12006 12011
3 11788 12011 12012
3 11788 12012 11790
3 12012 12011 12013
3 12014 12015 12016
3 11792 12008 12010
3 11791 12008 11792
3 11791 12015 12008
3 11791 12016 12015
3 11792 12010 11785
3 11794 11790 12012
3 12012 12013 12017
3 11794 12012 12017
3 11794 12017 12018
3 11794 12018 11796
3 12018 12017 12019
3 12020 12021 12022
3 11798 12014 12016
3 11797 12014 11798
3 11797 12021 12014
3 11797 12022 12021
3 11798 12016 11791
3 11800 11796 12018
3 12018 12019 12023
3 12018 12023 11800
3 11800 12023 11801
3 11803 12023 12024
3 11801 12023 11803
3 12025 11805 11804
3 12026 11805 12025
3 12020 12022 11807
3 12020 11807 12026
3 12026 11807 11805
3 11807 12022 11797
3 12027 11808 11803
3 12024 12027 11803
3 11808 12027 11809
3 11809 12027 12028
3 11810 12028 12029
3 11809 12028 11810
3 12030 11812 11811
3 12031 11812 12030
3 11812 12031 11813
3 11813 12031 12032
3 11813 12032 12025
3 11804 11813 12025
3 12033 11814 11810
3 12029 12033 11810
3 11814 12033 11815
3 11815 12033 12034
3 11815 12034 11816
3 11816 12034 12035
3 11816 12035 11817
3 11817 12035 12036
3 11817 12036 11818
3 11818 12036 12037
3 11820 12037 12038
3 11818 12037 11820
3 12039 11828 11827
3 12040 11828 12039
3 11828 12040 11829
3 11829 12040 12041
3 11829 12041 11830
3 11830 12041 12042
3 11830 12042 11831
3 11831 12042 12043
3 11831 12043 11832
3 11832 12043 12044
3 11832 12044 12030
3 11811 11832 12030
3 12045 11833 11820
3 12038 12045 11820
3 11833 12045 11834
3 11834 12045 12046
3 11834 12046 11835
3 11835 12046 12047
3 11835 12047 11836
3 11836 12047 12048
3 11836 12048 11837
3 11837 12048 12049
3 11837 12049 11838
3 11838 12049 12050
3 11838 12050 11839
3 11839 12050 12051
3 11839 12051 12039
3 11827 11839 12039
3 11840 11841 12052
3 12053 12052 11841
3 12053 11841 12054
3 12054 11841 11842
3 11842 11843 12054
3 11843 12055 12054
3 11843 11844 12055
3 11844 12056 12055
3 11844 11845 12056
3 11845 12057 12056
3 11845 11846 12057
3 11846 12058 12057
3 12059 12060 12058
3 12059 12058 11847
3 11847 12058 11846
3 11847 11848 12059
3 11849 11850 12061
3 12062 12061 11850
3 12062 11850 12063
3 12063 11850 11851
3 11851 11852 12063
3 11852 12064 12063
3 11852 11853 12064
3 11853 12065 12064
3 11853 11854 12065
3 11854 12066 12065
3 12052 11854 11840
3 12052 12067 11854
3 12067 12066 11854
3 12052 12053 12067
3 12059 12068 12060
3 11848 12068 12059
3 11848 11855 12068
3 11855 12069 12068
3 11855 11856 12069
3 11856 12070 12069
3 11856 11857 12070
3 11857 12071 12070
3 11857 11858 12071
3 11858 12072 12071
3 12073 12074 12072
3 12073 12072 11859
3 11859 12072 11858
3 11859 11860 12073
3 11861 11862 12075
3 12076 12075 11862
3 12076 11862 12077
3 12077 11862 11863
3 12061 11863 11849
3 12061 12078 11863
3 12078 12077 11863
3 12061 12062 12078
3 12073 12079 12074
3 11860 12079 12073
3 11860 11864 12079
3 11864 12080 12079
3 12081 12082 12080
3 12081 12080 11865
3 11865 12080 11864
3 11865 11866 12081
3 11868 11869 12083
3 12084 12075 12085
3 12083 12075 12084
3 12083 11861 12075
3 12083 11869 11861
3 12075 12076 12085
3 12081 12086 12082
3 12086 12087 12088
3 12081 12087 12086
3 12081 11870 12087
3 12081 11866 11870
3 11870 11872 12087
3 11874 11875 12089
3 12090 12083 12091
3 12089 12083 12090
3 12089 11868 12083
3 12089 11875 11868
3 12083 12084 12091
3 12087 12092 12088
3 12092 12093 12094
3 12087 12093 12092
3 12087 11876 12093
3 12087 11872 11876
3 11876 11878 12093
3 11880 11881 12095
3 12096 12089 12097
3 12095 12089 12096
3 12095 11874 12089
3 12095 11881 11874
3 12089 12090 12097
3 12093 12098 12094
3 12098 12099 12100
3 12093 12099 12098
3 12093 11882 12099
3 12093 11878 11882
3 11882 11884 12099
3 11886 11887 12101
3 11887 11880 12095
3 11887 12095 12101
3 12101 12095 12102
3 12095 12103 12102
3 12096 12103 12095
3 12100 12104 12105
3 12099 12104 12100
3 11884 11888 12106
3 11884 12106 12099
3 12099 12106 12104
3 11888 11890 12106
3 11892 11886 12101
3 12107 11892 12101
3 12108 12102 12109
3 12108 12107 12102
3 12107 12101 12102
3 12102 12103 12109
3 12104 12110 12105
3 12110 12111 12112
3 12110 12104 12111
3 12104 12106 12111
3 12111 12106 11890
3 11894 12111 11890
3 11896 11892 12107
3 12113 11896 12107
3 12114 12107 12108
3 12114 12115 12107
3 12115 12113 12107
3 12115 12114 12116
3 12117 12118 12119
3 12112 12119 12118
3 12112 12111 12119
3 12111 12120 12119
3 12120 12111 11894
3 11898 12120 11894
3 11900 11896 12113
3 11902 11900 12113
3 11902 12113 12121
3 12121 12113 12115
3 12115 12122 12121
3 12116 12122 12115
3 12117 12123 12124
3 12119 12123 12117
3 11904 11903 12123
3 11904 12123 12120
3 12120 12123 12119
3 11904 12120 11898
3 11908 11902 12121
3 12121 12122 12125
3 11908 12121 12125
3 11908 12125 12126
3 11908 12126 11910
3 12126 12127 12128
3 12125 12127 12126
3 12128 12129 12130
3 12127 12129 12128
3 12130 12129 12131
3 11913 12132 11914
3 11914 12133 11915
3 12132 12133 11914
3 11915 12134 11916
3 12133 12134 11915
3 11916 12134 11918
3 12135 12136 12137
3 12137 12138 12139
3 12136 12138 12137
3 12139 12140 12141
3 12138 12140 12139
3 11921 12124 12123
3 11920 12124 11921
3 11920 12140 12124
3 11920 12141 12140
3 11921 12123 11903
3 11924 11910 12126
3 11925 11924 12126
3 12128 11925 12126
3 11926 11925 12128
3 12130 11926 12128
3 12130 12131 12142
3 12130 12142 11926
3 11926 12142 11927
3 11927 12142 11928
3 11928 12142 12143
3 11928 12143 11929
3 11929 12143 12144
3 11929 12144 11930
3 11930 12144 12145
3 11930 12145 11931
3 11931 12145 12146
3 11931 12146 11932
3 11932 12146 12147
3 11932 12147 11933
3 11933 12147 12148
3 11933 12148 11934
3 11934 12148 12149
3 12132 11913 11934
3 12132 11934 12150
3 12150 11934 12149
3 12133 12132 12150
3 12151 12133 12150
3 12134 12133 12151
3 12152 12134 12151
3 11918 12134 12152
3 11918 12152 11935
3 11935 12152 12153
3 11935 12153 11936
3 11936 12153 12154
3 11936 12154 11937
3 11937 12154 12155
3 11937 12155 11938
3 11938 12155 12156
3 11938 12156 11939
3 11939 12156 12157
3 11939 12157 11940
3 11940 12157 12158
3 11940 12158 11941
3 11941 12158 12159
3 11941 12159 11942
3 11942 12159 12160
3 12135 12137 11943
3 12135 11943 12160
3 12160 11943 11942
3 11944 11943 12137
3 12139 11944 12137
3 11945 11944 12139
3 12141 11945 12139
3 11945 12141 11920
3 11948 11949 12161
3 11949 11950 12162
3 12161 11949 12162
3 11950 11951 12163
3 12162 11950 12163
3 12164 12163 11951
3 12164 11951 12165
3 12165 11951 11952
3 11952 11953 12165
3 11953 12166 12165
3 11953 11954 12166
3 11954 12167 12166
3 11954 11955 12167
3 11955 12168 12167
3 11955 11956 12168
3 11956 12169 12168
3 11956 11957 12169
3 11957 12170 12169
3 11957 11959 12170
3 11959 12171 12170
3 11959 11961 12171
3 11961 12172 12171
3 11962 12173 12174
3 11962 12174 11961
3 11961 12174 12172
3 12173 12175 12176
3 12174 12173 12176
3 12175 12177 12178
3 12176 12175 12178
3 12177 11963 11965
3 12177 11965 12178
3 12178 11965 12179
3 11965 11967 12179
3 11967 12180 12179
3 11967 11968 12180
3 11968 12181 12180
3 11968 11969 12181
3 11969 12182 12181
3 11969 11970 12182
3 11970 12183 12182
3 11970 11971 12183
3 11971 12184 12183
3 11971 11972 12184
3 11972 12185 12184
3 11972 11973 12185
3 11973 12186 12185
3 12187 12188 12186
3 12187 12186 11974
3 11974 12186 11973
3 11974 11975 12189
3 12187 11974 12189
3 11975 11976 12190
3 12189 11975 12190
3 11976 11978 12190
3 11982 11983 12191
3 12192 12161 12193
3 12191 12161 12192
3 12191 11948 12161
3 12191 11983 11948
3 12162 12193 12161
3 12194 12193 12162
3 12163 12194 12162
3 12195 12194 12163
3 12163 12164 12195
3 11984 12173 11962
3 11985 12173 11984
3 12175 12173 11985
3 11986 12175 11985
3 12177 12175 11986
3 11986 11963 12177
3 12187 12196 12188
3 12189 12196 12187
3 12197 12196 12189
3 12190 12197 12189
3 12198 12197 12190
3 12198 12199 12200
3 12190 12199 12198
3 12190 11987 12199
3 12190 11978 11987
3 11987 11989 12199
3 11992 11993 12201
3 11993 11982 12191
3 11993 12191 12201
3 12201 12191 12202
3 12191 12203 12202
3 12192 12203 12191
3 12200 12204 12205
3 12199 12204 12200
3 11989 11994 12206
3 11989 12206 12199
3 12199 12206 12204
3 11994 11996 12206
3 11998 11992 12201
3 12207 11998 12201
3 12208 12202 12209
3 12208 12207 12202
3 12207 12201 12202
3 12202 12203 12209
3 12204 12210 12205
3 12210 12211 12212
3 12210 12204 12211
3 12204 12206 12211
3 12211 12206 11996
3 12000 12211 11996
3 12002 11998 12207
3 12213 12002 12207
3 12214 12207 12208
3 12214 12215 12207
3 12215 12213 12207
3 12215 12214 12216
3 12217 12218 12219
3 12212 12219 12218
3 12212 12211 12219
3 12211 12220 12219
3 12220 12211 12000
3 12004 12220 12000
3 12005 12002 12213
3 12007 12005 12213
3 12007 12213 12221
3 12221 12213 12215
3 12215 12222 12221
3 12216 12222 12215
3 12217 12223 12224
3 12219 12223 12217
3 12009 12008 12223
3 12009 12223 12220
3 12220 12223 12219
3 12009 12220 12004
3 12011 12007 12221
3 12221 12222 12225
3 12011 12221 12225
3 12011 12225 12226
3 12011 12226 12013
3 12226 12225 12227
3 12228 12229 12230
3 12015 12224 12223
3 12014 12224 12015
3 12014 12229 12224
3 12014 12230 12229
3 12015 12223 12008
3 12017 12013 12226
3 12226 12227 12231
3 12017 12226 12231
3 12017 12231 12232
3 12017 12232 12019
3 12232 12231 12233
3 12234 12235 12236
3 12021 12228 12230
3 12020 12228 12021
3 12020 12235 12228
3 12020 12236 12235
3 12021 12230 12014
3 12023 12019 12232
3 12232 12233 12237
3 12023 12232 12237
3 12023 12237 12238
3 12023 12238 12024
3 12238 12237 12239
3 12240 12241 12242
3 12026 12234 12236
3 12025 12234 12026
3 12025 12241 12234
3 12025 12242 12241
3 12026 12236 12020
3 12027 12024 12238
3 12238 12239 12243
3 12238 12243 12027
3 12027 12243 12028
3 12029 12244 12245
3 12029 12028 12244
3 12028 12243 12244
3 12245 12244 12246
3 12247 12248 12249
3 12249 12031 12030
3 12249 12248 12031
3 12248 12250 12031
3 12240 12242 12032
3 12240 12032 12250
3 12250 12032 12031
3 12032 12242 12025
3 12033 12029 12245
3 12245 12246 12251
3 12245 12251 12033
3 12033 12251 12034
3 12034 12251 12035
3 12035 12251 12252
3 12035 12252 12036
3 12036 12252 12253
3 12036 12253 12037
3 12037 12253 12254
3 12038 12255 12256
3 12038 12037 12255
3 12037 12254 12255
3 12256 12255 12257
3 12258 12259 12260
3 12260 12040 12039
3 12260 12259 12040
3 12259 12261 12040
3 12040 12261 12041
3 12041 12261 12262
3 12041 12262 12042
3 12042 12262 12263
3 12042 12263 12043
3 12043 12263 12264
3 12247 12249 12044
3 12247 12044 12264
3 12264 12044 12043
3 12044 12249 12030
3 12045 12038 12256
3 12256 12257 12265
3 12256 12265 12045
3 12045 12265 12046
3 12046 12265 12047
3 12047 12265 12266
3 12047 12266 12048
3 12048 12266 12267
3 12048 12267 12049
3 12049 12267 12268
3 12049 12268 12050
3 12050 12268 12269
3 12258 12260 12051
3 12258 12051 12269
3 12269 12051 12050
3 12051 12260 12039
3 12053 12054 12270
3 12054 12055 12271
3 12270 12054 12271
3 12055 12056 12272
3 12271 12055 12272
3 12056 12057 12273
3 12272 12056 12273
3 12057 12058 12274
3 12273 12057 12274
3 12058 12060 12274
3 12062 12063 12275
3 12063 12064 12276
3 12275 12063 12276
3 12277 12276 12064
3 12277 12064 12278
3 12278 12064 12065
3 12065 12066 12278
3 12066 12279 12278
3 12066 12067 12279
3 12067 12280 12279
3 12270 12067 12053
3 12270 12281 12067
3 12281 12280 12067
3 12271 12281 12270
3 12282 12281 12271
3 12272 12282 12271
3 12283 12282 12272
3 12273 12283 12272
3 12284 12283 12273
3 12274 12284 12273
3 12285 12284 12274
3 12060 12285 12274
3 12060 12068 12285
3 12068 12286 12285
3 12068 12069 12286
3 12069 12287 12286
3 12069 12070 12287
3 12070 12288 12287
3 12289 12290 12288
3 12289 12288 12071
3 12071 12288 12070
3 12071 12072 12291
3 12289 12071 12291
3 12072 12074 12291
3 12076 12077 12292
3 12077 12078 12293
3 12292 12077 12293
3 12294 12275 12295
3 12293 12275 12294
3 12293 12062 12275
3 12293 12078 12062
3 12276 12295 12275
3 12296 12295 12276
3 12276 12277 12296
3 12289 12297 12290
3 12291 12297 12289
3 12298 12297 12291
3 12298 12299 12300
3 12291 12299 12298
3 12291 12079 12299
3 12291 12074 12079
3 12079 12080 12301
3 12299 12079 12301
3 12080 12082 12301
3 12084 12085 12302
3 12303 12292 12304
3 12302 12292 12303
3 12302 12076 12292
3 12302 12085 12076
3 12293 12304 12292
3 12305 12304 12293
3 12293 12294 12305
3 12299 12306 12300
3 12301 12306 12299
3 12307 12306 12301
3 12307 12308 12309
3 12301 12308 12307
3 12301 12086 12308
3 12301 12082 12086
3 12086 12088 12308
3 12090 12091 12310
3 12311 12302 12312
3 12310 12302 12311
3 12310 12084 12302
3 12310 12091 12084
3 12302 12303 12312
3 12308 12313 12309
3 12313 12314 12315
3 12308 12314 12313
3 12308 12092 12314
3 12308 12088 12092
3 12092 12094 12314
3 12096 12097 12316
3 12317 12310 12318
3 12316 12310 12317
3 12316 12090 12310
3 12316 12097 12090
3 12310 12311 12318
3 12314 12319 12315
3 12319 12320 12321
3 12314 12320 12319
3 12314 12098 12320
3 12314 12094 12098
3 12098 12100 12320
3 12103 12096 12316
3 12322 12103 12316
3 12316 12323 12322
3 12317 12323 12316
3 12321 12324 12325
3 12320 12324 12321
3 12324 12320 12100
3 12105 12324 12100
3 12108 12109 12326
3 12109 12103 12322
3 12109 12322 12326
3 12326 12322 12327
3 12322 12328 12327
3 12323 12328 12322
3 12325 12329 12330
3 12324 12329 12325
3 12105 12110 12331
3 12105 12331 12324
3 12324 12331 12329
3 12110 12112 12331
3 12114 12108 12326
3 12116 12114 12326
3 12116 12326 12332
3 12332 12326 12327
3 12327 12333 12332
3 12328 12333 12327
3 12330 12334 12335
3 12329 12334 12330
3 12118 12117 12334
3 12118 12334 12331
3 12331 12334 12329
3 12118 12331 12112
3 12122 12116 12332
3 12336 12122 12332
3 12337 12332 12333
3 12337 12338 12332
3 12338 12336 12332
3 12338 12337 12339
3 12340 12341 12342
3 12335 12342 12341
3 12335 12334 12342
3 12334 12343 12342
3 12343 12334 12117
3 12124 12343 12117
3 12125 12122 12336
3 12127 12125 12336
3 12338 12127 12336
3 12338 12339 12344
3 12338 12344 12127
3 12127 12344 12129
3 12131 12345 12346
3 12131 12129 12345
3 12129 12344 12345
3 12346 12347 12348
3 12345 12347 12346
3 12348 12349 12350
3 12347 12349 12348
3 12350 12351 12352
3 12349 12351 12350
3 12352 12353 12354
3 12351 12353 12352
3 12354 12355 12356
3 12353 12355 12354
3 12356 12357 12358
3 12355 12357 12356
3 12358 12359 12360
3 12357 12359 12358
3 12360 12361 12362
3 12359 12361 12360
3 12362 12363 12364
3 12361 12363 12362
3 12364 12365 12366
3 12363 12365 12364
3 12366 12367 12368
3 12365 12367 12366
3 12368 12369 12370
3 12367 12369 12368
3 12370 12371 12372
3 12369 12371 12370
3 12372 12373 12374
3 12371 12373 12372
3 12374 12375 12376
3 12373 12375 12374
3 12376 12377 12378
3 12375 12377 12376
3 12378 12379 12380
3 12377 12379 12378
3 12380 12381 12382
3 12379 12381 12380
3 12382 12136 12135
3 12382 12381 12136
3 12381 12383 12136
3 12340 12342 12138
3 12340 12138 12383
3 12383 12138 12136
3 12140 12138 12342
3 12343 12140 12342
3 12140 12343 12124
3 12142 12131 12346
3 12143 12142 12346
3 12348 12143 12346
3 12144 12143 12348
3 12350 12144 12348
3 12145 12144 12350
3 12352 12145 12350
3 12146 12145 12352
3 12354 12146 12352
3 12147 12146 12354
3 12356 12147 12354
3 12148 12147 12356
3 12358 12148 12356
3 12149 12148 12358
3 12360 12149 12358
3 12150 12149 12360
3 12362 12150 12360
3 12151 12150 12362
3 12364 12151 12362
3 12152 12151 12364
3 12366 12152 12364
3 12153 12152 12366
3 12368 12153 12366
3 12154 12153 12368
3 12370 12154 12368
3 12155 12154 12370
3 12372 12155 12370
3 12156 12155 12372
3 12374 12156 12372
3 12157 12156 12374
3 12376 12157 12374
3 12158 12157 12376
3 12378 12158 12376
3 12159 12158 12378
3 12380 12159 12378
3 12160 12159 12380
3 12382 12160 12380
3 12160 12382 12135
3 12164 12165 12384
3 12165 12166 12385
3 12384 12165 12385
3 12166 12167 12386
3 12385 12166 12386
3 12167 12168 12387
3 12386 12167 12387
3 12168 12169 12388
3 12387 12168 12388
3 12169 12170 12389
3 12388 12169 12389
3 12170 12171 12390
3 12389 12170 12390
3 12171 12172 12391
3 12390 12171 12391
3 12172 12174 12392
3 12391 12172 12392
3 12174 12176 12393
3 12392 12174 12393
3 12176 12178 12394
3 12393 12176 12394
3 12178 12179 12395
3 12394 12178 12395
3 12179 12180 12396
3 12395 12179 12396
3 12180 12181 12397
3 12396 12180 12397
3 12181 12182 12398
3 12397 12181 12398
3 12182 12183 12399
3 12398 12182 12399
3 12183 12184 12400
3 12399 12183 12400
3 12184 12185 12401
3 12400 12184 12401
3 12185 12186 12402
3 12401 12185 12402
3 12186 12188 12402
3 12192 12193 12403
3 12193 12194 12404
3 12403 12193 12404
3 12405 12404 12194
3 12405 12194 12406
3 12406 12194 12195
3 12384 12195 12164
3 12384 12407 12195
3 12407 12406 12195
3 12385 12407 12384
3 12408 12407 12385
3 12386 12408 12385
3 12409 12408 12386
3 12387 12409 12386
3 12410 12409 12387
3 12388 12410 12387
3 12411 12410 12388
3 12389 12411 12388
3 12412 12411 12389
3 12390 12412 12389
3 12413 12412 12390
3 12391 12413 12390
3 12414 12413 12391
3 12392 12414 12391
3 12415 12414 12392
3 12393 12415 12392
3 12416 12415 12393
3 12394 12416 12393
3 12417 12416 12394
3 12395 12417 12394
3 12418 12417 12395
3 12396 12418 12395
3 12419 12418 12396
3 12397 12419 12396
3 12420 12419 12397
3 12398 12420 12397
3 12421 12420 12398
3 12399 12421 12398
3 12422 12421 12399
3 12400 12422 12399
3 12423 12422 12400
3 12401 12423 12400
3 12424 12423 12401
3 12402 12424 12401
3 12425 12424 12402
3 12188 12425 12402
3 12188 12196 12425
3 12196 12426 12425
3 12427 12428 12426
3 12427 12426 12197
3 12197 12426 12196
3 12197 12198 12429
3 12427 12197 12429
3 12198 12200 12429
3 12203 12192 12403
3 12430 12203 12403
3 12431 12404 12432
3 12431 12430 12404
3 12430 12403 12404
3 12404 12405 12432
3 12427 12433 12428
3 12433 12434 12435
3 12433 12427 12434
3 12427 12429 12434
3 12434 12429 12200
3 12205 12434 12200
3 12208 12209 12436
3 12209 12203 12430
3 12209 12430 12436
3 12436 12430 12437
3 12430 12438 12437
3 12431 12438 12430
3 12435 12439 12440
3 12434 12439 12435
3 12205 12210 12441
3 12205 12441 12434
3 12434 12441 12439
3 12210 12212 12441
3 12214 12208 12436
3 12216 12214 12436
3 12216 12436 12442
3 12442 12436 12437
3 12437 12443 12442
3 12438 12443 12437
3 12440 12444 12445
3 12439 12444 12440
3 12218 12217 12444
3 12218 12444 12441
3 12441 12444 12439
3 12218 12441 12212
3 12222 12216 12442
3 12446 12222 12442
3 12442 12447 12446
3 12443 12447 12442
3 12445 12448 12449
3 12444 12448 12445
3 12448 12444 12217
3 12224 12448 12217
3 12225 12222 12446
3 12446 12447 12450
3 12225 12446 12450
3 12225 12450 12451
3 12225 12451 12227
3 12451 12450 12452
3 12453 12454 12455
3 12229 12449 12448
3 12228 12449 12229
3 12228 12454 12449
3 12228 12455 12454
3 12229 12448 12224
3 12231 12227 12451
3 12451 12452 12456
3 12231 12451 12456
3 12231 12456 12457
3 12231 12457 12233
3 12457 12456 12458
3 12459 12460 12461
3 12235 12453 12455
3 12234 12453 12235
3 12234 12460 12453
3 12234 12461 12460
3 12235 12455 12228
3 12237 12233 12457
3 12457 12458 12462
3 12237 12457 12462
3 12237 12462 12463
3 12237 12463 12239
3 12463 12464 12465
3 12462 12464 12463
3 12465 12464 12466
3 12467 12468 12469
3 12469 12470 12471
3 12468 12470 12469
3 12241 12459 12461
3 12240 12459 12241
3 12240 12470 12459
3 12240 12471 12470
3 12241 12461 12234
3 12243 12239 12463
3 12244 12243 12463
3 12465 12244 12463
3 12465 12466 12472
3 12244 12465 12472
3 12244 12472 12473
3 12244 12473 12246
3 12473 12474 12475
3 12472 12474 12473
3 12475 12474 12476
3 12477 12478 12479
3 12479 12480 12481
3 12478 12480 12479
3 12248 12467 12469
3 12247 12467 12248
3 12247 12480 12467
3 12247 12481 12480
3 12250 12248 12469
3 12471 12250 12469
3 12250 12471 12240
3 12251 12246 12473
3 12252 12251 12473
3 12475 12252 12473
3 12475 12476 12482
3 12475 12482 12252
3 12252 12482 12253
3 12253 12482 12254
3 12254 12482 12483
3 12254 12483 12255
3 12255 12483 12484
3 12257 12485 12486
3 12257 12255 12485
3 12255 12484 12485
3 12486 12487 12488
3 12485 12487 12486
3 12488 12489 12490
3 12487 12489 12488
3 12490 12491 12492
3 12489 12491 12490
3 12492 12493 12494
3 12491 12493 12492
3 12494 12259 12258
3 12494 12493 12259
3 12493 12495 12259
3 12259 12495 12261
3 12261 12495 12496
3 12261 12496 12262
3 12262 12496 12497
3 12477 12479 12263
3 12477 12263 12497
3 12497 12263 12262
3 12264 12263 12479
3 12481 12264 12479
3 12264 12481 12247
3 12265 12257 12486
3 12266 12265 12486
3 12488 12266 12486
3 12267 12266 12488
3 12490 12267 12488
3 12268 12267 12490
3 12492 12268 12490
3 12269 12268 12492
3 12494 12269 12492
3 12269 12494 12258
3 12277 12278 12498
3 12278 12279 12499
3 12498 12278 12499
3 12279 12280 12500
3 12499 12279 12500
3 12501 12500 12280
3 12501 12280 12502
3 12502 12280 12281
3 12281 12282 12502
3 12282 12503 12502
3 12282 12283 12503
3 12283 12504 12503
3 12283 12284 12504
3 12284 12505 12504
3 12284 12285 12505
3 12285 12506 12505
3 12507 12508 12506
3 12507 12506 12286
3 12286 12506 12285
3 12286 12287 12509
3 12507 12286 12509
3 12287 12288 12510
3 12509 12287 12510
3 12288 12290 12510
3 12294 12295 12511
3 12295 12296 12512
3 12511 12295 12512
3 12513 12498 12514
3 12512 12498 12513
3 12512 12277 12498
3 12512 12296 12277
3 12499 12514 12498
3 12515 12514 12499
3 12500 12515 12499
3 12516 12515 12500
3 12500 12501 12516
3 12507 12517 12508
3 12509 12517 12507
3 12518 12517 12509
3 12510 12518 12509
3 12519 12518 12510
3 12519 12520 12521
3 12510 12520 12519
3 12510 12297 12520
3 12510 12290 12297
3 12297 12298 12522
3 12520 12297 12522
3 12298 12300 12522
3 12303 12304 12523
3 12304 12305 12524
3 12523 12304 12524
3 12525 12511 12526
3 12524 12511 12525
3 12524 12294 12511
3 12524 12305 12294
3 12512 12526 12511
3 12527 12526 12512
3 12512 12513 12527
3 12520 12528 12521
3 12522 12528 12520
3 12529 12528 12522
3 12529 12530 12531
3 12522 12530 12529
3 12522 12306 12530
3 12522 12300 12306
3 12306 12307 12532
3 12530 12306 12532
3 12307 12309 12532
3 12311 12312 12533
3 12312 12303 12523
3 12312 12523 12533
3 12533 12523 12534
3 12535 12524 12536
3 12535 12534 12524
3 12534 12523 12524
3 12524 12525 12536
3 12530 12537 12531
3 12537 12538 12539
3 12537 12530 12538
3 12530 12532 12538
3 12309 12313 12540
3 12309 12540 12532
3 12532 12540 12538
3 12313 12315 12540
3 12317 12318 12541
3 12318 12311 12533
3 12318 12533 12541
3 12541 12533 12542
3 12543 12534 12544
3 12543 12542 12534
3 12542 12533 12534
3 12534 12535 12544
3 12538 12545 12539
3 12545 12546 12547
3 12545 12538 12546
3 12538 12540 12546
3 12315 12319 12548
3 12315 12548 12540
3 12540 12548 12546
3 12319 12321 12548
3 12323 12317 12541
3 12549 12323 12541
3 12549 12541 12550
3 12541 12542 12550
3 12542 12551 12550
3 12543 12551 12542
3 12547 12552 12553
3 12546 12552 12547
3 12552 12546 12554
3 12546 12548 12554
3 12554 12548 12321
3 12325 12554 12321
3 12328 12323 12549
3 12555 12328 12549
3 12555 12549 12556
3 12549 12550 12556
3 12550 12557 12556
3 12551 12557 12550
3 12553 12558 12559
3 12552 12558 12553
3 12558 12552 12560
3 12552 12554 12560
3 12560 12554 12325
3 12330 12560 12325
3 12333 12328 12555
3 12561 12333 12555
3 12561 12555 12562
3 12555 12556 12562
3 12556 12563 12562
3 12557 12563 12556
3 12559 12564 12565
3 12558 12564 12559
3 12564 12558 12566
3 12558 12560 12566
3 12566 12560 12330
3 12335 12566 12330
3 12337 12333 12561
3 12339 12337 12561
3 12339 12561 12567
3 12567 12561 12562
3 12568 12562 12563
3 12568 12569 12562
3 12569 12567 12562
3 12569 12570 12571
3 12568 12570 12569
3 12571 12570 12572
3 12573 12574 12575
3 12575 12576 12577
3 12574 12576 12575
3 12565 12577 12576
3 12565 12564 12577
3 12564 12578 12577
3 12341 12340 12578
3 12341 12578 12566
3 12566 12578 12564
3 12341 12566 12335
3 12344 12339 12567
3 12345 12344 12567
3 12569 12345 12567
3 12347 12345 12569
3 12571 12347 12569
3 12571 12572 12579
3 12571 12579 12347
3 12347 12579 12349
3 12349 12579 12351
3 12351 12579 12580
3 12351 12580 12353
3 12353 12580 12581
3 12353 12581 12355
3 12355 12581 12582
3 12355 12582 12357
3 12357 12582 12583
3 12357 12583 12359
3 12359 12583 12584
3 12359 12584 12361
3 12361 12584 12585
3 12361 12585 12363
3 12363 12585 12586
3 12363 12586 12365
3 12365 12586 12587
3 12365 12587 12367
3 12367 12587 12588
3 12367 12588 12369
3 12369 12588 12589
3 12369 12589 12371
3 12371 12589 12590
3 12371 12590 12373
3 12373 12590 12591
3 12373 12591 12375
3 12375 12591 12592
3 12375 12592 12377
3 12377 12592 12593
3 12573 12575 12379
3 12573 12379 12593
3 12593 12379 12377
3 12381 12379 12575
3 12577 12381 12575
3 12383 12381 12577
3 12578 12383 12577
3 12383 12578 12340
3 12405 12406 12594
3 12406 12407 12595
3 12594 12406 12595
3 12407 12408 12596
3 12595 12407 12596
3 12597 12596 12408
3 12597 12408 12598
3 12598 12408 12409
3 12409 12410 12598
3 12410 12599 12598
3 12410 12411 12599
3 12411 12600 12599
3 12411 12412 12600
3 12412 12601 12600
3 12412 12413 12601
3 12413 12602 12601
3 12413 12414 12602
3 12414 12603 12602
3 12414 12415 12603
3 12415 12604 12603
3 12415 12416 12604
3 12416 12605 12604
3 12416 12417 12605
3 12417 12606 12605
3 12417 12418 12606
3 12418 12607 12606
3 12418 12419 12607
3 12419 12608 12607
3 12419 12420 12608
3 12420 12609 12608
3 12420 12421 12609
3 12421 12610 12609
3 12421 12422 12610
3 12422 12611 12610
3 12422 12423 12611
3 12423 12612 12611
3 12613 12614 12612
3 12613 12612 12424
3 12424 12612 12423
3 12424 12425 12615
3 12613 12424 12615
3 12425 12426 12616
3 12615 12425 12616
3 12426 12428 12616
3 12431 12432 12617
3 12432 12405 12594
3 12432 12594 12617
3 12617 12594 12618
3 12619 12595 12620
3 12619 12618 12595
3 12618 12594 12595
3 12596 12620 12595
3 12621 12620 12596
3 12596 12597 12621
3 12613 12622 12614
3 12615 12622 12613
3 12623 12622 12615
3 12623 12624 12625
3 12623 12615 12624
3 12615 12616 12624
3 12428 12433 12626
3 12428 12626 12616
3 12616 12626 12624
3 12433 12435 12626
3 12438 12431 12617
3 12627 12438 12617
3 12627 12617 12628
3 12617 12618 12628
3 12618 12629 12628
3 12619 12629 12618
3 12625 12630 12631
3 12624 12630 12625
3 12630 12624 12632
3 12624 12626 12632
3 12632 12626 12435
3 12440 12632 12435
3 12443 12438 12627
3 12633 12443 12627
3 12633 12627 12634
3 12627 12628 12634
3 12628 12635 12634
3 12629 12635 12628
3 12631 12636 12637
3 12630 12636 12631
3 12636 12630 12638
3 12630 12632 12638
3 12638 12632 12440
3 12445 12638 12440
3 12447 12443 12633
3 12639 12447 12633
3 12639 12633 12640
3 12633 12634 12640
3 12634 12641 12640
3 12635 12641 12634
3 12637 12642 12643
3 12636 12642 12637
3 12642 12636 12644
3 12636 12638 12644
3 12644 12638 12445
3 12449 12644 12445
3 12450 12447 12639
3 12452 12450 12639
3 12452 12639 12645
3 12645 12639 12640
3 12646 12640 12641
3 12646 12647 12640
3 12647 12645 12640
3 12647 12646 12648
3 12649 12650 12651
3 12643 12651 12650
3 12643 12642 12651
3 12642 12652 12651
3 12454 12453 12652
3 12454 12652 12644
3 12644 12652 12642
3 12454 12644 12449
3 12456 12452 12645
3 12458 12456 12645
3 12458 12645 12653
3 12653 12645 12647
3 12654 12647 12648
3 12654 12655 12647
3 12655 12653 12647
3 12655 12654 12656
3 12657 12658 12659
3 12649 12659 12658
3 12649 12651 12659
3 12651 12660 12659
3 12460 12459 12660
3 12460 12660 12652
3 12652 12660 12651
3 12460 12652 12453
3 12462 12458 12653
3 12464 12462 12653
3 12655 12464 12653
3 12655 12656 12661
3 12464 12655 12661
3 12464 12661 12662
3 12464 12662 12466
3 12662 12663 12664
3 12661 12663 12662
3 12664 12663 12665
3 12666 12667 12668
3 12668 12669 12670
3 12667 12669 12668
3 12468 12657 12659
3 12467 12657 12468
3 12467 12669 12657
3 12467 12670 12669
3 12470 12468 12659
3 12660 12470 12659
3 12470 12660 12459
3 12472 12466 12662
3 12474 12472 12662
3 12664 12474 12662
3 12664 12665 12671
3 12474 12664 12671
3 12474 12671 12672
3 12474 12672 12476
3 12672 12673 12674
3 12671 12673 12672
3 12674 12675 12676
3 12673 12675 12674
3 12676 12675 12677
3 12678 12679 12680
3 12680 12681 12682
3 12679 12681 12680
3 12682 12683 12684
3 12681 12683 12682
3 12478 12666 12668
3 12477 12666 12478
3 12477 12683 12666
3 12477 12684 12683
3 12480 12478 12668
3 12670 12480 12668
3 12480 12670 12467
3 12482 12476 12672
3 12483 12482 12672
3 12674 12483 12672
3 12484 12483 12674
3 12676 12484 12674
3 12676 12677 12685
3 12676 12685 12484
3 12484 12685 12485
3 12485 12685 12487
3 12487 12685 12686
3 12487 12686 12489
3 12489 12686 12687
3 12489 12687 12491
3 12491 12687 12688
3 12491 12688 12493
3 12493 12688 12689
3 12678 12680 12495
3 12678 12495 12689
3 12689 12495 12493
3 12496 12495 12680
3 12682 12496 12680
3 12497 12496 12682
3 12684 12497 12682
3 12497 12684 12477
3 12501 12502 12690
3 12502 12503 12691
3 12690 12502 12691
3 12503 12504 12692
3 12691 12503 12692
3 12504 12505 12693
3 12692 12504 12693
3 12505 12506 12694
3 12693 12505 12694
3 12506 12508 12694
3 12513 12514 12695
3 12514 12515 12696
3 12695 12514 12696
3 12515 12516 12697
3 12696 12515 12697
3 12698 12690 12699
3 12697 12690 12698
3 12697 12501 12690
3 12697 12516 12501
3 12691 12699 12690
3 12700 12699 12691
3 12692 12700 12691
3 12701 12700 12692
3 12693 12701 12692
3 12702 12701 12693
3 12694 12702 12693
3 12703 12702 12694
3 12703 12704 12705
3 12694 12704 12703
3 12694 12517 12704
3 12694 12508 12517
3 12517 12518 12706
3 12704 12517 12706
3 12518 12519 12707
3 12706 12518 12707
3 12519 12521 12707
3 12525 12526 12708
3 12526 12527 12709
3 12708 12526 12709
3 12710 12695 12711
3 12709 12695 12710
3 12709 12513 12695
3 12709 12527 12513
3 12696 12711 12695
3 12712 12711 12696
3 12697 12712 12696
3 12713 12712 12697
3 12697 12698 12713
3 12704 12714 12705
3 12706 12714 12704
3 12715 12714 12706
3 12707 12715 12706
3 12716 12715 12707
3 12716 12717 12718
3 12707 12717 12716
3 12707 12528 12717
3 12707 12521 12528
3 12528 12529 12719
3 12717 12528 12719
3 12529 12531 12719
3 12535 12536 12720
3 12536 12525 12708
3 12536 12708 12720
3 12720 12708 12721
3 12722 12709 12723
3 12722 12721 12709
3 12721 12708 12709
3 12709 12710 12723
3 12717 12724 12718
3 12724 12725 12726
3 12724 12717 12725
3 12717 12719 12725
3 12531 12537 12727
3 12531 12727 12719
3 12719 12727 12725
3 12537 12539 12727
3 12543 12544 12728
3 12544 12535 12720
3 12544 12720 12728
3 12728 12720 12729
3 12730 12721 12731
3 12730 12729 12721
3 12729 12720 12721
3 12721 12722 12731
3 12725 12732 12726
3 12732 12733 12734
3 12732 12725 12733
3 12725 12727 12733
3 12539 12545 12735
3 12539 12735 12727
3 12727 12735 12733
3 12545 12547 12735
3 12551 12543 12728
3 12736 12551 12728
3 12736 12728 12737
3 12728 12729 12737
3 12729 12738 12737
3 12730 12738 12729
3 12734 12739 12740
3 12733 12739 12734
3 12739 12733 12741
3 12733 12735 12741
3 12741 12735 12547
3 12553 12741 12547
3 12557 12551 12736
3 12742 12557 12736
3 12742 12736 12743
3 12736 12737 12743
3 12737 12744 12743
3 12738 12744 12737
3 12740 12745 12746
3 12739 12745 12740
3 12745 12739 12747
3 12739 12741 12747
3 12747 12741 12553
3 12559 12747 12553
3 12563 12557 12742
3 12748 12563 12742
3 12748 12742 12749
3 12742 12743 12749
3 12750 12743 12744
3 12750 12751 12743
3 12751 12749 12743
3 12751 12752 12753
3 12750 12752 12751
3 12753 12752 12754
3 12755 12756 12757
3 12757 12758 12759
3 12756 12758 12757
3 12746 12759 12758
3 12746 12745 12759
3 12745 12760 12759
3 12760 12745 12761
3 12745 12747 12761
3 12761 12747 12559
3 12565 12761 12559
3 12568 12563 12748
3 12570 12568 12748
3 12749 12570 12748
3 12572 12570 12749
3 12572 12749 12762
3 12762 12749 12751
3 12762 12751 12763
3 12751 12753 12763
3 12764 12753 12754
3 12764 12765 12753
3 12765 12763 12753
3 12765 12766 12767
3 12764 12766 12765
3 12767 12768 12769
3 12766 12768 12767
3 12769 12770 12771
3 12768 12770 12769
3 12771 12772 12773
3 12770 12772 12771
3 12773 12774 12775
3 12772 12774 12773
3 12775 12776 12777
3 12774 12776 12775
3 12777 12778 12779
3 12776 12778 12777
3 12779 12780 12781
3 12778 12780 12779
3 12781 12782 12783
3 12780 12782 12781
3 12783 12784 12785
3 12782 12784 12783
3 12755 12785 12784
3 12755 12757 12785
3 12757 12786 12785
3 12786 12757 12787
3 12757 12759 12787
3 12574 12573 12787
3 12574 12787 12760
3 12760 12787 12759
3 12576 12574 12760
3 12761 12576 12760
3 12576 12761 12565
3 12579 12572 12762
3 12580 12579 12762
3 12763 12580 12762
3 12581 12580 12763
3 12765 12581 12763
3 12582 12581 12765
3 12767 12582 12765
3 12583 12582 12767
3 12769 12583 12767
3 12584 12583 12769
3 12771 12584 12769
3 12585 12584 12771
3 12773 12585 12771
3 12586 12585 12773
3 12775 12586 12773
3 12587 12586 12775
3 12777 12587 12775
3 12588 12587 12777
3 12779 12588 12777
3 12589 12588 12779
3 12781 12589 12779
3 12590 12589 12781
3 12783 12590 12781
3 12591 12590 12783
3 12785 12591 12783
3 12592 12591 12785
3 12786 12592 12785
3 12593 12592 12786
3 12787 12593 12786
3 12593 12787 12573
3 12597 12598 12788
3 12598 12599 12789
3 12788 12598 12789
3 12599 12600 12790
3 12789 12599 12790
3 12600 12601 12791
3 12790 12600 12791
3 12601 12602 12792
3 12791 12601 12792
3 12602 12603 12793
3 12792 12602 12793
3 12603 12604 12794
3 12793 12603 12794
3 12604 12605 12795
3 12794 12604 12795
3 12605 12606 12796
3 12795 12605 12796
3 12606 12607 12797
3 12796 12606 12797
3 12607 12608 12798
3 12797 12607 12798
3 12608 12609 12799
3 12798 12608 12799
3 12609 12610 12800
3 12799 12609 12800
3 12610 12611 12801
3 12800 12610 12801
3 12611 12612 12802
3 12801 12611 12802
3 12612 12614 12802
3 12619 12620 12803
3 12620 12621 12804
3 12803 12620 12804
3 12621 12597 12788
3 12621 12788 12804
3 12804 12788 12805
3 12805 12788 12806
3 12788 12789 12806
3 12807 12790 12808
3 12807 12806 12790
3 12806 12789 12790
3 12791 12808 12790
3 12809 12808 12791
3 12792 12809 12791
3 12810 12809 12792
3 12793 12810 12792
3 12811 12810 12793
3 12794 12811 12793
3 12812 12811 12794
3 12795 12812 12794
3 12813 12812 12795
3 12796 12813 12795
3 12814 12813 12796
3 12797 12814 12796
3 12815 12814 12797
3 12798 12815 12797
3 12816 12815 12798
3 12799 12816 12798
3 12817 12816 12799
3 12800 12817 12799
3 12818 12817 12800
3 12818 12819 12820
3 12818 12800 12819
3 12800 12801 12819
3 12819 12801 12821
3 12801 12802 12821
3 12614 12622 12822
3 12614 12822 12802
3 12802 12822 12821
3 12622 12623 12823
3 12822 12622 12823
3 12623 12625 12823
3 12629 12619 12803
3 12824 12629 12803
3 12824 12803 12825
3 12803 12804 12825
3 12826 12805 12827
3 12826 12825 12805
3 12825 12804 12805
3 12806 12827 12805
3 12828 12827 12806
3 12806 12807 12828
3 12819 12829 12820
3 12821 12829 12819
3 12830 12829 12821
3 12830 12831 12832
3 12830 12821 12831
3 12821 12822 12831
3 12831 12822 12833
3 12822 12823 12833
3 12833 12823 12625
3 12631 12833 12625
3 12635 12629 12824
3 12834 12635 12824
3 12834 12824 12835
3 12824 12825 12835
3 12825 12836 12835
3 12826 12836 12825
3 12832 12837 12838
3 12831 12837 12832
3 12837 12831 12839
3 12831 12833 12839
3 12839 12833 12631
3 12637 12839 12631
3 12641 12635 12834
3 12840 12641 12834
3 12840 12834 12841
3 12834 12835 12841
3 12835 12842 12841
3 12836 12842 12835
3 12838 12843 12844
3 12837 12843 12838
3 12843 12837 12845
3 12837 12839 12845
3 12845 12839 12637
3 12643 12845 12637
3 12646 12641 12840
3 12648 12646 12840
3 12648 12840 12846
3 12846 12840 12841
3 12847 12841 12842
3 12847 12848 12841
3 12848 12846 12841
3 12848 12847 12849
3 12850 12851 12852
3 12844 12852 12851
3 12844 12843 12852
3 12843 12853 12852
3 12650 12649 12853
3 12650 12853 12845
3 12845 12853 12843
3 12650 12845 12643
3 12654 12648 12846
3 12656 12654 12846
3 12656 12846 12854
3 12854 12846 12848
3 12855 12848 12849
3 12855 12856 12848
3 12856 12854 12848
3 12856 12855 12857
3 12858 12859 12860
3 12850 12860 12859
3 12850 12852 12860
3 12852 12861 12860
3 12658 12657 12861
3 12658 12861 12853
3 12853 12861 12852
3 12658 12853 12649
3 12661 12656 12854
3 12663 12661 12854
3 12856 12663 12854
3 12856 12857 12862
3 12663 12856 12862
3 12663 12862 12863
3 12663 12863 12665
3 12863 12864 12865
3 12862 12864 12863
3 12865 12866 12867
3 12864 12866 12865
3 12867 12866 12868
3 12869 12870 12871
3 12871 12872 12873
3 12870 12872 12871
3 12873 12874 12875
3 12872 12874 12873
3 12667 12858 12860
3 12666 12858 12667
3 12666 12874 12858
3 12666 12875 12874
3 12669 12667 12860
3 12861 12669 12860
3 12669 12861 12657
3 12671 12665 12863
3 12673 12671 12863
3 12865 12673 12863
3 12675 12673 12865
3 12867 12675 12865
3 12867 12868 12876
3 12675 12867 12876
3 12675 12876 12877
3 12675 12877 12677
3 12877 12878 12879
3 12876 12878 12877
3 12879 12880 12881
3 12878 12880 12879
3 12881 12882 12883
3 12880 12882 12881
3 12883 12884 12885
3 12882 12884 12883
3 12679 12869 12871
3 12678 12869 12679
3 12678 12884 12869
3 12678 12885 12884
3 12681 12679 12871
3 12873 12681 12871
3 12683 12681 12873
3 12875 12683 12873
3 12683 12875 12666
3 12685 12677 12877
3 12686 12685 12877
3 12879 12686 12877
3 12687 12686 12879
3 12881 12687 12879
3 12688 12687 12881
3 12883 12688 12881
3 12689 12688 12883
3 12885 12689 12883
3 12689 12885 12678
3 12698 12699 12886
3 12699 12700 12887
3 12886 12699 12887
3 12700 12701 12888
3 12887 12700 12888
3 12701 12702 12889
3 12888 12701 12889
3 12702 12703 12890
3 12889 12702 12890
3 12703 12705 12890
3 12710 12711 12891
3 12711 12712 12892
3 12891 12711 12892
3 12712 12713 12893
3 12892 12712 12893
3 12713 12698 12886
3 12713 12886 12893
3 12893 12886 12894
3 12894 12886 12895
3 12886 12887 12895
3 12895 12887 12896
3 12887 12888 12896
3 12896 12888 12897
3 12888 12889 12897
3 12897 12889 12898
3 12889 12890 12898
3 12705 12714 12899
3 12705 12899 12890
3 12890 12899 12898
3 12714 12715 12900
3 12899 12714 12900
3 12715 12716 12901
3 12900 12715 12901
3 12716 12718 12901
3 12722 12723 12902
3 12723 12710 12891
3 12723 12891 12902
3 12902 12891 12903
3 12903 12891 12904
3 12891 12892 12904
3 12904 12892 12905
3 12892 12893 12905
3 12906 12894 12907
3 12906 12905 12894
3 12905 12893 12894
3 12895 12907 12894
3 12908 12907 12895
3 12896 12908 12895
3 12909 12908 12896
3 12897 12909 12896
3 12910 12909 12897
3 12898 12910 12897
3 12911 12910 12898
3 12911 12912 12913
3 12911 12898 12912
3 12898 12899 12912
3 12912 12899 12914
3 12899 12900 12914
3 12914 12900 12915
3 12900 12901 12915
3 12718 12724 12916
3 12718 12916 12901
3 12901 12916 12915
3 12724 12726 12916
3 12730 12731 12917
3 12731 12722 12902
3 12731 12902 12917
3 12917 12902 12918
3 12918 12902 12919
3 12902 12903 12919
3 12919 12903 12920
3 12903 12904 12920
3 12921 12905 12922
3 12921 12920 12905
3 12920 12904 12905
3 12905 12906 12922
3 12912 12923 12913
3 12923 12924 12925
3 12923 12912 12924
3 12912 12914 12924
3 12924 12914 12926
3 12914 12915 12926
3 12926 12915 12927
3 12915 12916 12927
3 12726 12732 12928
3 12726 12928 12916
3 12916 12928 12927
3 12732 12734 12928
3 12738 12730 12917
3 12929 12738 12917
3 12929 12917 12930
3 12917 12918 12930
3 12930 12918 12931
3 12918 12919 12931
3 12931 12919 12932
3 12919 12920 12932
3 12920 12933 12932
3 12921 12933 12920
3 12925 12934 12935
3 12924 12934 12925
3 12934 12924 12936
3 12924 12926 12936
3 12936 12926 12937
3 12926 12927 12937
3 12937 12927 12938
3 12927 12928 12938
3 12938 12928 12734
3 12740 12938 12734
3 12744 12738 12929
3 12939 12744 12929
3 12939 12929 12940
3 12929 12930 12940
3 12940 12930 12941
3 12930 12931 12941
3 12941 12931 12942
3 12931 12932 12942
3 12943 12932 12933
3 12943 12944 12932
3 12944 12942 12932
3 12944 12943 12945
3 12946 12947 12948
3 12935 12948 12947
3 12935 12934 12948
3 12934 12949 12948
3 12949 12934 12950
3 12934 12936 12950
3 12950 12936 12951
3 12936 12937 12951
3 12951 12937 12952
3 12937 12938 12952
3 12952 12938 12740
3 12746 12952 12740
3 12750 12744 12939
3 12752 12750 12939
3 12940 12752 12939
3 12754 12752 12940
3 12754 12940 12953
3 12953 12940 12941
3 12953 12941 12954
3 12941 12942 12954
3 12954 12942 12955
3 12942 12944 12955
3 12956 12944 12945
3 12956 12957 12944
3 12957 12955 12944
3 12957 12958 12959
3 12956 12958 12957
3 12959 12960 12961
3 12958 12960 12959
3 12961 12962 12963
3 12960 12962 12961
3 12963 12964 12965
3 12962 12964 12963
3 12946 12965 12964
3 12946 12948 12965
3 12948 12966 12965
3 12966 12948 12967
3 12948 12949 12967
3 12967 12949 12968
3 12949 12950 12968
3 12756 12755 12968
3 12756 12968 12951
3 12951 12968 12950
3 12758 12756 12951
3 12952 12758 12951
3 12758 12952 12746
3 12764 12754 12953
3 12766 12764 12953
3 12954 12766 12953
3 12768 12766 12954
3 12955 12768 12954
3 12770 12768 12955
3 12957 12770 12955
3 12772 12770 12957
3 12959 12772 12957
3 12774 12772 12959
3 12961 12774 12959
3 12776 12774 12961
3 12963 12776 12961
3 12778 12776 12963
3 12965 12778 12963
3 12780 12778 12965
3 12966 12780 12965
3 12782 12780 12966
3 12967 12782 12966
3 12784 12782 12967
3 12968 12784 12967
3 12784 12968 12755
3 12807 12808 12969
3 12808 12809 12970
3 12969 12808 12970
3 12809 12810 12971
3 12970 12809 12971
3 12810 12811 12972
3 12971 12810 12972
3 12811 12812 12973
3 12972 12811 12973
3 12812 12813 12974
3 12973 12812 12974
3 12813 12814 12975
3 12974 12813 12975
3 12814 12815 12976
3 12975 12814 12976
3 12815 12816 12977
3 12976 12815 12977
3 12816 12817 12978
3 12977 12816 12978
3 12817 12818 12979
3 12978 12817 12979
3 12818 12820 12979
3 12826 12827 12980
3 12827 12828 12981
3 12980 12827 12981
3 12828 12807 12969
3 12828 12969 12981
3 12981 12969 12982
3 12982 12969 12983
3 12969 12970 12983
3 12983 12970 12984
3 12970 12971 12984
3 12985 12972 12986
3 12985 12984 12972
3 12984 12971 12972
3 12973 12986 12972
3 12987 12986 12973
3 12974 12987 12973
3 12988 12987 12974
3 12975 12988 12974
3 12989 12988 12975
3 12976 12989 12975
3 12990 12989 12976
3 12990 12991 12992
3 12990 12976 12991
3 12976 12977 12991
3 12991 12977 12993
3 12977 12978 12993
3 12993 12978 12994
3 12978 12979 12994
3 12820 12829 12995
3 12820 12995 12979
3 12979 12995 12994
3 12829 12830 12996
3 12995 12829 12996
3 12830 12832 12996
3 12836 12826 12980
3 12997 12836 12980
3 12997 12980 12998
3 12980 12981 12998
3 12998 12981 12999
3 12981 12982 12999
3 12999 12982 13000
3 12982 12983 13000
3 13001 12984 13002
3 13001 13000 12984
3 13000 12983 12984
3 12984 12985 13002
3 12991 13003 12992
3 13003 13004 13005
3 13003 12991 13004
3 12991 12993 13004
3 13004 12993 13006
3 12993 12994 13006
3 13006 12994 13007
3 12994 12995 13007
3 13007 12995 13008
3 12995 12996 13008
3 13008 12996 12832
3 12838 13008 12832
3 12842 12836 12997
3 13009 12842 12997
3 13009 12997 13010
3 12997 12998 13010
3 13010 12998 13011
3 12998 12999 13011
3 13011 12999 13012
3 12999 13000 13012
3 13000 13013 13012
3 13001 13013 13000
3 13005 13014 13015
3 13004 13014 13005
3 13014 13004 13016
3 13004 13006 13016
3 13016 13006 13017
3 13006 13007 13017
3 13017 13007 13018
3 13007 13008 13018
3 13018 13008 12838
3 12844 13018 12838
3 12847 12842 13009
3 12849 12847 13009
3 12849 13009 13019
3 13019 13009 13010
3 13019 13010 13020
3 13010 13011 13020
3 13020 13011 13021
3 13011 13012 13021
3 13022 13012 13013
3 13022 13023 13012
3 13023 13021 13012
3 13023 13022 13024
3 13025 13026 13027
3 13015 13027 13026
3 13015 13014 13027
3 13014 13028 13027
3 13028 13014 13029
3 13014 13016 13029
3 13029 13016 13030
3 13016 13017 13030
3 12851 12850 13030
3 12851 13030 13018
3 13018 13030 13017
3 12851 13018 12844
3 12855 12849 13019
3 12857 12855 13019
3 12857 13019 13031
3 13031 13019 13020
3 13031 13020 13032
3 13020 13021 13032
3 13032 13021 13033
3 13021 13023 13033
3 13034 13023 13024
3 13034 13035 13023
3 13035 13033 13023
3 13035 13036 13037
3 13034 13036 13035
3 13037 13038 13039
3 13036 13038 13037
3 13039 13040 13041
3 13038 13040 13039
3 13041 13042 13043
3 13040 13042 13041
3 13025 13043 13042
3 13025 13027 13043
3 13027 13044 13043
3 13044 13027 13045
3 13027 13028 13045
3 13045 13028 13046
3 13028 13029 13046
3 12859 12858 13046
3 12859 13046 13030
3 13030 13046 13029
3 12859 13030 12850
3 12862 12857 13031
3 12864 12862 13031
3 13032 12864 13031
3 12866 12864 13032
3 13033 12866 13032
3 12868 12866 13033
3 12868 13033 13047
3 13047 13033 13035
3 13047 13035 13048
3 13035 13037 13048
3 13048 13037 13049
3 13037 13039 13049
3 13049 13039 13050
3 13039 13041 13050
3 13050 13041 13051
3 13041 13043 13051
3 12870 12869 13051
3 12870 13051 13044
3 13044 13051 13043
3 12872 12870 13044
3 13045 12872 13044
3 12874 12872 13045
3 13046 12874 13045
3 12874 13046 12858
3 12876 12868 13047
3 12878 12876 13047
3 13048 12878 13047
3 12880 12878 13048
3 13049 12880 13048
3 12882 12880 13049
3 13050 12882 13049
3 12884 12882 13050
3 13051 12884 13050
3 12884 13051 12869
3 12906 12907 13052
3 12907 12908 13053
3 13052 12907 13053
3 12908 12909 13054
3 13053 12908 13054
3 12909 12910 13055
3 13054 12909 13055
3 12910 12911 13056
3 13055 12910 13056
3 12911 12913 13056
3 12921 12922 13057
3 12922 12906 13052
3 12922 13052 13057
3 13057 13052 13058
3 13058 13052 13059
3 13052 13053 13059
3 13059 13053 13060
3 13053 13054 13060
3 13060 13054 13061
3 13054 13055 13061
3 13061 13055 13062
3 13055 13056 13062
3 12913 12923 13063
3 12913 13063 13056
3 13056 13063 13062
3 12923 12925 13063
3 12933 12921 13057
3 13064 12933 13057
3 13064 13057 13065
3 13057 13058 13065
3 13065 13058 13066
3 13058 13059 13066
3 13066 13059 13067
3 13059 13060 13067
3 13067 13060 13068
3 13060 13061 13068
3 13068 13061 13069
3 13061 13062 13069
3 13069 13062 13070
3 13062 13063 13070
3 13070 13063 12925
3 12935 13070 12925
3 12943 12933 13064
3 12945 12943 13064
3 12945 13064 13071
3 13071 13064 13065
3 13071 13065 13072
3 13065 13066 13072
3 13072 13066 13073
3 13066 13067 13073
3 13073 13067 13074
3 13067 13068 13074
3 13074 13068 13075
3 13068 13069 13075
3 12947 12946 13075
3 12947 13075 13070
3 13070 13075 13069
3 12947 13070 12935
3 12956 12945 13071
3 12958 12956 13071
3 13072 12958 13071
3 12960 12958 13072
3 13073 12960 13072
3 12962 12960 13073
3 13074 12962 13073
3 12964 12962 13074
3 13075 12964 13074
3 12964 13075 12946
3 12985 12986 13076
3 12986 12987 13077
3 13076 12986 13077
3 12987 12988 13078
3 13077 12987 13078
3 12988 12989 13079
3 13078 12988 13079
3 12989 12990 13080
3 13079 12989 13080
3 12990 12992 13080
3 13001 13002 13081
3 13002 12985 13076
3 13002 13076 13081
3 13081 13076 13082
3 13082 13076 13083
3 13076 13077 13083
3 13083 13077 13084
3 13077 13078 13084
3 13084 13078 13085
3 13078 13079 13085
3 13085 13079 13086
3 13079 13080 13086
3 12992 13003 13087
3 12992 13087 13080
3 13080 13087 13086
3 13003 13005 13087
3 13013 13001 13081
3 13088 13013 13081
3 13088 13081 13089
3 13081 13082 13089
3 13089 13082 13090
3 13082 13083 13090
3 13090 13083 13091
3 13083 13084 13091
3 13091 13084 13092
3 13084 13085 13092
3 13092 13085 13093
3 13085 13086 13093
3 13093 13086 13094
3 13086 13087 13094
3 13094 13087 13005
3 13015 13094 13005
3 13022 13013 13088
3 13024 13022 13088
3 13024 13088 13095
3 13095 13088 13089
3 13095 13089 13096
3 13089 13090 13096
3 13096 13090 13097
3 13090 13091 13097
3 13097 13091 13098
3 13091 13092 13098
3 13098 13092 13099
3 13092 13093 13099
3 13026 13025 13099
3 13026 13099 13094
3 13094 13099 13093
3 13026 13094 13015
3 13034 13024 13095
3 13036 13034 13095
3 13096 13036 13095
3 13038 13036 13096
3 13097 13038 13096
3 13040 13038 13097
3 13098 13040 13097
3 13042 13040 13098
3 13099 13042 13098
3 13042 13099 13025
