ply
format ascii 1.0
element vertex 6998
property float x
property float y
property float z
property uchar red
property uchar green
property uchar blue
element face 13972
property list uchar int vertex_indices
end_header
-0.515882 -1.10996 -0.0912862 153 153 153
0.544862 1.10409 0.0923384 153 153 153
0.500048 1.10492 0.150072 153 153 153
0.500088 1.11101 0.100095 153 153 153
-0.550511 -1.10576 -0.0495728 153 153 153
0.500102 1.11465 0.0500582 153 153 153
-0.555178 -1.10574 -3.96219e-07 153 153 153
0.500106 1.11586 0 153 153 153
-0.552078 -1.10533 0.0495633 153 153 153
0.500102 1.11465 -0.0500582 153 153 153
-0.552592 -1.10139 0.0986458 153 153 153
0.500088 1.11101 -0.100095 153 153 153
-0.508247 -1.09727 -0.189828 153 153 153
0.490779 1.10025 -0.18365 153 153 153
-0.504494 -1.10649 -0.135471 153 153 153
0.463441 1.10045 0.18626 153 153 153
-0.500102 -1.11465 -0.0500582 153 153 153
-0.500106 -1.11586 0 153 153 153
-0.500102 -1.11465 0.0500582 153 153 153
-0.500088 -1.11101 0.100095 153 153 153
-0.506296 -1.1057 0.139787 153 153 153
0.44991 1.11109 0.10009 153 153 153
0.449885 1.1145 0.0500546 153 153 153
-0.455782 -1.09833 -0.196437 153 153 153
-0.442367 -1.10594 -0.140213 153 153 153
-0.44991 -1.11109 -0.10009 153 153 153
-0.449885 -1.1145 -0.0500546 153 153 153
-0.449877 -1.11564 0 153 153 153
-0.449885 -1.1145 0.0500546 153 153 153
0.449877 1.11564 0 153 153 153
-0.443322 -1.10634 0.137888 153 153 153
0.449885 1.1145 -0.0500546 153 153 153
0.44991 1.11109 -0.10009 153 153 153
0.449956 1.10537 -0.150074 153 153 153
0.397985 1.10292 0.0759252 153 153 153
-0.396091 -1.10371 -0.0501783 153 153 153
-0.39706 -1.10507 -1.43383e-06 153 153 153
-0.396104 -1.10371 0.0501768 153 153 153
0.395383 1.10448 0.012549 153 153 153
-0.440123 -1.11076 0.0915296 153 153 153
0.395789 1.10399 -0.0402226 153 153 153
-0.396521 -1.10077 -0.0987865 153 153 153
-0.404825 1.1037 0.0923847 153 153 153
-0.449956 1.10537 0.150074 153 153 153
-0.44991 1.11109 0.10009 153 153 153
-0.395298 -1.10028 0.100024 153 153 153
0.433917 -1.10991 -0.0913464 153 153 153
-0.449885 1.1145 0.0500546 153 153 153
-0.449877 1.11564 0 153 153 153
-0.449885 1.1145 -0.0500546 153 153 153
0.399286 -1.10472 -0.0495543 153 153 153
-0.44991 1.11109 -0.10009 153 153 153
0.395362 -1.10454 8.76624e-07 153 153 153
-0.459227 1.10074 -0.183743 153 153 153
0.397506 -1.10417 0.0495611 153 153 153
-0.486707 1.10008 0.186122 153 153 153
0.396947 -1.10092 0.0984963 153 153 153
-0.500088 1.11101 0.100095 153 153 153
0.441922 -1.09842 -0.189868 153 153 153
-0.500102 1.11465 0.0500582 153 153 153
0.445541 -1.10679 -0.136139 153 153 153
-0.500106 1.11586 0 153 153 153
0.449885 -1.1145 -0.0500546 153 153 153
0.449877 -1.11564 0 153 153 153
0.449885 -1.1145 0.0500546 153 153 153
0.44991 -1.11109 0.10009 153 153 153
0.443518 -1.10621 0.139077 153 153 153
-0.500102 1.11465 -0.0500582 153 153 153
-0.500088 1.11101 -0.100095 153 153 153
0.494338 -1.09747 -0.197058 153 153 153
0.507605 -1.1055 -0.140079 153 153 153
0.500088 -1.11101 -0.100095 153 153 153
0.500102 -1.11465 -0.0500582 153 153 153
0.500106 -1.11586 0 153 153 153
0.500102 -1.11465 0.0500582 153 153 153
-0.500048 1.10492 -0.150072 153 153 153
0.506676 -1.106 0.137209 153 153 153
-0.551726 1.1037 0.0759625 153 153 153
-0.555157 1.10567 0.0125563 153 153 153
-0.553887 1.10526 -0.0402484 153 153 153
0.604804 1.04964 0.251314 153 153 153
0.554242 -1.10469 -0.0502014 153 153 153
0.552662 -1.10645 2.41551e-06 153 153 153
0.554289 -1.10468 0.0502127 153 153 153
0.600564 1.06562 0.200254 153 153 153
0.509981 -1.11075 0.0914745 153 153 153
0.600665 1.07573 0.150231 153 153 153
0.553167 -1.10121 -0.0987976 153 153 153
0.600604 1.08295 0.100143 153 153 153
0.600514 1.08726 0.0500613 153 153 153
0.554233 1.10527 0.0376468 153 153 153
0.555388 -1.10043 0.100046 153 153 153
-0.641842 -1.05731 -0.1103 153 153 153
0.600475 1.0887 0 153 153 153
0.552604 1.10624 -0.0209511 153 153 153
0.600514 1.08726 -0.0500613 153 153 153
-0.654306 -1.05429 -0.0491419 153 153 153
0.554255 1.10395 -0.0627593 153 153 153
-0.655379 -1.05502 2.06896e-06 153 153 153
0.600604 1.08295 -0.100142 153 153 153
-0.655932 -1.05287 0.0515285 153 153 153
0.600665 1.07573 -0.15023 153 153 153
-0.659245 -1.04351 0.113562 153 153 153
0.609306 1.05669 -0.217075 153 153 153
-0.595909 -1.05324 -0.255596 153 153 153
0.550433 1.07387 0.250367 153 153 153
0.539255 1.08751 0.207687 153 153 153
-0.613442 -1.06489 -0.171496 153 153 153
0.551334 1.09414 0.155575 153 153 153
0.543537 1.09909 -0.137207 153 153 153
0.550351 1.08601 -0.20025 153 153 153
-0.600604 -1.08295 -0.100142 153 153 153
-0.600514 -1.08726 -0.0500613 153 153 153
-0.600474 -1.0887 0 153 153 153
-0.600514 -1.08726 0.0500613 153 153 153
-0.600604 -1.08295 0.100143 153 153 153
0.550433 1.07387 -0.250367 153 153 153
-0.600665 -1.07573 0.150231 153 153 153
-0.600564 -1.06562 0.200254 153 153 153
0.49339 1.05915 0.339918 153 153 153
0.500194 1.0711 0.300409 153 153 153
-0.607444 -1.04638 0.256936 153 153 153
0.500155 1.08504 0.25031 153 153 153
-0.553233 -1.03966 -0.35018 153 153 153
0.500155 1.08504 -0.25031 153 153 153
-0.550406 -1.06125 -0.293002 153 153 153
-0.550433 -1.07387 -0.250367 153 153 153
-0.550351 -1.08601 -0.20025 153 153 153
-0.550147 -1.09537 -0.150081 153 153 153
-0.550147 -1.09537 0.150082 153 153 153
-0.550351 -1.08601 0.20025 153 153 153
-0.550433 -1.07387 0.250367 153 153 153
-0.553959 -1.05774 0.299916 153 153 153
0.500194 1.0711 -0.300409 153 153 153
0.449845 1.058 0.350723 153 153 153
0.449938 1.07373 0.300401 153 153 153
-0.498631 -1.05775 -0.341662 153 153 153
0.449929 1.08677 0.250274 153 153 153
-0.500194 -1.0711 -0.300409 153 153 153
-0.500155 -1.08504 -0.25031 153 153 153
0.406369 1.09955 0.138265 153 153 153
-0.497383 -1.09806 0.192472 153 153 153
-0.500155 -1.08504 0.25031 153 153 153
-0.500194 -1.0711 0.300409 153 153 153
0.388999 1.09311 -0.148677 153 153 153
0.439332 1.09779 -0.191848 153 153 153
0.449929 1.08677 -0.250274 153 153 153
0.449938 1.07373 -0.300401 153 153 153
-0.432582 -1.05686 -0.351264 153 153 153
-0.449938 -1.07373 -0.300401 153 153 153
-0.449929 -1.08677 -0.250274 153 153 153
0.406413 1.05185 0.355252 153 153 153
-0.441849 -1.09849 0.189423 153 153 153
-0.449929 -1.08677 0.250274 153 153 153
-0.449938 -1.07373 0.300401 153 153 153
0.399701 1.06665 0.300323 153 153 153
-0.47533 -1.05728 0.350793 153 153 153
0.399629 1.07881 0.250308 153 153 153
0.399708 1.08869 0.200183 153 153 153
-0.399701 -1.06665 -0.300323 153 153 153
-0.399628 -1.07881 -0.250307 153 153 153
-0.399708 -1.08869 -0.200182 153 153 153
-0.399878 -1.09631 -0.150055 153 153 153
-0.399878 -1.09631 0.150055 153 153 153
-0.399708 -1.08869 0.200182 153 153 153
-0.399628 -1.07881 0.250308 153 153 153
0.403409 1.10337 -0.0916854 153 153 153
0.399708 1.08869 -0.200182 153 153 153
-0.413733 -1.05585 0.346988 153 153 153
0.399629 1.07881 -0.250308 153 153 153
0.397376 1.06397 -0.30809 153 153 153
-0.34143 -1.04422 -0.298597 153 153 153
-0.343034 -1.05749 -0.241717 153 153 153
-0.346796 -1.06705 -0.199575 153 153 153
-0.349246 -1.07528 -0.150157 153 153 153
-0.349254 -1.08022 -0.100101 153 153 153
-0.349289 -1.08318 -0.0500476 153 153 153
-0.349307 -1.08417 0 153 153 153
-0.349289 -1.08318 0.0500476 153 153 153
-0.349254 -1.08022 0.100101 153 153 153
-0.349246 -1.07528 0.150158 153 153 153
-0.341097 -1.06459 0.193787 153 153 153
-0.356729 -1.06308 0.250088 153 153 153
0.35137 1.0601 0.251552 153 153 153
-0.394492 -1.06706 0.293678 153 153 153
0.349333 1.06836 0.200193 153 153 153
0.349246 1.07528 0.150158 153 153 153
0.349254 1.08022 0.100101 153 153 153
-0.306928 -1.04368 -0.150375 153 153 153
-0.305207 -1.04626 -0.100374 153 153 153
-0.303588 -1.04711 -0.0501219 153 153 153
-0.303446 -1.04779 1.02081e-05 153 153 153
-0.303267 -1.04677 0.0501387 153 153 153
-0.304093 -1.0451 0.100428 153 153 153
-0.305896 -1.04266 0.150432 153 153 153
0.34929 1.08318 0.0500476 153 153 153
0.349307 1.08417 0 153 153 153
0.34929 1.08318 -0.0500476 153 153 153
0.349254 1.08022 -0.100101 153 153 153
0.35673 -1.06308 -0.250088 153 153 153
0.349246 1.07528 -0.150157 153 153 153
0.341097 -1.06459 -0.193786 153 153 153
0.349246 -1.07528 -0.150157 153 153 153
0.357578 1.06777 -0.228278 153 153 153
0.349254 -1.08022 -0.100101 153 153 153
-0.349333 1.06836 0.200193 153 153 153
0.349289 -1.08318 -0.0500476 153 153 153
-0.349246 1.07528 0.150158 153 153 153
0.349307 -1.08417 0 153 153 153
-0.349254 1.08022 0.100101 153 153 153
0.349289 -1.08318 0.0500476 153 153 153
-0.349289 1.08318 0.0500475 153 153 153
0.349254 -1.08022 0.100101 153 153 153
-0.396116 1.10418 0.0376266 153 153 153
0.349246 -1.07528 0.150158 153 153 153
-0.349307 1.08417 0 153 153 153
0.349333 -1.06836 0.200193 153 153 153
0.3122 -1.04128 0.207796 153 153 153
-0.397117 1.10491 -0.0209395 153 153 153
0.343997 -1.05638 0.250158 153 153 153
-0.349289 1.08318 -0.0500475 153 153 153
-0.39612 1.10311 -0.0627233 153 153 153
0.412055 -1.05519 -0.348145 153 153 153
-0.349254 1.08022 -0.100101 153 153 153
0.399701 -1.06665 -0.300323 153 153 153
0.340669 -1.04088 -0.310388 153 153 153
0.399629 -1.07881 -0.250307 153 153 153
0.399708 -1.08869 -0.200182 153 153 153
0.399878 -1.09631 -0.150055 153 153 153
0.399878 -1.09631 0.150055 153 153 153
0.399708 -1.08869 0.200182 153 153 153
0.399629 -1.07881 0.250307 153 153 153
-0.349246 1.07528 -0.150157 153 153 153
0.399701 -1.06665 0.300323 153 153 153
-0.349333 1.06836 -0.200193 153 153 153
-0.396652 1.06361 0.308737 153 153 153
-0.399628 1.07881 0.250307 153 153 153
-0.411221 1.09039 0.206779 153 153 153
0.469387 -1.05776 -0.350534 153 153 153
0.449938 -1.07373 -0.300401 153 153 153
0.449929 -1.08677 -0.250274 153 153 153
-0.398424 1.0951 0.15613 153 153 153
0.452046 -1.09893 0.191922 153 153 153
0.449929 -1.08677 0.250274 153 153 153
0.449938 -1.07373 0.300401 153 153 153
-0.406266 1.09965 -0.137171 153 153 153
0.425758 -1.05686 0.349149 153 153 153
-0.399708 1.08869 -0.200183 153 153 153
-0.399628 1.07881 -0.250307 153 153 153
0.500194 -1.0711 -0.300409 153 153 153
0.500155 -1.08504 -0.25031 153 153 153
-0.399701 1.06665 -0.300323 153 153 153
0.508196 -1.09738 0.189277 153 153 153
0.500155 -1.08504 0.25031 153 153 153
0.51893 -1.06887 0.296609 153 153 153
-0.449898 1.05698 0.353711 153 153 153
0.482939 -1.05652 0.351018 153 153 153
-0.449938 1.07373 0.300401 153 153 153
-0.449929 1.08677 0.250274 153 153 153
-0.449929 1.08677 -0.250274 153 153 153
0.550433 -1.07387 -0.250367 153 153 153
0.550351 -1.08601 -0.20025 153 153 153
0.550146 -1.09537 -0.150081 153 153 153
0.550147 -1.09537 0.150082 153 153 153
0.550351 -1.08601 0.20025 153 153 153
0.564604 -1.06916 0.249496 153 153 153
-0.449938 1.07373 -0.300401 153 153 153
-0.502086 1.05393 0.350658 153 153 153
-0.500194 1.0711 0.300409 153 153 153
0.550216 -1.04968 -0.326887 153 153 153
-0.500155 1.08504 0.25031 153 153 153
-0.543276 1.09898 0.138399 153 153 153
0.610632 -1.05114 -0.234617 153 153 153
0.600665 -1.07573 -0.15023 153 153 153
0.600604 -1.08295 -0.100142 153 153 153
0.600514 -1.08726 -0.0500613 153 153 153
0.600475 -1.0887 0 153 153 153
0.600514 -1.08726 0.0500613 153 153 153
0.600604 -1.08295 0.100143 153 153 153
0.600665 -1.07573 0.150231 153 153 153
0.607104 -1.06188 0.201219 153 153 153
-0.582029 1.08461 -0.148026 153 153 153
-0.510113 1.0965 -0.192505 153 153 153
0.591603 -1.0409 0.299929 153 153 153
-0.500155 1.08504 -0.25031 153 153 153
-0.558721 1.05727 0.296015 153 153 153
0.66036 -1.03308 -0.164548 153 153 153
-0.550433 1.07387 0.250367 153 153 153
-0.550351 1.08601 0.20025 153 153 153
0.655758 -1.05291 -0.0529757 153 153 153
0.655379 -1.05502 -2.06755e-06 153 153 153
0.653363 -1.05444 0.0575236 153 153 153
-0.546155 1.10381 -0.0917471 153 153 153
0.637714 -1.06039 0.108766 153 153 153
0.6506 -1.04366 0.152625 153 153 153
-0.550351 1.08601 -0.20025 153 153 153
-0.550433 1.07387 -0.250367 153 153 153
0.652083 -1.05069 -0.103253 153 153 153
-0.607905 1.05777 0.215996 153 153 153
-0.600664 1.07573 0.150231 153 153 153
-0.600604 1.08295 0.100143 153 153 153
-0.600514 1.08726 0.0500613 153 153 153
-0.600474 1.0887 0 153 153 153
-0.600514 1.08726 -0.0500613 153 153 153
-0.695708 -1.00827 -0.108922 153 153 153
-0.600604 1.08295 -0.100142 153 153 153
-0.703376 -1.00624 -0.0501522 153 153 153
-0.61936 1.05712 -0.191089 153 153 153
-0.704441 -1.00685 0.00738377 153 153 153
-0.645472 1.05507 0.107634 153 153 153
-0.706035 -1.00196 0.0607138 153 153 153
-0.655253 1.05355 0.0491951 153 153 153
-0.658123 1.05194 -0.0377527 153 153 153
0.659537 1.05034 0.0463295 153 153 153
0.656253 1.0543 -0.00722313 153 153 153
0.654797 1.05292 -0.0628226 153 153 153
-0.654666 -1.02435 -0.21735 153 153 153
0.700342 1.00413 -0.100043 153 153 153
0.642127 1.03623 0.211682 153 153 153
0.652769 1.03995 0.162194 153 153 153
-0.678789 -1.01693 -0.158935 153 153 153
0.649086 1.05212 0.109528 153 153 153
-0.649272 -1.03619 0.190524 153 153 153
0.650226 1.04963 -0.120524 153 153 153
-0.68368 -1.00068 0.200206 153 153 153
0.641412 1.04908 -0.160234 153 153 153
-0.672297 -0.995088 0.253488 153 153 153
0.650875 1.03235 -0.200283 153 153 153
0.600603 1.03566 0.300377 153 153 153
0.553883 1.06157 0.288242 153 153 153
-0.610039 -1.00663 -0.355797 153 153 153
-0.600603 -1.03566 -0.300377 153 153 153
-0.646143 -1.00452 -0.294873 153 153 153
0.597395 1.04039 -0.292378 153 153 153
-0.600603 -1.03566 0.300377 153 153 153
0.557627 1.05664 -0.299142 153 153 153
-0.610662 -1.00419 0.360067 153 153 153
-0.554498 -1.0179 0.399231 153 153 153
0.550475 1.01902 0.400527 153 153 153
-0.550475 -1.01902 -0.400527 153 153 153
-0.586242 -0.992004 -0.417005 153 153 153
0.549773 1.04238 0.346664 153 153 153
-0.543881 -1.04462 0.346347 153 153 153
0.544541 1.04149 -0.353748 153 153 153
0.502008 1.05341 -0.352127 153 153 153
0.550475 1.01902 -0.400527 153 153 153
0.500201 1.01155 0.450418 153 153 153
-0.493502 -1.01357 -0.449379 153 153 153
-0.550852 -0.989143 -0.458454 153 153 153
-0.500228 -1.03455 -0.400485 153 153 153
-0.500228 -1.03455 0.400485 153 153 153
0.500228 1.03455 0.400485 153 153 153
0.500228 1.03455 -0.400485 153 153 153
-0.508049 -1.01046 0.448573 153 153 153
-0.449554 -0.996727 -0.494777 153 153 153
-0.450037 -1.01828 -0.450532 153 153 153
-0.450002 -1.03973 -0.400359 153 153 153
-0.450002 -1.03973 0.400359 153 153 153
-0.450037 -1.01828 0.450532 153 153 153
0.500201 1.01155 -0.450418 153 153 153
-0.397865 -0.991616 -0.500492 153 153 153
-0.399817 -1.01484 -0.450443 153 153 153
-0.399765 -1.0348 -0.400426 153 153 153
-0.399765 -1.0348 0.400426 153 153 153
0.450037 1.01828 0.450532 153 153 153
0.450002 1.03973 0.400359 153 153 153
0.456081 1.05777 -0.351562 153 153 153
0.450002 1.03973 -0.400359 153 153 153
-0.349472 -1.0186 -0.400396 153 153 153
-0.356607 -1.03846 -0.34835 153 153 153
0.450037 1.01828 -0.450532 153 153 153
-0.349913 -1.0484 0.300042 153 153 153
-0.349457 -1.03456 0.350328 153 153 153
0.399817 1.01484 0.450443 153 153 153
0.399765 1.0348 0.400426 153 153 153
-0.382118 -1.01256 0.446801 153 153 153
-0.342776 -1.0002 -0.442429 153 153 153
-0.30357 -0.984333 -0.418859 153 153 153
0.399765 1.0348 -0.400426 153 153 153
0.399817 1.01484 -0.450443 153 153 153
-0.293859 -1.00485 -0.310304 153 153 153
-0.288908 -1.00937 -0.258116 153 153 153
0.352258 0.999168 0.455533 153 153 153
0.349472 1.0186 0.400396 153 153 153
0.349457 1.03456 0.350328 153 153 153
0.352058 1.04874 0.302985 153 153 153
0.304599 1.03521 0.201052 153 153 153
0.305896 1.04266 0.150432 153 153 153
0.304093 1.0451 0.100428 153 153 153
0.303267 1.04677 0.0501387 153 153 153
0.303446 1.04779 1.02062e-05 153 153 153
-0.294871 -1.01967 0.237091 153 153 153
-0.288204 -1.00201 0.293943 153 153 153
0.303588 1.04711 -0.0501219 153 153 153
-0.294292 -0.99587 0.350509 153 153 153
-0.340553 -1.01168 0.408029 153 153 153
0.305208 1.04626 -0.100374 153 153 153
-0.300215 -0.997982 -0.363714 153 153 153
0.306928 1.04368 -0.150375 153 153 153
0.312946 1.04204 -0.207043 153 153 153
-0.288089 -1.01587 -0.207872 153 153 153
-0.273843 -1.00019 -0.150014 153 153 153
-0.272292 -1.00017 -0.100007 153 153 153
-0.27149 -1.00016 -0.0500033 153 153 153
-0.271243 -1.00015 0 153 153 153
-0.27149 -1.00016 0.0500033 153 153 153
-0.272292 -1.00017 0.100008 153 153 153
0.336133 1.03975 -0.304347 153 153 153
-0.274886 -1.00112 0.161987 153 153 153
0.349458 1.03456 -0.350328 153 153 153
0.349472 1.0186 -0.400396 153 153 153
0.300781 0.995639 0.374015 153 153 153
0.30608 -1.003 -0.363786 153 153 153
0.293378 1.0033 0.315106 153 153 153
0.296954 1.01982 -0.24981 153 153 153
0.284384 0.998777 -0.286762 153 153 153
0.286536 -0.999044 -0.29906 153 153 153
0.298891 0.999702 -0.352697 153 153 153
0.303143 -1.02646 -0.247605 153 153 153
-0.303104 1.00334 0.353216 153 153 153
0.282876 -1.00964 -0.20185 153 153 153
0.305896 -1.04266 -0.150432 153 153 153
0.273843 -1.00019 -0.150014 153 153 153
0.304093 -1.0451 -0.100428 153 153 153
0.272292 -1.00017 -0.100007 153 153 153
0.303267 -1.04677 -0.0501386 153 153 153
0.27149 -1.00016 -0.0500033 153 153 153
0.303446 -1.04779 -1.01819e-05 153 153 153
0.271243 -1.00015 0 153 153 153
0.303588 -1.04711 0.050122 153 153 153
0.27149 -1.00016 0.0500033 153 153 153
0.305208 -1.04626 0.100374 153 153 153
0.272292 -1.00017 0.100008 153 153 153
0.306928 -1.04368 0.150375 153 153 153
0.273843 -1.00019 0.150014 153 153 153
-0.348364 1.05973 0.245471 153 153 153
0.276497 -1.00021 0.200023 153 153 153
-0.312753 1.04186 0.207141 153 153 153
0.297075 -1.0195 0.252448 153 153 153
-0.306928 1.04368 0.150375 153 153 153
0.293073 -1.00597 0.301157 153 153 153
-0.305208 1.04626 0.100374 153 153 153
0.294038 -0.992104 0.364129 153 153 153
-0.303588 1.04711 0.050122 153 153 153
0.357594 -1.00587 -0.444035 153 153 153
-0.303446 1.04779 -1.01807e-05 153 153 153
-0.303267 1.04677 -0.0501386 153 153 153
0.349472 -1.0186 -0.400396 153 153 153
-0.304093 1.0451 -0.100428 153 153 153
0.349457 -1.03456 -0.350328 153 153 153
-0.305896 1.04266 -0.150432 153 153 153
0.34097 -1.04389 0.298907 153 153 153
0.354397 -1.0379 0.346879 153 153 153
-0.351369 1.0601 -0.251552 153 153 153
0.349472 -1.0186 0.400396 153 153 153
-0.353649 1.00381 0.445321 153 153 153
0.342776 -1.0002 0.442429 153 153 153
-0.349472 1.0186 0.400396 153 153 153
0.399287 -0.994719 -0.494536 153 153 153
0.399817 -1.01484 -0.450443 153 153 153
0.399765 -1.0348 -0.400426 153 153 153
0.399765 -1.0348 0.400426 153 153 153
0.399817 -1.01484 0.450443 153 153 153
-0.349457 1.03456 0.350328 153 153 153
0.451136 -0.993237 -0.501247 153 153 153
0.450037 -1.01828 -0.450532 153 153 153
0.450002 -1.03973 -0.400359 153 153 153
0.450002 -1.03973 0.400359 153 153 153
0.450037 -1.01828 0.450532 153 153 153
-0.337825 1.04009 0.307036 153 153 153
-0.352058 1.04874 -0.302985 153 153 153
0.5058 -1.0103 -0.4501 153 153 153
0.500228 -1.03455 -0.400485 153 153 153
0.500228 -1.03455 0.400485 153 153 153
-0.349457 1.03456 -0.350328 153 153 153
0.493502 -1.01357 0.449379 153 153 153
-0.398205 1.05107 -0.352248 153 153 153
-0.349472 1.0186 -0.400396 153 153 153
-0.399817 1.01484 0.450443 153 153 153
-0.399765 1.0348 0.400426 153 153 153
0.550306 -1.04074 0.35032 153 153 153
0.550475 -1.01902 0.400527 153 153 153
-0.399765 1.0348 -0.400426 153 153 153
-0.399817 1.01484 -0.450443 153 153 153
-0.450037 1.01828 0.450532 153 153 153
0.55351 -1.0172 -0.401641 153 153 153
0.605505 -1.01281 -0.349081 153 153 153
0.600603 -1.03566 -0.300377 153 153 153
-0.450002 1.03973 0.400359 153 153 153
0.600133 -1.01556 0.350779 153 153 153
-0.444085 1.05762 -0.351285 153 153 153
-0.450002 1.03973 -0.400359 153 153 153
-0.450037 1.01828 -0.450532 153 153 153
-0.500201 1.01155 0.450417 153 153 153
0.655511 -0.986351 -0.315879 153 153 153
0.65582 -1.01177 -0.252941 153 153 153
-0.500228 1.03455 0.400485 153 153 153
-0.491789 1.06768 -0.314967 153 153 153
-0.500228 1.03455 -0.400485 153 153 153
0.650875 -1.03235 0.200283 153 153 153
0.644656 -1.024 0.245536 153 153 153
-0.500201 1.01155 -0.450418 153 153 153
-0.550475 1.01902 0.400527 153 153 153
-0.549781 1.04292 0.345252 153 153 153
-0.544199 1.06374 -0.291609 153 153 153
0.686341 -0.992283 -0.216735 153 153 153
0.698612 -0.99106 -0.17105 153 153 153
-0.550306 1.04074 -0.35032 153 153 153
-0.550475 1.01902 -0.400527 153 153 153
0.702311 -1.00543 -0.0724337 153 153 153
0.704941 -1.00614 -0.0125667 153 153 153
0.70373 -1.00637 0.0423811 153 153 153
0.697502 -1.00723 0.102273 153 153 153
-0.602796 1.01407 0.350252 153 153 153
-0.597961 1.04144 0.288485 153 153 153
0.690918 -0.991603 0.201887 153 153 153
-0.650772 1.04261 0.15711 153 153 153
0.70121 -1.00084 -0.113259 153 153 153
-0.659204 1.03726 -0.149444 153 153 153
-0.596501 1.05591 -0.245509 153 153 153
-0.600603 1.03566 -0.300377 153 153 153
-0.606776 1.01173 -0.349568 153 153 153
-0.698763 -0.960442 -0.255735 153 153 153
-0.65164 1.01599 0.251661 153 153 153
-0.650875 1.03235 0.200283 153 153 153
-0.692485 -0.992725 -0.192057 153 153 153
-0.719009 -0.950479 -0.200188 153 153 153
-0.648111 1.05413 -0.100017 153 153 153
-0.72828 -0.95049 -0.15015 153 153 153
-0.734776 -0.950417 -0.100087 153 153 153
-0.73862 -0.950343 -0.0500364 153 153 153
-0.739892 -0.950314 0 153 153 153
-0.73862 -0.950343 0.0500364 153 153 153
-0.73002 -0.9588 0.104451 153 153 153
-0.69763 -0.997293 0.151665 153 153 153
-0.72828 -0.95049 0.15015 153 153 153
-0.652357 1.01733 -0.245896 153 153 153
-0.715421 -0.958539 0.195541 153 153 153
-0.692289 1.0119 0.11086 153 153 153
-0.711745 -0.941118 0.251135 153 153 153
-0.705687 1.00249 0.0598903 153 153 153
-0.705548 1.0055 2.44163e-07 153 153 153
-0.706426 1.00178 -0.0573003 153 153 153
-0.6613 -0.967025 -0.341927 153 153 153
0.709205 0.994356 0.0890881 153 153 153
-0.690891 -0.950373 -0.3002 153 153 153
0.705487 1.00545 0.0125639 153 153 153
-0.64537 -1.00069 0.305641 153 153 153
-0.669939 -0.950051 0.353107 153 153 153
0.706506 1.00265 -0.0455109 153 153 153
-0.612326 -0.979785 0.405083 153 153 153
-0.604556 -0.951672 -0.461741 153 153 153
0.663209 1.00653 0.247908 153 153 153
0.683465 0.998831 0.206967 153 153 153
0.693712 0.999137 0.163687 153 153 153
-0.646788 -0.953167 -0.394487 153 153 153
0.686817 1.01121 -0.146275 153 153 153
0.692101 0.990442 -0.200929 153 153 153
0.700759 0.959888 -0.250221 153 153 153
-0.612429 -0.951083 0.452087 153 153 153
0.659254 1.00958 -0.250057 153 153 153
0.651004 0.973804 0.350504 153 153 153
-0.559773 -0.952728 -0.509637 153 153 153
0.61467 0.997432 0.36795 153 153 153
0.655489 0.993595 0.299875 153 153 153
-0.558336 -0.988143 0.453488 153 153 153
-0.561549 -0.950437 0.51136 153 153 153
0.638618 1.0074 -0.303746 153 153 153
0.605144 1.00718 -0.361916 153 153 153
0.595798 0.986119 0.416067 153 153 153
-0.495364 -0.951511 -0.556973 153 153 153
0.595042 0.991231 -0.407592 153 153 153
-0.50029 -0.984795 -0.50058 153 153 153
-0.50029 -0.984795 0.50058 153 153 153
-0.513108 -0.947616 0.552879 153 153 153
0.564529 0.951053 0.507624 153 153 153
0.553888 0.991332 0.451839 153 153 153
0.550065 0.994933 -0.448645 153 153 153
-0.410995 -0.966593 -0.550637 153 153 153
0.550464 0.964147 -0.500541 153 153 153
-0.450274 -0.995771 0.49653 153 153 153
0.517755 0.988629 0.484018 153 153 153
-0.460932 -0.959947 0.557178 153 153 153
-0.390714 -0.941501 -0.590418 153 153 153
0.492148 0.990301 -0.494642 153 153 153
0.472431 0.963316 0.548249 153 153 153
-0.397298 -0.991918 0.499696 153 153 153
-0.409237 -0.958217 0.565006 153 153 153
0.463006 0.994528 0.49662 153 153 153
0.437543 0.99628 -0.49655 153 153 153
0.450108 0.965515 -0.550576 153 153 153
-0.349545 -0.978754 -0.500527 153 153 153
-0.349545 -0.978754 0.500527 153 153 153
0.399894 0.965742 0.550546 153 153 153
-0.353554 -0.958535 0.545278 153 153 153
-0.348257 -0.953698 -0.551111 153 153 153
0.409577 0.99494 0.496756 153 153 153
0.355682 0.984007 -0.494007 153 153 153
-0.281519 -0.95116 -0.458525 153 153 153
0.39493 0.958732 -0.561994 153 153 153
-0.299279 -0.986649 0.400253 153 153 153
-0.298661 -0.968912 0.452382 153 153 153
0.340736 0.952927 0.54703 153 153 153
-0.296778 -0.946806 0.505954 153 153 153
0.349546 0.978754 0.500527 153 153 153
0.316665 0.992082 0.424295 153 153 153
0.304289 0.985747 -0.416281 153 153 153
-0.266625 -0.950273 -0.400067 153 153 153
-0.260131 -0.950154 -0.350027 153 153 153
-0.254885 -0.94565 -0.300148 153 153 153
-0.254975 -0.949641 -0.250105 153 153 153
0.349734 1.00524 -0.43745 153 153 153
0.295231 0.944337 0.509019 153 153 153
-0.254849 -0.95003 -0.0999992 153 153 153
-0.255066 -0.950028 -0.0499995 153 153 153
-0.255151 -0.950028 0 153 153 153
-0.255066 -0.950028 0.0499995 153 153 153
0.292299 0.959241 0.464417 153 153 153
0.293936 1.01639 0.250807 153 153 153
-0.254594 -0.950039 0.2 153 153 153
-0.253736 -0.945906 0.250083 153 153 153
-0.256563 -0.949995 0.297876 153 153 153
0.276497 1.00021 0.200023 153 153 153
-0.266625 -0.950273 0.400067 153 153 153
0.273843 1.00019 0.150014 153 153 153
0.272292 1.00017 0.100008 153 153 153
0.298196 -0.946782 -0.508601 153 153 153
0.27149 1.00016 0.0500033 153 153 153
0.271243 1.00015 0 153 153 153
0.27149 1.00016 -0.0500033 153 153 153
0.293186 -0.960979 -0.461729 153 153 153
0.313017 -0.993385 -0.412994 153 153 153
0.266625 -0.950273 -0.400067 153 153 153
0.260131 -0.950154 -0.350027 153 153 153
0.272292 1.00017 -0.100007 153 153 153
0.256573 -0.952366 -0.273511 153 153 153
0.273843 1.00019 -0.150014 153 153 153
0.255796 -0.954499 -0.177985 153 153 153
0.254849 -0.95003 -0.0999992 153 153 153
0.255066 -0.950028 -0.0499995 153 153 153
0.255151 -0.950028 0 153 153 153
0.255066 -0.950028 0.0499995 153 153 153
0.254849 -0.95003 0.0999994 153 153 153
0.250286 -0.927792 0.14813 153 153 153
0.276497 1.00021 -0.200023 153 153 153
-0.28493 0.993726 0.315785 153 153 153
-0.291145 1.01087 0.26459 153 153 153
0.256906 -0.949075 0.31282 153 153 153
0.30353 -0.986062 0.413439 153 153 153
0.266625 -0.950273 0.400067 153 153 153
0.279769 -0.950781 0.454248 153 153 153
-0.276497 1.00021 0.200023 153 153 153
-0.273843 1.00019 0.150014 153 153 153
-0.272292 1.00017 0.100008 153 153 153
-0.27149 1.00016 0.0500033 153 153 153
-0.271243 1.00015 0 153 153 153
0.353054 -0.958203 -0.545599 153 153 153
-0.27149 1.00016 -0.0500033 153 153 153
0.349546 -0.978754 -0.500527 153 153 153
0.349546 -0.978754 0.500527 153 153 153
0.34832 -0.953708 0.551135 153 153 153
-0.272292 1.00017 -0.100007 153 153 153
-0.273843 1.00019 -0.150014 153 153 153
-0.288875 1.01879 -0.192567 153 153 153
0.407916 -0.958161 -0.564976 153 153 153
-0.290218 1.01333 -0.243486 153 153 153
0.397786 -0.991709 0.500279 153 153 153
0.410072 -0.967243 0.54939 153 153 153
0.389174 -0.941906 0.589452 153 153 153
-0.291005 1.00357 -0.301916 153 153 153
0.457535 -0.961507 -0.55554 153 153 153
-0.290129 0.989195 -0.360197 153 153 153
0.449078 -0.997386 0.493559 153 153 153
-0.29642 0.945603 0.508191 153 153 153
-0.303511 0.987483 0.408952 153 153 153
-0.313486 0.994987 -0.40914 153 153 153
-0.351987 1.00017 -0.452772 153 153 153
0.50029 -0.984795 -0.50058 153 153 153
0.50029 -0.984795 0.50058 153 153 153
-0.346309 0.960182 0.53692 153 153 153
0.488493 -0.958302 0.54984 153 153 153
0.497965 -0.956336 -0.548329 153 153 153
-0.349546 0.978754 -0.500527 153 153 153
0.538136 -0.963813 -0.511113 153 153 153
0.550245 -0.993957 -0.450281 153 153 153
0.556714 -0.99295 0.446326 153 153 153
-0.341514 0.95467 -0.544197 153 153 153
0.551938 -0.961443 0.503475 153 153 153
-0.399894 0.965742 0.550546 153 153 153
-0.355908 0.983323 0.495699 153 153 153
-0.41202 0.996199 -0.494684 153 153 153
0.577281 -0.961634 -0.478702 153 153 153
0.600461 -0.991313 -0.400345 153 153 153
0.605089 -0.986705 0.402682 153 153 153
-0.450108 0.965515 0.550576 153 153 153
0.605641 -0.955678 0.454232 153 153 153
-0.42994 0.994835 0.499375 153 153 153
0.614153 -0.950611 -0.450406 153 153 153
-0.448882 0.963406 -0.554298 153 153 153
0.653004 -0.937238 -0.407588 153 153 153
-0.50041 0.95313 0.551937 153 153 153
-0.493635 0.992624 0.489766 153 153 153
0.65446 -0.996376 0.295768 153 153 153
0.654623 -0.968548 0.353046 153 153 153
-0.550065 0.994933 -0.448645 153 153 153
0.655856 -0.940137 0.397894 153 153 153
-0.489573 0.991628 -0.493348 153 153 153
0.653531 -0.964101 -0.363259 153 153 153
0.689727 -0.937839 -0.325412 153 153 153
-0.551169 0.962856 0.50195 153 153 153
0.697544 -0.956941 -0.267266 153 153 153
-0.550903 0.992108 0.453078 153 153 153
-0.596486 0.958464 0.461591 153 153 153
0.690234 -1.00631 0.150983 153 153 153
-0.603615 0.987677 0.402901 153 153 153
0.703436 -0.954969 0.251854 153 153 153
-0.654116 0.992871 -0.304615 153 153 153
-0.613719 0.980414 -0.401933 153 153 153
-0.653696 0.994113 0.30273 153 153 153
-0.692098 1.00352 0.153671 153 153 153
0.719009 -0.950479 -0.200188 153 153 153
0.72828 -0.95049 -0.15015 153 153 153
0.734776 -0.950417 -0.100087 153 153 153
0.73862 -0.950343 -0.0500364 153 153 153
0.739892 -0.950314 0 153 153 153
0.73862 -0.950343 0.0500364 153 153 153
0.734776 -0.950417 0.100087 153 153 153
0.72828 -0.95049 0.15015 153 153 153
0.719009 -0.950479 0.200188 153 153 153
-0.691315 0.995333 -0.188123 153 153 153
-0.699796 0.957954 0.257753 153 153 153
-0.692101 0.990442 0.200929 153 153 153
-0.753147 -0.901727 -0.0980547 153 153 153
-0.704695 0.996176 -0.114391 153 153 153
-0.756029 -0.902339 -0.049863 153 153 153
-0.700258 0.957459 -0.257284 153 153 153
-0.756232 -0.905641 1.54689e-06 153 153 153
0.719009 0.950479 0.200188 153 153 153
-0.756482 -0.900526 0.0498768 153 153 153
0.72828 0.95049 0.15015 153 153 153
-0.755808 -0.890551 0.0980245 153 153 153
0.734776 0.950417 0.100087 153 153 153
-0.695713 -0.9059 -0.356411 153 153 153
0.73862 0.950343 0.0500364 153 153 153
0.741357 0.947146 -0.00177555 153 153 153
-0.714301 -0.904441 -0.303321 153 153 153
0.73862 0.950343 -0.0500364 153 153 153
-0.729939 -0.900318 -0.250218 153 153 153
-0.740259 -0.900194 -0.200115 153 153 153
-0.747826 -0.901316 -0.148919 153 153 153
0.727282 0.963223 -0.107274 153 153 153
0.72982 0.937759 -0.178059 153 153 153
-0.735225 -0.903606 0.220817 153 153 153
-0.690927 -0.948157 0.304194 153 153 153
-0.716862 -0.900317 0.30024 153 153 153
0.692798 0.908447 0.360718 153 153 153
-0.713268 -0.875935 0.340281 153 153 153
0.680894 0.948815 0.329453 153 153 153
-0.64564 -0.917955 -0.447226 153 153 153
0.700043 0.956201 0.260704 153 153 153
0.685913 0.956794 -0.301806 153 153 153
0.663315 0.95758 -0.354634 153 153 153
-0.686869 -0.885895 -0.402077 153 153 153
-0.680478 -0.900456 0.400383 153 153 153
-0.650361 -0.9454 0.400196 153 153 153
0.652836 0.902305 0.453857 153 153 153
-0.654615 -0.901944 0.451062 153 153 153
0.650323 0.947434 0.397108 153 153 153
0.638205 0.956061 -0.404894 153 153 153
0.608993 0.946768 0.463174 153 153 153
-0.613128 -0.920866 -0.493152 153 153 153
-0.619584 -0.905166 0.503532 153 153 153
0.596735 0.946446 -0.479321 153 153 153
0.532364 0.928355 0.566721 153 153 153
0.555363 0.931021 -0.544268 153 153 153
-0.550625 -0.929316 -0.550723 153 153 153
-0.595269 -0.902972 -0.537793 153 153 153
0.497896 0.946143 -0.563661 153 153 153
0.486582 0.910229 -0.618627 153 153 153
0.450163 0.933283 0.600669 153 153 153
0.438055 0.937269 -0.597263 153 153 153
-0.491756 -0.904741 -0.622938 153 153 153
-0.546823 -0.904528 -0.585334 153 153 153
0.406939 0.945577 0.585849 153 153 153
-0.500396 -0.918444 0.600706 153 153 153
0.349669 0.926847 0.600627 153 153 153
0.346248 0.95933 -0.538582 153 153 153
-0.450163 -0.933283 -0.600669 153 153 153
-0.450163 -0.933283 0.600669 153 153 153
0.349669 0.926847 -0.600627 153 153 153
0.300082 0.901727 0.605264 153 153 153
0.299316 0.928992 0.550463 153 153 153
-0.450325 -0.888775 -0.660205 153 153 153
0.266625 0.950273 0.400067 153 153 153
0.255315 0.947581 0.291261 153 153 153
0.258654 0.96203 0.214165 153 153 153
0.25462 0.950033 0.15 153 153 153
-0.404568 -0.911486 0.637605 153 153 153
-0.396502 -0.910422 -0.638896 153 153 153
-0.345694 -0.894283 -0.650967 153 153 153
-0.349669 -0.926847 -0.600627 153 153 153
-0.349668 -0.926847 0.600627 153 153 153
0.254849 0.95003 0.0999994 153 153 153
0.255066 0.950028 0.0499995 153 153 153
0.255151 0.950028 0 153 153 153
0.255066 0.950028 -0.0499995 153 153 153
-0.302433 -0.935044 -0.542064 153 153 153
-0.299316 -0.928992 0.550463 153 153 153
0.254849 0.95003 -0.0999992 153 153 153
-0.306211 -0.903135 0.609321 153 153 153
-0.292401 -0.900518 -0.598094 153 153 153
-0.267935 -0.899098 -0.557638 153 153 153
0.25462 0.950033 -0.149999 153 153 153
-0.243741 -0.896982 -0.455894 153 153 153
0.256307 0.948252 -0.308138 153 153 153
-0.243775 -0.90496 -0.408243 153 153 153
0.266625 0.950273 -0.400067 153 153 153
0.280221 0.951314 -0.454074 153 153 153
0.295393 0.945029 -0.507655 153 153 153
-0.253053 -0.944371 -0.2 153 153 153
-0.253115 -0.943274 -0.144615 153 153 153
0.299316 0.928992 -0.550463 153 153 153
-0.249405 -0.894779 -0.0548767 153 153 153
-0.249844 -0.897881 -0.00247587 153 153 153
-0.24975 -0.901373 0.0400286 153 153 153
0.246398 0.903805 0.449937 153 153 153
-0.250711 -0.928011 0.124502 153 153 153
-0.246672 -0.907651 0.191608 153 153 153
0.24356 0.905365 0.400137 153 153 153
0.256729 0.944225 0.345211 153 153 153
0.246181 0.907394 0.206302 153 153 153
-0.243219 -0.905651 0.387642 153 153 153
-0.24349 -0.89796 0.448064 153 153 153
0.247435 0.90427 0.15708 153 153 153
0.248868 0.903017 0.0999655 153 153 153
-0.260412 -0.898121 0.539519 153 153 153
0.249566 0.899535 0.0515667 153 153 153
0.249834 0.897397 0.000712481 153 153 153
0.249748 0.904014 -0.0499972 153 153 153
-0.243524 -0.908454 -0.358407 153 153 153
-0.242159 -0.900007 -0.299999 153 153 153
-0.243799 -0.900003 -0.249999 153 153 153
-0.245644 -0.900002 -0.199999 153 153 153
0.24916 0.907865 -0.0992703 153 153 153
0.247599 0.901836 -0.145992 153 153 153
0.256452 0.955275 -0.22409 153 153 153
0.243939 0.906372 -0.40028 153 153 153
0.232461 0.867527 -0.443805 153 153 153
-0.282564 0.952323 0.458218 153 153 153
-0.266625 0.950273 0.400067 153 153 153
-0.260131 0.950154 0.350027 153 153 153
-0.243799 -0.900003 0.249999 153 153 153
-0.242159 -0.900007 0.299999 153 153 153
-0.24588 -0.916934 0.341018 153 153 153
-0.254885 0.94565 0.300148 153 153 153
-0.254975 0.949641 0.250105 153 153 153
-0.253053 0.944371 0.2 153 153 153
-0.253115 0.943274 0.144616 153 153 153
0.246117 -0.903433 -0.448963 153 153 153
-0.254849 0.95003 0.0999994 153 153 153
0.243197 -0.905116 -0.392822 153 153 153
-0.255066 0.950028 0.0499995 153 153 153
0.241435 -0.90082 -0.34673 153 153 153
-0.255151 0.950028 0 153 153 153
0.242159 -0.900007 -0.299999 153 153 153
-0.255066 0.950028 -0.0499995 153 153 153
0.245171 -0.909331 -0.248392 153 153 153
-0.254849 0.95003 -0.0999992 153 153 153
0.245644 -0.900002 -0.199999 153 153 153
-0.25462 0.950033 -0.149999 153 153 153
0.247684 -0.904761 -0.14995 153 153 153
-0.255136 0.951958 -0.19678 153 153 153
0.248825 -0.901709 -0.0990224 153 153 153
-0.254267 0.947847 -0.242984 153 153 153
-0.25524 0.946528 -0.300247 153 153 153
-0.251726 0.932565 -0.348147 153 153 153
-0.266625 0.950273 -0.400067 153 153 153
-0.29135 0.960207 -0.459398 153 153 153
-0.295166 0.945553 -0.505956 153 153 153
-0.287537 0.889872 0.611677 153 153 153
-0.299316 0.928992 -0.550463 153 153 153
-0.349668 0.926847 0.600627 153 153 153
-0.349668 0.926847 -0.600627 153 153 153
0.257299 -0.957627 0.225793 153 153 153
0.245644 -0.900002 0.199999 153 153 153
-0.385645 0.944758 0.583917 153 153 153
0.245113 -0.9095 0.251482 153 153 153
-0.393119 0.957298 -0.564119 153 153 153
0.242159 -0.900007 0.299999 153 153 153
-0.436818 0.940454 0.592647 153 153 153
0.243507 -0.908747 0.344631 153 153 153
-0.450163 0.933283 -0.600669 153 153 153
0.243939 -0.906371 0.40028 153 153 153
-0.497039 0.915734 0.606098 153 153 153
-0.504136 0.960942 -0.537942 153 153 153
-0.496125 0.922667 -0.597462 153 153 153
0.296947 -0.885561 -0.630657 153 153 153
-0.550625 0.929316 0.550723 153 153 153
-0.554201 0.963189 -0.498776 153 153 153
0.299316 -0.928992 -0.550463 153 153 153
-0.550625 0.929316 -0.550723 153 153 153
0.257348 -0.907636 -0.502219 153 153 153
-0.604055 0.917478 0.509372 153 153 153
0.30069 -0.933841 0.542094 153 153 153
-0.652253 0.936865 0.409526 153 153 153
-0.60655 0.955988 -0.452553 153 153 153
0.287388 -0.894884 0.60202 153 153 153
-0.656792 0.967838 0.349918 153 153 153
0.347287 -0.89212 -0.654873 153 153 153
0.349669 -0.926848 -0.600627 153 153 153
0.349669 -0.926847 0.600627 153 153 153
-0.691314 0.945172 0.308509 153 153 153
-0.689541 0.944355 -0.314813 153 153 153
0.396505 -0.910038 -0.639449 153 153 153
-0.654588 0.969953 -0.350517 153 153 153
-0.696519 0.899161 0.362729 153 153 153
-0.719009 0.950479 0.200188 153 153 153
0.389731 -0.912281 0.635637 153 153 153
-0.72828 0.95049 0.15015 153 153 153
-0.734776 0.950417 0.100087 153 153 153
-0.73862 0.950343 0.0500364 153 153 153
0.45214 -0.898205 -0.647826 153 153 153
0.450163 -0.933283 -0.600669 153 153 153
0.450163 -0.933283 0.600669 153 153 153
-0.739892 0.950314 0 153 153 153
-0.73862 0.950343 -0.0500364 153 153 153
-0.734776 0.950417 -0.100087 153 153 153
0.493244 -0.928 -0.591759 153 153 153
-0.72828 0.95049 -0.15015 153 153 153
0.499717 -0.917545 0.602261 153 153 153
-0.719009 0.950479 -0.200188 153 153 153
0.547842 -0.888805 -0.602695 153 153 153
0.550625 -0.929316 -0.550723 153 153 153
0.550625 -0.929316 0.550723 153 153 153
-0.753398 0.900897 0.0976423 153 153 153
-0.755362 0.904855 0.0501697 153 153 153
-0.756975 0.902765 -4.35472e-06 153 153 153
-0.755346 0.904915 -0.0501833 153 153 153
0.600855 -0.927355 -0.500685 153 153 153
0.603207 -0.924731 0.50117 153 153 153
-0.76033 0.864425 -0.0919378 153 153 153
0.754748 0.904881 0.0627185 153 153 153
0.759057 0.893524 -0.0124533 153 153 153
0.754716 0.895525 -0.0977432 153 153 153
0.716862 0.900318 0.30024 153 153 153
0.729939 0.900318 0.250218 153 153 153
0.740259 0.900194 0.200115 153 153 153
0.644316 -0.90865 0.461122 153 153 153
0.751305 0.893621 0.136898 153 153 153
0.721958 0.919231 -0.252981 153 153 153
0.644763 -0.897545 -0.473427 153 153 153
0.716862 0.900318 -0.30024 153 153 153
0.705067 0.896181 -0.342642 153 153 153
0.700198 0.848862 0.40184 153 153 153
0.680478 0.900456 0.400383 153 153 153
0.688229 -0.949883 0.308475 153 153 153
0.680478 0.900456 -0.400383 153 153 153
0.700035 -0.901077 0.350858 153 153 153
0.680478 -0.900456 0.400383 153 153 153
0.653664 0.899961 -0.455101 153 153 153
0.686505 -0.900603 -0.386186 153 153 153
0.716862 -0.900317 -0.30024 153 153 153
0.729939 -0.900318 -0.250218 153 153 153
0.740259 -0.900194 -0.200115 153 153 153
0.616393 0.91521 0.495819 153 153 153
0.754325 -0.891903 -0.111724 153 153 153
0.748153 -0.89948 -0.150306 153 153 153
0.754748 -0.904881 -0.0627184 153 153 153
0.7568 -0.902725 -0.0209295 153 153 153
0.755833 -0.904857 0.0376292 153 153 153
0.75477 -0.894639 0.0995874 153 153 153
0.62534 0.900618 -0.500537 153 153 153
0.596009 0.90372 0.536027 153 153 153
0.741418 -0.891097 0.208094 153 153 153
0.729939 -0.900318 0.250218 153 153 153
0.716862 -0.900317 0.30024 153 153 153
0.584551 0.896301 -0.557883 153 153 153
0.504388 0.910859 0.608165 153 153 153
0.564474 0.89133 0.584494 153 153 153
0.536354 0.897452 -0.602345 153 153 153
0.500495 0.876945 0.650815 153 153 153
0.500495 0.876945 -0.650814 153 153 153
0.471942 0.840087 0.705683 153 153 153
0.40416 0.912925 0.635543 153 153 153
-0.756289 -0.850021 -0.150041 153 153 153
-0.760731 -0.850021 -0.100042 153 153 153
-0.763351 -0.850016 -0.0500241 153 153 153
-0.764216 -0.850014 0 153 153 153
-0.763351 -0.850016 0.0500241 153 153 153
-0.760731 -0.850021 0.100042 153 153 153
-0.74494 -0.907948 0.155745 153 153 153
0.453257 0.895782 0.650537 153 153 153
-0.754028 -0.854905 0.166675 153 153 153
0.440636 0.893842 -0.65664 153 153 153
0.450787 0.846291 -0.708659 153 153 153
0.408831 0.860735 0.703347 153 153 153
-0.716978 -0.850167 -0.350241 153 153 153
-0.730495 -0.850141 -0.300218 153 153 153
-0.741384 -0.850064 -0.250108 153 153 153
-0.75115 -0.848756 -0.192074 153 153 153
0.391234 0.910473 -0.638432 153 153 153
-0.741384 -0.850064 0.250108 153 153 153
-0.730495 -0.850141 0.300218 153 153 153
0.3525 0.856196 0.706531 153 153 153
0.356391 0.893086 0.656711 153 153 153
-0.704463 -0.840814 0.395375 153 153 153
0.344932 0.894396 -0.650471 153 153 153
-0.647692 -0.86708 -0.499997 153 153 153
0.299469 0.875239 0.650564 153 153 153
0.251496 0.899209 -0.501733 153 153 153
-0.680202 -0.850302 -0.450386 153 153 153
-0.680202 -0.850302 0.450386 153 153 153
0.265135 0.897936 -0.55337 153 153 153
-0.659567 -0.8515 0.492198 153 153 153
0.289575 0.89956 -0.596098 153 153 153
0.299469 0.875239 -0.650564 153 153 153
0.251032 0.856164 0.611526 153 153 153
-0.625592 -0.850471 -0.550546 153 153 153
-0.625592 -0.850471 0.550546 153 153 153
-0.581625 -0.907283 0.548306 153 153 153
0.265386 0.896797 0.556715 153 153 153
0.255172 0.906232 0.497022 153 153 153
0.24121 0.900014 0.35 153 153 153
-0.586129 -0.865869 -0.588274 153 153 153
0.242159 0.900007 0.299999 153 153 153
-0.538148 -0.901106 0.596601 153 153 153
0.243799 0.900004 0.249999 153 153 153
-0.501065 -0.857781 -0.67107 153 153 153
0.250641 0.852697 -0.0497886 153 153 153
-0.554612 -0.852341 -0.634307 153 153 153
0.245644 0.900002 -0.199999 153 153 153
0.244783 0.90637 -0.246367 153 153 153
0.242159 0.900007 -0.299999 153 153 153
0.243574 0.908986 -0.344765 153 153 153
-0.457226 -0.842172 -0.710377 153 153 153
-0.24379 0.894456 0.468286 153 153 153
-0.244438 0.906034 0.412774 153 153 153
-0.476475 -0.89538 0.642012 153 153 153
-0.481361 -0.856303 0.684087 153 153 153
-0.243584 0.908626 0.359058 153 153 153
-0.242159 0.900007 0.299999 153 153 153
-0.243799 0.900004 0.249999 153 153 153
-0.392039 -0.866415 -0.697694 153 153 153
-0.245644 0.900002 0.199999 153 153 153
-0.409978 -0.866813 0.695921 153 153 153
-0.247444 0.891201 0.134972 153 153 153
-0.344369 -0.860702 -0.698342 153 153 153
-0.249726 0.90675 -0.0621078 153 153 153
-0.350736 -0.893985 0.653424 153 153 153
-0.24804 0.904773 -0.137446 153 153 153
-0.351255 -0.857563 0.704448 153 153 153
-0.245644 0.900002 -0.199999 153 153 153
-0.243799 0.900004 -0.249999 153 153 153
-0.242159 0.900007 -0.299999 153 153 153
-0.299469 -0.875239 0.650564 153 153 153
-0.238966 0.89119 -0.363057 153 153 153
-0.243109 0.897917 -0.443562 153 153 153
-0.293724 -0.869172 -0.654959 153 153 153
-0.244432 0.850284 0.606158 153 153 153
-0.281749 0.909837 0.562622 153 153 153
-0.25413 0.902286 0.504544 153 153 153
-0.253107 -0.898685 -0.510969 153 153 153
-0.249802 0.895985 0.00596293 153 153 153
-0.252728 -0.817374 -0.0921473 153 153 153
-0.257524 0.912195 -0.488948 153 153 153
-0.251273 -0.849995 0 153 153 153
-0.262065 0.897429 -0.546204 153 153 153
-0.249464 0.859411 -0.60019 153 153 153
-0.294337 0.895376 -0.610172 153 153 153
-0.251564 -0.840736 0.0499846 153 153 153
-0.257231 -0.911553 0.489652 153 153 153
-0.299469 0.875239 0.650564 153 153 153
-0.274406 0.853683 -0.658614 153 153 153
-0.336437 0.862379 0.69325 153 153 153
-0.263095 -0.843086 0.660658 153 153 153
-0.345879 0.89598 0.648473 153 153 153
-0.232083 -0.850123 -0.550034 153 153 153
-0.228174 -0.850077 -0.500008 153 153 153
-0.228094 -0.850044 -0.449995 153 153 153
-0.230233 -0.850024 -0.39999 153 153 153
-0.233543 -0.850011 -0.349989 153 153 153
-0.237321 -0.850004 -0.29999 153 153 153
-0.241087 -0.849999 -0.249993 153 153 153
-0.244512 -0.849998 -0.199996 153 153 153
-0.246929 -0.874116 -0.1437 153 153 153
-0.358636 0.89662 -0.652218 153 153 153
-0.248982 -0.857226 0.103011 153 153 153
-0.24737 -0.849998 0.149998 153 153 153
-0.244512 -0.849998 0.199996 153 153 153
-0.241087 -0.849999 0.249993 153 153 153
-0.237321 -0.850004 0.29999 153 153 153
-0.233543 -0.850011 0.349989 153 153 153
-0.230233 -0.850024 0.39999 153 153 153
-0.228094 -0.850044 0.449995 153 153 153
-0.228174 -0.850077 0.500008 153 153 153
-0.232083 -0.850123 0.550034 153 153 153
-0.244602 -0.851622 0.603601 153 153 153
0.245984 -0.853617 -0.60323 153 153 153
-0.393113 0.860565 0.704865 153 153 153
-0.392763 0.913905 0.633558 153 153 153
0.260085 -0.894056 -0.548809 153 153 153
0.232083 -0.850123 -0.550034 153 153 153
-0.404673 0.913792 -0.634302 153 153 153
0.228174 -0.850077 -0.500008 153 153 153
0.228094 -0.850044 -0.449995 153 153 153
0.230233 -0.850024 -0.39999 153 153 153
0.233543 -0.850011 -0.349989 153 153 153
0.237321 -0.850004 -0.29999 153 153 153
0.241087 -0.849999 -0.249993 153 153 153
0.244512 -0.849998 -0.199996 153 153 153
0.24737 -0.849998 -0.149998 153 153 153
-0.460692 0.847513 0.703313 153 153 153
0.249743 -0.901384 -0.0408598 153 153 153
0.250945 -0.846577 -0.0571263 153 153 153
0.249871 -0.898969 0.00118317 153 153 153
0.249416 -0.895445 0.055089 153 153 153
-0.446973 0.893016 0.655951 153 153 153
-0.453807 0.896264 -0.649751 153 153 153
0.247653 -0.844488 0.15053 153 153 153
0.244512 -0.849998 0.199996 153 153 153
0.241087 -0.849999 0.249993 153 153 153
0.237321 -0.850004 0.29999 153 153 153
0.233543 -0.850011 0.349989 153 153 153
0.230233 -0.850024 0.39999 153 153 153
0.232392 -0.867251 0.44531 153 153 153
0.252473 -0.897403 0.51202 153 153 153
0.228174 -0.850077 0.500008 153 153 153
0.264835 -0.896317 0.556438 153 153 153
0.232083 -0.850123 0.550034 153 153 153
-0.500495 0.876945 -0.650814 153 153 153
-0.550215 0.884507 0.605378 153 153 153
0.237259 -0.8419 0.601628 153 153 153
-0.608086 0.869719 0.557416 153 153 153
-0.5539 0.88702 -0.599284 153 153 153
-0.605137 0.919567 -0.505353 153 153 153
-0.60134 0.888459 -0.546715 153 153 153
0.251273 -0.849995 0 153 153 153
0.251369 -0.841116 0.0580525 153 153 153
-0.64775 0.853494 0.512077 153 153 153
0.299469 -0.875239 0.650564 153 153 153
0.310507 -0.848563 0.699602 153 153 153
-0.647734 0.90903 0.454806 153 153 153
0.351255 -0.857563 -0.704448 153 153 153
0.288896 -0.837395 -0.699883 153 153 153
-0.686273 0.878593 0.41109 153 153 153
0.337926 -0.894319 0.647309 153 153 153
-0.664443 0.917663 -0.412811 153 153 153
-0.646829 0.905764 -0.460317 153 153 153
-0.716862 0.900318 0.30024 153 153 153
-0.729939 0.900318 0.250218 153 153 153
0.409684 -0.867494 -0.695132 153 153 153
-0.740259 0.900194 0.200115 153 153 153
0.397448 -0.868262 0.695228 153 153 153
-0.746573 0.902347 -0.156106 153 153 153
-0.729939 0.900318 -0.250218 153 153 153
-0.716862 0.900318 -0.30024 153 153 153
0.450436 -0.894027 0.653638 153 153 153
-0.700364 0.895124 -0.357213 153 153 153
0.459444 -0.851889 0.699207 153 153 153
0.458479 -0.855898 -0.695289 153 153 153
-0.747585 0.902406 0.148409 153 153 153
0.502267 -0.875851 -0.650944 153 153 153
0.500495 -0.876945 0.650815 153 153 153
0.51235 -0.836264 0.684676 153 153 153
0.752841 0.84144 0.182319 153 153 153
0.760731 0.850021 0.100042 153 153 153
0.546417 -0.843479 -0.650235 153 153 153
0.763351 0.850016 0.0500241 153 153 153
0.550201 -0.894923 0.593681 153 153 153
0.764216 0.850014 0 153 153 153
0.763351 0.850016 -0.0500241 153 153 153
0.760731 0.850021 -0.100042 153 153 153
0.756289 0.850021 -0.150041 153 153 153
0.594479 -0.887191 -0.556497 153 153 153
0.594349 -0.891883 0.551514 153 153 153
0.716977 0.850168 0.350241 153 153 153
0.587326 -0.864292 0.588433 153 153 153
0.730495 0.850141 0.300218 153 153 153
0.741384 0.850064 0.250108 153 153 153
0.638078 -0.842267 -0.537763 153 153 153
0.742331 0.887 -0.208908 153 153 153
0.635325 -0.874836 0.51297 153 153 153
0.635208 -0.826114 0.554753 153 153 153
0.741384 0.850064 -0.250108 153 153 153
0.680202 -0.850302 -0.450386 153 153 153
0.730495 0.850141 -0.300218 153 153 153
0.646228 0.860276 0.508769 153 153 153
0.680202 0.850302 0.450386 153 153 153
0.660281 0.851906 -0.490496 153 153 153
0.680202 -0.850302 0.450386 153 153 153
0.655917 -0.850149 0.500182 153 153 153
0.699638 -0.84885 -0.403378 153 153 153
0.716978 -0.850167 -0.350241 153 153 153
0.730495 -0.850141 -0.300218 153 153 153
0.741384 -0.850064 -0.250108 153 153 153
0.625592 0.850471 0.550546 153 153 153
0.625592 0.850471 -0.550546 153 153 153
0.75344 -0.848598 -0.175036 153 153 153
0.74384 -0.910988 0.156649 153 153 153
0.592444 0.855077 0.591118 153 153 153
0.581826 0.854991 -0.603596 153 153 153
0.741384 -0.850064 0.250108 153 153 153
0.730495 -0.850141 0.300218 153 153 153
0.713232 -0.844439 0.366353 153 153 153
0.545229 0.86066 0.63478 153 153 153
0.533497 0.845518 -0.659548 153 153 153
0.760731 -0.850021 -0.100042 153 153 153
0.763351 -0.850016 -0.0500241 153 153 153
0.764216 -0.850014 0 153 153 153
0.763351 -0.850016 0.0500241 153 153 153
0.760731 -0.850021 0.100042 153 153 153
0.756289 -0.850021 0.150042 153 153 153
0.514888 0.831751 0.687014 153 153 153
0.494253 0.836298 -0.696831 153 153 153
0.448678 0.8078 0.747822 153 153 153
0.402244 0.812281 0.757803 153 153 153
0.389499 0.865447 -0.698924 153 153 153
-0.758572 -0.797901 0.0261587 153 153 153
0.401081 0.803152 -0.76724 153 153 153
0.359611 0.811099 0.761671 153 153 153
-0.748813 -0.798181 0.191665 153 153 153
0.348107 0.862022 -0.697699 153 153 153
-0.705611 -0.824555 -0.401023 153 153 153
-0.721806 -0.799983 -0.350202 153 153 153
-0.732746 -0.799942 -0.300151 153 153 153
-0.741439 -0.799941 -0.250075 153 153 153
-0.747747 -0.792085 -0.190895 153 153 153
0.317142 0.801572 0.763736 153 153 153
-0.741439 -0.799941 0.250075 153 153 153
-0.732746 -0.799942 0.300151 153 153 153
-0.721806 -0.799983 0.350202 153 153 153
-0.707394 -0.792712 0.403851 153 153 153
0.305539 0.841697 0.706169 153 153 153
0.255785 0.839684 0.654372 153 153 153
-0.671529 -0.800158 -0.500369 153 153 153
-0.691738 -0.800056 -0.450185 153 153 153
-0.691738 -0.800056 0.450185 153 153 153
-0.671529 -0.800158 0.500369 153 153 153
0.250945 0.846578 0.0571264 153 153 153
0.251273 0.849995 0 153 153 153
-0.605973 -0.806715 -0.612409 153 153 153
0.258927 0.83252 -0.67244 153 153 153
-0.643536 -0.806082 -0.553535 153 153 153
0.29502 0.841511 -0.698907 153 153 153
-0.584783 -0.849414 0.605353 153 153 153
0.257228 0.791138 0.735324 153 153 153
-0.615338 -0.79963 0.603522 153 153 153
0.232083 0.850123 0.550034 153 153 153
0.228174 0.850077 0.500008 153 153 153
0.228094 0.850044 0.449995 153 153 153
-0.579644 -0.800442 0.650634 153 153 153
-0.538999 -0.848267 0.65229 153 153 153
-0.52551 -0.805565 0.701256 153 153 153
-0.504804 -0.803556 -0.719095 153 153 153
0.230233 0.850024 0.39999 153 153 153
-0.546973 -0.802526 -0.68428 153 153 153
0.233543 0.850011 0.349989 153 153 153
0.237321 0.850004 0.29999 153 153 153
0.241087 0.849999 0.249993 153 153 153
0.244512 0.849998 0.199996 153 153 153
-0.453636 -0.797501 -0.754955 153 153 153
0.247273 0.849201 0.152708 153 153 153
-0.460301 -0.813685 0.737022 153 153 153
0.249462 0.849761 0.10174 153 153 153
0.248806 0.863176 -0.0999661 153 153 153
0.245735 0.852406 -0.178318 153 153 153
-0.401245 -0.803142 -0.767218 153 153 153
0.241087 0.849999 -0.249993 153 153 153
-0.398319 -0.810896 0.759902 153 153 153
0.237321 0.850004 -0.29999 153 153 153
-0.341149 -0.822019 -0.746458 153 153 153
0.233543 0.850011 -0.349989 153 153 153
-0.344215 -0.81034 0.760693 153 153 153
0.230233 0.850024 -0.39999 153 153 153
0.228174 0.850077 -0.500008 153 153 153
-0.299785 -0.84305 -0.700293 153 153 153
-0.299499 -0.838739 0.706264 153 153 153
0.232083 0.850123 -0.550034 153 153 153
-0.297214 -0.803191 0.752512 153 153 153
-0.299336 -0.806316 -0.749748 153 153 153
0.242354 0.847152 -0.606871 153 153 153
-0.251964 -0.799855 -0.715434 153 153 153
-0.254131 -0.8503 -0.630854 153 153 153
0.240985 0.796846 -0.702534 153 153 153
-0.232083 0.850124 0.550034 153 153 153
-0.25156 -0.8039 -0.146846 153 153 153
-0.228174 0.850077 0.500008 153 153 153
-0.228094 0.850044 0.449995 153 153 153
-0.25619 -0.799951 -0.0499921 153 153 153
-0.256745 -0.799946 0 153 153 153
-0.25619 -0.799951 0.0499921 153 153 153
-0.254537 -0.799964 0.0999882 153 153 153
-0.230233 0.850024 0.39999 153 153 153
-0.233543 0.850011 0.349989 153 153 153
-0.252899 -0.793075 0.146839 153 153 153
-0.237321 0.850004 0.29999 153 153 153
-0.241087 0.849999 0.249993 153 153 153
-0.249663 -0.807208 0.70021 153 153 153
-0.244512 0.849998 0.199996 153 153 153
-0.24797 0.842373 0.147014 153 153 153
-0.249202 0.872371 0.0734268 153 153 153
-0.223762 -0.80025 -0.650104 153 153 153
-0.215895 -0.800132 -0.600028 153 153 153
-0.214462 -0.800072 -0.549995 153 153 153
-0.216797 -0.800042 -0.499979 153 153 153
-0.221254 -0.800021 -0.449968 153 153 153
-0.226768 -0.800004 -0.399964 153 153 153
-0.232627 -0.799992 -0.349967 153 153 153
-0.238347 -0.799986 -0.299975 153 153 153
-0.243597 -0.799987 -0.249986 153 153 153
-0.24737 0.849998 -0.149998 153 153 153
-0.246851 -0.807378 0.206624 153 153 153
-0.244512 0.849998 -0.199996 153 153 153
-0.241277 -0.784645 0.28437 153 153 153
-0.232626 -0.799992 0.349967 153 153 153
-0.226768 -0.800004 0.399964 153 153 153
-0.221254 -0.800021 0.449968 153 153 153
-0.216797 -0.800042 0.499979 153 153 153
-0.214462 -0.800072 0.549995 153 153 153
-0.215895 -0.800132 0.600028 153 153 153
-0.223762 -0.80025 0.650104 153 153 153
-0.22973 -0.779023 0.710456 153 153 153
0.245064 -0.800716 -0.703305 153 153 153
-0.241087 0.849999 -0.249993 153 153 153
-0.237321 0.850004 -0.29999 153 153 153
0.263449 -0.846331 -0.655494 153 153 153
0.223762 -0.80025 -0.650104 153 153 153
0.215895 -0.800132 -0.600028 153 153 153
0.214462 -0.800072 -0.549995 153 153 153
0.216797 -0.800042 -0.499979 153 153 153
0.221254 -0.800021 -0.449968 153 153 153
0.226768 -0.800004 -0.399964 153 153 153
0.232627 -0.799992 -0.349967 153 153 153
0.238347 -0.799986 -0.299975 153 153 153
0.243597 -0.799987 -0.249986 153 153 153
-0.233543 0.850011 -0.349989 153 153 153
-0.230233 0.850024 -0.39999 153 153 153
-0.228094 0.850044 -0.449995 153 153 153
0.249548 -0.849756 -0.0992823 153 153 153
0.248552 -0.866106 0.104363 153 153 153
-0.228174 0.850077 -0.500008 153 153 153
0.246644 -0.80895 0.207335 153 153 153
-0.232083 0.850124 -0.550034 153 153 153
-0.251714 0.800942 0.713378 153 153 153
-0.262798 0.841039 0.663768 153 153 153
0.232626 -0.799992 0.349967 153 153 153
0.226768 -0.800004 0.399964 153 153 153
0.221254 -0.800021 0.449968 153 153 153
0.216797 -0.800042 0.499979 153 153 153
0.214462 -0.800072 0.549995 153 153 153
0.215895 -0.800132 0.600028 153 153 153
0.26852 -0.84874 0.658972 153 153 153
0.223762 -0.80025 0.650104 153 153 153
-0.251273 0.849995 0 153 153 153
0.243553 -0.79557 0.70921 153 153 153
-0.251564 0.840736 -0.0499845 153 153 153
-0.249095 0.854812 -0.103491 153 153 153
0.286897 -0.789527 -0.763497 153 153 153
-0.253052 0.793258 -0.144082 153 153 153
-0.284289 0.791196 0.759666 153 153 153
0.251983 -0.799293 -0.14891 153 153 153
0.254537 -0.799964 -0.099988 153 153 153
0.25619 -0.799951 -0.0499921 153 153 153
0.256745 -0.799946 0 153 153 153
0.25619 -0.799951 0.0499921 153 153 153
0.254537 -0.799964 0.0999882 153 153 153
0.251829 -0.799986 0.149993 153 153 153
-0.298859 0.843262 0.699305 153 153 153
0.294759 -0.798301 0.757267 153 153 153
-0.307683 0.842659 -0.706177 153 153 153
-0.353293 0.857175 -0.705444 153 153 153
-0.406418 0.802038 0.76723 153 153 153
0.346932 -0.817634 -0.752763 153 153 153
-0.409085 0.862285 -0.701469 153 153 153
0.34508 -0.813076 0.757709 153 153 153
0.399722 -0.816392 -0.75399 153 153 153
-0.465721 0.857222 -0.690748 153 153 153
0.403559 -0.806082 0.763826 153 153 153
-0.501902 0.871257 0.65622 153 153 153
-0.500573 0.827697 0.700855 153 153 153
0.460967 -0.80684 -0.743001 153 153 153
-0.557474 0.838402 -0.644392 153 153 153
0.494915 -0.797251 0.7313 153 153 153
-0.509763 0.83319 -0.689408 153 153 153
-0.54661 0.842775 0.650711 153 153 153
0.505564 -0.822945 -0.701762 153 153 153
-0.583374 0.853655 -0.603083 153 153 153
-0.590171 0.843181 0.604537 153 153 153
-0.625592 0.850471 -0.550546 153 153 153
-0.680202 0.850302 0.450386 153 153 153
0.540491 -0.779105 -0.707547 153 153 153
-0.680202 0.850302 -0.450386 153 153 153
0.548797 -0.843379 0.648149 153 153 153
-0.650417 0.854204 -0.506771 153 153 153
-0.716978 0.850167 0.350241 153 153 153
0.579645 -0.800443 -0.650634 153 153 153
-0.730495 0.850141 0.300218 153 153 153
0.587072 -0.846847 -0.604992 153 153 153
0.601056 -0.810354 0.616609 153 153 153
-0.741384 0.850064 0.250108 153 153 153
0.557523 -0.801571 0.674423 153 153 153
0.613401 -0.799377 -0.606554 153 153 153
-0.745556 0.878189 -0.201889 153 153 153
0.64514 -0.800153 -0.553963 153 153 153
-0.741384 0.850064 -0.250108 153 153 153
-0.730495 0.850141 -0.300218 153 153 153
-0.716978 0.850167 -0.350241 153 153 153
0.671529 -0.800158 -0.500369 153 153 153
-0.705229 0.837924 -0.394951 153 153 153
0.693417 -0.767236 -0.448424 153 153 153
0.708187 -0.801801 0.400242 153 153 153
0.691738 -0.800056 0.450185 153 153 153
0.671529 -0.800158 0.500369 153 153 153
0.7083 -0.800018 -0.400135 153 153 153
0.721806 -0.799983 -0.350202 153 153 153
0.732746 -0.799942 -0.300152 153 153 153
0.741439 -0.799941 -0.250075 153 153 153
-0.750835 0.856392 0.189606 153 153 153
0.747256 -0.791377 -0.19416 153 153 153
-0.756289 0.850021 0.150042 153 153 153
0.750662 -0.809261 0.189409 153 153 153
0.741439 -0.799941 0.250075 153 153 153
0.732746 -0.799942 0.300152 153 153 153
0.721806 -0.799983 0.350202 153 153 153
-0.760731 0.850021 0.100042 153 153 153
0.754745 -0.803792 -0.138795 153 153 153
0.759531 -0.806299 -0.0614213 153 153 153
-0.763351 0.850016 0.0500241 153 153 153
0.757056 -0.791427 0.00867608 153 153 153
-0.764216 0.850014 0 153 153 153
-0.763351 0.850016 -0.0500241 153 153 153
0.754929 -0.799438 0.12512 153 153 153
-0.754582 -0.803633 -0.140506 153 153 153
-0.756079 -0.795867 -0.0917231 153 153 153
-0.757444 -0.794445 -0.0417723 153 153 153
-0.756289 0.850021 -0.150041 153 153 153
-0.742756 -0.755938 0.0501178 153 153 153
-0.755313 -0.794439 0.100248 153 153 153
-0.753081 -0.798363 0.14703 153 153 153
-0.707217 -0.760052 -0.395746 153 153 153
0.760231 0.804779 0.0117706 153 153 153
-0.714579 -0.749844 -0.350101 153 153 153
-0.722534 -0.749776 -0.30009 153 153 153
-0.728584 -0.74975 -0.250064 153 153 153
-0.733051 -0.749752 -0.20004 153 153 153
-0.736213 -0.749768 -0.150024 153 153 153
-0.738298 -0.749785 -0.100013 153 153 153
-0.739478 -0.749798 -0.0500055 153 153 153
-0.739859 -0.749802 0 153 153 153
0.721806 0.799983 0.350202 153 153 153
-0.738298 -0.749785 0.100013 153 153 153
-0.736213 -0.749768 0.150024 153 153 153
-0.733051 -0.749752 0.20004 153 153 153
-0.728584 -0.74975 0.250064 153 153 153
-0.722534 -0.749776 0.30009 153 153 153
-0.714579 -0.749844 0.350101 153 153 153
0.732746 0.799942 0.300152 153 153 153
0.741439 0.799941 0.250075 153 153 153
-0.657384 -0.754992 -0.545204 153 153 153
0.747256 0.791377 0.19416 153 153 153
0.754652 0.804093 0.140614 153 153 153
-0.675253 -0.749963 -0.50028 153 153 153
-0.691399 -0.749941 -0.450132 153 153 153
-0.691399 -0.749941 0.450132 153 153 153
-0.675253 -0.749963 0.50028 153 153 153
-0.646282 -0.793863 0.555116 153 153 153
-0.657882 -0.74181 0.544889 153 153 153
0.755935 0.794489 0.0877053 153 153 153
0.74145 0.752678 0.00356248 153 153 153
-0.590779 -0.780731 -0.649422 153 153 153
0.75694 0.79421 -0.0591142 153 153 153
-0.630999 -0.750114 -0.600419 153 153 153
-0.630999 -0.750114 0.600419 153 153 153
0.754639 0.794525 -0.112764 153 153 153
-0.605122 -0.745481 0.645973 153 153 153
0.750793 0.810706 -0.189681 153 153 153
0.741439 0.799941 -0.250075 153 153 153
-0.557068 -0.755246 -0.705146 153 153 153
0.732746 0.799942 -0.300152 153 153 153
-0.561284 -0.751439 0.702408 153 153 153
0.719977 0.826159 -0.352915 153 153 153
0.671529 0.800158 0.500369 153 153 153
0.700063 0.800781 0.42609 153 153 153
-0.503877 -0.753429 -0.757279 153 153 153
0.691796 0.825911 -0.43888 153 153 153
-0.501029 -0.767295 0.749953 153 153 153
0.671529 0.800158 -0.500369 153 153 153
0.617094 0.800294 0.600475 153 153 153
-0.45013 -0.750183 -0.795462 153 153 153
0.64504 0.800484 0.553965 153 153 153
0.647664 0.799227 -0.549789 153 153 153
-0.400977 -0.741968 -0.822471 153 153 153
0.616442 0.788068 -0.608688 153 153 153
0.591161 0.812532 0.62789 153 153 153
0.579645 0.800443 -0.650634 153 153 153
0.545664 0.760924 0.714146 153 153 153
0.551198 0.806693 0.676942 153 153 153
-0.349549 -0.764201 -0.809998 153 153 153
0.530728 0.801135 -0.700319 153 153 153
-0.366367 -0.76772 0.806251 153 153 153
0.500406 0.800475 0.72481 153 153 153
-0.306377 -0.775574 -0.789832 153 153 153
0.460168 0.805233 -0.744855 153 153 153
-0.295159 -0.752104 0.811402 153 153 153
0.393714 0.7587 0.810318 153 153 153
-0.244708 -0.735086 -0.797197 153 153 153
-0.24731 -0.767251 -0.757431 153 153 153
0.351865 0.761663 0.812503 153 153 153
-0.25477 -0.749942 -0.199963 153 153 153
-0.248059 -0.801267 -0.199399 153 153 153
-0.259154 -0.749889 -0.14995 153 153 153
-0.262352 -0.749854 -0.0999579 153 153 153
-0.264298 -0.749834 -0.0499767 153 153 153
-0.264951 -0.749828 0 153 153 153
-0.264298 -0.749834 0.0499767 153 153 153
-0.262352 -0.749854 0.0999581 153 153 153
-0.259154 -0.749889 0.14995 153 153 153
-0.25477 -0.749942 0.199963 153 153 153
0.338173 0.818806 -0.749591 153 153 153
0.296621 0.762615 0.80045 153 153 153
-0.236904 -0.756889 0.758318 153 153 153
0.252193 0.793234 0.157117 153 153 153
0.254537 0.799964 0.0999882 153 153 153
0.25619 0.799951 0.0499921 153 153 153
-0.210498 -0.752565 -0.70615 153 153 153
-0.200499 -0.747143 -0.650141 153 153 153
-0.201219 -0.744422 -0.593861 153 153 153
-0.206139 -0.737997 -0.541988 153 153 153
-0.21264 -0.750013 -0.499947 153 153 153
-0.220188 -0.749992 -0.449926 153 153 153
-0.228055 -0.749972 -0.399923 153 153 153
-0.235743 -0.749962 -0.349937 153 153 153
-0.242907 -0.74997 -0.299965 153 153 153
0.256745 0.799946 0 153 153 153
0.25619 0.799951 -0.0499921 153 153 153
0.254537 0.799964 -0.099988 153 153 153
-0.235743 -0.749962 0.349938 153 153 153
-0.228055 -0.749972 0.399923 153 153 153
-0.220188 -0.749992 0.449926 153 153 153
-0.21264 -0.750013 0.499947 153 153 153
-0.206149 -0.750022 0.549976 153 153 153
-0.201682 -0.749783 0.601922 153 153 153
-0.200919 -0.748438 0.650369 153 153 153
-0.201918 -0.737777 0.701145 153 153 153
0.298055 0.806081 -0.749319 153 153 153
0.223762 0.80025 0.650104 153 153 153
0.215895 0.800132 0.600028 153 153 153
0.229555 -0.760883 -0.740304 153 153 153
0.214462 0.800072 0.549995 153 153 153
0.216797 0.800042 0.499979 153 153 153
0.221254 0.800021 0.449968 153 153 153
0.226768 0.800004 0.399964 153 153 153
0.21264 -0.750013 -0.499947 153 153 153
0.220188 -0.749992 -0.449926 153 153 153
0.228055 -0.749972 -0.399923 153 153 153
0.235743 -0.749962 -0.349937 153 153 153
0.242907 -0.74997 -0.299965 153 153 153
0.232626 0.799992 0.349967 153 153 153
0.248204 -0.800619 -0.198465 153 153 153
0.238347 0.799986 0.299975 153 153 153
0.243597 0.799987 0.249986 153 153 153
0.241375 -0.793086 0.277014 153 153 153
0.248596 0.7953 0.200725 153 153 153
0.256511 0.765765 -0.150897 153 153 153
0.235743 -0.749962 0.349938 153 153 153
0.228055 -0.749972 0.399923 153 153 153
0.220188 -0.749992 0.449926 153 153 153
0.21264 -0.750013 0.499947 153 153 153
0.206149 -0.750022 0.549976 153 153 153
0.244716 0.810036 -0.228832 153 153 153
0.238347 0.799986 -0.299975 153 153 153
0.232627 0.799992 -0.349967 153 153 153
0.226768 0.800004 -0.399964 153 153 153
0.230535 -0.752395 0.755097 153 153 153
0.221254 0.800021 -0.449968 153 153 153
0.216797 0.800042 -0.499979 153 153 153
0.303469 -0.741989 -0.82499 153 153 153
0.243834 -0.740972 -0.788766 153 153 153
0.25477 -0.749942 -0.199963 153 153 153
0.259154 -0.749889 -0.14995 153 153 153
0.262352 -0.749854 -0.0999579 153 153 153
0.264298 -0.749834 -0.0499767 153 153 153
0.264951 -0.749828 0 153 153 153
0.264298 -0.749834 0.0499767 153 153 153
0.262352 -0.749854 0.0999581 153 153 153
0.259154 -0.749889 0.14995 153 153 153
0.25477 -0.749941 0.199963 153 153 153
0.214462 0.800072 -0.549995 153 153 153
0.215895 0.800132 -0.600028 153 153 153
0.31477 -0.772942 0.795574 153 153 153
0.223762 0.80025 -0.650104 153 153 153
0.242961 0.773377 -0.742859 153 153 153
-0.223762 0.80025 0.650104 153 153 153
0.353307 -0.760281 0.813833 153 153 153
-0.215895 0.800132 0.600028 153 153 153
0.36635 -0.768069 -0.805919 153 153 153
-0.214462 0.800072 0.549995 153 153 153
0.399619 -0.751959 0.814593 153 153 153
-0.216797 0.800042 0.499979 153 153 153
0.440679 -0.764972 -0.788638 153 153 153
-0.221254 0.800021 0.449968 153 153 153
-0.226768 0.800004 0.399964 153 153 153
-0.232626 0.799992 0.349967 153 153 153
0.500378 -0.750314 -0.762135 153 153 153
-0.238347 0.799986 0.299975 153 153 153
0.506369 -0.756217 0.753404 153 153 153
-0.243597 0.799987 0.249986 153 153 153
-0.243597 0.799987 -0.249986 153 153 153
-0.238347 0.799986 -0.299975 153 153 153
-0.232627 0.799992 -0.349967 153 153 153
0.566415 -0.747183 0.698522 153 153 153
-0.226768 0.800004 -0.399964 153 153 153
0.564213 -0.733307 -0.70783 153 153 153
-0.221254 0.800021 -0.449968 153 153 153
-0.216797 0.800042 -0.499979 153 153 153
-0.214462 0.800072 -0.549995 153 153 153
0.600455 -0.760062 0.646928 153 153 153
-0.219963 0.811618 -0.594176 153 153 153
0.592356 -0.751973 -0.662263 153 153 153
0.630999 -0.750114 -0.600419 153 153 153
-0.223762 0.80025 -0.650104 153 153 153
-0.24485 0.796686 -0.709563 153 153 153
-0.251911 0.773714 0.193433 153 153 153
0.659855 -0.747972 0.540051 153 153 153
0.630999 -0.750114 0.600419 153 153 153
-0.254537 0.799964 0.0999882 153 153 153
0.654949 -0.748058 -0.551533 153 153 153
-0.25619 0.799951 0.0499921 153 153 153
-0.256745 0.799946 0 153 153 153
-0.25619 0.799951 -0.0499921 153 153 153
0.704664 -0.758296 0.405066 153 153 153
0.691399 -0.749941 0.450132 153 153 153
0.675253 -0.749963 0.50028 153 153 153
-0.254537 0.799964 -0.099988 153 153 153
0.706935 -0.754689 -0.392959 153 153 153
0.714579 -0.749844 -0.350101 153 153 153
0.722534 -0.749776 -0.30009 153 153 153
0.728584 -0.74975 -0.250064 153 153 153
0.733051 -0.749752 -0.20004 153 153 153
0.736213 -0.749768 -0.150024 153 153 153
-0.230625 0.751457 -0.75665 153 153 153
0.738298 -0.749785 -0.100013 153 153 153
-0.296689 0.795691 -0.761613 153 153 153
-0.336654 0.816505 0.751952 153 153 153
0.742807 -0.755987 -0.0485464 153 153 153
0.739859 -0.749802 0 153 153 153
-0.350796 0.758505 0.815534 153 153 153
0.739478 -0.749798 0.0500055 153 153 153
0.75694 -0.79421 0.0591143 153 153 153
0.738298 -0.749785 0.100013 153 153 153
-0.352156 0.809805 -0.762434 153 153 153
0.736213 -0.749768 0.150024 153 153 153
-0.392082 0.752662 0.815936 153 153 153
0.733051 -0.749752 0.20004 153 153 153
0.728584 -0.74975 0.250064 153 153 153
0.722534 -0.749776 0.30009 153 153 153
0.714579 -0.749844 0.350101 153 153 153
-0.399779 0.813268 -0.75722 153 153 153
-0.456427 0.812671 -0.739802 153 153 153
-0.479334 0.80138 0.737797 153 153 153
-0.500406 0.800474 -0.72481 153 153 153
-0.547337 0.787069 0.695276 153 153 153
-0.579644 0.800442 0.650634 153 153 153
-0.55605 0.801498 -0.675999 153 153 153
-0.550893 0.773441 -0.700853 153 153 153
-0.604266 0.74241 0.648423 153 153 153
-0.614999 0.791239 0.609077 153 153 153
-0.644493 0.800281 -0.555073 153 153 153
-0.606657 0.799659 -0.616108 153 153 153
-0.647857 0.801065 0.548451 153 153 153
-0.671529 0.800158 0.500369 153 153 153
-0.691738 0.800056 0.450185 153 153 153
-0.691738 0.800056 -0.450185 153 153 153
-0.671529 0.800158 -0.500369 153 153 153
-0.706468 0.819609 0.400568 153 153 153
-0.654859 -0.706955 -0.544585 153 153 153
-0.721806 0.799983 0.350202 153 153 153
-0.666607 -0.699835 -0.50014 153 153 153
-0.678065 -0.69977 -0.450109 153 153 153
-0.686532 -0.699791 -0.400057 153 153 153
-0.694088 -0.703862 -0.357809 153 153 153
-0.696075 -0.699562 -0.300336 153 153 153
-0.696521 -0.697488 -0.250248 153 153 153
-0.698878 -0.699118 -0.200058 153 153 153
-0.699255 -0.699255 -0.150026 153 153 153
-0.69996 -0.700038 -0.0999955 153 153 153
-0.700305 -0.700514 -0.0499944 153 153 153
-0.700204 -0.700486 -1.82701e-06 153 153 153
-0.70115 -0.701304 0.0500084 153 153 153
-0.699992 -0.700069 0.0999921 153 153 153
-0.699373 -0.699373 0.150014 153 153 153
-0.699002 -0.699251 0.200042 153 153 153
-0.696881 -0.69791 0.25018 153 153 153
-0.696385 -0.69998 0.300247 153 153 153
-0.693257 -0.702426 0.357746 153 153 153
-0.689899 -0.710248 0.410102 153 153 153
-0.678065 -0.69977 0.450109 153 153 153
-0.666607 -0.699835 0.50014 153 153 153
-0.732746 0.799942 0.300152 153 153 153
-0.741439 0.799941 0.250075 153 153 153
-0.605439 -0.721496 -0.652582 153 153 153
-0.74908 0.805746 -0.199233 153 153 153
-0.63241 -0.699935 -0.600286 153 153 153
-0.63241 -0.699935 0.600286 153 153 153
-0.741439 0.799941 -0.250075 153 153 153
-0.732746 0.799942 -0.300151 153 153 153
-0.721806 0.799983 -0.350202 153 153 153
-0.578096 -0.700114 -0.700508 153 153 153
-0.578096 -0.700114 0.700508 153 153 153
-0.540737 -0.702915 0.748516 153 153 153
-0.749012 0.797875 0.189343 153 153 153
-0.539782 -0.710448 -0.746553 153 153 153
-0.755443 0.807822 0.138249 153 153 153
-0.489176 -0.7059 0.797662 153 153 153
-0.755341 0.794551 0.100225 153 153 153
-0.457358 -0.699016 -0.825172 153 153 153
-0.493334 -0.71695 -0.788191 153 153 153
-0.757824 0.796913 0.0515605 153 153 153
-0.446097 -0.740622 0.80467 153 153 153
-0.420002 -0.709541 0.839518 153 153 153
-0.757849 0.794373 0.00833771 153 153 153
-0.408937 -0.693434 -0.855312 153 153 153
-0.75738 0.794198 -0.0417843 153 153 153
-0.755783 0.794633 -0.0917417 153 153 153
-0.753104 0.795993 -0.140497 153 153 153
0.714579 0.749844 0.350101 153 153 153
0.722534 0.749776 0.30009 153 153 153
-0.34996 -0.697441 -0.868892 153 153 153
-0.360938 -0.70006 0.865241 153 153 153
0.728584 0.74975 0.250064 153 153 153
0.733051 0.749752 0.20004 153 153 153
-0.298387 -0.723024 -0.842554 153 153 153
0.736213 0.749768 0.150024 153 153 153
-0.294491 -0.706185 0.85771 153 153 153
0.738298 0.749785 0.100013 153 153 153
-0.247744 -0.693409 -0.848263 153 153 153
0.739478 0.749798 0.0500055 153 153 153
0.739478 0.749798 -0.0500055 153 153 153
-0.257269 -0.699871 -0.2499 153 153 153
-0.249267 -0.751454 -0.248601 153 153 153
-0.263674 -0.699769 -0.199868 153 153 153
-0.268807 -0.699703 -0.149879 153 153 153
-0.272558 -0.699666 -0.099913 153 153 153
-0.274844 -0.699651 -0.0499556 153 153 153
-0.275611 -0.699647 0 153 153 153
-0.274844 -0.699651 0.0499556 153 153 153
-0.272558 -0.699666 0.0999132 153 153 153
-0.268807 -0.699703 0.149879 153 153 153
-0.263674 -0.699769 0.199868 153 153 153
-0.257269 -0.699871 0.2499 153 153 153
0.738298 0.749785 -0.100013 153 153 153
0.736213 0.749768 -0.150024 153 153 153
-0.241875 -0.733343 0.796421 153 153 153
0.733051 0.749752 -0.20004 153 153 153
0.728584 0.74975 -0.250064 153 153 153
-0.211865 -0.69088 -0.812113 153 153 153
0.722534 0.749776 -0.30009 153 153 153
0.711985 0.755192 -0.370335 153 153 153
0.675253 0.749963 0.50028 153 153 153
0.691399 0.749941 0.450132 153 153 153
0.706805 0.754346 0.393237 153 153 153
0.691399 0.749941 -0.450132 153 153 153
0.675253 0.749963 -0.50028 153 153 153
-0.212669 -0.699985 -0.499894 153 153 153
-0.22246 -0.699951 -0.449856 153 153 153
-0.232127 -0.69993 -0.399868 153 153 153
-0.241306 -0.699942 -0.34992 153 153 153
0.660924 0.749115 -0.537433 153 153 153
-0.248055 -0.70602 0.304765 153 153 153
0.630999 0.750114 0.600419 153 153 153
-0.236974 -0.684277 0.38372 153 153 153
-0.22246 -0.699951 0.449856 153 153 153
-0.212669 -0.699985 0.499894 153 153 153
0.655265 0.746104 0.550956 153 153 153
0.626932 0.748571 -0.608308 153 153 153
0.593438 0.76112 0.65644 153 153 153
0.574814 0.740225 -0.691299 153 153 153
0.522291 0.761623 -0.736231 153 153 153
0.50169 0.752872 0.759398 153 153 153
0.446026 0.75527 0.793726 153 153 153
-0.213327 -0.693565 0.810845 153 153 153
-0.198892 -0.703119 -0.764194 153 153 153
-0.187729 -0.700022 -0.700002 153 153 153
-0.189265 -0.700007 -0.649997 153 153 153
-0.195077 -0.700002 -0.599997 153 153 153
-0.198849 -0.697487 0.574945 153 153 153
-0.189265 -0.700007 0.649997 153 153 153
-0.187729 -0.700022 0.700002 153 153 153
-0.193596 -0.699006 0.752634 153 153 153
0.200221 -0.71419 -0.747499 153 153 153
0.392148 0.749105 -0.818959 153 153 153
0.342327 0.708736 0.860338 153 153 153
0.205162 -0.748593 -0.690844 153 153 153
0.187729 -0.700022 -0.700002 153 153 153
0.199795 -0.745626 -0.63777 153 153 153
0.189265 -0.700007 -0.649997 153 153 153
0.205425 -0.754847 -0.562516 153 153 153
0.193732 -0.685459 -0.60158 153 153 153
0.348044 0.758929 -0.815083 153 153 153
0.195807 -0.698053 0.594055 153 153 153
0.199998 -0.743836 0.611576 153 153 153
0.291284 0.699988 0.862662 153 153 153
0.25477 0.749942 0.199963 153 153 153
0.189265 -0.700007 0.649997 153 153 153
0.202452 -0.742961 0.689811 153 153 153
0.187729 -0.700022 0.700002 153 153 153
0.259154 0.749889 0.14995 153 153 153
0.189811 -0.691698 0.751028 153 153 153
0.262352 0.749854 0.0999581 153 153 153
0.264298 0.749834 0.0499767 153 153 153
0.264951 0.749828 0 153 153 153
0.264298 0.749834 -0.0499767 153 153 153
0.203277 -0.700004 -0.549968 153 153 153
0.212669 -0.699985 -0.499894 153 153 153
0.22246 -0.699951 -0.449857 153 153 153
0.232127 -0.69993 -0.399868 153 153 153
0.241306 -0.699942 -0.34992 153 153 153
0.262352 0.749854 -0.0999579 153 153 153
0.249333 -0.751386 -0.248125 153 153 153
0.25477 0.749941 -0.199963 153 153 153
0.293577 0.765644 -0.795682 153 153 153
0.242936 -0.737143 0.310617 153 153 153
0.243727 0.727133 0.806098 153 153 153
0.226076 0.750448 0.750287 153 153 153
0.204459 0.745291 0.695673 153 153 153
0.22246 -0.699951 0.449857 153 153 153
0.212669 -0.699985 0.499894 153 153 153
0.203277 -0.700004 0.549968 153 153 153
0.200277 0.747375 0.637584 153 153 153
0.266233 -0.752973 0.79412 153 153 153
0.205686 0.757758 0.564115 153 153 153
0.21264 0.750013 0.499947 153 153 153
0.305723 -0.685345 -0.878755 153 153 153
0.256201 -0.71119 -0.834947 153 153 153
0.257269 -0.699871 -0.2499 153 153 153
0.263674 -0.699769 -0.199868 153 153 153
0.268807 -0.699703 -0.149879 153 153 153
0.272558 -0.699666 -0.099913 153 153 153
0.274844 -0.699651 -0.0499556 153 153 153
0.275611 -0.699647 0 153 153 153
0.274844 -0.699651 0.0499556 153 153 153
0.272558 -0.699666 0.0999132 153 153 153
0.268807 -0.699703 0.149879 153 153 153
0.263674 -0.699769 0.199868 153 153 153
0.257269 -0.699871 0.2499 153 153 153
0.220188 0.749992 0.449926 153 153 153
0.228055 0.749972 0.399923 153 153 153
0.3085 -0.732669 0.835695 153 153 153
0.235743 0.749962 0.349938 153 153 153
0.363119 -0.694149 -0.86936 153 153 153
0.242907 0.74997 0.299965 153 153 153
0.35557 -0.703941 0.863021 153 153 153
0.249401 0.749249 0.250038 153 153 153
0.418497 -0.71798 -0.834292 153 153 153
0.243473 0.760407 -0.286583 153 153 153
0.238682 0.727307 -0.345829 153 153 153
0.228055 0.749972 -0.399923 153 153 153
0.220188 0.749992 -0.449926 153 153 153
0.21264 0.750013 -0.499947 153 153 153
0.453964 -0.748452 0.794658 153 153 153
0.428197 -0.70529 0.838412 153 153 153
0.206149 0.750022 -0.549976 153 153 153
0.200001 0.743418 -0.609899 153 153 153
0.484136 -0.705629 -0.801884 153 153 153
0.201551 0.748113 -0.662945 153 153 153
0.207057 0.73999 -0.7199 153 153 153
0.246341 0.727305 -0.808412 153 153 153
0.541427 -0.700609 -0.748594 153 153 153
0.199523 0.711595 0.750132 153 153 153
0.537092 -0.703712 0.75235 153 153 153
0.578095 -0.700114 -0.700509 153 153 153
-0.226076 0.750448 0.750287 153 153 153
0.606041 -0.700097 0.654551 153 153 153
0.578095 -0.700114 0.700509 153 153 153
0.606778 -0.700067 -0.653202 153 153 153
0.63241 -0.699935 -0.600286 153 153 153
-0.209243 0.751404 0.70371 153 153 153
-0.200499 0.747143 0.650141 153 153 153
0.63241 -0.699935 0.600286 153 153 153
-0.201218 0.744422 0.593861 153 153 153
-0.206149 0.750022 0.549976 153 153 153
0.665654 -0.715447 -0.51675 153 153 153
0.678065 -0.69977 -0.450109 153 153 153
0.686532 -0.699791 -0.400057 153 153 153
-0.21264 0.750013 0.499947 153 153 153
-0.220188 0.749992 0.449926 153 153 153
0.694242 -0.7028 -0.350481 153 153 153
-0.228055 0.749972 0.399923 153 153 153
0.694759 -0.697789 -0.300362 153 153 153
-0.235743 0.749962 0.349938 153 153 153
0.697955 -0.699183 -0.250114 153 153 153
-0.242907 0.74997 0.299965 153 153 153
0.698375 -0.698576 -0.200071 153 153 153
-0.249366 0.748506 0.251189 153 153 153
0.69964 -0.699642 -0.150006 153 153 153
-0.249303 0.749996 -0.249996 153 153 153
0.700332 -0.700396 -0.0997364 153 153 153
-0.242907 0.74997 -0.299965 153 153 153
0.700159 -0.700378 -0.0499919 153 153 153
-0.235743 0.749962 -0.349937 153 153 153
0.700426 -0.70069 3.02261e-06 153 153 153
-0.228055 0.749972 -0.399923 153 153 153
0.700147 -0.700367 0.0499954 153 153 153
-0.220188 0.749992 -0.449926 153 153 153
0.699937 -0.700017 0.0999972 153 153 153
-0.21264 0.750013 -0.499947 153 153 153
0.699572 -0.699574 0.150012 153 153 153
-0.206149 0.750022 -0.549976 153 153 153
0.69816 -0.698345 0.2001 153 153 153
-0.20176 0.749807 -0.600554 153 153 153
0.697752 -0.698942 0.250154 153 153 153
-0.200765 0.748812 -0.642208 153 153 153
0.695363 -0.699183 0.307547 153 153 153
-0.201319 0.739042 -0.693726 153 153 153
0.690712 -0.697474 0.352747 153 153 153
0.686532 -0.699791 0.400057 153 153 153
-0.199523 0.711595 -0.750132 153 153 153
0.678065 -0.69977 0.450109 153 153 153
0.666607 -0.699835 0.50014 153 153 153
-0.23945 0.735424 0.791039 153 153 153
-0.259154 0.749889 0.14995 153 153 153
-0.262352 0.749854 0.0999581 153 153 153
-0.264298 0.749834 0.0499767 153 153 153
-0.264951 0.749828 0 153 153 153
-0.264298 0.749834 -0.0499767 153 153 153
-0.262352 0.749854 -0.0999579 153 153 153
-0.259154 0.749889 -0.14995 153 153 153
-0.251377 0.774663 -0.197966 153 153 153
-0.260462 0.741244 -0.803759 153 153 153
-0.650366 -0.662472 -0.0999831 153 153 153
-0.294408 0.751194 0.812083 153 153 153
-0.65038 -0.663934 0 153 153 153
-0.310263 0.709707 0.857821 153 153 153
-0.330019 0.761153 -0.811347 153 153 153
-0.365276 0.697829 0.866142 153 153 153
-0.354042 0.708115 -0.859861 153 153 153
-0.380213 0.764762 -0.8075 153 153 153
-0.410691 0.705917 -0.846106 153 153 153
-0.449164 0.759975 0.788478 153 153 153
-0.443477 0.746901 -0.801386 153 153 153
-0.514826 0.761797 0.742625 153 153 153
-0.507371 0.750205 -0.756531 153 153 153
-0.652976 -0.699212 0.545629 153 153 153
-0.606264 -0.65932 -0.647499 153 153 153
-0.549309 0.734333 -0.724905 153 153 153
-0.621088 -0.649817 -0.600154 153 153 153
-0.634204 -0.649802 -0.550085 153 153 153
-0.644426 -0.652217 -0.501049 153 153 153
-0.646047 -0.647427 -0.450618 153 153 153
-0.64944 -0.649451 -0.400052 153 153 153
-0.650611 -0.65155 -0.343838 153 153 153
-0.652213 -0.654698 -0.300099 153 153 153
-0.649189 -0.655032 -0.2499 153 153 153
-0.650981 -0.658886 -0.199847 153 153 153
-0.647055 -0.658657 -0.1499 153 153 153
-0.630999 0.750114 0.600419 153 153 153
-0.64331 -0.659425 -0.0483922 153 153 153
-0.630999 0.750114 -0.600419 153 153 153
-0.643726 -0.659615 0.0515484 153 153 153
-0.650201 -0.662365 0.100166 153 153 153
-0.646893 -0.658556 0.149907 153 153 153
-0.650807 -0.65877 0.199841 153 153 153
-0.648917 -0.65484 0.249899 153 153 153
-0.651022 -0.653815 0.298883 153 153 153
-0.650052 -0.651066 0.343869 153 153 153
-0.649642 -0.649657 0.400026 153 153 153
-0.646841 -0.648368 0.450376 153 153 153
-0.645177 -0.653333 0.500693 153 153 153
-0.634204 -0.649802 0.550085 153 153 153
-0.621088 -0.649817 0.600154 153 153 153
-0.592637 0.750597 -0.66248 153 153 153
-0.65883 0.763133 0.540574 153 153 153
-0.675253 0.749963 0.50028 153 153 153
-0.579488 -0.649934 -0.700345 153 153 153
-0.579488 -0.649934 0.700345 153 153 153
-0.554119 -0.64272 0.743015 153 153 153
-0.691399 0.749941 0.450132 153 153 153
-0.504018 -0.663897 -0.802508 153 153 153
-0.691399 0.749941 -0.450132 153 153 153
-0.548639 -0.658674 -0.750238 153 153 153
-0.675253 0.749963 -0.50028 153 153 153
-0.707114 0.763549 0.398285 153 153 153
-0.513407 -0.646517 0.797239 153 153 153
-0.714579 0.749844 0.350101 153 153 153
-0.460685 -0.658121 -0.843686 153 153 153
-0.692881 0.699486 0.343154 153 153 153
-0.722534 0.749776 0.30009 153 153 153
-0.694093 0.696822 0.299166 153 153 153
-0.728584 0.74975 0.250064 153 153 153
-0.459795 -0.66594 0.840815 153 153 153
-0.400403 -0.650466 -0.885448 153 153 153
-0.400403 -0.650466 0.885448 153 153 153
-0.697818 0.699019 0.250109 153 153 153
-0.733051 0.749752 0.20004 153 153 153
-0.697887 0.698066 0.201404 153 153 153
-0.342549 -0.649237 0.905486 153 153 153
-0.736213 0.749768 0.150024 153 153 153
-0.699176 0.699182 0.158168 153 153 153
-0.738298 0.749785 0.100013 153 153 153
-0.291538 -0.661184 -0.897038 153 153 153
-0.700023 0.700078 0.107139 153 153 153
-0.29227 -0.654849 0.902375 153 153 153
-0.739478 0.749798 0.0500055 153 153 153
-0.700147 0.700367 0.0499954 153 153 153
-0.739859 0.749802 0 153 153 153
-0.700426 0.70069 3.02261e-06 153 153 153
-0.258717 -0.649774 -0.299792 153 153 153
-0.249706 -0.707787 -0.292479 153 153 153
-0.267706 -0.649575 -0.249709 153 153 153
-0.275432 -0.649468 -0.199734 153 153 153
-0.281697 -0.649453 -0.149808 153 153 153
-0.286319 -0.649497 -0.0998873 153 153 153
-0.292871 -0.640487 -0.0395533 153 153 153
-0.287427 -0.655938 0.0362885 153 153 153
-0.739478 0.749798 -0.0500055 153 153 153
-0.286319 -0.649497 0.0998875 153 153 153
-0.281697 -0.649453 0.149808 153 153 153
-0.275432 -0.649468 0.199734 153 153 153
-0.267706 -0.649575 0.249709 153 153 153
-0.258717 -0.649774 0.299792 153 153 153
-0.700159 0.700378 -0.0499919 153 153 153
-0.738298 0.749785 -0.100013 153 153 153
-0.247249 -0.686899 0.854842 153 153 153
-0.699651 0.699721 -0.107123 153 153 153
-0.736213 0.749768 -0.150024 153 153 153
-0.698968 0.698968 -0.151158 153 153 153
-0.204749 -0.649562 -0.854086 153 153 153
-0.733051 0.749752 -0.20004 153 153 153
-0.698988 0.699236 -0.200008 153 153 153
-0.202693 -0.670564 -0.551928 153 153 153
-0.215009 -0.649946 -0.499793 153 153 153
-0.22666 -0.649895 -0.449752 153 153 153
-0.237981 -0.649893 -0.399821 153 153 153
-0.728584 0.74975 -0.250064 153 153 153
-0.696819 0.697796 -0.248888 153 153 153
-0.722534 0.749776 -0.30009 153 153 153
-0.22666 -0.649895 0.449752 153 153 153
-0.215009 -0.649946 0.499793 153 153 153
-0.695918 0.698795 -0.292844 153 153 153
-0.20328 -0.630045 0.552623 153 153 153
-0.714579 0.749844 -0.350101 153 153 153
-0.694974 0.703711 -0.348672 153 153 153
-0.708079 0.762118 -0.393498 153 153 153
-0.180943 -0.650167 -0.800086 153 153 153
-0.174354 -0.650087 -0.75001 153 153 153
-0.176192 -0.650044 -0.699976 153 153 153
-0.182936 -0.65002 -0.649962 153 153 153
-0.192446 -0.650004 -0.59997 153 153 153
-0.192446 -0.650004 0.59997 153 153 153
-0.182936 -0.65002 0.649962 153 153 153
-0.176192 -0.650044 0.699976 153 153 153
-0.174354 -0.650087 0.75001 153 153 153
-0.180943 -0.650167 0.800086 153 153 153
0.678065 0.69977 0.450109 153 153 153
0.211421 -0.699521 -0.799382 153 153 153
0.180943 -0.650167 -0.800086 153 153 153
0.174354 -0.650087 -0.75001 153 153 153
0.176192 -0.650044 -0.699976 153 153 153
0.182936 -0.65002 -0.649962 153 153 153
0.686532 0.699791 0.400057 153 153 153
0.693501 0.702578 0.356305 153 153 153
0.696385 0.69998 0.300247 153 153 153
0.192446 -0.650004 0.59997 153 153 153
0.182936 -0.65002 0.649962 153 153 153
0.176192 -0.650044 0.699976 153 153 153
0.174354 -0.650087 0.75001 153 153 153
0.220319 -0.702739 0.809183 153 153 153
0.180943 -0.650167 0.800086 153 153 153
0.696846 0.697905 0.25133 153 153 153
0.698988 0.699236 0.200008 153 153 153
0.698971 0.698971 0.151328 153 153 153
0.699669 0.699735 0.108143 153 153 153
0.203407 -0.649994 -0.54994 153 153 153
0.215009 -0.649946 -0.499793 153 153 153
0.22666 -0.649895 -0.449752 153 153 153
0.237981 -0.649893 -0.399821 153 153 153
0.700269 0.700462 0.0571333 153 153 153
0.249963 -0.708027 -0.290556 153 153 153
0.700204 0.700486 -1.82655e-06 153 153 153
0.700305 0.700514 -0.0499944 153 153 153
0.236253 -0.701292 0.376993 153 153 153
0.69996 0.700038 -0.0999955 153 153 153
0.699167 0.699171 -0.157147 153 153 153
0.22666 -0.649895 0.449752 153 153 153
0.215009 -0.649946 0.499793 153 153 153
0.203541 -0.649608 0.549388 153 153 153
0.697885 0.698063 -0.201234 153 153 153
0.255933 -0.698521 0.848398 153 153 153
0.697818 0.699019 -0.25011 153 153 153
0.694001 0.696711 -0.299323 153 153 153
0.310326 -0.639692 -0.915339 153 153 153
0.692366 0.698821 -0.344104 153 153 153
0.258717 -0.649774 -0.299792 153 153 153
0.267706 -0.649575 -0.249709 153 153 153
0.275432 -0.649468 -0.199734 153 153 153
0.281697 -0.649453 -0.149808 153 153 153
0.286319 -0.649497 -0.0998873 153 153 153
0.289156 -0.649551 -0.0499511 153 153 153
0.686532 0.699791 -0.400057 153 153 153
0.292188 -0.640507 0.0567211 153 153 153
0.286319 -0.649497 0.0998875 153 153 153
0.281697 -0.649453 0.149808 153 153 153
0.275432 -0.649468 0.199734 153 153 153
0.267706 -0.649575 0.249709 153 153 153
0.258717 -0.649774 0.299792 153 153 153
0.303826 -0.657891 0.901241 153 153 153
0.678065 0.69977 -0.450109 153 153 153
0.666607 0.699835 -0.50014 153 153 153
0.651724 0.707951 -0.553917 153 153 153
0.356436 -0.648258 -0.903097 153 153 153
0.63241 0.699935 0.600286 153 153 153
0.663495 0.705638 0.516897 153 153 153
0.650366 0.662472 0.0999833 153 153 153
0.400403 -0.650466 -0.885448 153 153 153
0.400403 -0.650466 0.885448 153 153 153
0.349841 -0.652709 0.9017 153 153 153
0.650381 0.663934 0 153 153 153
0.650366 0.662472 -0.0999831 153 153 153
0.63241 0.699935 -0.600286 153 153 153
0.459399 -0.655579 0.845802 153 153 153
0.455501 -0.653998 -0.849496 153 153 153
0.608275 0.697294 -0.650503 153 153 153
0.502916 -0.651161 -0.807641 153 153 153
0.486838 -0.704109 0.80053 153 153 153
0.520716 -0.65552 0.786642 153 153 153
0.578095 0.700114 0.700509 153 153 153
0.608943 0.700377 0.649176 153 153 153
0.578095 0.700114 -0.700509 153 153 153
0.549326 -0.637354 -0.750334 153 153 153
0.540421 0.696924 0.751125 153 153 153
0.554214 -0.657359 0.742383 153 153 153
0.538018 0.698453 -0.753345 153 153 153
0.579488 -0.649934 -0.700345 153 153 153
0.496911 0.65701 0.812004 153 153 153
0.490735 0.704488 0.797119 153 153 153
0.579488 -0.649934 0.700345 153 153 153
0.500884 0.676658 -0.800915 153 153 153
0.611407 -0.648562 -0.627856 153 153 153
0.634204 -0.649802 -0.550085 153 153 153
0.449609 0.652586 0.85453 153 153 153
0.450507 0.700481 0.828752 153 153 153
0.645177 -0.653333 -0.500693 153 153 153
0.468512 0.73874 -0.792799 153 153 153
0.647306 -0.64843 -0.443126 153 153 153
0.413791 0.697994 -0.850138 153 153 153
0.649117 -0.649134 -0.390861 153 153 153
0.402208 0.701968 0.852264 153 153 153
0.650349 -0.651204 -0.347268 153 153 153
0.357578 0.698463 -0.867039 153 153 153
0.649742 -0.652763 -0.299936 153 153 153
0.34708 0.640749 -0.910231 153 153 153
0.65128 -0.656467 -0.251038 153 153 153
0.257269 0.699871 0.2499 153 153 153
0.649628 -0.657619 -0.207018 153 153 153
0.263674 0.699769 0.199868 153 153 153
0.646922 -0.658574 -0.149907 153 153 153
0.650062 -0.662282 -0.100121 153 153 153
0.268807 0.699703 0.149879 153 153 153
0.643614 -0.65955 -0.0515464 153 153 153
0.272558 0.699666 0.0999132 153 153 153
0.274844 0.699651 0.0499556 153 153 153
0.650381 -0.663934 0 153 153 153
0.643283 -0.659409 0.0483927 153 153 153
0.275611 0.699647 0 153 153 153
0.274844 0.699651 -0.0499556 153 153 153
0.650367 -0.662473 0.0999833 153 153 153
0.272558 0.699666 -0.099913 153 153 153
0.646993 -0.658618 0.149905 153 153 153
0.268807 0.699703 -0.149879 153 153 153
0.65119 -0.659077 0.198811 153 153 153
0.263674 0.699769 -0.199868 153 153 153
0.649806 -0.655804 0.243735 153 153 153
0.257269 0.699871 -0.2499 153 153 153
0.650256 -0.653169 0.299828 153 153 153
0.249119 0.682951 -0.86024 153 153 153
0.650851 -0.651561 0.349852 153 153 153
0.294641 0.716119 -0.848216 153 153 153
0.64944 -0.649451 0.400052 153 153 153
0.252769 0.679993 0.865557 153 153 153
0.646047 -0.647427 0.450618 153 153 153
0.192226 0.666286 0.807883 153 153 153
0.644426 -0.652217 0.501049 153 153 153
0.634204 -0.649802 0.550085 153 153 153
0.651109 -0.698563 0.550802 153 153 153
0.621088 -0.649817 0.600154 153 153 153
0.197958 0.700851 0.581496 153 153 153
0.212669 0.699985 0.499894 153 153 153
0.22246 0.699951 0.449857 153 153 153
0.232127 0.69993 0.399868 153 153 153
0.241306 0.699942 0.349921 153 153 153
0.249699 0.700485 0.29974 153 153 153
0.232127 0.69993 -0.399868 153 153 153
-0.600388 -0.615094 -0.34993 153 153 153
-0.600403 -0.620523 -0.299925 153 153 153
-0.600383 -0.625487 -0.249933 153 153 153
-0.600346 -0.629764 -0.199946 153 153 153
-0.600305 -0.63321 -0.149962 153 153 153
-0.600631 -0.636854 -0.0731562 153 153 153
0.22246 0.699951 -0.449857 153 153 153
-0.598987 -0.637099 0.0224835 153 153 153
0.212669 0.699985 -0.499894 153 153 153
-0.600269 -0.635731 0.0999768 153 153 153
-0.600305 -0.63321 0.149962 153 153 153
-0.600346 -0.629764 0.199946 153 153 153
0.217486 0.689991 -0.82172 153 153 153
-0.600403 -0.620523 0.299925 153 153 153
-0.600388 -0.615094 0.34993 153 153 153
0.187729 0.700022 0.700002 153 153 153
0.189265 0.700007 0.649997 153 153 153
0.20029 0.691945 -0.565464 153 153 153
0.189265 0.700007 -0.649997 153 153 153
0.187729 0.700022 -0.700002 153 153 153
-0.607491 -0.662404 0.64598 153 153 153
0.20125 0.709387 -0.760107 153 153 153
-0.568084 -0.599851 -0.700159 153 153 153
-0.584397 -0.599831 -0.650084 153 153 153
-0.595947 -0.603763 -0.608517 153 153 153
-0.59876 -0.599129 -0.550261 153 153 153
-0.600166 -0.601236 -0.492811 153 153 153
-0.599748 -0.604871 -0.441669 153 153 153
-0.602731 -0.611554 -0.396235 153 153 153
-0.187729 0.700022 0.700002 153 153 153
-0.189265 0.700007 0.649997 153 153 153
-0.195077 0.700002 0.599997 153 153 153
-0.549647 -0.601344 -0.249863 153 153 153
-0.189265 0.700007 -0.649997 153 153 153
-0.550249 -0.611173 -0.149955 153 153 153
-0.550283 -0.61425 -0.0999648 153 153 153
-0.550298 -0.616107 -0.0499812 153 153 153
-0.550302 -0.616729 0 153 153 153
-0.550298 -0.616107 0.0499812 153 153 153
-0.550283 -0.61425 0.099965 153 153 153
-0.550248 -0.611173 0.149955 153 153 153
-0.187729 0.700022 -0.700002 153 153 153
-0.218289 0.700848 0.808732 153 153 153
-0.199685 0.70806 0.757548 153 153 153
-0.203265 0.694633 0.549508 153 153 153
-0.212669 0.699985 0.499894 153 153 153
-0.596988 -0.607355 0.399793 153 153 153
-0.599836 -0.603624 0.456068 153 153 153
-0.59984 -0.600641 0.498809 153 153 153
-0.598996 -0.599141 0.543117 153 153 153
-0.596487 -0.602565 0.600721 153 153 153
-0.22246 0.699951 0.449856 153 153 153
-0.574014 -0.606365 0.690914 153 153 153
-0.543225 -0.598809 0.753345 153 153 153
-0.511889 -0.621646 -0.803138 153 153 153
-0.232127 0.69993 0.399868 153 153 153
-0.548312 -0.594426 -0.74142 153 153 153
-0.241306 0.699942 0.349921 153 153 153
-0.551437 -0.607645 -0.197771 153 153 153
-0.249957 0.699428 0.299158 153 153 153
-0.249734 0.699997 -0.299997 153 153 153
-0.241306 0.699942 -0.34992 153 153 153
-0.232127 0.69993 -0.399867 153 153 153
-0.22246 0.699951 -0.449856 153 153 153
-0.212669 0.699985 -0.499894 153 153 153
-0.199046 0.697519 -0.573784 153 153 153
-0.546594 -0.605271 0.201465 153 153 153
-0.586112 -0.618847 0.243588 153 153 153
-0.211481 0.697124 -0.802871 153 153 153
-0.511289 -0.580237 0.802051 153 153 153
-0.247614 0.696907 0.844385 153 153 153
-0.257269 0.699871 0.2499 153 153 153
-0.459411 -0.608104 -0.862333 153 153 153
-0.459504 -0.607256 0.862463 153 153 153
-0.263674 0.699769 0.199868 153 153 153
-0.402943 -0.600106 -0.908309 153 153 153
-0.268807 0.699703 0.149879 153 153 153
-0.272558 0.699666 0.0999132 153 153 153
-0.394886 -0.610031 0.908777 153 153 153
-0.274844 0.699651 0.0499556 153 153 153
-0.275611 0.699647 0 153 153 153
-0.360473 -0.617769 -0.920314 153 153 153
-0.350357 -0.600572 0.933202 153 153 153
-0.308394 -0.597485 -0.944241 153 153 153
-0.298245 -0.604025 -0.16217 153 153 153
-0.274844 0.699651 -0.0499556 153 153 153
-0.272558 0.699666 -0.099913 153 153 153
-0.268807 0.699703 -0.149879 153 153 153
-0.307232 -0.605189 -0.090311 153 153 153
-0.262594 0.690429 -0.223811 153 153 153
-0.255935 0.689819 -0.857456 153 153 153
-0.304615 0.704839 -0.861287 153 153 153
-0.414651 0.711416 0.840593 153 153 153
-0.481146 0.702464 -0.805963 153 153 153
-0.307537 -0.610057 0.0442386 153 153 153
-0.476065 0.712917 0.803946 153 153 153
-0.305904 -0.605781 0.0993592 153 153 153
-0.500884 0.676658 0.800915 153 153 153
-0.540191 0.691993 -0.753126 153 153 153
-0.309626 -0.592796 0.137471 153 153 153
-0.533864 0.697417 0.758451 153 153 153
-0.239952 -0.648078 -0.889148 153 153 153
-0.25523 -0.59906 -0.938623 153 153 153
-0.573915 0.710701 0.703692 153 153 153
-0.258815 -0.599636 -0.34962 153 153 153
-0.248834 -0.652242 -0.347453 153 153 153
-0.271525 -0.5992 -0.299404 153 153 153
-0.291968 -0.587279 -0.236457 153 153 153
-0.578096 0.700114 -0.700509 153 153 153
-0.294093 -0.600886 0.194434 153 153 153
-0.63241 0.699935 0.600286 153 153 153
-0.271525 -0.5992 0.299404 153 153 153
-0.258815 -0.599636 0.34962 153 153 153
-0.63241 0.699935 -0.600286 153 153 153
-0.654901 0.713241 0.547297 153 153 153
-0.234297 -0.645732 0.887669 153 153 153
-0.666607 0.699835 0.50014 153 153 153
-0.641644 0.648103 0.501953 153 153 153
-0.678065 0.69977 0.450109 153 153 153
-0.646843 0.649062 0.458573 153 153 153
-0.686532 0.699791 0.400057 153 153 153
-0.203266 -0.61246 -0.554889 153 153 153
-0.218667 -0.599883 -0.499617 153 153 153
-0.232276 -0.599819 -0.449619 153 153 153
-0.649204 0.64927 0.40718 153 153 153
-0.244282 -0.604526 0.401898 153 153 153
-0.232276 -0.599819 0.449619 153 153 153
-0.218667 -0.599883 0.499617 153 153 153
-0.650303 0.651077 0.349888 153 153 153
-0.204231 -0.587429 0.554785 153 153 153
-0.204883 -0.648302 0.855785 153 153 153
-0.651746 0.654344 0.299749 153 153 153
-0.20577 -0.593982 0.915161 153 153 153
-0.200569 -0.595258 -0.908812 153 153 153
-0.170156 -0.600299 -0.850185 153 153 153
-0.161268 -0.600123 -0.800023 153 153 153
-0.162427 -0.600074 -0.749965 153 153 153
-0.169413 -0.600052 -0.699913 153 153 153
-0.179745 -0.600024 -0.649881 153 153 153
-0.191912 -0.6 -0.599918 153 153 153
-0.191912 -0.6 0.599918 153 153 153
-0.179745 -0.600024 0.649881 153 153 153
-0.169413 -0.600052 0.699913 153 153 153
-0.162427 -0.600074 0.749965 153 153 153
-0.161268 -0.600123 0.800023 153 153 153
-0.170156 -0.600298 0.850185 153 153 153
-0.649556 0.655297 0.249825 153 153 153
-0.651681 0.659361 0.199777 153 153 153
0.206153 -0.594423 -0.915085 153 153 153
-0.647287 0.658801 0.149888 153 153 153
0.207628 -0.655536 -0.850874 153 153 153
0.170156 -0.600299 -0.850185 153 153 153
0.161268 -0.600123 -0.800023 153 153 153
0.162427 -0.600074 -0.749965 153 153 153
0.169413 -0.600052 -0.699913 153 153 153
0.179745 -0.600024 -0.649881 153 153 153
0.190249 -0.610937 -0.606778 153 153 153
0.203684 -0.599974 -0.554989 153 153 153
-0.650366 0.662472 0.0999833 153 153 153
-0.65038 0.663934 0 153 153 153
0.179745 -0.600024 0.649881 153 153 153
0.169413 -0.600052 0.699913 153 153 153
0.162427 -0.600074 0.749965 153 153 153
0.161268 -0.600123 0.800023 153 153 153
0.209868 -0.656497 0.852703 153 153 153
0.170156 -0.600298 0.850185 153 153 153
-0.650366 0.662472 -0.0999831 153 153 153
0.20357 -0.607634 0.899343 153 153 153
-0.646975 0.658606 -0.149906 153 153 153
0.249663 -0.599584 -0.936429 153 153 153
0.247003 -0.654909 -0.88682 153 153 153
-0.651141 0.658995 -0.199824 153 153 153
0.218667 -0.599883 -0.499617 153 153 153
0.232276 -0.599819 -0.449619 153 153 153
-0.649286 0.655102 -0.249868 153 153 153
0.24897 -0.65232 -0.346728 153 153 153
-0.651475 0.654127 -0.299816 153 153 153
0.2499 -0.642934 0.349979 153 153 153
0.238825 -0.63138 0.40716 153 153 153
-0.650304 0.651077 -0.349918 153 153 153
-0.686532 0.699791 -0.400057 153 153 153
-0.649325 0.649326 -0.39755 153 153 153
0.20377 -0.599913 0.554675 153 153 153
0.248795 -0.649827 0.892608 153 153 153
-0.678065 0.69977 -0.450109 153 153 153
0.292509 -0.585929 -0.952631 153 153 153
0.258815 -0.599636 -0.34962 153 153 153
0.271525 -0.5992 -0.299404 153 153 153
0.283307 -0.599105 -0.249518 153 153 153
-0.647375 0.648576 -0.444142 153 153 153
-0.666607 0.699835 -0.50014 153 153 153
0.30736 -0.594837 -0.141864 153 153 153
-0.645177 0.653333 -0.500693 153 153 153
0.307222 -0.610119 -0.0496705 153 153 153
0.292938 -0.641958 1.39223e-05 153 153 153
-0.658365 0.724487 -0.541491 153 153 153
0.611377 0.6487 0.628053 153 153 153
0.634204 0.649802 0.550085 153 153 153
0.643826 0.652517 0.506292 153 153 153
0.647926 0.649684 0.450251 153 153 153
0.287899 -0.585031 0.256931 153 153 153
0.271525 -0.5992 0.299404 153 153 153
0.258815 -0.599636 0.34962 153 153 153
0.649222 0.649253 0.403762 153 153 153
0.350357 -0.600572 -0.933202 153 153 153
0.650872 0.651318 0.358982 153 153 153
0.307325 -0.603842 -0.0977787 153 153 153
0.651122 0.653506 0.307032 153 153 153
0.649286 0.655102 0.249868 153 153 153
0.651141 0.658995 0.199824 153 153 153
0.303739 -0.606657 0.113529 153 153 153
0.646975 0.658606 0.149906 153 153 153
0.350357 -0.600572 0.933202 153 153 153
0.401602 -0.601329 -0.908638 153 153 153
0.643592 0.659549 0.0508542 153 153 153
0.643292 0.65939 -0.0499533 153 153 153
0.40347 -0.603144 0.906753 153 153 153
0.647287 0.658801 -0.149888 153 153 153
0.651681 0.659361 -0.199777 153 153 153
0.649556 0.655297 -0.249825 153 153 153
0.651746 0.654344 -0.299749 153 153 153
0.45529 -0.600712 -0.867966 153 153 153
0.650303 0.651077 -0.349888 153 153 153
0.509129 -0.59974 0.807528 153 153 153
0.455528 -0.598685 0.86822 153 153 153
0.509701 -0.602932 -0.806821 153 153 153
0.649024 0.64903 -0.400113 153 153 153
0.536259 -0.572649 -0.752945 153 153 153
0.647482 0.64915 -0.450396 153 153 153
0.64102 0.646884 -0.500499 153 153 153
0.634204 0.649802 -0.550085 153 153 153
0.621088 0.649817 -0.600154 153 153 153
0.545643 -0.605612 -0.193845 153 153 153
0.492736 -0.586028 -0.187707 153 153 153
0.550249 -0.611173 -0.149955 153 153 153
0.501705 -0.595019 -0.120737 153 153 153
0.550283 -0.61425 -0.0999648 153 153 153
0.502195 -0.598198 -0.0624695 153 153 153
0.550298 -0.616107 -0.0499812 153 153 153
0.501102 -0.598813 -0.0208156 153 153 153
0.550302 -0.616729 0 153 153 153
0.502197 -0.598906 0.0374854 153 153 153
0.550298 -0.616107 0.0499812 153 153 153
0.503581 -0.597437 0.0910233 153 153 153
0.550283 -0.61425 0.099965 153 153 153
0.50749 -0.595542 0.141478 153 153 153
0.550248 -0.611173 0.149955 153 153 153
0.602539 0.657055 -0.655064 153 153 153
0.546333 -0.605315 0.199903 153 153 153
0.579488 0.649934 0.700345 153 153 153
0.600388 0.615094 0.34993 153 153 153
0.549497 -0.601394 0.248885 153 153 153
0.600403 0.620523 0.299925 153 153 153
0.548472 -0.607086 0.746613 153 153 153
0.600383 0.625487 0.249933 153 153 153
0.568084 -0.599851 -0.700159 153 153 153
0.584397 -0.599831 -0.650084 153 153 153
0.600346 0.629764 0.199946 153 153 153
0.600305 0.63321 0.149962 153 153 153
0.596487 -0.602565 -0.600721 153 153 153
0.606587 0.639015 0.0929048 153 153 153
0.598996 -0.599141 -0.543117 153 153 153
0.600246 0.637265 0.0499891 153 153 153
0.599779 -0.60071 -0.496373 153 153 153
0.609342 0.642059 6.74348e-06 153 153 153
0.599392 -0.603847 -0.4498 153 153 153
0.600246 0.637265 -0.0499891 153 153 153
0.597313 -0.608379 -0.392591 153 153 153
0.609863 0.640341 -0.0999281 153 153 153
0.600388 -0.615094 -0.34993 153 153 153
0.548855 -0.593737 -0.306175 153 153 153
0.600403 -0.620523 -0.299925 153 153 153
0.586135 -0.618837 -0.243793 153 153 153
0.600346 -0.629764 -0.199946 153 153 153
0.600305 -0.63321 -0.149962 153 153 153
0.600269 -0.635731 -0.0999766 153 153 153
0.600305 0.63321 -0.149962 153 153 153
0.59896 -0.637057 -0.0253773 153 153 153
0.600346 0.629764 -0.199946 153 153 153
0.599293 -0.636279 0.0715733 153 153 153
0.600305 -0.63321 0.149962 153 153 153
0.600346 -0.629764 0.199946 153 153 153
0.600383 -0.625487 0.249933 153 153 153
0.54671 -0.594378 0.29443 153 153 153
0.600403 -0.620523 0.299925 153 153 153
0.600383 0.625487 -0.249933 153 153 153
0.600388 -0.615094 0.34993 153 153 153
0.600403 0.620523 -0.299925 153 153 153
0.601434 -0.609679 0.405749 153 153 153
0.600388 0.615094 -0.34993 153 153 153
0.602249 -0.60603 0.449656 153 153 153
0.579488 0.649934 -0.700345 153 153 153
0.600166 -0.601236 0.492811 153 153 153
0.547187 0.629773 0.753278 153 153 153
0.59876 -0.599129 0.550261 153 153 153
0.550248 0.611173 0.149955 153 153 153
0.595032 -0.602243 0.60809 153 153 153
0.584397 -0.599831 0.650085 153 153 153
0.600809 -0.648704 0.65511 153 153 153
0.568084 -0.599851 0.700158 153 153 153
0.550283 0.61425 0.099965 153 153 153
0.550298 0.616107 0.0499812 153 153 153
0.550302 0.616729 0 153 153 153
0.550298 0.616107 -0.0499812 153 153 153
0.550283 0.61425 -0.0999648 153 153 153
-0.550406 -0.571897 -0.449884 153 153 153
-0.550352 -0.580147 -0.399892 153 153 153
-0.556368 -0.592876 -0.337305 153 153 153
-0.541774 -0.593149 -0.287259 153 153 153
-0.54923 -0.594021 0.305371 153 153 153
-0.55185 -0.584769 0.375929 153 153 153
0.56051 0.614445 -0.162824 153 153 153
-0.550406 -0.571897 0.449884 153 153 153
0.555463 0.604979 -0.240338 153 153 153
0.556173 0.659226 -0.739338 153 153 153
0.520214 0.641397 -0.790145 153 153 153
0.471083 0.655275 -0.836435 153 153 153
0.399664 0.601931 0.909558 153 153 153
0.400403 0.650466 0.885448 153 153 153
0.400403 0.650466 -0.885448 153 153 153
-0.528043 -0.549846 -0.750117 153 153 153
-0.538978 -0.544859 -0.699986 153 153 153
-0.548562 -0.54917 -0.650415 153 153 153
-0.549546 -0.551093 -0.593393 153 153 153
-0.54928 -0.556588 -0.542568 153 153 153
-0.551215 -0.564733 -0.496771 153 153 153
0.345762 0.646344 0.906823 153 153 153
0.275575 0.646324 0.906029 153 153 153
0.258717 0.649774 0.299792 153 153 153
-0.500322 -0.565218 -0.349864 153 153 153
-0.500353 -0.573807 -0.29986 153 153 153
-0.500312 -0.581226 -0.249889 153 153 153
-0.500238 -0.587394 -0.199928 153 153 153
-0.505843 -0.595268 -0.13743 153 153 153
-0.501714 -0.597369 -0.0791023 153 153 153
-0.502197 -0.598906 -0.0374854 153 153 153
-0.501102 -0.598813 0.0208156 153 153 153
-0.502195 -0.598198 0.0624696 153 153 153
-0.501705 -0.595019 0.120737 153 153 153
-0.492878 -0.585962 0.188793 153 153 153
0.267706 0.649575 0.249709 153 153 153
-0.500312 -0.581226 0.249889 153 153 153
-0.500353 -0.573807 0.29986 153 153 153
-0.500322 -0.565218 0.349864 153 153 153
0.275432 0.649469 0.199734 153 153 153
-0.495787 -0.54162 0.456399 153 153 153
0.281697 0.649453 0.149808 153 153 153
-0.544944 -0.561307 0.493571 153 153 153
-0.548256 -0.55487 0.549749 153 153 153
-0.549901 -0.551153 0.596632 153 153 153
-0.54931 -0.549624 0.643895 153 153 153
0.286319 0.649497 0.0998875 153 153 153
-0.538385 -0.556753 0.730166 153 153 153
0.305904 0.605781 0.0993592 153 153 153
0.289155 0.649551 0.0499511 153 153 153
-0.441201 -0.550649 -0.889284 153 153 153
-0.473904 -0.549928 -0.850428 153 153 153
-0.495822 -0.555545 -0.390149 153 153 153
0.307597 0.610095 0.0424711 153 153 153
0.292938 0.641958 -1.39195e-05 153 153 153
-0.444828 -0.553152 -0.298215 153 153 153
-0.450286 -0.563358 -0.249862 153 153 153
-0.450328 -0.570531 -0.199862 153 153 153
-0.450317 -0.576171 -0.149892 153 153 153
-0.45029 -0.580234 -0.0999306 153 153 153
-0.450266 -0.582686 -0.049967 153 153 153
-0.450257 -0.583507 0 153 153 153
-0.450266 -0.582686 0.049967 153 153 153
-0.45029 -0.580234 0.0999308 153 153 153
-0.450317 -0.576171 0.149892 153 153 153
-0.450328 -0.570531 0.199862 153 153 153
-0.450286 -0.563358 0.249862 153 153 153
0.292252 0.640325 -0.0568507 153 153 153
-0.44643 -0.541752 0.357332 153 153 153
0.286319 0.649497 -0.0998873 153 153 153
-0.511057 -0.560315 0.401558 153 153 153
-0.473904 -0.549928 0.850429 153 153 153
-0.441819 -0.552765 0.888517 153 153 153
-0.400851 -0.55025 -0.925558 153 153 153
0.303876 0.606417 -0.11358 153 153 153
0.281697 0.649453 -0.149808 153 153 153
0.275432 0.649469 -0.199734 153 153 153
-0.400137 -0.55766 -0.199886 153 153 153
0.267706 0.649575 -0.249709 153 153 153
-0.400178 -0.564485 -0.149863 153 153 153
-0.400173 -0.569416 -0.0998935 153 153 153
-0.40016 -0.5724 -0.0499444 153 153 153
-0.400154 -0.573399 0 153 153 153
-0.40016 -0.5724 0.0499444 153 153 153
-0.400173 -0.569416 0.0998937 153 153 153
-0.400178 -0.564485 0.149863 153 153 153
-0.400137 -0.55766 0.199886 153 153 153
-0.396236 -0.546439 0.258899 153 153 153
0.258717 0.649774 -0.299792 153 153 153
-0.460397 -0.558036 0.301934 153 153 153
0.29386 0.657212 -0.900683 153 153 153
-0.400851 -0.55025 0.925558 153 153 153
0.248378 0.641206 -0.900349 153 153 153
0.210079 0.614417 0.898963 153 153 153
0.202735 0.650687 0.552847 153 153 153
0.215009 0.649946 0.499793 153 153 153
-0.34404 -0.552125 -0.21759 153 153 153
-0.349712 -0.564276 -0.1498 153 153 153
-0.349514 -0.57277 -0.0825773 153 153 153
0.22666 0.649895 0.449752 153 153 153
-0.32872 -0.587427 -0.00723337 153 153 153
-0.349539 -0.575138 0.0499211 153 153 153
-0.349588 -0.57103 0.0998441 153 153 153
-0.349712 -0.564276 0.149801 153 153 153
-0.358877 -0.551102 0.214905 153 153 153
0.237981 0.649893 0.399821 153 153 153
0.248871 0.651027 0.348263 153 153 153
0.240464 0.659618 -0.382246 153 153 153
0.22666 0.649895 -0.449752 153 153 153
-0.300226 -0.550706 -0.972646 153 153 153
0.215009 0.649946 -0.499793 153 153 153
0.205799 0.646623 -0.859024 153 153 153
-0.355986 -0.535119 -0.282475 153 153 153
0.19992 0.644559 0.853095 153 153 153
0.176211 0.655887 0.751552 153 153 153
0.176192 0.650044 0.699976 153 153 153
-0.338021 -0.542185 0.260358 153 153 153
-0.287401 -0.586697 0.255655 153 153 153
0.182936 0.65002 0.649962 153 153 153
-0.297618 -0.59566 0.946149 153 153 153
-0.337399 -0.547621 0.963383 153 153 153
-0.249752 -0.550859 -0.972423 153 153 153
0.192446 0.650004 0.59997 153 153 153
0.203025 0.649682 -0.55165 153 153 153
-0.256244 -0.547473 -0.404768 153 153 153
-0.246252 -0.606386 -0.393041 153 153 153
-0.29162 -0.526412 -0.353103 153 153 153
0.192446 0.650004 -0.59997 153 153 153
-0.295315 -0.555894 0.290913 153 153 153
0.182936 0.65002 -0.649962 153 153 153
0.176192 0.650044 -0.699976 153 153 153
0.174354 0.650088 -0.75001 153 153 153
-0.259501 -0.549697 0.39376 153 153 153
-0.248612 -0.602497 0.933714 153 153 153
-0.249752 -0.550859 0.972423 153 153 153
0.180943 0.650167 -0.800086 153 153 153
-0.180943 0.650167 0.800086 153 153 153
-0.174354 0.650088 0.75001 153 153 153
-0.204905 -0.558833 -0.556748 153 153 153
-0.223563 -0.549751 -0.499308 153 153 153
-0.24005 -0.549731 -0.44954 153 153 153
-0.24005 -0.549731 0.44954 153 153 153
-0.223563 -0.549751 0.499308 153 153 153
-0.176192 0.650044 0.699976 153 153 153
-0.209546 -0.522447 0.54862 153 153 153
-0.182936 0.65002 0.649962 153 153 153
-0.201309 -0.556089 0.946309 153 153 153
-0.207855 -0.55999 -0.947789 153 153 153
-0.161998 -0.550371 -0.900286 153 153 153
-0.192446 0.650004 0.59997 153 153 153
-0.192446 0.650004 -0.59997 153 153 153
-0.182936 0.65002 -0.649962 153 153 153
-0.146265 -0.544061 -0.809166 153 153 153
-0.154514 -0.550038 -0.74995 153 153 153
-0.16503 -0.550058 -0.699821 153 153 153
-0.177946 -0.55003 -0.649744 153 153 153
-0.192241 -0.549995 -0.599843 153 153 153
-0.192241 -0.549995 0.599843 153 153 153
-0.177946 -0.55003 0.649744 153 153 153
-0.16503 -0.550058 0.699822 153 153 153
-0.154514 -0.550038 0.74995 153 153 153
-0.176192 0.650044 -0.699976 153 153 153
-0.177292 0.660563 -0.743626 153 153 153
-0.180943 0.650167 -0.800086 153 153 153
-0.145595 -0.542059 0.841494 153 153 153
-0.159689 -0.546215 0.900288 153 153 153
-0.20578 0.604686 0.904603 153 153 153
-0.147785 -0.546414 -0.851349 153 153 153
-0.218329 0.645067 0.875081 153 153 153
-0.14697 -0.538411 0.788197 153 153 153
-0.199701 0.650234 0.84563 153 153 153
0.149042 -0.550373 -0.850339 153 153 153
-0.215009 0.649946 0.499793 153 153 153
-0.22666 0.649895 0.449752 153 153 153
-0.237981 0.649893 0.399821 153 153 153
-0.248948 0.6496 0.349056 153 153 153
-0.248692 0.649981 -0.349976 153 153 153
0.149727 -0.542093 0.772304 153 153 153
-0.237981 0.649893 -0.399821 153 153 153
-0.22666 0.649895 -0.449752 153 153 153
-0.215009 0.649946 -0.499793 153 153 153
-0.20328 0.630045 -0.552623 153 153 153
-0.20522 0.651895 -0.85193 153 153 153
-0.259998 0.660254 0.888361 153 153 153
0.201384 -0.55119 -0.95063 153 153 153
-0.258717 0.649774 0.299792 153 153 153
0.161998 -0.550371 -0.900286 153 153 153
0.154514 -0.550038 -0.74995 153 153 153
0.16503 -0.550058 -0.699821 153 153 153
0.177946 -0.55003 -0.649744 153 153 153
0.194607 -0.541015 -0.592395 153 153 153
-0.267706 0.649575 0.249709 153 153 153
-0.275432 0.649469 0.199734 153 153 153
0.190162 -0.587488 0.606646 153 153 153
0.177946 -0.55003 0.649744 153 153 153
0.16503 -0.550058 0.699822 153 153 153
-0.281697 0.649453 0.149808 153 153 153
0.161998 -0.550371 0.900286 153 153 153
-0.286319 0.649497 0.0998875 153 153 153
0.205465 -0.564512 0.942124 153 153 153
-0.286319 0.649497 -0.0998873 153 153 153
0.249752 -0.550859 -0.972423 153 153 153
-0.281697 0.649453 -0.149808 153 153 153
0.207525 -0.54994 -0.549663 153 153 153
0.223563 -0.549751 -0.499308 153 153 153
0.242206 -0.548543 -0.443908 153 153 153
0.246833 -0.606617 -0.390618 153 153 153
-0.275432 0.649469 -0.199734 153 153 153
-0.268214 0.63336 -0.2695 153 153 153
-0.267589 0.585949 -0.33083 153 153 153
-0.242911 0.647522 -0.891488 153 153 153
0.22434 -0.586362 0.483743 153 153 153
0.207525 -0.54994 0.549663 153 153 153
0.257778 -0.599086 0.939322 153 153 153
0.249752 -0.550859 0.972423 153 153 153
0.300226 -0.550706 -0.972646 153 153 153
-0.318565 0.647053 0.909733 153 153 153
0.257571 -0.549428 -0.399371 153 153 153
-0.292868 0.640373 0.0409793 153 153 153
0.303491 -0.560029 -0.261601 153 153 153
-0.288131 0.653833 -0.0363087 153 153 153
-0.307684 0.609835 -0.0440981 153 153 153
0.300616 -0.589858 -0.193378 153 153 153
0.293704 -0.601748 0.19419 153 153 153
-0.310176 0.592236 -0.136799 153 153 153
0.299407 -0.549039 0.295656 153 153 153
-0.289332 0.645968 -0.909104 153 153 153
-0.343317 0.658068 -0.899234 153 153 153
0.256317 -0.546492 0.405416 153 153 153
0.307894 -0.589022 0.949562 153 153 153
0.300225 -0.550706 0.972646 153 153 153
-0.398521 0.64712 0.888214 153 153 153
0.348549 -0.55044 -0.95742 153 153 153
-0.403365 0.603029 0.906865 153 153 153
-0.400402 0.650466 -0.885448 153 153 153
0.358215 -0.551294 -0.214104 153 153 153
0.349712 -0.564276 -0.1498 153 153 153
0.349588 -0.57103 -0.0998439 153 153 153
0.349539 -0.575138 -0.0499211 153 153 153
0.336003 -0.581799 0.0350047 153 153 153
-0.458067 0.650796 0.848891 153 153 153
0.349588 -0.57103 0.0998441 153 153 153
0.349712 -0.564276 0.149801 153 153 153
0.345298 -0.551713 0.218367 153 153 153
-0.456185 0.660517 -0.846049 153 153 153
-0.513866 0.633277 0.799222 153 153 153
-0.553009 0.650262 -0.744629 153 153 153
0.35938 -0.543796 0.954462 153 153 153
-0.507098 0.644523 -0.804855 153 153 153
0.400851 -0.55025 -0.925558 153 153 153
0.400137 -0.55766 -0.199886 153 153 153
-0.549501 0.650153 0.749826 153 153 153
0.400178 -0.564485 -0.149863 153 153 153
0.400173 -0.569417 -0.0998935 153 153 153
0.40016 -0.5724 -0.0499444 153 153 153
0.400154 -0.573399 0 153 153 153
0.40016 -0.5724 0.0499444 153 153 153
0.400173 -0.569417 0.0998937 153 153 153
0.400178 -0.564485 0.149863 153 153 153
0.400137 -0.55766 0.199886 153 153 153
-0.579488 0.649934 0.700345 153 153 153
0.400851 -0.55025 0.925558 153 153 153
-0.550248 0.611173 0.149955 153 153 153
-0.550283 0.61425 0.099965 153 153 153
0.441802 -0.550086 -0.888685 153 153 153
-0.550298 0.616107 0.0499812 153 153 153
-0.550302 0.616729 0 153 153 153
0.457058 -0.557799 -0.296514 153 153 153
-0.550298 0.616107 -0.0499812 153 153 153
0.450286 -0.563358 -0.249862 153 153 153
0.450328 -0.570531 -0.199862 153 153 153
0.450317 -0.576171 -0.149892 153 153 153
0.45029 -0.580234 -0.0999306 153 153 153
0.450266 -0.582686 -0.049967 153 153 153
0.450257 -0.583507 0 153 153 153
0.450266 -0.582686 0.049967 153 153 153
0.45029 -0.580234 0.0999308 153 153 153
0.450317 -0.576171 0.149892 153 153 153
0.450328 -0.570531 0.199862 153 153 153
0.400277 -0.548294 0.254072 153 153 153
0.450286 -0.563358 0.249862 153 153 153
-0.550283 0.61425 -0.0999648 153 153 153
0.44626 -0.553981 0.296447 153 153 153
-0.550249 0.611173 -0.149955 153 153 153
0.441048 -0.551362 0.889402 153 153 153
-0.545131 0.604112 -0.207024 153 153 153
0.473904 -0.549928 -0.850428 153 153 153
-0.556508 0.604338 -0.250085 153 153 153
-0.579488 0.649934 -0.700345 153 153 153
-0.606481 0.662443 0.648302 153 153 153
0.508348 -0.559937 -0.396945 153 153 153
-0.621088 0.649817 0.600154 153 153 153
0.500322 -0.565218 -0.349864 153 153 153
0.500353 -0.573807 -0.29986 153 153 153
0.500312 -0.581226 -0.249889 153 153 153
-0.592711 0.597704 0.603225 153 153 153
-0.634204 0.649802 0.550085 153 153 153
-0.598473 0.599181 0.557434 153 153 153
-0.600206 0.600917 0.499829 153 153 153
-0.6018 0.605697 0.449529 153 153 153
-0.597879 0.607957 0.399644 153 153 153
-0.600388 0.615094 0.34993 153 153 153
-0.600403 0.620523 0.299925 153 153 153
0.500238 -0.587394 0.199928 153 153 153
0.500312 -0.581226 0.249889 153 153 153
0.500353 -0.573807 0.29986 153 153 153
0.449437 -0.544783 0.348577 153 153 153
0.500322 -0.565218 0.349864 153 153 153
-0.600383 0.625487 0.249933 153 153 153
0.497181 -0.554809 0.396882 153 153 153
-0.600346 0.629764 0.199946 153 153 153
-0.600305 0.63321 0.149962 153 153 153
0.473904 -0.549928 0.850428 153 153 153
0.510752 -0.546251 -0.787651 153 153 153
-0.609863 0.640341 0.0999282 153 153 153
-0.643283 0.659371 0.0508458 153 153 153
0.546696 -0.558747 -0.705753 153 153 153
-0.600246 0.637265 0.0499891 153 153 153
0.54931 -0.549624 -0.643895 153 153 153
-0.60934 0.642058 0.000104772 153 153 153
0.54976 -0.551044 -0.59646 153 153 153
-0.643603 0.659569 -0.049948 153 153 153
0.548256 -0.55487 -0.549749 153 153 153
0.544755 -0.561367 -0.492523 153 153 153
-0.600246 0.637265 -0.0499891 153 153 153
-0.606588 0.63902 -0.0927754 153 153 153
0.550406 -0.571897 -0.449884 153 153 153
0.55139 -0.584825 -0.374093 153 153 153
-0.600305 0.63321 -0.149962 153 153 153
-0.600346 0.629764 -0.199946 153 153 153
-0.600383 0.625487 -0.249933 153 153 153
0.555335 -0.591707 0.341836 153 153 153
0.550352 -0.580147 0.399892 153 153 153
0.499523 -0.545444 0.447261 153 153 153
0.550406 -0.571897 0.449884 153 153 153
0.545396 -0.56241 0.488666 153 153 153
-0.600403 0.620523 -0.299925 153 153 153
-0.597511 0.608508 -0.392577 153 153 153
0.548948 -0.556387 0.542297 153 153 153
-0.599392 0.603847 -0.4498 153 153 153
0.550193 -0.551194 0.599739 153 153 153
-0.600967 0.601316 -0.507096 153 153 153
0.547412 -0.547901 0.650444 153 153 153
-0.634204 0.649802 -0.550085 153 153 153
0.543805 -0.552046 0.70039 153 153 153
0.528043 -0.549846 0.750117 153 153 153
-0.599015 0.599524 -0.55272 153 153 153
-0.509366 -0.560636 -0.798837 153 153 153
-0.621088 0.649817 -0.600154 153 153 153
-0.596487 0.602565 -0.600721 153 153 153
-0.606412 0.663071 -0.648701 153 153 153
0.568084 0.599852 0.700159 153 153 153
-0.500415 -0.523561 -0.549852 153 153 153
-0.500315 -0.534415 -0.499873 153 153 153
-0.496304 -0.543687 -0.448065 153 153 153
0.584397 0.599831 0.650085 153 153 153
-0.500315 -0.534415 0.499873 153 153 153
-0.500415 -0.523561 0.549852 153 153 153
0.595552 0.602586 0.606406 153 153 153
0.599199 0.599605 0.550143 153 153 153
0.599865 0.60046 0.503272 153 153 153
0.599919 0.603613 0.456931 153 153 153
-0.492186 -0.507385 0.788335 153 153 153
-0.459622 -0.508937 -0.858719 153 153 153
0.597037 0.607388 0.399788 153 153 153
-0.483889 -0.499893 -0.800065 153 153 153
-0.494308 -0.497059 -0.749639 153 153 153
-0.499847 -0.499944 -0.699934 153 153 153
-0.500522 -0.505078 -0.64902 153 153 153
-0.495114 -0.510271 -0.597299 153 153 153
0.602885 0.611428 -0.398441 153 153 153
0.599737 0.604784 -0.442499 153 153 153
0.600206 0.600918 -0.499829 153 153 153
-0.450406 -0.521649 -0.449776 153 153 153
-0.450332 -0.533747 -0.399815 153 153 153
-0.448967 -0.544777 -0.347751 153 153 153
0.598473 0.599181 -0.557434 153 153 153
-0.450332 -0.533747 0.399815 153 153 153
-0.450406 -0.521649 0.449776 153 153 153
0.592043 0.596752 -0.603132 153 153 153
-0.446675 -0.491571 0.556073 153 153 153
0.584397 0.599831 -0.650084 153 153 153
-0.495426 -0.511249 0.593505 153 153 153
-0.498649 -0.503511 0.64974 153 153 153
-0.500898 -0.500898 0.705991 153 153 153
0.568084 0.599852 -0.700159 153 153 153
0.544021 0.587482 0.746325 153 153 153
-0.460062 -0.497689 0.851368 153 153 153
0.550406 0.571897 0.449884 153 153 153
0.550352 0.580147 0.399892 153 153 153
-0.428155 -0.499899 -0.90045 153 153 153
-0.443791 -0.50874 -0.48756 153 153 153
0.551081 0.588211 0.351233 153 153 153
-0.400352 -0.514028 -0.399734 153 153 153
0.554032 0.595715 0.309288 153 153 153
-0.400375 -0.527142 -0.349702 153 153 153
-0.400224 -0.538836 -0.299815 153 153 153
-0.398897 -0.548388 -0.251944 153 153 153
0.560375 0.604386 0.264599 153 153 153
-0.400224 -0.538836 0.299815 153 153 153
-0.400375 -0.527142 0.349702 153 153 153
-0.400352 -0.514027 0.399734 153 153 153
-0.391978 -0.496173 0.450296 153 153 153
0.544805 0.603214 0.214459 153 153 153
-0.460426 -0.51328 0.501466 153 153 153
-0.428154 -0.499899 0.90045 153 153 153
-0.389185 -0.500893 0.942142 153 153 153
-0.352385 -0.543061 -0.958376 153 153 153
-0.392363 -0.49978 -0.93927 153 153 153
0.556178 0.590941 -0.349861 153 153 153
-0.350164 -0.514991 -0.349581 153 153 153
0.550352 0.580147 -0.399892 153 153 153
0.550407 0.571897 -0.449884 153 153 153
0.550377 0.563699 -0.499908 153 153 153
0.550377 0.605493 -0.742466 153 153 153
-0.350035 -0.530162 0.299577 153 153 153
-0.350164 -0.514991 0.349582 153 153 153
-0.349157 -0.490211 0.422341 153 153 153
0.512964 0.601071 -0.802295 153 153 153
0.51216 0.596129 0.803108 153 153 153
-0.350813 -0.500267 0.971691 153 153 153
0.500322 0.565218 0.349864 153 153 153
0.500353 0.573807 0.29986 153 153 153
0.500312 0.581226 0.249889 153 153 153
-0.306784 -0.544885 -0.290625 153 153 153
0.500238 0.587394 0.199928 153 153 153
-0.293815 -0.53243 0.338752 153 153 153
0.505856 0.594278 0.149921 153 153 153
0.501713 0.596316 0.0999219 153 153 153
0.502195 0.598596 0.0499794 153 153 153
0.501064 0.598923 2.64987e-06 153 153 153
-0.310433 -0.507305 -0.989885 153 153 153
0.502171 0.598588 -0.0499777 153 153 153
0.50163 0.596287 -0.0999293 153 153 153
0.505779 0.594249 -0.149935 153 153 153
0.500238 0.587394 -0.199928 153 153 153
-0.297346 -0.501198 0.392254 255 216 0
0.500312 0.581226 -0.249889 153 153 153
0.528218 0.585863 -0.296991 153 153 153
-0.260534 -0.49896 0.440652 153 153 153
0.500322 0.565218 -0.349864 153 153 153
0.463985 0.596309 -0.860554 153 153 153
0.456381 0.60872 0.864936 153 153 153
-0.246611 -0.489737 -1.00933 153 153 153
-0.193407 -0.50362 -0.983835 153 153 153
-0.194579 -0.49998 -0.594748 153 153 153
-0.211066 -0.499807 -0.549198 153 153 153
-0.233635 -0.481011 -0.503965 153 153 153
-0.231457 -0.499365 0.498793 153 153 153
0.450286 0.563358 0.249862 153 153 153
0.450328 0.570531 0.199862 153 153 153
0.450317 0.576171 0.149892 153 153 153
0.45029 0.580234 0.0999308 153 153 153
0.450266 0.582686 0.049967 153 153 153
0.450257 0.583506 0 153 153 153
0.450266 0.582686 -0.049967 153 153 153
0.45029 0.580234 -0.0999306 153 153 153
-0.139604 -0.49172 -0.7867 153 153 153
-0.160851 -0.495479 -0.700709 153 153 153
-0.176462 -0.500051 -0.649524 153 153 153
0.450317 0.576171 -0.149892 153 153 153
-0.194831 -0.499808 0.594032 153 153 153
-0.176462 -0.500051 0.649524 153 153 153
-0.161464 -0.500075 0.699713 153 153 153
0.450328 0.570531 -0.199862 153 153 153
0.450286 0.563358 -0.249862 153 153 153
0.403365 0.603029 -0.906865 153 153 153
0.400137 0.55766 0.199886 153 153 153
0.400178 0.564485 0.149863 153 153 153
-0.141428 -0.510454 -0.895637 153 153 153
-0.134034 -0.500015 -0.849999 153 153 153
0.400173 0.569417 0.0998937 153 153 153
0.40016 0.5724 0.0499444 153 153 153
-0.148349 -0.496202 0.748613 153 153 153
-0.138643 -0.500008 0.799992 153 153 153
-0.134034 -0.500015 0.849999 153 153 153
-0.138197 -0.50005 0.900026 153 153 153
0.400154 0.573399 0 153 153 153
0.141144 -0.507497 -0.899762 153 153 153
0.40016 0.5724 -0.0499444 153 153 153
0.134034 -0.500015 -0.849999 153 153 153
0.140158 -0.514668 -0.808495 153 153 153
0.400173 0.569417 -0.0998935 153 153 153
0.145772 -0.498613 -0.761116 153 153 153
0.400178 0.564485 -0.149863 153 153 153
0.400137 0.55766 -0.199886 153 153 153
0.350357 0.600572 0.933202 153 153 153
0.310769 0.591627 0.136155 153 153 153
0.138643 -0.500008 0.799992 153 153 153
0.138212 -0.515684 0.841109 153 153 153
0.349712 0.564276 0.149801 153 153 153
0.137707 -0.501791 0.893949 153 153 153
0.349588 0.57103 0.0998442 153 153 153
0.200736 -0.505348 -0.986967 153 153 153
0.349539 0.575138 0.0499211 153 153 153
0.161464 -0.500075 -0.699713 153 153 153
0.176462 -0.500051 -0.649524 153 153 153
0.195061 -0.487327 -0.594162 153 153 153
0.330196 0.586356 -0.00175968 153 153 153
0.194387 -0.512462 0.594626 153 153 153
0.339598 0.578926 -0.0528645 153 153 153
0.176462 -0.500051 0.649524 153 153 153
0.161464 -0.500075 0.699713 153 153 153
0.158161 -0.500429 0.950416 153 153 153
0.349588 0.57103 -0.0998439 153 153 153
0.349712 0.564276 -0.1498 153 153 153
0.246662 -0.488232 -1.01014 153 153 153
0.350123 0.553726 -0.205915 153 153 153
0.211066 -0.499807 -0.549198 153 153 153
0.23245 -0.500849 -0.495751 153 153 153
0.300239 0.596693 0.945362 153 153 153
0.258815 0.599636 0.34962 153 153 153
0.271525 0.5992 0.299404 153 153 153
0.292332 0.585121 0.239708 153 153 153
0.231457 -0.499365 0.498793 153 153 153
0.211066 -0.499807 0.549198 153 153 153
0.242462 -0.488552 1.0098 153 153 153
0.298656 0.594988 0.187718 153 153 153
0.294421 0.600256 -0.194412 153 153 153
0.286952 0.588053 -0.254826 153 153 153
0.305653 -0.494434 -0.996394 153 153 153
0.255636 -0.499104 -0.449055 153 153 153
0.271525 0.5992 -0.299404 153 153 153
0.295595 -0.540385 -0.320662 153 153 153
0.258815 0.599636 -0.34962 153 153 153
0.338258 0.595995 -0.93942 153 153 153
0.240699 0.596574 0.935403 153 153 153
0.291901 -0.522118 0.360211 255 216 0
0.292854 -0.498615 0.400436 255 216 0
0.203684 0.599974 0.554989 153 153 153
0.256069 -0.502842 0.444796 153 153 153
0.218667 0.599883 0.499617 153 153 153
0.232276 0.599819 0.449619 153 153 153
0.246838 0.606456 0.39071 153 153 153
0.350165 -0.514991 -0.349581 153 153 153
0.244709 0.605292 -0.399754 153 153 153
0.350035 -0.530162 -0.299577 153 153 153
0.341195 -0.54089 -0.263184 153 153 153
0.232276 0.599819 -0.449619 153 153 153
0.354589 -0.534079 0.286131 153 153 153
0.350165 -0.514991 0.349582 153 153 153
0.218667 0.599883 -0.499617 153 153 153
0.350813 -0.500267 0.971691 153 153 153
0.359013 -0.507783 -0.96474 153 153 153
0.416493 -0.493296 -0.913399 153 153 153
0.253603 0.597681 -0.939213 153 153 153
0.200541 0.550538 0.950547 153 153 153
0.400352 -0.514028 -0.399734 153 153 153
0.400375 -0.527142 -0.349702 153 153 153
0.400224 -0.538836 -0.299815 153 153 153
0.394439 -0.54585 -0.259871 153 153 153
0.170156 0.600299 0.850185 153 153 153
0.400224 -0.538836 0.299815 153 153 153
0.400375 -0.527142 0.349702 153 153 153
0.3495 -0.497863 0.400726 153 153 153
0.400352 -0.514028 0.399735 153 153 153
0.161268 0.600123 0.800023 153 153 153
0.393271 -0.500516 0.938407 153 153 153
0.162427 0.600074 0.749965 153 153 153
0.169413 0.600052 0.699913 153 153 153
0.179745 0.600025 0.649881 153 153 153
0.191912 0.6 0.599918 153 153 153
0.20377 0.599913 -0.554675 153 153 153
0.456868 -0.512511 -0.497535 153 153 153
0.190164 0.588867 -0.606648 153 153 153
0.450406 -0.521649 -0.449776 153 153 153
0.450332 -0.533747 -0.399815 153 153 153
0.445543 -0.541719 -0.355911 153 153 153
0.179745 0.600025 -0.649881 153 153 153
0.450332 -0.533747 0.399815 153 153 153
0.399618 -0.500145 0.447505 153 153 153
0.450406 -0.521649 0.449776 153 153 153
0.169413 0.600052 -0.699913 153 153 153
0.443791 -0.50874 0.48756 153 153 153
0.162427 0.600074 -0.749965 153 153 153
0.459622 -0.508937 0.858719 153 153 153
0.428155 -0.499899 0.90045 153 153 153
0.460531 -0.497415 -0.850308 153 153 153
0.483889 -0.499893 -0.800065 153 153 153
0.161087 0.589929 -0.831601 153 153 153
0.200799 0.595554 -0.908753 153 153 153
0.498609 -0.502919 -0.751542 153 153 153
0.147335 0.546648 0.84583 153 153 153
0.500851 -0.500912 -0.700063 153 153 153
0.149888 0.557742 0.799994 153 153 153
0.498649 -0.503511 -0.64974 153 153 153
-0.170156 0.600299 0.850185 153 153 153
0.494418 -0.510799 -0.592502 153 153 153
-0.161268 0.600123 0.800023 153 153 153
0.500415 -0.523561 -0.549852 153 153 153
0.500315 -0.534415 -0.499873 153 153 153
0.494864 -0.541463 -0.455028 153 153 153
-0.162427 0.600074 0.749965 153 153 153
0.500315 -0.534415 0.499873 153 153 153
0.448998 -0.495291 0.547042 153 153 153
0.500415 -0.523561 0.549852 153 153 153
-0.169413 0.600052 0.699913 153 153 153
0.495125 -0.510284 0.597274 153 153 153
-0.179745 0.600025 0.649881 153 153 153
0.501274 -0.505825 0.647889 153 153 153
-0.191912 0.6 0.599918 153 153 153
0.499528 -0.499904 0.692896 153 153 153
-0.191912 0.6 -0.599918 153 153 153
0.496658 -0.500325 0.751245 153 153 153
0.483889 -0.499893 0.800065 153 153 153
0.499832 -0.547132 0.809331 153 153 153
-0.179745 0.600025 -0.649881 153 153 153
-0.169413 0.600052 -0.699913 153 153 153
-0.162427 0.600074 -0.749965 153 153 153
-0.161268 0.600123 -0.800023 153 153 153
-0.170156 0.600299 -0.850185 153 153 153
-0.450438 -0.469142 -0.649842 153 153 153
-0.450377 -0.481849 -0.599833 153 153 153
-0.448996 -0.495289 -0.547046 153 153 153
-0.198619 0.603531 -0.898141 153 153 153
-0.450377 -0.481849 0.599833 153 153 153
-0.450438 -0.469142 0.649842 153 153 153
-0.199348 0.551998 0.948338 153 153 153
-0.203266 0.61246 0.554889 153 153 153
-0.218667 0.599883 0.499617 153 153 153
-0.232276 0.599819 0.449619 153 153 153
-0.410574 -0.458332 -0.90959 153 153 153
-0.246832 0.598913 0.396007 153 153 153
-0.435957 -0.448211 -0.848067 153 153 153
-0.445359 -0.446788 -0.800632 153 153 153
-0.450147 -0.451041 -0.749684 153 153 153
-0.448088 -0.458015 -0.692069 153 153 153
-0.232276 0.599819 -0.449619 153 153 153
-0.218667 0.599883 -0.499617 153 153 153
-0.397638 -0.452192 -0.597247 153 153 153
-0.400472 -0.46899 -0.549709 153 153 153
-0.400386 -0.484675 -0.499744 153 153 153
-0.393263 -0.500235 -0.438502 153 153 153
-0.204231 0.587429 -0.554785 153 153 153
-0.400386 -0.484675 0.499744 153 153 153
-0.400472 -0.46899 0.549709 153 153 153
-0.253603 0.597681 0.939213 153 153 153
-0.258815 0.599636 0.34962 153 153 153
-0.271525 0.5992 0.299404 153 153 153
-0.446641 -0.456861 0.692509 153 153 153
-0.449879 -0.450786 0.749842 153 153 153
-0.44843 -0.451614 0.807797 153 153 153
-0.436399 -0.449937 0.850035 153 153 153
-0.409316 -0.452382 0.908195 153 153 153
-0.29287 0.584854 0.238199 153 153 153
-0.366594 -0.458885 -0.962452 153 153 153
-0.243942 0.609892 -0.399703 153 153 153
-0.238302 0.594847 -0.935777 153 153 153
-0.298866 0.59263 0.19347 153 153 153
-0.350411 -0.462444 -0.499628 153 153 153
-0.3048 0.605368 0.111207 153 153 153
-0.350414 -0.480855 -0.449535 153 153 153
-0.349825 -0.49891 -0.397901 153 153 153
-0.315985 0.597954 0.049844 153 153 153
-0.306927 0.604351 -0.0983753 153 153 153
-0.350411 -0.462444 0.499628 153 153 153
-0.35517 -0.4461 0.549388 153 153 153
-0.295283 0.599508 -0.191992 153 153 153
-0.408509 -0.459918 0.592198 153 153 153
-0.358491 -0.449259 0.969378 153 153 153
-0.287824 0.58779 -0.251893 153 153 153
-0.302964 -0.449974 -1.01014 153 153 153
-0.292965 0.588701 -0.950826 153 153 153
-0.344804 0.59555 0.937711 153 153 153
-0.349712 0.564276 0.149801 153 153 153
-0.281635 -0.47459 -0.447934 255 216 0
-0.349588 0.57103 0.0998441 153 153 153
-0.306522 -0.49058 -0.408744 153 153 153
-0.349539 0.575138 0.0499211 153 153 153
-0.299965 -0.470798 0.44914 153 153 153
-0.330277 0.586297 -0.00192921 153 153 153
-0.349539 0.575138 -0.0499211 153 153 153
-0.29325 -0.450158 1.01492 153 153 153
-0.299085 -0.509985 0.992487 153 153 153
-0.349588 0.57103 -0.099844 153 153 153
-0.250226 -0.450671 -1.02783 153 153 153
-0.349712 0.564276 -0.1498 153 153 153
-0.349911 0.555024 -0.19988 153 153 153
-0.350357 0.600572 -0.933202 153 153 153
-0.400137 0.55766 0.199886 153 153 153
-0.400178 0.564485 0.149863 153 153 153
-0.265362 -0.450398 0.491618 255 216 0
-0.247327 -0.482435 1.01319 153 153 153
-0.400173 0.569416 0.0998937 153 153 153
-0.40016 0.5724 0.0499444 153 153 153
-0.197924 -0.442002 -0.591606 153 153 153
-0.218928 -0.448895 -0.547708 153 153 153
-0.218928 -0.448895 0.547708 153 153 153
-0.400154 0.573399 0 153 153 153
-0.192123 -0.506557 0.980681 153 153 153
-0.199508 -0.450873 1.02336 153 153 153
-0.40016 0.5724 -0.0499444 153 153 153
-0.158534 -0.444529 -1.0018 153 153 153
-0.161333 -0.506139 -0.949452 153 153 153
-0.400173 0.569417 -0.0998935 153 153 153
-0.400178 0.564485 -0.149863 153 153 153
-0.174773 -0.45009 -0.649139 153 153 153
-0.400137 0.55766 -0.199886 153 153 153
-0.195121 -0.443369 0.59769 153 153 153
-0.174773 -0.45009 0.649139 153 153 153
-0.392928 0.612541 -0.908684 153 153 153
-0.154544 -0.437628 0.706 153 153 153
-0.160006 -0.506682 0.94686 153 153 153
-0.462746 0.598875 0.86128 153 153 153
-0.450135 0.554697 0.299929 153 153 153
-0.130689 -0.450267 -0.950203 153 153 153
-0.121067 -0.450146 -0.90003 153 153 153
-0.450286 0.563358 0.249862 153 153 153
-0.121616 -0.431367 -0.831202 153 153 153
-0.142821 -0.450037 -0.749914 153 153 153
-0.142821 -0.450037 0.749914 153 153 153
-0.130715 -0.450077 0.799896 153 153 153
-0.12259 -0.450097 0.849951 153 153 153
-0.121067 -0.450146 0.90003 153 153 153
-0.130689 -0.450267 0.950203 153 153 153
-0.450328 0.570531 0.199862 153 153 153
0.161477 -0.506596 -0.949202 153 153 153
0.130689 -0.450267 -0.950203 153 153 153
0.121067 -0.450146 -0.90003 153 153 153
0.12259 -0.450097 -0.849951 153 153 153
0.130715 -0.450077 -0.799896 153 153 153
0.142821 -0.450037 -0.749914 153 153 153
0.155559 -0.450069 -0.706341 153 153 153
-0.450317 0.576171 0.149892 153 153 153
0.14839 -0.462497 0.734642 153 153 153
0.130715 -0.450077 0.799896 153 153 153
0.12259 -0.450097 0.849951 153 153 153
0.121067 -0.450146 0.90003 153 153 153
-0.45029 0.580234 0.0999308 153 153 153
0.126788 -0.445779 0.944146 153 153 153
-0.450266 0.582686 0.049967 153 153 153
0.199508 -0.450873 -1.02336 153 153 153
-0.450257 0.583506 0 153 153 153
-0.450266 0.582686 -0.049967 153 153 153
-0.45029 0.580234 -0.0999306 153 153 153
0.174773 -0.45009 -0.649139 153 153 153
-0.450317 0.576171 -0.149892 153 153 153
-0.450328 0.570531 -0.199862 153 153 153
0.196731 -0.459063 0.5922 153 153 153
-0.450286 0.563358 -0.249862 153 153 153
0.174773 -0.45009 0.649139 153 153 153
-0.454149 0.55547 -0.30351 153 153 153
-0.460161 0.608562 -0.861523 153 153 153
0.20067 -0.504139 0.987828 153 153 153
0.199508 -0.450873 1.02336 153 153 153
0.250226 -0.450671 -1.02783 153 153 153
0.218928 -0.448895 -0.547708 153 153 153
-0.500322 0.565218 0.349864 153 153 153
0.25284 -0.461204 -0.489518 255 0 0
-0.500353 0.573807 0.29986 153 153 153
-0.500312 0.581226 0.249889 153 153 153
0.218928 -0.448895 0.547708 153 153 153
0.250226 -0.450671 1.02783 153 153 153
-0.555694 0.607596 0.216698 153 153 153
-0.500238 0.587394 0.199928 153 153 153
0.300991 -0.439574 -0.511176 153 153 153
0.299965 -0.470798 -0.44914 153 153 153
-0.505779 0.594249 0.149935 153 153 153
0.296008 -0.502258 -0.391321 255 216 0
-0.50163 0.596287 0.0999294 153 153 153
0.299965 -0.470798 0.44914 153 153 153
-0.502171 0.598588 0.0499777 153 153 153
0.259763 -0.453405 0.491525 255 216 0
0.302974 -0.502001 0.994532 153 153 153
0.305073 -0.450471 1.00891 153 153 153
0.296812 -0.459599 -1.01089 153 153 153
0.360774 -0.452969 -0.967532 153 153 153
-0.501064 0.598923 -2.6238e-06 153 153 153
-0.502195 0.598596 -0.0499794 153 153 153
0.345292 -0.46188 -0.495582 153 153 153
0.386 -0.491802 -0.456573 153 153 153
0.342267 -0.493117 -0.409531 153 153 153
-0.501713 0.596316 -0.0999218 153 153 153
0.350414 -0.480855 0.449536 153 153 153
-0.505856 0.594278 -0.149921 153 153 153
0.350411 -0.462444 0.499628 153 153 153
-0.500238 0.587394 -0.199928 153 153 153
-0.500312 0.581226 -0.249889 153 153 153
-0.500353 0.573807 -0.29986 153 153 153
-0.500322 0.565218 -0.349864 153 153 153
-0.501665 0.556216 -0.400112 153 153 153
-0.54378 0.60649 -0.754888 153 153 153
-0.510382 0.581228 -0.803656 153 153 153
0.41106 -0.459052 -0.599658 153 153 153
-0.54621 0.593534 0.745214 153 153 153
0.400472 -0.46899 -0.549709 153 153 153
0.400386 -0.484675 -0.499744 153 153 153
-0.568084 0.599852 0.700159 153 153 153
-0.543767 0.551969 0.700331 153 153 153
0.400386 -0.484675 0.499744 153 153 153
0.327457 -0.437182 0.538576 153 153 153
0.400472 -0.46899 0.549709 153 153 153
-0.584397 0.599831 0.650085 153 153 153
-0.547441 0.548 0.65156 153 153 153
0.397545 -0.452224 0.596985 153 153 153
0.410574 -0.458332 0.90959 153 153 153
0.36574 -0.457709 0.963177 153 153 153
0.409316 -0.452382 -0.908195 153 153 153
0.436399 -0.449936 -0.850035 153 153 153
-0.551145 0.551639 0.606886 153 153 153
-0.549158 0.55556 0.549514 153 153 153
0.449059 -0.45106 -0.800502 153 153 153
-0.550378 0.5637 0.499908 153 153 153
0.45004 -0.450907 -0.750163 153 153 153
-0.550406 0.571897 0.449884 153 153 153
0.446509 -0.45532 -0.699658 153 153 153
0.40237 -0.438599 -0.649232 153 153 153
0.450438 -0.469142 -0.649842 153 153 153
0.450377 -0.481849 -0.599833 153 153 153
0.445216 -0.490972 -0.555366 153 153 153
-0.550352 0.580147 0.399892 153 153 153
0.450377 -0.481849 0.599833 153 153 153
0.399543 -0.43748 0.647164 153 153 153
0.450438 -0.469142 0.649842 153 153 153
-0.556213 0.58988 0.35709 153 153 153
0.44796 -0.458086 0.691259 153 153 153
-0.540883 0.590792 0.301364 153 153 153
0.449876 -0.45079 0.749763 153 153 153
-0.553153 0.596393 -0.301317 153 153 153
0.445114 -0.44668 0.801943 153 153 153
0.435934 -0.448201 0.848119 153 153 153
-0.594325 0.612436 -0.341718 153 153 153
-0.550243 0.588 -0.349924 153 153 153
-0.550352 0.580147 -0.399892 153 153 153
-0.550407 0.571897 -0.449884 153 153 153
-0.548256 0.55487 -0.549749 153 153 153
-0.550927 0.551432 -0.607066 153 153 153
-0.400484 -0.422498 -0.699806 153 153 153
-0.399587 -0.437452 -0.647339 153 153 153
-0.403322 -0.441304 0.642329 153 153 153
-0.400484 -0.422498 0.699806 153 153 153
-0.584397 0.599831 -0.650084 153 153 153
-0.549364 0.55033 -0.653787 153 153 153
-0.568084 0.599852 -0.700159 153 153 153
-0.387386 -0.410361 0.911803 153 153 153
-0.356015 -0.403955 -0.959225 153 153 153
0.514739 0.545895 0.778708 153 153 153
-0.385431 -0.398195 -0.898417 153 153 153
-0.395353 -0.396584 -0.850442 153 153 153
-0.400166 -0.40147 -0.799614 153 153 153
-0.397541 -0.409456 -0.742024 153 153 153
0.543984 0.552617 0.701261 153 153 153
0.548497 0.549274 0.652919 153 153 153
-0.346215 -0.404462 -0.647487 153 153 153
-0.350603 -0.424922 -0.599596 153 153 153
-0.352057 -0.443957 -0.55099 153 153 153
0.550244 0.55072 0.608887 153 153 153
-0.350603 -0.424922 0.599596 153 153 153
0.549086 0.554554 0.556878 153 153 153
0.543938 0.559644 0.499759 153 153 153
0.498043 0.545731 0.442513 153 153 153
-0.394256 -0.405375 0.748855 153 153 153
-0.399575 -0.400693 0.802143 153 153 153
-0.399368 -0.40112 0.850482 153 153 153
0.549158 0.55556 -0.549513 153 153 153
0.550871 0.551794 -0.599702 153 153 153
0.548562 0.54917 -0.650415 153 153 153
-0.321225 -0.398542 -0.997809 153 153 153
0.540064 0.546153 -0.69908 153 153 153
0.528043 0.549847 -0.750117 153 153 153
0.503518 0.555902 -0.806971 153 153 153
-0.300606 -0.420863 -0.549259 153 153 153
0.473904 0.549928 0.850429 153 153 153
-0.292804 -0.441339 -0.503946 153 153 153
0.500415 0.523561 0.549852 153 153 153
-0.31393 -0.43342 0.533881 153 153 153
-0.309737 -0.398991 0.606961 153 153 153
0.500315 0.534415 0.499873 153 153 153
-0.353933 -0.408466 0.649622 153 153 153
-0.319918 -0.403319 0.999934 153 153 153
0.500881 0.556192 0.398425 153 153 153
-0.250254 -0.400168 -1.04456 153 153 153
0.453247 0.546016 0.349698 153 153 153
-0.241451 -0.411448 -0.549148 255 216 0
-0.256256 -0.406348 0.552771 255 216 0
0.505335 0.559628 -0.391355 153 153 153
-0.250254 -0.400168 1.04456 153 153 153
0.514094 0.543517 -0.492507 153 153 153
-0.193518 -0.433231 -1.03194 153 153 153
-0.193557 -0.359786 -1.06784 153 153 153
0.500415 0.523561 -0.549852 153 153 153
0.473904 0.549928 -0.850429 153 153 153
0.441492 0.548787 0.889069 153 153 153
0.450406 0.521649 0.449776 153 153 153
-0.188607 -0.401397 1.04833 153 153 153
0.450332 0.533747 0.399815 153 153 153
-0.132764 -0.408219 -1.0004 153 153 153
0.451813 0.554993 0.301553 153 153 153
0.45438 0.557502 -0.292831 153 153 153
-0.155366 -0.408303 -0.695283 153 153 153
-0.173124 -0.400077 -0.648324 153 153 153
0.440625 0.541189 -0.349747 153 153 153
0.450332 0.533747 -0.399815 153 153 153
-0.173124 -0.400077 0.648324 153 153 153
0.466299 0.531398 -0.439553 153 153 153
0.43865 0.55117 -0.891877 153 153 153
-0.163483 -0.455696 0.997655 153 153 153
0.400851 0.55025 0.925558 153 153 153
0.400352 0.514028 0.399734 153 153 153
0.400375 0.527142 0.349702 153 153 153
-0.110586 -0.400272 -0.950137 153 153 153
0.408777 0.545757 0.27795 153 153 153
0.386091 0.545783 -0.252017 153 153 153
-0.123007 -0.400196 -0.799708 153 153 153
-0.13665 -0.400146 -0.74968 153 153 153
-0.13665 -0.400146 0.74968 153 153 153
-0.123007 -0.400196 0.799708 153 153 153
-0.112647 -0.400164 0.849864 153 153 153
-0.107398 -0.400139 0.899982 153 153 153
0.400224 0.538836 -0.299815 153 153 153
-0.134113 -0.398079 1.01157 153 153 153
0.400375 0.527142 -0.349702 153 153 153
0.161152 -0.463805 -0.988532 153 153 153
0.142807 -0.412118 -1.01097 153 153 153
0.110586 -0.400272 -0.950138 153 153 153
0.107398 -0.400139 -0.899981 153 153 153
0.112647 -0.400164 -0.849864 153 153 153
0.123007 -0.400196 -0.799708 153 153 153
0.13665 -0.400146 -0.74968 153 153 153
0.400352 0.514028 -0.399734 153 153 153
0.400851 0.55025 -0.925558 153 153 153
0.13665 -0.400146 0.74968 153 153 153
0.123007 -0.400196 0.799708 153 153 153
0.112647 -0.400164 0.849864 153 153 153
0.107398 -0.400139 0.899982 153 153 153
0.110586 -0.400272 0.950138 153 153 153
0.160057 -0.447297 1.00109 153 153 153
0.342777 0.544917 0.962216 153 153 153
0.133416 -0.405019 1.00437 153 153 153
0.350165 0.514991 0.349582 153 153 153
0.356418 0.534588 0.284565 153 153 153
0.344824 0.552882 0.213667 153 153 153
0.334103 0.542931 -0.260613 153 153 153
0.162959 -0.401915 -0.673256 153 153 153
0.350035 0.530162 -0.299577 153 153 153
0.350165 0.514991 -0.349581 153 153 153
0.196029 -0.384991 0.607789 153 153 153
0.300225 0.550706 0.972646 153 153 153
0.257571 0.549428 0.399371 153 153 153
0.281292 0.544535 0.343938 153 153 153
0.302643 0.545245 0.297365 153 153 153
0.295315 0.555895 -0.290913 153 153 153
0.186425 -0.404894 1.04583 153 153 153
0.197401 -0.382481 -1.05884 153 153 153
0.250254 -0.400168 -1.04456 153 153 153
0.296503 0.524414 -0.349558 255 216 0
0.280772 -0.411038 -0.553927 153 153 153
0.248289 -0.409961 0.548582 255 216 0
0.257571 0.549428 -0.399371 153 153 153
0.250253 -0.400168 1.04456 153 153 153
0.300226 0.550706 -0.972646 153 153 153
0.249752 0.550859 0.972423 153 153 153
0.207525 0.54994 0.549663 153 153 153
0.223563 0.549751 0.499308 153 153 153
0.259479 0.485246 0.456505 153 153 153
0.242538 0.548452 0.442997 153 153 153
0.236506 0.557526 -0.456017 153 153 153
0.255351 0.500516 -0.448271 153 153 153
0.314339 -0.38937 1.00259 153 153 153
0.313502 -0.404775 -1.00586 153 153 153
0.223563 0.549751 -0.499308 153 153 153
0.207525 0.54994 -0.549663 153 153 153
0.249752 0.550859 -0.972423 153 153 153
0.35114 -0.40704 -0.648775 153 153 153
0.161998 0.550371 0.900286 153 153 153
0.350603 -0.424922 -0.599596 153 153 153
0.352264 -0.444338 -0.550249 153 153 153
0.154514 0.550038 0.74995 153 153 153
0.29443 -0.397634 0.591801 153 153 153
0.350603 -0.424922 0.599596 153 153 153
0.16503 0.550058 0.699822 153 153 153
0.177946 0.55003 0.649744 153 153 153
0.346215 -0.404462 0.647487 153 153 153
0.353418 -0.401681 0.961575 153 153 153
0.194617 0.541437 0.59234 153 153 153
0.358301 -0.399967 -0.953594 153 153 153
0.177946 0.55003 -0.649744 153 153 153
0.387208 -0.410298 -0.9121 153 153 153
0.16503 0.550058 -0.699822 153 153 153
0.399351 -0.401122 -0.850625 153 153 153
0.161998 0.550371 -0.900286 153 153 153
0.399421 -0.400729 -0.800321 153 153 153
0.201658 0.553366 -0.948956 153 153 153
0.395292 -0.405968 -0.749715 153 153 153
0.349618 -0.389588 -0.695153 153 153 153
0.400484 -0.422498 -0.699805 153 153 153
0.138342 0.49859 0.903446 153 153 153
0.135357 0.499454 0.825372 153 153 153
0.353207 -0.389776 0.701719 153 153 153
0.400484 -0.422498 0.699806 153 153 153
0.151367 0.546676 -0.766162 153 153 153
0.397723 -0.407915 0.74934 153 153 153
0.137707 0.501791 -0.893948 153 153 153
0.399245 -0.40077 0.798377 153 153 153
-0.145822 0.543395 -0.837733 153 153 153
0.39576 -0.396368 0.843983 153 153 153
0.384868 -0.396623 0.896959 153 153 153
-0.159724 0.546289 0.900276 153 153 153
-0.154514 0.550038 0.74995 153 153 153
-0.16503 0.550058 0.699821 153 153 153
-0.177946 0.55003 0.649744 153 153 153
-0.192241 0.549995 0.599843 153 153 153
-0.192241 0.549995 -0.599843 153 153 153
-0.350556 -0.372554 -0.749777 153 153 153
-0.353118 -0.390117 -0.700527 153 153 153
-0.356103 -0.391958 0.701069 153 153 153
-0.350555 -0.372554 0.749777 153 153 153
-0.177946 0.55003 -0.649744 153 153 153
-0.16503 0.550058 -0.699821 153 153 153
-0.148251 0.500291 -0.750999 153 153 153
-0.151392 0.542507 -0.762079 153 153 153
-0.283256 -0.339613 -1.01901 153 153 153
-0.159689 0.546215 -0.900288 153 153 153
-0.332677 -0.349966 -0.950022 153 153 153
-0.343796 -0.345922 -0.900989 153 153 153
-0.350167 -0.350999 -0.849693 153 153 153
-0.347823 -0.358928 -0.792078 153 153 153
-0.198021 0.560072 -0.940034 153 153 153
-0.204867 0.55973 0.556738 153 153 153
-0.300784 -0.355226 -0.697798 153 153 153
-0.30079 -0.375247 -0.64946 153 153 153
-0.300265 -0.398144 -0.597242 153 153 153
-0.223563 0.549751 0.499308 153 153 153
-0.30079 -0.375246 0.64946 153 153 153
-0.24005 0.549731 -0.44954 153 153 153
-0.223563 0.549751 -0.499308 153 153 153
-0.249752 0.550859 0.972423 153 153 153
-0.345432 -0.355196 0.79972 153 153 153
-0.350356 -0.350671 0.857084 153 153 153
-0.240588 0.550702 0.447384 153 153 153
-0.350919 -0.374225 0.943616 153 153 153
-0.257571 0.549428 0.399371 153 153 153
-0.297803 0.528323 0.34024 255 216 0
-0.302039 0.553987 0.279122 153 153 153
-0.239787 -0.33685 -1.05668 153 153 153
-0.256966 0.547528 -0.402729 153 153 153
-0.249752 0.550859 -0.972423 153 153 153
-0.250355 0.490853 -1.00878 153 153 153
-0.250672 -0.37368 -0.598716 153 153 153
-0.300225 0.550706 0.972646 153 153 153
-0.250672 -0.37368 0.598717 153 153 153
-0.331535 0.546995 -0.249123 153 153 153
-0.300723 0.547678 -0.29583 153 153 153
-0.304026 -0.356097 0.701338 153 153 153
-0.286805 0.532059 -0.351789 153 153 153
-0.300226 0.550706 -0.972646 153 153 153
-0.355112 0.550108 0.954407 153 153 153
-0.350164 0.514991 0.349582 153 153 153
-0.203652 -0.367547 -0.607737 255 216 0
-0.350035 0.530162 0.299577 153 153 153
-0.19379 -0.393118 0.608739 153 153 153
-0.352577 0.552604 0.2098 153 153 153
-0.200249 -0.350526 1.07043 153 153 153
-0.147008 -0.367042 -1.04861 153 153 153
-0.369575 0.542507 -0.256408 153 153 153
-0.350035 0.530162 -0.299577 153 153 153
-0.143971 -0.343924 -0.705658 153 153 153
-0.175073 -0.348893 -0.645515 153 153 153
-0.193011 -0.351205 0.625038 255 216 0
-0.350164 0.514991 -0.349581 153 153 153
-0.348177 0.539074 -0.961914 153 153 153
-0.400851 0.55025 0.925558 153 153 153
-0.400352 0.514027 0.399735 153 153 153
-0.401614 0.535926 0.314499 153 153 153
-0.364926 0.543034 0.252376 153 153 153
-0.0940098 -0.34902 -0.948842 153 153 153
-0.108443 -0.357943 -1.00282 153 153 153
-0.10017 -0.367958 -0.89314 153 153 153
-0.41148 0.544662 -0.287109 153 153 153
-0.400375 0.527142 -0.349702 153 153 153
-0.387496 0.507913 -0.405061 153 153 153
-0.115392 -0.335186 -0.786113 153 153 153
-0.440951 0.550645 -0.889544 153 153 153
-0.154263 -0.359866 0.685475 153 153 153
-0.129313 -0.350408 0.749207 153 153 153
-0.114557 -0.350359 0.799496 153 153 153
-0.400851 0.55025 -0.925558 153 153 153
-0.094734 -0.34739 0.900456 153 153 153
-0.102803 -0.350487 0.850619 153 153 153
-0.0969493 -0.357952 0.952243 153 153 153
-0.438724 0.551157 0.891802 153 153 153
-0.473904 0.549928 0.850429 153 153 153
-0.141791 -0.359731 1.04939 153 153 153
-0.443344 0.504785 0.50144 153 153 153
-0.450406 0.521648 0.449776 153 153 153
-0.506348 0.55949 0.394471 153 153 153
-0.450332 0.533747 0.399815 153 153 153
-0.442562 0.541271 0.352732 153 153 153
-0.453246 0.545393 -0.352668 153 153 153
0.0948921 -0.352239 -0.94783 153 153 153
-0.450332 0.533747 -0.399815 153 153 153
-0.450406 0.521648 -0.449776 153 153 153
-0.450995 0.509096 -0.499445 153 153 153
-0.473904 0.549928 -0.850428 153 153 153
-0.508926 0.561389 0.799939 153 153 153
0.0955485 -0.351601 0.902261 153 153 153
-0.528043 0.549846 0.750117 153 153 153
-0.494741 0.498053 0.752051 153 153 153
-0.500842 0.500844 0.706944 153 153 153
0.148029 -0.354118 -1.05759 153 153 153
-0.499606 0.504299 0.649458 153 153 153
-0.500556 0.513386 0.5999 153 153 153
0.104151 -0.346432 -1.00478 153 153 153
-0.500415 0.523561 0.549852 153 153 153
0.110035 -0.359416 -0.824617 153 153 153
0.129313 -0.350408 -0.749207 153 153 153
-0.515899 0.54296 0.50017 153 153 153
0.144711 -0.343535 -0.703705 153 153 153
-0.491495 0.540213 0.453169 153 153 153
0.13411 -0.343629 0.731717 153 153 153
-0.502728 0.546523 -0.449667 153 153 153
-0.544149 0.560836 -0.493451 153 153 153
-0.500315 0.534415 -0.499873 153 153 153
0.114557 -0.350359 0.799496 153 153 153
0.102989 -0.351172 0.850367 153 153 153
-0.500415 0.523561 -0.549852 153 153 153
0.148654 -0.357542 1.05587 153 153 153
-0.493899 0.510276 -0.593402 153 153 153
-0.498649 0.503511 -0.64974 153 153 153
-0.501284 0.501297 -0.707943 153 153 153
-0.54266 0.561222 -0.724078 153 153 153
0.196927 -0.406386 -0.600335 153 153 153
0.181058 -0.36039 -0.635041 153 153 153
0.483889 0.499893 0.800065 153 153 153
0.161299 -0.393444 0.675789 153 153 153
0.497541 0.502746 0.756561 153 153 153
0.500041 0.500129 0.699957 153 153 153
0.224093 -0.346992 -1.06452 153 153 153
0.499972 0.50455 0.649707 153 153 153
0.250672 -0.37368 -0.598716 153 153 153
0.493792 0.508905 0.599735 153 153 153
0.250672 -0.37368 0.598717 153 153 153
0.447337 0.495665 0.542406 153 153 153
0.500347 0.513604 -0.598031 153 153 153
0.499164 0.505011 -0.642274 153 153 153
0.499847 0.499944 -0.699934 153 153 153
0.493783 0.496847 -0.752032 153 153 153
0.483889 0.499893 -0.800065 153 153 153
0.458219 0.504865 -0.858957 153 153 153
0.300851 -0.351112 -0.70836 153 153 153
0.428154 0.499899 0.90045 153 153 153
0.30079 -0.375247 -0.64946 153 153 153
0.30205 -0.397602 -0.600535 153 153 153
0.460689 0.489626 0.84355 153 153 153
0.246284 -0.346312 0.639987 153 153 153
0.30079 -0.375246 0.64946 153 153 153
0.450438 0.469142 0.649842 153 153 153
0.450377 0.481849 0.599833 153 153 153
0.295574 -0.348443 0.705607 153 153 153
0.450113 0.50896 0.498309 153 153 153
0.399098 0.499296 0.449652 153 153 153
0.298691 -0.346838 -1.00397 153 153 153
0.332677 -0.349966 -0.950022 153 153 153
0.453989 0.512987 -0.490215 153 153 153
0.439562 0.4895 -0.549712 153 153 153
0.349196 -0.352051 -0.900658 153 153 153
0.450376 0.481849 -0.599833 153 153 153
0.349783 -0.350592 -0.850277 153 153 153
0.450438 0.469142 -0.649842 153 153 153
0.345338 -0.354604 -0.801963 153 153 153
0.3008 -0.326497 -0.776618 153 153 153
0.350556 -0.372554 -0.749777 153 153 153
0.428155 0.499899 -0.90045 153 153 153
0.389658 0.499735 0.94176 153 153 153
0.307145 -0.338263 0.755972 153 153 153
0.350556 -0.372554 0.749777 153 153 153
0.400472 0.46899 0.549709 153 153 153
0.34801 -0.357362 0.79938 153 153 153
0.400386 0.484675 0.499744 153 153 153
0.349299 -0.350326 0.848167 153 153 153
0.361139 0.498675 0.407404 153 153 153
0.347125 -0.349746 0.901107 153 153 153
0.332677 -0.349966 0.950022 153 153 153
0.385837 0.492138 -0.455287 153 153 153
0.400386 0.484675 -0.499744 153 153 153
0.390852 0.49929 -0.940681 153 153 153
0.350813 0.500267 0.971691 153 153 153
0.350411 0.462444 0.499628 153 153 153
0.350414 0.480855 0.449536 153 153 153
0.338873 0.494528 -0.403831 153 153 153
-0.298872 -0.33409 -0.750007 153 153 153
-0.303373 -0.336944 0.751548 153 153 153
0.350411 0.462444 -0.499628 153 153 153
0.354168 0.528318 -0.962363 153 153 153
0.301067 0.507459 0.99296 153 153 153
0.299965 0.470798 0.44914 153 153 153
-0.289705 -0.349177 1.0158 153 153 153
0.301547 0.499138 0.39345 255 216 0
0.281666 0.508734 -0.396152 255 216 0
-0.276919 -0.283357 -0.966012 153 153 153
0.299965 0.470798 -0.44914 153 153 153
-0.299913 -0.299991 -0.89993 153 153 153
-0.29868 -0.306583 -0.842218 153 153 153
-0.299823 -0.319661 -0.795986 153 153 153
0.307702 0.503771 -0.992214 153 153 153
-0.251054 -0.318802 -0.699327 153 153 153
0.211066 0.499807 0.549198 153 153 153
-0.246284 -0.346312 -0.639987 153 153 153
-0.259705 -0.344756 0.658288 153 153 153
-0.251054 -0.318802 0.699327 153 153 153
-0.257224 -0.297846 0.760154 153 153 153
0.231457 0.499365 0.498793 153 153 153
0.231457 0.499365 -0.498793 153 153 153
-0.295921 -0.303702 0.844547 153 153 153
-0.300099 -0.300173 0.899966 153 153 153
0.253179 0.455149 -0.495346 255 216 0
-0.289177 -0.308037 0.983854 153 153 153
-0.243631 -0.341549 1.05437 153 153 153
-0.245845 -0.275683 1.02534 153 153 153
-0.245996 -0.285946 -1.03407 153 153 153
-0.200877 -0.300025 -1.07867 153 153 153
0.211066 0.499807 -0.549198 153 153 153
0.251107 0.48849 -1.01002 153 153 153
-0.192819 -0.304576 -0.660522 255 216 0
-0.193512 -0.305111 0.660211 255 216 0
0.197457 0.508858 0.982388 153 153 153
0.161464 0.500075 0.699713 153 153 153
0.176462 0.500051 0.649524 153 153 153
0.19513 0.490279 0.593778 153 153 153
-0.163793 -0.299646 -1.08848 153 153 153
-0.138546 -0.293322 -0.702232 153 153 153
0.194233 0.522117 -0.59459 153 153 153
-0.149642 -0.300627 1.08643 153 153 153
0.176462 0.500051 -0.649524 153 153 153
0.161464 0.500075 -0.699713 153 153 153
0.199881 0.501662 -0.989223 153 153 153
-0.105848 -0.356665 -0.841472 153 153 153
0.161939 0.504429 0.952067 153 153 153
0.145422 0.486474 0.75626 153 153 153
-0.116966 -0.288453 -0.750805 153 153 153
0.137733 0.510176 -0.824182 153 153 153
-0.140893 -0.318107 0.704405 153 153 153
-0.120437 -0.300902 0.74837 153 153 153
0.164135 0.501504 -0.957985 153 153 153
-0.138197 0.50005 0.900026 153 153 153
-0.105015 -0.300743 0.798276 153 153 153
-0.10545 -0.352673 1.00099 153 153 153
-0.138729 0.516996 0.833953 153 153 153
-0.109939 -0.300063 1.05895 153 153 153
-0.0850352 -0.300079 -1.00005 153 153 153
-0.0803895 -0.300016 -0.95 153 153 153
-0.0838767 -0.300029 -0.899984 153 153 153
-0.0924084 -0.300045 -0.849957 153 153 153
-0.0924084 -0.300045 0.849957 153 153 153
-0.0838767 -0.300029 0.899984 153 153 153
-0.0803895 -0.300016 0.95 153 153 153
-0.0850353 -0.300079 1.00005 153 153 153
-0.145935 0.491557 0.756623 153 153 153
-0.138643 0.500008 -0.799992 153 153 153
0.0850352 -0.300079 -1.00005 153 153 153
0.0803895 -0.300016 -0.95 153 153 153
0.0869419 -0.31602 -0.905449 153 153 153
-0.134034 0.500015 -0.849999 153 153 153
0.0924084 -0.300045 -0.849957 153 153 153
-0.138197 0.50005 -0.900026 153 153 153
-0.159219 0.503883 0.948519 153 153 153
-0.161464 0.500075 0.699713 153 153 153
0.0924084 -0.300045 0.849957 153 153 153
0.0838767 -0.300029 0.899984 153 153 153
0.084659 -0.315942 0.94375 153 153 153
0.10587 -0.35111 1.00396 153 153 153
0.0850352 -0.300079 1.00005 153 153 153
-0.176462 0.500051 0.649524 153 153 153
0.149642 -0.300627 -1.08643 153 153 153
0.105868 -0.303411 -1.05042 153 153 153
-0.194466 0.506265 0.594726 153 153 153
0.120437 -0.300902 -0.748369 153 153 153
0.138038 -0.294927 -0.703591 153 153 153
-0.176462 0.500051 -0.649524 153 153 153
-0.161464 0.500075 -0.699713 153 153 153
-0.159358 0.494614 -0.958079 153 153 153
0.120437 -0.300902 0.748369 153 153 153
0.104373 -0.302891 0.802366 153 153 153
-0.200728 0.500243 0.990726 153 153 153
-0.211066 0.499807 0.549198 153 153 153
0.200877 -0.300025 -1.07867 153 153 153
-0.231457 0.499365 0.498793 153 153 153
0.196203 -0.30346 -0.663254 153 153 153
0.179633 -0.301061 0.661733 255 216 0
-0.231457 0.499365 -0.498793 153 153 153
0.200877 -0.300025 1.07867 153 153 153
-0.209546 0.522447 -0.54862 153 153 153
0.27097 -0.34293 -1.03289 153 153 153
-0.194831 0.499808 -0.594032 153 153 153
-0.204546 0.510499 -0.98521 153 153 153
0.211352 -0.280289 -0.715162 153 153 153
0.251054 -0.318802 -0.699327 153 153 153
0.252137 -0.341706 -0.654756 153 153 153
-0.250813 0.488397 1.01007 153 153 153
0.216889 -0.289589 0.705796 153 153 153
0.251054 -0.318802 0.699327 153 153 153
-0.255113 0.507586 0.442316 153 153 153
-0.29848 0.496397 0.400544 255 216 0
0.247443 -0.293403 1.03725 153 153 153
0.226871 -0.351399 1.06277 153 153 153
0.253603 -0.287581 -1.02442 153 153 153
-0.265325 0.495121 -0.43722 153 153 153
-0.272591 0.446028 -0.494847 255 216 0
0.298557 -0.304802 -0.951184 153 153 153
-0.299248 0.505149 0.994459 153 153 153
0.30034 -0.300435 -0.899035 153 153 153
-0.299965 0.470798 0.44914 153 153 153
0.2968 -0.303373 -0.849737 153 153 153
0.251141 -0.277432 -0.803063 153 153 153
-0.304475 0.498253 -0.3937 153 153 153
-0.299965 0.470798 -0.44914 153 153 153
-0.298912 0.504598 -0.994786 153 153 153
-0.350812 0.500267 0.971691 153 153 153
-0.350411 0.462444 0.499628 153 153 153
-0.341617 0.494932 0.40417 153 153 153
0.302607 -0.320913 0.799296 153 153 153
-0.350413 0.480855 -0.449536 153 153 153
0.298417 -0.304813 0.849568 153 153 153
-0.350411 0.462444 -0.499628 153 153 153
0.299001 -0.299056 0.901445 153 153 153
-0.391464 0.499198 0.940118 153 153 153
0.295239 -0.300935 0.95165 153 153 153
0.281116 -0.315854 1.007 153 153 153
-0.428154 0.499899 0.90045 153 153 153
-0.400472 0.46899 0.549709 153 153 153
-0.381979 0.492292 0.449863 153 153 153
-1.01548 -0.260581 -0.191182 153 153 153
-0.399227 0.499437 -0.449356 153 153 153
-1.05454 -0.257331 -0.142929 153 153 153
-1.05928 -0.258963 -0.093988 153 153 153
-0.400386 0.484675 -0.499744 153 153 153
-1.05002 -0.262443 -0.0500028 153 153 153
-0.400472 0.46899 -0.549709 153 153 153
-1.05002 -0.262969 0 153 153 153
-0.403081 0.453892 -0.601597 153 153 153
-1.05002 -0.262443 0.0500028 153 153 153
-0.408013 0.501826 -0.923849 153 153 153
-1.05003 -0.260817 0.100006 153 153 153
-0.458219 0.504865 0.858957 153 153 153
-0.483889 0.499892 0.800065 153 153 153
-1.05599 -0.256405 0.150312 153 153 153
-0.445321 0.447314 0.804649 153 153 153
-1.05149 -0.253393 0.197785 153 153 153
-0.450147 0.451041 0.749684 153 153 153
-0.452254 0.459931 0.698207 153 153 153
-0.450438 0.469142 0.649842 153 153 153
-0.450377 0.481849 0.599834 153 153 153
-0.446308 0.490938 0.557654 153 153 153
-1.00556 -0.257748 -0.241414 153 153 153
-0.452428 0.496464 -0.549552 153 153 153
-1 -0.262846 -0.15 153 153 153
-1 -0.264126 -0.0999997 153 153 153
-1 -0.264804 -0.0499998 153 153 153
-1 -0.265014 0 153 153 153
-1 -0.264804 0.0499998 153 153 153
-1 -0.264126 0.0999999 153 153 153
-1 -0.262846 0.15 153 153 153
-1 -0.260734 0.200001 153 153 153
-0.450377 0.481849 -0.599833 153 153 153
-1 -0.257457 0.250002 153 153 153
-0.450438 0.469142 -0.649842 153 153 153
-1.00709 -0.252707 0.290212 153 153 153
-0.443888 0.454604 -0.693659 153 153 153
-0.954714 -0.250642 -0.340262 153 153 153
-0.965034 -0.254568 -0.289935 153 153 153
-0.948634 -0.253839 -0.244373 153 153 153
-0.945986 -0.253476 -0.200004 153 153 153
-0.947473 -0.253737 -0.149981 153 153 153
-0.946454 -0.253083 -0.0999803 153 153 153
-0.947631 -0.253209 -0.0499838 153 153 153
-0.946796 -0.252806 3.91073e-08 153 153 153
-0.947778 -0.25326 0.0499857 153 153 153
-0.946627 -0.253142 0.0999835 153 153 153
-0.947872 -0.253858 0.149985 153 153 153
-0.94628 -0.253555 0.200002 153 153 153
-0.947388 -0.253383 0.2572 153 153 153
-0.449879 0.450786 -0.749841 153 153 153
-0.496699 0.512467 -0.783549 153 153 153
-0.443564 0.464048 -0.853088 153 153 153
0.436399 0.449937 0.850035 153 153 153
0.45056 0.452847 0.800571 153 153 153
0.449967 0.450769 0.751096 153 153 153
0.444929 0.453922 0.700746 153 153 153
0.452242 0.459924 -0.698196 153 153 153
0.450147 0.451041 -0.749684 153 153 153
0.445474 0.447107 -0.802031 153 153 153
0.436399 0.449937 -0.850035 153 153 153
0.409043 0.454411 -0.909796 153 153 153
0.359799 0.451753 0.968357 153 153 153
0.409316 0.452382 0.908195 153 153 153
0.393411 0.414318 0.90374 153 153 153
0.400484 0.422498 0.699806 153 153 153
0.406511 0.438281 0.65893 153 153 153
0.403992 0.454594 0.601021 153 153 153
0.349935 0.444107 0.547815 153 153 153
-0.250869 -0.278341 -0.799656 153 153 153
-0.246994 -0.295886 -0.744314 153 153 153
0.398408 0.460593 -0.572508 153 153 153
-0.263231 -0.29072 0.793569 153 153 153
0.399345 0.438429 -0.643713 153 153 153
0.400484 0.422498 -0.699805 153 153 153
0.364834 0.458032 -0.964071 153 153 153
0.350603 0.424922 0.599596 153 153 153
-0.194318 -0.245274 -1.07169 153 153 153
0.286826 0.446628 0.492932 153 153 153
-0.233304 -0.243317 -1.00196 153 153 153
-0.248831 -0.249339 -0.950367 153 153 153
-0.248589 -0.252077 -0.894197 153 153 153
-0.250156 -0.263524 -0.846808 153 153 153
0.31504 0.433966 -0.53367 153 153 153
0.350603 0.424922 -0.599596 153 153 153
0.349177 0.40691 -0.645808 153 153 153
-0.214065 -0.285369 -0.709588 153 153 153
-0.211564 -0.279645 0.716745 153 153 153
0.299143 0.450809 -1.01193 153 153 153
0.29325 0.450158 1.01492 153 153 153
0.300606 0.420863 0.549259 153 153 153
-0.242893 -0.256364 0.849727 153 153 153
-0.249098 -0.250838 0.906956 153 153 153
-0.250102 -0.251795 0.96081 153 153 153
0.244811 0.454013 0.505568 255 216 0
-0.214691 -0.284844 1.06759 153 153 153
0.24864 0.48222 1.01329 153 153 153
0.218928 0.448895 0.547708 153 153 153
0.245744 0.409597 -0.549639 255 216 0
0.218928 0.448895 -0.547708 153 153 153
-0.201574 -0.257229 -0.745301 153 153 153
-0.17536 -0.263728 -0.69684 153 153 153
0.250226 0.450671 -1.02783 153 153 153
0.199508 0.450873 1.02336 153 153 153
0.157674 0.4501 0.699622 153 153 153
-0.204719 -0.256155 0.753824 153 153 153
0.174773 0.45009 0.649139 153 153 153
0.199891 0.4333 0.58895 153 153 153
0.197653 0.455058 -0.590451 153 153 153
-0.141427 -0.266073 -1.09801 153 153 153
0.174773 0.45009 -0.649139 153 153 153
-0.112796 -0.30846 -1.05621 153 153 153
-0.0923872 -0.256209 -0.806503 153 153 153
0.157674 0.4501 -0.699622 153 153 153
0.160877 0.443508 -1.00491 153 153 153
-0.145634 -0.231454 -0.710871 153 153 153
-0.160738 -0.247173 0.704718 153 153 153
0.199508 0.450873 -1.02336 153 153 153
0.169133 0.449617 1.00739 153 153 153
0.130689 0.450267 0.950203 153 153 153
0.121067 0.450146 0.90003 153 153 153
-0.082843 -0.244939 1.06051 153 153 153
0.12259 0.450097 0.849951 153 153 153
-0.0896396 -0.242394 -1.07525 153 153 153
-0.0689682 -0.250424 -1.00016 153 153 153
-0.0674134 -0.250323 -0.949952 153 153 153
-0.07215 -0.250376 -0.899794 153 153 153
-0.0809016 -0.250445 -0.84964 153 153 153
0.130715 0.450077 0.799896 153 153 153
-0.0939477 -0.250399 0.795149 153 153 153
-0.0809015 -0.250445 0.849641 153 153 153
-0.07215 -0.250376 0.899794 153 153 153
-0.0674134 -0.250323 0.949952 153 153 153
-0.0689682 -0.250424 1.00016 153 153 153
0.137657 0.40489 0.748448 153 153 153
0.145034 0.458633 -0.745358 153 153 153
0.130715 0.450077 -0.799896 153 153 153
0.0966524 -0.258929 -1.07259 153 153 153
0.0689682 -0.250424 -1.00016 153 153 153
0.0674134 -0.250323 -0.949952 153 153 153
0.07215 -0.250376 -0.899794 153 153 153
0.12259 0.450097 -0.849951 153 153 153
0.106533 -0.305417 -0.7964 153 153 153
0.0881147 -0.247702 -0.814774 153 153 153
0.121067 0.450146 -0.90003 153 153 153
0.130689 0.450267 -0.950203 153 153 153
-0.130689 0.450267 0.950203 153 153 153
-0.121067 0.450146 0.90003 153 153 153
0.0809016 -0.250445 0.849641 153 153 153
0.07215 -0.250376 0.899794 153 153 153
0.0674134 -0.250323 0.949952 153 153 153
0.0689682 -0.250424 1.00016 153 153 153
0.11442 -0.305936 1.06013 153 153 153
-0.12259 0.450097 0.849951 153 153 153
0.089333 -0.256203 1.06302 153 153 153
-0.130715 0.450077 0.799896 153 153 153
-0.142821 0.450037 0.749914 153 153 153
-0.142821 0.450037 -0.749914 153 153 153
0.109764 -0.251429 -0.747114 153 153 153
-0.130715 0.450077 -0.799896 153 153 153
-0.12259 0.450097 -0.849951 153 153 153
-0.121067 0.450146 -0.90003 153 153 153
-0.130689 0.450267 -0.950203 153 153 153
-0.158572 0.455243 0.992981 153 153 153
-0.157142 0.457628 0.703326 153 153 153
-0.174773 0.45009 0.649139 153 153 153
-0.198235 0.443956 0.590627 153 153 153
0.166652 -0.238394 -1.09364 153 153 153
-0.174773 0.45009 -0.649139 153 153 153
-0.15504 0.442024 -0.705708 153 153 153
-0.165291 0.453655 -1.00098 153 153 153
0.193285 -0.243486 -0.759256 153 153 153
-0.199508 0.450873 1.02336 153 153 153
-0.218928 0.448895 0.547708 153 153 153
0.138251 -0.253645 0.700159 255 216 0
-0.218928 0.448895 -0.547708 153 153 153
-0.198923 0.442897 -0.58928 153 153 153
-0.199508 0.450873 -1.02336 153 153 153
0.196746 -0.248564 0.754888 153 153 153
-0.250226 0.450671 1.02783 153 153 153
-0.25534 0.454404 0.49409 255 216 0
-0.253029 0.406225 -0.552806 255 216 0
-0.250226 0.450671 -1.02783 153 153 153
-0.305073 0.450472 1.00891 153 153 153
-0.308826 0.432511 0.53145 153 153 153
0.250142 -0.250695 -0.950238 153 153 153
-0.3136 0.429654 -0.541983 153 153 153
0.248103 -0.251873 -0.892634 153 153 153
-0.29933 0.457228 -1.01034 153 153 153
-0.365003 0.458339 0.963933 153 153 153
0.220875 -0.240149 -0.837519 153 153 153
-0.407045 0.458936 0.592705 153 153 153
0.257675 -0.303022 -0.747821 153 153 153
0.256418 -0.303149 0.745003 153 153 153
0.210868 -0.240058 0.809416 153 153 153
0.250869 -0.278341 0.799656 153 153 153
-0.350603 0.424922 0.599596 153 153 153
0.246252 -0.259374 0.849555 153 153 153
-0.349176 0.442895 0.55003 153 153 153
0.250954 -0.252586 0.906976 153 153 153
-0.358419 0.443262 -0.561532 153 153 153
0.246778 -0.247212 0.950429 153 153 153
-0.350603 0.424922 -0.599596 153 153 153
0.237901 -0.245395 0.992569 153 153 153
-0.353742 0.4077 -0.651421 153 153 153
0.944264 -0.249922 -0.340463 153 153 153
-0.363387 0.457455 -0.965402 153 153 153
0.954946 -0.253529 -0.292209 153 153 153
-0.409043 0.454411 0.909796 153 153 153
0.949543 -0.253958 -0.248763 153 153 153
-0.436399 0.449936 0.850035 153 153 153
0.94628 -0.253555 -0.200001 153 153 153
-0.395118 0.396927 0.854885 153 153 153
0.947872 -0.253858 -0.149985 153 153 153
-0.401423 0.401959 0.807644 153 153 153
0.946627 -0.253142 -0.0999834 153 153 153
-0.401762 0.409677 0.755775 153 153 153
0.947778 -0.25326 -0.0499856 153 153 153
-0.400484 0.422498 0.699805 153 153 153
0.946796 -0.252806 -3.95728e-08 153 153 153
-0.399345 0.438429 0.643713 153 153 153
0.947631 -0.253209 0.0499839 153 153 153
-0.40539 0.440065 -0.65061 153 153 153
0.946454 -0.253083 0.0999805 153 153 153
-0.400484 0.422498 -0.699806 153 153 153
0.947473 -0.253737 0.149981 153 153 153
-0.39382 0.404806 -0.749878 153 153 153
0.945986 -0.253476 0.200004 153 153 153
-0.399886 0.401194 -0.799855 153 153 153
0.94121 -0.251996 0.262439 153 153 153
-0.399368 0.40112 -0.850482 153 153 153
-0.392937 0.413484 -0.903713 153 153 153
-0.409316 0.452382 -0.908195 153 153 153
0.399368 0.40112 0.850482 153 153 153
0.400076 0.401363 0.799876 153 153 153
1 -0.257457 -0.250002 153 153 153
1 -0.260734 -0.200001 153 153 153
1 -0.262846 -0.15 153 153 153
1 -0.264126 -0.0999997 153 153 153
1 -0.264804 -0.0499998 153 153 153
1 -0.265014 0 153 153 153
1 -0.264804 0.0499998 153 153 153
1 -0.264126 0.0999999 153 153 153
1 -0.262846 0.15 153 153 153
1.01467 -0.260381 0.195298 153 153 153
1 -0.257457 0.250002 153 153 153
0.395292 0.405968 0.749715 153 153 153
0.993288 -0.254146 0.29232 153 153 153
1.00779 -0.252732 -0.289087 153 153 153
0.402055 0.411471 -0.748333 153 153 153
1.05307 -0.246515 -0.248438 153 153 153
1.05149 -0.253393 -0.197785 153 153 153
1.05599 -0.256405 -0.150312 153 153 153
1.05003 -0.260817 -0.100005 153 153 153
1.05002 -0.262443 -0.0500028 153 153 153
1.05002 -0.262969 0 153 153 153
1.05002 -0.262443 0.0500028 153 153 153
1.05918 -0.258942 0.0949827 153 153 153
1.05626 -0.256324 0.150393 153 153 153
0.399886 0.401225 -0.799543 153 153 153
0.395026 0.396621 -0.85351 153 153 153
0.386029 0.399963 -0.900021 153 153 153
0.35296 0.402999 -0.962882 153 153 153
0.359295 0.397141 0.950138 153 153 153
0.350556 0.372554 0.749777 153 153 153
1.09594 -0.245751 -0.0914621 153 153 153
1.09843 -0.246961 -0.0376212 153 153 153
1.10198 -0.245584 0.0209222 153 153 153
0.349554 0.387144 0.702163 153 153 153
0.353202 0.406807 0.652967 153 153 153
0.308489 0.397204 0.609451 153 153 153
0.349088 0.389316 -0.694908 153 153 153
-1.14177 -0.207326 -0.159475 153 153 153
0.350556 0.372554 -0.749777 153 153 153
0.319993 0.38957 -0.996871 153 153 153
0.319785 0.398837 0.999272 153 153 153
-1.15404 -0.204372 -0.101267 153 153 153
0.30079 0.375246 0.64946 153 153 153
-1.16207 -0.200829 -0.0525407 153 153 153
0.291067 0.397012 -0.589556 153 153 153
-1.15899 -0.205443 0.000554075 153 153 153
0.30079 0.375247 -0.64946 153 153 153
-1.16193 -0.200765 0.0558472 153 153 153
0.296888 0.352733 -0.697213 153 153 153
-1.14671 -0.209873 0.111972 153 153 153
0.216589 0.345828 1.06756 153 153 153
-1.15749 -0.191483 0.16112 153 153 153
0.250253 0.400168 1.04456 153 153 153
0.250672 0.373679 0.598717 153 153 153
0.2491 0.407742 0.551147 255 216 0
-1.10096 -0.21007 -0.293285 153 153 153
0.250672 0.37368 -0.598716 153 153 153
-1.11993 -0.205787 -0.253072 153 153 153
-1.10029 -0.231433 -0.200077 153 153 153
0.250254 0.400168 -1.04456 153 153 153
-1.1002 -0.238416 -0.150042 153 153 153
-1.11381 -0.23622 -0.0901819 153 153 153
0.204346 0.401397 -1.05095 153 153 153
-1.10698 -0.243025 -0.0212172 153 153 153
-1.10147 -0.245468 0.0384483 153 153 153
-1.09782 -0.244662 0.0941658 153 153 153
-1.1002 -0.238416 0.150042 153 153 153
0.199336 0.395772 1.05308 153 153 153
-1.10029 -0.231433 0.200077 153 153 153
0.157679 0.405424 0.688076 153 153 153
-1.10513 -0.217498 0.253495 153 153 153
0.195517 0.391753 -0.606443 153 153 153
-1.10876 -0.199166 0.306967 153 153 153
0.178805 0.355471 -1.06858 153 153 153
0.151687 0.361451 1.05539 153 153 153
0.136165 0.398855 1.0137 153 153 153
-1.05232 -0.211335 -0.396228 153 153 153
-1.05025 -0.227001 -0.350126 153 153 153
-1.09971 -0.190757 -0.351495 153 153 153
-1.05014 -0.23872 -0.300067 153 153 153
-1.05003 -0.247359 -0.250014 153 153 153
-1.05296 -0.246528 0.248628 153 153 153
-1.05014 -0.23872 0.300067 153 153 153
0.110586 0.400273 0.950138 153 153 153
-1.05025 -0.227001 0.350126 153 153 153
0.108757 0.39748 0.873866 153 153 153
-1.05975 -0.20179 0.407277 153 153 153
0.123007 0.400197 0.799708 153 153 153
-1.0073 -0.196567 -0.502976 153 153 153
0.13665 0.400147 -0.74968 153 153 153
0.123007 0.400197 -0.799708 153 153 153
-1.00019 -0.221621 -0.450135 153 153 153
-1.05338 -0.18679 -0.451167 153 153 153
-1.00011 -0.235519 -0.400081 153 153 153
-1.00003 -0.245517 -0.350022 153 153 153
-1.00003 -0.245516 0.350022 153 153 153
-1.00011 -0.235519 0.400081 153 153 153
0.112647 0.400164 -0.849864 153 153 153
-1.00019 -0.221621 0.450135 153 153 153
0.107398 0.400139 -0.899981 153 153 153
-1.00505 -0.195879 0.507525 153 153 153
0.110586 0.400273 -0.950138 153 153 153
-0.953861 -0.205465 -0.550395 153 153 153
0.139409 0.399839 -1.017 153 153 153
0.0941486 0.350865 0.940399 153 153 153
-0.950101 -0.224636 -0.500101 153 153 153
-0.950039 -0.236631 -0.450048 153 153 153
-0.950005 -0.244633 -0.400013 153 153 153
0.0958965 0.350598 -0.896207 153 153 153
-0.950167 -0.251376 0.324945 153 153 153
-0.950005 -0.244633 0.400013 153 153 153
-0.950039 -0.236631 0.450048 153 153 153
-0.950101 -0.224636 0.500101 153 153 153
0.0843493 0.314696 -0.941377 153 153 153
-0.110586 0.400273 0.950138 153 153 153
-0.109518 0.401203 0.874299 153 153 153
-0.903095 -0.205087 -0.600935 153 153 153
-0.123007 0.400197 0.799708 153 153 153
-0.13665 0.400147 0.74968 153 153 153
-0.900037 -0.222184 -0.55006 153 153 153
-0.900003 -0.232235 -0.500025 153 153 153
-0.899992 -0.238017 -0.450007 153 153 153
-0.899992 -0.240662 -0.400001 153 153 153
-0.899994 -0.241099 -0.35 153 153 153
-0.899997 -0.240102 -0.3 153 153 153
-0.9 -0.238304 -0.25 153 153 153
-0.900002 -0.236211 -0.2 153 153 153
-0.900004 -0.234213 -0.15 153 153 153
-0.900005 -0.232593 -0.1 153 153 153
-0.900006 -0.231546 -0.0500001 153 153 153
-0.900006 -0.231185 0 153 153 153
-0.900006 -0.231546 0.0500001 153 153 153
-0.900005 -0.232593 0.1 153 153 153
-0.900004 -0.234213 0.15 153 153 153
-0.900002 -0.236211 0.2 153 153 153
-0.9 -0.238304 0.25 153 153 153
-0.899997 -0.240102 0.3 153 153 153
-0.899994 -0.241099 0.35 153 153 153
-0.899992 -0.240662 0.400001 153 153 153
-0.899992 -0.238017 0.450007 153 153 153
-0.900003 -0.232235 0.500025 153 153 153
-0.900037 -0.222184 0.55006 153 153 153
-0.907182 -0.200084 0.609284 153 153 153
-0.13665 0.400147 -0.74968 153 153 153
-0.123007 0.400197 -0.799708 153 153 153
-0.112647 0.400164 -0.849864 153 153 153
-0.856315 -0.20084 -0.647087 153 153 153
-0.105855 0.394777 -0.906174 153 153 153
-0.850005 -0.215704 -0.600019 153 153 153
-0.849999 -0.223895 -0.550002 153 153 153
-0.85001 -0.227378 -0.499998 153 153 153
-0.850027 -0.22743 -0.450002 153 153 153
-0.834673 -0.218788 -0.40532 153 153 153
-0.850052 -0.221364 -0.350009 153 153 153
-0.84126 -0.212574 -0.306848 153 153 153
-0.844136 -0.208609 -0.249818 153 153 153
-0.847298 -0.206158 -0.199792 153 153 153
-0.847519 -0.202583 -0.149915 153 153 153
-0.865266 -0.211503 -0.0917858 153 153 153
-0.110586 0.400273 -0.950138 153 153 153
-0.135929 0.398532 -1.01366 153 153 153
-0.850545 -0.199635 0.0154651 153 153 153
-0.154406 0.361369 1.05705 153 153 153
-0.838293 -0.191692 0.0635961 153 153 153
-0.848727 -0.200738 0.102708 153 153 153
-0.847814 -0.202786 0.149942 153 153 153
-0.847966 -0.206601 0.199873 153 153 153
-0.844649 -0.208937 0.249895 153 153 153
-0.850053 -0.216884 0.300009 153 153 153
-0.850052 -0.221364 0.350009 153 153 153
-0.850043 -0.225124 0.400007 153 153 153
-0.850027 -0.22743 0.450002 153 153 153
-0.85001 -0.227378 0.499998 153 153 153
-0.849999 -0.223895 0.550002 153 153 153
-0.850005 -0.215704 0.600019 153 153 153
-0.868472 -0.194356 0.654117 153 153 153
-0.191574 0.406167 1.04656 153 153 153
-0.143551 0.415848 1.00875 153 153 153
-0.156882 0.409509 0.691333 153 153 153
-0.787183 -0.205534 -0.651828 153 153 153
-0.80002 -0.21296 -0.599991 153 153 153
-0.800052 -0.214288 -0.550003 153 153 153
-0.7923 -0.208509 -0.499659 153 153 153
-0.800028 -0.205781 -0.442439 153 153 153
-0.176362 0.380588 0.640865 153 153 153
-0.173285 0.378895 -0.646882 153 153 153
-0.804737 -0.195792 -0.349877 153 153 153
-0.154252 0.3929 -0.694111 153 153 153
-0.185031 0.396785 -1.04981 153 153 153
-0.209663 0.363206 1.06522 153 153 153
-0.20599 0.378081 0.59962 255 216 0
-0.193336 0.400823 -0.607736 153 153 153
-0.250254 0.400168 1.04456 153 153 153
-0.243594 0.335088 1.05399 153 153 153
-0.250672 0.373679 0.598717 153 153 153
-0.25284 0.406863 0.551963 255 216 0
-0.801601 -0.187612 0.307231 153 153 153
-0.789713 -0.187918 0.361287 153 153 153
-0.250672 0.37368 -0.598716 153 153 153
-0.250254 0.400168 -1.04456 153 153 153
-0.795937 -0.205506 0.456981 153 153 153
-0.798082 -0.21103 0.500593 153 153 153
-0.800052 -0.214288 0.550003 153 153 153
-0.80002 -0.21296 0.599991 153 153 153
-0.306121 0.400966 1.01173 153 153 153
-0.812793 -0.205596 0.652342 153 153 153
-0.349354 0.406939 0.646028 153 153 153
-0.30079 0.375246 0.64946 153 153 153
-0.292247 0.397 0.590805 153 153 153
-0.308003 0.397146 -0.608957 153 153 153
-0.30079 0.375247 -0.64946 153 153 153
-0.298572 0.349325 -0.70878 153 153 153
-0.314017 0.40537 -1.00548 153 153 153
-0.354438 0.404309 0.96156 153 153 153
-0.799691 -0.199899 0.399882 153 153 153
-0.386029 0.399963 0.900021 153 153 153
-0.343659 0.346334 0.904135 153 153 153
-0.746764 -0.193461 0.547425 153 153 153
-0.350868 0.351176 0.856801 153 153 153
-0.34801 0.357362 0.79938 153 153 153
-0.350556 0.372554 0.749777 153 153 153
-0.768479 -0.203648 0.651834 153 153 153
-0.349087 0.389316 0.694908 153 153 153
-0.753167 -0.201626 -0.612609 153 153 153
-0.751944 -0.200991 0.60548 153 153 153
-0.354481 0.390661 -0.701657 153 153 153
-0.324801 0.353645 -0.749493 153 153 153
-0.344333 0.355783 -0.793553 153 153 153
-0.349455 0.35032 -0.84988 153 153 153
-0.349542 0.353951 -0.907146 153 153 153
-0.1938 -0.211787 -0.849632 153 153 153
-0.203922 -0.238214 -0.796737 153 153 153
-0.193137 -0.228733 0.795429 153 153 153
-0.359266 0.389375 -0.943814 153 153 153
0.332677 0.349966 0.950022 153 153 153
0.349793 0.352561 0.899738 153 153 153
0.349609 0.350454 0.849982 153 153 153
0.342832 0.352846 0.800769 153 153 153
0.34801 0.357362 -0.79938 153 153 153
0.350868 0.351176 -0.856801 153 153 153
-0.17986 -0.199688 -1.0502 153 153 153
-0.196298 -0.200214 -1.00106 153 153 153
-0.19902 -0.199557 -0.942875 153 153 153
-0.199286 -0.205661 -0.897528 153 153 153
0.347399 0.352715 -0.912147 153 153 153
0.332677 0.349966 -0.950022 153 153 153
0.285116 0.345252 -1.0193 153 153 153
-0.166454 -0.216383 -0.763238 153 153 153
0.28996 0.340327 1.01141 153 153 153
0.30531 0.335841 0.758993 153 153 153
-0.166449 -0.222225 0.751008 153 153 153
0.303157 0.354841 0.702987 153 153 153
0.258862 0.34346 0.659772 153 153 153
-0.183048 -0.199782 0.856363 153 153 153
-0.195588 -0.201145 0.903188 153 153 153
-0.200012 -0.20018 0.949954 153 153 153
0.29672 0.330154 -0.756511 153 153 153
-0.195869 -0.213464 1.03799 153 153 153
-0.163678 -0.250305 1.09655 153 153 153
0.300652 0.319203 -0.799764 153 153 153
-0.152375 -0.203934 -1.09428 153 153 153
0.236772 0.343687 -1.05856 153 153 153
0.251054 0.318802 0.699327 153 153 153
0.241262 0.341495 -0.643292 153 153 153
0.251054 0.318802 -0.699327 153 153 153
0.188902 0.372953 0.621166 153 153 153
-0.110646 -0.248728 0.743233 153 153 153
0.181392 0.29503 -0.666714 255 216 0
0.104584 0.357995 0.849116 153 153 153
0.114557 0.350359 0.799497 153 153 153
0.129313 0.350408 0.749207 153 153 153
-0.0883806 -0.202388 1.10237 153 153 153
-0.0898267 -0.199158 -1.10561 153 153 153
-0.0620755 -0.201248 -1.05089 153 153 153
-0.0528551 -0.192813 -1.0105 153 153 153
-0.0531278 -0.194808 -0.949874 153 153 153
-0.0596595 -0.200794 -0.899625 153 153 153
-0.0680428 -0.201385 -0.849106 153 153 153
-0.0793563 -0.201676 -0.798474 153 153 153
-0.0954782 -0.218114 -0.761477 153 153 153
-0.107952 -0.191055 0.729708 255 216 0
-0.0793562 -0.201676 0.798474 153 153 153
-0.0680427 -0.201385 0.849106 153 153 153
-0.0596595 -0.200794 0.899625 153 153 153
-0.0531589 -0.194941 0.949928 153 153 153
-0.0531792 -0.1947 1.00766 153 153 153
-0.0620756 -0.201248 1.05089 153 153 153
0.147826 0.345416 0.696796 153 153 153
0.156514 0.383592 -0.685713 153 153 153
0.129313 0.350408 -0.749207 153 153 153
0.114557 0.350359 -0.799496 153 153 153
0.0620755 -0.201248 -1.05089 153 153 153
0.102863 0.350095 -0.849908 153 153 153
0.104161 0.350273 -1.00022 153 153 153
0.140683 0.359751 -1.04845 153 153 153
0.0685047 -0.206747 -0.854549 153 153 153
0.0793562 -0.201676 -0.798474 153 153 153
0.106343 0.346251 1.01062 153 153 153
0.0958046 -0.216208 -0.75906 153 153 153
0.0868242 0.314925 0.904196 153 153 153
-0.0953689 0.349951 0.90002 153 153 153
-0.0916481 0.341643 -0.943114 153 153 153
-0.106411 0.353819 1.00226 153 153 153
0.0940233 -0.238295 0.783626 153 153 153
0.0680428 -0.201385 0.849106 153 153 153
0.0596595 -0.200794 0.899625 153 153 153
-0.0936125 0.345491 0.957487 153 153 153
-0.106286 0.357236 0.839887 153 153 153
-0.113339 0.336025 0.794066 153 153 153
-0.129313 0.350408 0.749207 153 153 153
0.0855465 -0.209722 1.09434 153 153 153
-0.145169 0.347253 0.703796 153 153 153
-0.129313 0.350408 -0.749207 153 153 153
-0.114557 0.350359 -0.799496 153 153 153
0.145291 -0.205962 -1.10123 153 153 153
-0.0985457 0.341564 -0.863785 153 153 153
-0.104544 0.349604 -1.00212 153 153 153
-0.149234 0.34862 -1.06166 153 153 153
0.156461 -0.236963 -0.713034 153 153 153
-0.148149 0.351139 -0.697702 153 153 153
-0.195959 0.302317 -0.66446 153 153 153
0.142986 -0.202872 0.744401 153 153 153
-0.224916 0.35255 -1.06339 153 153 153
0.142505 -0.205289 1.10311 153 153 153
-0.295161 0.348625 0.704413 153 153 153
0.149402 -0.283526 1.093 153 153 153
0.199441 -0.224261 -1.04673 153 153 153
-0.251054 0.318802 0.699327 153 153 153
-0.244108 0.344958 0.640179 153 153 153
-0.259984 0.343396 -0.661369 153 153 153
-0.251054 0.318802 -0.699327 153 153 153
0.200359 -0.200388 -0.95525 153 153 153
-0.292625 0.355007 1.01484 153 153 153
0.196639 -0.202751 -0.899769 153 153 153
0.186452 -0.203999 -0.852736 153 153 153
-0.332677 0.349966 0.950022 153 153 153
0.169871 -0.202367 -0.80668 153 153 153
-0.290024 0.295968 0.955942 153 153 153
0.161485 -0.196482 0.799871 153 153 153
-0.299852 0.299882 0.909049 153 153 153
-0.299006 0.305347 0.849465 153 153 153
0.19544 -0.215105 0.843369 153 153 153
-0.300652 0.319203 0.799764 153 153 153
0.198884 -0.204891 0.899647 153 153 153
-0.3048 0.335688 0.758304 153 153 153
0.198427 -0.198674 0.948608 153 153 153
-0.300652 0.319203 -0.799764 153 153 153
0.196298 -0.200214 1.00106 153 153 153
0.17986 -0.199688 1.0502 153 153 153
0.198716 -0.246167 1.06724 153 153 153
0.767146 -0.203616 -0.650232 153 153 153
-0.2968 0.303373 -0.849737 153 153 153
-0.300619 0.300653 -0.90136 153 153 153
-0.332677 0.349966 -0.950022 153 153 153
0.75145 -0.200618 -0.601076 153 153 153
-0.298352 0.304517 -0.95107 153 153 153
0.782711 -0.209337 0.606315 153 153 153
-0.292117 0.347698 -1.01243 153 153 153
1.05003 0.260817 0.100006 153 153 153
1.05002 0.262443 0.0500028 153 153 153
0.750047 -0.200684 0.646403 153 153 153
1.05002 0.262969 0 153 153 153
1.05002 0.262443 -0.0500028 153 153 153
0.807161 -0.20643 -0.649558 153 153 153
0.80002 -0.21296 -0.599991 153 153 153
1.05003 0.260817 -0.100005 153 153 153
0.800052 -0.214288 -0.550003 153 153 153
0.800069 -0.211794 -0.500013 153 153 153
0.754739 -0.191586 -0.508167 153 153 153
0.995929 0.253809 0.293211 153 153 153
0.796439 -0.204875 -0.449866 153 153 153
1 0.257457 0.250002 153 153 153
0.800819 -0.199537 -0.392713 153 153 153
1 0.260734 0.200001 153 153 153
0.834658 -0.218866 0.406307 153 153 153
1 0.262846 0.15 153 153 153
1 0.264126 0.0999999 153 153 153
1 0.264804 0.0499998 153 153 153
0.798758 -0.206133 0.450544 153 153 153
0.7923 -0.208509 0.499659 153 153 153
1 0.265014 0 153 153 153
0.800052 -0.214288 0.550003 153 153 153
1 0.264804 -0.0499998 153 153 153
1 0.264126 -0.0999997 153 153 153
1 0.262846 -0.15 153 153 153
0.796831 -0.200292 0.676666 153 153 153
1 0.260734 -0.200001 153 153 153
1 0.257457 -0.250002 153 153 153
0.850005 -0.215704 -0.600019 153 153 153
0.849999 -0.223895 -0.550002 153 153 153
0.85001 -0.227378 -0.499998 153 153 153
0.850027 -0.22743 -0.450002 153 153 153
0.850043 -0.225124 -0.400006 153 153 153
0.949899 0.253437 0.275117 153 153 153
0.850052 -0.221364 -0.350009 153 153 153
0.850053 -0.216884 -0.300009 153 153 153
0.801413 -0.187393 -0.306592 153 153 153
0.94784 0.253893 0.220875 153 153 153
0.84465 -0.208937 -0.249895 153 153 153
0.946303 0.25345 0.162486 153 153 153
0.847966 -0.206602 -0.199873 153 153 153
0.947699 0.253634 0.12081 153 153 153
0.847814 -0.202786 -0.149942 153 153 153
0.946727 0.252949 0.062487 153 153 153
0.848727 -0.200738 -0.102708 153 153 153
0.947714 0.253153 0.0208272 153 153 153
0.946727 0.252844 -0.0374914 153 153 153
0.947664 0.253363 -0.0791448 153 153 153
0.861178 -0.209154 0.100775 153 153 153
0.946293 0.253294 -0.137482 153 153 153
0.850036 -0.204299 0.149996 153 153 153
0.947728 0.253927 -0.179167 153 153 153
0.846045 -0.205343 0.199871 153 153 153
0.94637 0.253421 -0.237536 153 153 153
0.844339 -0.209418 0.256919 153 153 153
0.841209 -0.212647 0.307849 153 153 153
0.9547 0.253848 -0.283833 153 153 153
0.850052 -0.221364 0.350009 153 153 153
0.251848 0.296536 1.03365 153 153 153
0.296932 0.305205 0.958121 153 153 153
0.850027 -0.22743 0.450002 153 153 153
0.85001 -0.227378 0.499998 153 153 153
0.849999 -0.223895 0.550002 153 153 153
0.3001 0.300173 0.899966 153 153 153
0.297076 0.303608 0.849766 153 153 153
0.845326 -0.204043 0.644693 153 153 153
0.859712 -0.201492 -0.643121 153 153 153
0.289165 0.309934 0.799739 153 153 153
0.249124 0.296873 0.746094 153 153 153
0.900037 -0.222184 -0.55006 153 153 153
0.900004 -0.232235 -0.500025 153 153 153
0.899992 -0.238017 -0.450007 153 153 153
0.899992 -0.240662 -0.400001 153 153 153
0.899994 -0.241099 -0.35 153 153 153
0.899997 -0.240102 -0.3 153 153 153
0.9 -0.238304 -0.25 153 153 153
0.900002 -0.236211 -0.2 153 153 153
0.900004 -0.234213 -0.15 153 153 153
0.900005 -0.232593 -0.1 153 153 153
0.299006 0.305347 -0.849465 153 153 153
0.900006 -0.231547 -0.0500001 153 153 153
0.900006 -0.231185 0 153 153 153
0.299775 0.299851 -0.900102 153 153 153
0.900006 -0.231547 0.0500001 153 153 153
0.84165 -0.19353 0.039212 153 153 153
0.900005 -0.232593 0.1 153 153 153
0.900004 -0.234213 0.15 153 153 153
0.900002 -0.236211 0.2 153 153 153
0.9 -0.238304 0.25 153 153 153
0.899997 -0.240102 0.3 153 153 153
0.899994 -0.241099 0.35 153 153 153
0.899992 -0.240662 0.400001 153 153 153
0.899992 -0.238017 0.450007 153 153 153
0.900004 -0.232235 0.500025 153 153 153
0.900037 -0.222184 0.55006 153 153 153
0.295239 0.300936 -0.95165 153 153 153
0.873371 -0.215832 0.589916 153 153 153
0.275672 0.299922 -1.00007 153 153 153
0.901379 -0.205082 -0.602407 153 153 153
0.250869 0.278341 0.799656 153 153 153
0.249306 0.294775 -0.751645 153 153 153
0.950101 -0.224636 -0.500101 153 153 153
0.950039 -0.236631 -0.450048 153 153 153
0.950005 -0.244633 -0.400013 153 153 153
0.256938 0.285606 -0.793247 153 153 153
0.95664 -0.250382 0.344281 153 153 153
0.950005 -0.244633 0.400013 153 153 153
0.950039 -0.236631 0.450048 153 153 153
0.950101 -0.224636 0.500101 153 153 153
0.200877 0.300025 1.07867 153 153 153
0.947938 -0.209546 0.546885 153 153 153
0.205541 0.297354 0.678476 153 153 153
0.941235 -0.206007 -0.56263 153 153 153
0.213905 0.283851 -0.712254 153 153 153
0.200877 0.300025 -1.07867 153 153 153
0.145111 0.260856 1.09973 153 153 153
1.00011 -0.235519 -0.400081 153 153 153
1.00003 -0.245517 -0.350022 153 153 153
1.00003 -0.245516 0.350022 153 153 153
1.00011 -0.235519 0.400081 153 153 153
1.00019 -0.221621 0.450135 153 153 153
0.106365 0.304668 0.79643 153 153 153
0.99161 -0.209532 0.495095 153 153 153
0.120437 0.300902 0.748369 153 153 153
1.00115 -0.19799 -0.508534 153 153 153
0.138546 0.293322 0.702232 153 153 153
0.999766 -0.218109 -0.461188 153 153 153
1.05529 -0.207851 -0.400169 153 153 153
1.05025 -0.227001 -0.350126 153 153 153
1.05014 -0.23872 -0.300067 153 153 153
0.140299 0.30776 -0.702576 153 153 153
1.04814 -0.244247 0.274239 153 153 153
0.120437 0.300902 -0.748369 153 153 153
1.05025 -0.227 0.350126 153 153 153
1.04344 -0.217399 0.394792 153 153 153
0.10717 0.305326 -1.05083 153 153 153
0.132959 0.305415 1.0769 153 153 153
0.0850352 0.300079 1.00005 153 153 153
0.0803895 0.300016 0.95 153 153 153
1.10217 -0.186689 -0.355429 153 153 153
0.0924084 0.300045 0.849957 153 153 153
0.098113 0.30734 -0.831231 153 153 153
1.10033 -0.221703 -0.250108 153 153 153
1.10029 -0.231433 -0.200077 153 153 153
1.1002 -0.238416 -0.150042 153 153 153
0.0838767 0.300029 -0.899984 153 153 153
0.081799 0.293986 -0.993487 153 153 153
-0.0850353 0.300079 1.00005 153 153 153
-0.0803895 0.300016 0.95 153 153 153
1.11857 -0.233363 0.0890685 153 153 153
1.1002 -0.238416 0.150042 153 153 153
1.10029 -0.231433 0.200077 153 153 153
1.11638 -0.208793 0.253105 153 153 153
1.09149 -0.216859 0.294286 153 153 153
-0.0884555 0.300864 0.871365 153 153 153
-0.0924084 0.300045 -0.849957 153 153 153
-0.0838767 0.300029 -0.899984 153 153 153
1.10162 -0.206583 -0.303008 153 153 153
-0.0803895 0.300016 -0.95 153 153 153
1.14004 -0.190047 -0.240785 153 153 153
-0.0850352 0.300079 -1.00005 153 153 153
-0.108188 0.314581 1.04463 153 153 153
1.15272 -0.205153 -0.105327 153 153 153
1.15438 -0.208269 -0.0519246 153 153 153
1.15759 -0.206766 0.00351242 153 153 153
1.15563 -0.206942 0.054816 153 153 153
-0.120437 0.300902 -0.748369 153 153 153
-0.104357 0.300594 -0.800583 153 153 153
1.14984 -0.201322 0.150531 153 153 153
1.13684 -0.201987 0.207926 153 153 153
-0.108459 0.301075 -1.05616 153 153 153
-0.149642 0.300627 1.08643 153 153 153
1.1493 -0.199534 -0.163217 153 153 153
-0.140299 0.30776 -0.702576 153 153 153
-0.1453 0.282288 -1.09285 153 153 153
-0.200877 0.300025 1.07867 153 153 153
-0.194617 0.248009 0.75187 153 153 153
-0.216753 0.286653 0.711229 153 153 153
-0.192272 0.300223 0.665 153 153 153
-0.203985 0.275733 -0.712499 153 153 153
-1.19802 -0.155659 -0.0526047 153 153 153
-0.208938 0.254956 -0.765367 153 153 153
-0.241175 0.308908 -1.051 153 153 153
-1.20195 -0.151715 -0.00827089 153 153 153
-0.200877 0.300025 -1.07867 153 153 153
-0.23551 0.274706 1.03999 153 153 153
-1.20758 -0.139564 0.0509411 153 153 153
-1.14173 -0.162406 -0.308146 153 153 153
-0.275672 0.299922 1.00006 153 153 153
-0.230552 0.239937 1.00192 153 153 153
-0.248637 0.249136 0.950334 153 153 153
-1.16479 -0.155613 -0.250604 153 153 153
-1.1384 -0.200268 -0.208917 153 153 153
-1.18051 -0.150863 -0.200304 153 153 153
-0.251237 0.253572 0.900984 153 153 153
-0.251451 0.261888 0.857879 153 153 153
-0.259946 0.287481 0.7951 153 153 153
-0.261963 0.30911 0.741059 153 153 153
-1.14969 -0.188719 0.208997 153 153 153
-1.18051 -0.150863 0.200304 153 153 153
-0.256019 0.303342 -0.743739 153 153 153
-1.15291 -0.170341 0.254913 153 153 153
-0.242331 0.255611 -0.850707 153 153 153
-1.15946 -0.14245 0.295443 153 153 153
-0.248578 0.251225 -0.899988 153 153 153
-0.250471 0.251055 -0.950467 153 153 153
-0.252488 0.275087 -1.01285 153 153 153
-1.10112 -0.163819 -0.402877 153 153 153
-0.998183 0.252912 0.299116 153 153 153
-1.13397 -0.150791 -0.350467 153 153 153
-1.13396 -0.150791 0.350467 153 153 153
-1.09543 -0.188504 0.366418 153 153 153
-1 0.257457 0.250002 153 153 153
-1.10947 -0.147949 0.410403 153 153 153
-1 0.260734 0.200001 153 153 153
-1 0.262846 0.15 153 153 153
-1.05597 -0.15772 -0.494622 153 153 153
-1 0.264126 0.0999999 153 153 153
-1 0.264804 0.0499998 153 153 153
-1.08704 -0.150698 -0.450504 153 153 153
-1 0.265014 0 153 153 153
-1.04293 -0.188238 0.465761 153 153 153
-1 0.264804 -0.0499998 153 153 153
-1.05322 -0.153795 0.50435 153 153 153
-1 0.264126 -0.0999997 153 153 153
-1 0.262846 -0.15 153 153 153
-1 0.260734 -0.200001 153 153 153
-1.01462 -0.169342 -0.540262 153 153 153
-1.01697 -0.155712 0.555743 153 153 153
-1 0.257457 -0.250002 153 153 153
-0.984514 -0.155169 0.598933 153 153 153
-1.05823 0.25474 0.162939 153 153 153
-0.950349 -0.182183 -0.600316 153 153 153
-0.993552 -0.156869 -0.585442 153 153 153
-1.05003 0.260817 0.100006 153 153 153
-0.959865 -0.193116 0.5699 153 153 153
-1.05002 0.262443 0.0500028 153 153 153
-1.05002 0.262969 0 153 153 153
-0.900275 -0.182565 -0.6503 153 153 153
-0.941629 -0.163204 -0.638245 153 153 153
-1.04429 0.263131 -0.0625837 153 153 153
-1.05607 0.257288 -0.137816 153 153 153
-1.04598 0.254781 -0.19905 153 153 153
1.14509 0.205391 0.153055 153 153 153
-0.850233 -0.177958 -0.700306 153 153 153
-0.898494 -0.156784 -0.690048 153 153 153
-0.842452 -0.194101 -0.0384252 153 153 153
1.10033 0.221703 0.250108 153 153 153
1.10029 0.231433 0.200078 153 153 153
1.04596 0.255424 0.19247 153 153 153
-0.850233 -0.177958 0.700306 153 153 153
1.1002 0.238416 0.150042 153 153 153
-0.807587 -0.163521 -0.754648 153 153 153
1.05188 0.257977 0.14323 153 153 153
1.09716 0.244562 0.100358 153 153 153
-0.800038 -0.192661 -0.700086 153 153 153
1.10203 0.244821 0.0502553 153 153 153
-0.799874 -0.185389 -0.299974 153 153 153
-0.799833 -0.178459 -0.24997 153 153 153
-0.789919 -0.164671 -0.19971 153 153 153
-0.79455 -0.163258 -0.151102 153 153 153
-0.800713 -0.164134 -0.0966302 153 153 153
-0.78828 -0.151533 -0.042839 153 153 153
-0.792287 -0.154308 0.00520252 153 153 153
-0.795897 -0.158093 0.0499724 153 153 153
-0.794013 -0.159507 0.109412 153 153 153
-0.794127 -0.163636 0.158788 153 153 153
-0.799815 -0.17235 0.199973 153 153 153
-0.799833 -0.178459 0.24997 153 153 153
1.09898 0.247188 1.99391e-06 153 153 153
1.10179 0.244942 -0.0502281 153 153 153
-0.800038 -0.192661 0.700086 153 153 153
1.09688 0.244703 -0.100314 153 153 153
1.1002 0.238416 -0.150042 153 153 153
-0.800139 -0.167034 0.754028 153 153 153
1.05751 0.255388 -0.15776 153 153 153
-0.754054 -0.150351 -0.807768 153 153 153
1.10029 0.231433 -0.200078 153 153 153
-0.750041 -0.181415 -0.750127 153 153 153
-0.749994 -0.194994 -0.700018 153 153 153
1.04566 0.25466 -0.201089 153 153 153
-0.743296 -0.190262 -0.537014 153 153 153
-0.749922 -0.178396 -0.449975 153 153 153
-0.752643 -0.169745 -0.397528 153 153 153
-0.756002 -0.161136 -0.341733 153 153 153
1.10033 0.221703 -0.250108 153 153 153
1.05013 0.207729 0.409858 153 153 153
-0.755133 -0.143843 -0.249029 153 153 153
1.05025 0.227 0.350126 153 153 153
1.05014 0.23872 0.300067 153 153 153
1.0606 0.24327 0.250559 153 153 153
1.04724 0.247702 -0.254191 153 153 153
1.05014 0.23872 -0.300067 153 153 153
0.999528 0.253004 -0.296835 153 153 153
1.05025 0.227001 -0.350126 153 153 153
1.00252 0.198415 0.505766 153 153 153
-0.759949 -0.139873 0.195497 153 153 153
-0.748588 -0.140278 0.25943 153 153 153
1.00019 0.221621 0.450135 153 153 153
-0.73811 -0.142505 0.315829 153 153 153
-0.74486 -0.15705 0.36206 153 153 153
-0.746075 -0.166598 0.404041 153 153 153
-0.749922 -0.178396 0.449975 153 153 153
-0.749954 -0.187675 0.499986 153 153 153
1.00011 0.235519 0.400081 153 153 153
-0.749994 -0.194994 0.700018 153 153 153
-0.750041 -0.181415 0.750127 153 153 153
-0.760281 -0.149876 0.804754 153 153 153
1.00003 0.245516 0.350022 153 153 153
1.00003 0.245517 -0.350022 153 153 153
-0.714233 -0.138011 -0.846607 153 153 153
-0.700023 -0.167801 -0.800092 153 153 153
-0.699991 -0.182196 -0.750021 153 153 153
-0.699996 -0.187408 -0.700001 153 153 153
-0.700006 -0.185782 -0.650001 153 153 153
-0.700009 -0.179289 -0.600003 153 153 153
-0.699998 -0.169593 -0.549999 153 153 153
-0.708151 -0.164413 -0.505552 153 153 153
1.00011 0.235519 -0.400081 153 153 153
1.00019 0.221621 -0.450135 153 153 153
1.00005 0.202614 -0.500037 153 153 153
0.950101 0.224636 0.500101 153 153 153
0.950039 0.236631 0.450048 153 153 153
0.950005 0.244633 0.400013 153 153 153
0.95983 0.251157 0.335838 153 153 153
-0.694208 -0.141903 0.451645 153 153 153
-0.695467 -0.157476 0.509432 153 153 153
-0.699998 -0.169593 0.549999 153 153 153
-0.700009 -0.179289 0.600003 153 153 153
-0.700006 -0.185782 0.650002 153 153 153
-0.699996 -0.187408 0.7 153 153 153
-0.699991 -0.182196 0.750021 153 153 153
-0.700023 -0.167801 0.800092 153 153 153
0.942013 0.249722 -0.340043 153 153 153
0.950005 0.244633 -0.400013 153 153 153
-0.654561 -0.147669 -0.857035 153 153 153
0.950039 0.236631 -0.450048 153 153 153
-0.650004 -0.168133 -0.799989 153 153 153
-0.650041 -0.174018 -0.749995 153 153 153
-0.633954 -0.166647 -0.705901 153 153 153
-0.650072 -0.164566 -0.650029 153 153 153
0.950101 0.224636 -0.500101 153 153 153
-0.660538 -0.159034 -0.599712 153 153 153
-0.653602 -0.141903 -0.549184 153 153 153
0.950083 0.207329 -0.550077 153 153 153
0.900042 0.206439 0.600051 153 153 153
-0.648073 -0.139232 0.551792 153 153 153
0.900037 0.222184 0.55006 153 153 153
0.900004 0.232235 0.500025 153 153 153
-0.650072 -0.164566 0.650029 153 153 153
-0.650075 -0.17208 0.700021 153 153 153
-0.650041 -0.174018 0.749995 153 153 153
-0.650004 -0.168133 0.799989 153 153 153
0.899992 0.238017 0.450007 153 153 153
0.899992 0.240662 0.400001 153 153 153
0.899994 0.241099 0.35 153 153 153
0.899997 0.240102 0.3 153 153 153
0.9 0.238304 0.25 153 153 153
-0.600061 -0.160336 -0.799985 153 153 153
-0.595041 -0.157073 -0.747951 153 153 153
0.900002 0.236211 0.2 153 153 153
0.900004 0.234213 0.15 153 153 153
-0.604855 -0.141198 -0.647118 153 153 153
0.900005 0.232593 0.1 153 153 153
-0.648437 -0.152444 0.599881 153 153 153
-0.600476 -0.139401 0.648988 153 153 153
0.900006 0.231547 0.0500001 153 153 153
0.900006 0.231185 0 153 153 153
-0.600095 -0.159098 0.750026 153 153 153
-0.600061 -0.160336 0.799985 153 153 153
0.900006 0.231547 -0.0500001 153 153 153
-0.61622 -0.153963 0.847621 153 153 153
-0.591345 -0.153945 -0.840323 153 153 153
0.900005 0.232593 -0.1 153 153 153
0.900004 0.234213 -0.15 153 153 153
0.900002 0.236211 -0.2 153 153 153
-0.603699 -0.151907 0.694412 153 153 153
-0.556793 -0.144597 0.762198 153 153 153
-0.554059 -0.148459 0.819657 153 153 153
0.9 0.238304 -0.25 153 153 153
0.899997 0.240102 -0.3 153 153 153
0.899994 0.241099 -0.35 153 153 153
0.899992 0.240663 -0.400001 153 153 153
0.899992 0.238017 -0.450007 153 153 153
-0.151887 -0.17118 -0.849498 153 153 153
-0.149937 -0.185964 -0.796563 153 153 153
-0.150891 -0.185306 0.801043 153 153 153
-0.151887 -0.17118 0.849498 153 153 153
0.900004 0.232235 -0.500025 153 153 153
0.900037 0.222184 -0.55006 153 153 153
0.868675 0.196864 0.648261 153 153 153
0.850005 0.215704 0.600019 153 153 153
-0.123631 -0.15784 -1.09735 153 153 153
0.849999 0.223895 0.550002 153 153 153
-0.141268 -0.152472 -1.05203 153 153 153
-0.147876 -0.148295 -0.993467 153 153 153
0.85001 0.227378 0.499998 153 153 153
-0.1515 -0.156643 -0.915773 153 153 153
0.850027 0.22743 0.450002 153 153 153
0.850043 0.225124 0.400007 153 153 153
0.847943 0.220123 0.347785 153 153 153
-0.125791 -0.184179 -0.746494 153 153 153
0.844342 0.209945 0.262343 153 153 153
0.847565 0.208102 0.220644 153 153 153
0.847632 0.203515 0.162419 153 153 153
0.855362 0.205275 0.101707 153 153 153
-0.145461 -0.153426 0.899732 153 153 153
-0.14942 -0.150059 0.957056 153 153 153
-0.150487 -0.153057 1.01378 153 153 153
-0.146116 -0.165976 1.06773 153 153 153
-0.132858 -0.190624 1.10612 153 153 153
0.857907 0.206559 -0.0910071 153 153 153
-0.0677013 -0.155189 -1.11031 153 153 153
0.849314 0.203991 -0.152746 153 153 153
0.844435 0.207621 -0.237368 153 153 153
0.850053 0.216884 -0.300009 153 153 153
0.850052 0.221364 -0.350009 153 153 153
-0.0443536 -0.144534 -0.898864 153 153 153
0.850043 0.225124 -0.400006 153 153 153
0.850027 0.22743 -0.450002 153 153 153
-0.0669528 -0.153982 -0.785596 153 153 153
0.85001 0.227378 -0.499998 153 153 153
0.849999 0.223895 -0.550002 153 153 153
-0.0423923 -0.137683 0.898835 153 153 153
-0.0547392 -0.156752 0.84968 153 153 153
0.850005 0.215704 -0.600019 153 153 153
0.805584 0.200774 0.672564 153 153 153
0.80002 0.21296 0.599991 153 153 153
-0.0434576 -0.143201 1.05655 153 153 153
-0.0677015 -0.155189 1.11031 153 153 153
-0.0455722 -0.147479 -1.06038 153 153 153
-0.0401304 -0.149258 -0.99995 153 153 153
-0.0411981 -0.149359 -0.950166 153 153 153
0.797563 0.213504 0.548232 153 153 153
0.794133 0.205359 0.463124 153 153 153
-0.0411981 -0.149359 0.950166 153 153 153
-0.0401304 -0.149258 0.99995 153 153 153
0.805507 0.204672 -0.41097 153 153 153
0.791663 0.20696 -0.487241 153 153 153
0.800052 0.214288 -0.550003 153 153 153
0.044627 -0.145923 -1.0581 153 153 153
0.051772 -0.192971 -0.987304 153 153 153
0.0401304 -0.149258 -0.99995 153 153 153
0.0471566 -0.162087 -0.918244 153 153 153
0.80002 0.21296 -0.599991 153 153 153
0.760541 0.203745 0.622873 153 153 153
0.0625678 -0.111604 -0.756351 255 216 0
0.756261 0.202581 -0.614502 153 153 153
0.24567 0.257681 0.9994 153 153 153
0.250436 0.251105 0.951518 153 153 153
0.0465441 -0.153662 0.902332 153 153 153
0.052059 -0.193095 0.962729 153 153 153
0.0411981 -0.149359 0.950166 153 153 153
0.0574288 -0.194937 1.03984 153 153 153
0.0401304 -0.149258 0.99995 153 153 153
0.248659 0.251333 0.899756 153 153 153
0.239708 0.255548 0.842317 153 153 153
0.249909 0.26097 -0.856032 153 153 153
0.250001 0.252417 -0.900992 153 153 153
0.067701 -0.155189 -1.11031 153 153 153
0.248911 0.249437 -0.95057 153 153 153
0.234697 0.241131 -0.991053 153 153 153
0.234618 0.269077 -1.03662 153 153 153
0.153987 -0.203734 -0.763854 153 153 153
0.101654 -0.161961 0.743746 153 153 153
0.200885 0.246919 1.06515 153 153 153
0.0653044 -0.151269 0.788159 153 153 153
0.206297 0.23688 0.806582 153 153 153
0.0677013 -0.155189 1.11031 153 153 153
0.199091 0.255168 -0.745021 153 153 153
0.0914282 -0.203904 -1.10424 153 153 153
0.201474 0.236507 -0.795277 153 153 153
0.147117 -0.161896 -1.05766 153 153 153
0.1938 0.211787 -0.849632 153 153 153
0.150821 -0.15134 -0.994122 153 153 153
0.143734 0.309029 -1.08058 153 153 153
0.149469 -0.150617 -0.949801 153 153 153
0.106916 0.244763 0.750169 153 153 153
0.145401 -0.153312 -0.900035 153 153 153
0.169954 0.263297 -0.693287 153 153 153
0.143689 -0.163412 -0.847542 153 153 153
0.121264 -0.15337 -0.802131 153 153 153
0.123684 0.24022 -0.715409 153 153 153
0.124706 -0.161912 0.789135 153 153 153
0.16252 0.214054 -0.759966 153 153 153
0.179328 0.245092 -1.0858 153 153 153
0.145896 -0.167957 0.839212 153 153 153
0.107202 0.243949 1.09401 153 153 153
0.148175 -0.156129 0.899588 153 153 153
0.0811216 0.250708 1.05067 153 153 153
0.149724 -0.150948 0.948801 153 153 153
0.0689682 0.250424 1.00016 153 153 153
0.14792 -0.148342 0.993487 153 153 153
0.0674134 0.250323 0.949952 153 153 153
0.141268 -0.152472 1.05203 153 153 153
0.07215 0.250376 0.899794 153 153 153
0.0809016 0.250445 0.849641 153 153 153
0.617935 -0.154423 -0.846267 153 153 153
0.0903512 0.247209 0.805473 153 153 153
0.600061 -0.160337 -0.799985 153 153 153
0.0809016 0.250445 -0.84964 153 153 153
0.07215 0.250376 -0.899794 153 153 153
0.594494 -0.157086 -0.749831 153 153 153
0.0674134 0.250323 -0.949952 153 153 153
0.5975 -0.150176 -0.699657 153 153 153
0.0689682 0.250424 -1.00016 153 153 153
0.633623 -0.166744 0.707717 153 153 153
0.0858979 0.247553 -1.0643 153 153 153
-0.0811216 0.250708 1.05067 153 153 153
-0.0689682 0.250424 1.00016 153 153 153
0.594604 -0.157897 0.757538 153 153 153
-0.0644941 0.237275 0.942287 153 153 153
-0.0899069 0.246615 0.806589 153 153 153
-0.0926814 0.250294 -0.799694 153 153 153
0.592597 -0.157575 0.816087 153 153 153
0.599975 -0.150616 0.856881 153 153 153
-0.0809016 0.250445 -0.84964 153 153 153
-0.07215 0.250376 -0.899794 153 153 153
0.650004 -0.168133 -0.799989 153 153 153
0.650041 -0.174018 -0.749995 153 153 153
0.650075 -0.172081 -0.700021 153 153 153
0.642708 -0.16087 -0.649156 153 153 153
-0.0674134 0.250323 -0.949952 153 153 153
-0.0689682 0.250424 -1.00016 153 153 153
0.651232 -0.152163 -0.59262 153 153 153
-0.0818727 0.24737 -1.05594 153 153 153
0.660538 -0.159034 0.599713 153 153 153
-0.112537 0.257017 1.09056 153 153 153
-0.121593 0.296356 0.742528 153 153 153
0.650072 -0.164566 0.650029 153 153 153
-0.107565 0.255881 -0.756006 153 153 153
-0.0865808 0.211258 -1.09453 153 153 153
0.650041 -0.174018 0.749995 153 153 153
0.650004 -0.168133 0.799989 153 153 153
-0.16398 0.237674 1.09527 153 153 153
0.650396 -0.152521 0.848116 153 153 153
-0.163804 0.268288 0.686054 255 216 0
0.692168 -0.146668 -0.844821 153 153 153
0.700023 -0.167801 -0.800092 153 153 153
0.699991 -0.182196 -0.750021 153 153 153
0.699996 -0.187408 -0.7 153 153 153
0.700006 -0.185782 -0.650001 153 153 153
0.700009 -0.179289 -0.600003 153 153 153
-0.138207 0.233042 0.7076 255 216 0
0.699998 -0.169593 -0.549999 153 153 153
-0.134611 0.26427 -0.70361 153 153 153
0.696644 -0.156435 -0.502202 153 153 153
-0.165741 0.229916 -0.73535 153 153 153
-0.199097 0.247421 1.06754 153 153 153
-0.193208 0.195438 0.993239 153 153 153
0.707875 -0.163435 0.502063 153 153 153
0.699998 -0.169593 0.549999 153 153 153
-0.198571 0.198769 0.94972 153 153 153
0.700009 -0.179289 0.600003 153 153 153
0.700006 -0.185782 0.650002 153 153 153
0.699996 -0.187408 0.7 153 153 153
0.699991 -0.182196 0.750021 153 153 153
0.700023 -0.167801 0.800092 153 153 153
-0.198884 0.204891 0.899647 153 153 153
-0.203804 0.219669 0.854875 153 153 153
-0.205244 0.235384 0.80812 153 153 153
-0.239273 0.265645 -0.808 153 153 153
0.750041 -0.181415 -0.750127 153 153 153
0.749994 -0.194994 -0.700018 153 153 153
0.74595 -0.194341 -0.556879 153 153 153
-0.201154 0.218641 -0.849658 153 153 153
-0.196639 0.202751 -0.899769 153 153 153
0.749922 -0.178396 -0.449975 153 153 153
0.749904 -0.168375 -0.399971 153 153 153
0.700235 -0.131908 -0.396322 153 153 153
-0.201865 0.201903 -0.954058 153 153 153
0.746807 -0.156174 -0.350775 153 153 153
-0.199194 0.203348 -1.00077 153 153 153
-0.198743 0.245806 -1.06699 153 153 153
-0.75357 0.201822 0.635134 153 153 153
0.753222 -0.159491 0.343746 153 153 153
0.754184 -0.170564 0.396386 153 153 153
-0.755588 0.202207 -0.607051 153 153 153
0.749922 -0.178396 0.449975 153 153 153
0.701621 -0.145997 0.447567 153 153 153
0.749954 -0.187675 0.499986 153 153 153
0.744318 -0.192755 0.550642 153 153 153
0.749994 -0.194994 0.700018 153 153 153
0.750041 -0.181415 0.750127 153 153 153
-0.8 0.206351 0.649994 153 153 153
0.746126 -0.159028 0.798851 153 153 153
0.758718 -0.155751 -0.797135 153 153 153
0.800072 -0.168754 -0.751209 153 153 153
-0.80002 0.21296 0.599991 153 153 153
0.800038 -0.192661 -0.700086 153 153 153
0.78926 -0.187399 -0.35988 153 153 153
-0.800052 0.214288 0.550003 153 153 153
-0.805042 0.204248 -0.409666 153 153 153
0.799833 -0.178459 -0.24997 153 153 153
-0.800052 0.214288 -0.550003 153 153 153
-0.80002 0.21296 -0.599991 153 153 153
-0.849129 0.201133 0.650847 153 153 153
0.800456 -0.170227 -0.17534 153 153 153
0.765139 -0.138893 -0.150218 153 153 153
-0.850005 0.215704 0.600019 153 153 153
0.802282 -0.165737 -0.102359 153 153 153
-0.849999 0.223895 0.550002 153 153 153
0.795897 -0.158094 -0.0499724 153 153 153
-0.85001 0.227378 0.499998 153 153 153
0.796526 -0.157827 -0.00118371 153 153 153
-0.850027 0.22743 0.450002 153 153 153
0.78828 -0.151533 0.0428391 153 153 153
-0.850043 0.225124 0.400007 153 153 153
0.801407 -0.164833 0.0990114 153 153 153
0.792306 -0.161876 0.155556 153 153 153
-0.850052 0.221364 0.350009 153 153 153
0.799815 -0.17235 0.199973 153 153 153
0.754886 -0.134964 0.190731 153 153 153
0.799833 -0.178459 0.24997 153 153 153
-0.841415 0.211027 0.290856 153 153 153
0.799874 -0.185389 0.299974 153 153 153
0.750976 -0.147804 0.291057 153 153 153
0.804193 -0.195438 0.34979 153 153 153
-0.847961 0.220074 -0.347125 153 153 153
0.800174 -0.169268 0.750273 153 153 153
0.803868 -0.134677 0.793942 153 153 153
-0.850043 0.225124 -0.400006 153 153 153
-0.850027 0.22743 -0.450002 153 153 153
0.846216 -0.141197 -0.754191 153 153 153
0.850233 -0.177958 -0.700306 153 153 153
0.838824 -0.192106 -0.0643352 153 153 153
0.850646 -0.199716 -0.0167862 153 153 153
-0.85001 0.227378 -0.499998 153 153 153
0.850233 -0.177958 0.700306 153 153 153
-0.849999 0.223895 -0.550002 153 153 153
-0.850005 0.215704 -0.600019 153 153 153
-0.901299 0.203723 0.605855 153 153 153
0.893227 -0.150659 -0.702425 153 153 153
0.900276 -0.182565 -0.6503 153 153 153
0.900276 -0.182565 0.6503 153 153 153
-0.900037 0.222184 0.55006 153 153 153
-0.900003 0.232235 0.500025 153 153 153
-0.899992 0.238017 0.450007 153 153 153
0.944647 -0.146069 -0.65577 153 153 153
0.950349 -0.182183 -0.600316 153 153 153
0.950349 -0.182183 0.600316 153 153 153
-0.899992 0.240662 0.400001 153 153 153
-0.899994 0.241099 0.35 153 153 153
-0.899997 0.240102 0.3 153 153 153
-0.946868 0.252806 0.279468 153 153 153
-0.9 0.238304 0.25 153 153 153
1.00046 -0.17539 0.550349 153 153 153
-0.94637 0.253421 0.237536 153 153 153
-0.900002 0.236211 0.2 153 153 153
1.00063 -0.167466 -0.561998 153 153 153
-0.947728 0.253927 0.179167 153 153 153
-0.900004 0.234213 0.15 153 153 153
1.05032 -0.189916 -0.450189 153 153 153
1.04394 -0.192701 0.455187 153 153 153
-0.946293 0.253294 0.137482 153 153 153
1.04599 -0.156281 0.512434 153 153 153
1.03015 -0.133757 0.562329 153 153 153
1.0496 -0.149705 -0.515329 153 153 153
-0.900005 0.232593 0.1 153 153 153
1.08854 -0.144465 -0.456052 153 153 153
1.102 -0.157253 -0.411772 153 153 153
-0.947664 0.253363 0.0791449 153 153 153
1.1086 -0.184069 0.346433 153 153 153
1.09401 -0.164001 0.41703 153 153 153
-0.900006 0.231546 0.0500001 153 153 153
-0.946727 0.252844 0.0374914 153 153 153
-0.900006 0.231185 0 153 153 153
-0.947714 0.253153 -0.0208272 153 153 153
-0.900006 0.231546 -0.0500001 153 153 153
-0.946727 0.252949 -0.0624869 153 153 153
-0.900005 0.232593 -0.1 153 153 153
-0.947699 0.253634 -0.12081 153 153 153
-0.900004 0.234213 -0.15 153 153 153
-0.946303 0.25345 -0.162486 153 153 153
1.15836 -0.167483 0.243441 153 153 153
-0.900002 0.236211 -0.2 153 153 153
-0.94784 0.253893 -0.220875 153 153 153
-0.9 0.238304 -0.25 153 153 153
-0.946425 0.253096 -0.26257 153 153 153
1.14141 -0.152611 -0.328128 153 153 153
1.16802 -0.150803 -0.25035 153 153 153
1.18051 -0.150863 -0.200304 153 153 153
1.1894 -0.153625 -0.144387 153 153 153
-0.899997 0.240102 -0.3 153 153 153
-0.899994 0.241099 -0.35 153 153 153
-0.899992 0.240662 -0.400001 153 153 153
1.19898 -0.156174 -0.0206325 153 153 153
-0.899992 0.238017 -0.450007 153 153 153
1.20367 -0.14708 0.0446658 153 153 153
1.18338 -0.171398 0.0986207 153 153 153
-0.900003 0.232235 -0.500025 153 153 153
1.18051 -0.150863 0.200304 153 153 153
-0.900037 0.222184 -0.55006 153 153 153
1.15016 -0.15605 0.29694 153 153 153
1.19894 -0.149549 -0.0894646 153 153 153
-0.951134 0.204878 0.554756 153 153 153
-0.950101 0.224636 0.500101 153 153 153
-0.950039 0.236631 0.450048 153 153 153
-0.950005 0.244633 0.400013 153 153 153
-1.20505 -0.102775 -0.197537 153 153 153
-1.19192 -0.149292 -0.145424 153 153 153
-1.21465 -0.100459 -0.150198 153 153 153
-1.19228 -0.157807 -0.103593 153 153 153
-1.22122 -0.100556 -0.10016 153 153 153
-1.22516 -0.100579 -0.0500836 153 153 153
-1.22648 -0.10058 0 153 153 153
-1.22516 -0.100579 0.0500836 153 153 153
-0.940942 0.249637 0.339451 153 153 153
-1.22122 -0.100556 0.10016 153 153 153
-1.19283 -0.151763 0.129289 153 153 153
-1.21465 -0.100459 0.150198 153 153 153
-0.955826 0.250927 -0.337145 153 153 153
-1.20864 -0.092886 0.197497 153 153 153
-1.18991 -0.104375 0.257211 153 153 153
-0.950005 0.244633 -0.400013 153 153 153
-0.950039 0.236631 -0.450048 153 153 153
-1.15797 -0.107089 -0.350393 153 153 153
-1.17839 -0.100566 -0.300472 153 153 153
-1.19117 -0.106362 -0.249668 153 153 153
-0.950101 0.224636 -0.500101 153 153 153
-0.994842 0.199971 0.512837 153 153 153
-1.00019 0.221621 0.450135 153 153 153
-1.16244 -0.101799 0.344454 153 153 153
-1.14113 -0.0940131 0.403533 153 153 153
-1.00011 0.235519 0.400081 153 153 153
-1.11181 -0.104158 -0.45546 153 153 153
-1.00003 0.245517 0.350022 153 153 153
-1.14 -0.100377 -0.400406 153 153 153
-1.06099 0.242223 -0.255939 153 153 153
-1.08325 -0.153211 0.453958 153 153 153
-1.11596 -0.100476 0.450565 153 153 153
-1.08953 -0.109353 0.491792 153 153 153
-0.995998 0.25372 -0.293989 153 153 153
-1.047 -0.113368 -0.556722 153 153 153
-1.00003 0.245517 -0.350022 153 153 153
-1.09327 -0.0935378 -0.4978 153 153 153
-1.00011 0.235519 -0.40008 153 153 153
-1.00019 0.221621 -0.450135 153 153 153
-1.0562 -0.110462 0.545266 153 153 153
-1.0517 0.209498 0.402364 153 153 153
-1.05025 0.227001 0.350126 153 153 153
-1.05014 0.23872 0.300067 153 153 153
-1.02277 -0.100548 -0.600787 153 153 153
-1.02277 -0.100548 0.600787 153 153 153
-1.04538 0.2505 0.238129 153 153 153
-0.980755 -0.0987448 0.655373 153 153 153
-1.09688 0.244703 0.100314 153 153 153
-1.10143 0.245298 0.0448439 153 153 153
-0.979362 -0.124336 -0.63748 153 153 153
-1.10378 0.244838 0.00135127 153 153 153
-0.934088 -0.16122 0.648898 153 153 153
-0.933215 -0.108753 0.701697 153 153 153
-0.892787 -0.121737 -0.731786 153 153 153
-1.09812 0.246759 -0.0493098 153 153 153
-1.05014 0.23872 -0.300067 153 153 153
-1.05025 0.227001 -0.350126 153 153 153
-0.889023 -0.157135 0.698409 153 153 153
-0.879111 -0.109832 0.753928 153 153 153
-1.05162 0.211866 -0.396031 153 153 153
-1.09848 0.209587 0.301426 153 153 153
-1.11008 0.212211 0.259588 153 153 153
-1.10029 0.231433 0.200077 153 153 153
-0.842491 -0.143927 0.754196 153 153 153
-1.1002 0.238416 0.150042 153 153 153
-0.80619 -0.10586 -0.817829 153 153 153
-1.10013 0.243101 -0.100018 153 153 153
-0.847486 -0.0965021 -0.790984 153 153 153
-1.1002 0.238416 -0.150042 153 153 153
-0.819318 -0.11914 0.797076 153 153 153
-1.10029 0.231433 -0.200077 153 153 153
-1.10033 0.221703 -0.250108 153 153 153
-0.753589 -0.101845 -0.858494 153 153 153
-1.14856 0.199124 0.16909 153 153 153
-0.752578 -0.150348 -0.298129 153 153 153
-1.15372 0.203304 0.112516 153 153 153
-1.15383 0.207631 0.0691195 153 153 153
-0.725646 -0.107913 -0.182559 153 153 153
-0.737632 -0.110477 -0.11123 153 153 153
-0.739642 -0.108308 -0.0506004 153 153 153
-0.740261 -0.107826 -0.00127046 153 153 153
-0.74077 -0.109295 0.0483302 153 153 153
-0.739137 -0.111334 0.104923 153 153 153
-0.746426 -0.122715 0.151565 153 153 153
-1.15696 0.207283 0.0125585 153 153 153
-1.16418 0.199399 -0.0396585 153 153 153
-1.14756 0.211176 -0.0932295 153 153 153
-0.7635 -0.102981 0.850912 153 153 153
-1.15066 0.200209 -0.152264 153 153 153
1.1547 0.20346 0.103656 153 153 153
1.20481 0.143166 0.06342 153 153 153
1.16364 0.199231 0.0527324 153 153 153
-0.701419 -0.146454 -0.449921 153 153 153
-0.699524 -0.132276 -0.399837 153 153 153
-0.701519 -0.120409 -0.346718 153 153 153
-0.706046 -0.11265 -0.298449 153 153 153
1.15763 0.206682 -0.00997241 153 153 153
1.14807 0.211304 -0.0872833 153 153 153
1.15552 0.195294 -0.152229 153 153 153
1.15546 0.14206 0.307957 153 153 153
1.13672 0.189654 0.253427 153 153 153
1.14897 0.189555 0.208807 153 153 153
1.13921 0.199538 -0.208724 153 153 153
1.10341 0.202705 -0.310374 153 153 153
1.09697 0.18889 0.362118 153 153 153
1.10228 0.205493 0.30475 153 153 153
-0.708776 -0.09497 0.200977 153 153 153
1.08905 0.196246 -0.361948 153 153 153
-0.686441 -0.0832867 0.249901 153 153 153
-0.697663 -0.106031 0.30101 153 153 153
-0.694693 -0.116565 0.353304 153 153 153
-0.699524 -0.132276 0.399837 153 153 153
1.05695 0.202889 -0.40973 153 153 153
-0.694617 -0.14013 0.853559 153 153 153
1.04735 0.184764 0.46514 153 153 153
1.03475 0.189482 -0.476415 153 153 153
-0.644626 -0.0991204 -0.923942 153 153 153
1.0179 0.162767 -0.545081 153 153 153
0.934145 0.181543 0.618816 153 153 153
-0.649562 -0.124825 -0.499804 153 153 153
-0.653029 -0.111371 -0.44821 153 153 153
0.961928 0.199547 0.554487 153 153 153
0.830301 0.185489 0.0555811 153 153 153
0.845273 0.195832 0.0128612 153 153 153
0.85043 0.199834 -0.0379392 153 153 153
0.908496 0.195221 -0.618658 153 153 153
0.84381 0.18811 -0.685544 153 153 153
0.850233 0.177958 0.700306 153 153 153
-0.641424 -0.0838215 0.392245 153 153 153
-0.646669 -0.107546 0.451042 153 153 153
-0.649562 -0.124825 0.499804 153 153 153
0.795739 0.191814 0.36144 153 153 153
-0.703039 -0.0920386 0.89765 153 153 153
0.80011 0.184955 -0.295806 153 153 153
-0.644759 -0.118397 0.904335 153 153 153
0.804067 0.194229 -0.341915 153 153 153
-0.600087 -0.132289 -0.900356 153 153 153
0.800174 0.169268 0.750273 153 153 153
-0.599693 -0.124539 -0.599836 153 153 153
-0.604363 -0.107885 -0.54052 153 153 153
0.73824 0.189848 0.550622 153 153 153
0.804787 0.204209 0.410434 153 153 153
0.799874 0.185389 0.299974 153 153 153
0.799833 0.178459 0.24997 153 153 153
-0.598336 -0.0882109 0.49748 153 153 153
0.799815 0.17235 0.199973 153 153 153
0.799817 0.167337 0.14998 153 153 153
-0.599693 -0.124539 0.599836 153 153 153
0.789426 0.154516 0.0899869 153 153 153
-0.600087 -0.132288 0.900356 153 153 153
0.79607 0.157498 0.0124928 153 153 153
0.798527 0.159767 -0.0302971 153 153 153
-0.550199 -0.101568 -0.959593 153 153 153
-0.611415 -0.0887358 -0.948504 153 153 153
-0.549987 -0.134786 -0.900139 153 153 153
-0.549982 -0.145923 -0.85001 153 153 153
0.800223 0.163609 -0.0943911 153 153 153
-0.547727 -0.142719 -0.772619 153 153 153
-0.549854 -0.127783 -0.699917 153 153 153
0.783433 0.153935 -0.147571 153 153 153
0.799815 0.17235 -0.199973 153 153 153
0.799833 0.178459 -0.24997 153 153 153
0.752707 0.196499 -0.549778 153 153 153
-0.595536 -0.106108 0.551916 153 153 153
0.79902 0.205945 -0.651992 153 153 153
-0.549249 -0.0942444 0.598363 153 153 153
-0.551812 -0.113811 0.65022 153 153 153
-0.549854 -0.127783 0.699917 153 153 153
0.800038 0.192661 -0.700086 153 153 153
0.757694 0.154768 0.799211 153 153 153
-0.557169 -0.146108 0.857946 153 153 153
-0.549987 -0.134786 0.900139 153 153 153
0.750041 0.181415 0.750127 153 153 153
0.749994 0.194994 0.700018 153 153 153
-0.550365 -0.109447 0.949274 153 153 153
0.749954 0.187675 0.499986 153 153 153
-0.478651 -0.110174 -0.958137 153 153 153
-0.499987 -0.130018 -0.900015 153 153 153
-0.500008 -0.133921 -0.850001 153 153 153
-0.500009 -0.129069 -0.800004 153 153 153
-0.494821 -0.115661 -0.748659 153 153 153
0.749922 0.178396 0.449975 153 153 153
-0.515367 -0.111555 -0.701629 153 153 153
-0.554228 -0.112285 -0.641576 153 153 153
0.749904 0.168375 0.399971 153 153 153
0.745045 0.154879 0.350797 153 153 153
0.752258 0.160454 -0.35225 153 153 153
-0.499974 -0.118266 0.749985 153 153 153
-0.500009 -0.129069 0.800004 153 153 153
-0.500008 -0.133921 0.850001 153 153 153
-0.499987 -0.130018 0.900016 153 153 153
-0.49547 -0.112245 0.95359 153 153 153
0.749043 0.167613 -0.399115 153 153 153
0.749922 0.178396 -0.449975 153 153 153
0.749954 0.187675 -0.499986 153 153 153
-0.450092 -0.120163 -0.899977 153 153 153
-0.434563 -0.1142 -0.8565 153 153 153
-0.449513 -0.111 -0.806019 153 153 153
0.749994 0.194994 -0.700018 153 153 153
0.750041 0.181415 -0.750127 153 153 153
0.700023 0.167801 0.800092 153 153 153
-0.493284 -0.103401 0.709348 153 153 153
0.699991 0.182196 0.750021 153 153 153
-0.448843 -0.0964634 0.751316 153 153 153
-0.451955 -0.11067 0.80022 153 153 153
-0.450132 -0.118577 0.850045 153 153 153
-0.450092 -0.120163 0.899977 153 153 153
0.699996 0.187408 0.700001 153 153 153
0.700006 0.185782 0.650002 153 153 153
0.700009 0.179289 0.600003 153 153 153
0.699998 0.169593 0.549999 153 153 153
-0.40017 -0.106677 -0.892332 153 153 153
0.703254 0.160496 0.501796 153 153 153
0.700837 0.158131 -0.498291 153 153 153
0.699998 0.169593 -0.549999 153 153 153
0.700009 0.179289 -0.600003 153 153 153
0.700006 0.185782 -0.650001 153 153 153
0.699996 0.187408 -0.700001 153 153 153
-0.400226 -0.106978 0.897895 153 153 153
0.699991 0.182196 -0.750021 153 153 153
-0.419231 -0.107723 0.94837 153 153 153
-0.410036 -0.10685 -0.944302 153 153 153
0.700023 0.167801 -0.800092 153 153 153
0.660803 0.154062 0.842229 153 153 153
-0.399959 -0.101452 0.84947 153 153 153
0.650041 0.174018 0.749995 153 153 153
-0.359088 -0.0946572 0.957157 153 153 153
0.650075 0.17208 0.700021 153 153 153
0.650072 0.164566 0.650029 153 153 153
0.65174 0.153376 -0.596297 153 153 153
0.650072 0.164566 -0.650029 153 153 153
0.650075 0.172081 -0.700021 153 153 153
0.650041 0.174018 -0.749995 153 153 153
-0.114019 -0.150767 -0.787082 153 153 153
0.650004 0.168133 -0.799989 153 153 153
-0.123856 -0.147816 0.828931 153 153 153
0.600701 0.151673 0.853368 153 153 153
0.615712 0.164538 0.786949 153 153 153
0.609743 0.152601 -0.684408 153 153 153
0.593776 0.154887 -0.734863 153 153 153
0.157307 0.174339 1.05703 153 153 153
0.199195 0.203348 1.00077 153 153 153
0.20004 0.200205 0.950052 153 153 153
0.196639 0.202751 0.899769 153 153 153
0.187405 0.208077 0.841527 153 153 153
-0.0996231 -0.0999601 -1.00663 153 153 153
-0.100167 -0.101826 -0.949821 153 153 153
0.199296 0.205274 -0.899676 153 153 153
-0.0579044 -0.162412 -0.841435 153 153 153
0.200069 0.200238 -0.949908 153 153 153
0.185355 0.193817 -1.02306 153 153 153
0.149594 0.196278 1.09314 153 153 153
0.154472 0.191988 0.792904 153 153 153
0.18825 0.246608 0.742688 153 153 153
0.154028 0.185222 -0.810426 153 153 153
-0.0943178 -0.119621 0.812079 153 153 153
0.151346 0.169932 -0.852137 153 153 153
-0.0643734 -0.153577 0.795224 153 153 153
0.142483 0.191884 -1.09818 153 153 153
0.0871953 0.196116 1.10506 153 153 153
-0.0958203 -0.103638 0.896202 153 153 153
-0.0993919 -0.101002 0.950459 153 153 153
-0.100278 -0.100403 1.00012 153 153 153
-0.101019 -0.114761 1.07863 153 153 153
0.0620756 0.201248 1.05089 153 153 153
0.052327 0.194983 0.987673 153 153 153
0.0587891 0.199193 0.903052 153 153 153
-0.0980152 -0.107629 -1.06845 153 153 153
-0.0291258 -0.10002 -1.05001 153 153 153
-0.0267511 -0.099768 -0.999996 153 153 153
-0.0278676 -0.0998747 -0.950022 153 153 153
-0.0312504 -0.100227 -0.899939 153 153 153
0.0680428 0.201385 0.849106 153 153 153
0.0784095 0.188185 0.786278 153 153 153
0.126681 0.174511 -0.765221 153 153 153
-0.0363764 -0.100713 0.849761 153 153 153
0.09381 0.234951 -0.78127 153 153 153
-0.0278676 -0.0998747 0.950022 153 153 153
-0.0267511 -0.099768 0.999996 153 153 153
-0.0291258 -0.10002 1.05001 153 153 153
0.0680428 0.201385 -0.849106 153 153 153
0.0596595 0.200794 -0.899625 153 153 153
0.0527695 0.195232 -0.958912 153 153 153
0.057525 0.195077 -1.0401 153 153 153
0.0291258 -0.10002 -1.05001 153 153 153
0.0267511 -0.099768 -0.999996 153 153 153
0.0853697 0.208623 -1.0949 153 153 153
0.0456002 0.149916 -0.901368 153 153 153
-0.05874 0.210825 1.01582 153 153 153
-0.0793563 0.201676 -0.798474 153 153 153
-0.0680428 0.201385 -0.849106 153 153 153
-0.0456672 0.147975 -0.895959 153 153 153
-0.0596595 0.200794 -0.899625 153 153 153
-0.0534309 0.194065 -0.942429 153 153 153
-0.0529118 0.195404 -1.00041 153 153 153
-0.0620755 0.201248 -1.05089 153 153 153
-0.0856989 0.208624 1.0953 153 153 153
-0.095835 0.171039 -0.738333 255 216 0
0.0312504 -0.100227 0.899939 153 153 153
0.0278676 -0.0998747 0.950022 153 153 153
0.0267511 -0.099768 0.999996 153 153 153
0.0291258 -0.10002 1.05001 153 153 153
-0.0999203 0.20657 -0.742854 153 153 153
0.042821 -0.142971 1.05313 153 153 153
-0.147746 0.204214 -1.09866 153 153 153
0.111349 -0.130415 -1.08434 153 153 153
-0.13687 0.189673 1.10247 153 153 153
-0.17986 0.199688 1.0502 153 153 153
-0.147081 0.155827 1.0422 153 153 153
-0.148484 0.148514 0.98192 153 153 153
0.100278 -0.100404 -1.00012 153 153 153
-0.161207 0.170536 0.89109 153 153 153
0.0986012 -0.100257 -0.949877 153 153 153
-0.162445 0.193361 0.811439 153 153 153
-0.138378 0.193906 0.751881 153 153 153
-0.168742 0.204703 -0.797133 153 153 153
-0.14462 0.163213 -0.851879 153 153 153
-0.14382 0.153361 -0.891496 153 153 153
-0.149263 0.151037 -0.942759 153 153 153
-0.17986 0.199688 -1.0502 153 153 153
-0.605941 0.160183 0.814237 153 153 153
-0.593691 0.155911 0.742507 153 153 153
-0.607222 0.155996 -0.707669 153 153 153
-0.600095 0.159098 -0.750026 153 153 153
0.0989069 -0.119202 0.833486 153 153 153
0.0985264 -0.105995 0.899258 153 153 153
-0.600061 0.160336 -0.799985 153 153 153
-0.648348 0.151453 0.850942 153 153 153
0.100707 -0.102479 0.948407 153 153 153
-0.650004 0.168133 0.799989 153 153 153
0.0996422 -0.0997504 0.999545 153 153 153
-0.650041 0.174018 0.749995 153 153 153
0.0972445 -0.108402 1.07367 153 153 153
0.0430786 -0.109715 1.10503 153 153 153
0.121402 -0.161404 1.10308 153 153 153
-0.650075 0.17208 0.700021 153 153 153
0.41991 -0.106655 -0.95371 153 153 153
-0.650072 0.164566 0.650029 153 153 153
-0.656173 0.158755 -0.608545 153 153 153
0.399722 -0.107092 -0.90766 153 153 153
-0.650072 0.164566 -0.650029 153 153 153
0.398339 -0.101423 -0.852565 153 153 153
-0.650075 0.17208 -0.700021 153 153 153
0.434423 -0.114362 0.858315 153 153 153
-0.650041 0.174018 -0.749995 153 153 153
-0.650004 0.168133 -0.799989 153 153 153
-0.700023 0.167801 0.800092 153 153 153
0.399769 -0.106858 0.898151 153 153 153
-0.699991 0.182196 0.750021 153 153 153
-0.699996 0.187408 0.700001 153 153 153
-0.700006 0.185782 0.650002 153 153 153
-0.700009 0.179289 0.600003 153 153 153
0.474134 -0.111144 -0.955676 153 153 153
0.450092 -0.120163 -0.899977 153 153 153
0.450132 -0.118578 -0.850045 153 153 153
0.443114 -0.109236 -0.809184 153 153 153
-0.699998 0.169593 0.549999 153 153 153
-0.699789 0.164453 -0.527604 153 153 153
-0.700009 0.179289 -0.600003 153 153 153
-0.700006 0.185782 -0.650001 153 153 153
0.448816 -0.112149 0.812779 153 153 153
-0.699996 0.187408 -0.700001 153 153 153
0.450092 -0.120163 0.899977 153 153 153
-0.699991 0.182196 -0.750021 153 153 153
0.436359 -0.108727 0.954238 153 153 153
-0.700023 0.167801 -0.800092 153 153 153
-0.755293 0.15111 0.805966 153 153 153
0.499987 -0.130018 -0.900015 153 153 153
0.500008 -0.133921 -0.850001 153 153 153
0.500009 -0.129069 -0.800004 153 153 153
-0.750041 0.181415 0.750127 153 153 153
0.499974 -0.118266 -0.749985 153 153 153
-0.755333 0.198867 0.560569 153 153 153
0.497234 -0.102881 -0.701872 153 153 153
-0.749954 0.187675 0.499986 153 153 153
0.504515 -0.108057 0.707181 153 153 153
-0.791629 0.20732 0.490765 153 153 153
-0.749922 0.178396 0.449975 153 153 153
0.499974 -0.118266 0.749985 153 153 153
0.442452 -0.0915454 0.744194 153 153 153
0.500009 -0.129069 0.800004 153 153 153
0.500008 -0.133921 0.850001 153 153 153
0.499987 -0.130018 0.900016 153 153 153
-0.796096 0.203065 0.437279 153 153 153
0.480918 -0.112019 0.954029 153 153 153
-0.748034 0.165338 0.39138 153 153 153
0.536832 -0.113534 -0.946225 153 153 153
0.549987 -0.134786 -0.900139 153 153 153
0.553587 -0.145612 -0.857484 153 153 153
0.558375 -0.149496 -0.807569 153 153 153
0.549935 -0.139693 -0.74997 153 153 153
0.549854 -0.127783 -0.699917 153 153 153
0.549784 -0.113622 -0.652981 153 153 153
-0.749922 0.178396 -0.449975 153 153 153
-0.808198 0.214078 -0.487058 153 153 153
-0.76336 0.195056 -0.501711 153 153 153
-0.739847 0.190481 -0.549649 153 153 153
0.542289 -0.11136 0.658254 153 153 153
0.549854 -0.127783 0.699917 153 153 153
0.540081 -0.139024 0.768007 153 153 153
-0.749994 0.194994 -0.700018 153 153 153
0.549982 -0.145923 0.85001 153 153 153
0.549987 -0.134786 0.900139 153 153 153
-0.750041 0.181415 -0.750127 153 153 153
0.54913 -0.10872 0.950617 153 153 153
0.603939 -0.0968434 -0.944718 153 153 153
-0.800174 0.169268 0.750273 153 153 153
0.600087 -0.132289 -0.900356 153 153 153
0.59984 -0.139319 -0.649917 153 153 153
-0.766931 0.196616 0.694858 153 153 153
0.599694 -0.124539 -0.599836 153 153 153
-0.805645 0.197548 0.358271 153 153 153
0.595536 -0.106108 -0.551916 153 153 153
-0.799874 0.185389 0.299974 153 153 153
-0.799833 0.178459 0.24997 153 153 153
-0.844435 0.207621 0.237368 153 153 153
0.600766 -0.107583 0.546439 153 153 153
0.599693 -0.124539 0.599836 153 153 153
0.546849 -0.0939983 0.601512 153 153 153
0.6029 -0.140982 0.65015 153 153 153
0.600087 -0.132289 0.900356 153 153 153
-0.787969 0.163002 0.198514 153 153 153
0.606872 -0.0889606 0.950386 153 153 153
-0.845569 0.203331 0.17876 153 153 153
0.655901 -0.12259 -0.894392 153 153 153
0.648761 -0.138971 -0.549389 153 153 153
-0.799817 0.167337 0.14998 153 153 153
0.649562 -0.124825 -0.499804 153 153 153
-0.847676 0.201894 0.137435 153 153 153
0.641816 -0.100834 -0.441646 153 153 153
-0.853552 0.204373 -0.108971 153 153 153
0.649445 -0.105347 0.437626 153 153 153
-0.847632 0.203515 -0.162419 153 153 153
-0.799815 0.17235 -0.199973 153 153 153
0.649562 -0.124825 0.499804 153 153 153
0.599036 -0.0876132 0.49457 153 153 153
0.652986 -0.141641 0.549603 153 153 153
-0.847565 0.208102 -0.220643 153 153 153
0.655984 -0.110052 0.908126 153 153 153
-0.799833 0.178459 -0.24997 153 153 153
0.697839 -0.093706 -0.899531 153 153 153
-0.844342 0.209945 -0.262343 153 153 153
0.693533 -0.1407 -0.448851 153 153 153
-0.799874 0.185389 -0.299974 153 153 153
-0.79577 0.191149 -0.356949 153 153 153
0.699437 -0.119506 -0.349825 153 153 153
-0.785676 0.20291 -0.666187 153 153 153
-0.800174 0.169268 -0.750273 153 153 153
0.6928 -0.0993757 -0.291271 153 153 153
-0.850233 0.177958 0.700306 153 153 153
-0.854572 0.203212 0.0590312 153 153 153
-0.846819 0.196909 -1.54882e-06 153 153 153
0.695372 -0.103366 0.298272 153 153 153
0.696991 -0.116531 0.345855 153 153 153
-0.834367 0.188563 -0.0563388 153 153 153
0.699524 -0.132276 0.399837 153 153 153
-0.845523 0.205087 -0.641388 153 153 153
-0.850233 0.177958 -0.700306 153 153 153
0.705995 -0.137391 0.851699 153 153 153
-0.900276 0.182565 0.650301 153 153 153
-0.900083 0.207829 -0.59635 153 153 153
-0.900276 0.182565 -0.6503 153 153 153
-0.950349 0.182183 0.600316 153 153 153
0.74197 -0.142342 -0.299665 153 153 153
-0.944782 0.212007 -0.543819 153 153 153
0.744252 -0.134755 -0.247976 153 153 153
0.74941 -0.13156 -0.199902 153 153 153
-0.950349 0.182183 -0.600316 153 153 153
-1.00053 0.168485 0.560658 153 153 153
0.722506 -0.100334 -0.149956 153 153 153
-1.0516 0.185321 -0.457017 153 153 153
0.741964 -0.11426 -0.108228 153 153 153
-0.999242 0.204637 -0.496552 153 153 153
0.740809 -0.109401 -0.0499936 153 153 153
-1.04561 0.153397 0.516809 153 153 153
0.740484 -0.108041 -0.00148992 153 153 153
-1.04657 0.19122 0.453854 153 153 153
0.739676 -0.108275 0.0490468 153 153 153
-1.10243 0.187578 -0.352781 153 153 153
0.739927 -0.112287 0.107374 153 153 153
-1.10051 0.16609 0.400247 153 153 153
0.725802 -0.103531 0.150153 153 153 153
-1.09752 0.192863 0.351372 153 153 153
-1.13921 0.199538 0.208724 153 153 153
0.752319 -0.14018 0.240576 153 153 153
0.700149 -0.0955028 0.245199 153 153 153
-1.10083 0.209438 -0.295775 153 153 153
-1.10385 0.157 -0.408373 153 153 153
0.761468 -0.108188 0.848257 153 153 153
0.752409 -0.116527 -0.847173 153 153 153
0.802018 -0.127511 -0.802541 153 153 153
-1.14317 0.1619 0.305102 153 153 153
-1.1642 0.155192 0.253704 153 153 153
0.800599 -0.100555 0.825897 153 153 153
-1.14454 0.186005 -0.238142 153 153 153
-1.19757 0.156477 0.0514475 153 153 153
0.839776 -0.0898415 -0.80158 153 153 153
-1.20219 0.151361 0.00338601 153 153 153
0.852511 -0.147274 0.742171 153 153 153
1.20101 0.153159 0.0125639 153 153 153
0.850466 -0.106253 0.781818 153 153 153
1.203 0.148443 -0.0417429 153 153 153
0.879972 -0.110966 -0.752294 153 153 153
1.16802 0.150803 0.25035 153 153 153
0.903375 -0.149259 0.694439 153 153 153
1.20501 0.100064 0.202541 153 153 153
0.902438 -0.112296 0.730127 153 153 153
1.18051 0.150863 0.200304 153 153 153
0.93289 -0.110578 -0.700698 153 153 153
1.19295 0.143815 0.158725 153 153 153
0.950367 -0.150658 0.6443 153 153 153
1.19688 0.1506 0.103025 153 153 153
0.946894 -0.101948 0.69183 153 153 153
1.18895 0.162894 -0.102988 153 153 153
0.98053 -0.0935661 -0.658931 153 153 153
0.993428 -0.139095 -0.606027 153 153 153
0.992548 -0.144443 0.601402 153 153 153
1.19623 0.14059 -0.150092 153 153 153
0.986896 -0.111451 0.638948 153 153 153
1.02277 -0.100548 -0.600787 153 153 153
1.18051 0.150863 -0.200304 153 153 153
1.14936 0.17553 -0.252857 153 153 153
1.15652 0.150199 -0.289607 153 153 153
1.10811 0.151813 0.407524 153 153 153
1.02277 -0.100548 0.600787 153 153 153
1.04672 -0.106193 -0.562871 153 153 153
1.08874 -0.100403 -0.500517 153 153 153
1.13396 0.150792 0.350467 153 153 153
1.13396 0.150792 -0.350467 153 153 153
1.08267 -0.150264 0.459088 153 153 153
1.1071 0.153773 -0.406656 153 153 153
1.0875 -0.107756 0.496678 153 153 153
1.05799 -0.100287 0.550394 153 153 153
1.11228 -0.0975814 -0.460054 153 153 153
1.08421 0.144296 0.464163 153 153 153
1.15896 -0.102052 -0.353283 153 153 153
1.14209 -0.100492 -0.395569 153 153 153
1.13612 -0.14025 0.361957 153 153 153
1.08444 0.15293 -0.452183 153 153 153
1.13744 -0.102828 0.40381 153 153 153
1.11596 -0.100476 0.450565 153 153 153
1.05181 0.148106 -0.513848 153 153 153
1.17839 -0.100566 -0.300472 153 153 153
1.19338 -0.0999126 -0.250817 153 153 153
1.02483 0.155782 0.544589 153 153 153
0.994603 0.148552 0.594155 153 153 153
0.979122 0.160527 -0.598761 153 153 153
0.945779 0.147318 0.65315 153 153 153
0.937903 0.157257 -0.649914 153 153 153
0.905844 0.144969 0.696864 153 153 153
0.890053 0.155793 -0.699153 153 153 153
0.856529 0.141731 0.745036 153 153 153
1.19009 -0.106137 0.253961 153 153 153
1.18552 -0.0804193 0.29988 153 153 153
1.16077 -0.100366 0.350352 153 153 153
1.20543 -0.0955927 -0.208046 153 153 153
1.21465 -0.100459 -0.150198 153 153 153
1.22122 -0.100557 -0.10016 153 153 153
1.22516 -0.100579 -0.0500836 153 153 153
1.22648 -0.10058 0 153 153 153
1.22516 -0.100579 0.0500836 153 153 153
1.22122 -0.100556 0.10016 153 153 153
1.20896 -0.117568 0.142177 153 153 153
0.846069 0.14156 -0.753915 153 153 153
0.816251 0.131266 0.788199 153 153 153
-1.20757 -0.0508745 -0.248501 153 153 153
0.733817 0.138637 0.313385 153 153 153
-1.219 -0.05026 -0.200307 153 153 153
-1.22812 -0.0502822 -0.150251 153 153 153
-1.23462 -0.0502511 -0.10015 153 153 153
-1.23851 -0.0502122 -0.0500636 153 153 153
-1.2398 -0.0501958 0 153 153 153
-1.23851 -0.0502122 0.0500636 153 153 153
-1.23462 -0.0502511 0.10015 153 153 153
-1.22812 -0.0502822 0.150251 153 153 153
-1.21678 -0.0444714 0.21501 153 153 153
0.745283 0.137045 0.256338 153 153 153
0.755447 0.13684 0.201014 153 153 153
-1.19331 -0.0646778 0.288596 153 153 153
0.765002 0.138682 0.149316 153 153 153
-1.15519 -0.0648327 -0.392485 153 153 153
0.755223 0.134989 -0.188756 153 153 153
-1.17523 -0.0502777 -0.350554 153 153 153
-1.19508 -0.0479499 -0.293975 153 153 153
0.753519 0.141277 -0.24128 153 153 153
-1.17523 -0.0502777 0.350554 153 153 153
0.799395 0.166789 -0.75491 153 153 153
-1.15882 -0.0417005 0.395073 153 153 153
0.753549 0.149122 -0.809791 153 153 153
0.754201 0.105021 0.855658 153 153 153
0.689118 0.141017 0.461643 153 153 153
0.701529 0.135434 0.406362 153 153 153
-1.13156 -0.0502596 -0.450643 153 153 153
-1.13156 -0.0502596 0.450643 153 153 153
0.739872 0.108626 0.0528446 153 153 153
-1.10955 -0.0441173 0.494664 153 153 153
0.742209 0.109713 0.00631874 153 153 153
0.741925 0.110334 -0.0467345 153 153 153
-1.07493 -0.0502696 -0.550775 153 153 153
-1.07493 -0.0502696 0.550775 153 153 153
-1.05051 -0.0436852 0.589631 153 153 153
0.737493 0.109043 -0.0960318 153 153 153
-0.999645 -0.0638233 -0.650779 153 153 153
0.726212 0.102549 -0.139102 153 153 153
-1.04157 -0.0616544 -0.596138 153 153 153
0.752053 0.149137 -0.293744 153 153 153
0.719488 0.143539 0.836403 153 153 153
-1.00783 -0.0382159 0.648727 153 153 153
0.645828 0.139637 0.558048 153 153 153
-0.955681 -0.0578794 -0.704619 153 153 153
-0.947252 -0.110506 -0.685384 153 153 153
0.692685 0.101658 0.300964 153 153 153
-0.956639 -0.0511302 0.705818 153 153 153
0.700797 0.10956 -0.304458 153 153 153
0.699175 0.119156 -0.349263 153 153 153
-0.90621 -0.0549001 -0.757197 153 153 153
0.699524 0.132276 -0.399837 153 153 153
0.701419 0.146454 -0.449921 153 153 153
-0.914158 -0.0466431 0.751869 153 153 153
-0.900735 -0.0824813 0.750761 153 153 153
0.6551 0.140369 -0.540418 153 153 153
0.703643 0.139952 -0.849434 153 153 153
-0.85386 -0.0521221 -0.806557 153 153 153
0.657144 0.145645 -0.859993 153 153 153
-0.8621 -0.0531195 0.798979 153 153 153
0.59533 0.139412 0.658996 153 153 153
0.655343 0.158498 0.609339 153 153 153
0.649562 0.124826 0.499804 153 153 153
-0.795968 -0.0460741 -0.855901 153 153 153
0.642454 0.104292 0.450712 153 153 153
-0.80531 -0.081893 0.83383 153 153 153
0.647102 0.106631 -0.447176 153 153 153
0.649562 0.124825 -0.499804 153 153 153
0.606761 0.139753 -0.638032 153 153 153
-0.745373 -0.0607305 0.887638 153 153 153
0.555805 0.148383 0.799758 153 153 153
-0.702756 -0.103283 -0.889207 153 153 153
-0.717523 -0.058608 -0.907074 153 153 153
-0.704729 -0.0997016 -0.244824 153 153 153
0.605403 0.155497 0.709241 153 153 153
0.599693 0.124539 0.599836 153 153 153
-0.688845 -0.0577718 -0.112 153 153 153
-0.69253 -0.0576021 -0.0704355 153 153 153
-0.693919 -0.0561862 -0.0124487 153 153 153
-0.695802 -0.0592362 0.0284516 153 153 153
-0.691322 -0.0577516 0.0871042 153 153 153
0.602673 0.108874 -0.546604 153 153 153
0.599693 0.124539 -0.599836 153 153 153
0.557331 0.14877 -0.798256 153 153 153
0.607174 0.160364 -0.814397 153 153 153
0.600087 0.132289 -0.900356 153 153 153
-0.700675 -0.0503859 0.92096 153 153 153
0.553356 0.10963 0.948215 153 153 153
-0.649579 -0.0384202 -0.955328 153 153 153
0.549987 0.134786 0.900139 153 153 153
-0.652156 -0.0947809 -0.397992 153 153 153
-0.639986 -0.0684589 -0.353198 153 153 153
-0.651552 -0.05851 -0.292724 153 153 153
0.549982 0.145923 0.85001 153 153 153
0.549935 0.139693 0.74997 153 153 153
-0.667611 -0.0557677 -0.225851 153 153 153
-0.678706 -0.0549908 -0.168664 153 153 153
0.549854 0.127783 0.699917 153 153 153
0.549834 0.112644 0.649899 153 153 153
0.549834 0.112644 -0.649899 153 153 153
0.549854 0.127783 -0.699917 153 153 153
0.549935 0.139693 -0.74997 153 153 153
-0.687779 -0.0611297 0.140467 153 153 153
-0.668257 -0.05195 0.210516 153 153 153
0.549982 0.145923 -0.85001 153 153 153
0.549987 0.134786 -0.900139 153 153 153
-0.650224 -0.0564111 0.291343 153 153 153
0.491944 0.107074 0.963856 153 153 153
0.499987 0.130018 0.900016 153 153 153
-0.654551 -0.0617094 0.943593 153 153 153
0.500008 0.133921 0.850001 153 153 153
0.500009 0.129069 0.800004 153 153 153
-0.600656 -0.0505676 -0.977067 153 153 153
0.499974 0.118266 0.749985 153 153 153
-0.600989 -0.0898011 -0.496593 153 153 153
-0.59463 -0.0608096 -0.438856 153 153 153
0.499595 0.107313 0.7123 153 153 153
0.500428 0.103189 -0.698078 153 153 153
0.499974 0.118266 -0.749985 153 153 153
0.500009 0.129069 -0.800004 153 153 153
0.500008 0.133921 -0.850001 153 153 153
-0.639069 -0.0616984 0.338048 153 153 153
0.499987 0.130018 -0.900015 153 153 153
-0.602371 -0.0410758 0.385025 153 153 153
0.492808 0.110735 -0.956779 153 153 153
0.450092 0.120163 0.899977 153 153 153
-0.603849 -0.0883865 0.952219 153 153 153
-0.600657 -0.0505676 0.977067 153 153 153
0.450132 0.118578 0.850045 153 153 153
-0.550362 -0.0373766 -1.00605 153 153 153
0.45008 0.109901 0.800047 153 153 153
-0.54978 -0.0943707 -0.597856 153 153 153
-0.548771 -0.0742851 -0.54922 153 153 153
0.45008 0.109901 -0.800047 153 153 153
-0.552634 -0.0500081 -0.49304 153 153 153
0.450132 0.118578 -0.850045 153 153 153
-0.591225 -0.0570229 0.437673 153 153 153
0.450092 0.120163 -0.899977 153 153 153
0.450013 0.111504 -0.949962 153 153 153
-0.548771 -0.0742851 0.54922 153 153 153
0.423029 0.106735 0.955236 153 153 153
0.398569 0.106766 0.914978 153 153 153
0.401115 0.10179 -0.849115 153 153 153
-0.54202 -0.064093 0.996448 153 153 153
0.375373 0.0997258 -0.8988 153 153 153
-0.499177 -0.070979 -1.00705 153 153 153
-0.499245 -0.0854499 -0.649456 153 153 153
-0.491609 -0.0630709 -0.606049 153 153 153
0.15058 0.151836 1.00327 153 153 153
0.149677 0.15075 0.950711 153 153 153
0.145521 0.153731 0.898394 153 153 153
-0.552658 -0.0450348 0.484534 153 153 153
0.131176 0.151411 0.844104 153 153 153
-0.502416 -0.0322377 0.538959 153 153 153
0.147574 0.155531 -0.899617 153 153 153
-0.499245 -0.08545 0.649457 153 153 153
0.150161 0.151115 -0.95218 153 153 153
-0.489974 -0.0689071 1.01176 153 153 153
0.148627 0.149695 -1.00204 153 153 153
-0.45011 -0.0874575 -1.00078 153 153 153
-0.449834 -0.0964549 -0.749883 153 153 153
-0.449249 -0.0793785 -0.699403 153 153 153
0.136845 0.147108 -1.05155 153 153 153
-0.446425 -0.0575736 -0.649146 153 153 153
0.121397 0.156966 -1.09968 153 153 153
-0.500641 -0.0609338 0.589657 153 153 153
0.120688 0.156038 1.09986 153 153 153
0.0677015 0.155189 1.11031 153 153 153
-0.449249 -0.0793785 0.699403 153 153 153
0.0501506 0.143279 0.851957 153 153 153
-0.45011 -0.0874576 1.00078 153 153 153
-0.450342 -0.0507368 1.0379 153 153 153
0.113135 0.146311 0.796348 153 153 153
-0.403058 -0.0503508 -1.05127 153 153 153
0.132244 0.188089 0.750978 153 153 153
-0.399959 -0.0887094 -1.00046 153 153 153
-0.399709 -0.0904133 -0.799799 153 153 153
0.072839 0.161947 -0.775033 153 153 153
0.110516 0.14071 -0.80405 153 153 153
-0.406471 -0.0624662 -0.705203 153 153 153
0.103432 0.120498 -0.849271 153 153 153
-0.449328 -0.0571017 0.644805 153 153 153
0.0980261 0.1071 -1.06663 153 153 153
0.067701 0.155189 -1.11031 153 153 153
-0.399408 -0.0754289 0.749509 153 153 153
-0.399709 -0.0904132 0.799799 153 153 153
-0.399959 -0.0887094 1.00046 153 153 153
-0.408286 -0.0471167 1.05244 153 153 153
0.0553701 0.12283 1.1173 153 153 153
0.0468382 0.152492 1.05821 153 153 153
0.0401304 0.149259 0.99995 153 153 153
-0.333584 -0.0559699 -1.05661 153 153 153
-0.34989 -0.0841991 -1.00026 153 153 153
-0.349921 -0.0931789 -0.950022 153 153 153
-0.349894 -0.0921171 -0.899966 153 153 153
-0.349768 -0.0843152 -0.849859 153 153 153
0.0411982 0.14936 0.950166 153 153 153
0.0433914 0.142333 0.901918 153 153 153
-0.365732 -0.0651912 -0.757747 153 153 153
0.0480679 0.139922 -0.858902 153 153 153
-0.399021 -0.0554325 0.69581 153 153 153
0.0411982 0.14936 -0.950166 153 153 153
0.0401304 0.149259 -0.99995 153 153 153
-0.34963 -0.0721216 0.799705 153 153 153
-0.349768 -0.0843152 0.84986 153 153 153
-0.349894 -0.0921171 0.899966 153 153 153
0.0419517 0.144538 -1.04362 153 153 153
-0.34989 -0.0841991 1.00026 153 153 153
-0.0411982 0.14936 -0.950166 153 153 153
-0.360313 -0.0564927 1.05339 153 153 153
-0.0401304 0.149259 -0.99995 153 153 153
-0.292518 -0.0590473 -1.04984 153 153 153
-0.299967 -0.0759299 -1.00003 153 153 153
-0.300013 -0.0803878 -0.95 153 153 153
-0.29999 -0.0768334 -0.899996 153 153 153
-0.0423669 0.140457 -1.05536 153 153 153
-0.0677015 0.155189 1.11031 153 153 153
-0.322886 -0.0638484 -0.802588 153 153 153
-0.0669528 0.153982 -0.785597 153 153 153
-0.355402 -0.0548622 0.738909 153 153 153
-0.0687736 0.113156 -0.757023 153 153 153
-0.0536649 0.147125 -0.837745 153 153 153
-0.299908 -0.0680504 0.849938 153 153 153
-0.29999 -0.0768335 0.899996 153 153 153
-0.300013 -0.0803878 0.95 153 153 153
-0.299967 -0.0759299 1.00003 153 153 153
-0.0677013 0.155189 -1.11031 153 153 153
-0.306941 -0.0602059 1.0494 153 153 153
-0.125792 0.132261 1.04385 153 153 153
-0.115736 0.151659 -0.789803 153 153 153
-0.250243 -0.0652558 -0.999888 153 153 153
-0.234584 -0.0626074 -0.956195 153 153 153
-0.250238 -0.0619693 -0.900115 153 153 153
-0.0956553 0.102967 -0.899569 153 153 153
-0.275335 -0.0629635 -0.861976 153 153 153
-0.0986011 0.100257 -0.949877 153 153 153
-0.299851 -0.0550447 0.797394 153 153 153
-0.100278 0.100404 -1.00012 153 153 153
-0.15617 0.162763 -1.03071 153 153 153
-0.250238 -0.0619693 0.900115 153 153 153
-0.250337 -0.0667407 0.950053 153 153 153
-0.235979 -0.062127 0.997188 153 153 153
-0.10494 0.118965 -1.07725 153 153 153
-0.265834 -0.0540458 1.05567 153 153 153
-0.248576 -0.0514165 -1.05744 153 153 153
-0.115455 0.16784 -1.11215 153 153 153
-0.406767 0.106496 0.94253 153 153 153
-0.375426 0.0997377 0.898747 153 153 153
-0.450013 0.111504 0.949962 153 153 153
-0.450092 0.120163 0.899977 153 153 153
-0.450132 0.118578 0.850045 153 153 153
-0.248101 -0.0526693 0.850338 153 153 153
-0.45008 0.109901 0.800047 153 153 153
-0.199233 -0.0477213 0.901266 153 153 153
-0.201598 -0.0536318 0.959521 153 153 153
-0.45008 0.109901 -0.800047 153 153 153
-0.43199 0.115551 -0.883827 153 153 153
-0.190143 -0.0410905 1.06288 153 153 153
-0.201016 -0.0531552 -1.00166 153 153 153
-0.450903 0.109243 -0.957216 153 153 153
-0.499504 0.109776 0.958173 153 153 153
-0.499987 0.130018 0.900016 153 153 153
-0.500008 0.133921 0.850001 153 153 153
-0.0522366 -0.0543471 -1.05021 153 153 153
-0.0500041 -0.0500078 -1 153 153 153
-0.0512932 -0.0525033 -0.949945 153 153 153
-0.0547775 -0.0596789 -0.899592 153 153 153
-0.110028 -0.125308 -0.859701 153 153 153
-0.500009 0.129069 0.800004 153 153 153
-0.499974 0.118266 0.749985 153 153 153
-0.507273 0.109054 -0.706144 153 153 153
-0.499974 0.118266 -0.749985 153 153 153
-0.0512932 -0.0525033 0.949945 153 153 153
-0.0500041 -0.0500078 1 153 153 153
-0.0522366 -0.0543471 1.05021 153 153 153
-0.052779 -0.129238 1.10733 153 153 153
-0.500009 0.129069 -0.800004 153 153 153
0.0522367 -0.0543472 -1.05021 153 153 153
0.0500043 -0.0500081 -1 153 153 153
0.0512935 -0.0525035 -0.949945 153 153 153
0.0942563 -0.105188 -0.876442 153 153 153
0.139168 -0.0162655 -0.794114 153 153 153
-0.500008 0.133921 -0.850001 153 153 153
0.0534748 -0.0935974 0.760433 255 216 0
0.04883 -0.139967 0.853753 153 153 153
0.0547776 -0.059679 0.899592 153 153 153
0.0512935 -0.0525035 0.949945 153 153 153
0.0500043 -0.0500081 1 153 153 153
0.0522367 -0.0543472 1.05021 153 153 153
-0.499987 0.130018 -0.900015 153 153 153
-0.560094 0.103871 0.953703 153 153 153
-0.549987 0.134786 0.900139 153 153 153
-0.549982 0.145923 0.85001 153 153 153
-0.556572 0.148629 0.799882 153 153 153
0.202182 -0.0534418 -0.952189 153 153 153
-0.549935 0.139693 0.74997 153 153 153
-0.549855 0.127783 0.699918 153 153 153
-0.604994 0.153545 0.699683 153 153 153
0.237081 -0.0632201 0.954084 153 153 153
-0.549834 0.112644 0.649899 153 153 153
0.199114 -0.052729 1.00077 153 153 153
-0.549834 0.112644 -0.649899 153 153 153
-0.549855 0.127783 -0.699918 153 153 153
0.254863 -0.0540404 -1.05257 153 153 153
-0.556403 0.142272 -0.749494 153 153 153
0.235932 -0.0623744 -0.993856 153 153 153
0.250337 -0.0667407 -0.950053 153 153 153
-0.557519 0.149272 -0.808388 153 153 153
0.250238 -0.0619693 -0.900115 153 153 153
-0.549982 0.145923 -0.85001 153 153 153
0.247801 -0.0528319 -0.85155 153 153 153
-0.599998 0.152048 -0.851887 153 153 153
-0.549987 0.134786 -0.900139 153 153 153
-0.600087 0.132289 0.900356 153 153 153
-0.605032 0.141846 0.649211 153 153 153
-0.599693 0.124539 0.599836 153 153 153
0.195135 -0.0455981 0.893734 153 153 153
-0.651292 0.15393 0.599508 153 153 153
0.250243 -0.0652558 0.999888 153 153 153
0.239792 -0.0527329 1.05036 153 153 153
-0.598452 0.107854 -0.551548 153 153 153
-0.599693 0.124539 -0.599836 153 153 153
-0.598932 0.140529 -0.656206 153 153 153
0.312793 -0.0560598 -1.05701 153 153 153
0.299967 -0.0759299 -1.00003 153 153 153
0.300013 -0.0803878 -0.95 153 153 153
0.29999 -0.0768334 -0.899995 153 153 153
0.299908 -0.0680504 -0.849937 153 153 153
0.298395 -0.0550107 -0.798884 153 153 153
-0.600087 0.132289 -0.900356 153 153 153
-0.641722 0.112838 0.911939 153 153 153
0.308226 -0.0605081 0.807737 153 153 153
-0.653959 0.141911 0.548422 153 153 153
-0.649562 0.124825 0.499804 153 153 153
-0.70067 0.158352 0.499634 153 153 153
0.282618 -0.0689316 0.882646 153 153 153
0.300013 -0.0803878 0.95 153 153 153
0.299967 -0.0759299 1.00003 153 153 153
-0.638946 0.0989829 -0.442693 153 153 153
0.291936 -0.056249 1.05544 153 153 153
-0.649562 0.124825 -0.499804 153 153 153
0.372117 -0.0552735 -1.05303 153 153 153
0.34989 -0.0841991 -1.00026 153 153 153
0.349921 -0.093179 -0.950022 153 153 153
0.349894 -0.0921172 -0.899966 153 153 153
0.349768 -0.0843152 -0.849859 153 153 153
0.34963 -0.0721217 -0.799705 153 153 153
0.346943 -0.0545561 -0.74661 153 153 153
-0.648083 0.140236 -0.555299 153 153 153
-0.644736 0.156763 -0.838762 153 153 153
-0.645773 0.124621 -0.896283 153 153 153
0.352288 -0.0585991 0.752726 153 153 153
-0.706335 0.125886 0.865446 153 153 153
0.34963 -0.0721217 0.799705 153 153 153
0.349768 -0.0843153 0.84986 153 153 153
-0.701419 0.146454 0.449921 153 153 153
0.358082 -0.0959014 0.933878 153 153 153
0.34989 -0.0841991 1.00026 153 153 153
-0.699524 0.132276 0.399837 153 153 153
0.351257 -0.0560135 1.05504 153 153 153
-0.699437 0.119506 0.349825 153 153 153
-0.759191 0.163051 0.339574 153 153 153
0.39996 -0.0887094 -1.00046 153 153 153
0.39971 -0.0904133 -0.799799 153 153 153
0.399408 -0.0754289 -0.749509 153 153 153
0.391165 -0.0487129 -0.688322 153 153 153
-0.685153 0.105857 -0.342413 153 153 153
-0.744427 0.156113 -0.359038 153 153 153
-0.699524 0.132276 -0.399837 153 153 153
0.396535 -0.055234 0.697918 153 153 153
-0.747862 0.168077 -0.405318 153 153 153
0.399408 -0.075429 0.749509 153 153 153
0.39971 -0.0904133 0.799799 153 153 153
0.39996 -0.0887094 1.00046 153 153 153
-0.694407 0.143446 -0.457025 153 153 153
0.407172 -0.0619394 1.0397 153 153 153
-0.702317 0.142151 -0.846992 153 153 153
0.450822 -0.0503068 -1.03804 153 153 153
0.45011 -0.0874575 -1.00078 153 153 153
0.44801 -0.0961792 -0.751552 153 153 153
0.449249 -0.0793785 -0.699403 153 153 153
0.442259 -0.0510446 -0.640174 153 153 153
-0.747764 0.148336 0.307294 153 153 153
-0.747252 0.137858 0.251665 153 153 153
0.437106 -0.0440443 0.632414 153 153 153
-0.74941 0.13156 0.199902 153 153 153
-0.757354 0.132964 0.157256 153 153 153
0.449249 -0.0793785 0.699403 153 153 153
-0.800524 0.163738 0.0923909 153 153 153
0.45011 -0.0874575 1.00078 153 153 153
0.450342 -0.0507368 1.0379 153 153 153
-0.793284 0.155494 0.0336335 153 153 153
-0.789499 0.151972 -0.00637938 153 153 153
0.505895 -0.073 -1.00313 153 153 153
0.499245 -0.0854499 -0.649456 153 153 153
0.49456 -0.0539148 -0.583576 153 153 153
-0.784689 0.1487 -0.0494083 153 153 153
-0.799636 0.163141 -0.0945191 153 153 153
-0.78746 0.156929 -0.144336 153 153 153
-0.757085 0.137114 -0.192868 153 153 153
0.489777 -0.0617145 0.605515 153 153 153
0.499245 -0.08545 0.649457 153 153 153
-0.744429 0.135433 -0.251076 153 153 153
0.509208 -0.0664959 1.00722 153 153 153
-0.742897 0.144503 -0.307051 153 153 153
-0.745699 0.161465 -0.794922 153 153 153
0.547822 -0.0931695 -0.597762 153 153 153
-0.750376 0.114196 -0.850577 153 153 153
0.548771 -0.0742852 -0.54922 153 153 153
-0.796343 0.134084 0.800007 153 153 153
0.552658 -0.0450349 -0.484534 153 153 153
-0.851159 0.139841 0.75157 153 153 153
0.554887 -0.0507551 0.490708 153 153 153
-0.805779 0.133364 -0.793912 153 153 153
-0.898439 0.147343 0.701335 153 153 153
0.548771 -0.0742851 0.54922 153 153 153
0.502599 -0.0324771 0.53902 153 153 153
-0.854222 0.144457 -0.743965 153 153 153
-0.902958 0.15078 -0.693077 153 153 153
0.559396 -0.0562252 0.993732 153 153 153
0.555685 -0.0748109 -0.983404 153 153 153
0.600657 -0.0505676 -0.977067 153 153 153
-0.948619 0.137931 0.660006 153 153 153
0.594716 -0.084509 -0.494749 153 153 153
0.583079 -0.0517402 -0.443025 153 153 153
-0.951063 0.147485 -0.647145 153 153 153
-0.993802 0.142685 0.601739 153 153 153
-1.00046 0.172176 -0.555301 153 153 153
-0.994508 0.14324 -0.60024 153 153 153
0.592122 -0.0610556 0.444324 153 153 153
-1.04751 0.105465 0.562261 153 153 153
-1.08469 0.142212 0.465923 153 153 153
0.600657 -0.0505676 0.977067 153 153 153
-1.08691 0.1389 -0.465984 153 153 153
-1.04738 0.154372 -0.512798 153 153 153
0.680726 -0.0579225 -0.930214 153 153 153
-1.11478 0.134202 0.41794 153 153 153
-1.13418 0.141319 0.365042 153 153 153
0.655932 -0.0857962 -0.360057 153 153 153
0.624467 -0.0501741 -0.349916 153 153 153
-1.13396 0.150792 -0.350467 153 153 153
0.636567 -0.0406059 -0.29722 153 153 153
-1.18051 0.150863 0.200304 153 153 153
0.653386 -0.0608826 0.293387 153 153 153
-1.19422 0.147318 0.138186 153 153 153
-1.19142 0.161147 0.0909529 153 153 153
0.635543 -0.0593866 0.341866 153 153 153
-1.19265 0.157734 -0.100718 153 153 153
0.662251 -0.0968419 0.377924 153 153 153
-1.20876 0.117529 -0.143632 153 153 153
-1.18051 0.150863 -0.200304 153 153 153
0.662939 -0.0514529 0.943272 153 153 153
-1.15267 0.14731 -0.306572 153 153 153
-1.20523 0.101223 0.199473 153 153 153
-1.20883 0.137355 -0.0498118 153 153 153
0.657299 -0.0501017 -0.249963 153 153 153
0.694012 -0.0879874 -0.237856 153 153 153
0.707904 -0.0938965 -0.199733 153 153 153
0.66032 -0.0395332 -0.209604 153 153 153
-1.20923 0.0928354 -0.194738 153 153 153
0.685229 -0.0608932 -0.1563 153 153 153
1.21465 0.10046 0.150198 153 153 153
0.690092 -0.0576674 -0.099566 153 153 153
1.22122 0.100557 0.10016 153 153 153
0.69254 -0.0558767 -0.04966 153 153 153
1.22516 0.100579 0.0500836 153 153 153
0.693971 -0.0561504 3.47471e-07 153 153 153
1.22648 0.10058 0 153 153 153
0.693736 -0.0575316 0.0494858 153 153 153
1.22516 0.100579 -0.0500836 153 153 153
0.690178 -0.0577826 0.099549 153 153 153
1.22122 0.100557 -0.10016 153 153 153
0.680743 -0.0533889 0.149092 153 153 153
0.705631 -0.0916792 0.199806 153 153 153
0.663009 -0.0467814 0.217754 153 153 153
1.21442 0.0886451 -0.17526 153 153 153
1.16002 0.100192 0.352469 153 153 153
1.17839 0.100566 0.300472 153 153 153
0.708774 -0.0791385 0.902468 153 153 153
1.19447 0.0968977 0.250938 153 153 153
1.19072 0.106903 -0.250516 153 153 153
0.747605 -0.0562912 -0.887852 153 153 153
1.17839 0.100566 -0.300472 153 153 153
0.742131 -0.0449978 0.895461 153 153 153
0.799666 -0.0723843 -0.843017 153 153 153
1.16707 0.0911169 -0.342938 153 153 153
1.11596 0.100476 0.450565 153 153 153
0.805961 -0.0537282 0.8457 153 153 153
1.15465 0.0491811 0.401714 153 153 153
1.14217 0.100098 0.395765 153 153 153
1.14149 0.100489 -0.396945 153 153 153
1.11241 0.101079 -0.456931 153 153 153
0.865768 -0.0475465 0.797425 153 153 153
1.05839 0.136776 0.516699 153 153 153
0.859075 -0.0350659 -0.806517 153 153 153
1.10374 0.0489311 0.503361 153 153 153
0.900735 -0.0824812 -0.75076 153 153 153
0.900735 -0.0824809 0.750761 153 153 153
0.9076 -0.037145 0.760777 153 153 153
1.0889 0.0983421 0.501821 153 153 153
0.91029 -0.0380286 -0.75792 153 153 153
1.08874 0.100403 -0.500517 153 153 153
1.05611 0.0998201 -0.553585 153 153 153
1.02277 0.100548 0.600787 153 153 153
0.957792 -0.0351625 0.708731 153 153 153
1.05034 0.100167 0.561988 153 153 153
0.946793 -0.0474435 -0.717706 153 153 153
1.02277 0.100548 -0.600787 153 153 153
0.990971 0.0597932 0.66302 153 153 153
0.988332 0.106868 0.640611 153 153 153
1.0011 -0.056213 0.651861 153 153 153
0.977008 0.0998808 -0.659071 153 153 153
0.998649 -0.0473206 -0.657795 153 153 153
0.949508 0.104313 0.687361 153 153 153
1.04595 -0.0382425 -0.597629 153 153 153
0.936513 0.103879 -0.701663 153 153 153
1.04621 -0.0610726 0.589784 153 153 153
0.901208 0.101181 0.739223 153 153 153
1.07493 -0.0502697 -0.550775 153 153 153
0.886229 0.10427 -0.751348 153 153 153
0.833075 0.0653464 0.819412 153 153 153
0.851984 0.108026 0.779232 153 153 153
1.11257 -0.0539389 0.485558 153 153 153
1.07493 -0.0502696 0.550775 153 153 153
1.10254 -0.0515677 -0.504488 153 153 153
1.13156 -0.0502596 -0.450643 153 153 153
0.847314 0.0958547 -0.791543 153 153 153
0.800599 0.100555 0.825897 153 153 153
0.804512 0.122784 -0.805139 153 153 153
0.767299 0.101333 -0.849506 153 153 153
1.13156 -0.0502596 0.450643 153 153 153
0.684007 0.0811932 0.25135 153 153 153
1.15393 -0.0512202 -0.402446 153 153 153
1.17523 -0.0502778 -0.350554 153 153 153
0.705587 0.0916828 0.20006 153 153 153
0.720657 0.0986766 0.151003 153 153 153
1.19741 -0.042634 -0.289251 153 153 153
1.20948 -0.0481441 0.242991 153 153 153
0.742687 0.114929 0.108203 153 153 153
0.705601 0.0897528 -0.189341 153 153 153
1.16885 -0.0518123 0.366352 153 153 153
0.699212 0.11442 0.881273 153 153 153
1.20726 -0.0501305 -0.250191 153 153 153
1.219 -0.05026 -0.200307 153 153 153
1.22812 -0.0502822 -0.150251 153 153 153
1.23462 -0.0502511 -0.10015 153 153 153
1.23851 -0.0502123 -0.0500636 153 153 153
1.2398 -0.0501958 0 153 153 153
1.23851 -0.0502122 0.0500636 153 153 153
1.23462 -0.0502511 0.10015 153 153 153
1.22191 -0.0606622 0.175089 153 153 153
0.640746 0.0836283 0.393375 153 153 153
0.687631 0.112393 0.359225 153 153 153
0.690092 0.0576674 0.0995662 153 153 153
0.69254 0.0558767 0.04966 153 153 153
0.693971 0.0561504 -3.51647e-07 153 153 153
-1.23248 6.08357e-19 -0.150238 153 153 153
-1.23893 4.75464e-19 -0.100124 153 153 153
-1.24279 3.47019e-19 -0.0500454 153 153 153
-1.24407 2.95788e-19 0 153 153 153
-1.24279 3.47019e-19 0.0500454 153 153 153
-1.23893 4.75624e-19 0.100124 153 153 153
-1.23248 6.08323e-19 0.150238 153 153 153
-1.2234 6.36229e-19 0.200331 153 153 153
-1.21169 4.3217e-19 0.250282 153 153 153
-1.19883 -1.86576e-05 0.295248 153 153 153
-1.15768 -0.0127337 -0.404635 153 153 153
0.692609 0.0559734 -0.0496523 153 153 153
-1.17992 5.99202e-19 -0.350544 153 153 153
0.690178 0.0577826 -0.0995488 153 153 153
0.679829 0.0522043 -0.149606 153 153 153
-1.17992 5.99207e-19 0.350544 153 153 153
-1.15822 0.00873467 0.403774 153 153 153
0.701686 0.0960928 -0.241186 153 153 153
-1.10767 -0.0127432 -0.504558 153 153 153
0.695002 0.0987971 -0.897316 153 153 153
-1.1366 4.75232e-19 -0.450552 153 153 153
-1.1366 4.75232e-19 0.450552 153 153 153
-1.1095 0.00676797 0.501747 153 153 153
0.60637 0.0305604 0.980906 153 153 153
0.595959 0.0896038 0.505665 153 153 153
-1.08043 5.35209e-19 -0.550752 153 153 153
-1.08042 5.35262e-19 0.550752 153 153 153
-1.04718 0.00127486 0.600615 153 153 153
-1.00364 -0.0248035 -0.656633 153 153 153
0.640735 0.0687625 0.35201 153 153 153
-1.0477 -2.46561e-05 -0.599882 153 153 153
0.635028 0.0583153 -0.340648 153 153 153
-1.00802 0.0160436 0.652233 153 153 153
0.64914 0.0921983 -0.397714 153 153 153
0.604175 0.0897194 -0.490183 153 153 153
-0.958441 -0.0106741 -0.711389 153 153 153
0.63686 0.115809 -0.910787 153 153 153
-0.961752 -0.00854494 0.707819 153 153 153
0.618294 0.125034 0.906372 153 153 153
-0.904615 -0.00921935 -0.767575 153 153 153
0.547393 0.0940748 0.600856 153 153 153
-0.918591 -0.00619211 0.753817 153 153 153
-0.852967 -0.00747153 -0.815428 153 153 153
0.597914 0.107756 0.552263 153 153 153
0.580938 0.0514532 -0.446513 153 153 153
-0.864858 -0.000801735 0.805066 153 153 153
-0.798999 0.0132005 -0.859659 153 153 153
0.602684 0.088761 -0.952428 153 153 153
-0.799195 -0.0280476 0.857601 153 153 153
0.539984 0.0537304 1.0034 153 153 153
0.505912 0.0892558 0.650179 153 153 153
-0.748972 -0.0129315 0.896805 153 153 153
-0.700722 5.8399e-19 -0.929779 153 153 153
-0.749711 -0.00477029 -0.896752 153 153 153
0.545223 0.0459921 -0.497951 153 153 153
-0.700722 5.84037e-19 0.929778 153 153 153
0.548771 0.0742853 -0.54922 153 153 153
0.548108 0.0941525 -0.599931 153 153 153
0.497553 0.0844599 -0.64921 153 153 153
0.54847 0.105456 -0.955205 153 153 153
-0.650245 -0.012303 -0.206328 153 153 153
-0.660237 2.84894e-19 -0.149965 153 153 153
-0.667094 3.81673e-19 -0.0999691 153 153 153
-0.671165 4.06359e-19 -0.0499836 153 153 153
-0.672516 4.0931e-19 0 153 153 153
-0.671165 4.06359e-19 0.0499836 153 153 153
-0.667093 3.81652e-19 0.0999693 153 153 153
-0.660237 2.84748e-19 0.149966 153 153 153
0.494357 0.0638751 1.01432 153 153 153
0.440668 0.0909979 0.744879 153 153 153
0.489552 0.0610779 -0.604455 153 153 153
-0.654231 2.37569e-05 0.958166 153 153 153
0.451928 0.0918822 0.993799 153 153 153
-0.600565 5.88456e-19 -0.987729 153 153 153
-0.605817 -0.0457986 -0.385622 153 153 153
0.449249 0.0793785 0.699403 153 153 153
-0.603374 -0.00871701 -0.348361 153 153 153
-0.621621 3.23343e-19 -0.299923 153 153 153
-0.637688 2.26574e-19 -0.249955 153 153 153
-0.641586 0.00159455 0.236053 153 153 153
-0.621621 3.23343e-19 0.299923 153 153 153
0.446915 0.0559903 -0.645182 153 153 153
0.449249 0.0793785 -0.699403 153 153 153
-0.599415 0.00168133 0.355825 255 216 0
-0.600565 5.88456e-19 0.987729 153 153 153
-0.55311 0.0224104 -1.00893 153 153 153
0.456266 0.0962644 -0.740163 153 153 153
0.398156 0.0896996 -0.799316 153 153 153
-0.543242 -0.00941538 -0.462583 255 216 0
-0.578298 2.1543e-19 -0.399933 255 216 0
-0.578298 2.15127e-19 0.399933 255 216 0
0.442992 0.0917713 -0.994778 153 153 153
-0.547476 -0.0012896 0.454132 255 216 0
-0.557441 0.000799747 1.00917 153 153 153
0.39996 0.0887094 1.00046 153 153 153
-0.500613 8.80041e-19 -1.03448 153 153 153
-0.497235 -0.0355201 -0.549861 153 153 153
0.404785 0.104633 0.859052 153 153 153
-0.508624 0.00769114 -0.51155 255 216 0
0.389524 0.0867598 0.800457 153 153 153
0.399408 0.0754289 0.749509 153 153 153
-0.515159 -0.000319132 0.501645 255 216 0
-0.500613 8.80078e-19 1.03448 153 153 153
-0.454021 -0.0331812 -1.04612 153 153 153
0.404808 0.0538037 -0.685989 153 153 153
0.399408 0.0754289 -0.749509 153 153 153
-0.439357 -0.0233585 -0.600633 153 153 153
0.406663 0.10648 -0.942496 153 153 153
-0.467761 0.0211184 -0.568649 153 153 153
-0.476076 -3.47837e-20 0.550013 255 216 0
-0.440622 0.0321902 0.609926 153 153 153
-0.443527 -0.0227768 0.595856 153 153 153
0.39996 0.0887094 -1.00046 153 153 153
0.379762 0.0577553 -1.04911 153 153 153
0.333298 0.0559224 1.0567 153 153 153
-0.400588 1.27251e-18 -1.07147 153 153 153
0.34989 0.0841991 1.00026 153 153 153
-0.392592 -0.0207971 -0.640846 153 153 153
0.349921 0.093179 0.950022 153 153 153
0.349894 0.0921172 0.899966 153 153 153
0.349768 0.0843153 0.84986 153 153 153
-0.395287 -0.0282653 0.647585 153 153 153
-0.400588 1.27246e-18 1.07147 153 153 153
-0.35046 1.27816e-18 -1.0866 153 153 153
-0.347217 -0.0335225 -0.696353 153 153 153
0.331584 0.0609599 0.782509 153 153 153
-0.351465 0.0311225 -0.688553 153 153 153
0.349012 0.0544056 -0.744097 153 153 153
-0.353146 0.00825418 0.661222 255 216 0
-0.347217 -0.0335227 0.696354 153 153 153
-0.35046 1.27794e-18 1.0866 153 153 153
0.34963 0.0721217 -0.799705 153 153 153
-0.298274 -0.0386347 -0.747749 153 153 153
0.349768 0.0843152 -0.84986 153 153 153
0.349921 0.093179 -0.950022 153 153 153
0.34989 0.0841991 -1.00026 153 153 153
-0.304519 -0.0132268 0.696078 153 153 153
-0.298274 -0.0386347 0.747749 153 153 153
-0.296095 -0.0171854 1.09683 153 153 153
0.292518 0.0590472 1.04984 153 153 153
nan nan nan 255 216 0
-0.290554 -0.0162072 -1.09842 153 153 153
-0.248782 -0.040715 -0.798631 153 153 153
-0.263265 -0.0188167 -0.727609 153 153 153
0.299967 0.0759299 1.00003 153 153 153
0.300013 0.0803878 0.95 153 153 153
0.28214 0.0685675 0.881341 153 153 153
0.301248 0.0554317 -0.797229 153 153 153
-0.247243 -0.0224374 0.744466 153 153 153
-0.248782 -0.040715 0.798631 153 153 153
0.299908 0.0680505 -0.849937 153 153 153
0.29999 0.0768334 -0.899995 153 153 153
-0.229927 -0.0265668 1.09963 153 153 153
0.300013 0.0803878 -0.95 153 153 153
0.299967 0.0759299 -1.00003 153 153 153
-0.199647 -0.0459215 -1.05048 153 153 153
-0.195995 -0.0456386 -0.892365 153 153 153
-0.19888 -0.0393532 -0.849065 153 153 153
-0.198369 -0.0282208 -0.797277 153 153 153
0.238344 0.0580532 1.02915 153 153 153
0.226348 0.0604818 0.96065 153 153 153
0.251406 0.0531559 -0.848166 153 153 153
-0.181666 -0.0050365 0.744855 153 153 153
-0.198369 -0.0282208 0.797277 153 153 153
-0.19888 -0.0393532 0.849065 153 153 153
0.250238 0.0619693 -0.900115 153 153 153
0.250337 0.0667407 -0.950053 153 153 153
0.250243 0.0652558 -0.999888 153 153 153
0.206635 0.054454 -0.948339 153 153 153
0.0992063 0.10939 1.06968 153 153 153
nan nan nan 255 216 0
-0.149156 -0.0356141 -1.05076 153 153 153
-0.149259 -0.039854 -1.00009 153 153 153
-0.14916 -0.0387676 -0.94982 153 153 153
-0.148923 -0.0343181 -0.899467 153 153 153
-0.148806 -0.0276598 -0.848803 153 153 153
-0.148889 -0.0184955 -0.796938 153 153 153
0.100923 0.101149 1.00334 153 153 153
-0.143336 0.00210092 -0.753608 255 216 0
0.0987798 0.100438 0.949853 153 153 153
0.0949963 0.102544 0.897779 153 153 153
-0.143094 -0.0176077 0.797424 153 153 153
-0.148806 -0.0276598 0.848803 153 153 153
-0.148923 -0.0343181 0.899467 153 153 153
-0.14916 -0.0387676 0.94982 153 153 153
-0.149259 -0.039854 1.00009 153 153 153
-0.149156 -0.0356141 1.05076 153 153 153
0.0896177 0.107631 0.838152 153 153 153
nan nan nan 255 216 0
-0.100174 5.674e-18 -1.1309 153 153 153
nan nan nan 255 216 0
-0.0995864 -0.0243934 -1.05018 153 153 153
-0.099764 -0.0267133 -1.00001 153 153 153
-0.0996644 -0.0255993 -0.949941 153 153 153
-0.0994415 -0.022336 -0.899788 153 153 153
-0.0993585 -0.0176469 -0.849454 153 153 153
-0.09957 -0.011154 -0.798288 153 153 153
0.0643378 0.111339 0.756291 255 216 0
0.0985265 0.105995 -0.899258 153 153 153
-0.0874528 -0.000311137 0.763686 255 216 0
-0.0993585 -0.0176469 0.849455 153 153 153
-0.0994415 -0.022336 0.899789 153 153 153
-0.0996644 -0.0255993 0.949941 153 153 153
-0.099764 -0.0267133 1.00001 153 153 153
-0.0995864 -0.0243933 1.05018 153 153 153
0.10081 0.102472 -0.949784 153 153 153
nan nan nan 255 216 0
0.0994945 0.0996158 -1.00013 153 153 153
0.0291259 0.100021 1.05001 153 153 153
nan nan nan 255 216 0
0.0522366 0.0543471 1.05021 153 153 153
nan nan nan 255 216 0
0.0267512 0.0997682 0.999996 153 153 153
nan nan nan 255 216 0
0.0500043 0.0500081 1 153 153 153
-0.0499255 1.34226e-17 -0.767878 255 216 0
0.0278677 0.099875 0.950022 153 153 153
0.0512933 0.0525034 0.949945 153 153 153
-0.0650654 0.011554 0.853368 153 153 153
0.0312504 0.100227 0.899939 153 153 153
0.0547778 0.0596792 0.899592 153 153 153
-0.0499925 -0.0499962 1 153 153 153
-0.04645 -0.0482499 1.04976 153 153 153
0.0769167 0.0941585 -0.83289 153 153 153
-0.0500829 1.07586e-17 1.1338 153 153 153
0.0312505 0.100227 -0.899939 153 153 153
-0.00553234 -2.26669e-07 -1.13476 153 153 153
nan nan nan 255 216 0
0.0453877 -5.09785e-05 -1.13398 153 153 153
-0.00971671 -2.08118e-07 -0.769837 255 216 0
0.0547776 0.059679 -0.899592 153 153 153
nan nan nan 255 216 0
0.0278677 0.099875 -0.950022 153 153 153
0.0512935 0.0525035 -0.949945 153 153 153
nan nan nan 255 216 0
0.0453877 -5.09785e-05 1.13398 153 153 153
nan nan nan 255 216 0
0.0267512 0.0997682 -0.999996 153 153 153
nan nan nan 255 216 0
0.0500043 0.0500081 -1 153 153 153
0.0291259 0.100021 -1.05001 153 153 153
0.0522366 0.0543471 -1.05021 153 153 153
0.04645 -0.0482499 -1.04976 153 153 153
0.00553254 0 -1.13476 153 153 153
-0.045158 0.168433 0.979555 153 153 153
nan nan nan 255 216 0
nan nan nan 255 216 0
-0.0447749 -1.40222e-08 -1.134 153 153 153
0.0437958 -0.0476804 -0.901502 153 153 153
nan nan nan 255 216 0
0.0650653 0.011554 -0.853368 153 153 153
-0.0363765 0.100713 -0.84976 153 153 153
-0.0312504 0.100227 -0.899939 153 153 153
nan nan nan 255 216 0
-0.0278677 0.0998749 -0.950022 153 153 153
nan nan nan 255 216 0
-0.0267512 0.0997682 -0.999996 153 153 153
-0.0291259 0.100021 -1.05001 153 153 153
nan nan nan 255 216 0
-0.0549172 0.127295 -1.11303 153 153 153
-0.256136 -0.000241283 1.10926 153 153 153
nan nan nan 255 216 0
nan nan nan 255 216 0
-0.0447749 -1.40222e-08 1.134 153 153 153
0.0499923 -0.049996 1 153 153 153
nan nan nan 255 216 0
0.0464498 -0.0482498 1.04976 153 153 153
nan nan nan 255 216 0
nan nan nan 255 216 0
-0.090189 0.108803 -0.835831 153 153 153
0.0500829 0 1.1338 153 153 153
-0.0547776 0.059679 -0.899592 153 153 153
-0.0512932 0.0525033 -0.949945 153 153 153
0.0995866 -0.0243934 -1.05018 153 153 153
0.0997642 -0.0267133 -1.00001 153 153 153
0.0996646 -0.0255993 -0.949941 153 153 153
0.0994417 -0.0223361 -0.899788 153 153 153
0.0993587 -0.017647 -0.849454 153 153 153
nan nan nan 255 216 0
-0.0500041 0.0500078 -1 153 153 153
-0.0522365 0.0543469 -1.05021 153 153 153
0.0995702 -0.011154 0.798288 153 153 153
0.0993587 -0.017647 0.849455 153 153 153
0.0994417 -0.0223361 0.899789 153 153 153
0.0996646 -0.0255993 0.949941 153 153 153
0.0997642 -0.0267133 1.00001 153 153 153
0.0995866 -0.0243934 1.05018 153 153 153
-0.204284 0.0545843 0.988479 153 153 153
-0.206171 0.0547875 -0.957047 153 153 153
-0.257624 0.0556592 1.04911 153 153 153
nan nan nan 255 216 0
0.149156 -0.0356142 -1.05076 153 153 153
0.149259 -0.039854 -1.00009 153 153 153
0.149161 -0.0387677 -0.94982 153 153 153
0.148923 -0.0343182 -0.899467 153 153 153
0.148806 -0.0276598 -0.848803 153 153 153
0.148889 -0.0184955 -0.796938 153 153 153
0.17435 -0.00495786 -0.74718 153 153 153
-0.250243 0.0652558 0.999888 153 153 153
0.148889 -0.0184955 0.796938 153 153 153
0.148806 -0.0276598 0.848803 153 153 153
0.148923 -0.0343182 0.899467 153 153 153
0.149161 -0.0387677 0.94982 153 153 153
0.149259 -0.039854 1.00009 153 153 153
0.149156 -0.0356141 1.05076 153 153 153
-0.250337 0.0667407 0.950053 153 153 153
-0.250238 0.0619693 0.900115 153 153 153
0.181727 -0.0169683 -1.11277 153 153 153
-0.254821 0.0554897 -0.854796 153 153 153
0.199647 -0.0459215 -1.05048 153 153 153
0.199309 -0.0476094 -0.900259 153 153 153
0.19888 -0.0393532 -0.849065 153 153 153
0.198369 -0.0282208 -0.797277 153 153 153
-0.250238 0.0619693 -0.900115 153 153 153
-0.250337 0.0667407 -0.950053 153 153 153
-0.250243 0.0652558 -0.999888 153 153 153
-0.259443 0.0470254 -1.06938 153 153 153
0.189451 0.00120322 0.740105 255 216 0
0.143336 0.00210088 0.753608 255 216 0
0.198369 -0.0282208 0.797277 153 153 153
0.19888 -0.0393532 0.849065 153 153 153
-0.309376 0.0561922 1.05673 153 153 153
0.199647 -0.0459215 1.05048 153 153 153
nan nan nan 255 216 0
-0.299967 0.0759299 1.00003 153 153 153
-0.300013 0.0803878 0.95 153 153 153
0.229927 -0.0265669 -1.09963 153 153 153
0.248782 -0.040715 -0.798631 153 153 153
0.239855 -0.023032 -0.75051 153 153 153
-0.29999 0.0768334 0.899996 153 153 153
-0.299908 0.0680505 0.849938 153 153 153
0.243066 -0.0201801 0.742 153 153 153
0.248782 -0.040715 0.798631 153 153 153
-0.299906 0.0557652 -0.799916 153 153 153
0.244577 -0.0217463 1.10294 153 153 153
-0.299908 0.0680504 -0.849937 153 153 153
0.298358 0.0119134 -1.09827 153 153 153
0.298274 -0.0386347 -0.747749 153 153 153
-0.29999 0.0768334 -0.899995 153 153 153
-0.300013 0.0803878 -0.95 153 153 153
-0.299967 0.0759299 -1.00003 153 153 153
-0.363733 0.0556757 1.05387 153 153 153
0.287733 -0.00585082 0.70006 255 216 0
-0.34989 0.0841991 1.00026 153 153 153
0.298274 -0.0386347 0.747749 153 153 153
-0.349921 0.0931789 0.950022 153 153 153
-0.349768 0.0843152 0.84986 153 153 153
0.35046 0 -1.0866 153 153 153
0.345137 -0.0254081 -0.684138 153 153 153
-0.401448 0.101826 0.848656 153 153 153
-0.34963 0.0721216 0.799705 153 153 153
-0.36 0.0599654 -0.748526 153 153 153
0.35046 0 1.0866 153 153 153
-0.34963 0.0721216 -0.799705 153 153 153
-0.349768 0.0843152 -0.849859 153 153 153
0.3961 -0.0271985 -0.645434 153 153 153
0.398694 0.0224189 -0.637386 153 153 153
-0.357202 0.09382 -0.894629 153 153 153
0.396289 -0.020618 0.637537 153 153 153
0.345969 -0.0270647 0.686065 153 153 153
0.400588 0 1.07147 153 153 153
0.417003 0.00889905 -1.06548 153 153 153
-0.349921 0.0931789 -0.950022 153 153 153
-0.403737 0.104233 -0.952685 153 153 153
0.434433 -0.0186359 -0.601088 255 216 0
-0.34989 0.0841991 -1.00026 153 153 153
-0.399959 0.0887094 1.00046 153 153 153
0.458312 -0.0178978 0.576261 255 216 0
0.442634 0.02294 0.596921 153 153 153
-0.400214 0.0897593 0.796594 153 153 153
0.436707 -0.0119631 1.05826 153 153 153
-0.399408 0.0754289 0.749509 153 153 153
0.500613 0 -1.03448 153 153 153
0.476076 0 -0.550013 255 216 0
0.513449 -0.0389209 -0.533335 153 153 153
0.509632 -0.00694659 -0.510004 255 216 0
-0.396912 0.0479661 0.681033 153 153 153
-0.398668 0.055698 -0.696813 153 153 153
0.479373 0.0191183 0.553827 255 216 0
0.500613 0 1.03448 153 153 153
0.46784 0.0473294 1.03433 153 153 153
-0.399408 0.0754289 -0.749509 153 153 153
-0.397175 0.0884086 -0.795853 153 153 153
0.544436 0.00902377 -0.460566 255 216 0
-0.399959 0.0887094 -1.00046 153 153 153
0.508837 0.00659378 0.510954 255 216 0
0.550516 0 1.01243 153 153 153
0.554646 -0.0256041 -1.00752 153 153 153
0.600565 0 -0.987729 153 153 153
-0.443759 0.0916312 0.994956 153 153 153
0.603885 -0.0496123 -0.39697 153 153 153
0.578298 0 -0.399933 255 216 0
0.602558 -0.00773238 -0.349897 255 216 0
-0.452605 0.0969728 0.747661 153 153 153
0.617089 -0.0588386 0.386531 153 153 153
0.578298 0 0.399933 255 216 0
0.547068 -0.00116201 0.454778 255 216 0
-0.449249 0.0793785 0.699403 153 153 153
-0.501357 0.103631 0.69805 153 153 153
-0.449394 0.0592795 0.649474 153 153 153
-0.449249 0.0793785 -0.699403 153 153 153
0.630052 0.00835454 -0.276907 153 153 153
-0.442973 0.0912144 -0.74243 153 153 153
-0.45011 0.0874576 -1.00078 153 153 153
-0.506767 0.0864564 0.64153 153 153 153
-0.504492 0.088468 -0.650086 153 153 153
-0.499008 0.1111 -0.955691 153 153 153
-0.496341 0.0672059 -1.01108 153 153 153
0.628967 -0.0101504 0.281125 153 153 153
0.597641 0.00694598 0.36083 255 216 0
0.6536 0.000168471 0.958533 153 153 153
0.656943 -0.018954 -0.955263 153 153 153
0.700722 0 -0.929779 153 153 153
-0.597509 0.0489694 0.979307 153 153 153
0.660237 0 -0.149965 153 153 153
0.667093 0 -0.0999691 153 153 153
0.671165 0 -0.0499836 153 153 153
0.672516 0 0 153 153 153
0.671165 0 0.0499836 153 153 153
0.667093 0 0.0999693 153 153 153
0.660237 0 0.149966 153 153 153
0.647571 0.00650233 0.213922 153 153 153
0.700722 0 0.929779 153 153 153
-0.556469 0.0953717 0.58977 153 153 153
-0.548771 0.0742851 0.54922 153 153 153
0.749228 -4.56518e-05 -0.897166 153 153 153
-0.601895 0.108622 0.547335 153 153 153
-0.548771 0.0742852 -0.54922 153 153 153
-0.54669 0.0938913 -0.601478 153 153 153
0.802323 0.0138035 0.857005 153 153 153
0.808224 -0.00515145 -0.852843 153 153 153
-0.60198 0.0932378 -0.94887 153 153 153
0.85664 0.0064276 0.812249 153 153 153
-0.543899 0.115648 -0.941363 153 153 153
0.867812 0.00370883 -0.80237 153 153 153
-0.606762 0.0888532 0.950525 153 153 153
0.910283 0.00981282 0.761959 153 153 153
-0.6027 0.091134 0.496848 153 153 153
0.916237 0.000749257 -0.756301 153 153 153
0.96478 -0.000687941 -0.704634 153 153 153
0.953984 0.00629297 0.716535 153 153 153
-0.578529 0.0521297 0.452245 153 153 153
-0.642789 0.101352 0.440961 153 153 153
-0.597553 0.0899099 -0.503459 153 153 153
1.00241 0.00387689 0.66001 153 153 153
-0.664386 0.0630135 0.937423 153 153 153
1.00709 0.000869779 -0.654204 153 153 153
-0.708555 0.0770301 0.903814 153 153 153
-0.659487 0.0988114 0.391729 153 153 153
-0.654553 0.0809481 0.348974 153 153 153
1.04607 -0.021851 0.600656 153 153 153
-0.69591 0.103002 0.294807 153 153 153
1.08042 0 -0.550752 153 153 153
-0.692451 0.103014 -0.307251 153 153 153
1.10864 -0.0103129 0.503057 153 153 153
1.08042 0 0.550752 153 153 153
1.10854 -0.0067941 -0.503448 153 153 153
1.1366 0 -0.450552 153 153 153
-0.650047 0.0888348 -0.385158 153 153 153
1.15876 -0.0102816 0.402421 153 153 153
1.1366 0 0.450552 153 153 153
-0.704763 0.0913074 -0.897132 153 153 153
1.15794 -2.29775e-06 -0.404748 153 153 153
1.17992 0 -0.350544 153 153 153
-0.655587 0.0499227 -0.948064 153 153 153
1.19399 0.0451411 -0.298961 153 153 153
-0.70838 0.104009 0.249438 153 153 153
1.19857 -0.0127132 0.295166 153 153 153
1.17992 0 0.350544 153 153 153
-0.70593 0.0918945 0.199373 153 153 153
1.21169 0 -0.250282 153 153 153
1.2234 0 -0.200331 153 153 153
1.23248 0 -0.150238 153 153 153
1.23893 0 -0.100124 153 153 153
1.24279 0 -0.0500454 153 153 153
1.24407 0 0 153 153 153
1.24279 0 0.0500453 153 153 153
1.23893 0 0.100124 153 153 153
1.23248 0 0.150238 153 153 153
1.2234 0 0.200331 153 153 153
1.21169 0 0.250282 153 153 153
-0.722506 0.100334 0.149956 153 153 153
-1.21921 0.0177666 -0.217127 153 153 153
-0.737518 0.110346 0.110964 153 153 153
-1.22812 0.0502822 -0.150251 153 153 153
-1.23462 0.0502511 -0.10015 153 153 153
-1.23851 0.0502122 -0.0500636 153 153 153
-1.2398 0.0501958 0 153 153 153
-1.23851 0.0502122 0.0500636 153 153 153
-1.23462 0.0502511 0.10015 153 153 153
-1.22812 0.0502822 0.150251 153 153 153
-1.219 0.05026 0.200307 153 153 153
-0.740378 0.109121 0.0530851 153 153 153
-0.738727 0.106361 0.0068022 153 153 153
-1.15875 0.0402248 -0.395784 153 153 153
-0.73891 0.107406 -0.0457088 153 153 153
-0.738116 0.11015 -0.102322 153 153 153
-1.19939 0.029844 -0.28824 153 153 153
-1.19272 0.0501474 0.300256 153 153 153
-1.17523 0.0502777 0.350554 153 153 153
-0.722506 0.100334 -0.149956 153 153 153
-0.707904 0.0938965 -0.199733 153 153 153
-1.10866 0.0420613 -0.496925 153 153 153
-0.688421 0.086023 -0.253101 153 153 153
-1.13156 0.0502596 -0.450643 153 153 153
-1.13156 0.0502596 0.450643 153 153 153
-0.767656 0.0998193 0.850353 153 153 153
-0.853203 0.108412 -0.777904 153 153 153
-0.800599 0.100555 -0.825897 153 153 153
-1.07493 0.0502697 -0.550775 153 153 153
-1.07493 0.0502697 0.550775 153 153 153
-1.04327 0.0510236 0.597688 153 153 153
-0.997088 0.0479378 -0.659539 153 153 153
-0.841789 0.0963363 0.795897 153 153 153
-1.04904 0.0518817 -0.589165 153 153 153
-0.904011 0.094444 -0.7408 153 153 153
-0.850789 0.07332 -0.800916 153 153 153
-0.903816 0.0928062 0.741981 153 153 153
-0.946239 0.0379896 -0.720752 153 153 153
-0.951406 0.109071 -0.681886 153 153 153
-0.971437 0.0348697 0.693383 153 153 153
-0.951481 0.0886546 0.695062 153 153 153
-0.892552 0.0328508 -0.776252 153 153 153
-0.990652 0.100371 -0.642313 153 153 153
-0.928428 0.0334094 0.740548 153 153 153
-0.950801 0.0794728 -0.700732 153 153 153
-0.8425 0.0328662 -0.821371 153 153 153
-0.981306 0.105096 0.650384 153 153 153
-0.870065 0.0371346 0.796231 153 153 153
-1.00089 0.0546059 0.652678 153 153 153
-0.803005 0.0588225 -0.846187 153 153 153
-1.02277 0.100548 0.600787 153 153 153
-0.811853 0.0579217 0.839557 153 153 153
-1.02277 0.100548 -0.600786 153 153 153
-1.09305 0.0852208 0.503859 153 153 153
-0.748627 0.0401149 0.892332 153 153 153
-0.700676 0.0503859 -0.92096 153 153 153
-0.761545 0.0624736 -0.875617 153 153 153
-1.08874 0.100403 -0.500518 153 153 153
-1.04484 0.111333 -0.56158 153 153 153
-1.11146 0.0995911 0.459985 153 153 153
-1.14475 0.0846846 0.402966 153 153 153
-0.650345 0.0565061 -0.291208 153 153 153
-1.14 0.100377 -0.400406 153 153 153
-0.662816 0.0443313 -0.211566 153 153 153
-1.11315 0.101399 -0.455244 153 153 153
-0.68767 0.060958 -0.140291 153 153 153
-0.691322 0.0577517 -0.0871041 153 153 153
-0.693453 0.056012 -0.028949 153 153 153
-0.693919 0.0561862 0.0124487 153 153 153
-0.691406 0.0560374 0.070349 153 153 153
-0.688845 0.0577719 0.112001 153 153 153
-1.15807 0.0981593 0.359515 153 153 153
-0.676504 0.0540151 0.177033 153 153 153
-1.17839 0.100566 0.300472 153 153 153
-0.659577 0.0519385 0.246475 153 153 153
-1.19341 0.100278 0.250197 153 153 153
-1.19021 0.107399 -0.25165 153 153 153
-1.17839 0.100566 -0.300472 153 153 153
-0.600657 0.0505676 -0.977067 153 153 153
-0.608288 0.0552709 -0.398676 153 153 153
-1.17313 0.0763107 -0.339451 153 153 153
-1.2067 0.0494551 0.252771 153 153 153
-0.624468 0.0501742 -0.349916 153 153 153
-1.21465 0.10046 0.150198 153 153 153
-0.635909 0.0458215 0.309792 153 153 153
-1.22122 0.100557 0.10016 153 153 153
-1.22516 0.100579 0.0500836 153 153 153
-1.22648 0.10058 0 153 153 153
-0.612095 0.0588825 0.397974 153 153 153
-1.22516 0.100579 -0.0500836 153 153 153
-0.550229 0.0634736 -0.993469 153 153 153
-1.22122 0.100557 -0.10016 153 153 153
-0.543399 0.0477561 -0.503755 153 153 153
-0.577204 0.0531627 -0.456619 153 153 153
1.20726 0.0501305 0.250191 153 153 153
1.219 0.05026 0.200307 153 153 153
1.22812 0.0502822 0.150251 153 153 153
1.23462 0.0502511 0.10015 153 153 153
1.23851 0.0502122 0.0500636 153 153 153
1.2398 0.0501957 0 153 153 153
-0.508011 0.0473382 -0.553991 153 153 153
1.23851 0.0502123 -0.0500636 153 153 153
1.23462 0.0502511 -0.10015 153 153 153
-0.546752 0.0461219 0.495766 153 153 153
1.22812 0.0502822 -0.150251 153 153 153
1.21784 0.0422104 -0.211787 153 153 153
-0.511088 0.0380524 0.535281 153 153 153
-0.513851 0.0645001 1.00701 153 153 153
1.17523 0.0502777 0.350554 153 153 153
1.1962 0.0413377 0.293833 153 153 153
-0.444467 0.0468904 -0.629722 153 153 153
-0.502638 0.0631443 -0.591647 153 153 153
1.16575 0.0485309 -0.375657 153 153 153
-0.496763 0.0576314 0.588011 153 153 153
1.13156 0.0502596 0.450643 153 153 153
1.13156 0.0502596 -0.450643 153 153 153
-0.441055 -0.00320755 1.05755 153 153 153
-0.440796 0.0492927 1.04178 153 153 153
1.11239 0.0499518 -0.487452 153 153 153
-0.448178 0.0358651 -1.04695 153 153 153
1.07493 0.0502697 0.550775 153 153 153
1.07493 0.0502696 -0.550775 153 153 153
-0.3961 0.0271987 -0.645434 153 153 153
1.04595 0.0382425 0.597629 153 153 153
-0.3961 0.0271987 0.645434 153 153 153
1.04771 0.039096 -0.594903 153 153 153
1.01522 0.0546761 -0.634432 153 153 153
0.973736 0.0433377 -0.688711 153 153 153
-0.376394 0.0641327 -1.04203 153 153 153
0.947228 0.0543978 0.715073 153 153 153
0.928591 0.045745 -0.737439 153 153 153
0.889101 0.061209 0.77142 153 153 153
0.873248 0.0453635 -0.791282 153 153 153
-0.347217 0.0335227 0.696354 153 153 153
-0.347069 0.0536823 0.74403 153 153 153
0.781208 0.0651534 0.860213 153 153 153
-0.301902 0.0542771 -1.05968 153 153 153
-0.244212 0.0369234 -0.789162 153 153 153
0.812855 0.0548868 -0.839844 153 153 153
-0.30449 0.0410949 -0.749095 153 153 153
-0.304414 0.0183303 -0.702093 153 153 153
0.745139 0.0457018 0.893171 153 153 153
-0.302277 0.040395 0.749101 153 153 153
0.734098 0.057935 -0.896423 153 153 153
0.700675 0.0503859 0.92096 153 153 153
0.657299 0.0501017 0.249963 153 153 153
0.669275 0.050184 0.199945 153 153 153
0.678384 0.0501833 0.149958 153 153 153
0.663274 0.0456917 -0.213442 153 153 153
0.700676 0.0503859 -0.92096 153 153 153
0.658192 0.0525908 -0.945544 153 153 153
-0.247243 0.0224374 -0.744466 153 153 153
-0.252604 0.0215842 0.739289 153 153 153
-0.300431 0.0550502 0.796774 153 153 153
-0.248782 0.040715 0.798631 153 153 153
0.598407 0.0449895 0.400213 153 153 153
-0.250992 0.0161666 1.1058 153 153 153
0.641076 0.0494725 0.302589 153 153 153
-0.200465 0.0222977 -1.10588 153 153 153
0.657083 0.065416 -0.294508 153 153 153
-0.208748 0.0455053 -1.05816 153 153 153
0.588464 0.0556302 0.440248 153 153 153
0.604545 0.0453401 -0.387608 153 153 153
0.600657 0.0505676 -0.977067 153 153 153
-0.191882 0.0450728 -0.896279 153 153 153
0.558976 0.0512076 -0.996456 153 153 153
-0.19888 0.0393532 -0.849065 153 153 153
-0.198369 0.0282208 -0.797277 153 153 153
-0.191342 0.000805084 -0.739419 255 216 0
0.537964 0.0632004 0.541477 153 153 153
-0.198369 0.0282208 0.797277 153 153 153
-0.255752 0.0526459 0.839997 153 153 153
-0.19888 0.0393532 0.849065 153 153 153
0.552909 0.045424 0.484764 153 153 153
0.497962 0.0602037 0.591686 153 153 153
-0.207813 0.0512924 0.910819 153 153 153
0.504042 0.0379376 -0.544461 153 153 153
0.501298 0.0747729 -1.00306 153 153 153
-0.199142 0.0441647 1.05717 153 153 153
-0.200465 0.0222976 1.10588 153 153 153
-0.149902 0.0212762 -1.1043 153 153 153
-0.149156 0.0356142 -1.05076 153 153 153
-0.205226 0.05408 -1.00356 153 153 153
-0.149258 0.039854 -1.00009 153 153 153
0.451792 0.0569058 0.641553 153 153 153
-0.14916 0.0387676 -0.94982 153 153 153
-0.148923 0.0343181 -0.899467 153 153 153
-0.148806 0.0276598 -0.848803 153 153 153
-0.148889 0.0184955 -0.796938 153 153 153
-0.148889 0.0184955 0.796938 153 153 153
-0.148806 0.0276598 0.848803 153 153 153
-0.148923 0.0343181 0.899467 153 153 153
0.445748 0.0271574 -0.598295 153 153 153
-0.14916 0.0387677 0.94982 153 153 153
0.450342 0.0507368 -1.0379 153 153 153
-0.149258 0.039854 1.00009 153 153 153
-0.149156 0.0356141 1.05076 153 153 153
-0.149902 0.0212763 1.1043 153 153 153
0.401373 0.0501386 1.05185 153 153 153
-0.0995864 0.0243934 -1.05018 153 153 153
-0.0997641 0.0267133 -1.00001 153 153 153
-0.0996644 0.0255993 -0.949941 153 153 153
-0.0994415 0.022336 -0.899788 153 153 153
-0.0993585 0.0176469 -0.849454 153 153 153
nan nan nan 255 216 0
0.397725 0.0578736 0.703097 153 153 153
-0.0993585 0.0176469 0.849455 153 153 153
-0.0994415 0.022336 0.899789 153 153 153
-0.0996644 0.0255993 0.949941 153 153 153
-0.0997641 0.0267133 1.00001 153 153 153
-0.0995864 0.0243933 1.05018 153 153 153
-0.0996154 0.016343 1.10153 153 153 153
-0.0641017 -0.0115854 -1.09689 153 153 153
-0.0464501 0.04825 -1.04976 153 153 153
0.3961 0.0271988 0.645434 153 153 153
nan nan nan 255 216 0
-0.0437958 0.0476804 -0.901502 153 153 153
-0.0650637 -0.0115539 -0.85337 153 153 153
0.347217 0.0335227 0.696354 153 153 153
nan nan nan 255 216 0
-0.0650637 -0.0115539 0.85337 153 153 153
0.347217 0.0335227 -0.696354 153 153 153
nan nan nan 255 216 0
-0.0499926 0.0499964 1 153 153 153
-0.0464502 0.0482501 1.04976 153 153 153
-0.0641017 -0.0115854 1.09689 153 153 153
nan nan nan 255 216 0
nan nan nan 255 216 0
0.302277 0.040395 -0.7491 153 153 153
nan nan nan 255 216 0
0.250117 0.0393476 0.792328 153 153 153
0.0650637 -0.0115539 -0.85337 153 153 153
0.0508086 0.00538731 -0.800281 153 153 153
0.298274 0.0386347 0.747749 153 153 153
0.0650637 -0.0115539 0.85337 153 153 153
0.287433 0.000564681 -0.698809 255 216 0
0.256248 0.0412447 -0.793271 153 153 153
0.0499924 0.0499961 1 153 153 153
0.04645 0.04825 1.04976 153 153 153
0.0641017 -0.011585 1.0969 153 153 153
0.0996156 0.016343 -1.10153 153 153 153
0.0995866 0.0243934 -1.05018 153 153 153
0.0997642 0.0267133 -1.00001 153 153 153
0.0996647 0.0255993 -0.949941 153 153 153
0.0994417 0.0223361 -0.899788 153 153 153
0.0993587 0.017647 -0.849454 153 153 153
0.0995702 0.0111541 -0.798288 153 153 153
nan nan nan 255 216 0
0.0993587 0.017647 0.849455 153 153 153
0.0994417 0.0223361 0.899789 153 153 153
0.0996647 0.0255993 0.949941 153 153 153
0.0997642 0.0267133 1.00001 153 153 153
0.0995866 0.0243934 1.05018 153 153 153
0.317883 0.0615607 -1.04779 153 153 153
0.149902 0.0212763 -1.1043 153 153 153
0.149156 0.0356142 -1.05076 153 153 153
0.149259 0.039854 -1.00009 153 153 153
0.149161 0.0387677 -0.94982 153 153 153
0.148923 0.0343182 -0.899467 153 153 153
0.148806 0.0276598 -0.848803 153 153 153
0.148889 0.0184955 -0.796938 153 153 153
0.148889 0.0184955 0.796938 153 153 153
0.148806 0.0276599 0.848803 153 153 153
0.148923 0.0343182 0.899467 153 153 153
0.149161 0.0387677 0.94982 153 153 153
0.149259 0.039854 1.00009 153 153 153
0.149156 0.0356142 1.05076 153 153 153
0.149902 0.0212762 1.1043 153 153 153
0.200465 0.0222977 -1.10588 153 153 153
0.265626 0.0182837 1.10214 153 153 153
0.207189 0.0551667 -0.99324 153 153 153
0.204035 0.046574 1.05113 153 153 153
0.18921 0.0450106 0.901274 153 153 153
0.247243 0.0224375 0.744466 153 153 153
0.204362 0.0486179 -0.897507 153 153 153
0.19888 0.0393532 -0.849065 153 153 153
0.198369 0.0282208 -0.797277 153 153 153
0.247243 0.0224374 -0.744466 153 153 153
0.19212 0.0439027 -1.05311 153 153 153
0.198369 0.0282208 0.797277 153 153 153
0.19888 0.0393532 0.849065 153 153 153
0.257847 0.0552602 -1.05029 153 153 153
0.250992 0.0161666 -1.1058 153 153 153
0.200465 0.0222976 1.10588 153 153 153
3 108 2 106
3 2 1 3
3 108 1 2
3 5 3 1
3 90 5 1
3 7 5 90
3 94 7 90
3 9 7 94
3 97 9 94
3 11 9 97
3 109 11 97
3 109 13 11
3 106 2 15
3 21 15 2
3 3 21 2
3 0 16 4
3 16 17 4
3 4 17 6
3 17 18 6
3 6 18 8
3 18 19 8
3 8 19 10
3 22 21 3
3 5 22 3
3 20 10 19
3 29 22 5
3 12 23 24
3 14 12 24
3 24 25 14
3 14 25 0
3 25 26 0
3 0 26 16
3 26 27 16
3 16 27 17
3 27 28 17
3 17 28 18
3 28 39 18
3 18 39 19
3 39 30 19
3 19 30 20
3 20 30 152
3 141 20 152
3 7 29 5
3 31 29 7
3 9 31 7
3 24 41 25
3 41 35 25
3 25 35 26
3 35 36 26
3 26 36 27
3 36 37 27
3 27 37 28
3 37 39 28
3 32 31 9
3 11 32 9
3 33 32 11
3 13 33 11
3 13 145 33
3 140 15 21
3 34 140 21
3 22 34 21
3 38 34 22
3 29 38 22
3 40 38 29
3 31 40 29
3 166 40 31
3 45 39 37
3 32 166 31
3 33 166 32
3 144 166 33
3 145 144 33
3 241 43 237
3 43 42 44
3 241 42 43
3 47 44 42
3 213 47 42
3 48 47 213
3 218 48 213
3 49 48 218
3 221 49 218
3 51 49 221
3 245 51 221
3 245 53 51
3 46 62 50
3 62 63 50
3 50 63 52
3 63 64 52
3 52 64 54
3 64 65 54
3 54 65 56
3 237 43 55
3 57 55 43
3 66 56 65
3 44 57 43
3 58 69 70
3 60 58 70
3 70 71 60
3 60 71 46
3 71 72 46
3 46 72 62
3 72 73 62
3 62 73 63
3 73 74 63
3 63 74 64
3 74 85 64
3 64 85 65
3 85 76 65
3 65 76 66
3 66 76 252
3 242 66 252
3 59 57 44
3 47 59 44
3 61 59 47
3 70 87 71
3 87 81 71
3 71 81 72
3 81 82 72
3 72 82 73
3 82 83 73
3 73 83 74
3 83 85 74
3 48 61 47
3 67 61 48
3 49 67 48
3 68 67 49
3 51 68 49
3 75 68 51
3 53 75 51
3 53 282 75
3 271 55 57
3 77 271 57
3 59 77 57
3 78 77 59
3 61 78 59
3 91 85 83
3 79 78 61
3 67 79 61
3 292 79 67
3 68 292 67
3 75 292 68
3 281 292 75
3 282 281 75
3 80 318 84
3 84 318 86
3 318 319 86
3 86 321 88
3 319 321 86
3 89 88 321
3 313 89 321
3 93 89 313
3 314 93 313
3 95 93 314
3 315 95 314
3 92 107 111
3 111 112 92
3 92 112 96
3 112 113 96
3 96 113 98
3 113 114 98
3 98 114 100
3 114 115 100
3 100 115 102
3 99 95 315
3 322 102 117
3 117 102 115
3 117 118 322
3 323 99 315
3 323 101 99
3 322 118 121
3 323 325 101
3 101 325 103
3 329 80 105
3 106 105 80
3 104 125 126
3 126 127 104
3 104 127 107
3 127 128 107
3 84 106 80
3 108 106 84
3 0 111 128
3 111 107 128
3 4 111 0
3 112 111 4
3 6 112 4
3 113 112 6
3 8 113 6
3 114 113 8
3 10 114 8
3 115 114 10
3 86 108 84
3 10 129 115
3 129 117 115
3 129 130 117
3 117 130 118
3 130 131 118
3 118 131 121
3 108 86 88
3 1 108 88
3 132 121 131
3 90 1 89
3 89 1 88
3 94 90 93
3 123 136 125
3 125 136 138
3 138 139 125
3 125 139 126
3 139 12 126
3 126 12 127
3 93 90 89
3 14 128 12
3 128 127 12
3 14 0 128
3 20 129 10
3 141 129 20
3 97 94 95
3 141 130 129
3 141 142 130
3 130 142 131
3 142 143 131
3 131 143 132
3 95 94 93
3 109 97 99
3 342 132 143
3 99 97 95
3 99 101 109
3 110 109 101
3 148 149 136
3 136 149 138
3 149 150 138
3 138 150 139
3 150 23 139
3 139 23 12
3 103 110 101
3 116 110 103
3 333 116 103
3 333 335 116
3 152 153 141
3 141 153 142
3 153 154 142
3 142 154 143
3 154 156 143
3 143 156 342
3 119 329 120
3 119 341 329
3 122 120 329
3 105 122 329
3 369 159 148
3 148 159 149
3 159 160 149
3 149 160 150
3 160 161 150
3 150 161 23
3 23 162 24
3 106 122 105
3 23 161 162
3 24 162 41
3 39 163 30
3 109 110 13
3 30 163 152
3 163 164 152
3 164 165 152
3 152 165 153
3 165 184 153
3 153 184 154
3 184 168 154
3 154 168 156
3 124 13 110
3 116 124 110
3 133 124 116
3 335 133 116
3 171 159 369
3 335 344 133
3 171 172 159
3 159 172 160
3 172 173 160
3 160 173 161
3 173 174 161
3 161 174 162
3 343 344 335
3 41 162 175
3 162 174 175
3 41 176 35
3 175 176 41
3 35 177 36
3 176 177 35
3 36 178 37
3 177 178 36
3 37 179 45
3 178 179 37
3 45 163 39
3 45 179 163
3 179 180 163
3 180 181 163
3 163 181 164
3 181 182 164
3 164 182 165
3 135 134 119
3 120 135 119
3 182 184 165
3 137 135 120
3 122 137 120
3 15 137 122
3 106 15 122
3 146 145 13
3 124 146 13
3 147 146 124
3 188 174 173
3 175 174 188
3 189 175 188
3 176 175 189
3 190 176 189
3 177 176 190
3 191 177 190
3 178 177 191
3 192 178 191
3 179 178 192
3 193 179 192
3 180 179 193
3 194 180 193
3 181 180 194
3 133 147 124
3 366 147 133
3 344 366 133
3 155 151 134
3 135 155 134
3 157 155 135
3 137 157 135
3 201 202 421
3 158 157 137
3 202 204 423
3 421 202 423
3 204 206 425
3 423 204 425
3 206 208 427
3 425 206 427
3 208 210 429
3 427 208 429
3 210 212 431
3 429 210 431
3 212 214 433
3 431 212 433
3 214 216 217
3 433 214 217
3 15 158 137
3 217 216 219
3 140 158 15
3 145 167 144
3 222 224 225
3 169 167 145
3 146 169 145
3 225 224 199
3 199 224 226
3 226 227 199
3 199 227 201
3 227 228 201
3 201 228 202
3 170 169 146
3 46 204 228
3 204 202 228
3 50 204 46
3 206 204 50
3 52 206 50
3 208 206 52
3 54 208 52
3 210 208 54
3 56 210 54
3 212 210 56
3 147 170 146
3 56 229 212
3 229 214 212
3 229 230 214
3 214 230 216
3 230 231 216
3 216 231 219
3 366 170 147
3 451 219 233
3 233 219 231
3 155 385 151
3 451 233 452
3 183 155 157
3 385 155 183
3 185 183 157
3 238 239 222
3 222 239 224
3 239 240 224
3 224 240 226
3 240 58 226
3 226 58 227
3 158 185 157
3 60 228 58
3 228 227 58
3 60 46 228
3 66 229 56
3 242 229 66
3 186 185 158
3 242 230 229
3 242 243 230
3 230 243 231
3 243 244 231
3 231 244 233
3 244 246 233
3 233 246 452
3 140 186 158
3 187 186 140
3 140 34 187
3 187 34 195
3 269 249 238
3 238 249 239
3 249 250 239
3 239 250 240
3 250 69 240
3 240 69 58
3 34 38 195
3 195 38 196
3 38 40 196
3 196 40 197
3 252 253 242
3 242 253 243
3 253 254 243
3 243 254 244
3 254 256 244
3 244 256 246
3 40 166 197
3 197 166 198
3 144 200 198
3 166 144 198
3 203 200 144
3 167 203 144
3 269 260 249
3 249 260 250
3 260 261 250
3 250 261 69
3 69 262 70
3 169 203 167
3 69 261 262
3 70 262 87
3 85 263 76
3 170 203 169
3 76 263 252
3 263 264 252
3 264 265 252
3 252 265 253
3 265 254 253
3 407 203 170
3 185 386 183
3 186 387 185
3 387 386 185
3 187 388 186
3 388 387 186
3 195 389 187
3 389 388 187
3 269 272 260
3 196 390 195
3 260 272 261
3 272 273 261
3 261 273 262
3 390 389 195
3 87 262 274
3 262 273 274
3 87 275 81
3 274 275 87
3 81 276 82
3 275 276 81
3 82 277 83
3 276 277 82
3 83 278 91
3 277 278 83
3 91 263 85
3 91 278 263
3 278 279 263
3 279 280 263
3 263 280 264
3 280 265 264
3 197 393 196
3 265 283 254
3 393 390 196
3 198 396 197
3 396 393 197
3 200 398 198
3 398 396 198
3 203 399 200
3 399 398 200
3 286 273 272
3 435 437 205
3 286 297 273
3 273 297 274
3 297 289 274
3 274 289 275
3 289 290 275
3 275 290 276
3 290 291 276
3 276 291 277
3 291 293 277
3 277 293 278
3 293 294 279
3 205 437 207
3 293 279 278
3 280 279 294
3 437 439 207
3 207 439 209
3 439 441 209
3 209 441 211
3 441 443 211
3 211 443 215
3 443 445 215
3 215 445 220
3 445 446 220
3 220 446 223
3 446 448 223
3 223 448 232
3 448 450 232
3 232 450 234
3 450 663 234
3 234 663 453
3 235 435 236
3 469 435 235
3 237 236 435
3 205 237 435
3 241 237 205
3 207 241 205
3 241 207 209
3 42 241 209
3 213 42 211
3 211 42 209
3 218 213 215
3 316 107 320
3 525 316 320
3 92 304 320
3 215 213 211
3 221 218 220
3 92 320 107
3 96 304 92
3 306 304 96
3 98 306 96
3 308 306 98
3 100 308 98
3 310 308 100
3 102 310 100
3 533 310 102
3 220 218 215
3 102 534 533
3 102 322 534
3 245 221 223
3 223 221 220
3 534 322 324
3 223 232 245
3 324 322 326
3 247 245 232
3 234 247 232
3 330 331 332
3 248 247 234
3 104 316 332
3 453 248 234
3 453 251 248
3 104 332 331
3 107 316 104
3 470 251 453
3 251 470 476
3 257 255 235
3 258 257 235
3 236 258 235
3 237 258 236
3 245 247 53
3 259 53 247
3 326 322 121
3 248 259 247
3 121 547 326
3 121 334 547
3 266 259 248
3 251 266 248
3 547 334 336
3 490 266 251
3 348 339 340
3 476 490 251
3 340 339 330
3 330 339 123
3 268 267 255
3 125 331 123
3 331 330 123
3 125 104 331
3 132 334 121
3 342 334 132
3 257 268 255
3 342 336 334
3 270 268 257
3 258 270 257
3 337 336 342
3 55 270 258
3 237 55 258
3 284 282 53
3 348 347 339
3 339 347 349
3 259 284 53
3 136 123 349
3 123 339 349
3 497 284 259
3 266 497 259
3 490 497 266
3 285 267 268
3 350 337 342
3 503 267 285
3 565 337 353
3 353 337 350
3 287 285 268
3 347 354 355
3 270 287 268
3 355 356 347
3 347 356 349
3 356 136 349
3 148 136 356
3 156 350 342
3 357 350 156
3 357 358 350
3 350 358 353
3 353 358 580
3 288 287 270
3 354 360 361
3 355 354 361
3 361 362 355
3 355 362 356
3 362 148 356
3 369 148 362
3 168 357 156
3 363 357 168
3 363 375 357
3 357 375 358
3 358 375 586
3 580 358 586
3 55 288 270
3 361 360 376
3 376 368 361
3 361 368 362
3 271 288 55
3 282 295 281
3 362 368 369
3 296 295 282
3 284 296 282
3 504 296 284
3 497 504 284
3 184 372 168
3 371 372 184
3 514 285 287
3 168 372 363
3 372 395 363
3 395 375 363
3 298 514 287
3 288 298 287
3 299 298 288
3 271 299 288
3 300 299 271
3 377 368 376
3 271 77 300
3 377 397 368
3 368 397 369
3 397 380 369
3 369 380 171
3 171 381 172
3 300 77 301
3 171 380 381
3 172 400 173
3 381 400 172
3 77 78 301
3 400 188 173
3 301 78 302
3 78 79 302
3 302 79 303
3 79 292 303
3 303 292 305
3 292 281 305
3 295 307 281
3 519 307 295
3 296 519 295
3 504 519 296
3 299 516 298
3 309 299 300
3 194 408 181
3 309 516 299
3 181 391 182
3 408 391 181
3 182 371 184
3 182 391 371
3 391 392 371
3 392 394 371
3 371 394 372
3 311 309 300
3 301 311 300
3 394 395 372
3 302 311 301
3 312 311 302
3 303 312 302
3 527 312 303
3 305 527 303
3 281 527 305
3 518 527 281
3 307 518 281
3 549 750 317
3 552 553 318
3 318 553 319
3 401 188 400
3 189 188 401
3 402 189 401
3 190 189 402
3 403 190 402
3 191 190 403
3 404 191 403
3 192 191 404
3 405 192 404
3 193 192 405
3 406 193 405
3 194 193 406
3 408 194 406
3 553 554 319
3 544 321 554
3 554 321 319
3 313 321 544
3 314 313 546
3 546 313 544
3 315 314 549
3 549 314 546
3 323 315 317
3 317 315 549
3 556 317 750
3 556 323 317
3 556 325 323
3 325 556 327
3 556 557 327
3 327 557 560
3 420 421 422
3 563 564 328
3 421 423 424
3 422 421 424
3 423 425 426
3 424 423 426
3 425 427 428
3 426 425 428
3 427 429 430
3 428 427 430
3 429 431 432
3 430 429 432
3 431 433 434
3 432 431 434
3 433 217 436
3 434 433 436
3 564 552 80
3 436 217 438
3 564 80 328
3 318 80 552
3 103 325 327
3 333 103 560
3 560 103 327
3 567 333 560
3 444 447 631
3 333 567 568
3 412 631 447
3 569 338 576
3 412 447 449
3 449 225 412
3 412 225 416
3 338 563 341
3 199 418 225
3 418 416 225
3 201 418 199
3 420 418 201
3 421 420 201
3 569 563 338
3 341 563 328
3 341 328 329
3 80 329 328
3 333 568 343
3 335 333 343
3 568 345 343
3 568 571 345
3 571 577 345
3 576 346 581
3 346 338 351
3 576 338 346
3 351 338 341
3 119 351 341
3 343 345 352
3 344 343 352
3 438 217 219
3 451 438 219
3 345 359 352
3 451 440 438
3 451 452 440
3 440 452 442
3 577 359 345
3 648 442 454
3 454 442 452
3 577 584 359
3 648 454 456
3 581 346 588
3 444 458 459
3 346 364 588
3 459 460 444
3 444 460 447
3 365 364 346
3 222 449 460
3 449 447 460
3 225 449 222
3 351 365 346
3 365 351 134
3 134 351 119
3 366 344 367
3 367 344 352
3 370 367 352
3 359 370 352
3 461 454 452
3 461 462 454
3 454 462 456
3 456 462 666
3 359 584 370
3 458 464 465
3 459 458 465
3 465 466 459
3 459 466 460
3 466 222 460
3 238 222 466
3 246 461 452
3 467 461 246
3 467 468 461
3 461 468 462
3 462 468 672
3 666 462 672
3 584 589 370
3 465 464 471
3 471 472 465
3 465 472 466
3 472 238 466
3 269 238 472
3 256 467 246
3 473 467 256
3 473 475 467
3 467 475 468
3 588 364 596
3 672 468 475
3 364 373 596
3 374 373 364
3 365 374 364
3 471 485 472
3 374 365 151
3 151 365 134
3 472 485 269
3 170 366 378
3 254 480 256
3 378 366 367
3 256 480 473
3 480 481 473
3 379 378 367
3 685 475 481
3 481 475 473
3 370 379 367
3 370 589 379
3 589 597 379
3 596 373 382
3 485 486 269
3 383 382 373
3 374 383 373
3 269 486 487
3 269 487 272
3 384 383 374
3 283 480 254
3 151 384 374
3 283 489 480
3 151 385 384
3 693 481 489
3 489 481 480
3 481 693 685
3 407 170 409
3 378 410 409
3 494 487 486
3 170 378 409
3 487 494 495
3 487 495 272
3 611 410 378
3 379 611 378
3 379 597 611
3 383 605 382
3 411 383 384
3 411 605 383
3 413 411 384
3 294 499 280
3 385 413 384
3 280 500 265
3 499 500 280
3 618 413 385
3 500 702 283
3 500 283 265
3 183 618 385
3 489 283 702
3 183 386 618
3 399 203 414
3 407 415 414
3 407 414 203
3 505 272 495
3 286 272 505
3 506 286 505
3 417 415 407
3 286 506 517
3 286 517 297
3 409 417 407
3 297 509 289
3 517 509 297
3 289 510 290
3 509 510 289
3 290 511 291
3 510 511 290
3 291 512 293
3 511 512 291
3 410 417 409
3 512 713 294
3 512 294 293
3 606 417 410
3 499 294 713
3 515 499 713
3 500 499 515
3 611 606 410
3 386 622 618
3 387 624 386
3 624 622 386
3 388 625 387
3 625 624 387
3 389 627 388
3 627 625 388
3 390 628 389
3 628 627 389
3 393 629 390
3 629 628 390
3 396 634 393
3 522 525 526
3 634 629 393
3 525 320 528
3 526 525 528
3 398 636 396
3 320 304 528
3 528 304 529
3 304 306 529
3 306 530 529
3 306 308 530
3 308 531 530
3 308 310 531
3 310 532 531
3 310 533 532
3 636 634 396
3 533 534 535
3 399 644 398
3 644 636 398
3 414 644 399
3 535 534 537
3 646 651 437
3 437 651 439
3 651 652 439
3 439 652 441
3 543 332 545
3 652 653 441
3 441 653 443
3 332 316 522
3 332 522 545
3 653 654 443
3 525 522 316
3 443 654 445
3 654 655 445
3 445 655 446
3 655 657 446
3 446 657 448
3 657 661 448
3 537 534 324
3 326 537 324
3 539 537 326
3 448 661 450
3 326 753 539
3 326 547 753
3 661 662 450
3 450 662 663
3 753 547 548
3 455 674 457
3 457 419 463
3 551 340 555
3 674 419 457
3 330 543 555
3 340 330 555
3 469 463 419
3 645 469 419
3 332 543 330
3 469 645 646
3 469 646 435
3 437 435 646
3 453 663 665
3 548 547 336
3 665 669 470
3 336 550 548
3 453 665 470
3 336 337 550
3 474 470 669
3 671 474 669
3 671 477 474
3 671 675 477
3 477 675 676
3 455 478 689
3 551 562 348
3 479 478 455
3 457 479 455
3 340 551 348
3 479 457 463
3 235 479 463
3 565 550 337
3 469 235 463
3 565 559 550
3 476 470 474
3 474 477 482
3 566 559 565
3 476 474 482
3 483 482 477
3 676 483 477
3 676 690 483
3 562 570 572
3 348 572 347
3 689 478 696
3 348 562 572
3 478 484 696
3 488 484 478
3 479 488 478
3 353 573 565
3 573 566 565
3 488 479 255
3 255 479 235
3 574 566 573
3 490 476 491
3 491 476 482
3 492 491 482
3 578 354 570
3 570 354 572
3 354 347 572
3 483 492 482
3 580 573 353
3 483 690 492
3 580 582 573
3 573 582 574
3 690 706 492
3 696 484 701
3 484 493 701
3 496 493 484
3 488 496 484
3 578 360 354
3 496 488 267
3 267 488 255
3 497 490 498
3 498 490 491
3 586 587 580
3 580 587 582
3 501 498 491
3 492 501 491
3 492 706 501
3 578 583 595
3 595 591 578
3 578 591 360
3 711 701 493
3 376 360 591
3 502 493 496
3 592 586 375
3 592 594 586
3 586 594 587
3 711 493 502
3 503 502 496
3 267 503 496
3 507 504 497
3 498 508 507
3 595 806 591
3 497 498 507
3 376 591 598
3 591 806 598
3 501 508 498
3 598 377 376
3 704 508 501
3 394 600 395
3 395 601 375
3 600 601 395
3 706 704 501
3 375 601 592
3 601 603 592
3 714 711 502
3 513 502 503
3 603 594 592
3 714 502 513
3 514 513 503
3 285 514 503
3 520 519 504
3 507 521 520
3 607 377 598
3 397 377 607
3 504 507 520
3 397 607 608
3 397 608 380
3 380 608 609
3 380 609 381
3 381 609 610
3 381 610 400
3 400 610 819
3 400 819 401
3 401 819 820
3 401 820 402
3 402 820 613
3 402 613 403
3 403 613 614
3 403 614 404
3 404 614 615
3 404 615 405
3 405 615 616
3 405 616 406
3 406 616 826
3 406 826 408
3 508 521 507
3 717 521 508
3 408 826 619
3 408 619 391
3 391 619 620
3 391 620 392
3 392 620 621
3 392 621 394
3 394 621 853
3 704 717 508
3 600 394 623
3 623 394 853
3 601 600 623
3 514 718 513
3 523 718 514
3 514 298 523
3 523 298 524
3 298 516 524
3 307 519 536
3 520 716 536
3 630 631 632
3 520 536 519
3 521 716 520
3 631 412 632
3 632 412 633
3 412 416 633
3 416 635 633
3 416 418 635
3 524 731 523
3 418 420 635
3 420 637 635
3 420 422 637
3 516 719 524
3 422 424 637
3 424 638 637
3 424 426 638
3 426 639 638
3 426 428 639
3 428 640 639
3 428 430 640
3 430 641 640
3 430 432 641
3 432 642 641
3 432 434 642
3 434 643 642
3 434 436 643
3 436 883 643
3 436 438 883
3 719 731 524
3 438 440 883
3 440 647 883
3 440 442 647
3 538 719 516
3 442 648 649
3 538 516 309
3 442 649 647
3 309 311 538
3 649 648 650
3 538 311 540
3 540 311 541
3 311 312 541
3 541 312 542
3 312 527 542
3 542 527 733
3 626 656 658
3 518 729 733
3 444 630 658
3 630 626 658
3 631 630 444
3 518 733 527
3 307 729 518
3 536 729 307
3 759 737 553
3 650 648 456
3 553 737 554
3 456 659 650
3 659 903 650
3 737 739 554
3 544 739 741
3 660 903 659
3 544 554 739
3 743 544 741
3 743 546 544
3 664 458 656
3 656 458 658
3 458 444 658
3 744 546 743
3 666 659 456
3 744 549 546
3 666 667 659
3 659 667 660
3 660 667 668
3 746 549 744
3 746 750 549
3 556 750 751
3 670 464 664
3 664 464 458
3 556 751 557
3 557 751 558
3 751 949 558
3 757 561 767
3 672 667 666
3 561 757 564
3 759 552 564
3 759 564 757
3 553 552 759
3 560 557 558
3 681 677 670
3 670 677 464
3 760 558 949
3 471 464 677
3 760 560 558
3 678 672 475
3 678 680 672
3 672 680 667
3 760 567 560
3 567 760 761
3 769 767 569
3 767 561 563
3 767 563 569
3 681 683 677
3 471 684 485
3 471 677 684
3 677 683 684
3 564 563 561
3 568 567 761
3 685 678 475
3 768 568 761
3 685 687 678
3 768 571 568
3 571 768 772
3 687 680 678
3 575 769 576
3 576 769 569
3 571 772 577
3 772 579 577
3 683 691 684
3 772 774 579
3 485 684 692
3 684 691 692
3 585 575 581
3 773 575 585
3 581 575 576
3 577 579 584
3 693 695 685
3 579 777 584
3 774 777 579
3 695 687 685
3 581 588 585
3 590 589 584
3 692 691 697
3 699 692 697
3 777 590 584
3 692 699 707
3 692 707 486
3 692 486 485
3 777 780 590
3 707 494 486
3 585 593 783
3 596 593 585
3 702 703 489
3 588 596 585
3 599 597 589
3 703 705 693
3 590 599 589
3 703 693 489
3 695 693 705
3 590 780 599
3 783 593 602
3 604 602 593
3 596 604 593
3 708 494 707
3 604 596 382
3 494 708 710
3 494 710 495
3 599 786 597
3 612 602 604
3 710 505 495
3 617 612 604
3 382 617 604
3 382 605 617
3 606 611 817
3 597 818 817
3 611 597 817
3 515 715 500
3 786 818 597
3 605 793 617
3 715 955 702
3 793 411 829
3 715 702 500
3 703 702 955
3 605 411 793
3 829 411 413
3 794 829 413
3 794 413 618
3 720 505 710
3 506 505 720
3 721 506 720
3 517 506 721
3 795 794 618
3 517 721 722
3 517 722 509
3 509 722 723
3 509 723 510
3 510 723 724
3 510 724 511
3 511 724 725
3 511 725 512
3 512 725 726
3 795 618 622
3 713 512 727
3 727 512 726
3 515 713 727
3 728 515 727
3 715 515 728
3 795 622 624
3 796 795 624
3 796 624 625
3 802 796 625
3 802 625 627
3 803 802 627
3 803 627 628
3 804 803 628
3 804 628 629
3 805 804 629
3 805 629 634
3 808 805 634
3 808 634 636
3 812 808 636
3 812 636 644
3 845 812 644
3 845 644 414
3 745 522 747
3 522 526 747
3 526 748 747
3 526 528 748
3 528 749 748
3 749 529 732
3 845 414 415
3 749 528 529
3 530 732 529
3 734 732 530
3 531 734 530
3 736 734 531
3 532 736 531
3 738 736 532
3 533 738 532
3 740 738 533
3 814 845 415
3 740 533 990
3 533 535 990
3 535 537 990
3 537 752 990
3 537 539 752
3 814 415 417
3 539 753 754
3 417 816 814
3 539 754 752
3 417 606 816
3 754 753 756
3 817 816 606
3 848 849 674
3 758 555 762
3 419 849 850
3 419 674 849
3 555 543 742
3 555 742 762
3 850 645 419
3 545 742 543
3 745 742 545
3 545 522 745
3 854 645 850
3 854 646 645
3 756 753 548
3 855 646 854
3 548 763 756
3 548 764 763
3 548 550 764
3 855 651 646
3 763 764 766
3 856 651 855
3 856 652 651
3 857 652 856
3 857 653 652
3 551 758 770
3 859 653 857
3 555 758 551
3 859 654 653
3 861 654 859
3 861 655 654
3 559 764 550
3 766 764 559
3 863 655 861
3 559 771 766
3 863 657 655
3 865 657 863
3 865 661 657
3 782 775 776
3 562 770 776
3 867 661 865
3 867 662 661
3 562 776 775
3 562 551 770
3 566 771 559
3 869 662 867
3 566 1019 771
3 869 663 662
3 871 663 869
3 871 665 663
3 873 665 871
3 570 775 782
3 873 669 665
3 874 669 873
3 570 782 781
3 570 562 775
3 574 1019 566
3 874 671 669
3 574 1025 1019
3 574 784 1025
3 875 671 874
3 784 1037 1025
3 781 792 787
3 876 671 875
3 787 570 781
3 578 570 787
3 582 784 574
3 788 784 582
3 784 788 1037
3 675 671 876
3 675 876 877
3 679 673 689
3 792 798 787
3 787 798 583
3 583 578 787
3 689 673 848
3 587 788 582
3 455 689 848
3 674 455 848
3 1037 788 797
3 797 788 587
3 676 675 877
3 877 878 682
3 798 799 800
3 676 877 682
3 798 800 583
3 878 686 682
3 595 583 800
3 679 688 885
3 801 587 594
3 689 688 679
3 1048 797 801
3 801 797 587
3 690 676 682
3 887 690 682
3 800 799 810
3 686 887 682
3 595 800 806
3 800 810 806
3 885 688 889
3 603 807 594
3 688 694 889
3 594 807 801
3 807 809 801
3 696 694 688
3 1048 801 809
3 689 696 688
3 698 706 690
3 811 806 810
3 887 698 690
3 889 694 700
3 806 811 1061
3 701 700 694
3 813 598 1061
3 598 806 1061
3 598 815 607
3 813 815 598
3 607 839 608
3 815 839 607
3 696 701 694
3 839 609 608
3 698 894 706
3 709 700 701
3 711 709 701
3 706 898 704
3 894 898 706
3 712 709 711
3 820 1084 613
3 714 712 711
3 613 822 614
3 1084 822 613
3 614 823 615
3 822 823 614
3 615 824 616
3 823 824 615
3 704 905 717
3 824 826 616
3 898 905 704
3 714 904 712
3 826 827 619
3 907 904 714
3 907 714 513
3 827 620 619
3 513 718 907
3 716 521 914
3 717 1146 914
3 717 914 521
3 853 831 623
3 905 1146 717
3 623 832 601
3 831 832 623
3 1070 601 832
3 718 911 907
3 1070 603 601
3 730 911 718
3 807 603 835
3 835 603 1070
3 809 807 835
3 730 718 523
3 523 731 730
3 729 536 735
3 716 912 735
3 716 735 536
3 914 912 716
3 731 916 730
3 719 918 731
3 840 609 839
3 610 609 840
3 841 610 840
3 819 610 841
3 842 819 841
3 820 819 842
3 1084 820 842
3 918 916 731
3 918 538 919
3 719 538 918
3 919 538 540
3 920 919 540
3 920 540 541
3 924 920 541
3 924 541 542
3 925 924 542
3 925 542 733
3 926 925 733
3 733 928 926
3 733 729 928
3 930 928 729
3 735 930 729
3 851 620 827
3 621 620 851
3 852 621 851
3 853 621 852
3 941 942 744
3 755 944 757
3 759 944 945
3 759 757 944
3 945 737 759
3 946 737 945
3 946 739 737
3 948 739 946
3 741 739 948
3 743 741 941
3 941 741 948
3 862 635 864
3 744 743 941
3 746 744 942
3 864 635 866
3 866 637 868
3 750 746 943
3 943 746 942
3 868 637 870
3 751 750 943
3 1180 949 751
3 760 949 951
3 760 951 952
3 765 954 767
3 755 757 767
3 755 767 954
3 761 760 952
3 956 761 952
3 956 768 761
3 768 956 959
3 765 769 964
3 643 883 884
3 767 769 765
3 772 768 959
3 884 883 886
3 886 647 888
3 971 772 959
3 971 976 772
3 888 647 890
3 972 773 978
3 972 964 575
3 972 575 773
3 769 575 964
3 976 774 772
3 976 979 774
3 896 899 1100
3 978 773 977
3 979 777 774
3 899 626 1100
3 1100 626 901
3 901 630 858
3 979 778 777
3 901 626 630
3 632 858 630
3 860 858 632
3 633 860 632
3 862 860 633
3 635 862 633
3 977 779 991
3 779 977 585
3 585 977 773
3 637 866 635
3 780 777 778
3 778 993 780
3 983 779 783
3 638 870 637
3 872 870 638
3 639 872 638
3 1112 872 639
3 640 1112 639
3 1114 1112 640
3 641 1114 640
3 1115 1114 641
3 642 1115 641
3 643 1115 642
3 983 991 779
3 783 779 585
3 780 1000 599
3 993 1000 780
3 785 983 783
3 1004 983 785
3 647 886 883
3 785 783 602
3 786 599 789
3 1000 789 599
3 649 890 647
3 892 890 649
3 650 892 649
3 1124 892 650
3 1000 1006 789
3 1124 650 1125
3 650 903 1125
3 1004 785 790
3 791 790 785
3 903 1127 1125
3 602 791 785
3 1127 903 906
3 791 602 612
3 896 908 909
3 821 818 786
3 789 1014 821
3 656 899 909
3 899 896 909
3 656 626 899
3 786 789 821
3 789 1006 1014
3 660 910 903
3 910 906 903
3 906 910 1145
3 791 1020 790
3 1020 612 1021
3 791 612 1020
3 908 913 909
3 909 913 664
3 664 656 909
3 1021 612 617
3 668 910 660
3 1021 617 825
3 917 1145 910
3 617 793 825
3 917 910 668
3 825 793 828
3 793 829 828
3 795 796 830
3 921 922 913
3 913 922 664
3 830 796 833
3 670 664 922
3 796 802 833
3 923 668 667
3 833 802 834
3 1156 917 923
3 923 917 668
3 802 803 834
3 834 803 836
3 922 921 927
3 927 670 922
3 681 670 927
3 680 923 667
3 929 923 680
3 803 804 836
3 1156 923 929
3 836 804 837
3 804 805 837
3 927 931 932
3 927 932 681
3 837 805 838
3 681 932 683
3 687 933 680
3 805 808 838
3 933 1168 929
3 933 929 680
3 838 808 843
3 808 812 843
3 932 931 1173
3 843 812 844
3 932 1173 938
3 932 938 691
3 932 691 683
3 812 845 844
3 695 939 687
3 845 814 1031
3 939 1174 933
3 939 933 687
3 814 816 1033
3 933 1174 1168
3 938 1173 950
3 1033 816 846
3 816 817 846
3 938 950 697
3 938 697 691
3 846 817 847
3 950 699 697
3 817 818 1009
3 847 817 1009
3 705 947 695
3 818 1012 1009
3 818 821 1012
3 1014 1012 821
3 947 939 695
3 829 1022 828
3 794 1024 829
3 1024 1022 829
3 795 1026 794
3 960 699 950
3 1026 1024 794
3 830 1026 795
3 699 960 707
3 838 1028 837
3 843 1028 838
3 960 708 707
3 845 1030 844
3 1031 1030 845
3 955 957 703
3 814 1032 1031
3 957 958 705
3 1033 1032 814
3 1039 1040 854
3 957 705 703
3 947 705 958
3 854 1040 855
3 1040 1041 855
3 855 1041 856
3 1041 1043 856
3 961 708 960
3 710 708 961
3 856 1043 857
3 710 961 962
3 710 962 720
3 720 962 963
3 720 963 721
3 721 963 966
3 1043 1045 857
3 965 722 966
3 722 721 966
3 722 967 723
3 965 967 722
3 723 968 724
3 967 968 723
3 724 969 725
3 968 969 724
3 725 970 726
3 969 970 725
3 1198 726 970
3 1049 1051 871
3 1198 727 726
3 727 1198 728
3 728 1198 973
3 728 973 715
3 715 973 974
3 871 1051 873
3 955 715 975
3 975 715 974
3 957 955 975
3 1051 1052 873
3 873 1052 874
3 1052 1053 874
3 874 1053 875
3 1053 1055 875
3 673 1059 1060
3 848 673 1060
3 1035 848 1060
3 849 848 1036
3 1036 848 1035
3 850 849 1039
3 1039 849 1036
3 999 749 984
3 854 850 1039
3 749 732 984
3 984 732 985
3 732 734 985
3 734 986 985
3 734 736 986
3 736 987 986
3 736 738 987
3 738 988 987
3 738 740 988
3 740 989 988
3 859 857 1045
3 990 992 740
3 740 992 989
3 861 859 1300
3 1300 859 1045
3 863 861 1062
3 1062 861 1300
3 762 742 996
3 742 745 996
3 745 997 996
3 745 747 997
3 747 998 997
3 747 748 998
3 748 999 998
3 865 863 1047
3 1047 863 1062
3 999 748 749
3 867 865 1047
3 869 867 1049
3 1049 867 1047
3 871 869 1049
3 990 752 992
3 876 875 1055
3 752 1001 992
3 752 754 1001
3 754 1002 1001
3 754 756 1002
3 877 876 1056
3 1056 876 1055
3 1064 878 877
3 1064 877 1056
3 1066 878 1064
3 880 878 1066
3 880 1066 1068
3 879 881 1075
3 1007 758 1010
3 881 879 1059
3 679 881 1059
3 1010 758 762
3 673 679 1059
3 763 1005 756
3 880 686 878
3 1005 763 1011
3 763 766 1011
3 880 1068 882
3 686 880 882
3 766 1013 1011
3 1068 1085 882
3 1023 776 1017
3 1099 881 885
3 776 770 1007
3 776 1007 1017
3 1099 1075 881
3 770 758 1007
3 771 1013 766
3 885 881 679
3 771 1018 1013
3 771 1019 1018
3 887 686 882
3 1019 1244 1018
3 1029 782 1023
3 882 1102 887
3 782 776 1023
3 1085 1102 882
3 889 1099 885
3 1116 1099 889
3 698 887 891
3 1102 891 887
3 1102 1117 891
3 1019 1025 1244
3 1116 889 893
3 1025 1251 1244
3 893 889 700
3 894 698 895
3 781 782 1029
3 895 698 891
3 781 1029 1027
3 891 1117 895
3 897 1130 893
3 897 893 700
3 897 700 709
3 1025 1037 1251
3 900 898 894
3 1037 1038 1251
3 895 1133 900
3 895 900 894
3 1132 1130 897
3 1027 1034 792
3 792 781 1027
3 902 1132 897
3 902 897 709
3 902 709 712
3 1134 905 898
3 900 1135 1134
3 900 1134 898
3 1133 1135 900
3 1141 902 712
3 712 904 1141
3 792 1042 798
3 1146 905 1147
3 792 1034 1042
3 1134 1147 905
3 904 1144 1141
3 915 1144 904
3 797 1044 1037
3 1044 1038 1037
3 915 904 907
3 907 911 915
3 912 914 1157
3 1146 1157 914
3 911 1148 915
3 798 1042 799
3 1042 1046 799
3 1148 730 1149
3 911 730 1148
3 1048 1044 797
3 1149 730 916
3 1048 1050 1044
3 1151 1149 916
3 1151 916 918
3 1160 1151 918
3 1160 918 919
3 1160 919 934
3 1046 1057 799
3 919 920 934
3 810 799 1057
3 934 920 935
3 1054 1048 809
3 920 924 935
3 1276 1050 1054
3 1054 1050 1048
3 935 924 936
3 924 925 936
3 936 925 937
3 925 926 937
3 1057 1282 810
3 937 926 940
3 926 928 1153
3 1282 811 810
3 940 926 1153
3 1153 928 930
3 1402 1153 930
3 1402 930 735
3 822 1065 823
3 1063 1065 822
3 823 1069 824
3 1065 1069 823
3 1154 1402 735
3 735 1155 1154
3 912 1155 735
3 1157 1155 912
3 835 1096 809
3 948 1164 1165
3 1096 1074 1054
3 1165 941 948
3 1096 1054 809
3 1167 941 1165
3 1054 1074 1276
3 1167 942 941
3 1169 942 1167
3 1076 811 1282
3 1061 811 1076
3 1077 1061 1076
3 1170 942 1169
3 1061 1077 813
3 813 1077 1078
3 813 1078 815
3 815 1078 1079
3 815 1079 839
3 839 1079 1080
3 839 1080 840
3 840 1080 1081
3 840 1081 841
3 841 1081 1082
3 841 1082 842
3 842 1082 1083
3 842 1083 1084
3 1170 943 942
3 1171 943 1170
3 1172 943 1171
3 751 943 1172
3 1172 1180 751
3 1063 822 1084
3 755 953 1175
3 1175 944 755
3 1177 944 1175
3 1177 945 944
3 824 1069 1086
3 1178 945 1177
3 824 1086 826
3 1178 946 945
3 826 1086 1087
3 826 1087 827
3 827 1087 1088
3 827 1088 851
3 851 1088 1089
3 851 1089 852
3 852 1089 1090
3 852 1090 853
3 853 1090 1091
3 853 1091 831
3 831 1091 1092
3 831 1092 832
3 832 1092 1093
3 1164 946 1178
3 1070 832 1094
3 1094 832 1093
3 835 1070 1094
3 1095 835 1094
3 1096 835 1095
3 948 946 1164
3 1183 949 1180
3 1183 951 949
3 1097 1100 1101
3 1185 951 1183
3 1100 901 1103
3 1101 1100 1103
3 1185 952 951
3 901 858 1103
3 1103 858 1104
3 858 860 1104
3 860 1105 1104
3 860 862 1105
3 862 1106 1105
3 862 864 1106
3 864 1107 1106
3 864 866 1107
3 866 1108 1107
3 866 868 1108
3 868 1109 1108
3 868 870 1109
3 870 1110 1109
3 870 872 1110
3 872 1338 1110
3 1112 1113 1338
3 1480 952 1185
3 1112 1338 872
3 765 1186 1187
3 954 765 1187
3 953 954 1187
3 755 954 953
3 1480 956 952
3 1137 1115 1339
3 1339 1115 643
3 1484 959 956
3 643 1118 1339
3 643 884 1118
3 884 1119 1118
3 884 886 1119
3 886 1120 1119
3 886 888 1120
3 888 1121 1120
3 888 890 1121
3 890 1122 1121
3 890 892 1122
3 892 1123 1122
3 892 1124 1123
3 1480 1484 956
3 1188 959 1484
3 1125 1126 1124
3 1195 972 1199
3 1125 1127 1128
3 1126 1125 1128
3 1186 964 972
3 1128 1127 1131
3 1186 972 1195
3 1143 896 1325
3 765 964 1186
3 1188 971 959
3 896 1097 1325
3 1196 971 1188
3 1100 1097 896
3 1196 976 971
3 1196 1200 976
3 1199 978 1204
3 1199 972 978
3 1200 979 976
3 1114 1113 1112
3 1136 1113 1114
3 1115 1136 1114
3 1137 1136 1115
3 1200 1205 979
3 1204 980 1212
3 1204 978 977
3 1204 977 980
3 1205 981 979
3 1131 1127 906
3 981 778 979
3 906 1351 1131
3 906 1139 1351
3 1205 1213 981
3 1139 1140 1351
3 982 980 991
3 982 1212 980
3 1143 1142 896
3 896 1142 908
3 991 980 977
3 993 778 981
3 1145 1139 906
3 981 994 993
3 1213 994 981
3 995 982 991
3 1140 1139 1145
3 983 995 991
3 993 994 1216
3 993 1216 1000
3 1004 1003 995
3 913 908 1150
3 908 1142 1150
3 983 1004 995
3 1216 1221 1006
3 1000 1216 1006
3 917 1152 1145
3 1152 1140 1145
3 1008 1003 1004
3 1232 1003 1008
3 1008 1004 790
3 1014 1006 1015
3 1221 1015 1006
3 913 1150 921
3 1150 1159 921
3 1221 1243 1015
3 1233 1232 1008
3 1156 1152 917
3 1016 1233 1008
3 1156 1158 1152
3 1016 1008 790
3 790 1020 1016
3 836 837 1238
3 1238 837 1239
3 837 1028 1239
3 1159 1161 921
3 1012 1014 1280
3 927 921 1161
3 1015 1241 1280
3 1162 1156 929
3 1015 1280 1014
3 1163 1158 1162
3 1162 1158 1156
3 1243 1241 1015
3 1020 1247 1016
3 1021 1248 1020
3 1161 1166 931
3 1248 1247 1020
3 1161 931 927
3 1248 825 1249
3 1021 825 1248
3 1249 825 828
3 1168 1392 1162
3 1168 1162 929
3 1254 1249 828
3 1162 1392 1163
3 931 1166 1397
3 1254 828 1022
3 931 1397 1173
3 1256 1254 1022
3 1256 1022 1024
3 1257 1256 1024
3 1257 1024 1026
3 1258 1257 1026
3 1174 1176 1168
3 1258 1026 830
3 1259 1258 830
3 1168 1176 1392
3 1173 1397 1179
3 1259 830 833
3 1261 1259 833
3 1173 1179 950
3 1261 833 834
3 1263 1261 834
3 947 1181 939
3 1181 1182 1174
3 836 1263 834
3 836 1238 1263
3 1181 1174 939
3 1174 1182 1176
3 1264 1028 843
3 1264 843 844
3 1265 1264 844
3 950 1179 1184
3 1265 844 1030
3 1191 960 1184
3 960 950 1184
3 1265 1030 1031
3 957 1203 958
3 1267 1265 1031
3 1203 1189 958
3 1189 947 958
3 1267 1031 1032
3 1181 947 1190
3 1190 947 1189
3 1269 1267 1032
3 1269 1032 1033
3 1271 1269 1033
3 1271 1033 846
3 960 1191 1192
3 960 1192 961
3 961 1192 1193
3 961 1193 962
3 962 1193 1194
3 962 1194 963
3 963 1194 1197
3 1273 1271 846
3 1273 846 847
3 966 963 1197
3 1009 1274 847
3 1012 1277 1009
3 1277 1274 1009
3 1280 1277 1012
3 1058 1284 1059
3 1059 1284 1060
3 974 973 1201
3 974 1201 975
3 975 1201 1202
3 975 1202 957
3 957 1202 1203
3 1284 1286 1060
3 1035 1286 1287
3 1060 1286 1035
3 1287 1036 1035
3 1292 1036 1287
3 1292 1039 1036
3 966 1197 965
3 965 1197 1206
3 965 1206 967
3 967 1206 1207
3 967 1207 968
3 968 1207 1208
3 968 1208 969
3 969 1208 1209
3 969 1209 970
3 970 1209 1210
3 1293 1039 1292
3 1198 970 1211
3 1211 970 1210
3 1198 1211 973
3 1226 999 984
3 1432 1226 984
3 984 985 1432
3 985 1433 1432
3 985 986 1433
3 986 1434 1433
3 986 987 1434
3 987 1217 1434
3 987 988 1217
3 1293 1040 1039
3 988 989 1217
3 989 1437 1217
3 989 992 1437
3 992 1438 1437
3 992 1220 1438
3 1295 1040 1293
3 1295 1041 1040
3 1296 1041 1295
3 762 996 1222
3 996 1223 1222
3 996 997 1223
3 997 1224 1223
3 997 998 1224
3 998 1225 1224
3 998 999 1225
3 999 1226 1225
3 1296 1043 1041
3 1298 1043 1296
3 1298 1045 1043
3 1299 1045 1298
3 992 1001 1220
3 1001 1228 1220
3 1001 1002 1228
3 1002 1229 1228
3 1002 756 1229
3 756 1230 1229
3 756 1005 1230
3 1005 1231 1230
3 1300 1045 1299
3 1047 1355 1356
3 1356 1049 1047
3 1234 1242 1007
3 1007 1010 1234
3 1010 1235 1234
3 1010 1222 1235
3 762 1222 1010
3 1236 1005 1011
3 1231 1005 1236
3 1011 1013 1236
3 1013 1237 1236
3 1013 1465 1237
3 1310 1049 1356
3 1310 1051 1049
3 1240 1023 1017
3 1312 1051 1310
3 1240 1017 1242
3 1312 1052 1051
3 1007 1242 1017
3 1465 1013 1018
3 1323 1052 1312
3 1323 1053 1052
3 1244 1246 1018
3 1018 1246 1465
3 1324 1053 1323
3 1255 1029 1469
3 1324 1055 1053
3 1029 1023 1240
3 1029 1240 1469
3 1335 1055 1324
3 1336 1055 1335
3 1336 1056 1055
3 1244 1250 1246
3 1337 1056 1336
3 1244 1251 1250
3 1340 1056 1337
3 1251 1252 1250
3 1064 1056 1340
3 1064 1340 1066
3 1027 1029 1255
3 1340 1342 1066
3 1027 1255 1253
3 1066 1342 1067
3 1342 1617 1067
3 1344 1071 1367
3 1058 879 1344
3 1251 1038 1252
3 1344 879 1071
3 1059 879 1058
3 1062 1300 1353
3 1047 1062 1355
3 1355 1062 1353
3 1034 1253 1260
3 1068 1066 1067
3 1034 1027 1253
3 1072 1067 1617
3 1038 1262 1252
3 1072 1068 1067
3 1073 1071 1075
3 1367 1071 1073
3 1075 1071 879
3 1085 1068 1072
3 1072 1370 1085
3 1266 1034 1260
3 1042 1034 1266
3 1044 1262 1038
3 1268 1262 1044
3 1369 1370 1072
3 1098 1073 1075
3 1099 1098 1075
3 1085 1370 1373
3 1270 1042 1266
3 1046 1042 1270
3 1050 1268 1044
3 1272 1268 1050
3 1085 1373 1102
3 1116 1111 1098
3 1099 1116 1098
3 1373 1376 1117
3 1046 1275 1057
3 1046 1270 1275
3 1270 1279 1275
3 1102 1373 1117
3 1378 1111 1116
3 1276 1272 1050
3 1378 1116 893
3 1276 1278 1272
3 895 1117 1129
3 1376 1129 1117
3 1376 1383 1129
3 1130 1384 1378
3 1130 1378 893
3 1279 1281 1275
3 1129 1381 1133
3 1057 1275 1282
3 1275 1281 1282
3 1129 1133 895
3 1383 1381 1129
3 1387 1384 1130
3 1132 1387 1130
3 1133 1386 1135
3 1381 1386 1133
3 1138 1132 902
3 1063 1288 1065
3 1065 1288 1289
3 1065 1289 1069
3 1069 1289 1290
3 1069 1291 1086
3 1138 902 1141
3 1069 1290 1291
3 1393 1147 1134
3 1291 1294 1086
3 1135 1388 1393
3 1135 1393 1134
3 1386 1388 1135
3 1138 1141 1389
3 1074 1297 1276
3 1389 1141 1144
3 1321 1278 1297
3 1297 1278 1276
3 1408 1157 1146
3 1146 1147 1391
3 1408 1146 1391
3 1301 1282 1281
3 1147 1393 1391
3 1144 915 1394
3 1282 1301 1302
3 1282 1302 1076
3 1076 1302 1303
3 1076 1303 1077
3 1077 1303 1304
3 1077 1304 1078
3 1078 1304 1305
3 1078 1305 1079
3 1079 1305 1306
3 1079 1306 1080
3 1080 1306 1307
3 1080 1307 1081
3 1081 1307 1308
3 1081 1308 1082
3 1082 1308 1309
3 1082 1309 1083
3 1083 1309 1509
3 1509 1285 1084
3 1394 915 1148
3 1509 1084 1083
3 1063 1084 1285
3 1396 1394 1148
3 1396 1148 1149
3 1399 1396 1149
3 1399 1149 1151
3 1294 1087 1086
3 1417 1399 1151
3 1294 1311 1087
3 1087 1311 1088
3 1088 1311 1089
3 1089 1311 1313
3 1089 1313 1090
3 1417 1151 1160
3 1090 1313 1091
3 1091 1313 1314
3 1091 1314 1092
3 1092 1314 1315
3 1092 1315 1093
3 1093 1315 1316
3 1093 1316 1094
3 1094 1316 1317
3 1094 1317 1095
3 1095 1317 1318
3 1095 1318 1096
3 1096 1318 1319
3 1404 1402 1154
3 1074 1096 1320
3 1320 1096 1319
3 1297 1074 1320
3 1321 1297 1320
3 1404 1154 1155
3 1405 1404 1155
3 1322 1325 1326
3 1405 1155 1157
3 1406 1405 1157
3 1325 1097 1326
3 1326 1097 1327
3 1097 1101 1327
3 1101 1328 1327
3 1101 1103 1328
3 1103 1329 1328
3 1103 1104 1329
3 1104 1330 1329
3 1104 1105 1330
3 1105 1331 1330
3 1105 1106 1331
3 1106 1332 1331
3 1106 1107 1332
3 1107 1333 1332
3 1107 1108 1333
3 1108 1334 1333
3 1108 1109 1334
3 1109 1558 1334
3 1157 1408 1406
3 1360 1558 1110
3 1110 1558 1109
3 1419 1417 1160
3 1360 1110 1338
3 1419 934 1424
3 1160 934 1419
3 1424 934 935
3 1427 1424 935
3 1427 935 936
3 1429 1427 936
3 1341 1118 1119
3 1119 1120 1341
3 1120 1561 1341
3 1120 1121 1561
3 1429 936 937
3 1121 1122 1561
3 1122 1345 1561
3 1122 1123 1345
3 1123 1346 1345
3 1123 1124 1346
3 1124 1347 1346
3 1124 1126 1347
3 1126 1348 1347
3 1126 1128 1348
3 1128 1349 1348
3 1128 1131 1349
3 1131 1350 1349
3 1131 1351 1352
3 1430 1429 937
3 1131 1352 1350
3 1430 937 940
3 1352 1351 1354
3 1153 1435 940
3 1402 1435 1153
3 1459 1460 1164
3 1460 1165 1164
3 1322 1357 1143
3 1467 1165 1460
3 1467 1167 1165
3 1325 1322 1143
3 1440 1167 1467
3 1440 1169 1167
3 1440 1170 1169
3 1361 1360 1338
3 1113 1361 1338
3 1470 1170 1440
3 1113 1362 1361
3 1113 1136 1362
3 1136 1363 1362
3 1136 1137 1363
3 1137 1364 1363
3 1470 1171 1170
3 1339 1365 1137
3 1365 1364 1137
3 1118 1365 1339
3 1366 1365 1118
3 1118 1341 1366
3 1473 1171 1470
3 1473 1172 1171
3 1475 1172 1473
3 1140 1354 1351
3 1180 1172 1475
3 1482 1175 953
3 1368 1354 1140
3 1449 1175 1482
3 1449 1177 1175
3 1456 1177 1449
3 1143 1372 1142
3 1456 1178 1177
3 1143 1357 1372
3 1457 1178 1456
3 1457 1164 1178
3 1459 1164 1457
3 1475 1183 1180
3 1374 1368 1140
3 1476 1183 1475
3 1476 1185 1183
3 1478 1185 1476
3 1478 1480 1185
3 1375 1142 1372
3 1150 1142 1375
3 1152 1374 1140
3 1377 1374 1152
3 1480 1757 1484
3 1489 1481 1186
3 1481 1187 1186
3 1482 1187 1481
3 1380 1150 1375
3 1159 1150 1380
3 1158 1377 1152
3 1382 1377 1158
3 1187 1482 953
3 1486 1188 1484
3 1188 1486 1490
3 1487 1199 1493
3 1195 1487 1489
3 1380 1385 1159
3 1199 1487 1195
3 1159 1385 1161
3 1195 1489 1186
3 1490 1196 1188
3 1492 1196 1490
3 1163 1382 1158
3 1200 1196 1492
3 1493 1204 1496
3 1493 1199 1204
3 1494 1200 1492
3 1385 1390 1166
3 1494 1205 1200
3 1385 1166 1161
3 1494 1498 1205
3 1496 1212 1500
3 1496 1204 1212
3 1392 1400 1163
3 1498 1213 1205
3 1500 1212 982
3 1163 1400 1382
3 1166 1390 1395
3 1395 1401 1397
3 1166 1395 1397
3 1500 982 1214
3 1502 1213 1498
3 1502 994 1213
3 1215 1214 995
3 1398 1400 1392
3 995 1214 982
3 1216 994 1218
3 1398 1392 1176
3 1218 994 1502
3 1219 1215 1003
3 1003 1215 995
3 1397 1401 1179
3 1179 1401 1403
3 1221 1216 1518
3 1518 1216 1218
3 1232 1227 1219
3 1232 1219 1003
3 1398 1176 1182
3 1518 1544 1243
3 1221 1518 1243
3 1245 1227 1232
3 1233 1245 1232
3 1403 1407 1179
3 1179 1407 1184
3 1184 1407 1409
3 1261 1263 1521
3 1184 1409 1191
3 1410 1189 1203
3 1411 1189 1410
3 1189 1411 1190
3 1190 1411 1412
3 1190 1412 1182
3 1181 1190 1182
3 1521 1263 1522
3 1409 1413 1191
3 1191 1413 1192
3 1192 1413 1414
3 1192 1414 1193
3 1193 1414 1415
3 1193 1415 1194
3 1194 1415 1416
3 1194 1416 1197
3 1197 1416 1418
3 1238 1523 1522
3 1238 1522 1263
3 1523 1238 1239
3 1533 1523 1239
3 973 1420 1201
3 1201 1420 1421
3 1201 1421 1202
3 1202 1421 1422
3 1202 1422 1203
3 1203 1422 1423
3 1533 1239 1028
3 1203 1423 1410
3 1534 1533 1028
3 1535 1534 1028
3 1264 1535 1028
3 1418 1425 1197
3 1197 1425 1206
3 1206 1425 1426
3 1206 1426 1207
3 1264 1265 1535
3 1207 1426 1208
3 1208 1426 1428
3 1208 1428 1209
3 1209 1428 1648
3 1209 1648 1210
3 1210 1648 1431
3 1210 1431 1211
3 1535 1265 1563
3 1211 1431 1420
3 973 1211 1420
3 1243 1283 1241
3 1544 1283 1243
3 1233 1545 1245
3 1545 1016 1546
3 1233 1016 1545
3 1546 1016 1247
3 1548 1546 1247
3 1548 1247 1248
3 1549 1548 1248
3 1549 1248 1249
3 1436 1217 1437
3 1550 1549 1249
3 1550 1249 1254
3 1551 1550 1254
3 1551 1254 1256
3 1557 1551 1256
3 1222 1223 1439
3 1223 1441 1439
3 1223 1224 1441
3 1224 1442 1441
3 1224 1225 1442
3 1225 1443 1442
3 1225 1226 1443
3 1226 1444 1443
3 1557 1256 1257
3 1432 1445 1226
3 1445 1444 1226
3 1433 1445 1432
3 1446 1445 1433
3 1434 1446 1433
3 1447 1446 1434
3 1217 1447 1434
3 1448 1447 1217
3 1436 1448 1217
3 1559 1557 1257
3 1559 1257 1258
3 1450 1436 1437
3 1438 1450 1437
3 1451 1450 1438
3 1220 1451 1438
3 1560 1559 1258
3 1220 1452 1451
3 1220 1228 1452
3 1228 1453 1452
3 1228 1229 1453
3 1229 1454 1453
3 1229 1230 1454
3 1230 1455 1454
3 1230 1231 1455
3 1231 1695 1455
3 1560 1258 1259
3 1562 1560 1259
3 1261 1562 1259
3 1261 1521 1562
3 1242 1234 1458
3 1458 1234 1461
3 1234 1235 1461
3 1235 1462 1461
3 1235 1439 1462
3 1222 1439 1235
3 1463 1231 1236
3 1695 1231 1463
3 1236 1237 1463
3 1237 1464 1463
3 1563 1265 1569
3 1465 1466 1237
3 1237 1466 1464
3 1569 1265 1267
3 1569 1267 1269
3 1570 1569 1269
3 1570 1269 1271
3 1469 1240 1471
3 1571 1570 1271
3 1458 1471 1242
3 1471 1240 1242
3 1571 1271 1273
3 1572 1571 1273
3 1465 1472 1466
3 1572 1273 847
3 1465 1246 1472
3 1574 1572 847
3 1574 847 1274
3 1246 1474 1472
3 1575 1574 1274
3 1575 1274 1277
3 1587 1575 1277
3 1587 1277 1280
3 1255 1469 1477
3 1588 1587 1280
3 1280 1590 1588
3 1250 1474 1246
3 1280 1241 1590
3 1250 1479 1474
3 1283 1590 1241
3 1250 1252 1479
3 1343 1592 1344
3 1058 1592 1594
3 1058 1344 1592
3 1253 1255 1477
3 1253 1477 1483
3 1594 1284 1058
3 1596 1284 1594
3 1596 1286 1284
3 1598 1286 1596
3 1252 1485 1479
3 1598 1287 1286
3 1600 1287 1598
3 1600 1292 1287
3 1601 1292 1600
3 1601 1293 1292
3 1260 1483 1488
3 1260 1253 1483
3 1262 1485 1252
3 1602 1293 1601
3 1602 1295 1293
3 1485 1262 1718
3 1604 1295 1602
3 1491 1488 1715
3 1491 1266 1488
3 1266 1260 1488
3 1718 1268 1499
3 1604 1296 1295
3 1718 1262 1268
3 1606 1296 1604
3 1606 1298 1296
3 1622 1298 1606
3 1497 1266 1491
3 1270 1266 1497
3 1272 1499 1268
3 1622 1299 1298
3 1356 1358 1310
3 1310 1927 1312
3 1358 1927 1310
3 1927 1323 1312
3 1501 1270 1497
3 1279 1270 1501
3 1278 1499 1272
3 1503 1499 1278
3 1607 1323 1927
3 1607 1324 1323
3 1608 1324 1607
3 1608 1335 1324
3 1501 1505 1506
3 1501 1506 1279
3 1609 1335 1608
3 1279 1506 1281
3 1739 1508 1509
3 1609 1336 1335
3 1509 1508 1285
3 1508 1510 1285
3 1285 1510 1063
3 1063 1510 1511
3 1063 1511 1288
3 1288 1511 1512
3 1288 1512 1289
3 1289 1512 1513
3 1289 1513 1290
3 1290 1513 1514
3 1290 1514 1291
3 1291 1514 1515
3 1291 1515 1294
3 1294 1515 1516
3 1611 1336 1609
3 1311 1294 1517
3 1294 1516 1517
3 1311 1517 1313
3 1321 1520 1278
3 1611 1337 1336
3 1520 1752 1503
3 1520 1503 1278
3 1613 1337 1611
3 1613 1340 1337
3 1614 1340 1613
3 1614 1342 1340
3 1615 1342 1614
3 1281 1506 1524
3 1281 1524 1301
3 1301 1524 1525
3 1301 1525 1302
3 1302 1525 1526
3 1302 1526 1303
3 1303 1526 1527
3 1303 1527 1304
3 1304 1527 1528
3 1304 1528 1305
3 1305 1528 1529
3 1305 1529 1306
3 1306 1529 1530
3 1306 1530 1307
3 1307 1530 1531
3 1307 1531 1308
3 1308 1531 1532
3 1308 1532 1309
3 1309 1532 1739
3 1615 1617 1342
3 1072 1617 1620
3 1739 1509 1309
3 1072 1620 1621
3 1359 1343 1367
3 1367 1343 1344
3 1300 1299 1625
3 1625 1299 1622
3 1625 1627 1300
3 1627 1353 1300
3 1628 1353 1627
3 1314 1313 1536
3 1314 1536 1315
3 1315 1536 1537
3 1315 1537 1316
3 1316 1537 1538
3 1316 1538 1317
3 1317 1538 1539
3 1317 1539 1318
3 1318 1539 1540
3 1318 1540 1319
3 1319 1540 1541
3 1319 1541 1320
3 1320 1541 1542
3 1320 1542 1321
3 1321 1542 1543
3 1628 1355 1353
3 1629 1355 1628
3 1520 1321 1543
3 1355 1629 1633
3 1355 1633 1356
3 1358 1356 1633
3 1072 1621 1369
3 1547 1322 1792
3 1322 1326 1792
3 1326 1794 1792
3 1326 1327 1794
3 1327 1796 1794
3 1327 1328 1796
3 1621 1642 1369
3 1328 1329 1796
3 1329 1552 1796
3 1329 1330 1552
3 1330 1553 1552
3 1330 1331 1553
3 1331 1554 1553
3 1331 1332 1554
3 1332 1555 1554
3 1332 1333 1555
3 1333 1556 1555
3 1333 1334 1556
3 1334 1818 1556
3 1643 1359 1367
3 1073 1643 1367
3 1558 1818 1334
3 1369 1642 1650
3 1369 1650 1370
3 1371 1643 1098
3 1098 1643 1073
3 1373 1370 1657
3 1657 1370 1650
3 1659 1371 1111
3 1561 1345 1821
3 1345 1564 1821
3 1345 1346 1564
3 1346 1565 1564
3 1346 1347 1565
3 1347 1566 1565
3 1347 1348 1566
3 1348 1567 1566
3 1348 1349 1567
3 1349 1568 1567
3 1349 1350 1568
3 1350 1800 1568
3 1350 1352 1800
3 1352 1804 1800
3 1352 1354 1804
3 1111 1371 1098
3 1376 1373 1658
3 1658 1373 1657
3 1354 1573 1804
3 1379 1659 1111
3 1379 1111 1378
3 1357 1547 1577
3 1658 1660 1383
3 1658 1383 1376
3 1357 1577 1576
3 1357 1322 1547
3 1558 1578 1818
3 1661 1659 1379
3 1558 1360 1578
3 1360 1579 1578
3 1360 1361 1579
3 1361 1580 1579
3 1361 1362 1580
3 1362 1581 1580
3 1362 1363 1581
3 1363 1582 1581
3 1363 1364 1582
3 1364 1583 1582
3 1364 1365 1583
3 1365 1584 1583
3 1365 1366 1584
3 1366 1585 1584
3 1384 1661 1379
3 1341 1586 1366
3 1586 1585 1366
3 1341 1561 1586
3 1368 1573 1354
3 1384 1379 1378
3 1368 1829 1573
3 1368 1589 1829
3 1383 1663 1381
3 1660 1663 1383
3 1662 1661 1384
3 1387 1666 1662
3 1595 1357 1576
3 1372 1357 1595
3 1374 1589 1368
3 1593 1589 1374
3 1387 1662 1384
3 1381 1663 1668
3 1381 1668 1386
3 1666 1132 1669
3 1387 1132 1666
3 1375 1372 1595
3 1377 1593 1374
3 1597 1593 1377
3 1138 1669 1132
3 1667 1393 1388
3 1388 1668 1667
3 1599 1375 1595
3 1386 1668 1388
3 1599 1380 1375
3 1670 1669 1138
3 1597 1377 1859
3 1377 1382 1859
3 1670 1138 1389
3 1671 1670 1389
3 1390 1380 1603
3 1603 1380 1599
3 1380 1390 1385
3 1144 1674 1389
3 1389 1674 1671
3 2042 1408 1672
3 1382 1605 1859
3 1672 1408 1391
3 1672 1391 1393
3 1673 1672 1393
3 1393 1667 1673
3 1674 1144 1394
3 1676 1674 1394
3 1676 1394 1396
3 1698 1676 1396
3 1698 1396 1399
3 1610 1605 1382
3 1610 1382 1400
3 1699 1698 1399
3 1699 1399 1417
3 1710 1699 1417
3 1390 1612 1618
3 1390 1618 1395
3 1701 1402 1404
3 1395 1618 1401
3 1398 1616 1400
3 1704 1701 1404
3 1704 1404 1405
3 1616 1610 1400
3 1705 1704 1405
3 1705 1405 1406
3 1706 1705 1406
3 1706 1406 1408
3 2042 1706 1408
3 1401 1618 1619
3 1403 1619 1626
3 1712 1710 1419
3 1403 1401 1619
3 1710 1417 1419
3 1712 1419 1424
3 1714 1712 1424
3 1623 1624 1182
3 1624 1398 1182
3 1714 1424 1427
3 1717 1714 1427
3 1616 1398 1624
3 1717 1427 1429
3 1720 1717 1429
3 1720 1429 1430
3 1403 1626 1407
3 1407 1626 1881
3 1407 1881 1409
3 1722 1720 1430
3 1722 1430 940
3 1723 1722 940
3 1630 1411 1410
3 1631 1411 1630
3 1411 1631 1412
3 1412 1631 1632
3 1723 940 1435
3 1182 1412 1623
3 1623 1412 1632
3 1724 1723 1435
3 1634 1413 1409
3 1435 1402 1724
3 1413 1634 1414
3 1414 1634 1635
3 1414 1635 1415
3 1415 1635 1636
3 1415 1636 1416
3 1416 1636 1637
3 1416 1637 1418
3 1418 1637 1638
3 1418 1639 1425
3 1402 1701 1724
3 1418 1638 1639
3 1425 1641 1426
3 1639 1641 1425
3 1440 1468 1470
3 1641 1644 1426
3 1644 1645 1428
3 1760 1449 1482
3 1428 1647 1648
3 1645 1647 1428
3 1648 1649 1431
3 1647 1649 1648
3 1725 1449 1760
3 1649 1651 1431
3 1725 1456 1449
3 1431 1651 1420
3 1651 1653 1420
3 1420 1653 1421
3 1421 1653 1654
3 1421 1654 1422
3 1422 1654 1655
3 1422 1655 1423
3 1423 1655 1656
3 1423 1656 1410
3 1410 1656 1630
3 1726 1456 1725
3 1726 1457 1456
3 1729 1457 1726
3 1729 1459 1457
3 1730 1459 1729
3 1459 1730 1732
3 1459 1732 1460
3 1428 1426 1644
3 1467 1460 1734
3 1734 1460 1732
3 1440 1467 1736
3 1736 1467 1734
3 1468 1440 1736
3 1470 1468 1737
3 1473 1470 1750
3 1750 1470 1737
3 1475 1473 1751
3 1439 1441 1680
3 1751 1473 1750
3 1441 1442 1681
3 1680 1441 1681
3 1442 1443 1682
3 1681 1442 1682
3 1443 1444 1683
3 1682 1443 1683
3 1444 1445 1684
3 1683 1444 1684
3 1445 1446 1685
3 1684 1445 1685
3 1446 1447 1686
3 1685 1446 1686
3 1447 1448 1687
3 1686 1447 1687
3 1448 1436 1688
3 1687 1448 1688
3 1436 1450 1689
3 1688 1436 1689
3 1450 1451 1690
3 1689 1450 1690
3 1451 1452 1691
3 1690 1451 1691
3 1452 1453 1692
3 1691 1452 1692
3 1453 1454 1693
3 1692 1453 1693
3 1454 1455 1694
3 1693 1454 1694
3 1751 1753 1475
3 1694 1455 1695
3 1753 1476 1475
3 1754 1476 1753
3 1754 1478 1476
3 1458 1461 1675
3 1461 1677 1675
3 1461 1462 1677
3 1462 1678 1677
3 1756 1478 1754
3 1439 1679 1462
3 1679 1678 1462
3 1680 1679 1439
3 1756 1480 1478
3 1757 1480 1756
3 1481 1773 1758
3 1489 1773 1481
3 1758 1482 1481
3 1759 1482 1758
3 1482 1759 1760
3 1761 1484 1757
3 1761 1486 1484
3 1762 1486 1761
3 1767 1486 1762
3 1490 1486 1767
3 1487 1775 1769
3 1493 1775 1487
3 1489 1487 1769
3 1489 1769 1773
3 1774 1492 1490
3 1767 1774 1490
3 1775 1493 1496
3 1775 1496 1495
3 1774 1494 1492
3 1776 1494 1774
3 1776 1498 1494
3 1495 1496 1500
3 1495 1500 1778
3 1777 1498 1776
3 1778 1214 1779
3 1500 1214 1778
3 1777 1502 1498
3 1502 1777 2142
3 1779 1214 1215
3 1779 1215 1504
3 1218 1502 2142
3 1463 1696 1695
3 1463 1464 1696
3 1464 1697 1696
3 1464 1466 1697
3 1466 1942 1697
3 1790 1218 2142
3 1507 1504 1219
3 1219 1504 1215
3 1518 1218 1798
3 1469 1471 1700
3 1471 1702 1700
3 1471 1675 1702
3 1458 1675 1471
3 1703 1466 1472
3 1942 1466 1703
3 1472 1474 1703
3 1474 2212 1703
3 1798 1218 1790
3 1519 1507 1227
3 1227 1507 1219
3 1707 1711 1477
3 1477 1700 1707
3 1469 1700 1477
3 1708 1474 1479
3 2212 1474 1708
3 1479 1709 1708
3 1544 1518 1820
3 1820 1518 1798
3 1711 1716 1483
3 1245 1822 1519
3 1477 1711 1483
3 1709 1479 1485
3 1245 1519 1227
3 1485 1713 1709
3 1802 1852 1562
3 1521 1806 1802
3 1521 1802 1562
3 1715 1488 1716
3 1488 1483 1716
3 1806 1521 1522
3 1808 1806 1522
3 1713 1485 1718
3 1718 1719 1713
3 1808 1522 1523
3 1809 1808 1523
3 1809 1523 1533
3 1491 1715 1721
3 1810 1809 1533
3 1810 1533 1534
3 1811 1810 1534
3 1811 1534 1535
3 1817 1811 1535
3 1817 1535 1563
3 1718 1499 1719
3 1569 1819 1563
3 1819 1569 1854
3 1591 1283 1544
3 1727 1491 1721
3 1497 1491 1727
3 1820 1866 1591
3 1728 1719 1499
3 1820 1591 1544
3 1823 1822 1245
3 1823 1245 1824
3 1824 1245 1545
3 1731 1497 1727
3 1501 1497 1731
3 1503 1728 1499
3 1733 1728 1503
3 1828 1824 1545
3 1828 1545 1546
3 1830 1828 1546
3 1830 1546 1548
3 1731 1735 1505
3 1830 1548 1549
3 1731 1505 1501
3 1831 1830 1549
3 2007 1738 1739
3 1831 1549 1550
3 1739 1738 1508
3 1738 1740 1508
3 1508 1740 1510
3 1510 1740 1741
3 1510 1741 1511
3 1511 1741 1742
3 1511 1742 1512
3 1512 1742 1743
3 1512 1743 1513
3 1513 1743 1744
3 1513 1744 1514
3 1514 1744 1745
3 1514 1745 1515
3 1515 1745 1746
3 1515 1746 1516
3 1516 1746 1747
3 1516 1747 1517
3 1517 1747 1748
3 1845 1831 1550
3 1313 1517 1749
3 1517 1748 1749
3 1313 1749 1768
3 1845 1550 1551
3 1846 1845 1551
3 1752 2022 1733
3 1752 1733 1503
3 1846 1551 1557
3 1848 1846 1557
3 1505 1735 1755
3 1848 1557 1559
3 1505 1755 1781
3 1505 1781 1506
3 1850 1848 1559
3 1850 1559 1560
3 1781 1524 1506
3 1852 1850 1560
3 1562 1852 1560
3 1854 1569 1570
3 1854 1570 1571
3 1855 1854 1571
3 1855 1571 1572
3 1856 1855 1572
3 1856 1572 1574
3 1528 1527 1763
3 1528 1763 1529
3 1529 1763 1764
3 1529 1764 1530
3 1530 1764 1765
3 1530 1765 1531
3 1531 1765 1766
3 1531 1766 1532
3 1532 1766 2007
3 1857 1856 1574
3 1857 1574 1575
3 2007 1739 1532
3 1858 1857 1575
3 1858 1575 1587
3 1861 1858 1587
3 1861 1587 1588
3 1862 1861 1588
3 1313 1768 1536
3 1536 1768 1770
3 1536 1770 1537
3 1862 1588 1590
3 1537 1770 1538
3 1538 1770 1771
3 1538 1771 1539
3 1539 1771 1772
3 1539 1772 1540
3 1540 1772 1785
3 1864 1862 1590
3 1864 1590 1283
3 1541 1540 1785
3 1865 1864 1283
3 1283 1591 1865
3 1871 1359 1919
3 1343 1871 1876
3 1543 1788 1520
3 1343 1359 1871
3 1788 1780 1752
3 1876 1592 1343
3 1877 1592 1876
3 1788 1752 1520
3 1752 1780 2022
3 1877 1594 1592
3 1879 1594 1877
3 1782 1524 1781
3 1525 1524 1782
3 1783 1525 1782
3 1526 1525 1783
3 1784 1526 1783
3 1526 1784 1527
3 1879 1596 1594
3 1542 1541 1785
3 1786 1542 1785
3 1543 1542 1786
3 1787 1543 1786
3 1788 1543 1787
3 1880 1596 1879
3 1880 1598 1596
3 1884 1598 1880
3 1789 1792 1793
3 1884 1600 1598
3 1792 1794 1795
3 1793 1792 1795
3 1794 1796 1797
3 1795 1794 1797
3 1885 1600 1884
3 1885 1601 1600
3 1800 1804 1803
3 1799 1800 1803
3 1887 1601 1885
3 1803 1804 1805
3 1887 1602 1601
3 1805 1804 1807
3 1889 1602 1887
3 1833 1577 2054
3 1889 1604 1602
3 1577 1547 1789
3 1577 1789 2054
3 1891 1604 1889
3 1792 1789 1547
3 1891 1606 1604
3 1893 1606 1891
3 1893 1622 1606
3 1927 1895 1607
3 1927 2281 1895
3 1796 1812 1797
3 1895 1608 1607
3 1897 1608 1895
3 1796 1552 1812
3 1552 1813 1812
3 1552 1553 1813
3 1553 1814 1813
3 1553 1554 1814
3 1554 1815 1814
3 1554 1555 1815
3 1555 1816 1815
3 1555 1556 1816
3 1556 2077 1816
3 1897 1609 1608
3 1899 1609 1897
3 1818 2077 1556
3 1899 1611 1609
3 1901 1611 1899
3 1901 1613 1611
3 1903 1613 1901
3 1903 1614 1613
3 1905 1614 1903
3 1564 2080 1821
3 1564 1565 2080
3 1905 1615 1614
3 1565 1566 2080
3 1566 1825 2080
3 1566 1567 1825
3 1567 1826 1825
3 1567 1568 1826
3 1568 1827 1826
3 1907 1615 1905
3 1799 1827 1800
3 1827 1568 1800
3 1907 1617 1615
3 1909 1617 1907
3 1909 1620 1617
3 1911 1620 1909
3 1911 1621 1620
3 1807 1804 1573
3 1913 1621 1911
3 1573 2066 1807
3 1573 1829 2066
3 1640 1621 1913
3 1829 2087 2066
3 1919 1359 1930
3 1920 1625 1622
3 1576 1577 1833
3 1921 1625 1920
3 1576 1833 1832
3 1921 1627 1625
3 1818 1834 2077
3 1922 1627 1921
3 1818 1578 1834
3 1578 1835 1834
3 1578 1579 1835
3 1579 1836 1835
3 1579 1580 1836
3 1580 1837 1836
3 1580 1581 1837
3 1581 1838 1837
3 1581 1582 1838
3 1582 1839 1838
3 1582 1583 1839
3 1583 1840 1839
3 1583 1584 1840
3 1584 1841 1840
3 1584 1585 1841
3 1585 1842 1841
3 1585 1586 1842
3 1586 1843 1842
3 1922 1628 1627
3 1561 1844 1586
3 1844 1843 1586
3 1561 1821 1844
3 1923 1628 1922
3 1923 1629 1628
3 1924 1629 1923
3 1829 1847 2087
3 1829 1589 1847
3 1924 1633 1629
3 1925 1633 1924
3 1925 1358 1633
3 1849 1576 1832
3 1595 1576 1849
3 1593 1847 1589
3 1851 1847 1593
3 1926 1358 1925
3 1358 1926 1927
3 1640 1642 1621
3 1928 1642 1640
3 1853 1595 1849
3 1928 1933 1642
3 1597 1851 1593
3 1860 1851 1597
3 1646 1930 1643
3 1643 1930 1359
3 1650 1642 1933
3 1652 1646 1371
3 1371 1646 1643
3 1657 1650 1936
3 1853 1599 1595
3 1936 1650 1933
3 1371 1659 1938
3 1652 1371 1938
3 1939 1658 1657
3 1859 1860 1597
3 1939 1657 1936
3 1659 1940 1938
3 1599 1853 1863
3 1941 1660 1658
3 1941 1658 1939
3 1863 1603 1599
3 1661 2295 1940
3 1661 1940 1659
3 1859 1605 2123
3 1859 2123 1860
3 1867 1390 1603
3 1863 1867 1603
3 1941 1944 1664
3 1390 1867 1612
3 1869 1605 1610
3 1941 1664 1660
3 1605 1869 2123
3 1660 1664 1663
3 1665 2295 1661
3 1867 1870 1612
3 1618 1870 1874
3 1612 1870 1618
3 1872 1610 1616
3 1873 1610 1872
3 1610 1873 1869
3 1665 1661 1662
3 1665 1662 1666
3 1970 1668 1663
3 1618 1874 1619
3 1619 1874 1875
3 1626 1875 1881
3 1619 1875 1626
3 2183 1624 1623
3 1878 1624 2183
3 1624 1878 1616
3 1616 1878 1872
3 1664 1944 1970
3 1664 1970 1663
3 1665 1666 1955
3 1955 1666 1669
3 1971 1955 1669
3 1667 1668 1957
3 1667 1957 2387
3 1409 1881 1882
3 1668 1970 1957
3 1634 1409 1883
3 1409 1882 1883
3 1971 1670 1972
3 1883 1886 1634
3 1669 1670 1971
3 1972 1670 1671
3 1976 1972 1671
3 1674 1981 1671
3 1671 1981 1976
3 1978 2042 1672
3 1978 1672 1673
3 1980 1978 1673
3 1673 2387 1980
3 1667 2387 1673
3 1981 1674 1676
3 1983 1981 1676
3 1983 1676 1698
3 1986 1983 1698
3 1986 1698 1699
3 1988 1986 1699
3 1988 1699 1710
3 1993 1988 1710
3 1996 1993 1710
3 1712 1996 1710
3 1712 1714 1996
3 1996 1714 1998
3 1714 1717 1998
3 1998 1717 2002
3 1717 1720 2002
3 2002 1720 2004
3 1720 1722 2004
3 2004 1722 2014
3 1914 1915 1630
3 1722 1723 2014
3 2014 1723 2021
3 1630 1915 1631
3 1915 1917 1631
3 1631 1917 1632
3 1632 1917 1918
3 1632 1918 1623
3 1623 1918 2183
3 1723 1724 2021
3 2021 1724 2024
3 1701 2027 2024
3 1701 2024 1724
3 1886 1635 1634
3 1636 1635 1886
3 1888 1636 1886
3 1637 1636 1888
3 1890 1637 1888
3 1638 1637 1890
3 1892 1638 1890
3 1639 1638 1892
3 1894 1639 1892
3 1641 1639 1894
3 1896 1641 1894
3 1644 1641 1896
3 1898 1644 1896
3 1645 1644 1898
3 1900 1645 1898
3 1647 1645 1900
3 1902 1647 1900
3 1649 1647 1902
3 1904 1649 1902
3 1651 1649 1904
3 1906 1651 1904
3 1653 1651 1906
3 1908 1653 1906
3 1654 1653 1908
3 1910 1654 1908
3 1655 1654 1910
3 1912 1655 1910
3 1656 1655 1912
3 1914 1656 1912
3 1630 1656 1914
3 2027 1701 1704
3 2033 2027 1704
3 2033 1704 1705
3 1675 1677 1947
3 2035 2033 1705
3 1677 1678 1948
3 1947 1677 1948
3 1678 1679 1949
3 1948 1678 1949
3 1679 1680 1950
3 1949 1679 1950
3 1680 1681 1951
3 1950 1680 1951
3 1681 1682 1952
3 1951 1681 1952
3 1682 1683 1953
3 1952 1682 1953
3 1683 1684 1954
3 1953 1683 1954
3 1684 1685 1929
3 1954 1684 1929
3 1685 1686 1956
3 1929 1685 1956
3 1686 1687 1931
3 1956 1686 1931
3 1687 1688 1958
3 1931 1687 1958
3 1688 1689 1959
3 1958 1688 1959
3 1689 1690 1960
3 1959 1689 1960
3 1690 1691 1961
3 1960 1690 1961
3 1691 1692 1962
3 1961 1691 1962
3 1692 1693 1963
3 1962 1692 1963
3 1693 1694 1964
3 1963 1693 1964
3 1694 1695 1965
3 1964 1694 1965
3 1695 1696 1966
3 1965 1695 1966
3 1696 1697 1967
3 1966 1696 1967
3 2035 1705 1706
3 1967 1697 1942
3 2040 2035 1706
3 2040 1706 2042
3 1760 2060 1725
3 1700 1702 1943
3 1702 1945 1943
3 1725 2060 1726
3 1675 1946 1702
3 1946 1945 1702
3 1947 1946 1675
3 2060 2061 1726
3 1726 2061 1729
3 2061 2068 1729
3 1729 2068 1730
3 2068 2069 1730
3 1730 2069 1732
3 2069 2070 1732
3 1732 2070 1734
3 2070 2071 1734
3 1734 2071 1736
3 2071 2076 1736
3 1736 2076 1468
3 2076 2078 1468
3 1468 2078 1737
3 2078 2079 1737
3 1737 2079 1750
3 2197 1954 1929
3 1956 2197 1929
3 2079 2081 1750
3 1750 2081 1751
3 2199 1956 1931
3 1958 2199 1931
3 2081 2082 1751
3 1751 2082 1753
3 2082 2086 1753
3 1753 2086 1754
3 2086 2088 1754
3 1754 2088 1756
3 2088 2089 1756
3 1756 2089 1757
3 2089 2091 1757
3 2111 1758 1773
3 2111 1759 1758
3 2053 1759 2111
3 1759 2053 2059
3 1760 1759 2059
3 2060 1760 2059
3 1757 2091 2098
3 2098 2106 1761
3 1757 2098 1761
3 2106 1762 1761
3 2107 1762 2106
3 1968 1967 1942
3 2107 1767 1762
3 1942 1703 1968
3 1703 1969 1968
3 1703 2212 1969
3 2108 1767 2107
3 2126 1769 1775
3 2110 1769 2126
3 1979 1711 1707
3 1973 1979 1707
3 1707 1943 1973
3 1700 1943 1707
3 1974 2212 1708
3 1769 2110 1773
3 1709 1975 1974
3 1708 1709 1974
3 1773 2110 2111
3 1977 1716 1711
3 2118 1774 2108
3 1977 1711 1979
3 2108 1774 1767
3 2121 1774 2118
3 2129 2125 1495
3 1495 2125 1775
3 1775 2125 2126
3 1713 1982 1709
3 1709 1982 1975
3 2127 1776 2121
3 2121 1776 1774
3 1776 2127 2131
3 1715 1716 1977
3 1715 1977 1984
3 2134 2129 1778
3 1778 2129 1495
3 2131 1777 1776
3 1777 2131 2142
3 1713 1989 1982
3 2134 1779 2140
3 1713 1719 1989
3 2134 1778 1779
3 2140 1779 1504
3 2140 1504 2146
3 1721 1984 1990
3 1721 1715 1984
3 2144 1790 2142
3 1791 2146 1507
3 1507 2146 1504
3 1989 1719 1991
3 1798 1790 2148
3 2148 1790 2144
3 2273 1727 1990
3 1727 1721 1990
3 1801 1791 1519
3 1995 1991 1728
3 1991 1719 1728
3 1519 1791 1507
3 1820 1798 2176
3 2176 1798 2148
3 1999 1727 2273
3 1731 1727 1999
3 1733 1995 1728
3 2001 1995 1733
3 1822 2178 1801
3 1822 1801 1519
3 2152 2190 1852
3 1802 2154 2152
3 1999 2293 1735
3 1852 1802 2152
3 1999 1735 1731
3 2154 1802 1806
3 2297 2006 2007
3 2157 2154 1806
3 2007 2006 1738
3 2006 2008 1738
3 1738 2008 1740
3 1740 2008 2009
3 1740 2009 1741
3 1741 2009 2010
3 1741 2010 1742
3 1742 2010 2011
3 1742 2011 1743
3 1743 2011 2012
3 1743 2012 1744
3 1744 2012 2013
3 1744 2013 1745
3 2157 1806 1808
3 1745 2013 1746
3 1746 2013 2015
3 1746 2015 1747
3 1747 2015 2016
3 1747 2016 1748
3 1748 2016 2017
3 1748 2017 1749
3 1749 2017 2018
3 2159 2157 1808
3 1768 1749 2019
3 1749 2018 2019
3 1768 2019 1770
3 2159 1808 1809
3 2160 2159 1809
3 2022 2307 2001
3 2022 2001 1733
3 2160 1809 1810
3 2163 2160 1810
3 1735 2293 2026
3 2163 1810 1811
3 1735 2026 1755
3 2164 2163 1811
3 2164 1811 1817
3 2166 2164 1817
3 2166 1817 1563
3 2168 2166 1563
3 1527 2029 1763
3 1763 2029 2030
3 1763 2030 1764
3 1764 2030 2031
3 1764 2031 1765
3 1765 2031 2032
3 1765 2032 1766
3 1766 2032 2297
3 2168 1563 1819
3 2170 2168 1819
3 2297 2007 1766
3 2172 2170 1819
3 1854 2172 1819
3 2172 1854 1855
3 2176 2174 1866
3 2176 1866 1820
3 2180 2178 1822
3 1868 2611 2180
3 1868 2180 1822
3 1771 1770 2036
3 1771 2036 1772
3 1772 2036 2037
3 1772 2037 1785
3 1785 2037 2039
3 1868 1822 1823
3 1823 1824 1868
3 2185 1830 1831
3 2186 2185 1831
3 1780 2322 2022
3 2186 1831 1845
3 2187 2186 1845
3 2022 2322 2307
3 1755 2026 2043
3 1781 1755 2043
3 2187 1845 1846
3 1781 2043 2044
3 1781 2044 1782
3 1782 2044 2045
3 1782 2045 1783
3 1783 2045 2046
3 1783 2046 1784
3 1784 2046 2047
3 1784 2047 2029
3 1527 1784 2029
3 2188 2187 1846
3 2039 2048 1785
3 1785 2048 1786
3 1786 2048 2049
3 1786 2049 1787
3 1787 2049 2050
3 1787 2050 1788
3 1788 2050 2051
3 2188 1846 1848
3 1780 1788 2052
3 2052 1788 2051
3 1780 2052 2322
3 2342 2054 2055
3 2189 2188 1848
3 2054 1789 2055
3 2055 1789 2056
3 1789 1793 2056
3 1793 2057 2056
3 1793 1795 2057
3 1795 2058 2057
3 1795 1797 2058
3 1797 2348 2058
3 2189 1848 1850
3 2190 2189 1850
3 1852 2190 1850
3 2062 2085 1799
3 1799 1803 2062
3 1803 2063 2062
3 1803 1805 2063
3 1805 2064 2063
3 1805 1807 2064
3 1807 2065 2064
3 1807 2066 2067
3 2191 1855 1856
3 1807 2067 2065
3 2066 2356 2067
3 2362 1833 2342
3 2191 1856 1857
3 1833 2054 2342
3 2198 2191 1857
3 2198 1857 1858
3 2200 2198 1858
3 2072 1797 1812
3 2348 1797 2072
3 1812 1813 2072
3 1813 2073 2072
3 1813 1814 2073
3 1814 2074 2073
3 1814 1815 2074
3 1815 2075 2074
3 1815 1816 2075
3 1816 2367 2075
3 2200 1858 1861
3 2209 2200 1861
3 2077 2367 1816
3 2209 1861 1862
3 1865 1591 2213
3 1866 2204 2213
3 1866 2213 1591
3 2174 2204 1866
3 1824 2207 1868
3 2207 2611 1868
3 2080 1825 2370
3 1825 2083 2370
3 1825 1826 2083
3 1826 2084 2083
3 1826 1827 2084
3 1827 2085 2084
3 1828 2208 1824
3 1799 2085 1827
3 2208 2207 1824
3 1830 2185 1828
3 2185 2208 1828
3 2066 2087 2356
3 1864 2210 1862
3 2087 2375 2356
3 2210 2209 1862
3 1865 2211 1864
3 1832 1833 2362
3 2211 2210 1864
3 1832 2362 2090
3 2213 2211 1865
3 2077 2092 2367
3 2235 2221 1876
3 2077 1834 2092
3 1834 2093 2092
3 1834 1835 2093
3 1835 2094 2093
3 1835 1836 2094
3 1836 2095 2094
3 1836 1837 2095
3 1837 2096 2095
3 1837 1838 2096
3 1838 2097 2096
3 1838 1839 2097
3 1839 2386 2097
3 1839 1840 2386
3 1840 2099 2386
3 1840 1841 2099
3 1841 2100 2099
3 1841 1842 2100
3 1842 2101 2100
3 1842 1843 2101
3 1843 2102 2101
3 1843 1844 2102
3 1844 2103 2102
3 1876 2221 1877
3 1821 2104 1844
3 2104 2103 1844
3 1821 2080 2104
3 2221 2222 1877
3 2087 2105 2375
3 1877 2222 1879
3 2222 2223 1879
3 2087 1847 2105
3 2223 2236 1879
3 1909 2257 1911
3 2257 2225 1911
3 2109 1832 2090
3 1849 1832 2109
3 1851 2105 1847
3 2115 2105 1851
3 1911 2225 1913
3 2225 2233 1913
3 1913 2233 1916
3 2233 2659 1916
3 2109 2113 1849
3 2113 1853 1849
3 2234 1919 2262
3 2115 1851 2114
3 1851 1860 2114
3 2235 1871 1919
3 2235 1919 2234
3 1876 1871 2235
3 2120 1853 2113
3 2236 1880 1879
3 2236 1884 1880
3 2237 1884 2236
3 2237 1885 1884
3 1860 2119 2114
3 2243 1885 2237
3 2243 1887 1885
3 2247 1887 2243
3 2120 2122 1863
3 2120 1863 1853
3 2247 1889 1887
3 2249 1889 2247
3 2249 1891 1889
3 2123 2124 2119
3 2123 2119 1860
3 2251 1891 2249
3 2251 1893 1891
3 1895 2252 1897
3 2281 2252 1895
3 1863 2122 1867
3 1867 2122 2128
3 2281 2705 2252
3 2252 1899 1897
3 2253 1899 2252
3 2253 1901 1899
3 2254 1901 2253
3 2123 1869 2124
3 2124 1869 2130
3 2254 1903 1901
3 2132 1870 1867
3 2128 2132 1867
3 1874 2132 2137
3 1870 2132 1874
3 2490 1873 1872
3 2135 1873 2490
3 1873 2135 2130
3 1869 1873 2130
3 2255 1903 2254
3 2255 1905 1903
3 1874 2137 1875
3 2256 1905 2255
3 2256 1907 1905
3 1881 1875 2138
3 1875 2137 2138
3 2257 1907 2256
3 2138 2141 1881
3 1909 1907 2257
3 1640 1913 1916
3 2260 1916 2659
3 2260 1640 1916
3 2260 1928 1640
3 2260 2282 1928
3 2262 1919 1930
3 2262 1930 1932
3 2263 1893 2251
3 2263 2266 1622
3 1893 2263 1622
3 2266 1920 1622
3 2268 1920 2266
3 2268 1921 1920
3 2269 1921 2268
3 2269 1922 1921
3 2271 1922 2269
3 2271 1923 1922
3 2158 2469 2161
3 2272 1923 2271
3 2272 1924 1923
3 2469 2162 2161
3 2162 2471 2165
3 2277 1924 2272
3 2277 1925 1924
3 2471 2167 2165
3 2278 1925 2277
3 2278 1926 1925
3 2279 1926 2278
3 2279 1927 1926
3 2281 1927 2279
3 2282 2283 1928
3 2283 1933 1928
3 1934 1932 1646
3 1646 1932 1930
3 1935 1933 2283
3 2284 1934 1652
3 1652 1934 1646
3 1936 1933 1937
3 1937 1933 1935
3 2181 2182 2183
3 1938 2287 2284
3 1938 2284 1652
3 2183 2182 1878
3 2182 2184 1878
3 1878 2184 1872
3 1872 2184 2490
3 1937 2285 1939
3 1937 1939 1936
3 1938 1940 2287
3 2285 1941 1939
3 2292 2287 1940
3 1882 1881 2141
3 2143 1882 2141
3 1883 1882 2143
3 2145 1883 2143
3 1886 1883 2145
3 2147 1886 2145
3 1888 1886 2147
3 2149 1888 2147
3 1890 1888 2149
3 2151 1890 2149
3 1892 1890 2151
3 2153 1892 2151
3 1894 1892 2153
3 2155 1894 2153
3 1896 1894 2155
3 2156 1896 2155
3 1898 1896 2156
3 2158 1898 2156
3 1900 1898 2158
3 2161 1900 2158
3 1902 1900 2161
3 2162 1902 2161
3 1904 1902 2162
3 2165 1904 2162
3 1906 1904 2165
3 2167 1906 2165
3 1908 1906 2167
3 2169 1908 2167
3 1910 1908 2169
3 2171 1910 2169
3 1912 1910 2171
3 2173 1912 2171
3 1914 1912 2173
3 2175 1914 2173
3 1915 1914 2175
3 2177 1915 2175
3 1917 1915 2177
3 2179 1917 2177
3 1918 1917 2179
3 2181 1918 2179
3 2183 1918 2181
3 2295 2292 1940
3 2290 1944 1941
3 1941 2285 2290
3 1943 1945 2216
3 2847 1970 2300
3 1945 1946 2217
3 2216 1945 2217
3 1946 1947 2218
3 2217 1946 2218
3 1947 1948 2219
3 2218 1947 2219
3 1948 1949 2220
3 2219 1948 2220
3 1949 1950 2192
3 2220 1949 2192
3 1950 1951 2193
3 2192 1950 2193
3 1951 1952 2194
3 2193 1951 2194
3 1952 1953 2195
3 2194 1952 2195
3 1953 1954 2196
3 2195 1953 2196
3 2300 1970 1944
3 2196 1954 2197
3 1944 2290 2300
3 2302 1665 1955
3 1971 2306 1955
3 2197 1956 2199
3 1955 2306 2302
3 2305 2387 1957
3 1958 1959 2201
3 2199 1958 2201
3 1959 1960 2202
3 2201 1959 2202
3 1960 1961 2203
3 2202 1960 2203
3 1961 1962 2259
3 2203 1961 2259
3 1962 1963 2205
3 2259 1962 2205
3 1963 1964 2206
3 2205 1963 2206
3 1964 1965 2238
3 2206 1964 2238
3 1965 1966 2239
3 2238 1965 2239
3 1966 1967 2240
3 2239 1966 2240
3 1967 1968 2241
3 2240 1967 2241
3 1968 1969 2242
3 2241 1968 2242
3 2305 1957 1970
3 2242 1969 2212
3 2847 2305 1970
3 2248 1979 1973
3 2214 2248 1973
3 2306 1971 1972
3 1943 2215 1973
3 2215 2214 1973
3 2216 2215 1943
3 2308 2306 1972
3 2308 1972 1976
3 2310 2308 1976
3 2312 2310 1976
3 1981 2312 1976
3 1981 1985 2312
3 2041 2042 2372
3 1978 2376 2372
3 2042 1978 2372
3 2376 1978 1980
3 2499 2220 2192
3 2193 2499 2192
3 2500 2499 2193
3 2382 2376 1980
3 2500 2193 2224
3 2193 2194 2224
3 2224 2194 2250
3 2194 2195 2250
3 2250 2195 2226
3 2195 2196 2226
3 2226 2196 2227
3 2196 2197 2227
3 2227 2197 2228
3 2382 1980 2387
3 2228 2197 2229
3 2197 2199 2229
3 2229 2199 2230
3 1983 1985 1981
3 2230 2199 2231
3 2199 2201 2231
3 2231 2201 2232
3 2201 2202 2232
3 2232 2202 2258
3 2202 2203 2258
3 2258 2203 2259
3 1986 1987 1983
3 2259 2205 2501
3 1987 1985 1983
3 1988 1992 1986
3 2206 2501 2205
3 2502 2501 2206
3 2238 2502 2206
3 1992 1987 1986
3 1993 1994 1988
3 1994 1992 1988
3 1996 1997 1993
3 1997 1994 1993
3 1998 2000 1996
3 2000 1997 1996
3 2002 2003 1998
3 2003 2000 1998
3 2004 2005 2002
3 2244 2242 2212
3 2005 2003 2002
3 2212 1974 2244
3 2014 2020 2004
3 1975 2245 2244
3 1974 1975 2244
3 2020 2005 2004
3 2021 2023 2014
3 1977 1979 2246
3 1979 2248 2246
3 2023 2020 2014
3 2024 2025 2021
3 2025 2023 2021
3 2027 2028 2024
3 2028 2025 2024
3 2033 2034 2027
3 2525 2250 2226
3 2227 2525 2226
3 2526 2525 2227
3 2228 2526 2227
3 2527 2526 2228
3 2229 2527 2228
3 2528 2527 2229
3 2230 2528 2229
3 2529 2528 2230
3 2231 2529 2230
3 2530 2529 2231
3 2232 2530 2231
3 2531 2530 2232
3 2258 2531 2232
3 2034 2028 2027
3 2035 2038 2033
3 2038 2034 2033
3 2040 2041 2035
3 2041 2038 2035
3 2042 2041 2040
3 1975 1982 2245
3 1982 2261 2245
3 2111 2390 2053
3 2390 2391 2053
3 2053 2391 2059
3 2391 2395 2059
3 1984 2246 2264
3 1977 2246 1984
3 2265 1982 1989
3 2261 1982 2265
3 2059 2395 2060
3 2395 2397 2060
3 2060 2397 2061
3 2397 2399 2061
3 2267 1990 2264
3 1990 1984 2264
3 2061 2399 2068
3 2270 2265 1991
3 2265 1989 1991
3 2399 2400 2068
3 2068 2400 2069
3 2400 2401 2069
3 2069 2401 2070
3 2273 1990 2267
3 1995 2270 1991
3 2401 2403 2070
3 2070 2403 2071
3 2270 1995 2274
3 1999 2273 2275
3 2403 2112 2071
3 2071 2112 2076
3 2112 2406 2076
3 2076 2406 2078
3 2280 2595 2012
3 2406 2116 2078
3 2012 2597 2013
3 2595 2597 2012
3 2078 2116 2079
3 2597 2286 2013
3 2116 2407 2079
3 2079 2407 2081
3 2407 2117 2081
3 2081 2117 2082
3 2117 2409 2082
3 2001 2616 1995
3 2616 2274 1995
3 2082 2409 2086
3 2293 1999 2294
3 2294 1999 2275
3 2409 2410 2086
3 2622 2296 2297
3 2086 2410 2088
3 2297 2296 2006
3 2296 2298 2006
3 2006 2298 2008
3 2008 2298 2299
3 2008 2299 2009
3 2009 2299 2276
3 2410 2411 2088
3 2088 2411 2089
3 2276 2010 2009
3 2011 2010 2276
3 2280 2011 2276
3 2012 2011 2280
3 2411 2412 2089
3 2089 2412 2091
3 2412 2414 2091
3 2091 2414 2098
3 2414 2418 2098
3 2015 2013 2286
3 2288 2015 2286
3 2016 2015 2288
3 2291 2016 2288
3 2098 2418 2106
3 2291 2301 2016
3 2016 2301 2017
3 2017 2301 2018
3 2018 2301 2614
3 2018 2614 2019
3 2019 2614 2303
3 2418 2420 2106
3 1770 2019 2304
3 2019 2303 2304
3 1770 2304 2317
3 2106 2420 2107
3 2420 2421 2107
3 2307 2630 2001
3 2001 2630 2616
3 2107 2421 2108
3 2293 2294 2325
3 2388 2110 2126
3 2110 2388 2389
3 2293 2325 2026
3 2111 2110 2389
3 2390 2111 2389
3 2112 2403 2452
3 2029 2313 2030
3 2030 2313 2314
3 2030 2314 2031
3 2031 2314 2315
3 2031 2315 2032
3 2032 2315 2622
3 2406 2112 2452
3 2116 2406 2456
3 2622 2297 2032
3 2407 2116 2456
3 2117 2407 2460
3 2409 2117 2460
3 2108 2421 2422
3 2422 2423 2118
3 1770 2317 2036
3 2036 2317 2318
3 2036 2318 2037
3 2037 2318 2319
3 2037 2319 2039
3 2039 2319 2321
3 2108 2422 2118
3 2423 2121 2118
3 2439 2121 2423
3 2485 2441 2129
3 2441 2125 2129
3 2322 2324 2307
3 2125 2441 2126
3 2630 2307 2324
3 2126 2441 2388
3 2483 2127 2439
3 2326 2026 2325
3 2439 2127 2121
3 2026 2326 2043
3 2043 2326 2327
3 2043 2327 2044
3 2044 2327 2328
3 2044 2328 2045
3 2045 2328 2329
3 2045 2329 2046
3 2046 2329 2330
3 2046 2330 2047
3 2047 2330 2331
3 2047 2331 2313
3 2029 2047 2313
3 2332 2048 2039
3 2321 2332 2039
3 2048 2332 2049
3 2049 2332 2333
3 2049 2333 2050
3 2050 2333 2334
3 2050 2334 2051
3 2051 2334 2335
3 2051 2335 2052
3 2052 2335 2336
3 2131 2127 2506
3 2322 2052 2337
3 2337 2052 2336
3 2324 2322 2337
3 2127 2483 2506
3 2129 2133 2485
3 2134 2133 2129
3 2340 2342 2343
3 2507 2131 2506
3 2136 2131 2507
3 2342 2055 2343
3 2343 2055 2344
3 2055 2056 2344
3 2056 2345 2344
3 2056 2057 2345
3 2057 2346 2345
3 2057 2058 2346
3 2058 2347 2346
3 2058 2348 2347
3 2136 2142 2131
3 2133 2134 2140
3 2133 2140 2139
3 2374 2085 2062
3 2690 2374 2062
3 2062 2063 2690
3 2063 2352 2690
3 2063 2064 2352
3 2064 2353 2352
3 2064 2065 2353
3 2065 2354 2353
3 2065 2067 2354
3 2067 2355 2354
3 2508 2136 2507
3 2356 2357 2067
3 2067 2357 2355
3 2508 2142 2136
3 2357 2356 2359
3 2139 2146 2510
3 2340 2361 2362
3 2140 2146 2139
3 2508 2144 2142
3 2144 2508 2511
3 2342 2340 2362
3 2510 2146 1791
3 2349 2348 2072
3 2518 2510 1791
3 2072 2073 2349
3 2073 2364 2349
3 2073 2074 2364
3 2074 2365 2364
3 2074 2075 2365
3 2075 2703 2365
3 2148 2144 2511
3 2150 2148 2511
3 2367 2703 2075
3 2519 2518 1801
3 1801 2518 1791
3 2370 2369 2080
3 2176 2148 2587
3 2587 2148 2150
3 2178 2590 2519
3 2083 2708 2370
3 2083 2084 2708
3 2178 2519 1801
3 2084 2085 2708
3 2085 2374 2708
3 2520 2603 2190
3 2152 2532 2520
3 2190 2152 2520
3 2532 2152 2154
3 2536 2532 2154
3 2375 2359 2356
3 2359 2375 2710
3 2536 2154 2157
3 2538 2536 2157
3 2362 2361 2090
3 2090 2361 2377
3 2538 2157 2159
3 2367 2378 2703
3 2543 2538 2159
3 2367 2092 2378
3 2092 2379 2378
3 2092 2093 2379
3 2093 2380 2379
3 2093 2094 2380
3 2094 2719 2380
3 2543 2159 2160
3 2383 2719 2095
3 2095 2719 2094
3 2095 2096 2398
3 2383 2095 2398
3 2096 2097 2385
3 2398 2096 2385
3 2546 2543 2160
3 2385 2097 2386
3 2546 2160 2163
3 2551 2546 2163
3 2099 2100 2402
3 2551 2163 2164
3 2100 2101 2402
3 2564 2551 2164
3 2564 2164 2166
3 2402 2101 2720
3 2720 2101 2102
3 2102 2103 2720
3 2103 2392 2720
3 2103 2104 2392
3 2104 2393 2392
3 2369 2104 2080
3 2369 2394 2104
3 2394 2393 2104
3 2369 2370 2394
3 2566 2564 2166
3 2566 2166 2168
3 2375 2105 2710
3 2710 2105 2726
3 2109 2090 2396
3 2396 2090 2377
3 2572 2566 2168
3 2572 2168 2170
3 2573 2572 2170
3 2573 2170 2172
3 2575 2573 2172
3 2585 2575 2172
3 2736 2385 2386
3 2099 2736 2386
3 1855 2585 2172
3 2402 2736 2099
3 2585 1855 2604
3 2587 2589 2174
3 2587 2174 2176
3 2610 2590 2178
3 2115 2404 2105
3 2404 2726 2105
3 2180 2610 2178
3 2591 2185 2186
3 2405 2109 2396
3 2109 2405 2113
3 2114 2408 2115
3 2592 2591 2186
3 2592 2186 2187
3 2115 2408 2404
3 2596 2592 2187
3 2596 2187 2188
3 2405 2413 2113
3 2413 2120 2113
3 2602 2596 2188
3 2408 2114 2416
3 2114 2119 2416
3 2602 2188 2189
3 2603 2602 2189
3 2190 2603 2189
3 2122 2413 2417
3 2120 2413 2122
3 2415 2119 2124
3 2416 2119 2415
3 2604 1855 2191
3 2604 2191 2198
3 2605 2604 2198
3 2605 2198 2200
3 2122 2417 2128
3 2128 2417 2419
3 2607 2605 2200
3 2607 2200 2209
3 2620 2607 2209
3 2174 2608 2204
3 2589 2608 2174
3 2424 2425 2426
3 2612 2611 2207
3 2426 2427 2428
3 2425 2427 2426
3 2428 2429 2430
3 2427 2429 2428
3 2430 2431 2432
3 2429 2431 2430
3 2432 2433 2434
3 2431 2433 2432
3 2434 2435 2436
3 2433 2435 2434
3 2436 2437 2438
3 2435 2437 2436
3 2612 2207 2208
3 2437 2440 2438
3 2615 2612 2208
3 2615 2208 2185
3 2619 2615 2185
3 2185 2591 2619
3 2624 2620 2209
3 2130 2445 2124
3 2124 2445 2415
3 2624 2209 2210
3 2626 2624 2210
3 2447 2132 2128
3 2419 2447 2128
3 2626 2210 2211
3 2137 2132 2448
3 2132 2447 2448
3 2627 2626 2211
3 2448 2451 2137
3 2627 2211 2213
3 2628 2627 2213
3 2213 2632 2628
3 2213 2204 2632
3 2608 2632 2204
3 2633 2234 2667
3 2235 2633 2634
3 2235 2234 2633
3 2459 2824 2461
3 2634 2221 2235
3 2461 2462 2463
3 2824 2462 2461
3 2464 2463 2462
3 2640 2221 2634
3 2640 2222 2221
3 2642 2222 2640
3 2464 2424 2465
3 2465 2424 2466
3 2424 2426 2466
3 2466 2426 2467
3 2426 2428 2467
3 2467 2428 2469
3 2428 2430 2469
3 2642 2223 2222
3 2430 2432 2469
3 2469 2432 2471
3 2432 2434 2471
3 2646 2223 2642
3 2434 2436 2471
3 2471 2436 2472
3 2436 2438 2472
3 2472 2438 2473
3 2438 2440 2473
3 2473 2440 2474
3 2440 2443 2474
3 2223 2646 2236
3 2475 2476 2443
3 2476 2474 2443
3 2476 2828 2478
3 2475 2828 2476
3 2678 2647 2257
3 2828 2480 2478
3 2647 2225 2257
3 2648 2225 2647
3 2648 2233 2225
3 2658 2233 2648
3 2658 2659 2233
3 2260 2659 2660
3 2660 2679 2260
3 2665 2262 2680
3 2488 2489 2490
3 2667 2234 2262
3 2667 2262 2665
3 2490 2489 2135
3 2489 2491 2135
3 2135 2491 2445
3 2130 2135 2445
3 2669 2237 2236
3 2669 2243 2237
3 2670 2243 2669
3 2138 2137 2451
3 2453 2138 2451
3 2141 2138 2453
3 2455 2141 2453
3 2143 2141 2455
3 2457 2143 2455
3 2145 2143 2457
3 2459 2145 2457
3 2147 2145 2459
3 2461 2147 2459
3 2149 2147 2461
3 2463 2149 2461
3 2151 2149 2463
3 2464 2151 2463
3 2153 2151 2464
3 2465 2153 2464
3 2155 2153 2465
3 2466 2155 2465
3 2156 2155 2466
3 2467 2156 2466
3 2158 2156 2467
3 2469 2158 2467
3 2670 2247 2243
3 2671 2247 2670
3 2671 2249 2247
3 2471 2162 2469
3 2672 2249 2671
3 2672 2251 2249
3 2252 2673 2253
3 2472 2167 2471
3 2169 2167 2472
3 2473 2169 2472
3 2171 2169 2473
3 2474 2171 2473
3 2173 2171 2474
3 2476 2173 2474
3 2175 2173 2476
3 2478 2175 2476
3 2177 2175 2478
3 2480 2177 2478
3 2179 2177 2480
3 2482 2179 2480
3 2181 2179 2482
3 2484 2181 2482
3 2182 2181 2484
3 2486 2182 2484
3 2184 2182 2486
3 2488 2184 2486
3 2490 2184 2488
3 2705 2673 2252
3 2705 2706 2673
3 2248 2214 2513
3 2214 2215 2514
3 2513 2214 2514
3 2215 2216 2515
3 2514 2215 2515
3 2216 2217 2516
3 2515 2216 2516
3 2217 2218 2517
3 2516 2217 2517
3 2218 2219 2497
3 2517 2218 2497
3 2219 2220 2498
3 2497 2219 2498
3 2673 2254 2253
3 2498 2220 2499
3 2675 2254 2673
3 2675 2255 2254
3 2676 2255 2675
3 2676 2256 2255
3 2677 2256 2676
3 2677 2257 2256
3 2678 2257 2677
3 2679 2282 2260
3 2238 2239 2504
3 2502 2238 2504
3 2239 2240 2539
3 2504 2239 2539
3 2240 2241 2540
3 2539 2240 2540
3 2241 2242 2541
3 2540 2241 2541
3 2242 2244 2542
3 2541 2242 2542
3 2679 2707 2282
3 2542 2244 2544
3 2244 2245 2544
3 2680 2262 1932
3 2680 1932 2713
3 2246 2248 2844
3 2248 2512 2844
3 2682 2251 2672
3 2682 2688 2263
3 2513 2512 2248
3 2251 2682 2263
3 2688 2266 2263
3 2689 2266 2688
3 2689 2268 2266
3 2693 2268 2689
3 2693 2269 2268
3 2695 2269 2693
3 2695 2271 2269
3 2715 2271 2695
3 2851 2517 2497
3 2715 2272 2271
3 2851 2497 2549
3 2497 2498 2549
3 2549 2498 2521
3 2498 2499 2521
3 2521 2499 2522
3 2499 2500 2522
3 2717 2272 2715
3 2224 2523 2500
3 2500 2523 2522
3 2224 2250 2524
3 2523 2224 2524
3 2717 2277 2272
3 2524 2250 2525
3 2717 2278 2277
3 2697 2278 2717
3 2697 2279 2278
3 2699 2279 2697
3 2699 2281 2279
3 2704 2281 2699
3 2705 2281 2704
3 2707 2723 2282
3 2723 2283 2282
3 2728 2713 1934
3 1934 2713 1932
3 1935 2283 2724
3 2724 2283 2723
3 1934 2284 2728
3 2258 2259 2533
3 2531 2258 2533
3 2731 1937 1935
3 2259 2501 2533
3 2533 2501 2534
3 2534 2501 2535
3 2501 2502 2535
3 2535 2502 2567
3 2724 2731 1935
3 2284 2737 2728
3 2537 2567 2504
3 2567 2502 2504
3 2539 2537 2504
3 2284 2287 2737
3 2741 2285 1937
3 2741 1937 2731
3 2289 2742 2737
3 2289 2737 2287
3 2741 2745 2285
3 2742 2292 2748
3 2289 2292 2742
3 2289 2287 2292
3 2290 2745 2743
3 2285 2745 2290
3 2757 2748 2295
3 2245 2261 2544
3 2261 2859 2544
3 2748 2292 2295
3 1665 2786 2295
3 2295 2786 2757
3 2548 2547 2264
3 2264 2844 2548
3 2246 2844 2264
3 2785 2847 2300
3 2300 2290 2785
3 2872 2549 2521
3 2290 2743 2785
3 2872 2521 2552
3 2521 2522 2552
3 2552 2522 2553
3 2522 2523 2553
3 2553 2523 2554
3 2523 2524 2554
3 2554 2524 2555
3 2524 2525 2555
3 2555 2525 2556
3 2525 2526 2556
3 2556 2526 2557
3 2526 2527 2557
3 2557 2527 2558
3 2527 2528 2558
3 2558 2528 2559
3 2528 2529 2559
3 2559 2529 2560
3 2529 2530 2560
3 2560 2530 2561
3 2530 2531 2561
3 2561 2531 2562
3 2786 1665 2302
3 2562 2531 2563
3 2531 2533 2563
3 2563 2533 2586
3 2533 2534 2586
3 2788 2786 2302
3 2565 2586 2535
3 2586 2534 2535
3 2567 2565 2535
3 2793 2788 2302
3 2306 2793 2302
3 2568 2261 2265
3 2859 2261 2568
3 2265 2569 2568
3 2306 2309 2793
3 2341 2350 2811
3 2547 2570 2267
3 2350 2812 2811
3 2264 2547 2267
3 2812 2351 2816
3 2351 2818 2816
3 2894 2552 2553
3 2818 2358 2822
3 2894 2553 2574
3 2553 2554 2574
3 2574 2554 2576
3 2554 2555 2576
3 2576 2555 2577
3 2555 2556 2577
3 2577 2556 2578
3 2556 2557 2578
3 2578 2557 2579
3 2557 2558 2579
3 2579 2558 2580
3 2558 2559 2580
3 2580 2559 2581
3 2559 2560 2581
3 2581 2560 2582
3 2560 2561 2582
3 2582 2561 2583
3 2561 2562 2583
3 2358 2360 2822
3 2584 2583 2563
3 2583 2562 2563
3 2586 2584 2563
3 2384 2387 2840
3 2305 2845 2840
3 2569 2265 2270
3 2387 2305 2840
3 2270 2588 2569
3 2845 2305 2847
3 2308 2309 2306
3 2310 2311 2308
3 2904 2273 2570
3 2273 2267 2570
3 2311 2309 2308
3 2574 2593 2894
3 2593 2574 2594
3 2574 2576 2594
3 2594 2576 2595
3 2576 2577 2595
3 2312 2316 2310
3 2577 2578 2595
3 2595 2578 2597
3 2578 2579 2597
3 2597 2579 2598
3 2579 2580 2598
3 2598 2580 2599
3 2580 2581 2599
3 2599 2581 2600
3 2581 2582 2600
3 2600 2582 2601
3 2582 2583 2601
3 2316 2311 2310
3 2584 2601 2583
3 1985 2320 2312
3 2617 2588 2274
3 2588 2270 2274
3 2320 2316 2312
3 2904 2606 2275
3 1987 2323 1985
3 2275 2273 2904
3 2323 2320 1985
3 2921 2609 2299
3 2593 2299 2609
3 1992 2338 1987
3 2593 2276 2299
3 2338 2323 1987
3 1994 2339 1992
3 2594 2276 2593
3 2280 2276 2594
3 2595 2280 2594
3 2339 2338 1992
3 1997 2341 1994
3 2341 2339 1994
3 2000 2350 1997
3 2350 2341 1997
3 2598 2286 2597
3 2288 2286 2598
3 2599 2288 2598
3 2291 2288 2599
3 2600 2291 2599
3 2003 2812 2000
3 2291 2600 2301
3 2301 2600 2601
3 2812 2350 2000
3 2613 2614 2601
3 2614 2301 2601
3 2614 2613 2625
3 2616 2617 2274
3 2005 2351 2003
3 2351 2812 2003
3 2020 2818 2005
3 2606 2618 2294
3 2275 2606 2294
3 2818 2351 2005
3 2023 2358 2020
3 2358 2818 2020
3 2025 2360 2023
3 2622 2621 2296
3 2621 2623 2296
3 2296 2623 2298
3 2298 2623 2921
3 2360 2358 2023
3 2028 2363 2025
3 2921 2299 2298
3 2363 2360 2025
3 2034 2366 2028
3 2366 2363 2028
3 2038 2368 2034
3 2368 2366 2034
3 2041 2371 2038
3 2371 2368 2038
3 2372 2373 2041
3 2614 2625 2303
3 2303 2625 2304
3 2304 2625 2923
3 2373 2371 2041
3 2317 2304 2629
3 2304 2923 2629
3 2376 2381 2372
3 2381 2373 2372
3 2382 2384 2376
3 2616 2630 2631
3 2617 2616 2631
3 2384 2381 2376
3 2294 2618 2644
3 2387 2384 2382
3 2325 2294 2644
3 2388 2855 2389
3 2855 2856 2389
3 2313 2635 2314
3 2314 2635 2636
3 2314 2636 2315
3 2315 2636 2637
3 2389 2856 2390
3 2621 2622 2637
3 2637 2622 2315
3 2856 2857 2390
3 2390 2857 2391
3 2317 2629 2638
3 2857 2858 2391
3 2317 2638 2318
3 2318 2638 2319
3 2319 2638 2639
3 2319 2639 2321
3 2321 2639 2641
3 2391 2858 2395
3 2858 2861 2395
3 2395 2861 2397
3 2643 2630 2324
3 2861 2442 2397
3 2631 2630 2643
3 2397 2442 2399
3 2442 2444 2399
3 2399 2444 2400
3 2325 2644 2645
3 2444 2446 2400
3 2664 2326 2645
3 2326 2325 2645
3 2326 2649 2327
3 2664 2649 2326
3 2400 2446 2401
3 2649 2650 2327
3 2650 2328 2327
3 2328 2650 2329
3 2329 2650 2651
3 2329 2651 2330
3 2330 2651 2652
3 2330 2652 2331
3 2331 2652 2653
3 2331 2653 2635
3 2313 2331 2635
3 2654 2332 2321
3 2641 2654 2321
3 2332 2654 2333
3 2333 2654 2655
3 2333 2655 2334
3 2334 2655 2656
3 2334 2656 2335
3 2335 2656 2657
3 2446 2449 2401
3 2666 2336 2657
3 2336 2335 2657
3 2336 2661 2337
3 2666 2661 2336
3 2401 2449 2403
3 2661 2662 2337
3 2662 2324 2337
3 2449 2450 2403
3 2403 2450 2452
3 2643 2324 2662
3 2452 2454 2406
3 2406 2454 2456
3 2456 2458 2407
3 2407 2458 2460
3 2460 2468 2409
3 2409 2468 2410
3 2468 2470 2410
3 2410 2470 2411
3 2470 2477 2411
3 2411 2477 2412
3 2477 2479 2412
3 2412 2479 2414
3 2479 2481 2414
3 2414 2481 2418
3 2481 2867 2418
3 2418 2867 2420
3 2867 2868 2420
3 2420 2868 2421
3 2868 2869 2421
3 2421 2869 2422
3 2681 2340 2683
3 2869 2873 2422
3 2668 2683 2343
3 2683 2340 2343
3 2344 2668 2343
3 2978 2668 2344
3 2422 2873 2423
3 2978 2344 2684
3 2344 2345 2684
3 2345 2346 2684
3 2346 2685 2684
3 2346 2347 2685
3 2347 2686 2685
3 2347 2348 2686
3 2348 2687 2686
3 2873 2876 2423
3 2348 2349 2687
3 2423 2876 2439
3 2883 2848 2485
3 2848 2441 2485
3 2352 2691 2690
3 2352 2353 2691
3 2353 2692 2691
3 2353 2354 2692
3 2354 2674 2692
3 2441 2848 2852
3 2388 2441 2852
3 2674 2354 2355
3 2357 2674 2355
3 2986 2674 2357
3 2855 2388 2852
3 2986 2357 2694
3 2357 2359 2694
3 2442 2861 2889
3 2444 2442 2891
3 2359 2696 2694
3 2891 2442 2889
3 2681 2698 2361
3 2895 2446 2444
3 2361 2340 2681
3 2895 2444 2891
3 2900 2446 2895
3 2687 2349 2700
3 2349 2364 2700
3 2364 2701 2700
3 2364 2365 2701
3 2365 2702 2701
3 2449 2446 2900
3 2487 2449 2900
3 2703 2702 2365
3 2450 2449 2487
3 2492 2450 2487
3 2708 2725 2370
3 2452 2450 2492
3 2493 2452 2492
3 2454 2452 2493
3 2494 2454 2493
3 2456 2454 2494
3 2374 2709 2708
3 2374 2690 2709
3 2495 2456 2494
3 2710 2696 2359
3 2458 2456 2495
3 2696 2710 2711
3 2496 2458 2495
3 2698 2712 2377
3 2361 2698 2377
3 2460 2458 2496
3 2503 2460 2496
3 2703 2714 2702
3 2468 2460 2503
3 2703 2378 2714
3 2378 3020 2714
3 2378 2379 3020
3 2379 2716 3020
3 2470 2468 2503
3 2505 2470 2503
3 2380 2716 2379
3 2477 2470 2505
3 2716 2380 2719
3 2479 2477 2505
3 2935 2479 2505
3 2481 2479 2906
3 2906 2479 2935
3 2867 2481 2906
3 2439 2876 2878
3 2722 2392 2393
3 2393 2394 2722
3 2394 3024 2722
3 2725 2394 2370
3 2878 2882 2483
3 2725 3024 2394
3 2439 2878 2483
3 2506 2483 2911
3 2483 2882 2911
3 2710 2726 2727
3 2711 2710 2727
3 2916 2485 2133
3 2377 2712 2729
3 2883 2485 2916
3 2396 2377 2729
3 2487 2900 2924
3 2492 2487 2925
3 3034 2716 2732
3 2716 2719 2732
3 2925 2487 2924
3 2383 2733 2719
3 2719 2733 2732
3 2383 2398 2734
3 2733 2383 2734
3 2398 2385 2735
3 2734 2398 2735
3 2493 2492 2926
3 2735 2385 2736
3 2926 2492 2925
3 2494 2493 2927
3 2736 2402 2738
3 2927 2493 2926
3 2495 2494 2929
3 2738 2402 2739
3 2929 2494 2927
3 2402 2720 2739
3 2739 2720 2740
3 2740 2392 3036
3 2496 2495 2930
3 2740 2720 2392
3 2392 2722 3036
3 2930 2495 2929
3 2744 2726 2404
3 2503 2496 2931
3 2727 2726 2744
3 2931 2496 2930
3 2911 2507 2506
3 2729 2746 2396
3 2746 2405 2396
3 2732 2747 3047
3 2915 2507 2911
3 2747 2732 2749
3 2732 2733 2749
3 2749 2733 2750
3 2733 2734 2750
3 2750 2734 2751
3 2734 2735 2751
3 2751 2735 2752
3 2735 2736 2752
3 2752 2736 2753
3 2139 2939 2133
3 2753 2736 2754
3 2736 2738 2754
3 2754 2738 2755
3 2738 2739 2755
3 2755 2739 2756
3 2739 2740 2756
3 2740 2776 2756
3 2133 2939 2916
3 2938 2508 2915
3 2744 2404 2758
3 2404 2408 2758
3 2915 2508 2507
3 2939 2139 2510
3 2746 2761 2405
3 2509 2939 2510
3 2405 2761 2413
3 2511 2508 2938
3 2764 3047 2766
3 2963 2511 2938
3 2509 2518 2983
3 3047 2747 2766
3 2747 2767 2766
3 2767 2747 2768
3 2747 2749 2768
3 2768 2749 2769
3 2749 2750 2769
3 2769 2750 2770
3 2750 2751 2770
3 2770 2751 2771
3 2751 2752 2771
3 2771 2752 2772
3 2752 2753 2772
3 2772 2753 2773
3 2753 2754 2773
3 2773 2754 2774
3 2754 2755 2774
3 2774 2755 2775
3 2755 2756 2775
3 2510 2518 2509
3 2776 2777 2756
3 2777 2775 2756
3 2963 2150 2511
3 2776 2779 2777
3 2150 2963 3022
3 2781 2408 2416
3 2518 2519 3007
3 2408 2781 2758
3 2983 2518 3007
3 2550 2551 2995
3 2761 2783 2413
3 2417 2783 2810
3 2413 2783 2417
3 2551 2564 2995
3 2787 3064 2789
3 2995 2564 2997
3 2564 2571 2997
3 3064 2764 2789
3 2764 2790 2789
3 2790 2764 2791
3 2764 2766 2791
3 2791 2766 2425
3 2766 2767 2425
3 2150 3022 2587
3 2767 2768 2425
3 2425 2768 2427
3 2768 2769 2427
3 2427 2769 2429
3 2769 2770 2429
3 2429 2770 2431
3 2770 2771 2431
3 2431 2771 2433
3 2771 2772 2433
3 2433 2772 2435
3 2772 2773 2435
3 2435 2773 2437
3 2773 2774 2437
3 2437 2774 2800
3 2774 2775 2800
3 2800 2775 2801
3 2775 2777 2801
3 2801 2777 2802
3 2777 2779 2802
3 2519 3023 3007
3 2803 2804 2779
3 2804 2802 2779
3 2519 2590 3023
3 2803 2806 2804
3 3008 3030 2603
3 3102 2416 2415
3 2809 2416 3102
3 2416 2809 2781
3 2520 3009 3008
3 2603 2520 3008
3 3009 2520 2532
3 2417 2810 2419
3 3010 3009 2532
3 3010 2532 2536
3 3014 3010 2536
3 2538 3014 2536
3 2984 3014 2538
3 2543 2545 2538
3 2545 2984 2538
3 2546 2550 2543
3 2550 2545 2543
3 2551 2550 2546
3 2566 2571 2564
3 2572 2571 2566
3 2820 3088 2823
3 3015 2572 2573
3 2571 2572 3015
3 3088 2787 2823
3 2787 2824 2823
3 3015 2573 2575
3 2787 2789 2824
3 2824 2789 2462
3 2789 2790 2462
3 3016 3015 2575
3 2464 2462 2791
3 2791 2462 2790
3 2424 2464 2791
3 2425 2424 2791
3 3016 2575 2585
3 3019 3016 2585
3 3021 3019 2585
3 2604 3021 2585
3 3021 2604 3032
3 3042 2587 3022
3 2589 2587 3042
3 3026 2591 2592
3 3028 3026 2592
3 3028 2592 2596
3 3029 3028 2596
3 3029 2596 2602
3 3030 3029 2602
3 2603 3030 2602
3 3032 2604 2605
3 2800 2440 2437
3 2443 2440 2800
3 2801 2443 2800
3 3035 3032 2605
3 2443 2801 2475
3 2475 2801 2802
3 2475 2802 2828
3 2802 2804 2828
3 2828 2804 2829
3 2804 2806 2829
3 3035 2605 2607
3 2830 2831 2806
3 2831 2829 2806
3 3038 3035 2607
3 2830 2832 2831
3 3038 2607 2620
3 3059 3038 2620
3 2589 3077 2608
3 2589 3042 3077
3 2610 3048 2590
3 3048 2180 3053
3 2610 2180 3048
3 3053 2180 2611
3 3055 3053 2611
3 3055 2611 2612
3 2841 2842 2445
3 2445 2842 2415
3 2415 2842 3102
3 3056 3055 2612
3 3056 2612 2615
3 2447 2419 2813
3 2448 2447 2813
3 2815 2448 2813
3 2451 2448 2815
3 2817 2451 2815
3 2453 2451 2817
3 2819 2453 2817
3 2455 2453 2819
3 2820 2455 2819
3 2457 2455 2820
3 2823 2457 2820
3 2459 2457 2823
3 2824 2459 2823
3 3057 3056 2615
3 3057 2615 2619
3 3058 3057 2619
3 2619 2591 3058
3 2591 3026 3058
3 3061 3059 2624
3 3059 2620 2624
3 3061 2624 2626
3 3065 3061 2626
3 2829 2480 2828
3 2482 2480 2829
3 2831 2482 2829
3 2484 2482 2831
3 2832 2484 2831
3 2486 2484 2832
3 2835 2486 2832
3 2488 2486 2835
3 2837 2488 2835
3 2489 2488 2837
3 2839 2489 2837
3 2491 2489 2839
3 2841 2491 2839
3 2491 2841 2445
3 3065 2626 2627
3 2844 2512 2863
3 3069 3065 2627
3 2512 2513 2864
3 2863 2512 2864
3 2513 2514 2865
3 2864 2513 2865
3 2514 2515 2866
3 2865 2514 2866
3 2515 2516 2849
3 2866 2515 2849
3 2516 2517 2850
3 2849 2516 2850
3 3069 2627 2628
3 2850 2517 2851
3 3071 3069 2628
3 3071 2628 2632
3 2537 2539 2853
3 3076 3071 2632
3 2539 2540 2854
3 2853 2539 2854
3 2540 2541 2879
3 2854 2540 2879
3 2541 2542 2880
3 2879 2541 2880
3 2542 2544 2881
3 2880 2542 2881
3 2608 3076 2632
3 2881 2544 2859
3 3077 3076 2608
3 2663 3083 2665
3 2633 3083 3085
3 2860 2547 2548
3 2667 3083 2633
3 2667 2665 3083
3 2844 2862 2548
3 2862 2860 2548
3 2863 2862 2844
3 3085 2634 2633
3 3089 2634 3085
3 3089 2640 2634
3 3093 2640 3089
3 3093 2642 2640
3 3095 2642 3093
3 3095 2646 2642
3 3097 2646 3095
3 3110 2866 2849
3 2236 2646 3115
3 3110 2849 2888
3 2849 2850 2888
3 2888 2850 2870
3 2850 2851 2870
3 2851 2549 2871
3 2646 3097 3115
3 2851 2871 2870
3 3130 3099 2678
3 2871 2549 2872
3 3099 2647 2678
3 3099 2648 2647
3 2565 2567 2874
3 3103 2648 3099
3 3103 2658 2648
3 2567 2537 2874
3 2874 2537 2875
3 2875 2537 2901
3 2537 2853 2901
3 3104 2658 3103
3 2877 2901 2854
3 2901 2853 2854
3 2879 2877 2854
3 3104 2659 2658
3 3105 2659 3104
3 3105 2660 2659
3 3106 2660 3105
3 3107 2660 3106
3 2679 2660 3107
3 2679 3107 3111
3 2663 2680 3133
3 2680 2663 2665
3 3115 2669 2236
3 3116 2669 3115
3 2568 2884 2859
3 3116 2670 2669
3 2568 2569 2884
3 2905 2570 2547
3 2887 2905 2547
3 2547 2860 2887
3 3117 2670 3116
3 3117 2671 2670
3 3119 2671 3117
3 3129 2888 2870
3 3119 2672 2671
3 3129 2870 2890
3 2870 2871 2890
3 2890 2871 2892
3 2871 2872 2892
3 2673 3143 2675
3 2552 2893 2872
3 2872 2893 2892
3 2706 3143 2673
3 2893 2552 2894
3 3143 2676 2675
3 3124 2676 3143
3 2584 2586 2896
3 3124 2677 2676
3 3125 2677 3124
3 2586 2565 2896
3 2896 2565 2897
3 2897 2565 2898
3 2565 2874 2898
3 3125 2678 2677
3 2899 2898 2875
3 2898 2874 2875
3 2901 2899 2875
3 3130 2678 3125
3 2679 3111 2707
3 3111 3144 2707
3 2884 2569 2902
3 2588 2903 2902
3 2569 2588 2902
3 3133 2713 3160
3 2680 2713 3133
3 3134 2672 3119
3 2570 2905 2904
3 2890 3149 3129
3 3134 3135 2682
3 3149 2890 2907
3 2890 2892 2907
3 2907 2892 2609
3 2892 2893 2609
3 2672 3134 2682
3 2893 2894 2609
3 3135 2688 2682
3 2593 2609 2894
3 3141 2688 3135
3 2613 2601 2584
3 2613 2584 2912
3 2584 2896 2912
3 2912 2896 2913
3 2896 2897 2913
3 3141 2689 2688
3 2914 2913 2898
3 2913 2897 2898
3 2898 2899 2914
3 2903 2588 2617
3 3145 2689 3141
3 2617 2917 2903
3 3145 2693 2689
3 2606 2904 2928
3 3147 2693 3145
3 3149 2623 3164
3 2907 2623 3149
3 2623 2907 2921
3 2907 2609 2921
3 2693 3147 2695
3 2695 3147 2715
3 2717 2718 2697
3 2718 3151 2697
3 2697 3151 2699
3 3151 2721 2699
3 2699 3154 2704
3 2625 2613 2912
3 2625 2912 2923
3 2912 2913 2923
3 2913 2933 2923
3 2914 2933 2913
3 2721 3154 2699
3 3170 2917 2617
3 3154 2705 2704
3 3157 2705 3154
3 2940 2618 2928
3 2618 2606 2928
3 2706 2705 3157
3 2723 3144 3159
3 2707 3144 2723
3 3162 3164 2621
3 2713 2728 3160
3 2715 3147 3150
3 3164 2623 2621
3 2717 2715 3167
3 3167 2715 3150
3 2718 2717 3167
3 2723 3175 2724
3 3159 3175 2723
3 2728 2730 3160
3 3197 2731 2724
3 3197 2724 3175
3 2923 2933 2629
3 2728 2737 3200
3 2730 2728 3200
3 2629 2933 2936
3 3239 2741 2731
3 3197 3239 2731
3 3179 3170 2631
3 3170 2617 2631
3 2737 2742 3200
3 3279 2745 3239
3 3239 2745 2741
3 2940 2941 2618
3 2941 2644 2618
3 3281 2742 2748
3 2943 2635 2942
3 2635 2943 2636
3 2636 2943 2944
3 3250 2759 3254
3 3162 2637 2944
3 2944 2637 2636
3 2637 3162 2621
3 2638 2629 2936
3 2759 2760 3254
3 2936 2945 2638
3 2638 2945 2639
3 2639 2945 2641
3 3254 2760 3256
3 2760 2762 3256
3 3256 2762 3258
3 2762 2763 3258
3 3179 2631 3186
3 2631 2643 3186
3 3258 2763 3264
3 2763 2765 3264
3 2941 3190 2644
3 3264 2765 3265
3 2966 2645 3190
3 2645 2644 3190
3 2645 2966 2664
3 2649 2954 2650
3 2765 2778 3265
3 2954 2955 2650
3 2955 2651 2650
3 2651 2955 2652
3 2652 2955 2956
3 2652 2956 2653
3 2653 2956 2942
3 3265 2778 3269
3 2635 2653 2942
3 2958 2654 2641
3 2778 2780 3269
3 2654 2958 2655
3 2655 2958 2959
3 2655 2959 2656
3 2656 2959 2960
3 3269 2780 3271
3 2970 2657 2960
3 2657 2656 2960
3 2657 2970 2666
3 2780 2782 3271
3 3278 2743 2745
3 3279 3278 2745
3 3199 2643 2662
3 2643 3199 3186
3 3284 3281 2757
3 3281 2748 2757
3 3289 3284 2757
3 2786 3289 2757
3 2664 2966 2967
3 2664 2967 2649
3 2649 2967 2954
3 2786 2792 3289
3 2797 2798 3311
3 2798 2799 3311
3 3311 2799 3313
3 2799 2805 3250
3 3313 2799 3250
3 2807 3250 2805
3 2666 2970 2971
3 2666 2971 2661
3 2661 2971 2972
3 2808 3250 2807
3 2662 2661 2973
3 2973 2661 2972
3 2662 2973 3199
3 2759 3250 2808
3 2811 2759 2808
3 2760 2759 2811
3 2975 2668 2977
3 2668 2978 2977
3 2814 2760 2811
3 2762 2760 2814
3 2816 2762 2814
3 2763 2762 2816
3 2821 2763 2816
3 2765 2763 2821
3 2822 2765 2821
3 2778 2765 2822
3 2825 2778 2822
3 2674 2986 2985
3 2780 2778 2825
3 2826 2780 2825
3 2782 2780 2826
3 2827 2782 2826
3 2784 2782 2827
3 2784 2827 2833
3 3213 2990 2681
3 3213 2683 2975
3 2784 2833 3315
3 3213 2681 2683
3 2683 2668 2975
3 2684 2980 2978
3 2833 3318 3315
3 2980 2684 2992
3 2684 2685 2992
3 2685 2686 2992
3 2686 2993 2992
3 2686 2687 2993
3 2687 2994 2993
3 2846 2847 3328
3 2785 3330 3328
3 2847 2785 3328
3 2785 2743 3330
3 2690 2691 2996
3 2691 2998 2996
3 2691 2692 2998
3 2692 2999 2998
3 2743 3278 3330
3 2788 2792 2786
3 2999 2692 2674
3 2793 2794 2788
3 2694 2988 2986
3 2988 3000 3226
3 2988 2694 3000
3 2694 2696 3000
3 2696 3240 3000
3 2794 2792 2788
3 2309 2795 2793
3 2795 2794 2793
3 3003 2698 2990
3 2698 2681 2990
3 3005 2687 2700
3 2994 2687 3005
3 2700 2701 3005
3 2701 3006 3005
3 2311 2796 2309
3 2796 2795 2309
3 2702 3006 2701
3 2316 2797 2311
3 2797 2796 2311
3 2320 2798 2316
3 3027 2708 3011
3 2798 2797 2316
3 2708 2709 3011
3 2709 3012 3011
3 2709 2996 3012
3 2690 2996 2709
3 2323 2799 2320
3 3013 3240 2711
3 3240 2696 2711
3 2799 2798 2320
3 2338 2805 2323
3 3017 2698 3003
3 2805 2799 2323
3 3017 2712 2698
3 2339 2807 2338
3 2702 3018 3006
3 2702 2714 3018
3 2714 3255 3018
3 2807 2805 2338
3 2341 2808 2339
3 3020 3255 2714
3 2808 2807 2339
3 2811 2808 2341
3 2812 2814 2811
3 2816 2814 2812
3 2818 2821 2816
3 2822 2821 2818
3 2360 2825 2822
3 2363 2826 2360
3 3025 3024 2725
3 3027 2725 2708
3 2826 2825 2360
3 3027 3025 2725
3 2366 2827 2363
3 2827 2826 2363
3 3013 2711 3260
3 2711 2727 3260
3 2368 2833 2366
3 2729 2712 3040
3 3040 2712 3017
3 3255 3031 3268
3 3020 3031 3255
3 3031 3020 3033
3 2833 2827 2366
3 2371 3318 2368
3 2716 3034 3020
3 3020 3034 3033
3 3318 2833 2368
3 2373 2834 2371
3 2834 3318 2371
3 2381 2836 2373
3 2836 2834 2373
3 3036 2722 3037
3 2722 3024 3037
3 3024 3051 3037
3 3025 3051 3024
3 2744 3039 2727
3 3039 3260 2727
3 2384 2838 2381
3 2838 2836 2381
3 2746 3040 3041
3 2729 3040 2746
3 3267 3268 3044
3 2840 2843 2384
3 3268 3031 3044
3 3031 3045 3044
3 3045 3031 3046
3 3031 3033 3046
3 3046 3033 3047
3 3033 3034 3047
3 3047 3034 2732
3 2843 2838 2384
3 2776 2740 3036
3 2845 2846 2840
3 2776 3036 3049
3 2846 2843 2840
3 3049 3036 3050
3 3036 3037 3050
3 2847 2846 2845
3 3051 3052 3037
3 3052 3050 3037
3 3052 3051 3067
3 3054 2744 2758
3 3338 2848 2883
3 2744 3054 3039
3 2848 3338 2852
3 3041 2761 2746
3 3338 3339 2852
3 2761 3041 3074
3 2852 3339 2855
3 3339 3343 2855
3 3060 3267 3062
3 2855 3343 2856
3 3343 3345 2856
3 3267 3044 3062
3 3044 3063 3062
3 3063 3044 3064
3 3044 3045 3064
3 2856 3345 2857
3 2764 3064 3046
3 3046 3064 3045
3 3047 2764 3046
3 3345 3346 2857
3 2857 3346 2858
3 3346 2885 2858
3 2858 2885 2861
3 3049 2779 2776
3 2803 2779 3049
3 2885 2886 2861
3 2803 3049 3050
3 2803 3050 3066
3 3050 3052 3066
3 2861 2886 2889
3 3067 3068 3052
3 3068 3066 3052
3 2906 2908 2867
3 3067 3070 3068
3 2867 2908 2868
3 2908 2909 2868
3 3073 2781 3072
3 2781 3073 3054
3 2758 2781 3054
3 3074 2783 2761
3 2868 2909 2869
3 2909 2910 2869
3 2810 2783 3075
3 2783 3074 3075
3 2869 2910 2873
3 3075 3078 2810
3 2910 3351 2873
3 2873 3351 2876
3 3351 3352 2876
3 2876 3352 2878
3 3352 3353 2878
3 2878 3353 2882
3 3084 3306 3086
3 3353 3355 2882
3 3355 2911 2882
3 3306 3060 3086
3 3060 3087 3086
3 3087 3060 3088
3 3060 3062 3088
3 3333 2883 2916
3 2787 3088 3063
3 3063 3088 3062
3 3064 2787 3063
3 2883 3333 3338
3 2885 3346 3347
3 3367 2886 2885
3 3347 3367 2885
3 3066 2806 2803
3 2830 2806 3066
3 2918 2886 3367
3 2830 3066 3068
3 2830 3068 3090
3 3068 3070 3090
3 2889 2886 2918
3 3091 3092 3070
3 3092 3090 3070
3 2919 2889 2918
3 3091 3094 3092
3 2891 2889 2919
3 2920 2891 2919
3 2895 2891 2920
3 2895 2920 2900
3 2920 2922 2900
3 2900 2922 2924
3 3100 3101 3102
3 2931 2932 2503
3 2503 2932 2505
3 3102 3101 2809
3 3101 3072 2809
3 2932 2934 2505
3 2781 2809 3072
3 2505 2934 2935
3 2906 2935 2937
3 3078 2419 2810
3 2813 2419 3078
3 3080 2813 3078
3 2815 2813 3080
3 3082 2815 3080
3 2817 2815 3082
3 3084 2817 3082
3 2819 2817 3084
3 3086 2819 3084
3 2820 2819 3086
3 3087 2820 3086
3 3088 2820 3087
3 3372 2906 2937
3 2908 2906 3372
3 2909 2908 3372
3 3391 2909 3372
3 3090 2832 2830
3 2835 2832 3090
3 3092 2835 3090
3 2837 2835 3092
3 3094 2837 3092
3 2839 2837 3094
3 3096 2839 3094
3 2841 2839 3096
3 3098 2841 3096
3 2842 2841 3098
3 3100 2842 3098
3 3102 2842 3100
3 2910 2909 3374
3 3374 2909 3391
3 3351 2910 3374
3 2860 2862 3121
3 3120 2860 3121
3 2862 2863 3122
3 3121 2862 3122
3 2863 2864 3123
3 3122 2863 3123
3 2864 2865 3108
3 3123 2864 3108
3 2865 2866 3109
3 3108 2865 3109
3 3355 3356 2911
3 3109 2866 3110
3 3356 2915 2911
3 3357 2915 3356
3 2877 2879 3112
3 3379 3359 2939
3 2879 2880 3113
3 3112 2879 3113
3 2880 2881 3136
3 3113 2880 3136
3 2881 2859 3137
3 3136 2881 3137
3 2939 3359 2916
3 3137 2859 3138
3 2916 3359 3333
3 3138 2859 2884
3 2918 3367 3369
3 3118 2905 2887
3 3384 2919 2918
3 3120 2887 2860
3 3369 3384 2918
3 3120 3118 2887
3 2946 2919 3384
3 2920 2919 2946
3 2947 2920 2946
3 2922 2920 2947
3 2948 2922 2947
3 2924 2922 2948
3 2949 2924 2948
3 3325 3123 3108
3 2925 2924 2949
3 3325 3108 3126
3 3108 3109 3126
3 3126 3109 3127
3 3109 3110 3127
3 3110 2888 3128
3 2950 2925 2949
3 3110 3128 3127
3 2926 2925 2950
3 3128 2888 3129
3 2951 2926 2950
3 2927 2926 2951
3 2899 2901 3131
3 2952 2927 2951
3 2929 2927 2952
3 2901 2877 3131
3 3131 2877 3132
3 3132 2877 3155
3 2877 3112 3155
3 3155 3113 3326
3 2953 2929 2952
3 3155 3112 3113
3 3136 3326 3113
3 2930 2929 2953
3 2957 2930 2953
3 2931 2930 2957
3 2961 2931 2957
3 2932 2931 2961
3 2962 2932 2961
3 3139 3138 2884
3 2934 2932 2962
3 2884 2902 3139
3 2902 3140 3139
3 3385 2934 2962
3 2902 2903 3140
3 3142 2904 2905
3 2935 2934 3385
3 2905 3118 3142
3 2937 2935 3385
3 3388 2937 3385
3 3372 2937 3388
3 3342 3126 3127
3 3378 2938 3357
3 3342 3127 3146
3 3127 3128 3146
3 3146 3128 3148
3 3128 3129 3148
3 3357 2938 2915
3 2938 3378 3392
3 3129 3149 3148
3 3394 3379 2509
3 2509 3379 2939
3 2946 3384 3398
3 2964 2947 2946
3 3398 2964 2946
3 2914 2899 3152
3 2899 3131 3152
3 2965 2947 2964
3 3153 3152 3132
3 3152 3131 3132
3 3155 3153 3132
3 2948 2947 2965
3 2968 2948 2965
3 2949 2948 2968
3 3140 2903 3156
3 2969 2949 2968
3 2903 2917 3156
3 2950 2949 2969
3 2928 3142 3158
3 2974 2950 2969
3 2928 2904 3142
3 3146 3360 3342
3 2951 2950 2974
3 3360 3146 3162
3 3146 3148 3162
3 3162 3148 3164
3 3148 3149 3164
3 2976 2951 2974
3 2952 2951 2976
3 2979 2952 2976
3 2953 2952 2979
3 2933 2914 3166
3 2981 2953 2979
3 2957 2953 2981
3 3362 3166 3152
3 3166 2914 3152
3 3152 3153 3362
3 2982 2957 2981
3 3169 3156 3170
3 3156 2917 3170
3 2961 2957 2982
3 2962 2961 2982
3 2928 3158 2940
3 2940 3158 3172
3 3399 2962 2982
3 3385 2962 3399
3 3392 2963 2938
3 2963 3392 3417
3 3394 2509 2983
3 3162 2944 3360
3 3424 3394 2983
3 3398 3428 2964
3 2987 2964 3428
3 2965 2964 2987
3 2989 2965 2987
3 3166 2936 2933
3 3166 3362 3178
3 2936 3166 3178
3 2968 2965 2989
3 2991 2968 2989
3 2969 2968 2991
3 2995 2969 2991
3 2974 2969 2995
3 3170 3179 3169
3 2997 2974 2995
3 2976 2974 2997
3 2941 2940 3375
3 3375 2940 3172
3 3001 2976 2997
3 3182 2943 2942
3 3183 2943 3182
3 2979 2976 3001
3 3002 2979 3001
3 3183 2944 2943
3 2981 2979 3002
3 2945 2936 3178
3 3004 2981 3002
3 3178 3184 2945
3 2945 3184 2641
3 2958 3184 3195
3 2641 3184 2958
3 2982 2981 3004
3 3179 3186 3187
3 2982 3004 3399
3 3022 2963 3417
3 2941 3375 3189
3 3680 3022 3417
3 2941 3189 3190
3 3424 3007 3434
3 3007 3424 2983
3 3427 3437 3010
3 3010 3014 3428
3 3427 3010 3428
3 3014 2987 3428
3 2956 2955 3193
3 2956 3193 2942
3 2942 3193 3182
3 2984 2987 3014
3 2545 2989 2984
3 2989 2987 2984
3 2550 2991 2545
3 2958 3195 2959
3 2959 3195 3196
3 2959 3196 2960
3 2960 3196 3198
3 2991 2989 2545
3 2960 3198 2970
3 2995 2991 2550
3 2571 3001 2997
3 3199 3393 3186
3 3002 3001 2571
3 3002 3015 3004
3 3186 3393 3187
3 3190 3189 3202
3 2571 3015 3002
3 3190 3202 2966
3 2966 3202 3203
3 2966 3203 2967
3 2967 3203 3205
3 2967 3205 2954
3 3004 3015 3016
3 3004 3016 3429
3 2954 3205 3206
3 2954 3206 2955
3 3429 3016 3438
3 3680 3447 3022
3 3198 3207 2970
3 2970 3207 2971
3 2971 3207 3208
3 2971 3208 2972
3 2972 3208 3209
3 2972 3209 2973
3 2973 3209 3210
3 3434 3007 3448
3 3199 2973 3211
3 3211 2973 3210
3 3199 3211 3393
3 3409 3213 3214
3 3007 3023 3448
3 3213 2975 3214
3 3214 2975 3215
3 2975 2977 3215
3 2977 3216 3215
3 2977 2978 3216
3 2978 3217 3216
3 2978 2980 3217
3 2980 3218 3217
3 2980 3219 3218
3 3435 3452 3030
3 3008 3436 3435
3 3030 3008 3435
3 2674 2985 3221
3 2985 3222 3221
3 2985 2986 3222
3 2986 3223 3222
3 2986 2988 3223
3 2988 3224 3223
3 3436 3008 3009
3 3437 3436 3009
3 2988 3226 3224
3 3010 3437 3009
3 3228 2990 3409
3 3438 3016 3019
3 2990 3213 3409
3 3438 3019 3021
3 3442 3438 3021
3 3445 3442 3021
3 3219 2980 2992
3 3032 3445 3021
3 2992 2993 3219
3 2993 3232 3219
3 2993 2994 3232
3 2994 3618 3232
3 3445 3032 3453
3 3022 3447 3042
3 3447 3459 3042
3 3448 3023 3043
3 2996 2998 3235
3 2998 3237 3235
3 2998 2999 3237
3 2999 3221 3237
3 3043 3023 2590
3 2674 3221 2999
3 3471 3026 3449
3 3449 3026 3028
3 3000 3423 3226
3 3000 3240 3423
3 3450 3449 3028
3 3240 3241 3423
3 3003 2990 3228
3 3450 3028 3029
3 3003 3228 3242
3 3452 3450 3029
3 3243 2994 3005
3 3618 2994 3243
3 3030 3452 3029
3 3245 3243 3006
3 3006 3243 3005
3 3453 3032 3035
3 3027 3011 3259
3 3453 3035 3038
3 3259 3011 3248
3 3248 3011 3012
3 3012 3235 3248
3 2996 3235 3012
3 3457 3453 3038
3 3457 3038 3059
3 3240 3013 3241
3 3241 3013 3249
3 3458 3457 3059
3 3017 3003 3262
3 3262 3003 3242
3 3059 3061 3458
3 3077 3042 3479
3 3252 3253 3266
3 3245 3253 3252
3 3245 3018 3253
3 3245 3006 3018
3 3042 3459 3479
3 3253 3018 3255
3 3043 2590 3461
3 3461 2590 3048
3 3025 3027 3257
3 3079 3461 3048
3 3048 3053 3079
3 3257 3259 3287
3 3257 3027 3259
3 3079 3053 3081
3 3053 3055 3464
3 3081 3053 3464
3 3081 3464 3484
3 3260 3261 3013
3 3013 3261 3249
3 3464 3055 3056
3 3467 3464 3056
3 3262 3263 3017
3 3263 3040 3017
3 3467 3056 3057
3 3468 3467 3057
3 3468 3057 3058
3 3253 3267 3266
3 3267 3253 3268
3 3253 3255 3268
3 3471 3468 3058
3 3058 3026 3471
3 3473 3061 3065
3 3473 3065 3069
3 3051 3025 3270
3 3025 3257 3270
3 3475 3473 3069
3 3287 3272 3257
3 3272 3270 3257
3 3475 3069 3071
3 3260 3293 3261
3 3487 3475 3071
3 3260 3039 3293
3 3487 3071 3076
3 3487 3076 3727
3 3076 3077 3477
3 3041 3263 3294
3 3040 3263 3041
3 3727 3076 3477
3 3280 3463 3282
3 3077 3479 3477
3 3081 3484 3079
3 3463 3266 3282
3 3266 3283 3282
3 3283 3266 3267
3 2663 3114 3494
3 3083 2663 3494
3 3734 3083 3494
3 3085 3083 3734
3 3495 3089 3085
3 3734 3495 3085
3 3495 3093 3089
3 3496 3093 3495
3 3067 3051 3270
3 3067 3270 3286
3 3270 3272 3286
3 3496 3095 3093
3 3287 3288 3272
3 3288 3286 3272
3 3497 3095 3496
3 3287 3291 3288
3 3497 3097 3095
3 3498 3097 3497
3 3293 3054 3292
3 3115 3097 3515
3 3039 3054 3293
3 3097 3498 3515
3 3778 3499 3130
3 3499 3099 3130
3 3074 3041 3295
3 3041 3294 3295
3 3499 3103 3099
3 3295 3298 3074
3 3504 3103 3499
3 3504 3104 3103
3 3505 3104 3504
3 3505 3105 3104
3 3302 3303 3304
3 3507 3105 3505
3 3280 3304 3303
3 3106 3105 3507
3 3280 3305 3304
3 3305 3280 3306
3 3280 3282 3306
3 3107 3106 3491
3 3060 3306 3283
3 3283 3306 3282
3 3267 3060 3283
3 3491 3106 3507
3 3509 3111 3107
3 3491 3509 3107
3 3514 3111 3509
3 3286 3070 3067
3 3091 3070 3286
3 3114 3133 3523
3 3091 3286 3288
3 3091 3288 3308
3 3288 3291 3308
3 3133 3114 2663
3 3309 3310 3291
3 3310 3308 3291
3 3515 3116 3115
3 3309 3312 3310
3 3519 3116 3515
3 3519 3117 3116
3 3526 3117 3519
3 3526 3119 3117
3 3143 3521 3124
3 3143 3532 3521
3 3317 3073 3072
3 3521 3125 3124
3 3317 3292 3073
3 3522 3125 3521
3 3054 3073 3292
3 3522 3130 3125
3 3778 3130 3522
3 3298 3075 3074
3 3078 3075 3298
3 3300 3078 3298
3 3080 3078 3300
3 3302 3080 3300
3 3082 3080 3302
3 3304 3082 3302
3 3084 3082 3304
3 3305 3084 3304
3 3306 3084 3305
3 3144 3111 3514
3 3514 3533 3144
3 3523 3133 3536
3 3133 3160 3536
3 3308 3094 3091
3 3096 3094 3308
3 3310 3096 3308
3 3098 3096 3310
3 3312 3098 3310
3 3100 3098 3312
3 3314 3100 3312
3 3101 3100 3314
3 3316 3101 3314
3 3072 3101 3316
3 3317 3072 3316
3 3528 3119 3526
3 3528 3529 3134
3 3118 3120 3335
3 3334 3118 3335
3 3120 3121 3336
3 3335 3120 3336
3 3121 3122 3337
3 3336 3121 3337
3 3122 3123 3324
3 3337 3122 3324
3 3119 3528 3134
3 3324 3123 3325
3 3529 3135 3134
3 3530 3135 3529
3 3326 3136 3327
3 3530 3141 3135
3 3136 3137 3348
3 3327 3136 3348
3 3137 3138 3349
3 3348 3137 3349
3 3138 3139 3350
3 3349 3138 3350
3 3139 3140 3331
3 3350 3139 3331
3 3157 3539 2706
3 3541 2706 3539
3 2706 3541 3532
3 3334 3142 3118
3 3143 2706 3532
3 3334 3332 3142
3 3144 3533 3159
3 3533 3542 3159
3 3536 3160 3543
3 3561 3141 3530
3 3548 3145 3141
3 3548 3141 3561
3 3161 3145 3548
3 3501 3337 3324
3 3147 3145 3161
3 3501 3324 3340
3 3324 3325 3340
3 3161 3163 3147
3 3126 3341 3325
3 3325 3341 3340
3 3147 3163 3150
3 3341 3126 3342
3 3163 3165 3150
3 3150 3165 3167
3 3153 3155 3344
3 3167 3168 2718
3 2718 3168 3151
3 3155 3326 3344
3 3344 3326 3365
3 3365 3327 3502
3 3168 3171 3151
3 3365 3326 3327
3 3348 3502 3327
3 3151 3171 2721
3 3171 3173 2721
3 3154 3173 3174
3 2721 3173 3154
3 3157 3154 3174
3 3538 3157 3174
3 3538 3174 3551
3 3539 3157 3538
3 3140 3156 3331
3 3156 3527 3331
3 3175 3159 3557
3 3159 3542 3557
3 3160 2730 3558
3 3543 3160 3558
3 3158 3332 3354
3 3142 3332 3158
3 3548 3561 3176
3 3177 3548 3176
3 3518 3340 3341
3 3161 3548 3177
3 3518 3341 3358
3 3341 3342 3358
3 3180 3161 3177
3 3163 3161 3180
3 3342 3360 3358
3 3181 3163 3180
3 3165 3163 3181
3 3185 3165 3181
3 3167 3165 3185
3 3188 3167 3185
3 3168 3167 3188
3 3363 3362 3344
3 3362 3153 3344
3 3365 3363 3344
3 3191 3168 3188
3 3171 3168 3191
3 3366 3156 3169
3 3527 3156 3366
3 3192 3171 3191
3 3173 3171 3192
3 3172 3158 3368
3 3368 3158 3354
3 3194 3173 3192
3 3358 3370 3518
3 3360 2944 3370
3 3174 3173 3194
3 3360 3370 3358
3 3174 3194 3551
3 3551 3194 3565
3 3573 3197 3175
3 3178 3362 3371
3 3557 3573 3175
3 3577 3558 2730
3 3363 3371 3362
3 3179 3373 3169
3 3373 3366 3169
3 3200 3577 2730
3 3375 3368 3376
3 3201 3204 3560
3 3375 3172 3368
3 3560 3204 3561
3 3183 3182 3370
3 3182 3545 3370
3 3183 3370 2944
3 3184 3178 3371
3 3371 3195 3184
3 3204 3212 3176
3 3371 3547 3195
3 3561 3204 3176
3 3381 3373 3187
3 3373 3179 3187
3 3220 3176 3212
3 3177 3176 3220
3 3375 3383 3189
3 3225 3177 3220
3 3180 3177 3225
3 3227 3180 3225
3 3181 3180 3227
3 3229 3181 3227
3 3185 3181 3229
3 2955 3386 3193
3 3193 3386 3387
3 3193 3387 3182
3 3182 3387 3545
3 3230 3185 3229
3 3188 3185 3230
3 3231 3188 3230
3 3191 3188 3231
3 3195 3547 3196
3 3196 3547 3390
3 3196 3390 3198
3 3198 3390 3570
3 3233 3191 3231
3 3192 3191 3233
3 3234 3192 3233
3 3194 3192 3234
3 3393 3407 3381
3 3393 3381 3187
3 3194 3234 3236
3 3565 3194 3236
3 3236 3238 3565
3 3569 3239 3197
3 3189 3383 3202
3 3202 3383 3397
3 3202 3397 3203
3 3203 3397 3564
3 3203 3564 3205
3 3197 3573 3569
3 3578 3577 3200
3 2742 3591 3200
3 3205 3400 3206
3 3206 3400 3401
3 3206 3401 3386
3 2955 3206 3386
3 3402 3207 3198
3 3570 3402 3198
3 3207 3402 3208
3 3208 3402 3403
3 3208 3403 3209
3 3209 3403 3404
3 3209 3404 3210
3 3210 3404 3405
3 3210 3405 3211
3 3211 3405 3576
3 3200 3591 3578
3 3393 3211 3407
3 3407 3211 3576
3 3582 3244 3584
3 3244 3246 3201
3 3584 3244 3201
3 3409 3214 3410
3 3410 3214 3411
3 3214 3215 3411
3 3215 3412 3411
3 3215 3216 3412
3 3216 3413 3412
3 3216 3217 3413
3 3217 3414 3413
3 3217 3218 3414
3 3218 3415 3414
3 3219 3430 3415
3 3218 3219 3415
3 3584 3201 3560
3 3418 3621 3221
3 3221 3222 3418
3 3222 3419 3418
3 3222 3223 3419
3 3223 3420 3419
3 3223 3224 3420
3 3224 3421 3420
3 3224 3226 3421
3 3226 3422 3421
3 3247 3201 3246
3 3423 3425 3226
3 3226 3425 3422
3 3204 3201 3247
3 3251 3204 3247
3 3212 3204 3251
3 3228 3409 3410
3 3228 3410 3440
3 3254 3212 3251
3 3220 3212 3254
3 3256 3220 3254
3 3225 3220 3256
3 3219 3232 3430
3 3258 3225 3256
3 3232 3618 3430
3 3227 3225 3258
3 3264 3227 3258
3 3229 3227 3264
3 3265 3229 3264
3 3230 3229 3265
3 3235 3237 3433
3 3237 3621 3433
3 3237 3221 3621
3 3269 3230 3265
3 3231 3230 3269
3 3271 3231 3269
3 3233 3231 3271
3 3423 3439 3425
3 3273 3233 3271
3 3234 3233 3273
3 3423 3241 3439
3 3274 3234 3273
3 3236 3234 3274
3 3275 3236 3274
3 3440 3441 3228
3 3441 3242 3228
3 3443 3618 3243
3 3238 3236 3275
3 3238 3275 3276
3 3243 3245 3443
3 3259 3248 3444
3 3238 3276 3585
3 3248 3235 3444
3 3235 3433 3444
3 3276 3277 3585
3 3439 3241 3446
3 3241 3249 3446
3 3869 3279 3590
3 3262 3242 3456
3 3456 3242 3441
3 3590 3279 3239
3 3239 3569 3590
3 3591 2742 3281
3 3245 3252 3443
3 3593 3591 3281
3 3285 3593 3281
3 3297 3299 3603
3 3299 3301 3603
3 3259 3444 3287
3 3603 3301 3605
3 3444 3465 3287
3 3301 3307 3582
3 3261 3455 3249
3 3455 3446 3249
3 3605 3301 3582
3 3311 3582 3307
3 3263 3456 3472
3 3262 3456 3263
3 3244 3582 3311
3 3460 3639 3462
3 3313 3244 3311
3 3246 3244 3313
3 3639 3443 3462
3 3443 3463 3462
3 3313 3247 3246
3 3266 3463 3252
3 3252 3463 3443
3 3250 3247 3313
3 3251 3247 3250
3 3254 3251 3250
3 2782 3273 3271
3 2784 3274 2782
3 3274 3273 2782
3 3465 3466 3287
3 3274 3315 3275
3 2784 3315 3274
3 3465 3469 3466
3 3319 3275 3315
3 3470 3261 3293
3 3455 3261 3470
3 3276 3275 3319
3 3320 3276 3319
3 3277 3276 3320
3 3277 3320 3321
3 3607 3277 3321
3 3294 3263 3474
3 3263 3472 3474
3 3321 3608 3607
3 3617 3278 3279
3 3869 3617 3279
3 3285 3281 3284
3 3289 3290 3284
3 3290 3285 3284
3 3480 3481 3482
3 2792 3296 3289
3 3460 3482 3481
3 3296 3290 3289
3 3460 3303 3482
3 2794 3297 2792
3 3280 3303 3462
3 3462 3303 3460
3 3463 3280 3462
3 3297 3296 2792
3 2795 3299 2794
3 3299 3297 2794
3 2796 3301 2795
3 3466 3291 3287
3 3301 3299 2795
3 3291 3466 3309
3 3309 3466 3469
3 2797 3307 2796
3 3485 3486 3469
3 3486 3309 3469
3 3307 3301 2796
3 3485 3488 3486
3 3311 3307 2797
3 3318 3319 3315
3 2834 3320 3318
3 3320 3319 3318
3 2836 3321 2834
3 3321 3320 2834
3 3493 3293 3292
3 2838 3608 2836
3 3493 3470 3293
3 3608 3321 2836
3 2843 3322 2838
3 3322 3608 2838
3 3295 3294 3474
3 3476 3295 3474
3 3298 3295 3476
3 3478 3298 3476
3 3300 3298 3478
3 3480 3300 3478
3 3302 3300 3480
3 3482 3302 3480
3 3303 3302 3482
3 2846 3323 2843
3 3323 3322 2843
3 3328 3329 2846
3 3329 3323 2846
3 3486 3312 3309
3 3314 3312 3486
3 3488 3314 3486
3 3316 3314 3488
3 3490 3316 3488
3 3317 3316 3490
3 3492 3317 3490
3 3292 3317 3492
3 3493 3292 3492
3 3330 3617 3328
3 3617 3329 3328
3 3332 3334 3511
3 3278 3617 3330
3 3334 3335 3512
3 3511 3334 3512
3 3335 3336 3513
3 3512 3335 3513
3 3336 3337 3500
3 3513 3336 3500
3 3333 3622 3338
3 3500 3337 3501
3 3622 3623 3338
3 3338 3623 3339
3 3502 3348 3503
3 3623 3625 3339
3 3348 3349 3524
3 3503 3348 3524
3 3349 3350 3525
3 3524 3349 3525
3 3350 3331 3527
3 3525 3350 3527
3 3339 3625 3343
3 3625 3627 3343
3 3343 3627 3345
3 3627 3361 3345
3 3345 3361 3346
3 3361 3364 3346
3 3332 3510 3354
3 3510 3508 3354
3 3511 3510 3332
3 3346 3364 3347
3 3374 3377 3351
3 3351 3377 3352
3 3377 3630 3352
3 3352 3630 3353
3 3630 3631 3353
3 3677 3513 3500
3 3353 3631 3355
3 3677 3500 3516
3 3500 3501 3516
3 3631 3632 3355
3 3340 3517 3501
3 3501 3517 3516
3 3355 3632 3356
3 3517 3340 3518
3 3632 3633 3356
3 3356 3633 3357
3 3363 3365 3520
3 3640 3359 3379
3 3359 3640 3620
3 3365 3502 3520
3 3520 3502 3540
3 3540 3503 3678
3 3333 3359 3620
3 3540 3502 3503
3 3524 3678 3503
3 3622 3333 3620
3 3361 3627 3629
3 3646 3364 3361
3 3629 3646 3361
3 3380 3364 3646
3 3347 3364 3380
3 3382 3347 3380
3 3367 3347 3382
3 3367 3382 3369
3 3366 3683 3527
3 3388 3389 3372
3 3391 3372 3389
3 3374 3391 3650
3 3377 3374 3650
3 3531 3368 3508
3 3368 3354 3508
3 3651 3377 3650
3 3630 3377 3651
3 3694 3516 3517
3 3357 3633 3634
3 3694 3517 3535
3 3517 3518 3535
3 3634 3635 3378
3 3370 3535 3518
3 3357 3634 3378
3 3537 3371 3363
3 3392 3378 3635
3 3695 3537 3520
3 3537 3363 3520
3 3540 3695 3520
3 3660 3637 3394
3 3637 3379 3394
3 3379 3637 3640
3 3704 3683 3373
3 3683 3366 3373
3 3380 3646 3647
3 3395 3382 3380
3 3647 3395 3380
3 3396 3382 3395
3 3376 3368 3531
3 3369 3382 3396
3 3535 3545 3694
3 3545 3535 3370
3 3398 3369 3396
3 3547 3371 3537
3 3384 3369 3398
3 3537 3555 3547
3 3695 3555 3537
3 3381 3704 3373
3 3399 3406 3385
3 3388 3406 3408
3 3704 3381 3549
3 3550 3375 3376
3 3388 3385 3406
3 3416 3388 3408
3 3375 3550 3383
3 3389 3388 3416
3 3391 3389 3416
3 3553 3554 3386
3 3554 3387 3386
3 3670 3391 3416
3 3650 3391 3670
3 3554 3545 3387
3 3659 3392 3635
3 3417 3392 3672
3 3392 3659 3672
3 3673 3660 3424
3 3547 3555 3390
3 3424 3660 3394
3 3667 3395 3647
3 3570 3390 3555
3 3426 3396 3395
3 3407 3579 3381
3 3667 3426 3395
3 3427 3396 3426
3 3381 3579 3549
3 3398 3396 3427
3 3427 3428 3398
3 3004 3429 3399
3 3383 3550 3563
3 3431 3399 3429
3 3562 3397 3563
3 3397 3383 3563
3 3406 3399 3431
3 3562 3564 3397
3 3432 3406 3431
3 3408 3406 3432
3 3723 3205 3564
3 3205 3723 3400
3 3400 3723 3568
3 3400 3568 3401
3 3416 3408 3432
3 3553 3386 3401
3 3676 3416 3432
3 3553 3401 3568
3 3670 3416 3676
3 3672 3680 3417
3 3424 3434 3681
3 3673 3424 3681
3 3402 3570 3571
3 3402 3571 3403
3 3403 3571 3572
3 3403 3572 3404
3 3404 3572 3575
3 3667 3684 3426
3 3574 3405 3575
3 3405 3404 3575
3 3426 3684 3436
3 3574 3576 3405
3 3437 3426 3436
3 3427 3426 3437
3 3733 3407 3576
3 3429 3438 3431
3 3442 3431 3438
3 3579 3407 3733
3 3432 3431 3442
3 3432 3442 3676
3 3676 3442 3685
3 3680 3691 3447
3 3681 3434 3448
3 3681 3448 3914
3 3435 3684 3451
3 3452 3435 3451
3 3436 3684 3435
3 3685 3442 3445
3 3454 3685 3445
3 3454 3445 3453
3 3459 3447 3691
3 3709 3459 3691
3 3448 3043 3712
3 3914 3448 3712
3 3715 3471 3693
3 3693 3471 3449
3 3693 3449 3450
3 3698 3693 3450
3 3596 3410 3599
3 3599 3411 3586
3 3452 3698 3450
3 3599 3410 3411
3 3412 3586 3411
3 3748 3586 3412
3 3451 3698 3452
3 3748 3412 3601
3 3412 3413 3601
3 3413 3414 3601
3 3699 3453 3457
3 3414 3415 3601
3 3415 3602 3601
3 3454 3453 3699
3 3430 3604 3415
3 3415 3604 3602
3 3699 3457 3458
3 3708 3699 3458
3 3061 3718 3458
3 3621 3418 3606
3 3458 3718 3708
3 3418 3419 3606
3 3419 3610 3606
3 3419 3420 3610
3 3420 3611 3610
3 3611 3421 3592
3 3722 3479 3459
3 3611 3420 3421
3 3422 3592 3421
3 3756 3592 3422
3 3709 3722 3459
3 3756 3422 3757
3 3422 3425 3757
3 3724 3712 3043
3 3724 3043 3461
3 3425 3613 3757
3 3724 3461 3483
3 3483 3461 3079
3 3725 3484 3464
3 3440 3596 3624
3 3440 3410 3596
3 3464 3467 3713
3 3725 3464 3713
3 3604 3430 3619
3 3713 3467 3468
3 3714 3713 3468
3 3714 3468 3471
3 3618 3619 3430
3 3715 3714 3471
3 3718 3061 3473
3 3720 3718 3473
3 3720 3473 3475
3 3721 3720 3475
3 3721 3475 3487
3 3489 3727 3477
3 3477 3479 3730
3 3489 3477 3730
3 3439 3613 3425
3 3479 3722 3730
3 3483 3079 3484
3 3613 3439 3791
3 3731 3494 3752
3 3734 3494 3731
3 3507 3506 3745
3 3440 3624 3441
3 3619 3626 3784
3 3618 3626 3619
3 3745 3491 3507
3 3443 3626 3618
3 3749 3491 3745
3 3628 3444 3433
3 3433 3641 3628
3 3621 3641 3433
3 3446 3791 3439
3 3751 3491 3749
3 3509 3491 3751
3 3751 3767 3509
3 3770 3752 3114
3 3779 3441 3624
3 3779 3648 3441
3 3648 3456 3441
3 3494 3114 3752
3 3636 3784 3638
3 3744 3495 3734
3 3753 3496 3495
3 3784 3626 3638
3 3626 3639 3638
3 3639 3626 3443
3 3744 3753 3495
3 3465 3444 3628
3 3753 3497 3496
3 3759 3497 3753
3 3641 3642 3628
3 3642 3465 3628
3 3759 3498 3497
3 3641 3645 3642
3 3762 3498 3759
3 3515 3498 3762
3 3791 3446 3814
3 3446 3455 3814
3 3780 3499 3778
3 3780 3504 3499
3 3765 3504 3780
3 3765 3505 3504
3 3472 3456 3649
3 3456 3648 3649
3 3766 3505 3765
3 3649 3652 3472
3 3507 3505 3766
3 3506 3507 3766
3 3767 3514 3509
3 3514 3767 3781
3 3656 3657 3658
3 3770 3114 3523
3 3636 3658 3657
3 3785 3770 3523
3 3636 3481 3658
3 3771 3515 3762
3 3460 3481 3638
3 3638 3481 3636
3 3639 3460 3638
3 3771 3519 3515
3 3773 3519 3771
3 3773 3526 3519
3 3788 3526 3773
3 3642 3469 3465
3 3793 3521 3532
3 3469 3642 3485
3 3485 3642 3645
3 3521 3776 3522
3 3661 3662 3645
3 3662 3485 3645
3 3793 3776 3521
3 3661 3664 3662
3 3776 3778 3522
3 3533 3514 3781
3 3534 3533 3781
3 3523 3536 3796
3 3668 3669 3470
3 3785 3523 3796
3 3788 3789 3528
3 3470 3669 3455
3 3669 3814 3455
3 3788 3528 3526
3 3789 3529 3528
3 3541 3801 3532
3 3532 3801 3793
3 3652 3474 3472
3 3476 3474 3652
3 3654 3476 3652
3 3478 3476 3654
3 3656 3478 3654
3 3480 3478 3656
3 3658 3480 3656
3 3481 3480 3658
3 3803 3542 3533
3 3534 3803 3533
3 3536 3543 3804
3 3796 3536 3804
3 3662 3488 3485
3 3490 3488 3662
3 3664 3490 3662
3 3492 3490 3664
3 3666 3492 3664
3 3493 3492 3666
3 3668 3493 3666
3 3470 3493 3668
3 3789 3806 3529
3 3529 3806 3544
3 3546 3529 3544
3 3508 3510 3686
3 3530 3529 3546
3 3510 3511 3688
3 3686 3510 3688
3 3511 3512 3689
3 3688 3511 3689
3 3512 3513 3690
3 3689 3512 3690
3 3561 3530 3546
3 3690 3513 3677
3 3539 3551 3552
3 3539 3538 3551
3 3678 3524 3890
3 3556 3539 3552
3 3524 3525 3700
3 3890 3524 3700
3 3525 3527 3701
3 3700 3525 3701
3 3541 3539 3556
3 3701 3527 3703
3 3541 3556 3801
3 3703 3527 3683
3 3801 3556 3567
3 3803 3557 3542
3 3706 3508 3686
3 3531 3508 3706
3 3812 3804 3543
3 3558 3812 3543
3 3806 3817 3559
3 3559 3560 3544
3 3806 3559 3544
3 3546 3544 3560
3 3561 3546 3560
3 3552 3551 3565
3 3566 3552 3565
3 3556 3552 3566
3 3556 3566 3567
3 3888 3690 3677
3 3828 3573 3557
3 3677 3692 3888
3 3677 3516 3692
3 3815 3812 3577
3 3812 3558 3577
3 3692 3516 3694
3 3577 3830 3815
3 3580 3581 3817
3 3695 3540 3696
3 3581 3583 3559
3 3817 3581 3559
3 3696 3678 3697
3 3696 3540 3678
3 3584 3559 3583
3 3890 3697 3678
3 3560 3559 3584
3 3565 3585 3566
3 3238 3585 3565
3 3587 3566 3585
3 3567 3566 3587
3 3567 3587 3588
3 3819 3567 3588
3 3588 3589 3819
3 3870 3569 3828
3 3703 3704 3705
3 3683 3704 3703
3 3569 3573 3828
3 3830 3577 3578
3 3831 3830 3578
3 3531 3706 3707
3 3591 3831 3578
3 3531 3707 3376
3 3591 3594 3831
3 3692 3904 3888
3 3598 3600 3839
3 3904 3692 3710
3 3692 3694 3710
3 3600 3603 3580
3 3545 3710 3694
3 3839 3600 3580
3 3711 3555 3695
3 3711 3696 3905
3 3605 3580 3603
3 3711 3695 3696
3 3696 3697 3905
3 3581 3580 3605
3 3605 3583 3581
3 3705 3704 3913
3 3913 3704 3549
3 3550 3376 3716
3 3716 3376 3707
3 3582 3583 3605
3 3554 3553 3710
3 3553 3717 3710
3 3554 3710 3545
3 3584 3583 3582
3 3711 3570 3555
3 3277 3587 3585
3 3711 3728 3570
3 3579 3719 3549
3 3719 3913 3549
3 3587 3607 3588
3 3716 3929 3550
3 3277 3607 3587
3 3609 3588 3607
3 3563 3550 3929
3 3589 3588 3609
3 3589 3609 3612
3 3841 3589 3612
3 3612 3614 3841
3 3590 3870 3869
3 3590 3569 3870
3 3593 3594 3591
3 3568 3726 3553
3 3553 3726 3717
3 3285 3595 3593
3 3595 3594 3593
3 3290 3597 3285
3 3597 3595 3285
3 3570 3728 3571
3 3571 3728 3729
3 3571 3729 3572
3 3572 3729 3732
3 3296 3598 3290
3 3598 3597 3290
3 3575 3572 3732
3 3297 3600 3296
3 3600 3598 3296
3 3603 3600 3297
3 3608 3609 3607
3 3735 3579 3733
3 3579 3735 3719
3 3322 3612 3608
3 3563 3929 3736
3 3612 3609 3608
3 3563 3736 3562
3 3562 3736 3737
3 3562 3737 3564
3 3564 3737 3738
3 3323 3614 3322
3 3723 3564 3739
3 3739 3564 3738
3 3723 3739 3568
3 3575 3732 3740
3 3614 3612 3322
3 3575 3740 3574
3 3574 3740 3741
3 3574 3741 3576
3 3576 3741 3742
3 3329 3615 3323
3 3733 3576 3743
3 3743 3576 3742
3 3733 3743 3735
3 3761 3599 3746
3 3615 3614 3323
3 3599 3586 3746
3 3746 3586 3747
3 3586 3748 3747
3 3617 3616 3329
3 3616 3615 3329
3 3601 3750 3748
3 3869 3616 3617
3 3601 3960 3750
3 3769 3611 3754
3 3640 3872 3620
3 3611 3592 3754
3 3754 3592 3755
3 3592 3756 3755
3 3620 3872 3622
3 3872 3873 3622
3 3757 3758 3756
3 3622 3873 3623
3 3757 3970 3758
3 3873 3874 3623
3 3761 3760 3596
3 3623 3874 3625
3 3874 3643 3625
3 3761 3596 3599
3 3625 3643 3627
3 3643 3644 3627
3 3627 3644 3629
3 3651 3653 3630
3 3630 3653 3631
3 3601 3602 3960
3 3602 3763 3960
3 3602 3604 3763
3 3604 3764 3763
3 3653 3655 3631
3 3631 3655 3632
3 3655 3875 3632
3 3632 3875 3633
3 3875 3876 3633
3 3633 3876 3634
3 3606 3610 3768
3 3610 3769 3768
3 3876 3877 3634
3 3634 3877 3635
3 3769 3610 3611
3 3881 3637 3660
3 3637 3881 3871
3 3640 3637 3871
3 3872 3640 3871
3 3757 3613 3970
3 3613 4378 3970
3 3643 3874 3884
3 3624 3596 3772
3 3772 3596 3760
3 3774 3604 3619
3 3885 3644 3643
3 3774 3764 3604
3 3885 3643 3884
3 3663 3644 3885
3 3629 3644 3663
3 3621 3606 3775
3 3665 3629 3663
3 3791 3777 3613
3 3777 4378 3613
3 3792 3779 3624
3 3792 3624 3772
3 3646 3629 3665
3 3646 3665 3647
3 4010 3782 3783
3 3774 3783 3782
3 3670 3671 3650
3 3774 3784 3783
3 3784 3774 3619
3 3651 3671 3889
3 3641 3621 3775
3 3651 3650 3671
3 3653 3651 3889
3 3786 3787 3775
3 3787 3641 3775
3 3787 3786 4011
3 3655 3653 3889
3 3791 3790 3777
3 3891 3655 3889
3 3875 3655 3891
3 3635 3877 3878
3 3878 3879 3659
3 3635 3878 3659
3 3779 3792 3648
3 3672 3659 3879
3 3880 3660 3673
3 3792 3795 3648
3 3660 3880 3881
3 3663 3885 3886
3 3674 3665 3663
3 3886 3674 3663
3 3799 3800 3657
3 3675 3665 3674
3 3647 3665 3675
3 3800 4010 3657
3 3636 4010 3783
3 3667 3647 3675
3 3671 3670 3679
3 3636 3657 4010
3 3784 3636 3783
3 3889 3671 3679
3 3901 3889 3679
3 3893 3672 3879
3 3680 3672 3893
3 3787 3645 3641
3 3880 3673 3681
3 3645 3787 4011
3 3645 4011 3661
3 3907 3880 3681
3 3896 3674 3886
3 4011 3807 3661
3 3682 3675 3674
3 3896 3682 3674
3 3684 3675 3682
3 3667 3675 3684
3 3687 3676 3685
3 3670 3676 3687
3 3679 3670 3687
3 3901 3679 3687
3 3691 3680 3893
3 3814 3790 3791
3 3691 3893 3906
3 3681 3914 3907
3 3896 3451 3682
3 3896 3912 3451
3 3684 3682 3451
3 3795 3649 3648
3 3652 3649 3795
3 3797 3652 3795
3 3654 3652 3797
3 3799 3654 3797
3 3656 3654 3799
3 3657 3656 3799
3 3454 3687 3685
3 3702 3901 3687
3 3702 3687 3454
3 3709 3906 3920
3 3709 3691 3906
3 3807 3664 3661
3 3666 3664 3807
3 3809 3666 3807
3 3668 3666 3809
3 3811 3668 3809
3 3669 3668 3811
3 3813 3669 3811
3 3814 3669 3813
3 3914 3712 3921
3 3925 3715 3915
3 3915 3715 3693
3 3698 3915 3693
3 3912 3915 3698
3 3451 3912 3698
3 3702 3454 3699
3 3821 3823 4114
3 3917 3699 3708
3 3823 3825 4116
3 4114 3823 4116
3 3825 3827 4117
3 4116 3825 4117
3 3827 3829 4118
3 4117 3827 4118
3 3702 3699 3917
3 4118 3829 3832
3 3718 3926 3708
3 3708 3926 3917
3 3935 3709 3920
3 3722 3709 3935
3 3936 3921 3712
3 3724 3936 3712
3 3952 3725 3922
3 3922 3725 3713
3 3922 3713 3714
3 3924 3922 3714
3 3818 3842 3820
3 3842 3843 3820
3 3820 3843 3821
3 3843 3844 3821
3 3821 3844 3823
3 3844 3845 3823
3 3823 3845 3825
3 3845 3846 3825
3 3825 3846 3827
3 3846 3847 3827
3 3827 3847 3829
3 3847 3848 3829
3 3829 3848 3832
3 3848 3849 3832
3 3832 3849 3834
3 3924 3714 3715
3 4134 3834 3851
3 3851 3834 3849
3 3925 3924 3715
3 4134 3851 3853
3 3926 3718 3720
3 3928 3926 3720
3 3928 3720 3721
3 3931 3928 3721
3 3856 3857 3840
3 3857 3858 3840
3 3840 3858 3818
3 3858 3859 3818
3 3818 3859 3842
3 3859 3860 3842
3 3842 3860 3843
3 3860 3861 3843
3 3843 3861 3844
3 3861 3862 3844
3 3844 3862 3845
3 3862 3863 3845
3 3845 3863 3846
3 3863 3864 3846
3 3846 3864 3847
3 3864 3865 3847
3 3847 3865 3848
3 3865 3866 3848
3 3848 3866 3849
3 3866 3867 3849
3 3849 3867 3851
3 3867 4162 3851
3 3851 4162 3853
3 3487 3953 3721
3 3721 3953 3931
3 3722 3932 3730
3 3935 3932 3722
3 3937 3936 3724
3 3937 3483 3938
3 3724 3483 3937
3 3938 3483 3484
3 3940 3938 3484
3 3946 3940 3484
3 3946 3484 3725
3 3952 3946 3725
3 3953 3487 3727
3 3954 3953 3727
3 3959 3954 3727
3 3959 3727 3489
3 3962 3959 3489
3 3489 3963 3962
3 3730 3963 3489
3 3932 3963 3730
3 3964 3752 3981
3 3731 3964 3965
3 3752 3964 3731
3 3965 3734 3731
3 3971 3734 3965
3 3973 3734 3971
3 3973 3744 3734
3 3974 3744 3973
3 3706 3686 3897
3 3744 3974 3982
3 3897 3686 3898
3 3686 3688 3899
3 3898 3686 3899
3 3688 3689 3900
3 3899 3688 3900
3 3689 3690 3887
3 3900 3689 3887
3 3987 3975 3506
3 3887 3690 3888
3 3975 3745 3506
3 3977 3745 3975
3 3977 3749 3745
3 3978 3749 3977
3 3890 3700 3909
3 3978 3751 3749
3 3700 3701 3910
3 3909 3700 3910
3 3701 3703 3911
3 3910 3701 3911
3 3979 3751 3978
3 3911 3703 3705
3 3980 3751 3979
3 3895 3707 3706
3 3767 3751 3980
3 3980 3988 3767
3 3981 3770 3990
3 3897 3895 3706
3 3981 3752 3770
3 3982 3753 3744
3 3982 3759 3753
3 3983 3759 3982
3 3983 3762 3759
3 3984 3762 3983
3 3994 3765 3780
3 4284 3900 3887
3 3986 3765 3994
3 4284 3887 3918
3 3887 3888 3918
3 3986 3766 3765
3 3987 3766 3986
3 3888 3904 3918
3 3766 3987 3506
3 3988 3781 3767
3 3988 3995 3781
3 3990 3785 3997
3 3905 3697 3923
3 3923 3890 4285
3 3770 3785 3990
3 3923 3697 3890
3 3909 4285 3890
3 3991 3771 3984
3 3984 3771 3762
3 3991 3773 3771
3 3998 3773 3991
3 3998 3788 3773
3 3794 3776 3793
3 3776 3993 3778
3 3794 3993 3776
3 3778 3993 3780
3 3780 3993 3994
3 3534 3995 4000
3 3534 3781 3995
3 3785 4001 3997
3 3785 3796 4001
3 3798 3998 4002
3 3716 3707 3895
3 3798 3788 3998
3 3788 3798 3789
3 3919 3918 3904
3 3919 3904 3710
3 3801 3802 3793
3 3919 3710 3717
3 3794 3793 3802
3 3905 3934 3711
3 3711 3934 3728
3 3923 3934 3905
3 4006 3534 4000
3 3803 3534 4006
3 3796 3804 4007
3 4311 3913 3719
3 3796 4007 4001
3 4002 4016 3805
3 3805 3817 3798
3 3927 3941 3929
3 3716 3927 3929
3 4002 3805 3798
3 3806 3798 3817
3 3789 3798 3806
3 3808 3801 3567
3 3726 3568 3930
3 3802 3801 3808
3 3802 3808 3810
3 3794 3802 3810
3 3717 3726 3933
3 3717 3933 3919
3 3794 3810 4004
3 4004 3810 4018
3 4024 3557 3803
3 3728 3934 3729
3 3729 3934 4319
3 3732 4319 3947
3 4006 4024 3803
3 3732 3729 4319
3 4007 3804 3812
3 3812 4026 4007
3 4009 3816 4016
3 3735 3939 4311
3 3735 4311 3719
3 3816 3580 3805
3 4016 3816 3805
3 3817 3805 3580
3 3567 3819 3808
3 3929 3941 3736
3 3736 3941 3942
3 3736 3942 3737
3 3737 3942 3943
3 3737 3943 3738
3 3738 3943 3944
3 3738 3944 3739
3 3739 3944 3945
3 3930 3568 3739
3 3822 3808 3819
3 3930 3739 3945
3 3810 3808 3822
3 3810 3822 3824
3 4018 3810 3824
3 3732 3947 3740
3 3740 3947 3948
3 3740 3948 3741
3 3741 3948 3949
3 3741 3949 3742
3 3742 3949 3950
3 3742 3950 3743
3 3743 3950 3951
3 3824 3826 4018
3 3735 3743 3939
3 3939 3743 3951
3 4050 3828 4024
3 4024 3828 3557
3 4026 3812 3815
3 3761 3746 3955
3 3955 3746 3956
3 3746 3747 3956
3 3747 3957 3956
3 3747 3748 3957
3 3748 3958 3957
3 3748 3750 3958
3 3750 3961 3958
3 4028 4026 3815
3 3960 3961 3750
3 3830 4028 3815
3 3830 3833 4028
3 3836 3837 4038
3 4356 3769 3754
3 3837 3838 4009
3 4356 3754 3966
3 3754 3755 3966
3 3755 3967 3966
3 3755 3756 3967
3 3756 3968 3967
3 3756 3758 3968
3 3758 3969 3968
3 4038 3837 4009
3 3970 3972 3758
3 3758 3972 3969
3 3839 4009 3838
3 3816 4009 3839
3 3839 3580 3816
3 3760 3761 3955
3 3760 3955 3985
3 3589 3822 3819
3 3822 3841 3824
3 3589 3841 3822
3 3960 3976 3961
3 3850 3824 3841
3 3960 3763 3976
3 3763 3764 3976
3 3764 4371 3976
3 3826 3824 3850
3 3826 3850 3852
3 3826 3852 4040
3 3852 3854 4040
3 3606 3768 3992
3 3768 4356 3992
3 3828 4050 3870
3 3831 3833 3830
3 4356 3768 3769
3 3594 3835 3831
3 3835 3833 3831
3 3970 4378 3972
3 3595 3836 3594
3 3836 3835 3594
3 3597 3837 3595
3 3837 3836 3595
3 3598 3838 3597
3 3838 3837 3597
3 3985 4379 3760
3 4379 3772 3760
3 3839 3838 3598
3 3989 4371 3782
3 3614 3850 3841
3 3615 3852 3614
3 3782 4371 3774
3 3774 4371 3764
3 3992 3786 3775
3 3852 3850 3614
3 3992 3775 3606
3 3616 3854 3615
3 3992 3996 3786
3 3854 3852 3615
3 3869 3868 3616
3 3868 3854 3616
3 4378 3777 4402
3 3870 3868 3869
3 4379 3792 3772
3 3881 3882 3871
3 3882 4051 3871
3 3871 4051 3872
3 4051 4052 3872
3 3872 4052 3873
3 4052 4064 3873
3 3873 4064 3874
3 4064 3883 3874
3 3874 3883 3884
3 3891 3892 3875
3 3875 3892 3876
3 3892 4067 3876
3 3989 3800 4008
3 3876 4067 3877
3 3989 4010 3800
3 4067 4077 3877
3 3877 4077 3878
3 3782 4010 3989
3 4077 4078 3878
3 3878 4078 3879
3 3880 4081 3882
3 3881 3880 3882
3 4011 3786 3996
3 3883 4064 4086
3 4012 4013 3996
3 4013 4011 3996
3 4087 3884 3883
3 4012 4015 4013
3 4087 3883 4086
3 3894 3884 4087
3 3885 3884 3894
3 3885 3894 3886
3 3901 3902 3889
3 3891 3902 3903
3 3889 3902 3891
3 3892 3891 3903
3 4021 4402 3790
3 4089 3892 3903
3 3777 3790 4402
3 4067 3892 4089
3 3879 4078 4079
3 4003 3795 3792
3 3797 3795 4003
3 4005 3797 4003
3 3799 3797 4005
3 4008 3799 4005
3 3800 3799 4008
3 4079 4080 3893
3 3879 4079 3893
3 3907 4093 3880
3 3880 4093 4081
3 3894 4087 4088
3 3908 3886 3894
3 4013 3807 4011
3 3809 3807 4013
3 4015 3809 4013
3 3811 3809 4015
3 4017 3811 4015
3 3813 3811 4017
3 4019 3813 4017
3 3814 3813 4019
3 4021 3814 4019
3 3814 4021 3790
3 4088 3908 3894
3 3896 3886 3908
3 4097 3902 3901
3 3903 3902 4097
3 4092 3906 4080
3 4080 3906 3893
3 3907 3914 4105
3 4093 3907 4105
3 4088 4107 3908
3 4107 3896 3908
3 3912 3896 4107
3 3702 3916 3901
3 3901 3916 4097
3 3906 4112 3920
3 4092 4112 3906
3 4105 3914 3921
3 4120 4105 3921
3 4107 4318 3925
3 4107 3925 3915
3 3912 4107 3915
3 3916 3702 3917
3 3926 4124 3916
3 3917 3926 3916
3 3935 3920 4112
3 4115 3935 4112
3 3936 4128 4120
3 3936 4120 3921
3 4025 4023 4066
3 4066 4053 4025
3 4025 4053 4027
3 4053 4054 4027
3 4027 4054 4029
3 4054 4055 4029
3 4029 4055 4031
3 4055 4056 4031
3 4031 4056 4033
3 4056 4057 4033
3 4033 4057 4035
3 4057 4058 4035
3 4035 4058 4037
3 4058 4059 4037
3 4037 4059 4039
3 4059 4060 4039
3 4039 4060 4041
3 4060 4061 4041
3 4041 4061 4043
3 4061 4062 4043
3 4043 4062 4045
3 4062 4063 4045
3 4045 4063 4047
3 4063 4065 4047
3 4122 3952 3922
3 4122 3922 3924
3 4518 4047 4065
3 4318 4122 3924
3 4318 3924 3925
3 4068 4053 4066
3 4124 3926 3928
3 4068 4069 4053
3 4053 4069 4054
3 4069 4070 4054
3 4054 4070 4055
3 4070 4071 4055
3 4055 4071 4056
3 4071 4072 4056
3 4056 4072 4057
3 4072 4073 4057
3 4057 4073 4058
3 4073 4074 4058
3 4058 4074 4059
3 4074 4075 4059
3 4059 4075 4060
3 4075 4076 4060
3 4060 4076 4061
3 4076 4062 4061
3 4341 4124 3928
3 4341 3928 3931
3 4544 4063 4062
3 3953 4341 3931
3 4065 4063 4544
3 4115 4126 4156
3 4115 4156 3932
3 4115 3932 3935
3 4128 3937 4136
3 3936 3937 4128
3 4136 3937 3938
3 4083 4071 4070
3 4072 4071 4083
3 4084 4072 4083
3 4073 4072 4084
3 4085 4073 4084
3 4074 4073 4085
3 4562 4074 4085
3 4075 4074 4562
3 4138 4136 3938
3 4138 3938 3940
3 4138 3940 3946
3 4140 4138 3946
3 4140 3946 3952
3 4142 4341 3953
3 4142 3953 3954
3 4143 4142 3954
3 4143 3954 3959
3 4150 4143 3959
3 4150 3959 3962
3 4152 4150 3962
3 4152 3962 3963
3 4154 4152 3963
3 3963 4156 4154
3 3932 4156 3963
3 3964 4230 4167
3 3981 4230 3964
3 4167 3965 3964
3 4168 3965 4167
3 4168 3971 3965
3 4168 3973 3971
3 4170 3973 4168
3 4110 4111 4605
3 4170 3974 3973
3 4090 4605 4111
3 4171 3974 4170
3 4090 4111 4113
3 4113 4114 4090
3 4090 4114 4094
3 3982 3974 4231
3 4094 4114 4096
3 4114 4116 4096
3 4096 4116 4098
3 4116 4117 4098
3 4098 4117 4100
3 4117 4118 4100
3 4100 4118 4102
3 4118 4119 4102
3 4102 4119 4104
3 3974 4171 4231
3 4611 4104 4121
3 4121 4104 4119
3 4240 4196 3987
3 4611 4121 4123
3 4196 3975 3987
3 4196 3977 3975
3 4197 3977 4196
3 4197 3978 3977
3 4129 4130 4131
3 4198 3978 4197
3 4198 3979 3978
3 4131 4130 4108
3 4108 4130 4132
3 4132 4133 4108
3 4108 4133 4110
3 3818 4133 3840
3 3818 4111 4133
3 4111 4110 4133
3 3820 4111 3818
3 4113 4111 3820
3 3821 4113 3820
3 4114 4113 3821
3 4200 3979 4198
3 4200 3980 3979
3 4212 3980 4200
3 4213 3980 4212
3 3988 3980 4213
3 4230 3981 3990
3 4230 3990 4229
3 4231 3983 3982
3 4237 3983 4231
3 4119 4118 3832
3 3834 4119 3832
3 4121 4119 3834
3 4134 4121 3834
3 4237 3984 3983
3 4134 4123 4121
3 4134 4135 4123
3 4123 4135 4125
3 4243 3984 4237
3 4624 4125 4137
3 4137 4125 4135
3 4244 3986 3994
3 4624 4137 4139
3 4238 3986 4244
3 4238 3987 3986
3 4141 4144 4145
3 4240 3987 4238
3 4241 3988 4213
3 4145 4144 4129
3 4129 4144 4146
3 4146 4147 4129
3 4129 4147 4130
3 4241 3995 3988
3 3856 4132 4147
3 4132 4130 4147
3 3840 4132 3856
3 4133 4132 3840
3 3990 3997 4245
3 4229 3990 4245
3 4229 4245 4242
3 4135 4134 3853
3 3984 4243 4248
3 3853 4148 4135
3 4148 4137 4135
3 4148 4149 4137
3 4137 4149 4139
3 3991 3984 4248
3 4634 4139 4151
3 4151 4139 4149
3 4248 3998 3991
3 4634 4151 4153
3 3999 3993 3794
3 3999 4244 3994
3 3999 3994 3993
3 4252 4000 3995
3 4141 4155 4158
3 4158 4159 4141
3 4141 4159 4144
3 4159 4160 4144
3 4144 4160 4146
3 4160 3855 4146
3 4146 3855 4147
3 3855 3856 4147
3 4241 4252 3995
3 4162 4148 3853
3 3997 4001 4257
3 4162 4163 4148
3 4148 4163 4149
3 4163 4164 4149
3 4149 4164 4151
3 4164 4165 4151
3 4151 4165 4153
3 4245 3997 4257
3 4248 4261 4002
3 4648 4153 4165
3 3998 4248 4002
3 3794 4004 3999
3 3999 4004 4262
3 4000 4265 4006
3 4155 4169 4172
3 4172 4173 4155
3 4155 4173 4158
3 4173 4174 4158
3 4158 4174 4159
3 4174 4175 4159
3 4159 4175 4160
3 4175 4176 4160
3 4160 4176 3855
3 3855 4177 3856
3 4252 4265 4000
3 3855 4176 4177
3 3856 4178 3857
3 4177 4178 3856
3 3857 4179 3858
3 4178 4179 3857
3 3858 4180 3859
3 4179 4180 3858
3 3859 4181 3860
3 4180 4181 3859
3 3860 4182 3861
3 4181 4182 3860
3 3861 4183 3862
3 4182 4183 3861
3 3862 4184 3863
3 4183 4184 3862
3 3863 4185 3864
3 4184 4185 3863
3 3864 4186 3865
3 4185 4186 3864
3 3865 4187 3866
3 4186 4187 3865
3 3866 4188 3867
3 4187 4188 3866
3 3867 4189 4162
3 4188 4189 3867
3 4007 4266 4001
3 4001 4266 4257
3 4189 4190 4162
3 4190 4191 4162
3 4162 4191 4163
3 4191 4192 4163
3 4163 4192 4164
3 4192 4193 4164
3 4164 4193 4165
3 4193 4194 4165
3 4165 4194 4648
3 4259 4014 4261
3 4014 4016 4002
3 4195 4648 4194
3 4261 4014 4002
3 4004 4018 4020
3 4262 4004 4020
3 4020 4022 4262
3 4169 4199 4201
3 4201 4202 4169
3 4169 4202 4172
3 4202 4203 4172
3 4172 4203 4173
3 4203 4204 4173
3 4173 4204 4174
3 4204 4205 4174
3 4174 4205 4175
3 4205 4206 4175
3 4175 4206 4176
3 4206 4207 4176
3 4176 4207 4177
3 4207 4208 4177
3 4177 4208 4178
3 4208 4209 4178
3 4178 4209 4179
3 4209 4210 4179
3 4179 4210 4180
3 4210 4211 4180
3 4180 4211 4181
3 4286 4024 4265
3 4659 4182 4211
3 4211 4182 4181
3 4183 4182 4659
3 4214 4183 4659
3 4184 4183 4214
3 4216 4184 4214
3 4265 4024 4006
3 4216 4217 4184
3 4184 4217 4185
3 4217 4218 4185
3 4185 4218 4186
3 4218 4219 4186
3 4186 4219 4187
3 4219 4220 4187
3 4187 4220 4188
3 4220 4221 4188
3 4188 4221 4189
3 4221 4222 4189
3 4189 4222 4190
3 4222 4223 4190
3 4190 4223 4191
3 4223 4224 4191
3 4191 4224 4192
3 4224 4225 4192
3 4192 4225 4193
3 4225 4226 4193
3 4193 4226 4194
3 4226 4227 4194
3 4194 4227 4195
3 4268 4266 4007
3 4026 4268 4007
3 4228 4195 4227
3 4026 4030 4268
3 4034 4036 4275
3 4036 4038 4259
3 4232 4233 4199
3 4199 4233 4201
3 4233 4234 4201
3 4201 4234 4202
3 4234 4235 4202
3 4202 4235 4203
3 4235 4236 4203
3 4203 4236 4204
3 4236 4205 4204
3 4275 4036 4259
3 4205 4239 4206
3 4038 4014 4259
3 4009 4014 4038
3 4207 4206 4239
3 4016 4014 4009
3 3826 4020 4018
3 4020 4040 4022
3 3826 4040 4020
3 4022 4040 4042
3 4022 4042 4278
3 4042 4044 4278
3 4024 4286 4049
3 4050 4024 4049
3 4028 4030 4026
3 3833 4032 4028
3 4032 4030 4028
3 3835 4034 3833
3 4034 4032 3833
3 3836 4036 3835
3 4036 4034 3835
3 4038 4036 3836
3 3854 4042 4040
3 4249 4221 4220
3 4222 4221 4249
3 4250 4222 4249
3 3868 4044 3854
3 4250 4267 4222
3 4222 4267 4223
3 4267 4253 4223
3 4223 4253 4224
3 4253 4254 4224
3 4224 4254 4225
3 4254 4255 4225
3 4225 4255 4226
3 4255 4256 4226
3 4226 4256 4227
3 4256 4258 4227
3 4227 4258 4228
3 4044 4042 3854
3 3870 4046 3868
3 4046 4044 3868
3 4048 4046 3870
3 4050 4049 3870
3 4232 4276 4233
3 4276 4694 4234
3 4049 4048 3870
3 4276 4234 4233
3 4235 4234 4694
3 4081 4288 3882
3 3882 4288 4051
3 4288 4289 4051
3 4051 4289 4052
3 4289 4290 4052
3 4052 4290 4064
3 4290 4082 4064
3 4064 4082 4086
3 4089 4091 4067
3 4067 4091 4077
3 4091 4291 4077
3 4077 4291 4078
3 4270 4255 4254
3 4291 4292 4078
3 4270 4277 4255
3 4255 4277 4256
3 4277 4274 4256
3 4256 4274 4258
3 4078 4292 4079
3 4292 4297 4079
3 4079 4297 4080
3 4093 4301 4287
3 4081 4093 4287
3 4288 4081 4287
3 4082 4290 4302
3 4304 4086 4082
3 4304 4082 4302
3 4095 4086 4304
3 4087 4086 4095
3 3895 3897 4294
3 4087 4095 4088
3 3897 3898 4295
3 4294 3897 4295
3 3898 3899 4296
3 4295 3898 4296
3 3899 3900 4283
3 4296 3899 4283
3 4097 4099 3903
3 4283 3900 4284
3 4089 4099 4101
3 3903 4099 4089
3 4285 3909 4306
3 4091 4089 4101
3 3909 3910 4307
3 4306 3909 4307
3 3910 3911 4308
3 4307 3910 4308
3 3911 3705 4310
3 4308 3911 4310
3 3705 3913 4310
3 4309 4091 4101
3 4291 4091 4309
3 4080 4297 4298
3 4313 3895 4293
3 3927 3895 4313
3 4298 4299 4092
3 3927 3716 3895
3 4294 4293 3895
3 4080 4298 4092
3 4301 4093 4105
3 4103 4301 4105
3 4095 4304 4305
3 4106 4088 4095
3 4305 4106 4095
3 4106 4107 4088
3 3916 4109 4097
3 4798 4283 4284
3 4099 4097 4109
3 4284 4300 4798
3 4284 3918 4300
3 4316 4099 4109
3 3918 3919 3933
3 4300 3918 3933
3 4101 4099 4316
3 4112 4092 4299
3 3934 3923 4303
3 4314 4112 4299
3 4303 4285 4799
3 4105 4120 4103
3 4303 3923 4285
3 4305 4318 4106
3 4306 4799 4285
3 4318 4107 4106
3 4124 4109 3916
3 4109 4124 4316
3 4316 4124 4341
3 4314 4115 4112
3 4115 4314 4126
3 4120 4127 4103
3 4127 4120 4128
3 4122 4318 4340
3 4310 4311 4823
3 4347 4156 4126
3 4127 4128 4350
3 4310 3913 4311
3 4350 4128 4136
3 4350 4136 4157
3 4136 4138 4157
3 4138 4321 4352
3 4313 3941 3927
3 4321 4138 4140
3 3941 4313 4325
3 4322 4321 4140
3 4322 4140 3952
3 3726 4332 3933
3 4323 4322 3952
3 3952 4340 4323
3 4814 3933 4332
3 3933 4814 4300
3 4122 4340 3952
3 4341 4142 4342
3 4342 4142 4143
3 4343 4342 4143
3 4343 4143 4150
3 4319 3934 4333
3 4303 4333 3934
3 4345 4343 4150
3 4345 4150 4152
3 4161 4345 4152
3 4823 3939 4324
3 4152 4154 4161
3 3939 4823 4311
3 4161 4154 4166
3 4154 4156 4346
3 4166 4154 4346
3 4166 4346 4559
3 4156 4347 4346
3 3941 4325 4326
3 3941 4326 3942
3 3942 4326 4327
3 3942 4327 3943
3 3943 4327 4328
3 3943 4328 3944
3 3944 4328 4329
3 3944 4329 3945
3 3945 4329 4330
3 3945 4330 3930
3 3930 4330 4331
3 4332 3726 3930
3 4138 4352 4157
3 4332 3930 4331
3 4359 4353 4168
3 4353 4360 4168
3 3947 4319 4333
3 4200 4368 4354
3 3947 4333 4334
3 3947 4334 3948
3 3948 4334 4335
3 3948 4335 3949
3 3949 4335 4336
3 3949 4336 3950
3 3950 4336 4337
3 3950 4337 3951
3 3951 4337 4338
3 3951 4338 3939
3 3939 4338 4339
3 4230 4215 4355
3 4167 4230 4355
3 4324 3939 4339
3 4359 4167 4355
3 4168 4167 4359
3 4360 4170 4168
3 4361 4170 4360
3 4883 3955 4344
3 3955 3956 4344
3 3956 4854 4344
3 3956 3957 4854
3 3957 4856 4854
3 3957 3958 4856
3 3958 4348 4856
3 3958 3961 4348
3 4361 4171 4170
3 4362 4171 4361
3 3961 4349 4348
3 4364 4171 4362
3 4231 4171 4364
3 3961 4351 4349
3 4196 4372 4365
3 4240 4372 4196
3 4365 4197 4196
3 4366 4197 4365
3 4366 4198 4197
3 4368 4198 4366
3 3966 4357 4356
3 3966 3967 4357
3 3967 4358 4357
3 3967 3968 4358
3 3968 4864 4358
3 3968 3969 4864
3 3969 4866 4864
3 3969 3972 4866
3 4200 4198 4368
3 4212 4200 4354
3 4369 4213 4212
3 3972 4363 4866
3 4369 4212 4354
3 4370 4213 4369
3 4215 4229 4242
3 4230 4229 4215
3 4367 3955 4883
3 4364 4237 4231
3 3955 4367 3985
3 4240 4238 4372
3 3976 4351 3961
3 4370 4241 4213
3 4241 4370 4375
3 4246 4242 4245
3 4351 4371 4876
3 4371 4351 3976
3 4237 4381 4243
3 4243 4381 4247
3 4247 4248 4243
3 3999 4251 4244
3 4244 4251 4238
3 4374 3992 4356
3 4238 4251 4382
3 4375 4252 4241
3 4245 4257 4385
3 3972 4376 4363
3 4246 4245 4385
3 4377 4260 4381
3 4376 3972 4378
3 4260 4261 4247
3 4381 4260 4247
3 4261 4248 4247
3 3985 4367 4379
3 4262 4251 3999
3 4251 4262 4263
3 4382 4251 4263
3 4263 4264 4382
3 4410 4265 4252
3 4375 4410 4252
3 4388 4385 4257
3 4266 4388 4257
3 4266 4269 4388
3 4272 4273 4397
3 4273 4275 4377
3 4387 4389 4008
3 4397 4273 4377
3 4275 4260 4377
3 4259 4260 4275
3 3989 4389 4876
3 3989 4008 4389
3 4371 3989 4876
3 4261 4260 4259
3 4022 4263 4262
3 4263 4278 4264
3 4022 4278 4263
3 4374 3996 3992
3 4264 4278 4279
3 3996 4374 4391
3 3996 4391 4012
3 4282 4286 4406
3 4265 4410 4406
3 4391 4394 4012
3 4286 4265 4406
3 4268 4269 4266
3 4030 4271 4268
3 4271 4269 4268
3 4032 4272 4030
3 4272 4271 4030
3 4400 4401 4402
3 4034 4273 4032
3 4273 4272 4032
3 4402 4376 4378
3 4402 4401 4376
3 4275 4273 4034
3 4044 4279 4278
3 4046 4280 4044
3 4280 4279 4044
3 4048 4281 4046
3 4003 3792 4379
3 4384 4003 4379
3 4005 4003 4384
3 4386 4005 4384
3 4008 4005 4386
3 4387 4008 4386
3 4281 4280 4046
3 4049 4282 4048
3 4282 4281 4048
3 4286 4282 4049
3 4301 4472 4287
3 4394 4015 4012
3 4017 4015 4394
3 4396 4017 4394
3 4019 4017 4396
3 4398 4019 4396
3 4021 4019 4398
3 4400 4021 4398
3 4402 4021 4400
3 4287 4472 4288
3 4472 4476 4288
3 4288 4476 4289
3 4476 4477 4289
3 4289 4477 4290
3 4477 4480 4290
3 4290 4480 4302
3 4309 4312 4291
3 4291 4312 4292
3 4312 4492 4292
3 4292 4492 4297
3 4492 4495 4297
3 4416 4417 4403
3 4403 4417 4407
3 4297 4495 4298
3 4977 4407 4419
3 4419 4407 4417
3 4419 4420 4421
3 4977 4419 4421
3 4495 4508 4298
3 4421 4420 4423
3 4298 4508 4299
3 4301 4103 4471
3 4472 4301 4471
3 4302 4480 4481
3 4315 4302 4481
3 4315 4304 4302
3 4304 4315 4305
3 4316 4317 4101
3 4432 4434 4994
3 4309 4317 4513
3 4409 4994 4434
3 4309 4101 4317
3 4312 4309 4517
3 4517 4309 4513
3 4409 4438 4413
3 4492 4312 4517
3 4299 4508 4510
3 4314 4510 4875
3 4314 4299 4510
3 4479 4441 4416
3 4416 4441 4417
3 4441 4442 4417
3 4417 4442 4419
3 4442 4443 4419
3 4419 4443 4420
3 4443 4444 4420
3 4420 4444 4423
3 4444 4445 4423
3 4423 4445 4425
3 4471 4103 4522
3 5003 4425 4447
3 4447 4425 4445
3 4447 4448 4449
3 5003 4447 4449
3 4524 4315 4481
3 4449 4448 4451
3 4524 4305 4315
3 4524 4318 4305
3 4341 4320 4316
3 4317 4316 4320
3 4526 4317 4320
3 4513 4317 4526
3 4314 4527 4126
3 4314 4875 4527
3 4103 4127 4549
3 4522 4103 4549
3 4524 4538 4340
3 4524 4340 4318
3 4341 4543 4320
3 4126 4888 4347
3 4527 4888 4126
3 4549 4127 4350
3 4468 4470 5030
3 4321 4322 4534
3 4427 5030 4470
3 4534 4322 4323
3 4536 4534 4323
3 4536 4323 4340
3 4427 4473 4431
3 4473 4474 4431
3 4431 4474 4432
3 4474 4475 4432
3 4432 4475 4434
3 4475 4509 4434
3 4434 4509 4409
3 4509 4478 4409
3 4409 4478 4438
3 4538 4536 4340
3 4543 4341 4342
3 4545 4543 4342
3 4545 4342 4343
3 4554 4545 4343
3 4479 4511 4441
3 4511 4482 4441
3 4441 4482 4442
3 4482 4483 4442
3 4442 4483 4443
3 4483 4484 4443
3 4443 4484 4444
3 4484 4485 4444
3 4444 4485 4445
3 4485 4486 4445
3 4445 4486 4447
3 4486 4487 4447
3 4447 4487 4448
3 4487 4488 4448
3 4448 4488 4451
3 4488 4489 4451
3 4451 4489 4453
3 4489 4490 4453
3 4453 4490 4455
3 4490 4491 4455
3 4455 4491 4457
3 4554 4343 4345
3 5038 4457 4493
3 4493 4457 4491
3 4493 4494 5039
3 5038 4493 5039
3 4494 4496 4497
3 5039 4494 4497
3 4554 4345 4161
3 4497 4496 4461
3 4461 4496 4498
3 4498 4499 4461
3 4461 4499 4463
3 4499 4500 4463
3 4463 4500 4465
3 4500 4501 4465
3 4465 4501 4467
3 4501 4502 4467
3 4467 4502 4468
3 4502 4503 4468
3 4468 4503 4470
3 4503 4504 4470
3 4470 4504 4427
3 4504 4505 4427
3 4427 4505 4473
3 4505 4506 4473
3 4473 4506 4474
3 4506 4507 4474
3 4474 4507 4475
3 4507 4509 4475
3 4346 4347 4548
3 4559 4346 4548
3 4347 4888 4548
3 4550 4549 4350
3 4550 4157 4551
3 4350 4157 4550
3 4551 4157 4352
3 4352 4321 4553
3 4511 4525 4482
3 4525 4514 4482
3 4482 4514 4483
3 4514 4515 4483
3 4483 4515 4484
3 4515 4516 4484
3 4484 4516 4485
3 4516 4023 4485
3 4485 4023 4486
3 4534 4553 4321
3 4025 4487 4023
3 4487 4486 4023
3 4027 4487 4025
3 4488 4487 4027
3 4029 4488 4027
3 4489 4488 4029
3 4031 4489 4029
3 4490 4489 4031
3 4033 4490 4031
3 4491 4490 4033
3 4035 4491 4033
3 4493 4491 4035
3 4037 4493 4035
3 4494 4493 4037
3 4039 4494 4037
3 4496 4494 4039
3 4041 4496 4039
3 4498 4496 4041
3 4043 4498 4041
3 4499 4498 4043
3 4045 4499 4043
3 4500 4499 4045
3 4047 4500 4045
3 4501 4500 4047
3 4554 4161 4558
3 4502 4501 4047
3 4518 4502 4047
3 4558 4161 4166
3 4518 4503 4502
3 4518 4519 4503
3 4503 4519 4504
3 4519 4520 4504
3 4504 4520 4505
3 4520 4521 4505
3 4505 4521 4506
3 4521 4523 4506
3 4506 4523 4507
3 4560 4355 4574
3 4359 4560 4561
3 4523 4509 4507
3 4359 4355 4560
3 4561 4353 4359
3 4567 4353 4561
3 4360 4353 4567
3 4525 4537 4514
3 4537 4539 4514
3 4514 4539 4515
3 4539 4529 4515
3 4515 4529 4516
3 4529 4530 4516
3 4516 4530 4023
3 4567 4361 4360
3 4066 4023 4530
3 4568 4368 4580
3 4531 4518 4065
3 4531 4532 4518
3 4518 4532 4519
3 4532 4533 4519
3 4519 4533 4520
3 4533 4535 4520
3 4520 4535 4521
3 4368 4568 4569
3 4569 4354 4368
3 4535 4523 4521
3 4571 4354 4569
3 4573 4354 4571
3 4369 4354 4573
3 4573 4583 4369
3 4584 4574 4215
3 4355 4215 4574
3 4539 4540 4529
3 4540 4541 4529
3 4529 4541 4530
3 4941 4362 4361
3 4066 4530 4542
3 4530 4541 4542
3 4941 4364 4362
3 4542 4068 4066
3 4949 4364 4941
3 4586 4365 4372
3 4579 4365 4586
3 4579 4366 4365
3 4580 4366 4579
3 4065 4544 4531
3 4544 4546 4531
3 4546 4547 4531
3 4531 4547 4532
3 4368 4366 4580
3 5066 4533 4547
3 4547 4533 4532
3 4535 4533 5066
3 4583 4370 4369
3 4370 4583 4587
3 4215 4242 4588
3 4584 4215 4588
3 4552 4541 4540
3 4364 4949 4591
3 4552 4570 4541
3 4541 4570 4542
3 4570 4555 4542
3 4542 4555 4068
3 4068 4556 4069
3 4237 4364 4591
3 4068 4555 4556
3 4069 4557 4070
3 4556 4557 4069
3 4373 4586 4372
3 4557 4083 4070
3 4373 4372 4238
3 4370 4597 4375
3 4587 4597 4370
3 4246 4588 4242
3 4246 4598 4588
3 4590 4610 4380
3 4380 4381 4591
3 4590 4380 4591
3 4075 4563 4076
3 4562 4563 4075
3 4076 4564 4062
3 4563 4564 4076
3 4381 4237 4591
3 4062 4564 4544
3 4564 4565 4544
3 4565 4566 4544
3 4382 4373 4238
3 4373 4382 4383
3 5075 4546 4566
3 4566 4546 4544
3 4547 4546 5075
3 4373 4383 4592
3 4592 4383 4613
3 4595 4375 4597
3 4601 4598 4246
3 4572 4555 4570
3 4556 4555 4572
3 4601 4246 4385
3 4385 4390 4601
3 4572 4585 4556
3 4556 4585 4557
3 4585 4575 4557
3 4557 4575 4083
3 4575 4576 4083
3 4083 4576 4084
3 4576 4577 4084
3 4084 4577 4085
3 4577 4578 4085
3 4085 4578 4562
3 4393 4395 4609
3 4395 4397 4609
3 4609 4397 4610
3 4562 4581 4563
3 4581 4582 4564
3 4610 4377 4380
3 4581 4564 4563
3 4565 4564 4582
3 4610 4397 4377
3 4381 4380 4377
3 4264 4383 4382
3 4613 4383 4264
3 4613 4264 4279
3 4279 4399 4613
3 4613 4399 4974
3 4399 4404 4974
3 4408 4410 4619
3 4595 4410 4375
3 4595 4619 4410
3 4388 4390 4385
3 4269 4392 4388
3 4392 4390 4388
3 4271 4393 4269
3 4393 4392 4269
3 4272 4395 4271
3 4395 4393 4271
3 4397 4395 4272
3 4280 4399 4279
3 4281 4404 4280
3 4404 4399 4280
3 4282 4405 4281
3 4405 4404 4281
3 4406 4408 4282
3 4408 4405 4282
3 4410 4408 4406
3 4604 4605 4606
3 4666 4667 4411
3 4411 4667 4412
3 4605 4090 4606
3 4606 4090 5113
3 4090 4094 5113
3 4094 5115 5113
3 4667 4669 4412
3 4593 5115 4096
3 5115 4094 4096
3 4098 4593 4096
3 4596 4593 4098
3 4100 4596 4098
3 4599 4596 4100
3 4412 4669 4414
3 4599 4100 5122
3 4100 4102 5122
3 4102 4104 5122
3 4669 4682 4414
3 4104 4611 4612
3 4414 4682 4415
3 4104 4612 5122
3 4682 4683 4415
3 4612 4611 4614
3 4415 4683 4418
3 4683 4685 4418
3 4418 4685 4688
3 4422 4703 4424
3 4620 4131 4622
3 4424 4662 4426
3 4703 4662 4424
3 4131 4108 4600
3 4131 4600 4622
3 4428 4426 4662
3 4110 4600 4108
3 4604 4600 4110
3 4605 4604 4110
3 4666 4428 4662
3 4429 4428 4666
3 4411 4429 4666
3 4430 4429 4411
3 4614 4611 4123
3 4125 4614 4123
3 4616 4614 4125
3 4412 4430 4411
3 4125 4623 4616
3 4125 4624 4623
3 4433 4430 4412
3 4414 4433 4412
3 4623 4624 4626
3 4435 4433 4414
3 4415 4435 4414
3 4629 4145 4632
3 4436 4435 4415
3 4418 4436 4415
3 4145 4129 4620
3 4145 4620 4632
3 4437 4436 4418
3 4131 4620 4129
3 4688 4437 4418
3 4439 4437 4688
3 4693 4439 4688
3 4693 4440 4439
3 4626 4624 4139
3 4693 4704 4440
3 4139 5142 4626
3 4139 4634 5142
3 4440 4704 4706
3 4422 4446 4737
3 5142 4634 4636
3 4424 4446 4422
3 4450 4446 4424
3 4426 4450 4424
3 4452 4450 4426
3 4141 4629 4640
3 4428 4452 4426
3 4145 4629 4141
3 4454 4452 4428
3 4429 4454 4428
3 4456 4454 4429
3 4430 4456 4429
3 4636 4634 4153
3 4458 4456 4430
3 4153 4641 4636
3 4433 4458 4430
3 4459 4458 4433
3 4435 4459 4433
3 4652 4645 4646
3 4155 4640 4646
3 4460 4459 4435
3 4436 4460 4435
3 4155 4646 4645
3 4155 4141 4640
3 4648 4641 4153
3 4462 4460 4436
3 4648 4643 4641
3 4437 4462 4436
3 4464 4462 4437
3 4648 5163 4643
3 4658 4651 4652
3 4169 4645 4652
3 4439 4464 4437
3 4466 4464 4439
3 4169 4652 4651
3 4169 4155 4645
3 4440 4466 4439
3 4469 4466 4440
3 4195 5163 4648
3 4706 4469 4440
3 4706 4746 4469
3 4471 4861 4472
3 5165 4657 4658
3 4199 4651 4658
3 4861 4862 4472
3 4472 4862 4476
3 4199 4658 4657
3 4199 4169 4651
3 4862 4868 4476
3 4476 4868 4477
3 4868 4869 4477
3 4477 4869 4480
3 4869 4512 4480
3 4480 4512 4481
3 4228 5163 4195
3 4517 4870 4492
3 4228 5169 5163
3 4228 4663 5169
3 4492 4870 4495
3 4663 5175 5169
3 4870 4871 4495
3 4495 4871 4508
3 5165 4665 4657
3 4657 4665 4668
3 4668 4199 4657
3 4232 4199 4668
3 4871 4873 4508
3 4239 4670 4207
3 4508 4873 4510
3 4207 4671 4208
3 4670 4671 4207
3 4208 4672 4209
3 4671 4672 4208
3 4209 4673 4210
3 4672 4673 4209
3 4210 4674 4211
3 4673 4674 4210
3 4873 4874 4510
3 4211 4674 4659
3 4674 4675 4659
3 4675 4676 4659
3 4659 4676 4214
3 4676 4677 4214
3 4214 4677 4216
3 4216 4678 4217
3 4874 4875 4510
3 4216 4677 4678
3 4217 4679 4218
3 4678 4679 4217
3 4218 4680 4219
3 4679 4680 4218
3 4219 4681 4220
3 4680 4681 4219
3 4878 4471 4522
3 4681 4249 4220
3 4471 4878 4861
3 4512 4869 4880
3 5365 4481 4512
3 4258 4663 4228
3 4684 4663 4258
3 5365 4512 4880
3 5175 4663 4687
3 4687 4663 4684
3 4524 4481 5365
3 4513 4526 4882
3 4517 4513 4882
3 4884 4517 4882
3 4665 4689 4691
3 4691 4692 4665
3 4665 4692 4668
3 4692 4232 4668
3 4276 4232 4692
3 4870 4517 4884
3 4527 4875 4898
3 4878 4522 4549
3 4235 4695 4236
3 4694 4695 4235
3 4236 4696 4205
3 4695 4696 4236
3 4528 4878 4549
3 4205 4696 4239
3 4696 4697 4239
3 4524 5365 4538
3 5186 4670 4697
3 4697 4670 4239
3 4671 4670 5186
3 4700 4671 5186
3 4672 4671 4700
3 4892 4320 4543
3 4892 4526 4320
3 4882 4526 4892
3 4888 4527 4898
3 4549 4900 4528
3 4534 4536 4890
3 4534 4890 4911
3 4890 4536 4538
3 5365 4890 4538
3 4895 4892 4543
3 4895 4543 4545
3 5388 4895 4545
3 5388 4545 4554
3 4888 4898 4920
3 4888 4920 4548
3 4902 4900 4549
3 4709 4680 4679
3 4681 4680 4709
3 4710 4681 4709
3 4249 4681 4710
3 4712 4249 4710
3 4902 4550 4904
3 4712 4713 4249
3 4249 4713 4250
3 4549 4550 4902
3 4267 4250 4714
3 4250 4713 4714
3 4267 4715 4253
3 4714 4715 4267
3 4253 4716 4254
3 4715 4716 4253
3 4904 4550 4551
3 4716 4270 4254
3 4906 4904 4551
3 4274 4684 4258
3 4718 4684 4274
3 4718 4719 4684
3 4684 4719 4687
3 4906 4551 4352
3 4908 4906 4352
3 4720 4687 4719
3 4908 4352 4553
3 4689 4723 4724
3 4909 4908 4553
3 4724 4725 4689
3 4689 4725 4691
3 4725 4726 4691
3 4691 4726 4692
3 4553 4911 4909
3 4276 4692 4727
3 4692 4726 4727
3 4534 4911 4553
3 4727 4728 4276
3 5388 4554 4913
3 4276 4728 4694
3 4728 4729 4694
3 4729 4730 4694
3 4913 4554 4558
3 4914 4913 4558
3 5204 4695 4730
3 4730 4695 4694
3 4696 4695 5204
3 4914 4558 4166
3 4916 4914 4166
3 4916 4166 4559
3 4918 4916 4559
3 4559 4920 4918
3 4548 4920 4559
3 4921 4574 4940
3 4560 4921 4922
3 4738 4715 4714
3 4574 4921 4560
3 4738 4739 4715
3 4715 4739 4716
3 4739 4740 4716
3 4716 4740 4270
3 4922 4561 4560
3 4277 4270 4741
3 4270 4740 4741
3 4277 4742 4274
3 4741 4742 4277
3 4924 4561 4922
3 4274 4742 4718
3 4742 4743 4718
3 4743 4744 4718
3 4718 4744 4719
3 4744 4745 4719
3 4719 4745 4720
3 4720 4745 5225
3 4924 4567 4561
3 4925 4567 4924
3 4361 4567 4925
3 4723 4748 4724
3 4724 4748 4750
3 4750 4751 4724
3 4724 4751 4725
3 4751 4752 4725
3 4725 4752 4726
3 4752 4753 4726
3 4726 4753 4727
3 4753 4755 4727
3 4727 4755 4728
3 4755 4756 4729
3 4925 4941 4361
3 4755 4729 4728
3 4730 4729 4756
3 4926 4580 4943
3 4568 4926 4929
3 4580 4926 4568
3 4929 4569 4568
3 4759 4740 4739
3 4930 4569 4929
3 4759 4777 4740
3 4740 4777 4741
3 4777 4762 4741
3 4741 4762 4742
3 4762 4763 4742
3 4742 4763 4743
3 4763 4764 4743
3 4743 4764 4744
3 4764 4765 4744
3 4744 4765 4745
3 4930 4571 4569
3 4935 4571 4930
3 5225 4745 4765
3 4935 4573 4571
3 4936 4573 4935
3 4938 4573 4936
3 4785 4771 4748
3 4748 4771 4750
3 4771 4772 4750
3 4750 4772 4751
3 4772 4752 4751
3 4583 4573 4938
3 4752 4775 4753
3 4940 4574 4584
3 4940 4584 4947
3 4755 4753 4775
3 4956 4949 4941
3 4958 4579 4586
3 4943 4579 4958
3 4580 4579 4943
3 4778 4762 4777
3 4587 4583 4938
3 4778 4789 4762
3 4762 4789 4763
3 4789 4781 4763
3 4763 4781 4764
3 4781 4782 4764
3 4764 4782 4765
3 4782 4784 4765
3 4765 4784 5225
3 4584 4588 4961
3 4947 4584 4961
3 4589 4590 4949
3 4949 4590 4591
3 5269 4771 4785
3 4772 4771 5269
3 4373 4958 4586
3 4592 4958 4373
3 4592 4960 4958
3 4592 4594 4960
3 4986 4597 4587
3 4961 4588 4598
3 4790 4781 4789
3 4782 4781 4790
3 4791 4782 4790
3 4784 4782 4791
3 5282 4784 4791
3 4602 4961 4598
3 4313 4293 4807
3 4293 4294 4808
3 4807 4293 4808
3 4294 4295 4810
3 4808 4294 4810
3 4295 4296 4810
3 4608 4609 4973
3 4296 4283 4797
3 4810 4296 4797
3 4609 4610 4589
3 4797 4283 4798
3 4973 4609 4589
3 4610 4590 4589
3 4799 4306 4800
3 4592 4613 4594
3 4306 4307 4819
3 4800 4306 4819
3 4307 4308 4820
3 4819 4307 4820
3 4308 4310 4821
3 4820 4308 4821
3 4594 4613 4974
3 4821 4310 4822
3 4310 4823 4822
3 4805 4325 4313
3 4595 4986 4619
3 4595 4597 4986
3 4602 4598 4601
3 4807 4805 4313
3 4390 4603 4601
3 4603 4602 4601
3 4392 4607 4390
3 4607 4603 4390
3 4393 4608 4392
3 4608 4607 4392
3 4609 4608 4393
3 5944 4810 4797
3 4798 5944 4797
3 5345 5944 4798
3 4404 4615 4974
3 4798 4814 5345
3 4405 4617 4404
3 4798 4300 4814
3 4617 4615 4404
3 4408 4618 4405
3 4333 4799 5347
3 4618 4617 4405
3 4333 4303 4799
3 4619 4618 4408
3 4800 5347 4799
3 5120 5057 4621
3 4819 5347 4800
3 4625 4621 5057
3 5060 4625 5057
3 4627 4625 5060
3 5063 4627 5060
3 4628 4627 5063
3 5067 4628 5063
3 4630 4628 5067
3 5074 4630 5067
3 4631 4630 5074
3 5078 4631 5074
3 4633 4631 5078
3 5080 4633 5078
3 4635 4633 5080
3 4805 4825 4325
3 5082 4635 5080
3 4843 4326 4825
3 4326 4325 4825
3 4637 4635 5082
3 4843 4327 4326
3 5084 4637 5082
3 4638 4637 5084
3 4328 4830 4329
3 5086 4638 5084
3 5360 4329 4830
3 4639 4638 5086
3 5360 4330 4329
3 4330 5360 4331
3 4331 5360 4833
3 5089 4639 5086
3 4814 4332 4833
3 4833 4332 4331
3 4642 4639 5089
3 5091 4642 5089
3 5145 4642 5091
3 5124 5145 5091
3 4333 5369 4334
3 4334 5369 4335
3 4335 5369 4837
3 4625 5157 4621
3 4836 4336 4837
3 4336 4335 4837
3 5157 4625 4627
3 4836 4337 4336
3 4644 5157 4627
3 4628 4644 4627
3 4338 4841 4339
3 4647 4644 4628
3 4630 4647 4628
3 4841 4842 4339
3 4842 4324 4339
3 4324 4842 4823
3 4649 4647 4630
3 4631 4649 4630
3 4650 4649 4631
3 4844 4327 4843
3 4328 4327 4844
3 4845 4328 4844
3 4830 4328 4845
3 4633 4650 4631
3 4653 4650 4633
3 4635 4653 4633
3 4637 4653 4635
3 4848 4337 4836
3 4338 4337 4848
3 4849 4338 4848
3 4841 4338 4849
3 4654 4653 4637
3 4638 4654 4637
3 4655 4654 4638
3 4853 4854 4855
3 4639 4655 4638
3 4642 4655 4639
3 4855 4854 4856
3 5141 4655 4642
3 5145 5141 4642
3 4647 5159 4644
3 4649 5160 4647
3 4863 4864 4865
3 5160 5159 4647
3 4864 4866 4867
3 4865 4864 4867
3 4650 5162 4649
3 4867 4866 5415
3 5162 5160 4649
3 4653 5166 4650
3 5166 5162 4650
3 5217 5212 4660
3 4853 4872 4344
3 4872 4883 4344
3 4854 4853 4344
3 4660 5212 4661
3 5212 5213 4661
3 4661 4656 4664
3 5213 4656 4661
3 4859 4856 4348
3 4667 4664 4656
3 4859 4348 4894
3 5201 4667 4656
3 4348 4349 4894
3 4669 4667 5201
3 5203 4669 5201
3 4876 4894 4351
3 4351 4894 4349
3 4682 4669 5203
3 4374 4356 4877
3 5208 4682 5203
3 4877 4356 4879
3 4683 4682 5208
3 4356 4357 4879
3 4357 5961 4879
3 5961 4358 4863
3 5209 4683 5208
3 5961 4357 4358
3 4864 4863 4358
3 4685 4683 5209
3 4686 4685 5209
3 5210 4686 5209
3 5210 4690 4686
3 5210 5214 4690
3 4690 5214 4698
3 5415 4866 4881
3 4866 4363 4881
3 4363 5446 4881
3 5214 5633 4698
3 4698 5633 5215
3 4699 5216 4701
3 4701 5217 4702
3 5216 5217 4701
3 4367 4883 4885
3 4703 4702 5217
3 4660 4703 5217
3 4703 4660 4661
3 4703 4661 4662
3 4666 4662 4664
3 4664 4662 4661
3 4667 4666 4664
3 4688 4685 4686
3 4893 4894 4389
3 4693 4688 4690
3 4690 4688 4686
3 4690 4698 4704
3 4693 4690 4704
3 4876 4389 4894
3 4705 4704 4698
3 5215 4705 4698
3 5215 4707 4705
3 4374 4877 4896
3 4374 4896 4391
3 5215 5219 4707
3 4707 5219 5224
3 4896 4899 4391
3 4708 5226 4711
3 4711 4699 4717
3 5226 4699 4711
3 4721 4717 4699
3 4701 4721 4699
3 4721 4701 4702
3 4422 4721 4702
3 4703 4422 4702
3 4706 4704 4705
3 4705 4707 4722
3 4907 5446 4376
3 4706 4705 4722
3 4363 4376 5446
3 4379 4367 4885
3 4731 4722 4707
3 4887 4379 4885
3 4384 4379 4887
3 4889 4384 4887
3 4386 4384 4889
3 4891 4386 4889
3 4387 4386 4891
3 4893 4387 4891
3 4389 4387 4893
3 5224 4731 4707
3 5224 4732 4731
3 5227 4732 5224
3 4732 5227 4733
3 4899 4394 4391
3 4396 4394 4899
3 4901 4396 4899
3 4398 4396 4901
3 4903 4398 4901
3 4400 4398 4903
3 4905 4400 4903
3 4401 4400 4905
3 4907 4401 4905
3 4401 4907 4376
3 5227 5229 4733
3 4910 4912 5501
3 5500 4910 5501
3 5233 4708 4734
3 5501 4912 4915
3 4735 4734 4708
3 4711 4735 4708
3 4736 4735 4711
3 4717 4736 4711
3 4737 4736 4717
3 4721 4737 4717
3 4923 4927 5511
3 4737 4721 4422
3 4746 4706 4722
3 4747 4746 4722
3 4731 4747 4722
3 4749 4747 4731
3 4732 4749 4731
3 4950 4931 4910
3 4910 4931 4912
3 4931 4932 4912
3 4912 4932 4915
3 4932 4933 4915
3 4915 4933 4917
3 4754 4749 4732
3 4733 4754 4732
3 4934 4917 4933
3 4733 4757 4754
3 5229 4757 4733
3 5229 5658 4757
3 4758 5233 4760
3 4939 4942 5531
3 5230 5233 4758
3 4919 5531 4942
3 4761 4760 5233
3 4734 4761 5233
3 4766 4761 4734
3 4919 4945 4923
3 4945 4946 4923
3 4923 4946 4927
3 4946 4948 4927
3 4735 4766 4734
3 4767 4766 4735
3 4928 4927 4948
3 4736 4767 4735
3 4768 4767 4736
3 4737 4768 4736
3 4950 4951 4931
3 4951 4952 4931
3 4931 4952 4932
3 4952 4953 4932
3 4932 4953 4933
3 4953 4954 4933
3 4933 4954 4934
3 4954 4955 4934
3 4934 4955 4937
3 4769 4768 4737
3 5537 4937 4957
3 4957 4937 4955
3 4446 4769 4737
3 5537 4957 4959
3 4769 4446 4770
3 4446 4450 4770
3 4963 4964 5548
3 4770 4450 4773
3 4939 5548 4964
3 4450 4452 4773
3 4939 4964 4966
3 4966 4967 4939
3 4939 4967 4942
3 4967 4968 4942
3 4942 4968 4919
3 4968 4969 4919
3 4919 4969 4945
3 4969 4970 4945
3 4945 4970 4946
3 4773 4452 4774
3 5570 4948 4970
3 4970 4948 4946
3 4452 4454 4774
3 4774 4454 4776
3 4951 4950 4999
3 4999 4975 4951
3 4951 4975 4952
3 4975 4976 4952
3 4952 4976 4953
3 4454 4456 4776
3 4403 4954 4976
3 4954 4953 4976
3 4407 4954 4403
3 4955 4954 4407
3 4776 4456 4779
3 4407 4977 4955
3 4977 4957 4955
3 4977 4421 4957
3 4957 4421 4959
3 4456 4458 4779
3 5554 4959 4980
3 4980 4959 4421
3 4980 4981 4982
3 5554 4980 4982
3 4779 4458 4780
3 4982 4981 4984
3 4458 4459 4780
3 4780 4459 4783
3 4459 4460 4783
3 4783 4460 4786
3 4989 4991 4992
3 4460 4462 4786
3 4786 4462 4787
3 4992 4991 4963
3 4963 4991 4993
3 4993 4994 4963
3 4963 4994 4964
3 4462 4464 4787
3 4409 4966 4994
3 4966 4964 4994
3 4413 4966 4409
3 4967 4966 4413
3 4787 4464 4788
3 4413 4995 4967
3 4995 4968 4967
3 4995 4996 4968
3 4968 4996 4969
3 4996 4998 4969
3 4969 4998 4970
3 4464 4466 4788
3 5570 4970 4998
3 4788 4466 4792
3 4466 4469 4792
3 4792 4469 4793
3 4999 5000 4975
3 5000 5002 4975
3 4975 5002 4976
3 5002 4403 4976
3 4416 4403 5002
3 4746 4794 4793
3 4746 4793 4469
3 4795 4794 4746
3 4747 4795 4746
3 4980 4421 4423
3 4425 4980 4423
3 4981 4980 4425
3 4796 4795 4747
3 4425 5003 4981
3 5003 4984 4981
3 4749 4796 4747
3 5575 4984 4449
3 4449 4984 5003
3 4449 5006 5577
3 5575 4449 5577
3 4801 4796 4749
3 5577 5006 5010
3 4754 4801 4749
3 4802 4801 4754
3 4757 4802 4754
3 5011 5010 5013
3 4757 5237 4802
3 5658 5237 4757
3 4803 4758 4804
3 4803 5230 4758
3 4806 4804 4758
3 4760 4806 4758
3 4809 4806 4760
3 4761 4809 4760
3 4811 4809 4761
3 4766 4811 4761
3 5022 5024 5025
3 4812 4811 4766
3 5024 5026 5596
3 5025 5024 5596
3 5026 5028 5029
3 5596 5026 5029
3 4767 4812 4766
3 5029 5028 4988
3 4988 5028 5030
3 4813 4812 4767
3 4427 4989 5030
3 4989 4988 5030
3 4431 4989 4427
3 4991 4989 4431
3 4432 4991 4431
3 4993 4991 4432
3 4994 4993 4432
3 4768 4813 4767
3 4769 4813 4768
3 4438 4995 4413
3 4815 4813 4769
3 4438 5032 4995
3 4995 5032 4996
3 4770 4815 4769
3 5033 4998 5032
3 5032 4998 4996
3 4816 4815 4770
3 4773 4816 4770
3 4817 4816 4773
3 5036 5037 5000
3 5000 5037 5002
3 5037 4416 5002
3 4479 4416 5037
3 4774 4817 4773
3 4818 4817 4774
3 4776 4818 4774
3 4779 4818 4776
3 5006 4449 4451
3 4453 5006 4451
3 5010 5006 4453
3 4455 5010 4453
3 5234 4818 4779
3 4457 5010 4455
3 5013 5010 4457
3 5038 5013 4457
3 4780 5235 4779
3 5038 5015 5013
3 5038 5039 5015
3 5015 5039 5017
3 5039 4497 5017
3 5017 4497 5019
3 5235 5234 4779
3 4461 5021 4497
3 5021 5019 4497
3 4463 5021 4461
3 5022 5021 4463
3 4465 5022 4463
3 5024 5022 4465
3 4467 5024 4465
3 5026 5024 4467
3 4468 5026 4467
3 5028 5026 4468
3 5030 5028 4468
3 4783 5236 4780
3 5236 5235 4780
3 4824 4783 4786
3 5041 4438 4478
3 5236 4783 4824
3 5610 5032 5041
3 5041 5032 4438
3 5032 5610 5033
3 5037 5036 5045
3 4826 4824 4786
3 5037 5045 5046
3 5037 5046 4479
3 4787 4826 4786
3 4479 5046 4511
3 4788 4826 4787
3 4827 4826 4788
3 4792 4827 4788
3 4828 4827 4792
3 4793 4828 4792
3 4829 4828 4793
3 4509 5047 4478
3 4794 4829 4793
3 5047 5616 5041
3 5047 5041 4478
3 4831 4829 4794
3 5041 5616 5610
3 5046 5045 5051
3 4795 4831 4794
3 5046 5051 5052
3 5046 5052 4511
3 4832 4831 4795
3 4511 5052 4525
3 4523 5053 4509
3 4796 4832 4795
3 5053 5622 5047
3 5053 5047 4509
3 4834 4832 4796
3 5047 5622 5616
3 5052 5051 5627
3 4801 4834 4796
3 5052 5627 5062
3 5052 5062 4525
3 4835 4834 4801
3 4525 5062 4537
3 4535 5059 4523
3 4802 4835 4801
3 5059 5628 5053
3 5059 5053 4523
3 4838 4835 4802
3 5053 5628 5622
3 5237 4838 4802
3 5237 5238 4838
3 4840 4839 4803
3 5062 5070 4537
3 4804 4840 4803
3 4537 5065 4539
3 5070 5065 4537
3 4846 4840 4804
3 4806 4846 4804
3 5066 5068 4535
3 4809 4846 4806
3 5068 5069 5059
3 4847 4846 4809
3 5068 5059 4535
3 4811 4847 4809
3 5059 5069 5628
3 5253 4847 4811
3 4812 5253 4811
3 5072 5065 5070
3 4813 5253 4812
3 5065 5072 5073
3 5065 5073 4540
3 5065 4540 4539
3 5243 5253 4813
3 5073 4552 4540
3 4828 5245 4827
3 4829 5247 4828
3 5075 5076 4547
3 5247 5245 4828
3 4850 4829 4831
3 5076 5641 5066
3 4850 5247 4829
3 5076 5066 4547
3 5068 5066 5641
3 4832 4850 4831
3 4851 4850 4832
3 4834 4851 4832
3 4852 4851 4834
3 5092 4552 5073
3 4835 4852 4834
3 4857 4852 4835
3 4552 5092 4570
3 4838 4857 4835
3 5276 4857 4838
3 5092 4572 4570
3 5238 5276 4838
3 4840 4858 4839
3 4846 4858 4840
3 5252 4858 4846
3 4582 5087 4565
3 4852 5274 4851
3 4565 5106 4566
3 5087 5106 4565
3 5106 5649 5075
3 4860 4852 4857
3 4860 5274 4852
3 5106 5075 4566
3 5076 5075 5649
3 5276 4860 4857
3 4878 5353 4861
3 4861 5353 4862
3 5353 5354 4862
3 5093 4572 5092
3 4862 5354 4868
3 5094 4572 5093
3 4585 4572 5094
3 5354 5355 4868
3 4585 5094 5095
3 4585 5095 4575
3 4575 5095 5107
3 4868 5355 4869
3 5355 5356 4869
3 4576 4575 5107
3 4576 5099 4577
3 5107 5099 4576
3 4577 5101 4578
3 5099 5101 4577
3 4869 5356 4880
3 5101 5102 4578
3 5102 4562 4578
3 4562 5102 4581
3 4581 5102 5674
3 4884 4886 4870
3 4582 4581 5104
3 5104 4581 5674
3 5087 4582 5104
3 4870 4886 4871
3 4886 5359 4871
3 4871 5359 4873
3 5359 5361 4873
3 4873 5361 4874
3 5361 5362 4874
3 4874 5362 4875
3 5362 4898 4875
3 4878 5363 5352
3 4878 4528 5363
3 5353 4878 5352
3 5112 5113 5114
3 4880 5356 5364
3 5113 5115 5116
3 5114 5113 5116
3 5365 4880 5364
3 5115 4593 5116
3 5116 4593 5117
3 4593 4596 5117
3 4596 5118 5117
3 4596 4599 5118
3 4599 5119 5118
3 4599 5122 5121
3 4892 4895 4882
3 4599 5121 5119
3 4895 4897 4882
3 5121 5122 5123
3 4884 4897 5366
3 5123 5122 5125
3 4884 4882 4897
3 4886 4884 5366
3 4898 5362 5370
3 4900 5371 5363
3 5129 4600 5130
3 4600 4604 5130
3 4604 5131 5130
3 5131 4606 5112
3 4900 5363 4528
3 5131 4604 4606
3 5113 5112 4606
3 4890 5365 5851
3 4895 5388 4897
3 5370 4920 4898
3 4920 5370 5398
3 5371 4902 5376
3 4900 4902 5371
3 5376 4902 4904
3 5377 5376 4904
3 5125 5122 4612
3 5377 4904 4906
3 5125 4612 5126
3 4612 4614 5126
3 4614 4616 5126
3 4616 5690 5126
3 5378 5377 4906
3 5378 4906 4908
3 4616 5135 5690
3 5378 4908 4909
3 5384 5378 4909
3 5384 4909 4911
3 5385 5384 4911
3 5138 4620 5140
3 4911 4890 5385
3 5129 5140 4622
3 5140 4620 4622
3 4622 4600 5129
3 4623 5135 4616
3 5392 5388 4913
3 5135 4623 5136
3 4623 4626 5136
3 5392 4913 4914
3 5142 5143 4626
3 4626 5143 5136
3 5142 5144 5143
3 5393 5392 4914
3 5393 4914 4916
3 5394 5393 4916
3 5146 4629 5148
3 5394 4916 4918
3 5138 5148 4632
3 5148 4629 4632
3 4632 4620 5138
3 5395 5394 4918
3 5395 4918 4920
3 4920 5398 5395
3 5142 4636 5144
3 4921 5408 5400
3 4940 5408 4921
3 4636 5151 5144
3 5400 4922 4921
3 5161 4646 5155
3 5400 4924 4922
3 4646 4640 5146
3 4646 5146 5155
3 4926 5414 5401
3 4640 4629 5146
3 4641 5151 4636
3 4943 5414 4926
3 4641 5156 5151
3 4641 4643 5156
3 5401 4929 4926
3 4643 5158 5156
3 5722 4652 5161
3 5402 4929 5401
3 4652 4646 5161
3 5402 4930 4929
3 5404 4930 5402
3 5404 4935 4930
3 5405 4935 5404
3 5405 4936 4935
3 5406 4936 5405
3 4643 5163 5158
3 5406 4938 4936
3 5163 5164 5158
3 5165 4658 5722
3 5407 4938 5406
3 4658 4652 5722
3 4944 4938 5407
3 5418 5408 4940
3 5418 4940 4947
3 4941 4925 4956
3 5426 4956 4925
3 4958 5414 4943
3 5163 5169 5164
3 4960 5414 4958
3 5169 5170 5164
3 4938 4944 5416
3 4938 5416 4587
3 5419 5418 4947
3 5419 4947 4961
3 4961 4962 5419
3 4972 4973 5425
3 5426 5425 4589
3 5425 4973 4589
3 4949 4956 4589
3 5169 5175 5170
3 4956 5426 4589
3 5175 5181 5170
3 5427 4960 4594
3 5427 4594 4974
3 4665 5165 5179
3 4974 4978 5427
3 4665 5179 5177
3 5427 4978 5428
3 4978 4979 5428
3 4985 4986 5431
3 5416 4986 4587
3 5416 5431 4986
3 5175 4687 5181
3 4602 4962 4961
3 4603 4965 4602
3 4965 4962 4602
3 4607 4971 4603
3 4689 5177 5184
3 4971 4965 4603
3 4689 4665 5177
3 4608 4972 4607
3 4972 4971 4607
3 4973 4972 4608
3 4700 5189 4672
3 4615 4978 4974
3 4672 5189 4673
3 4617 4979 4615
3 4673 5190 4674
3 5189 5190 4673
3 4674 5191 4675
3 5190 5191 4674
3 4675 5192 4676
3 5191 5192 4675
3 4676 5193 4677
3 5192 5193 4676
3 4677 5194 4678
3 5193 5194 4677
3 4678 5195 4679
3 5194 5195 4678
3 4979 4978 4615
3 5195 4709 4679
3 4618 4983 4617
3 4983 4979 4617
3 4619 4985 4618
3 4985 4983 4618
3 4986 4985 4619
3 4720 5181 4687
3 5181 5199 5742
3 4720 5199 5181
3 4987 4997 5521
3 5001 4997 4987
3 5484 5001 4987
3 5184 5748 4723
3 5484 5004 5001
3 4723 4689 5184
3 5004 5484 5488
3 5506 5507 5007
3 5204 5205 4696
3 5507 5508 5007
3 4696 5206 4697
3 5205 5206 4696
3 5007 4990 5008
3 4697 5206 5186
3 5206 5207 5186
3 5508 4990 5007
3 5750 4700 5207
3 5207 4700 5186
3 5189 4700 5750
3 5558 5008 4990
3 5521 4997 5009
3 5012 5009 4997
3 5001 5012 4997
3 5014 5012 5001
3 5004 5014 5001
3 5016 5014 5004
3 5488 5016 5004
3 5018 5016 5488
3 5495 5018 5488
3 5020 5018 5495
3 5523 5020 5495
3 5523 5023 5020
3 5023 5523 5027
3 5031 5005 5034
3 5556 5005 5031
3 5218 4709 5195
3 4710 4709 5218
3 5220 4710 5218
3 5035 5034 5005
3 5220 5221 4710
3 4710 5221 4712
3 4712 5222 4713
3 5506 5035 5005
3 4712 5221 5222
3 4713 5223 4714
3 5222 5223 4713
3 5040 5035 5506
3 5223 4738 4714
3 5042 5040 5506
3 5225 5199 4720
3 5007 5042 5506
3 5199 5225 5244
3 5043 5042 5007
3 5008 5043 5007
3 4748 4723 5748
3 5568 5043 5008
3 5558 5568 5008
3 4748 5748 5228
3 5044 5009 5012
3 5048 5044 5012
3 4756 5231 4730
3 5014 5048 5012
3 5049 5048 5014
3 4730 5231 5204
3 5231 5232 5204
3 5016 5049 5014
3 5767 5205 5232
3 5232 5205 5204
3 5206 5205 5767
3 5050 5049 5016
3 5018 5050 5016
3 5054 5050 5018
3 5020 5054 5018
3 5055 5054 5020
3 5023 5055 5020
3 5056 5055 5023
3 5027 5056 5023
3 5240 5223 5222
3 5058 5056 5027
3 5240 5241 5223
3 5223 5241 4738
3 4738 5242 4739
3 5527 5058 5027
3 4738 5241 5242
3 5061 5058 5527
3 5242 4759 4739
3 5535 5061 5527
3 5064 5061 5535
3 5540 5064 5535
3 5071 5064 5540
3 5225 5246 5244
3 5562 5071 5540
3 5562 5077 5071
3 5228 5265 5248
3 5077 5562 5079
3 5248 4748 5228
3 4785 4748 5248
3 5562 5563 5079
3 4775 5250 4755
3 5079 5563 5081
3 5563 5566 5081
3 4755 5250 4756
3 5250 5251 4756
3 5081 5542 5083
3 5791 5231 5251
3 5251 5231 4756
3 5232 5231 5791
3 5566 5542 5081
3 5085 5083 5542
3 5544 5085 5542
3 5088 5085 5544
3 5256 5242 5241
3 5549 5088 5544
3 5256 5275 5242
3 5242 5275 4759
3 5090 5088 5549
3 4777 4759 5259
3 4759 5275 5259
3 5553 5090 5549
3 5259 4778 4777
3 5096 5090 5553
3 4784 5246 5225
3 5261 5246 4784
3 5246 5261 5803
3 5031 5096 5553
3 5097 5096 5031
3 5098 5097 5031
3 5265 5264 5248
3 5248 5264 5266
3 5034 5098 5031
3 4785 5248 5267
3 5248 5266 5267
3 5100 5098 5034
3 5267 5269 4785
3 5035 5100 5034
3 5103 5100 5035
3 4772 5270 4752
3 5269 5270 4772
3 5040 5103 5035
3 4752 5270 4775
3 5270 5295 4775
3 5105 5103 5040
3 5808 5250 5295
3 5295 5250 4775
3 5251 5250 5808
3 5042 5105 5040
3 5572 5105 5042
3 5043 5572 5042
3 5568 5572 5043
3 5277 5259 5275
3 5108 5044 5048
3 5277 5278 5259
3 5259 5278 4778
3 5109 5108 5048
3 4789 4778 5279
3 4778 5278 5279
3 5049 5109 5048
3 5279 4790 4789
3 5110 5109 5049
3 5050 5110 5049
3 5111 5110 5050
3 5054 5111 5050
3 5282 5261 4784
3 5120 5111 5054
3 5282 5283 5261
3 5055 5120 5054
3 5803 5261 5286
3 5286 5261 5283
3 5120 5055 5056
3 5120 5056 5057
3 5060 5057 5058
3 5288 5289 5264
3 5264 5289 5266
3 5289 5290 5266
3 5266 5290 5267
3 5290 5291 5267
3 5267 5291 5269
3 5291 5292 5269
3 5058 5057 5056
3 5292 5294 5269
3 5269 5294 5270
3 5063 5060 5061
3 5061 5060 5058
3 5294 5295 5270
3 5067 5063 5064
3 5064 5063 5061
3 5074 5067 5071
3 5071 5067 5064
3 5278 5313 5279
3 5313 5299 5279
3 5279 5299 4790
3 5299 5300 4790
3 4790 5300 4791
3 5300 5301 4791
3 4791 5301 5282
3 5301 5302 5282
3 5282 5302 5283
3 5302 5303 5283
3 5283 5303 5286
3 5078 5074 5077
3 5077 5074 5071
3 5080 5078 5079
3 5079 5078 5077
3 5333 5307 5288
3 5288 5307 5289
3 5307 5308 5289
3 5289 5308 5290
3 5308 5309 5290
3 5290 5309 5291
3 5082 5080 5081
3 5081 5080 5079
3 5309 5292 5291
3 5084 5082 5083
3 5083 5082 5081
3 5086 5084 5085
3 5085 5084 5083
3 5089 5086 5088
3 5315 5299 5313
3 5088 5086 5085
3 5315 5316 5299
3 5299 5316 5300
3 5316 5317 5300
3 5300 5317 5301
3 5317 5318 5301
3 5301 5318 5302
3 5318 5303 5302
3 5091 5089 5090
3 5090 5089 5088
3 5124 5091 5096
3 5096 5091 5090
3 5096 5097 5124
3 5127 5124 5097
3 5333 5323 5307
3 5323 5308 5307
3 5098 5127 5097
3 5128 5127 5098
3 5100 5128 5098
3 5132 5128 5100
3 5103 5132 5100
3 5576 5132 5103
3 5105 5576 5103
3 5572 5576 5105
3 5316 5336 5317
3 5336 5330 5317
3 5317 5330 5318
3 5330 5332 5318
3 5318 5332 5303
3 5133 5108 5109
3 5134 5133 5109
3 5110 5134 5109
3 5137 5134 5110
3 5111 5137 5110
3 5139 5137 5111
3 5120 5139 5111
3 5139 5120 4621
3 5145 5124 5147
3 5149 5147 5124
3 5127 5149 5124
3 5150 5149 5127
3 5338 5332 5330
3 5128 5150 5127
3 5584 5150 5128
3 4805 4807 5379
3 5132 5584 5128
3 4807 4808 5357
3 5379 4807 5357
3 4808 4810 5358
3 5357 4808 5358
3 5576 5584 5132
3 5358 4810 5944
3 5134 5588 5133
3 5152 5134 5137
3 5588 5134 5152
3 5153 5152 5137
3 5139 5153 5137
3 5154 5153 5139
3 4621 5154 5139
3 4621 5157 5154
3 5347 4819 5372
3 5141 5145 5167
3 4819 4820 5373
3 5372 4819 5373
3 4820 4821 5374
3 5373 4820 5374
3 4821 4822 5375
3 5374 4821 5375
3 5147 5168 5167
3 5375 4822 4823
3 5145 5147 5167
3 5171 5168 5147
3 5149 5171 5147
3 5379 4825 4805
3 4825 5379 4843
3 5150 5171 5149
3 5582 5171 5150
3 5584 5582 5150
3 5153 5594 5152
3 5172 5153 5154
3 5594 5153 5172
3 5173 5172 5154
3 5157 5173 5154
3 5174 5173 5157
3 5157 4644 5174
3 5174 4644 5176
3 4644 5159 5176
3 5166 4653 5178
3 5345 4833 5360
3 4653 4654 5178
3 5178 4654 5180
3 4654 4655 5180
3 5180 4655 5182
3 5141 5183 5182
3 5141 5182 4655
3 5345 4814 4833
3 5598 5183 5141
3 5167 5598 5141
3 4333 5347 5369
3 5168 5598 5167
3 5590 5598 5168
3 5171 5590 5168
3 5174 5595 5173
3 5367 4837 5369
3 5185 5174 5176
3 5347 5367 5369
3 5185 5595 5174
3 5187 5185 5176
3 5159 5187 5176
3 5347 5372 5367
3 5188 5187 5159
3 5160 5188 5159
3 5196 5188 5160
3 5162 5196 5160
3 5197 5196 5162
3 5166 5197 5162
3 4823 4842 5375
3 4841 5375 4842
3 5198 5197 5166
3 5952 5375 4841
3 5178 5198 5166
3 5200 5198 5178
3 5180 5200 5178
3 5182 5200 5180
3 5606 5200 5182
3 5183 5606 5182
3 4843 5379 5380
3 4843 5380 4844
3 4844 5380 5381
3 4844 5381 4845
3 4845 5381 5382
3 4845 5382 4830
3 4830 5382 5383
3 5598 5606 5183
3 5360 4830 5944
3 5944 4830 5383
3 5345 5360 5944
3 5211 5615 5212
3 5212 5615 5213
3 5615 5619 5213
3 4656 5619 5621
3 4656 5213 5619
3 5621 5201 4656
3 4837 5387 4836
3 5623 5201 5621
3 5203 5201 5623
3 4848 4836 5389
3 4848 5389 4849
3 4849 5389 5390
3 4849 5390 4841
3 4841 5390 5391
3 5202 5203 5623
3 5208 5203 5611
3 5952 4841 5391
3 5611 5203 5202
3 5209 5208 5613
3 5613 5208 5611
3 5613 5625 5209
3 5417 4853 5396
3 4853 4855 5396
3 4855 5397 5396
3 4855 4856 5397
3 5625 5210 5209
3 5629 5210 5625
3 5632 5210 5629
3 5214 5210 5632
3 5214 5632 5633
3 5635 5639 5216
3 5211 5217 5639
3 5639 5217 5216
3 5212 5217 5211
3 5215 5633 5634
3 5640 5215 5634
3 5640 5219 5215
3 5219 5640 5642
3 6170 5646 5226
3 5961 4863 5410
3 4863 4865 5410
3 4865 5411 5410
3 4865 4867 5411
3 4867 5412 5411
3 4867 5415 5412
3 5415 5413 5412
3 5635 4699 5646
3 5646 4699 5226
3 5216 4699 5635
3 5224 5219 5642
3 5417 4883 4872
3 5650 5224 5642
3 5650 5227 5224
3 5227 5650 5653
3 6170 4708 5656
3 4853 5417 4872
3 5226 4708 6170
3 5229 5227 5653
3 5657 5230 5659
3 5657 5656 5233
3 5657 5233 5230
3 4708 5233 5656
3 5659 4803 5661
3 5659 5230 4803
3 5660 5237 5658
3 5660 5662 5237
3 5661 5239 5663
3 5661 4803 5239
3 5662 5238 5237
3 5662 5675 5238
3 5663 5249 5676
3 5249 5239 4839
3 5957 5958 4894
3 5663 5239 5249
3 4839 5239 4803
3 5243 4813 5254
3 4896 4877 4879
3 4813 4815 5254
3 5254 4815 5255
3 4815 4816 5255
3 5255 4816 5257
3 4816 4817 5257
3 4879 5961 5960
3 4879 5960 5436
3 5257 4817 5258
3 4879 5436 4896
3 4817 4818 5258
3 5258 4818 5260
3 5234 5260 4818
3 5262 5260 5234
3 5235 5262 5234
3 5263 5262 5235
3 5236 5263 5235
3 5268 5263 5236
3 4824 5268 5236
3 5445 5415 5444
3 4824 4826 5268
3 5268 4826 5271
3 4881 5444 5415
3 5444 4881 5446
3 5271 4826 5272
3 4826 4827 5272
3 5272 4827 5273
3 4885 4883 5417
3 4827 5245 5273
3 4887 4885 5417
3 5422 4887 5417
3 4889 4887 5422
3 5424 4889 5422
3 4891 4889 5424
3 5957 4891 5424
3 4893 4891 5957
3 5276 5238 5280
3 4894 4893 5957
3 5238 5698 5280
3 5675 5698 5238
3 5281 5249 5284
3 5281 5676 5249
3 5436 4899 4896
3 4901 4899 5436
3 5437 4901 5436
3 4903 4901 5437
3 5440 4903 5437
3 4905 4903 5440
3 5442 4905 5440
3 4907 4905 5442
3 5444 4907 5442
3 5446 4907 5444
3 5285 5284 5249
3 4839 5285 5249
3 5285 4839 4858
3 5252 4846 5287
3 4846 4847 5287
3 5287 4847 5293
3 4847 5253 5293
3 5293 5253 5296
3 5243 5297 5296
3 5253 5243 5296
3 5254 5297 5243
3 5678 5297 5254
3 5255 5688 5254
3 5688 5678 5254
3 5257 5689 5255
3 5689 5688 5255
3 5464 5465 5448
3 5448 5465 5451
3 5465 5466 5451
3 5451 5466 5453
3 5258 5691 5257
3 5691 5689 5257
3 5467 5453 5466
3 5260 5691 5258
3 5272 5693 5271
3 5273 5696 5272
3 5696 5693 5272
3 5245 5717 5273
3 5717 5696 5273
3 5455 5474 5459
3 5474 5476 5459
3 5459 5476 6033
3 5298 5245 5247
3 5717 5245 5298
3 5304 5298 5247
3 4850 5304 5247
3 5498 5479 5464
3 5464 5479 5465
3 5479 5480 5465
3 5465 5480 5466
3 5480 5481 5466
3 5466 5481 5467
3 5304 4850 5305
3 6056 5467 5483
3 5483 5467 5481
3 4850 4851 5305
3 6056 5483 5485
3 5305 4851 5306
3 4851 5274 5306
3 5487 5490 5491
3 4860 5276 5310
3 5310 5276 5280
3 5491 5490 5472
3 5472 5490 5492
3 5492 5493 5472
3 5472 5493 5455
3 5493 5494 5455
3 5455 5494 5474
3 5494 5496 5474
3 5474 5496 5476
3 5311 5310 5280
3 5698 5311 5280
3 5698 5700 5311
3 5281 5312 5718
3 5314 5312 5281
3 5498 5499 5479
3 5499 5500 5479
3 5479 5500 5480
3 5500 5501 5480
3 5480 5501 5481
3 5501 5502 5481
3 5481 5502 5483
3 5502 5503 5483
3 5483 5503 5485
3 5284 5314 5281
3 5319 5314 5284
3 5504 5485 5503
3 5285 5319 5284
3 5320 5319 5285
3 4858 5320 5285
3 5320 4858 5321
3 5487 5509 5510
3 5510 5511 5487
3 5487 5511 5490
3 5252 5322 5321
3 5490 5511 5492
3 5511 5513 5492
3 5492 5513 5493
3 5513 5514 5493
3 5493 5514 5494
3 5514 5516 5494
3 5494 5516 5496
3 4858 5252 5321
3 5324 5322 5252
3 5287 5324 5252
3 5293 5324 5287
3 5517 5519 5498
3 5498 5519 5499
3 5500 5519 4910
3 5702 5324 5293
3 5500 5499 5519
3 5296 5703 5293
3 5703 5702 5293
3 5297 5703 5296
3 5502 5501 4915
3 4917 5502 4915
3 5503 5502 4917
3 5305 5729 5304
3 4917 5520 5503
3 5520 5504 5503
3 5325 5305 5306
3 6083 5504 5522
3 5522 5504 5520
3 5729 5305 5325
3 6083 5522 5524
3 5326 5325 5306
3 5274 5326 5306
3 5528 5529 5530
3 5327 5326 5274
3 4860 5327 5274
3 5530 5529 5509
3 5509 5529 5531
3 5327 4860 5328
3 4919 5510 5531
3 5510 5509 5531
3 4923 5510 4919
3 5511 5510 4923
3 5310 5329 5328
3 4860 5310 5328
3 5331 5329 5310
3 5513 5511 4927
3 4928 5513 4927
3 4928 5532 5513
3 5532 5514 5513
3 5311 5331 5310
3 5534 5516 5532
3 5532 5516 5514
3 5334 5331 5311
3 5700 5334 5311
3 5519 5517 5536
3 5536 4910 5519
3 4950 4910 5536
3 4934 5520 4917
3 4937 5520 4934
3 5522 5520 4937
3 5700 5733 5334
3 4937 5537 5522
3 5537 5524 5522
3 5335 5312 5349
3 6100 5524 5539
3 5539 5524 5537
3 5335 5718 5312
3 6100 5539 5541
3 5337 5349 5312
3 5314 5337 5312
3 5543 5546 5547
3 5339 5337 5314
3 5319 5339 5314
3 5547 5546 5528
3 5528 5546 5548
3 5340 5339 5319
3 4939 5529 5548
3 5529 5528 5548
3 5531 5529 4939
3 5320 5340 5319
3 5738 5340 5320
3 4948 5532 4928
3 5550 5532 4948
3 5321 5738 5320
3 5534 5532 5550
3 5322 5738 5321
3 5720 5738 5322
3 5536 5552 4950
3 5324 5720 5322
3 5326 5732 5325
3 5341 5326 5327
3 5341 5732 5326
3 5342 5341 5327
3 5539 5537 4959
3 5554 5539 4959
3 5328 5342 5327
3 5554 5541 5539
3 5343 5342 5328
3 6115 5541 4982
3 4982 5541 5554
3 4982 5557 6115
3 5329 5343 5328
3 5344 5343 5329
3 6115 5557 5560
3 5331 5344 5329
3 5346 5344 5331
3 5334 5346 5331
3 5334 5735 5346
3 5565 5567 6125
3 5733 5735 5334
3 5543 6125 5567
3 5349 5348 5335
3 5543 5567 4992
3 5751 5349 5337
3 4963 5546 4992
3 5546 5543 4992
3 5548 5546 4963
3 5339 5751 5337
3 5340 5751 5339
3 5737 5751 5340
3 5738 5737 5340
3 5570 6155 5550
3 5570 5550 4948
3 5342 5745 5341
3 5350 5342 5343
3 5350 5745 5342
3 4950 5552 5601
3 5351 5350 5343
3 4999 4950 5601
3 5344 5351 5343
3 5761 5351 5344
3 5346 5761 5344
3 5735 5761 5346
3 5557 4982 4984
3 5575 5557 4984
3 5349 5747 5348
3 5575 5560 5557
3 5761 5760 5351
3 6133 5560 5577
3 5577 5560 5575
3 5577 5578 6134
3 6133 5577 6134
3 5578 5011 5581
3 6134 5578 5581
3 5352 5825 5353
3 5581 5011 5583
3 5353 5825 5354
3 5825 5826 5354
3 5354 5826 5355
3 5826 5827 5355
3 5355 5827 5356
3 5827 5829 5356
3 5356 5829 5364
3 5366 5368 4886
3 4886 5368 5359
3 5368 5831 5359
3 5593 5025 6150
3 5359 5831 5361
3 5025 5596 5597
3 6150 5025 5597
3 5831 5833 5361
3 5597 5596 5564
3 5564 5596 5029
3 5361 5833 5362
3 4988 5565 5029
3 5565 5564 5029
3 4989 5565 4988
3 5567 5565 4989
3 4992 5567 4989
3 5833 5835 5362
3 5835 5839 5362
3 5839 5370 5362
3 5600 5570 4998
3 5843 5363 5371
3 6155 5570 5600
3 5363 5843 5352
3 5364 5829 5849
3 5851 5364 5849
3 5601 5602 4999
3 5851 5365 5364
3 4999 5602 5000
3 5366 5386 5855
3 5366 4897 5386
3 4897 5388 5386
3 5368 5366 5855
3 5578 5577 5010
3 5011 5578 5010
3 5839 5841 5370
3 5398 5370 5841
3 5583 5011 5013
3 5015 5583 5013
3 5585 5583 5015
3 5017 5585 5015
3 5587 5585 5017
3 5019 5587 5017
3 5589 5587 5019
3 5021 5589 5019
3 5591 5589 5021
3 5022 5591 5021
3 5593 5591 5022
3 5025 5593 5022
3 5844 5843 5371
3 5844 5371 5376
3 5866 5844 5376
3 5376 5377 5866
3 5378 5384 5846
3 5874 5378 5846
3 5846 5384 5385
3 5851 5385 4890
3 5033 5605 5600
3 5033 5600 4998
3 5386 5388 5854
3 5854 5388 5392
3 5876 5854 5392
3 5876 5392 5393
3 5602 5608 5036
3 5876 5393 5399
3 5602 5036 5000
3 5393 5394 5399
3 5395 5398 5860
3 5883 5395 5860
3 5610 5612 5033
3 5398 5841 5860
3 5377 5867 5866
3 5033 5612 5605
3 5036 5608 5614
3 5378 5873 5377
3 5036 5614 5045
3 5873 5867 5377
3 5874 5873 5378
3 5394 5878 5399
3 5395 5879 5394
3 5879 5878 5394
3 5616 5618 5610
3 5883 5879 5395
3 5403 5885 5405
3 5610 5618 5612
3 5045 5614 5620
3 5405 5885 5406
3 5045 5620 5051
3 5885 5887 5406
3 5406 5887 5892
3 5905 5893 5408
3 5400 5408 5893
3 5414 5895 5401
3 5622 5624 5616
3 5409 5895 5414
3 5895 5402 5401
3 5616 5624 5618
3 5051 5620 5626
3 5898 5402 5895
3 5051 5626 5627
3 5404 5402 5898
3 5403 5404 5898
3 5405 5404 5403
3 5407 5406 5892
3 5903 4944 5407
3 5628 5630 5622
3 5892 5903 5407
3 4944 5903 5922
3 5622 5630 5624
3 5627 5626 5631
3 5905 5408 5418
3 5627 5631 5637
3 5627 5637 5062
3 5420 5905 5418
3 5062 5637 5070
3 5423 5425 4925
3 5069 5636 5628
3 4925 5425 5426
3 5906 5409 5414
3 5906 5414 5427
3 5628 5636 5630
3 5427 5414 4960
3 5427 5428 5906
3 5416 5922 5915
3 5070 5637 5638
3 5072 5638 5645
3 5416 4944 5922
3 5072 5070 5638
3 5420 5418 5419
3 4962 5421 5419
3 5421 5420 5419
3 4965 5421 4962
3 5643 5068 5641
3 4971 5423 4965
3 5069 5068 5644
3 5644 5068 5643
3 5423 5421 4965
3 4972 5423 4971
3 5425 5423 4972
3 5072 5645 5073
3 5073 5645 5648
3 4979 5429 5428
3 5647 5092 5648
3 5092 5073 5648
3 4983 5430 4979
3 5430 5429 4979
3 4985 5915 4983
3 5915 5430 4983
3 5651 5076 5649
3 5431 5915 4985
3 5641 5076 5652
3 5652 5076 5651
3 5641 5652 5643
3 5416 5915 5431
3 5432 5970 5433
3 5434 5981 5435
3 5092 5647 5654
3 5092 5654 5093
3 5093 5654 5655
3 5435 5981 5438
3 5667 5094 5655
3 5094 5093 5655
3 5981 5984 5438
3 5667 5095 5094
3 5438 5984 5988
3 5441 5439 5432
3 5443 5441 5432
3 5433 5443 5432
3 5447 5443 5433
3 5974 5447 5433
3 5674 6227 5104
3 5974 5449 5447
3 5664 5104 6227
3 5974 5991 5449
3 5664 5087 5104
3 5087 5664 5106
3 5106 5664 5665
3 5449 5991 5994
3 5649 5106 5666
3 5666 5106 5665
3 5649 5666 5651
3 5450 5999 5452
3 5452 5434 5454
3 5668 5095 5667
3 5107 5095 5668
3 5669 5107 5668
3 5999 5434 5452
3 5456 5454 5434
3 5107 5669 5670
3 5107 5670 5099
3 5099 5670 5671
3 5099 5671 5101
3 5101 5671 5672
3 5435 5456 5434
3 5102 5101 5673
3 5673 5101 5672
3 5674 5102 5673
3 5457 5456 5435
3 5438 5457 5435
3 6026 5457 5438
3 5988 6026 5438
3 5458 5439 5441
3 5677 5131 5112
3 6029 5439 5458
3 5677 5112 5679
3 5112 5114 5679
3 5114 5680 5679
3 5114 5116 5680
3 5116 5681 5680
3 5116 5117 5681
3 5117 5682 5681
3 5117 5118 5682
3 5118 5683 5682
3 5118 5119 5683
3 5119 5684 5683
3 5119 5121 5684
3 5121 5685 5684
3 5121 5123 5685
3 5123 5686 5685
3 5123 5125 5686
3 5125 5687 5686
3 5460 5458 5441
3 5126 5687 5125
3 5443 5460 5441
3 5461 5460 5443
3 5447 5461 5443
3 5462 5461 5447
3 5449 5462 5447
3 5692 5129 5694
3 5129 5130 5694
3 5130 5695 5694
3 5695 5131 5677
3 5463 5462 5449
3 5695 5130 5131
3 5994 5463 5449
3 5994 5468 5463
3 5994 6009 5468
3 5687 5126 5690
3 5468 6009 6011
3 5469 5450 5470
3 5135 5697 5690
3 6025 5450 5469
3 5136 5699 5135
3 5135 5699 5697
3 5471 5470 5450
3 5452 5471 5450
3 5473 5471 5452
3 5454 5473 5452
3 5148 5138 5704
3 5475 5473 5454
3 5692 5704 5140
3 5704 5138 5140
3 5140 5129 5692
3 5456 5475 5454
3 5477 5475 5456
3 5699 5136 5705
3 5136 5143 5705
3 5457 5477 5456
3 5144 5707 5143
3 5143 5707 5705
3 6026 5477 5457
3 6026 6053 5477
3 5710 5716 5146
3 6029 5458 5478
3 5482 5478 5458
3 5710 5146 5148
3 5460 5482 5458
3 5521 5482 5460
3 5461 5521 5460
3 5707 5144 5711
3 5144 5151 5711
3 5151 5712 5711
3 5521 5461 5462
3 4987 5521 5462
3 5714 5161 5155
3 5484 4987 5463
3 5714 5155 5716
3 5463 4987 5462
3 5146 5716 5155
3 5712 5151 5156
3 5463 5468 5484
3 5486 5484 5468
3 5158 5719 5156
3 5156 5719 5712
3 6011 5486 5468
3 6011 5489 5486
3 6032 5489 6011
3 5722 5161 5714
3 5722 5714 5721
3 5489 6032 5497
3 6047 6051 5505
3 5505 5469 5507
3 6051 5469 5505
3 5158 5724 5719
3 5508 5507 5469
3 5158 5164 5724
3 5508 5469 5470
3 4990 5508 5470
3 5558 4990 5471
3 5165 5722 5721
3 5165 5721 5727
3 5471 4990 5470
3 5471 5473 5512
3 5558 5471 5512
3 5515 5512 5473
3 5164 5730 5724
3 5164 5731 5730
3 5164 5170 5731
3 5475 5515 5473
3 6082 5515 5475
3 5477 6082 5475
3 5179 5165 5727
3 5179 5727 5734
3 5477 6053 6082
3 5518 5478 5482
3 6086 5478 5518
3 5731 5736 5730
3 5170 5736 5731
3 5521 5518 5482
3 5170 5181 5736
3 5488 5484 5486
3 5495 5488 5489
3 5489 5488 5486
3 5177 5179 5734
3 5177 5734 5740
3 5523 5495 5497
3 5497 5495 5489
3 5497 6038 5523
3 6038 5525 5523
3 5181 5742 5736
3 6059 5525 6038
3 5525 6059 5526
3 6059 6060 5526
3 5526 6060 5533
3 5533 6063 5538
3 5184 5740 5749
3 5184 5177 5740
3 5538 6063 6065
3 6075 6076 5545
3 5742 5199 6281
3 6281 5199 5746
3 5545 6076 5551
3 6076 6079 5551
3 5551 6079 5555
3 5748 5184 5749
3 6079 6081 5555
3 5555 6044 5556
3 6081 6044 5555
3 5556 6044 6047
3 5005 5556 6047
3 5189 5753 5190
3 5773 5753 5189
3 5190 5754 5191
3 5753 5754 5190
3 5191 5755 5192
3 5754 5755 5191
3 5192 5756 5193
3 5755 5756 5192
3 5193 5757 5194
3 5756 5757 5193
3 5194 5779 5195
3 5757 5779 5194
3 5506 5005 5505
3 5779 5218 5195
3 5505 5005 6047
3 5507 5506 5505
3 5559 5558 5512
3 5515 5559 5512
3 6082 5559 5515
3 5746 5199 5244
3 5244 5763 5746
3 6082 6090 5559
3 6088 6086 5518
3 5228 5748 5749
3 5228 5749 5765
3 5561 5518 5521
3 6088 5518 5561
3 5561 5521 5009
3 5767 5768 5206
3 5027 5523 5525
3 5206 5769 5207
3 5768 5769 5206
3 5527 5027 5526
3 5769 5772 5750
3 5526 5027 5525
3 5769 5750 5207
3 5189 5750 5772
3 5535 5527 5533
3 5773 5189 5772
3 5533 5527 5526
3 5540 5535 5538
3 5538 5535 5533
3 5562 5540 6065
3 6065 5540 5538
3 6065 6068 5562
3 5563 5562 6068
3 6069 5563 6068
3 5566 5563 6069
3 6073 5566 6069
3 5566 6073 6074
3 5566 6074 5542
3 5544 5542 6075
3 6075 5542 6074
3 5780 5218 5779
3 5220 5218 5780
3 5549 5544 5545
3 5545 5544 6075
3 5220 5780 5783
3 5220 5783 5221
3 5553 5549 5551
3 5221 5798 5222
3 5783 5798 5221
3 5551 5549 5545
3 5798 5240 5222
3 5031 5553 5555
3 5555 5553 5551
3 5244 5786 5763
3 5556 5031 5555
3 5568 5558 5569
3 5244 5246 5786
3 5559 5569 5558
3 5765 5789 5265
3 6094 5569 5559
3 5265 5228 5765
3 6090 6094 5559
3 6091 6088 5561
3 5791 5792 5232
3 5571 6091 5561
3 5571 5561 5009
3 5792 6307 5767
3 5571 5009 5044
3 5792 5767 5232
3 5768 5767 6307
3 5573 5572 5568
3 5569 6095 5573
3 5569 5573 5568
3 6094 6095 5569
3 6099 6091 5571
3 5574 6099 5571
3 5574 5571 5044
3 5574 5044 5108
3 5800 5240 5798
3 5579 5576 5572
3 5240 5800 5813
3 5240 5813 5241
3 5573 6102 5579
3 5573 5579 5572
3 5813 5256 5241
3 6095 6102 5573
3 5803 5786 5246
3 6103 6099 5574
3 5786 5803 5804
3 5580 6103 5574
3 5580 5574 5108
3 5580 5108 5133
3 5264 5265 5789
3 5264 5789 5806
3 6104 5584 5576
3 5579 6105 6104
3 5579 6104 5576
3 5808 5809 5251
3 6102 6105 5579
3 5586 5580 5133
3 5251 5809 5791
3 5809 5811 5791
3 5133 5588 5586
3 5582 5584 6111
3 5811 5792 5791
3 6104 6111 5584
3 5588 6108 5586
3 5592 6113 6108
3 5592 6108 5588
3 5813 5828 5256
3 5592 5588 5152
3 5275 5256 5816
3 5256 5828 5816
3 5152 5594 5592
3 5816 5277 5275
3 5590 5171 5599
3 5582 6110 5599
3 5803 5820 5804
3 5582 5599 5171
3 6111 6110 5582
3 5803 5286 5820
3 5594 6114 5592
3 6114 6113 5592
3 5603 6114 5594
3 5822 5264 5806
3 5288 5264 5822
3 5294 5823 5295
3 5603 5594 5172
3 5295 5823 5808
3 5823 5824 5808
3 5172 5173 5603
3 6329 5809 5824
3 5824 5809 5808
3 5811 5809 6329
3 5603 5173 5604
3 5173 5595 5604
3 5606 5598 6129
3 5590 6117 6129
3 5830 5816 5828
3 5590 6129 5598
3 5830 5842 5816
3 5816 5842 5277
3 5277 5832 5278
3 5599 6117 5590
3 5277 5842 5832
3 5278 5832 5313
3 5303 5820 5286
3 5834 5820 5303
3 5595 6119 5604
3 6119 5185 6121
3 5822 6336 5836
3 5595 5185 6119
3 5836 5288 5822
3 5333 5288 5836
3 6121 5185 5187
3 5292 5838 5294
3 5837 5838 5292
3 6122 6121 5187
3 5294 5838 5823
3 5838 5840 5823
3 6122 5187 5188
3 5607 6122 5188
3 5840 5824 5823
3 5188 5196 5607
3 5607 5196 5609
3 5196 5197 5609
3 5609 5197 6131
3 5842 5858 5832
3 5197 5198 6124
3 5313 5832 5845
3 5832 5858 5845
3 6131 5197 6124
3 5845 5315 5313
3 6124 5198 5200
3 6126 6124 5200
3 5847 5834 5303
3 5834 5847 5848
3 5200 6127 6126
3 5200 5606 6127
3 5617 6138 5621
3 6336 5850 5836
3 5836 5850 5852
3 5852 5333 5836
3 5621 6138 5623
3 5308 5853 5309
3 5309 5837 5292
3 5309 5853 5837
3 5853 5875 5837
3 5875 5856 5837
3 5837 5856 5838
3 6138 6140 5623
3 5202 6140 6142
3 5856 5840 5838
3 5202 5623 6140
3 6142 5611 5202
3 6144 5611 6142
3 6144 5613 5611
3 5858 5877 5845
3 5877 5861 5845
3 5845 5861 5315
3 5315 5862 5316
3 6146 5613 6144
3 5315 5861 5862
3 5316 5862 5336
3 5332 5847 5303
3 5863 5847 5332
3 5864 5848 5847
3 6148 5613 6146
3 5864 5847 5863
3 5625 5613 6148
3 5625 6148 5629
3 6148 6152 5629
3 5868 5869 5850
3 5850 5869 5852
3 5211 6153 6154
3 5333 5852 5870
3 5852 5869 5870
3 5333 5871 5323
3 5870 5871 5333
3 5323 5872 5308
3 5871 5872 5323
3 6154 5615 5211
3 5308 5872 5853
3 5872 5894 5853
3 5894 5875 5853
3 6156 5615 6154
3 5619 5615 6156
3 5617 5619 6156
3 5621 5619 5617
3 5632 5629 6152
3 6157 5633 5632
3 6152 6157 5632
3 6157 5634 5633
3 5877 5896 5861
3 5896 5880 5861
3 5861 5880 5862
3 6159 5634 6157
3 5336 5862 5881
3 5862 5880 5881
3 5336 5882 5330
3 5881 5882 5336
3 6162 5634 6159
3 5882 5338 5330
3 5338 5863 5332
3 6163 5646 6176
3 5338 5884 5863
3 5884 5886 5863
3 5863 5886 5864
3 5635 6163 6166
3 5635 5646 6163
3 5639 5635 6166
3 6153 5639 6166
3 5888 5889 5868
3 5868 5889 5869
3 5889 5890 5869
3 5869 5890 5870
3 5890 5891 5870
3 5870 5891 5871
3 5891 5911 5871
3 5871 5911 5872
3 5911 5894 5872
3 5211 5639 6153
3 6162 5640 5634
3 6167 5642 5640
3 6167 5640 6162
3 6168 5642 6167
3 5650 5642 6168
3 5646 6170 6176
3 6178 5653 5650
3 5896 5913 5880
3 5913 5899 5880
3 5880 5899 5881
3 5899 5900 5881
3 5881 5900 5882
3 5900 5901 5882
3 5882 5901 5338
3 5901 5902 5338
3 5338 5902 5884
3 5902 5904 5884
3 5884 5904 5886
3 6168 6178 5650
3 6179 5653 6178
3 6180 5657 6186
3 6182 6170 5656
3 5921 5907 5888
3 5888 5907 5889
3 5907 5908 5889
3 5889 5908 5890
3 5908 5909 5890
3 5890 5909 5891
3 5909 5911 5891
3 6182 5656 5657
3 6182 5657 6180
3 6179 5229 5653
3 6184 5229 6179
3 6184 5658 5229
3 6184 6188 5658
3 6186 5659 6190
3 6186 5657 5659
3 5913 5928 5899
3 5928 5916 5899
3 5899 5916 5900
3 5916 5917 5900
3 5900 5917 5901
3 5917 5918 5901
3 5901 5918 5902
3 5918 5920 5902
3 5902 5920 5904
3 6188 5660 5658
3 6188 6192 5660
3 6190 5661 6194
3 6190 5659 5661
3 6192 5662 5660
3 5921 5935 5907
3 5935 5908 5907
3 6192 6196 5662
3 6194 5663 6198
3 6389 5909 5908
3 6194 5661 5663
3 5911 5909 6389
3 6196 5675 5662
3 6196 6203 5675
3 6198 5676 6204
3 6198 5663 5676
3 5930 5916 5928
3 6203 6205 5675
3 5930 5931 5916
3 5916 5931 5917
3 5931 5918 5917
3 6205 5698 5675
3 5918 5934 5920
3 6204 5676 5281
3 6204 5281 5701
3 5691 5260 6215
3 6215 5260 5706
3 5260 5262 5706
3 5706 5262 5708
3 5262 5263 5708
3 5708 5263 5709
3 5263 5268 5709
3 5709 5268 5713
3 5268 5271 5713
3 5713 5271 5715
3 5271 5693 5715
3 6205 5700 5698
3 5379 5357 5941
3 5940 5379 5941
3 5357 5358 5942
3 5941 5357 5942
3 5358 5944 5943
3 5942 5358 5943
3 6206 5700 6205
3 5701 5718 6218
3 5718 5701 5281
3 5703 5297 6229
3 5678 5723 6229
3 5678 6229 5297
3 5688 5723 5678
3 6208 5723 5688
3 5367 5372 4836
3 5689 6211 5688
3 5372 5373 5949
3 4836 5372 5949
3 5373 5374 5950
3 5949 5373 5950
3 5374 5375 5951
3 5950 5374 5951
3 6211 6208 5688
3 5951 5375 5952
3 5691 6212 5689
3 6212 6211 5689
3 6215 6212 5691
3 5940 5380 5379
3 5381 5380 5940
3 5941 5381 5940
3 5382 5381 5941
3 5942 5382 5941
3 5383 5382 5942
3 5943 5383 5942
3 5944 5383 5943
3 5693 6216 5715
3 5696 6250 5693
3 6250 6216 5693
3 5725 5696 5717
3 6250 5696 5725
3 5726 5725 5717
3 5367 5387 4837
3 4836 5387 5367
3 5298 5726 5717
3 5298 5304 5726
3 5949 5389 4836
3 5390 5389 5949
3 5950 5390 5949
3 5391 5390 5950
3 5951 5391 5950
3 5952 5391 5951
3 5726 5304 5728
3 5304 5729 5728
3 5733 5700 6206
3 5417 5396 5954
3 6206 6252 5733
3 5396 5397 5955
3 5954 5396 5955
3 5397 4856 5956
3 5955 5397 5956
3 4856 4859 5957
3 5956 4856 5957
3 4859 4894 5958
3 5957 4859 5958
3 6218 5718 5335
3 6218 5335 6271
3 5720 5324 5739
3 5702 5741 5739
3 5702 5739 5324
3 5703 5741 5702
3 5961 5410 5962
3 6228 5741 5703
3 5410 5411 5963
3 5962 5410 5963
3 5411 5412 5964
3 5963 5411 5964
3 5412 5413 5965
3 5964 5412 5965
3 5413 5415 5445
3 5965 5413 5445
3 6229 6228 5703
3 5728 6266 5726
3 5743 5728 5729
3 6266 5728 5743
3 5422 5417 5954
3 5955 5422 5954
3 5424 5422 5955
3 5956 5424 5955
3 5957 5424 5956
3 5744 5743 5729
3 5325 5744 5729
3 5325 5732 5744
3 6252 5735 5733
3 6252 6269 5735
3 5348 6271 5335
3 5737 5738 5752
3 5720 6276 5752
3 5961 5436 5960
3 5437 5436 5961
3 5962 5437 5961
3 5440 5437 5962
3 5963 5440 5962
3 5442 5440 5963
3 5964 5442 5963
3 5444 5442 5964
3 5965 5444 5964
3 5445 5444 5965
3 5738 5720 5752
3 5739 6276 5720
3 6257 6276 5739
3 5741 6257 5739
3 5744 6267 5743
3 5758 5744 5732
3 5758 6267 5744
3 5759 5758 5732
3 5341 5759 5732
3 5341 5745 5759
3 5761 5735 5762
3 5762 5735 6269
3 6269 6280 5762
3 5764 6271 5766
3 5770 5766 6271
3 5982 5983 5971
3 5348 5770 6271
3 6543 5971 5985
3 5985 5971 5983
3 5348 5747 5770
3 6543 5985 5987
3 5747 5349 5771
3 5349 5751 5771
3 5771 5751 5774
3 5737 5775 5774
3 5751 5737 5774
3 5993 6012 5975
3 5752 5775 5737
3 6273 5775 5752
3 5975 5995 5977
3 6276 6273 5752
3 5759 6290 5758
3 5996 5977 5995
3 5776 5759 5745
3 6290 5759 5776
3 5777 5776 5745
3 6000 6001 5980
3 5980 6001 5982
3 6001 6002 5982
3 5982 6002 5983
3 6002 6003 5983
3 5983 6003 5985
3 6003 6004 5985
3 5985 6004 5987
3 5350 5777 5745
3 5350 5351 5777
3 6005 5987 6004
3 5777 5351 5778
3 5351 5760 5778
3 5760 5761 5781
3 5762 5782 5781
3 5761 5762 5781
3 5762 6292 5782
3 6280 6292 5762
3 5785 5784 5764
3 6012 6013 5975
3 6013 6014 5975
3 5975 6014 5995
3 6014 6016 5995
3 5995 6016 5996
3 5766 5785 5764
3 5787 5785 5766
3 5770 5787 5766
3 5788 5787 5770
3 6018 6019 6000
3 6000 6019 6001
3 6019 6020 6001
3 6001 6020 6002
3 6020 6021 6002
3 6002 6021 6003
3 6021 6022 6003
3 6003 6022 6004
3 6022 6023 6004
3 6004 6023 6005
3 5747 5788 5770
3 5790 5788 5747
3 6024 6005 6023
3 5771 5790 5747
3 5793 5790 5771
3 5774 5793 5771
3 5775 5793 5774
3 6008 6028 6030
3 6030 6031 6008
3 6008 6031 6012
3 6031 6033 6012
3 6283 5793 5775
3 6273 6283 5775
3 6012 6033 6013
3 6033 6034 6013
3 6013 6034 6014
3 6034 6036 6014
3 6014 6036 6016
3 6291 6290 5776
3 5794 5776 5777
3 5794 6291 5776
3 5795 5794 5777
3 6054 6039 6018
3 6018 6039 6019
3 5778 5795 5777
3 5448 6020 6039
3 6020 6019 6039
3 5451 6020 5448
3 6021 6020 5451
3 5453 6021 5451
3 6022 6021 5453
3 5796 5795 5778
3 5453 6040 6022
3 6040 6023 6022
3 6040 6041 6023
3 6023 6041 6024
3 5760 5796 5778
3 5797 5796 5760
3 6042 6024 6041
3 5781 5797 5760
3 5799 5797 5781
3 5782 5799 5781
3 5801 5799 5782
3 6028 6046 6048
3 6048 6049 6028
3 6028 6049 6030
3 6292 5801 5782
3 5455 6031 6049
3 6031 6030 6049
3 5459 6031 5455
3 6033 6031 5459
3 5784 5817 6305
3 5802 5817 5784
3 5785 5802 5784
3 5805 5802 5785
3 6050 6034 6033
3 6050 6052 6034
3 6034 6052 6036
3 5787 5805 5785
3 5807 5805 5787
3 5788 5807 5787
3 5790 5807 5788
3 6302 5807 5790
3 6054 6055 6039
3 6055 5448 6039
3 5464 5448 6055
3 5467 6040 5453
3 6056 6040 5467
3 5793 6302 5790
3 6056 6041 6040
3 6056 6057 6041
3 6041 6057 6042
3 5795 6319 5794
3 5810 5795 5796
3 6058 6042 6057
3 6319 5795 5810
3 5812 5810 5796
3 5797 5812 5796
3 5814 5812 5797
3 6046 6061 6064
3 6064 5491 6046
3 6046 5491 6048
3 5799 5814 5797
3 5472 6049 5491
3 6049 6048 5491
3 5472 5455 6049
3 5476 6050 6033
3 6066 6050 5476
3 5815 5814 5799
3 6067 6052 6066
3 6066 6052 6050
3 5801 5815 5799
3 5801 6324 5815
3 6055 6054 6070
3 6070 5464 6055
3 5498 5464 6070
3 5802 5818 5817
3 6330 5818 5802
3 6057 6056 5485
3 5805 6330 5802
3 5485 6071 6057
3 6071 6058 6057
3 5807 6330 5805
3 6332 6330 5807
3 6072 6058 6071
3 6302 6332 5807
3 6320 6319 5810
3 5819 5810 5812
3 5819 6320 5810
3 6061 6077 6078
3 5821 5819 5812
3 5487 6064 6078
3 6064 6061 6078
3 5491 6064 5487
3 5814 5821 5812
3 6340 5821 5814
3 5496 6066 5476
3 6080 6066 5496
3 5815 6340 5814
3 6067 6066 6080
3 5815 6324 6340
3 5843 6402 5352
3 6097 5498 6070
3 5352 6402 5825
3 5504 6071 5485
3 6083 6071 5504
3 6402 6410 5825
3 6083 6072 6071
3 5825 6410 5826
3 6607 6072 6085
3 6085 6072 6083
3 6410 6412 5826
3 6607 6085 6087
3 5826 6412 5827
3 6412 6413 5827
3 6089 6092 6093
3 5827 6413 5829
3 6413 6420 5829
3 6093 6092 6077
3 6077 6092 5530
3 5829 6420 5849
3 5509 6078 5530
3 6078 6077 5530
3 5509 5487 6078
3 5516 6080 5496
3 6096 6080 5516
3 5855 5857 5368
3 5368 5857 5831
3 5857 6431 5831
3 6097 6098 5517
3 5831 6431 5833
3 6431 6438 5833
3 6097 5517 5498
3 5833 6438 5835
3 6438 6440 5835
3 5835 6440 5839
3 6085 6083 5524
3 6440 5859 5839
3 5524 6100 6085
3 6100 6087 6085
3 5839 5859 5841
3 5865 6402 5866
3 6101 6087 6100
3 5866 6402 5844
3 5843 5844 6402
3 5846 5385 6430
3 5385 5849 6430
3 6089 6106 5547
3 5849 6420 6430
3 5528 6092 5547
3 6092 6089 5547
3 5530 6092 5528
3 5385 5851 5849
3 5386 5854 5855
3 5854 5857 5855
3 5854 6456 5857
3 5534 6109 6096
3 5534 6096 5516
3 5854 5876 6456
3 6456 6431 5857
3 5860 5859 5883
3 5517 6098 6112
3 5859 5860 5841
3 5536 5517 6112
3 5865 5866 6441
3 6441 5866 5867
3 6101 6100 5541
3 6445 6441 5867
3 5541 6623 6101
3 5541 6115 6623
3 6445 5867 5873
3 6449 6445 5873
3 6623 6115 6116
3 6449 5873 5874
3 6116 6115 6118
3 6452 6449 5874
3 5874 5846 6452
3 5876 5399 6458
3 6458 5399 5878
3 6123 6125 6627
3 6465 6458 5878
3 5543 6106 6627
3 6465 5878 5879
3 6470 6465 5879
3 5543 6627 6125
3 5547 6106 5543
3 6470 5879 5883
3 6473 6470 5883
3 5883 5859 6473
3 6128 5534 5550
3 5905 4924 5400
3 6109 5534 6128
3 5421 4924 5905
3 6477 4924 5421
3 5403 6484 6485
3 5403 5898 6484
3 6112 5552 5536
3 6485 5885 5403
3 6487 5885 6485
3 6487 5887 5885
3 6489 5887 6487
3 6489 5892 5887
3 6118 6115 5560
3 6118 6132 6634
3 5560 6132 6118
3 5560 6133 6132
3 6490 5892 6489
3 6133 6134 6135
3 6132 6133 6135
3 6492 5892 6490
3 6135 6134 6137
3 5893 5905 5400
3 6477 5421 5423
3 4924 5423 4925
3 4924 6477 5423
3 5409 5906 5895
3 5898 5895 5897
3 5895 5906 5897
3 5906 6502 5897
3 6502 5898 5897
3 5922 5903 5919
3 5892 5919 5903
3 6492 5919 5892
3 6149 6150 6151
3 6493 5905 5420
3 6150 5597 6151
3 5421 6493 5420
3 5428 6502 5906
3 5597 5564 6120
3 5597 6120 6151
3 5429 5910 5428
3 5565 6120 5564
3 6123 6120 5565
3 6125 6123 5565
3 5910 6502 5428
3 5430 5912 5429
3 5912 5910 5429
3 5915 5914 5430
3 5914 5912 5430
3 6155 6128 5550
3 5919 5914 5915
3 5922 5919 5915
3 5552 6112 6158
3 5933 6590 6596
3 5923 5925 6622
3 6158 5601 5552
3 5926 5925 5923
3 5924 5926 5923
3 5927 5926 5924
3 6582 5927 5924
3 6137 6134 5581
3 5583 6137 5581
3 6139 6137 5583
3 5585 6139 5583
3 6141 6139 5585
3 5587 6141 5585
3 6143 6141 5587
3 5589 6143 5587
3 6145 6143 5589
3 5591 6145 5589
3 6147 6145 5591
3 5593 6147 5591
3 6149 6147 5593
3 6150 6149 5593
3 6582 5929 5927
3 6582 6602 5929
3 6602 6626 5929
3 6615 5932 6635
3 6615 5933 5932
3 6596 5936 5933
3 6155 5600 6160
3 6622 5925 5937
3 5938 5937 5925
3 5926 5938 5925
3 6161 5601 6158
3 5601 6161 5602
3 5605 6164 5600
3 5939 5938 5926
3 5927 5939 5926
3 5600 6164 6160
3 5945 5939 5927
3 6161 6171 5608
3 5929 5945 5927
3 5929 5946 5945
3 6161 5608 5602
3 6626 5946 5929
3 5946 6626 6631
3 5947 6635 5948
3 5948 5932 5953
3 6169 6164 5605
3 6169 5605 5612
3 6635 5932 5948
3 5959 5953 5932
3 6171 6177 6173
3 5608 6171 6173
3 5608 6173 5614
3 5933 5959 5932
3 5966 5959 5933
3 6639 5966 5933
3 5936 6639 5933
3 6174 6175 6169
3 6174 6169 5612
3 6174 5612 5618
3 5968 5967 5937
3 5938 5968 5937
3 5969 5968 5938
3 6173 6177 6183
3 6173 6183 5620
3 6173 5620 5614
3 5939 5969 5938
3 5970 5969 5939
3 6181 6175 6174
3 5624 6181 6174
3 5624 6174 5618
3 5945 5970 5939
3 5972 5970 5945
3 5946 5972 5945
3 5973 5972 5946
3 6631 5973 5946
3 6183 6189 5626
3 6183 5626 5620
3 6631 5976 5973
3 6631 6637 5976
3 6187 6181 5624
3 6637 6656 5976
3 6638 5978 6661
3 6187 5624 5630
3 5978 5947 5979
3 6638 5947 5978
3 5981 5979 5947
3 5626 6189 5631
3 5631 6189 6191
3 5948 5981 5947
3 5631 6191 5637
3 6193 5636 5069
3 5984 5981 5948
3 6187 5630 5636
3 5953 5984 5948
3 6187 5636 6193
3 5986 5984 5953
3 5959 5986 5953
3 6191 6195 5637
3 5989 5986 5959
3 6201 5638 6195
3 5638 5637 6195
3 5638 6201 5645
3 5966 5989 5959
3 6666 5989 5966
3 6199 6200 5643
3 6200 5644 5643
3 5644 6200 6193
3 5069 5644 6193
3 6639 6666 5966
3 5990 5967 5968
3 6668 5967 5990
3 5645 6201 6202
3 5990 5968 5969
3 6209 5648 6202
3 5648 5645 6202
3 5432 5990 5969
3 5970 5432 5969
3 5433 5970 5972
3 6217 6207 5651
3 6207 5652 5651
3 6199 5643 5652
3 5974 5433 5973
3 6199 5652 6207
3 5973 5433 5972
3 5973 5976 5991
3 5974 5973 5991
3 5648 6209 5647
3 5647 6209 6210
3 5647 6210 5654
3 5654 6210 6213
3 5976 5992 5991
3 6656 5992 5976
3 5655 5654 6213
3 5992 6656 6659
3 5997 6661 5998
3 5665 5664 6214
3 5998 5978 5999
3 6661 5978 5998
3 5999 5978 5979
3 5666 5665 6217
3 6217 5651 5666
3 5434 5999 5979
3 5981 5434 5979
3 5988 5984 5986
3 5655 6213 6219
3 5667 5655 6219
3 5986 5989 6006
3 5667 6219 6220
3 5667 6220 5668
3 5668 6220 6221
3 5668 6221 5669
3 5669 6221 6222
3 5669 6222 5670
3 5670 6222 6223
3 5670 6223 5671
3 5671 6223 6224
3 5671 6224 5672
3 5672 6224 6225
3 5672 6225 5673
3 5673 6225 6226
3 5673 6226 5674
3 5674 6226 6227
3 5988 5986 6006
3 6666 6006 5989
3 6214 5664 6227
3 6664 6006 6666
3 6668 5990 6007
3 6007 5990 5439
3 6730 5695 5677
3 6715 6730 5677
3 5677 5679 6715
3 5439 5990 5432
3 5679 5680 6715
3 5680 6233 6715
3 5680 5681 6233
3 5681 6234 6233
3 5681 5682 6234
3 5682 6235 6234
3 5682 5683 6235
3 5683 6236 6235
3 5683 5684 6236
3 5684 6237 6236
3 5684 5685 6237
3 5685 6238 6237
3 5685 5686 6238
3 5686 6239 6238
3 5686 5687 6239
3 5687 6240 6239
3 5994 5991 5992
3 5687 6241 6240
3 5690 6242 6241
3 5687 5690 6241
3 5992 6659 6009
3 5994 5992 6009
3 5692 5694 6243
3 5694 6245 6243
3 5694 5695 6245
3 5695 6730 6245
3 6659 6010 6009
3 6659 6670 6010
3 6010 6670 6675
3 6015 6676 6017
3 5690 5697 6242
3 5697 6248 6242
3 5697 5699 6248
3 5699 6249 6248
3 6017 5997 6025
3 6676 5997 6017
3 6025 5997 5998
3 5450 6025 5998
3 5148 5704 6251
3 5704 6253 6251
3 5704 6243 6253
3 5692 6243 5704
3 6254 5699 5705
3 6249 5699 6254
3 5705 5707 6254
3 5707 6255 6254
3 5999 5450 5998
3 6026 5988 6027
3 6263 5716 5710
3 6258 6263 5710
3 5710 6251 6258
3 5148 6251 5710
3 6259 5707 5711
3 6255 5707 6259
3 5712 6260 6259
3 5711 5712 6259
3 6027 5988 6006
3 6006 6664 6027
3 5714 5716 6261
3 5716 6263 6261
3 6029 6680 6007
3 6029 6007 5439
3 6011 6009 6010
3 6010 6675 6032
3 5712 5719 6260
3 5719 6265 6260
3 6011 6010 6032
3 6675 6035 6032
3 6681 6035 6675
3 6035 6681 6037
3 5721 6261 6268
3 5714 6261 5721
3 6270 5719 5724
3 6265 5719 6270
3 6681 6682 6037
3 6037 6682 6684
3 6043 6691 6045
3 6045 6015 6051
3 5727 6268 6272
3 5721 6268 5727
3 6274 5724 5730
3 6270 5724 6274
3 6691 6015 6045
3 6051 6015 6017
3 6051 6017 5469
3 6025 5469 6017
3 5734 6272 6275
3 5727 6272 5734
3 6278 5730 5736
3 6274 5730 6278
3 6027 6694 6053
3 6027 6053 6026
3 6680 6029 6739
3 6739 6029 5478
3 5740 6275 6279
3 5734 6275 5740
3 6281 5736 5742
3 6278 5736 6281
3 5497 6032 6035
3 6038 5497 6037
3 5749 5740 6286
3 6286 5740 6279
3 5746 6284 6281
3 6037 5497 6035
3 6037 6684 6059
3 6286 6285 5749
3 6038 6037 6059
3 6684 6060 6059
3 6699 6060 6684
3 6060 6699 6062
3 5763 6288 6284
3 5746 5763 6284
3 6699 6702 6062
3 6062 6702 6063
3 5765 6285 6697
3 5749 6285 5765
3 6702 6714 6063
3 6063 6714 6716
3 6729 6733 6075
3 6075 6733 6076
3 5772 6293 5773
3 5773 6293 6294
3 5773 6294 5753
3 5753 6294 6295
3 5753 6295 5754
3 5754 6295 6296
3 5754 6296 5755
3 5755 6296 6297
3 5755 6297 5756
3 5756 6297 6298
3 5756 6298 5757
3 5757 6298 6299
3 5757 6299 5779
3 5779 6299 6300
3 5779 6300 5780
3 5780 6300 6312
3 6733 6734 6076
3 6076 6734 6079
3 6734 6736 6079
3 6079 6686 6081
3 6304 5763 5786
3 6288 5763 6304
3 6736 6686 6079
3 6081 6686 6043
3 5789 5765 6306
3 6306 5765 6697
3 6081 6043 6044
3 6047 6044 6045
3 6045 6044 6043
3 6309 5768 6307
3 5768 6309 5769
3 5769 6309 6310
3 6051 6047 6045
3 5772 5769 6311
3 6311 5769 6310
3 5772 6311 6293
3 6082 6053 6084
3 6053 6694 6084
3 5780 6312 5783
3 5783 6312 6313
3 5783 6313 5798
3 5798 6313 6316
3 6694 6770 6084
3 6086 6739 5478
3 5800 5798 6316
3 5533 6060 6062
3 5804 6317 5786
3 6317 6304 5786
3 6063 5533 6062
3 6065 6063 6716
3 5806 6306 6318
3 5789 6306 5806
3 6321 5792 5811
3 6068 6065 6725
3 6725 6065 6716
3 6307 5792 6322
3 6322 5792 6321
3 6307 6322 6309
3 5800 6316 6323
3 6069 6068 6726
3 5800 6323 5813
3 5813 6323 6325
3 6726 6068 6725
3 5813 6325 5828
3 6326 5804 5820
3 6317 5804 6326
3 6073 6069 6728
3 6728 6069 6726
3 5822 5806 6328
3 6328 5806 6318
3 6074 6073 6729
3 6729 6073 6728
3 6075 6074 6729
3 6331 5811 6329
3 5811 6331 6321
3 6084 6770 6741
3 6084 6741 6090
3 6325 6334 5828
3 6084 6090 6082
3 6746 6739 6086
3 5830 5828 6334
3 6088 6746 6086
3 5834 6335 5820
3 6335 6326 5820
3 6090 6740 6094
3 6741 6740 6090
3 6750 6746 6088
3 6336 5822 6328
3 5840 6339 5824
3 6091 6750 6088
3 6339 6341 6329
3 6094 6748 6095
3 6339 6329 5824
3 6329 6341 6331
3 5830 6334 6342
3 6342 6343 6344
3 5830 6342 6344
3 5830 6344 5842
3 6740 6748 6094
3 5842 6344 5858
3 6754 6750 6091
3 6830 6335 5848
3 6335 5834 5848
3 6099 6754 6091
3 6095 6752 6102
3 6748 6752 6095
3 5850 6336 6348
3 6760 6754 6099
3 5856 6350 5840
3 6103 6760 6099
3 6102 6756 6105
3 6350 6339 5840
3 6752 6756 6102
3 6764 6760 6103
3 6107 6764 6103
3 6107 6103 5580
3 6107 5580 5586
3 6344 6354 5858
3 6772 6111 6104
3 5858 6354 5877
3 5864 6830 5848
3 6105 6766 6772
3 6105 6772 6104
3 6830 5864 6355
3 5868 5850 6356
3 6356 5850 6348
3 5875 6357 5856
3 6756 6766 6105
3 6357 6359 6350
3 6357 6350 5856
3 6107 5586 6767
3 6767 5586 6108
3 6773 6767 6108
3 6110 6111 6771
3 6354 6361 6362
3 6354 6362 5877
3 6110 6771 6778
3 5877 6362 5896
3 5886 6363 5864
3 6363 6355 5864
3 5888 5868 6374
3 6374 5868 6356
3 5894 6365 5875
3 6111 6772 6771
3 5875 6365 6357
3 6365 6376 6357
3 6357 6376 6854
3 6359 6357 6854
3 6773 6113 6774
3 6362 6361 6369
3 6108 6113 6773
3 5896 6362 6370
3 6362 6369 6370
3 5896 6370 5913
3 5904 6371 5886
3 6371 6363 5886
3 6774 6113 6114
3 6785 6774 6114
3 6373 5921 6374
3 5921 5888 6374
3 5911 6375 5894
3 6794 6129 6117
3 5894 6375 6365
3 6375 6376 6365
3 6117 5599 6776
3 6794 6117 6776
3 5599 6778 6776
3 6110 6778 5599
3 6785 5603 6787
3 6114 5603 6785
3 6866 6381 6369
3 6369 6381 6370
3 6787 5603 5604
3 5913 6370 6382
3 6370 6381 6382
3 5913 6382 5928
3 6371 5920 6385
3 6789 6787 5604
3 6371 5904 5920
3 6789 5604 6119
3 6130 6789 6119
3 6119 6121 6130
3 6126 6127 6136
3 5921 6373 6388
3 6127 5606 6790
3 5921 6388 5935
3 6136 6127 6790
3 6389 6390 5911
3 6790 5606 6129
3 6791 6790 6129
3 5911 6390 6375
3 6390 6391 6375
3 6391 6882 6375
3 6375 6882 6376
3 6129 6794 6791
3 6121 6797 6130
3 6122 6799 6121
3 6381 6866 6395
3 6395 6396 6381
3 6381 6396 6382
3 6799 6797 6121
3 5928 6382 6397
3 6382 6396 6397
3 6799 5607 6800
3 6397 5930 5928
3 6122 5607 6799
3 6800 5607 5609
3 5934 6385 5920
3 6801 6800 5609
3 5934 6421 6385
3 6801 5609 6131
3 6803 6801 6131
3 6131 6805 6803
3 6131 6124 6805
3 6403 6404 6373
3 6373 6404 6388
3 6126 6805 6124
3 5935 6388 6405
3 6388 6404 6405
3 5935 6406 5908
3 6405 6406 5935
3 6808 6156 6823
3 5908 6406 6389
3 6406 6407 6389
3 6407 6408 6389
3 6389 6408 6390
3 6408 6409 6390
3 6390 6409 6391
3 5617 6808 6809
3 6411 6882 6409
3 6409 6882 6391
3 5617 6156 6808
3 6809 6138 5617
3 6810 6138 6809
3 6810 6140 6138
3 6395 6414 6396
3 6414 6415 6396
3 6396 6415 6397
3 6415 6416 6397
3 6397 6416 5930
3 5930 6417 5931
3 6811 6140 6810
3 5930 6416 6417
3 5931 6418 5918
3 6417 6418 5931
3 6811 6142 6140
3 5918 6418 5934
3 6418 6419 5934
3 6419 6421 5934
3 6812 6142 6811
3 6812 6144 6142
3 6813 6144 6812
3 6403 6422 6423
3 6813 6146 6144
3 6423 6424 6403
3 6403 6424 6404
3 6424 6425 6404
3 6404 6425 6405
3 6425 6426 6405
3 6405 6426 6406
3 6426 6427 6406
3 6406 6427 6407
3 6427 6428 6407
3 6407 6428 6408
3 6428 6429 6408
3 6408 6429 6409
3 6409 6429 6918
3 6411 6409 6918
3 6815 6146 6813
3 6815 6148 6146
3 6432 6433 6414
3 6414 6433 6415
3 6433 6434 6415
3 6415 6434 6416
3 6434 6435 6416
3 6416 6435 6417
3 6435 6436 6417
3 6417 6436 6418
3 6436 6437 6418
3 6418 6437 6419
3 6437 6439 6419
3 6419 6439 6421
3 6816 6148 6815
3 6816 6152 6148
3 6818 6152 6816
3 6819 6152 6818
3 6157 6152 6819
3 6423 6442 6424
3 6153 6165 6822
3 6424 6442 6425
3 6442 6444 6425
3 6425 6444 6426
3 6166 6165 6153
3 6426 6444 6427
3 6444 6446 6427
3 6427 6446 6428
3 6822 6154 6153
3 6428 6446 6429
3 6429 6446 6448
3 6918 6429 6448
3 6823 6154 6822
3 6156 6154 6823
3 6698 6159 6157
3 6432 6451 6433
3 6451 6467 6433
3 6433 6467 6434
3 6819 6698 6157
3 6434 6467 6435
3 6467 6454 6435
3 6435 6454 6436
3 6454 6455 6436
3 6436 6455 6437
3 6455 6439 6437
3 6698 6162 6159
3 6826 6162 6698
3 6826 6167 6162
3 6163 6172 6828
3 6176 6172 6163
3 6459 6442 6423
3 6166 6163 6828
3 6460 6442 6459
3 6444 6442 6460
3 6461 6444 6460
3 6165 6166 6828
3 6462 6444 6461
3 6446 6444 6462
3 6829 6168 6167
3 6826 6829 6167
3 6832 6168 6829
3 6446 6464 6448
3 6837 6834 6182
3 6834 6170 6182
3 6933 6451 6432
3 6467 6451 6933
3 6176 6170 6834
3 6172 6176 6834
3 6832 6178 6168
3 6454 6467 6468
3 6469 6454 6468
3 6455 6454 6469
3 6471 6455 6469
3 6439 6455 6471
3 6835 6179 6178
3 6439 6471 6457
3 6832 6835 6178
3 6940 6475 6476
3 6179 6835 6839
3 6475 6479 6478
3 6476 6475 6478
3 6180 6185 6837
3 6478 6479 6480
3 6479 6481 6482
3 6480 6479 6482
3 6481 6483 6482
3 6186 6185 6180
3 6180 6837 6182
3 6482 6483 6486
3 6839 6184 6179
3 6840 6184 6839
3 6840 6188 6184
3 6185 6186 6190
3 6491 6495 6494
3 6185 6190 6843
3 6841 6188 6840
3 6494 6495 6496
3 6495 6497 6498
3 6496 6495 6498
3 6497 6499 6500
3 6498 6497 6500
3 6499 6501 6500
3 6841 6192 6188
3 6501 6503 6500
3 6843 6190 6194
3 6843 6194 6845
3 6523 6506 6940
3 6940 6506 6475
3 6506 6507 6475
3 6475 6507 6479
3 6507 6508 6479
3 6844 6192 6841
3 6508 6509 6479
3 6479 6509 6481
3 6509 6510 6481
3 6481 6510 6483
3 6510 6511 6483
3 6483 6511 6486
3 6844 6196 6192
3 6845 6194 6198
3 6488 6961 6514
3 6491 6488 6514
3 6514 6515 6491
3 6845 6198 6197
3 6515 6516 6491
3 6491 6516 6495
3 6516 6517 6495
3 6846 6196 6844
3 6517 6518 6495
3 6495 6518 6497
3 6518 6519 6497
3 6497 6519 6499
3 6519 6501 6499
3 6846 6203 6196
3 6197 6198 6204
3 6197 6204 6849
3 6852 6203 6846
3 6852 6205 6203
3 6849 5701 6855
3 6523 6524 6506
3 6524 6525 6506
3 6506 6525 6507
3 6525 6526 6507
3 6507 6526 6508
3 6526 6527 6508
3 6508 6527 6509
3 6527 6528 6509
3 6509 6528 6510
3 6528 6529 6510
3 6510 6529 6511
3 6511 6529 6530
3 6204 5701 6849
3 6961 6551 6532
3 6514 6961 6532
3 6532 6533 6514
3 6514 6533 6515
3 6533 6534 6515
3 6515 6534 6516
3 6534 6535 6516
3 6516 6535 6517
3 6535 6536 6517
3 6517 6536 6518
3 6536 6537 6518
3 6518 6537 6519
3 6537 6556 6519
3 6519 6556 6501
3 6852 6206 6205
3 6206 6852 6857
3 6855 6218 6858
3 6855 5701 6218
3 6540 6542 6523
3 6523 6542 6524
3 6212 6215 6230
3 5982 6525 6542
3 6525 6524 6542
3 5971 6525 5982
3 6526 6525 5971
3 6543 6526 5971
3 6215 5706 6230
3 6543 6527 6526
3 6543 6544 6527
3 6527 6544 6528
3 6544 6545 6528
3 6528 6545 6529
3 6230 5706 6231
3 5706 5708 6231
3 6530 6529 6545
3 6231 5708 6232
3 5708 5709 6232
3 6232 5709 6244
3 6551 6550 6532
3 6532 6550 6552
3 6552 6553 6532
3 6532 6553 6533
3 6553 5993 6533
3 6533 5993 6534
3 5709 5713 6244
3 5975 6535 5993
3 6535 6534 5993
3 5977 6535 5975
3 6536 6535 5977
3 6244 5713 6246
3 5977 6555 6536
3 6555 6537 6536
3 6555 6556 6537
3 5713 5715 6246
3 6246 5715 6247
3 5715 6216 6247
3 6252 6206 6857
3 6857 6863 6252
3 6858 6218 6271
3 5980 6542 6559
3 6542 6540 6559
3 5980 5982 6542
3 6858 6271 6256
3 6228 6229 6262
3 6544 6543 5987
3 6229 5723 6262
3 5987 6560 6544
3 6560 6545 6544
3 6560 6561 6545
3 6545 6561 6530
3 6262 5723 6871
3 6208 6859 6871
3 6208 6871 5723
3 6211 6860 6208
3 6564 6565 6550
3 6550 6565 6552
3 6860 6859 6208
3 6012 6553 6565
3 6553 6552 6565
3 5993 6553 6012
3 6212 6861 6211
3 6861 6860 6211
3 5996 6555 5977
3 6230 6861 6212
3 5996 6567 6555
3 6567 6556 6555
3 6216 6862 6247
3 6250 6862 6216
3 6873 6862 6250
3 6569 5980 6559
3 6873 6250 5725
3 6569 6000 5980
3 6005 6560 5987
3 5725 5726 6873
3 6005 6570 6560
3 6570 6561 6560
3 6873 5726 6264
3 5726 6266 6264
3 6949 6561 6570
3 6864 6252 6863
3 6864 6269 6252
3 6257 5741 6875
3 6228 6869 6875
3 6564 6575 6577
3 6228 6875 5741
3 6008 6565 6577
3 6565 6564 6577
3 6008 6012 6565
3 6262 6869 6228
3 6567 5996 6983
3 5996 6016 6983
3 6266 6876 6264
3 6018 6000 6580
3 6580 6000 6569
3 6024 6570 6005
3 6277 6876 6266
3 6024 6581 6570
3 6581 6949 6570
3 6277 6266 5743
3 5743 6267 6277
3 6280 6269 6864
3 6864 6877 6280
3 6256 6271 5764
3 6028 6577 6592
3 6577 6575 6592
3 6028 6008 6577
3 6036 6585 6016
3 6585 6983 6016
3 6054 6018 6594
3 6594 6018 6580
3 6042 6581 6024
3 6256 5764 6282
3 6273 6276 6883
3 6042 6588 6581
3 6257 6887 6883
3 6588 6589 6581
3 6276 6257 6883
3 6875 6887 6257
3 6287 6277 6267
3 6289 6287 6267
3 6046 6592 6591
3 6046 6028 6592
3 6052 6593 6036
3 6593 6585 6036
3 5758 6289 6267
3 5758 6290 6289
3 6879 6280 6877
3 6879 6292 6280
3 6058 6588 6042
3 6588 6597 6589
3 6058 6597 6588
3 6301 6282 5784
3 5784 6282 5764
3 6273 6888 6283
3 6883 6888 6273
3 6883 6611 6888
3 6289 6890 6287
3 6061 6591 6601
3 6061 6601 6600
3 6061 6046 6591
3 6067 6603 6052
3 6303 6289 6290
3 6890 6289 6303
3 6052 6603 6593
3 6291 6303 6290
3 5801 6292 6891
3 6594 6605 6054
3 6605 6070 6054
3 6072 6597 6058
3 6597 6606 6906
3 6072 6606 6597
3 6072 6607 6606
3 6891 6292 6879
3 6607 6608 6606
3 6618 6093 6611
3 6301 6305 6613
3 6093 6077 6600
3 6093 6600 6611
3 6305 6301 5784
3 6077 6061 6600
3 6603 6612 6613
3 6603 6067 6612
3 6067 6080 6612
3 6302 5793 6308
3 6097 6070 6620
3 6620 6070 6605
3 6283 6898 6308
3 5793 6283 6308
3 6888 6898 6283
3 6607 6087 6608
3 6087 6616 6608
3 6314 6303 6291
3 6315 6314 6291
3 6618 6629 6089
3 5794 6315 6291
3 5794 6319 6315
3 6618 6089 6093
3 6324 5801 6891
3 6096 6619 6080
3 6619 6612 6080
3 6891 6908 6324
3 6912 6305 6327
3 6098 6620 6621
3 6097 6620 6098
3 6616 6087 6101
3 6912 6613 6305
3 6327 6305 5817
3 6623 6624 6101
3 6101 6624 6616
3 6623 6625 6624
3 6642 6627 6628
3 6302 6333 6332
3 6627 6106 6628
3 6628 6106 6629
3 6919 6333 6302
3 6089 6629 6106
3 6256 6096 6109
3 6308 6919 6302
3 6096 6256 6619
3 6898 6919 6308
3 6112 6098 6644
3 6644 6098 6621
3 6337 6314 6315
3 6338 6337 6315
3 6319 6338 6315
3 6623 6116 6625
3 6116 6118 6625
3 6118 6634 6625
3 6320 6338 6319
3 6340 6324 6345
3 6324 6346 6345
3 6908 6346 6324
3 6654 6151 6641
3 6908 6594 6346
3 6151 6120 6641
3 6349 6347 6912
3 6120 6123 6641
3 6123 6642 6641
3 6327 6349 6912
3 6351 6349 6327
3 6642 6123 6627
3 5817 6351 6327
3 6128 6643 6109
3 6643 6256 6109
3 5817 5818 6351
3 6351 5818 6352
3 6112 6644 6645
3 5818 6330 6352
3 6352 6330 6353
3 6332 6358 6353
3 6634 6132 6135
3 6330 6332 6353
3 6333 6358 6332
3 6137 6647 6135
3 6137 6139 6647
3 6139 6648 6647
3 6139 6141 6648
3 6141 6649 6648
3 6141 6143 6649
3 6143 6650 6649
3 6143 6145 6650
3 6145 6651 6650
3 6145 6147 6651
3 6147 6652 6651
3 6147 6149 6652
3 6149 6653 6652
3 6149 6151 6653
3 6151 6654 6653
3 6919 6358 6333
3 6360 6337 6338
3 6364 6360 6338
3 6320 6364 6338
3 6655 6128 6155
3 6643 6128 6655
3 6366 6364 6320
3 5819 6366 6320
3 6658 6158 6112
3 6645 6658 6112
3 5819 5821 6366
3 5821 6340 6367
3 6345 6368 6367
3 6340 6345 6367
3 6160 6855 6655
3 6155 6160 6655
3 6161 6158 6663
3 6663 6158 6658
3 6164 6662 6160
3 6662 6855 6160
3 6346 6368 6345
3 6377 6372 6347
3 6171 6663 6667
3 6161 6663 6171
3 6665 6164 6169
3 6662 6164 6665
3 6349 6377 6347
3 6378 6377 6349
3 6351 6378 6349
3 6379 6378 6351
3 6177 6667 6671
3 6171 6667 6177
3 6669 6169 6175
3 6665 6169 6669
3 6352 6379 6351
3 6353 6379 6352
3 6358 6379 6353
3 6380 6360 6364
3 6183 6671 6672
3 6177 6671 6183
3 6673 6175 6181
3 6669 6175 6673
3 6380 6942 6360
3 6383 6380 6364
3 6366 6383 6364
3 6384 6383 6366
3 6189 6672 6679
3 6183 6672 6189
3 6677 6181 6187
3 6673 6181 6677
3 5821 6384 6366
3 6386 6384 5821
3 6367 6386 5821
3 6387 6386 6367
3 6189 6679 6191
3 6191 6679 6839
3 6368 6387 6367
3 6967 6387 6368
3 6346 6967 6368
3 6377 6392 6372
3 6193 6683 6187
3 6187 6683 6677
3 6393 6392 6377
3 6378 6393 6377
3 6685 6195 6191
3 6839 6685 6191
3 6201 6685 6689
3 6195 6685 6201
3 6687 6200 6199
3 6688 6200 6687
3 6200 6688 6683
3 6193 6200 6683
3 6379 6393 6378
3 6944 6379 6358
3 6201 6689 6202
3 6202 6689 6690
3 6209 6690 6695
3 6202 6690 6209
3 6692 6207 6217
3 6693 6207 6692
3 6207 6693 6199
3 6199 6693 6687
3 6394 6380 6383
3 6394 6950 6380
3 6398 6394 6383
3 6384 6398 6383
3 6209 6695 6210
3 6210 6695 6696
3 6210 6696 6213
3 6213 6696 6698
3 6399 6398 6384
3 6386 6399 6384
3 6400 6399 6386
3 6387 6400 6386
3 5665 6700 6217
3 6217 6700 6701
3 6995 6400 6387
3 6217 6701 6692
3 6967 6995 6387
3 6986 6393 6379
3 6703 6219 6213
3 6698 6703 6213
3 6219 6703 6220
3 6220 6703 6704
3 6220 6704 6221
3 6221 6704 6705
3 6221 6705 6222
3 6222 6705 6706
3 6222 6706 6223
3 6223 6706 6707
3 6223 6707 6224
3 6224 6707 6708
3 6224 6708 6225
3 6225 6708 6709
3 6225 6709 6226
3 6226 6709 6710
3 6226 6710 6227
3 6227 6710 6711
3 6398 6988 6394
3 6227 6711 6712
3 6227 6712 6214
3 6214 6712 6713
3 6214 6713 6700
3 5665 6214 6700
3 6401 6398 6399
3 6988 6398 6401
3 6984 6401 6399
3 6400 6984 6399
3 6995 6984 6400
3 6233 6717 6715
3 6233 6234 6717
3 6234 6718 6717
3 6234 6235 6718
3 6235 6719 6718
3 6235 6236 6719
3 6236 6720 6719
3 6236 6237 6720
3 6237 6721 6720
3 6237 6238 6721
3 6238 6722 6721
3 6238 6239 6722
3 6239 6723 6722
3 6239 6240 6723
3 6240 6724 6723
3 6240 6241 6724
3 6241 6795 6724
3 6992 6984 6995
3 6241 6242 6795
3 5865 6443 6402
3 6402 6443 6410
3 6243 6245 6727
3 6245 6794 6727
3 6245 6730 6794
3 6443 6447 6410
3 6410 6447 6412
3 6447 6450 6412
3 6412 6450 6413
3 6795 6242 6731
3 6242 6248 6731
3 6248 6732 6731
3 6248 6249 6732
3 6249 6774 6732
3 6450 6453 6413
3 6413 6453 6420
3 6453 5846 6420
3 6420 5846 6430
3 6251 6253 6735
3 6253 6737 6735
3 6253 6727 6737
3 6243 6727 6253
3 6738 6249 6254
3 6774 6249 6738
3 6254 6255 6738
3 6255 6767 6738
3 6456 6463 6431
3 6431 6463 6438
3 6747 6263 6258
3 6742 6747 6258
3 6258 6735 6742
3 6251 6735 6258
3 6743 6255 6259
3 6767 6255 6743
3 6260 6744 6743
3 6259 6260 6743
3 6463 6466 6438
3 6438 6466 6440
3 6261 6263 6745
3 6263 6747 6745
3 6466 6472 6440
3 6440 6472 5859
3 6472 6474 5859
3 6441 6443 5865
3 6260 6265 6744
3 6265 6762 6744
3 6445 6447 6441
3 6447 6443 6441
3 6449 6450 6445
3 6450 6447 6445
3 6268 6745 6751
3 6261 6745 6268
3 6753 6265 6270
3 6762 6265 6753
3 6452 6453 6449
3 6453 6450 6449
3 5846 6453 6452
3 6458 6463 5876
3 6272 6751 6755
3 6268 6751 6272
3 6757 6270 6274
3 6753 6270 6757
3 6463 6456 5876
3 6465 6466 6458
3 6466 6463 6458
3 6470 6472 6465
3 6275 6755 6759
3 6272 6755 6275
3 6761 6274 6278
3 6757 6274 6761
3 6472 6466 6465
3 6473 6474 6470
3 6474 6472 6470
3 5859 6474 6473
3 6279 6759 6763
3 6275 6759 6279
3 6765 6278 6281
3 6761 6278 6765
3 5905 6493 5421
3 5898 6502 6484
3 6286 6279 6770
3 6770 6279 6763
3 6284 6768 6281
3 6768 6765 6281
3 6769 6285 6286
3 6770 6769 6286
3 6484 6502 6485
3 6502 6504 6485
3 6485 6504 6487
3 6504 6505 6487
3 6288 6680 6768
3 6284 6288 6768
3 6487 6505 6489
3 6505 6512 6489
3 6489 6512 6490
3 6285 6769 6697
3 6512 6513 6490
3 6490 6513 6492
3 5910 6504 6502
3 5912 6505 5910
3 6293 6777 6294
3 6294 6777 6779
3 6294 6779 6295
3 6295 6779 6780
3 6295 6780 6296
3 6296 6780 6781
3 6296 6781 6297
3 6297 6781 6782
3 6297 6782 6298
3 6298 6782 6783
3 6298 6783 6299
3 6299 6783 6784
3 6299 6784 6300
3 6300 6784 6786
3 6300 6786 6312
3 6505 6504 5910
3 5914 6512 5912
3 6512 6505 5912
3 6312 6786 6788
3 5919 6513 5914
3 6678 6288 6304
3 6680 6288 6678
3 6513 6512 5914
3 6492 6513 5919
3 6306 6697 6792
3 6522 6520 6531
3 6892 6520 6522
3 6538 6531 6520
3 6889 6538 6520
3 6793 6796 6309
3 6309 6796 6310
3 6310 6796 6775
3 6775 6777 6311
3 6889 6539 6538
3 6775 6311 6310
3 6311 6777 6293
3 6539 6889 6885
3 6541 6878 6546
3 6788 6798 6312
3 6312 6798 6313
3 6313 6798 6316
3 6546 6521 6547
3 6878 6521 6546
3 6548 6547 6521
3 6316 6798 6802
3 6896 6548 6521
3 6317 6646 6304
3 6646 6678 6304
3 6896 6549 6548
3 6874 6549 6896
3 6318 6792 6804
3 6306 6792 6318
3 6557 6554 6522
3 6807 6321 6806
3 6531 6557 6522
3 6793 6322 6807
3 6807 6322 6321
3 6322 6793 6309
3 6323 6316 6802
3 6558 6557 6531
3 6802 6674 6323
3 6323 6674 6325
3 6325 6674 6817
3 6538 6558 6531
3 6646 6317 6326
3 6562 6558 6538
3 6539 6562 6538
3 6563 6562 6539
3 6328 6318 6640
3 6640 6318 6804
3 6885 6563 6539
3 6885 6867 6563
3 6566 6541 6568
3 6814 6806 6331
3 6851 6541 6566
3 6321 6331 6806
3 6817 6334 6325
3 6571 6568 6541
3 6546 6571 6541
3 6572 6571 6546
3 6334 6817 6820
3 6547 6572 6546
3 6335 6821 6326
3 6821 6646 6326
3 6573 6572 6547
3 6548 6573 6547
3 6336 6328 6833
3 6328 6640 6833
3 6824 6825 6341
3 6850 6573 6548
3 6549 6850 6548
3 6341 6825 6814
3 6576 6574 6554
3 6341 6814 6331
3 6342 6334 6820
3 6557 6576 6554
3 6342 6820 6827
3 6342 6827 6343
3 6578 6576 6557
3 6558 6578 6557
3 5924 6578 6558
3 6830 6831 6335
3 6831 6821 6335
3 6562 5924 6558
3 6579 5924 6562
3 6563 6579 6562
3 6336 6833 6348
3 6583 6579 6563
3 6610 6824 6836
3 6339 6824 6341
3 6350 6824 6339
3 6867 6583 6563
3 6350 6836 6824
3 6867 6848 6583
3 6867 6856 6848
3 6584 6566 6586
3 6853 6566 6584
3 6344 6343 6838
3 6344 6838 6354
3 6838 6343 6609
3 6853 6851 6566
3 6587 6586 6566
3 6568 6587 6566
3 6831 6830 6355
3 6356 6348 6842
3 6842 6348 6833
3 6584 6610 6359
3 6359 6610 6836
3 6590 6587 6568
3 6571 6590 6568
3 6595 6590 6571
3 6359 6836 6350
3 6361 6354 6838
3 6572 6595 6571
3 6361 6838 6609
3 6361 6609 6847
3 6598 6595 6572
3 6847 6609 6848
3 6363 6574 6355
3 6574 6831 6355
3 6374 6356 6850
3 6850 6356 6842
3 6573 6598 6572
3 6842 6598 6573
3 6584 6359 6853
3 6359 6854 6853
3 6850 6842 6573
3 6599 6831 6574
3 6369 6361 6847
3 6866 6369 6847
3 6856 6847 6848
3 6576 6599 6574
3 6856 6866 6847
3 6599 6576 6578
3 6371 6554 6363
3 6554 6574 6363
3 5923 6599 6578
3 6374 6549 6373
3 5924 5923 6578
3 6374 6850 6549
3 6582 5924 6579
3 6579 6583 6602
3 6582 6579 6602
3 6853 6865 6851
3 6604 6602 6583
3 6376 6865 6854
3 6854 6865 6853
3 6848 6604 6583
3 6848 6609 6604
3 6610 6584 6614
3 6615 6614 6584
3 6586 6615 6584
3 6615 6586 6587
3 6867 6868 6856
3 6868 6866 6856
3 6868 6867 6885
3 5933 6615 6587
3 6870 6522 6371
3 6522 6554 6371
3 6371 6385 6870
3 6590 5933 6587
3 6596 6590 6595
3 6595 6598 6617
3 6549 6874 6373
3 6874 6872 6373
3 6596 6595 6617
3 6842 6617 6598
3 6878 6541 6880
3 6622 6831 6599
3 6622 6599 5923
3 6541 6851 6880
3 6851 6881 6880
3 6881 6851 6882
3 6851 6865 6882
3 6882 6865 6376
3 6602 6604 6626
3 6630 6626 6604
3 6609 6630 6604
3 6395 6866 6884
3 6866 6868 6884
3 6609 6632 6630
3 6885 6886 6868
3 6886 6884 6868
3 6609 6343 6632
3 6885 6889 6886
3 6824 6610 6633
3 6635 6633 6610
3 6614 6635 6610
3 6522 6870 6892
3 6870 6893 6892
3 6893 6870 6385
3 6421 6893 6385
3 6403 6373 6872
3 6894 6403 6872
3 6894 6872 6895
3 6872 6874 6895
3 6635 6614 6615
3 6896 6897 6874
3 6897 6895 6874
3 6897 6521 6899
3 6896 6521 6897
3 5936 6596 6636
3 6521 6878 6899
3 6878 6900 6899
3 6900 6878 6901
3 6878 6880 6901
3 6901 6880 6902
3 6880 6881 6902
3 6636 6596 6617
3 6411 6902 6882
3 6882 6902 6881
3 6842 6636 6617
3 6833 6636 6842
3 6831 6622 6821
3 6414 6395 6903
3 6903 6395 6884
3 6903 6884 6904
3 6884 6886 6904
3 6904 6886 6905
3 6886 6889 6905
3 6821 6622 5937
3 6631 6626 6630
3 6907 6905 6889
3 6907 6520 6909
3 6889 6520 6907
3 6630 6632 6637
3 6520 6892 6909
3 6892 6910 6909
3 6910 6892 6911
3 6892 6893 6911
3 6911 6893 6421
3 6631 6630 6637
3 6422 6403 6894
3 6423 6422 6894
3 6423 6894 6913
3 6894 6895 6913
3 6913 6895 6914
3 6895 6897 6914
3 6914 6897 6915
3 6897 6899 6915
3 6915 6899 6916
3 6899 6900 6916
3 6916 6900 6917
3 6900 6901 6917
3 6917 6901 6918
3 6901 6902 6918
3 6918 6902 6411
3 6632 6827 6637
3 6432 6414 6903
3 6343 6827 6632
3 6432 6903 6920
3 6903 6904 6920
3 6920 6904 6921
3 6904 6905 6921
3 6921 6905 6922
3 6905 6907 6922
3 6922 6907 6923
3 6907 6909 6923
3 6923 6909 6924
3 6909 6910 6924
3 6924 6910 6925
3 6910 6911 6925
3 6925 6911 6421
3 6439 6925 6421
3 6825 6824 6638
3 6638 6824 6633
3 6926 6423 6927
3 6423 6913 6927
3 6927 6913 6929
3 6913 6914 6929
3 5947 6638 6633
3 6914 6915 6929
3 6929 6915 6930
3 6915 6916 6930
3 6930 6916 6931
3 6916 6917 6931
3 6931 6917 6464
3 6917 6918 6464
3 6635 5947 6633
3 6448 6464 6918
3 6639 5936 6640
3 6640 5936 6636
3 6933 6432 6934
3 6432 6920 6934
3 6934 6920 6936
3 6920 6921 6936
3 6636 6833 6640
3 6921 6922 6936
3 6936 6922 6937
3 6922 6923 6937
3 6937 6923 6938
3 6923 6924 6938
3 6938 6924 6939
3 6924 6925 6939
3 6939 6925 6439
3 6457 6939 6439
3 6646 6821 5967
3 6459 6423 6926
3 6927 6459 6926
3 6460 6459 6927
3 6929 6460 6927
3 6461 6460 6929
3 5967 6821 5937
3 6462 6461 6929
3 6930 6462 6929
3 6446 6462 6930
3 6931 6446 6930
3 6464 6446 6931
3 6637 6827 6656
3 6827 6657 6656
3 6820 6657 6827
3 6657 6820 6817
3 6806 6814 6660
3 6467 6933 6934
3 6936 6467 6934
3 6468 6467 6936
3 6660 6825 6661
3 6469 6468 6936
3 6937 6469 6936
3 6471 6469 6937
3 6938 6471 6937
3 6814 6825 6660
3 6939 6471 6938
3 6471 6939 6457
3 6661 6825 6638
3 6940 6476 6941
3 6666 6639 6804
3 6476 6478 6941
3 6804 6639 6640
3 6478 6480 6943
3 6941 6478 6943
3 6480 6482 6943
3 6668 6646 5967
3 6659 6656 6657
3 6943 6482 6945
3 6482 6486 6946
3 6945 6482 6946
3 6657 6817 6670
3 6659 6657 6670
3 6488 6491 6948
3 6817 6674 6670
3 6807 6806 6676
3 6948 6491 6494
3 6676 6806 6660
3 5997 6676 6660
3 6496 6498 6951
3 6494 6496 6951
3 6498 6500 6952
3 6951 6498 6952
3 6661 5997 6660
3 6952 6500 6953
3 6500 6503 6953
3 6804 6792 6664
3 6954 6523 6940
3 6954 6940 6955
3 6940 6941 6955
3 6955 6941 6956
3 6804 6664 6666
3 6956 6941 6957
3 6941 6943 6957
3 6957 6943 6958
3 6646 6668 6678
3 6958 6943 6959
3 6943 6945 6959
3 6959 6945 6960
3 6945 6946 6960
3 6960 6946 6486
3 6511 6960 6486
3 6678 6668 6007
3 6675 6670 6674
3 6961 6488 6962
3 6488 6948 6962
3 6962 6948 6963
3 6948 6494 6963
3 6963 6494 6964
3 6802 6675 6674
3 6964 6494 6965
3 6494 6951 6965
3 6965 6951 6966
3 6951 6952 6966
3 6966 6952 6501
3 6952 6953 6501
3 6501 6953 6503
3 6802 6681 6675
3 6681 6802 6682
3 6968 6523 6954
3 6968 6954 6969
3 6954 6955 6969
3 6969 6955 6970
3 6955 6956 6970
3 6970 6956 6971
3 6956 6957 6971
3 6971 6957 6972
3 6957 6958 6972
3 6972 6958 6973
3 6958 6959 6973
3 6973 6959 6974
3 6959 6960 6974
3 6974 6960 6511
3 6530 6974 6511
3 6802 6798 6682
3 6975 6551 6961
3 6975 6961 6976
3 6961 6962 6976
3 6976 6962 6977
3 6962 6963 6977
3 6977 6963 6978
3 6963 6964 6978
3 6978 6964 6979
3 6964 6965 6979
3 6979 6965 6980
3 6965 6966 6980
3 6980 6966 6981
3 6966 6501 6981
3 6775 6796 6043
3 6556 6981 6501
3 6540 6523 6968
3 6982 6540 6968
3 6982 6968 6992
3 6968 6969 6992
3 6043 6796 6691
3 6984 6992 6970
3 6992 6969 6970
3 6971 6984 6970
3 6401 6984 6971
3 6796 6793 6691
3 6401 6971 6988
3 6971 6972 6988
3 6988 6972 6989
3 6972 6973 6989
3 6989 6973 6990
3 6973 6974 6990
3 6793 6807 6015
3 6793 6015 6691
3 6974 6530 6990
3 6676 6015 6807
3 6027 6664 6697
3 6664 6792 6697
3 6551 6975 6550
3 6550 6975 6993
3 6993 6975 6994
3 6975 6976 6994
3 6994 6976 6986
3 6976 6977 6986
3 6680 6678 6007
3 6393 6986 6978
3 6986 6977 6978
3 6979 6393 6978
3 6392 6393 6979
3 6684 6682 6798
3 6392 6979 6985
3 6979 6980 6985
3 6985 6980 6997
3 6980 6981 6997
3 6997 6981 6556
3 6788 6684 6798
3 6559 6540 6982
3 6996 6559 6982
3 6788 6699 6684
3 6995 6996 6992
3 6996 6982 6992
3 6699 6788 6702
3 6788 6786 6702
3 6779 6777 6734
3 6394 6988 6989
3 6734 6777 6736
3 6394 6989 6950
3 6989 6990 6950
3 6950 6990 6991
3 6990 6530 6991
3 6775 6686 6736
3 6561 6991 6530
3 6775 6736 6777
3 6987 6564 6550
3 6987 6550 6944
3 6550 6993 6944
3 6043 6686 6775
3 6379 6944 6994
3 6944 6993 6994
3 6986 6379 6994
3 6697 6769 6694
3 6697 6694 6027
3 6680 6739 6768
3 6985 6983 6392
3 6714 6702 6786
3 6985 6997 6983
3 6983 6997 6556
3 6567 6983 6556
3 6569 6559 6996
3 6716 6714 6784
3 6996 6995 6569
3 6995 6967 6569
3 6784 6714 6786
3 6950 6942 6380
3 6725 6716 6783
3 6950 6991 6942
3 6783 6716 6784
3 6561 6949 6991
3 6991 6949 6942
3 6726 6725 6782
3 6782 6725 6783
3 6575 6564 6987
3 6728 6726 6781
3 6575 6987 6947
3 6781 6726 6782
3 6729 6728 6780
3 6947 6987 6944
3 6780 6728 6781
3 6733 6729 6779
3 6779 6729 6780
3 6983 6372 6392
3 6734 6733 6779
3 6580 6569 6346
3 6346 6569 6967
3 6769 6770 6694
3 6942 6935 6360
3 6739 6765 6768
3 6942 6949 6935
3 6763 6741 6770
3 6581 6935 6949
3 6746 6761 6765
3 6932 6592 6575
3 6746 6765 6739
3 6358 6932 6947
3 6932 6575 6947
3 6947 6944 6358
3 6585 6347 6983
3 6347 6372 6983
3 6763 6759 6749
3 6594 6580 6346
3 6935 6337 6360
3 6763 6749 6741
3 6935 6589 6337
3 6935 6581 6589
3 6741 6749 6740
3 6750 6757 6761
3 6591 6592 6928
3 6750 6761 6746
3 6928 6932 6919
3 6928 6592 6932
3 6749 6759 6755
3 6932 6358 6919
3 6593 6912 6585
3 6912 6347 6585
3 6749 6755 6748
3 6749 6748 6740
3 6754 6753 6757
3 6754 6757 6750
3 6589 6314 6337
3 6748 6755 6751
3 6589 6906 6314
3 6589 6597 6906
3 6748 6751 6758
3 6748 6758 6752
3 6762 6753 6754
3 6762 6754 6760
3 6601 6928 6898
3 6601 6591 6928
3 6758 6751 6745
3 6928 6919 6898
3 6758 6745 6752
3 6752 6745 6756
3 6613 6912 6603
3 6603 6912 6593
3 6762 6764 6744
3 6762 6760 6764
3 6594 6908 6605
3 6908 6891 6605
3 6906 6303 6314
3 6107 6744 6764
3 6906 6890 6303
3 6906 6606 6890
3 6747 6772 6766
3 6606 6608 6890
3 6766 6745 6747
3 6611 6601 6888
3 6756 6745 6766
3 6611 6600 6601
3 6743 6744 6107
3 6601 6898 6888
3 6743 6107 6767
3 6735 6778 6771
3 6612 6301 6613
3 6771 6772 6742
3 6620 6605 6879
3 6879 6605 6891
3 6735 6771 6742
3 6772 6747 6742
3 6767 6773 6738
3 6608 6287 6890
3 6738 6773 6774
3 6608 6616 6287
3 6887 6629 6618
3 6727 6794 6776
3 6776 6778 6737
3 6611 6883 6618
3 6883 6887 6618
3 6727 6776 6737
3 6619 6282 6612
3 6282 6301 6612
3 6778 6735 6737
3 6774 6785 6732
3 6621 6879 6877
3 6620 6879 6621
3 6732 6785 6787
3 6287 6616 6277
3 6731 6732 6787
3 6876 6277 6624
3 6624 6277 6616
3 6624 6625 6876
3 6642 6628 6869
3 6731 6787 6789
3 6869 6628 6875
3 6875 6628 6629
3 6629 6887 6875
3 6795 6731 6789
3 6795 6789 6130
3 6790 6791 6730
3 6790 6730 6715
3 6619 6256 6282
3 6644 6621 6864
3 6864 6621 6877
3 6730 6791 6794
3 6795 6130 6724
3 6724 6130 6797
3 6625 6264 6876
3 6625 6634 6264
3 6634 6873 6264
3 6723 6724 6797
3 6862 6873 6634
3 6723 6797 6799
3 6634 6135 6862
3 6722 6723 6799
3 6722 6799 6800
3 6721 6722 6800
3 6721 6800 6801
3 6641 6642 6871
3 6642 6262 6871
3 6720 6721 6801
3 6720 6801 6803
3 6869 6262 6642
3 6719 6720 6803
3 6719 6803 6805
3 6718 6719 6805
3 6718 6805 6126
3 6717 6718 6126
3 6645 6864 6863
3 6644 6864 6645
3 6717 6126 6136
3 6715 6717 6136
3 6790 6715 6136
3 6700 6713 6823
3 6135 6647 6862
3 6647 6247 6862
3 6647 6648 6247
3 6648 6246 6247
3 6648 6649 6246
3 6649 6244 6246
3 6649 6650 6244
3 6650 6232 6244
3 6650 6651 6232
3 6651 6231 6232
3 6651 6652 6231
3 6652 6230 6231
3 6652 6653 6230
3 6653 6861 6230
3 6653 6654 6861
3 6654 6860 6861
3 6713 6808 6823
3 6641 6859 6654
3 6859 6860 6654
3 6641 6871 6859
3 6858 6643 6655
3 6256 6643 6858
3 6713 6809 6808
3 6712 6809 6713
3 6857 6658 6645
3 6863 6857 6645
3 6712 6810 6809
3 6711 6810 6712
3 6711 6811 6810
3 6710 6811 6711
3 6710 6812 6811
3 6655 6855 6858
3 6663 6658 6852
3 6852 6658 6857
3 6662 6849 6855
3 6709 6812 6710
3 6709 6813 6812
3 6708 6813 6709
3 6667 6852 6846
3 6663 6852 6667
3 6197 6662 6665
3 6849 6662 6197
3 6708 6815 6813
3 6707 6815 6708
3 6707 6816 6815
3 6706 6816 6707
3 6671 6846 6844
3 6667 6846 6671
3 6845 6665 6669
3 6197 6665 6845
3 6706 6818 6816
3 6705 6818 6706
3 6705 6819 6818
3 6704 6819 6705
3 6672 6844 6841
3 6671 6844 6672
3 6843 6669 6673
3 6845 6669 6843
3 6703 6819 6704
3 6819 6703 6698
3 6692 6822 6165
3 6701 6822 6692
3 6679 6841 6840
3 6672 6841 6679
3 6185 6673 6677
3 6843 6673 6185
3 6701 6823 6822
3 6700 6823 6701
3 6696 6826 6698
3 6695 6826 6696
3 6679 6840 6839
3 6687 6828 6172
3 6693 6828 6687
3 6828 6693 6165
3 6165 6693 6692
3 6690 6829 6695
3 6683 6837 6677
3 6677 6837 6185
3 6695 6829 6826
3 6690 6832 6829
3 6835 6685 6839
3 6689 6832 6690
3 6689 6835 6832
3 6685 6835 6689
3 6172 6688 6687
3 6834 6688 6172
3 6688 6834 6837
3 6683 6688 6837
