####
#
# OBJ File Generated by Meshlab
#
####
# Object block.obj
#
# Vertices: 2132
# Faces: 4272
#
####
vn -0.000085 -0.000017 -1.000000
v -0.101807 -0.274508 -0.936407
vn -0.229977 -0.680254 -0.695964
v -0.116400 -0.326724 -0.936409
vn -0.000309 -0.000277 -1.000000
v -0.148998 -0.288469 -0.936399
vn 0.000015 -0.000111 -1.000000
v -0.027746 -0.276765 -0.936412
vn -0.000005 -0.000790 -1.000000
v -0.056069 -0.312804 -0.936405
vn 0.000046 -0.000134 -1.000000
v 0.045387 -0.282845 -0.936401
vn 0.000118 -0.000366 -1.000000
v 0.025058 -0.313617 -0.936401
vn -0.000048 -0.000077 -1.000000
v 0.109442 -0.290070 -0.936403
vn 0.309940 -0.929348 -0.200623
v 0.107213 -0.326104 -0.936397
vn 0.000193 -0.000202 -1.000000
v 0.160772 -0.276037 -0.936400
vn 0.036065 -0.076873 -0.996388
v 0.131310 -0.316839 -0.936409
vn 0.351113 -0.630177 -0.692529
v 0.161537 -0.302717 -0.936388
vn -0.000133 -0.000100 -1.000000
v -0.166421 -0.225170 -0.936400
vn -0.107840 -0.179986 -0.977740
v -0.195836 -0.287422 -0.936392
vn -0.000004 0.000011 -1.000000
v -0.222594 -0.227568 -0.936393
vn -0.000077 -0.000059 -1.000000
v -0.105044 -0.216626 -0.936409
vn -0.000042 -0.000016 -1.000000
v -0.050144 -0.228532 -0.936411
vn 0.000019 -0.000084 -1.000000
v 0.018579 -0.231634 -0.936413
vn 0.000039 -0.000115 -1.000000
v 0.086644 -0.233784 -0.936412
vn 0.000088 -0.000099 -1.000000
v 0.148419 -0.231653 -0.936405
vn 0.001449 -0.001994 -0.999997
v 0.203401 -0.265226 -0.936396
vn 0.000061 -0.000095 -1.000000
v 0.217444 -0.222983 -0.936402
vn 0.520608 -0.494718 -0.695860
v 0.245612 -0.237586 -0.936400
vn -0.000102 -0.000101 -1.000000
v -0.238756 -0.155842 -0.936398
vn -0.178411 -0.119848 -0.976630
v -0.284812 -0.201523 -0.936392
vn -0.000424 -0.000304 -1.000000
v -0.289671 -0.155928 -0.936395
vn -0.000126 -0.000087 -1.000000
v -0.172636 -0.151819 -0.936413
vn -0.000022 -0.000079 -1.000000
v -0.119914 -0.164348 -0.936413
vn -0.000010 -0.000026 -1.000000
v -0.056809 -0.167359 -0.936412
vn -0.000024 -0.000004 -1.000000
v 0.009566 -0.169058 -0.936414
vn 0.000012 -0.000024 -1.000000
v 0.077762 -0.169522 -0.936415
vn 0.000075 -0.000068 -1.000000
v 0.145057 -0.169088 -0.936412
vn 0.000056 -0.000051 -1.000000
v 0.212014 -0.168349 -0.936406
vn 0.001598 -0.001565 -0.999997
v 0.268419 -0.195113 -0.936396
vn 0.000039 -0.000149 -1.000000
v 0.261479 -0.171000 -0.936406
vn 0.786692 -0.489941 -0.375597
v 0.289479 -0.179668 -0.936402
vn -0.000022 -0.000094 -1.000000
v -0.299981 -0.097232 -0.936405
vn -0.676333 -0.246370 -0.694173
v -0.330132 -0.116571 -0.936397
vn -0.693772 -0.168506 -0.700204
v -0.340405 -0.081478 -0.936407
vn -0.000048 -0.000008 -1.000000
v -0.241624 -0.085654 -0.936404
vn -0.000116 0.000014 -1.000000
v -0.188166 -0.096607 -0.936410
vn -0.000027 0.000012 -1.000000
v -0.124942 -0.099665 -0.936415
vn 0.000013 -0.000009 -1.000000
v -0.059072 -0.101300 -0.936414
vn -0.000009 0.000005 -1.000000
v 0.008422 -0.101704 -0.936413
vn -0.000015 0.000014 -1.000000
v 0.076307 -0.101799 -0.936415
vn 0.000039 -0.000015 -1.000000
v 0.143922 -0.101935 -0.936415
vn 0.000111 -0.000036 -1.000000
v 0.206735 -0.104139 -0.936410
vn -0.000022 0.000019 -1.000000
v 0.255636 -0.114370 -0.936403
vn 0.000084 -0.000110 -1.000000
v 0.290912 -0.133699 -0.936411
vn -0.000016 0.000056 -1.000000
v -0.311287 -0.035139 -0.936403
vn -0.718356 -0.076581 -0.691448
v -0.348897 -0.036629 -0.936400
vn -0.000025 0.000021 -1.000000
v -0.255082 -0.036534 -0.936401
vn -0.000084 0.000020 -1.000000
v -0.192911 -0.032599 -0.936406
vn -0.000051 0.000031 -1.000000
v -0.127052 -0.033323 -0.936412
vn -0.000004 0.000019 -1.000000
v -0.059558 -0.033724 -0.936413
vn 0.000004 0.000011 -1.000000
v 0.008327 -0.033818 -0.936413
vn -0.000009 0.000028 -1.000000
v 0.076307 -0.033818 -0.936413
vn 0.000007 0.000027 -1.000000
v 0.143915 -0.033956 -0.936414
vn 0.000094 -0.000010 -1.000000
v 0.206746 -0.036105 -0.936412
vn 0.000063 -0.000026 -1.000000
v 0.254740 -0.045931 -0.936404
vn -0.000009 0.000029 -1.000000
v 0.291044 -0.069119 -0.936405
vn -0.000039 0.000029 -1.000000
v -0.311483 0.036987 -0.936399
vn -0.721456 0.053420 -0.690396
v -0.350000 0.025059 -0.936397
vn -0.000058 0.000020 -1.000000
v -0.261101 0.029518 -0.936401
vn -0.000075 -0.000010 -1.000000
v -0.195013 0.033572 -0.936407
vn -0.000041 -0.000004 -1.000000
v -0.127539 0.034256 -0.936411
vn -0.000004 0.000004 -1.000000
v -0.059653 0.034162 -0.936412
vn 0.000011 0.000019 -1.000000
v 0.008327 0.034162 -0.936412
vn 0.000011 0.000041 -1.000000
v 0.076213 0.034067 -0.936411
vn -0.000005 0.000061 -1.000000
v 0.143435 0.033930 -0.936411
vn 0.000033 0.000027 -1.000000
v 0.206178 0.032451 -0.936411
vn 0.000059 -0.000021 -1.000000
v 0.254709 0.023717 -0.936407
vn 0.000048 -0.000015 -1.000000
v 0.290139 0.005460 -0.936406
vn -0.000299 -0.000146 -1.000000
v -0.317315 0.095711 -0.936399
vn -0.702108 0.173212 -0.690682
v -0.340245 0.084622 -0.936375
vn -0.000042 -0.000029 -1.000000
v -0.269647 0.094979 -0.936398
vn -0.000095 0.000003 -1.000000
v -0.195914 0.101189 -0.936407
vn -0.000046 -0.000010 -1.000000
v -0.127633 0.102142 -0.936412
vn 0.000009 -0.000020 -1.000000
v -0.059653 0.102142 -0.936413
vn 0.000039 0.000002 -1.000000
v 0.008232 0.102047 -0.936411
vn 0.000046 0.000039 -1.000000
v 0.075648 0.101817 -0.936408
vn 0.000006 0.000075 -1.000000
v 0.140947 0.100683 -0.936405
vn -0.000036 0.000071 -1.000000
v 0.202095 0.100551 -0.936407
vn -0.000015 -0.000003 -1.000000
v 0.254454 0.097444 -0.936409
vn 0.000267 0.000025 -1.000000
v 0.290149 0.080528 -0.936407
vn -0.233853 0.076534 -0.969255
v -0.329090 0.118536 -0.936405
vn -0.629774 0.347142 -0.694894
v -0.307689 0.166648 -0.936407
vn 0.000030 -0.000045 -1.000000
v -0.272923 0.149922 -0.936404
vn -0.000081 0.000040 -1.000000
v -0.195349 0.163494 -0.936407
vn -0.000063 0.000021 -1.000000
v -0.128647 0.168772 -0.936412
vn -0.000001 -0.000001 -1.000000
v -0.060819 0.169792 -0.936415
vn 0.000066 -0.000014 -1.000000
v 0.007180 0.169574 -0.936412
vn 0.000082 0.000007 -1.000000
v 0.073534 0.168660 -0.936406
vn 0.000033 0.000019 -1.000000
v 0.135540 0.167620 -0.936401
vn -0.000039 0.000030 -1.000000
v 0.186045 0.158643 -0.936401
vn -0.000022 0.000118 -1.000000
v 0.242191 0.166755 -0.936405
vn 0.641107 0.319238 -0.697904
v 0.304035 0.154461 -0.936414
vn -0.000140 0.000275 -1.000000
v -0.251594 0.206049 -0.936401
vn -0.000914 0.000985 -0.999999
v -0.227157 0.239870 -0.936393
vn -0.000125 0.000108 -1.000000
v -0.201033 0.221662 -0.936400
vn -0.000089 0.000043 -1.000000
v -0.132168 0.228631 -0.936409
vn -0.000030 0.000041 -1.000000
v -0.067762 0.231727 -0.936413
vn 0.000041 0.000018 -1.000000
v 0.000110 0.232259 -0.936413
vn 0.000081 -0.000024 -1.000000
v 0.069569 0.232676 -0.936407
vn 0.000045 -0.000038 -1.000000
v 0.120479 0.223895 -0.936402
vn 0.000072 0.000015 -1.000000
v 0.182960 0.233754 -0.936403
vn 0.001411 0.001318 -0.999998
v 0.234471 0.230920 -0.936396
vn 0.595388 0.408254 -0.691984
v 0.280932 0.194626 -0.936395
vn -0.000267 0.000106 -1.000000
v -0.186821 0.266667 -0.936400
vn -0.315864 0.643941 -0.696828
v -0.156774 0.310346 -0.936408
vn -0.000084 -0.000006 -1.000000
v -0.141628 0.275685 -0.936407
vn -0.000017 0.000058 -1.000000
v -0.083790 0.280986 -0.936410
vn 0.000003 0.000103 -1.000000
v -0.018250 0.277979 -0.936411
vn 0.000023 0.000038 -1.000000
v 0.055711 0.281280 -0.936409
vn 0.000041 0.000002 -1.000000
v 0.128177 0.284497 -0.936406
vn 0.363509 0.612355 -0.702056
v 0.170749 0.297358 -0.936408
vn 0.437373 0.572805 -0.693252
v 0.203717 0.275719 -0.936395
vn -0.034621 0.133237 -0.990479
v -0.105535 0.330192 -0.936408
vn -0.000016 0.000651 -1.000000
v -0.042508 0.313736 -0.936405
vn 0.000082 0.000514 -1.000000
v 0.037637 0.314377 -0.936405
vn 0.243817 0.673083 -0.698221
v 0.112620 0.324721 -0.936408
vn 0.307693 0.646894 -0.697748
v 0.143151 0.312156 -0.936400
vn -0.316312 -0.948655 0.000140
v -0.114404 -0.327893 -0.857284
vn -0.321018 -0.647768 -0.690900
v -0.158952 -0.309468 -0.936378
vn -0.113406 -0.720257 -0.684375
v -0.060171 -0.341957 -0.936354
vn 0.041376 -0.725598 -0.686874
v 0.015745 -0.345510 -0.936385
vn 0.174511 -0.702301 -0.690158
v 0.079995 -0.335142 -0.936372
vn 0.282487 -0.693249 -0.663029
v 0.126630 -0.319477 -0.936342
vn 0.505141 -0.863037 0.000046
v 0.170214 -0.297927 -0.855099
vn -0.439368 -0.620413 -0.649649
v -0.202588 -0.283758 -0.936251
vn -0.495146 -0.522661 -0.694015
v -0.242681 -0.250485 -0.936400
vn 0.447988 -0.571086 -0.687871
v 0.209045 -0.271702 -0.936354
vn 0.722047 -0.691844 0.000008
v 0.244730 -0.239073 -0.861288
vn -0.585944 -0.462737 -0.665240
v -0.277534 -0.212854 -0.936268
vn -0.634982 -0.349903 -0.688742
v -0.307541 -0.167722 -0.936371
vn 0.585328 -0.426016 -0.689857
v 0.275080 -0.202708 -0.936348
vn 0.635221 -0.340661 -0.693141
v 0.299163 -0.164090 -0.936396
vn -0.931339 -0.364154 0.000385
v -0.326699 -0.126177 -0.852477
vn -0.973783 -0.227478 0.000078
v -0.341602 -0.078519 -0.893525
vn 0.681729 -0.240977 -0.690779
v 0.320940 -0.115826 -0.936408
vn -0.997715 -0.067560 0.000825
v -0.350327 -0.022994 -0.880549
vn 0.719411 -0.104349 -0.686702
v 0.337958 -0.049708 -0.936402
vn -0.995065 0.099218 0.000992
v -0.349219 0.034768 -0.864171
vn 0.725794 0.061907 -0.685121
v 0.340503 0.029037 -0.936401
vn -0.970843 0.239717 0.000806
v -0.340617 0.082674 -0.838709
vn 0.694244 0.218954 -0.685627
v 0.324861 0.106175 -0.936379
vn -0.696022 0.278734 -0.661711
v -0.326402 0.127296 -0.936313
vn -0.867287 0.497808 0.000027
v -0.304695 0.172859 -0.858782
vn 0.890617 0.454753 -0.000244
v 0.302853 0.157927 -0.885260
vn -0.573562 0.440525 -0.690626
v -0.279955 0.209845 -0.936390
vn -0.493840 0.531744 -0.688020
v -0.240059 0.253957 -0.936340
vn 0.524419 0.500799 -0.688611
v 0.244946 0.239345 -0.936342
vn 0.813521 0.581535 0.000419
v 0.276023 0.201760 -0.849120
vn -0.399686 0.600653 -0.692436
v -0.195534 0.288538 -0.936392
vn -0.450408 0.892823 0.000600
v -0.160872 0.308766 -0.858280
vn 0.510300 0.859996 -0.001035
v 0.171804 0.297243 -0.903309
vn 0.625644 0.780109 0.000321
v 0.211694 0.269631 -0.858481
vn -0.240580 0.707976 -0.663997
v -0.115210 0.328081 -0.936300
vn -0.108359 0.720920 -0.684495
v -0.058389 0.342557 -0.936364
vn 0.044989 0.725379 -0.686878
v 0.017435 0.345748 -0.936386
vn 0.179180 0.701822 -0.689449
v 0.082154 0.334956 -0.936370
vn 0.392497 0.919752 -0.001692
v 0.130673 0.318002 -0.897188
vn -0.314779 -0.949165 -0.000114
v -0.113885 -0.328166 -0.764902
vn -0.450627 -0.892712 0.000538
v -0.160467 -0.308602 -0.819066
vn -0.153940 -0.988080 0.000855
v -0.057975 -0.341973 -0.789268
vn 0.028172 -0.999602 0.001202
v 0.004495 -0.346196 -0.805430
vn 0.215537 -0.976495 0.001090
v 0.069745 -0.337931 -0.813150
vn 0.375940 -0.926644 0.000425
v 0.125203 -0.320306 -0.825535
vn 0.504416 -0.863461 0.000104
v 0.169585 -0.298253 -0.770362
vn -0.577152 -0.816637 0.000145
v -0.204816 -0.282014 -0.775750
vn -0.687950 -0.725758 -0.000120
v -0.242619 -0.251078 -0.823831
vn 0.618518 -0.785770 0.000641
v 0.208761 -0.271560 -0.813539
vn 0.721686 -0.692221 -0.000002
v 0.244622 -0.239161 -0.772965
vn -0.786879 -0.617107 0.000087
v -0.277096 -0.213174 -0.774458
vn -0.868931 -0.494933 0.000516
v -0.305374 -0.171050 -0.814062
vn 0.813046 -0.582199 0.000568
v 0.276075 -0.201375 -0.828899
vn 0.891429 -0.453160 0.000638
v 0.303270 -0.156810 -0.818725
vn -0.929281 -0.369373 -0.000064
v -0.326123 -0.127722 -0.769836
vn -0.973175 -0.230065 -0.000378
v -0.341587 -0.079207 -0.817375
vn 0.955748 -0.294183 0.001345
v 0.325878 -0.102046 -0.823286
vn -0.997166 -0.075227 -0.000045
v -0.350117 -0.025787 -0.794339
vn 0.995647 -0.093180 0.002291
v 0.340401 -0.031983 -0.825000
vn -0.996332 0.085568 -0.000417
v -0.349767 0.029426 -0.777410
vn 0.992830 0.119515 0.002085
v 0.339233 0.041895 -0.817254
vn -0.971653 0.236412 -0.000439
v -0.340936 0.081902 -0.758743
vn 0.954128 0.299399 0.000863
v 0.325468 0.103526 -0.803614
vn -0.928763 0.370674 0.000171
v -0.325932 0.128586 -0.808144
vn -0.865241 0.501357 0.000347
v -0.304118 0.173640 -0.771391
vn 0.892999 0.450058 -0.000304
v 0.303922 0.156072 -0.782678
vn -0.782652 0.622459 0.000304
v -0.275785 0.215212 -0.817304
vn -0.685059 0.728488 0.000205
v -0.241914 0.251952 -0.777224
vn 0.727495 0.686113 0.000820
v 0.246747 0.237132 -0.812707
vn 0.817458 0.575988 0.000023
v 0.277803 0.199217 -0.761103
vn -0.573251 0.819380 0.000712
v -0.203328 0.283343 -0.821992
vn -0.450721 0.892665 -0.000192
v -0.160822 0.308842 -0.763879
vn 0.509567 0.860431 -0.000238
v 0.171404 0.297658 -0.821886
vn 0.625098 0.780547 -0.000044
v 0.211101 0.270155 -0.771776
vn -0.311804 0.950147 -0.000026
v -0.112878 0.328850 -0.780772
vn -0.151813 0.988409 0.000870
v -0.057322 0.342394 -0.794805
vn 0.029343 0.999568 0.001381
v 0.004995 0.346493 -0.805531
vn 0.216685 0.976241 0.001305
v 0.070193 0.338175 -0.807398
vn 0.377281 0.926099 0.000329
v 0.125810 0.320364 -0.805614
vn -0.313938 -0.949443 -0.000008
v -0.113769 -0.328265 -0.687744
vn -0.456143 -0.889906 -0.000249
v -0.162872 -0.307462 -0.732494
vn -0.149338 -0.988786 -0.000128
v -0.056671 -0.342225 -0.706188
vn 0.035144 -0.999382 0.000001
v 0.007397 -0.346051 -0.715653
vn 0.216410 -0.976303 -0.000136
v 0.070012 -0.337878 -0.726015
vn 0.373754 -0.927528 -0.000044
v 0.124398 -0.320609 -0.741583
vn 0.501864 -0.864947 -0.000048
v 0.168681 -0.298775 -0.695990
vn -0.580578 -0.814205 0.000030
v -0.205729 -0.281325 -0.697585
vn -0.689923 -0.723883 0.000181
v -0.243444 -0.250166 -0.734050
vn 0.617549 -0.786532 -0.000084
v 0.208633 -0.271746 -0.731944
vn 0.721544 -0.692369 0.000110
v 0.244504 -0.239295 -0.696542
vn -0.786349 -0.617782 -0.000203
v -0.276956 -0.213335 -0.697710
vn -0.867473 -0.497484 -0.000017
v -0.304880 -0.171927 -0.732688
vn 0.813813 -0.581127 0.000094
v 0.276504 -0.200786 -0.742186
vn 0.892240 -0.451561 -0.000194
v 0.303619 -0.156305 -0.726597
vn -0.928936 -0.370240 0.000244
v -0.326013 -0.127993 -0.696244
vn -0.972067 -0.234701 0.000116
v -0.341067 -0.081012 -0.738820
vn 0.957011 -0.290051 -0.000288
v 0.326496 -0.100513 -0.722886
vn -0.996593 -0.082479 0.000260
v -0.349824 -0.028292 -0.719858
vn 0.995487 -0.094897 0.000547
v 0.340269 -0.032623 -0.721414
vn -0.996728 0.080828 -0.000048
v -0.349875 0.028209 -0.704864
vn 0.994495 0.104785 0.000055
v 0.339794 0.036317 -0.717777
vn -0.972140 0.234401 0.000092
v -0.341187 0.081133 -0.685959
vn 0.957470 0.288533 -0.000544
v 0.326614 0.100193 -0.713942
vn -0.927778 0.373134 0.000039
v -0.325661 0.129293 -0.731127
vn -0.864232 0.503093 0.000017
v -0.303743 0.174268 -0.697128
vn 0.895867 0.444322 0.000051
v 0.304955 0.153983 -0.705165
vn -0.782150 0.623090 0.000092
v -0.275486 0.215562 -0.733774
vn -0.684280 0.729219 -0.000036
v -0.241448 0.252385 -0.697803
vn 0.728442 0.685108 -0.000240
v 0.246861 0.237160 -0.731066
vn 0.819440 0.573166 -0.000126
v 0.278359 0.198472 -0.687725
vn -0.574099 0.818786 -0.000255
v -0.203419 0.283308 -0.733208
vn -0.448026 0.894021 0.000215
v -0.160015 0.309306 -0.687891
vn 0.508075 0.861313 0.000272
v 0.170836 0.297896 -0.739982
vn 0.624375 0.781125 0.000140
v 0.210975 0.270260 -0.696578
vn -0.308913 0.951090 0.000252
v -0.112002 0.329148 -0.705162
vn -0.146946 0.989145 0.000016
v -0.055875 0.342652 -0.712182
vn 0.037605 0.999293 0.000006
v 0.008382 0.346399 -0.714433
vn 0.218708 0.975790 -0.000081
v 0.070714 0.338108 -0.720420
vn 0.376594 0.926379 0.000134
v 0.125342 0.320616 -0.725561
vn -0.303472 -0.952839 -0.001633
v -0.109337 -0.329836 -0.599467
vn -0.455113 -0.890434 0.000389
v -0.162542 -0.307697 -0.657696
vn -0.139195 -0.990265 -0.000878
v -0.053061 -0.342800 -0.622839
vn 0.037405 -0.999300 0.000202
v 0.007552 -0.345965 -0.638066
vn 0.215385 -0.976529 0.000127
v 0.069668 -0.337858 -0.645241
vn 0.372000 -0.928233 -0.000042
v 0.123923 -0.320768 -0.662610
vn 0.500329 -0.865835 -0.000513
v 0.168186 -0.299092 -0.610694
vn -0.579091 -0.815263 0.000281
v -0.205319 -0.281637 -0.623442
vn -0.689981 -0.723827 -0.000242
v -0.243477 -0.250119 -0.662355
vn 0.615995 -0.787750 -0.000094
v 0.208050 -0.272207 -0.655749
vn 0.719585 -0.694404 -0.000270
v 0.243770 -0.240020 -0.611905
vn -0.787821 -0.615904 0.000270
v -0.277445 -0.212816 -0.624809
vn -0.867687 -0.497111 -0.000070
v -0.304894 -0.171911 -0.660092
vn 0.812485 -0.582982 0.000466
v 0.276024 -0.201425 -0.664281
vn 0.890773 -0.454449 0.000489
v 0.303390 -0.156891 -0.649051
vn -0.928669 -0.370910 -0.000736
v -0.325653 -0.128659 -0.614303
vn -0.971371 -0.237566 0.000364
v -0.340924 -0.081527 -0.658607
vn 0.955413 -0.295274 0.000397
v 0.326040 -0.102250 -0.643252
vn -0.995954 -0.089858 -0.000572
v -0.349628 -0.030771 -0.639994
vn 0.994423 -0.105461 0.000794
v 0.339806 -0.036566 -0.640487
vn -0.997290 0.073563 -0.001291
v -0.350198 0.025060 -0.618964
vn 0.995606 0.093636 0.000353
v 0.340130 0.032928 -0.642391
vn -0.971622 0.236535 -0.001475
v -0.341034 0.081744 -0.600840
vn 0.960372 0.278721 0.000029
v 0.327735 0.096698 -0.638324
vn -0.927356 0.374180 0.000163
v -0.325526 0.129688 -0.657188
vn -0.864120 0.503286 0.000256
v -0.303669 0.174354 -0.621963
vn 0.899202 0.437534 -0.000057
v 0.306121 0.151753 -0.628334
vn -0.781879 0.623430 -0.000208
v -0.275399 0.215662 -0.662035
vn -0.684386 0.729119 -0.000122
v -0.241654 0.252198 -0.625840
vn 0.729685 0.683784 -0.000076
v 0.247306 0.236688 -0.655394
vn 0.822767 0.568379 -0.000387
v 0.279586 0.196833 -0.603620
vn -0.573282 0.819358 0.000334
v -0.203159 0.283527 -0.659492
vn -0.445114 0.895473 -0.000915
v -0.158763 0.309975 -0.601833
vn 0.510167 0.860076 0.000207
v 0.171409 0.297555 -0.664606
vn 0.627554 0.778573 -0.000072
v 0.212099 0.269315 -0.613271
vn -0.296193 0.955127 -0.001608
v -0.106808 0.330939 -0.616082
vn -0.135344 0.990798 -0.000798
v -0.051868 0.343283 -0.629813
vn 0.040738 0.999170 0.000329
v 0.008501 0.346302 -0.634332
vn 0.224919 0.974377 -0.000506
v 0.073361 0.337498 -0.634195
vn 0.382497 0.923957 -0.000289
v 0.127365 0.319768 -0.643862
vn -0.215668 -0.651000 -0.727795
v -0.113387 -0.328851 -0.492886
vn -0.452444 -0.891792 -0.000903
v -0.161056 -0.308415 -0.571786
vn -0.095077 -0.734896 0.671482
v -0.049682 -0.343339 -0.492947
vn 0.033938 -0.739158 0.672676
v 0.010413 -0.345633 -0.492942
vn 0.158643 -0.722818 0.672583
v 0.068998 -0.337988 -0.492959
vn 0.366820 -0.930292 0.000175
v 0.122209 -0.321502 -0.564886
vn 0.341430 -0.598785 -0.724488
v 0.166415 -0.300465 -0.492889
vn -0.578872 -0.815418 0.000034
v -0.204921 -0.281850 -0.545016
vn -0.689779 -0.724020 -0.000387
v -0.243388 -0.250315 -0.587499
vn 0.616264 -0.787540 0.000085
v 0.208086 -0.272176 -0.567555
vn 0.720634 -0.693313 0.001863
v 0.244155 -0.239613 -0.531429
vn -0.791289 -0.611442 0.000288
v -0.278752 -0.211118 -0.547464
vn -0.871045 -0.491204 -0.000199
v -0.306375 -0.169259 -0.577735
vn 0.808493 -0.588504 -0.001698
v 0.274327 -0.203661 -0.570548
vn 0.886806 -0.462140 -0.001051
v 0.301642 -0.160086 -0.542984
vn -0.642614 -0.256864 -0.721851
v -0.326122 -0.127681 -0.492887
vn -0.969247 -0.246089 -0.000491
v -0.340065 -0.084594 -0.559012
vn 0.953594 -0.301093 -0.001359
v 0.325469 -0.103335 -0.545497
vn -0.737662 -0.077692 0.670685
v -0.349419 -0.035594 -0.492937
vn 0.993748 -0.111647 -0.000848
v 0.339417 -0.038134 -0.558205
vn -0.734310 0.062783 0.675904
v -0.350151 0.029920 -0.492900
vn 0.996305 0.085884 -0.000934
v 0.340192 0.030285 -0.560327
vn -0.664231 0.184617 -0.724371
v -0.338327 0.092670 -0.492864
vn 0.962494 0.271301 -0.000723
v 0.328284 0.094288 -0.549478
vn -0.924932 0.380132 -0.000921
v -0.324783 0.131256 -0.573901
vn -0.861145 0.508359 -0.000774
v -0.302681 0.175828 -0.543182
vn 0.902354 0.430993 0.001315
v 0.307426 0.148931 -0.532860
vn -0.781542 0.623853 0.000182
v -0.275372 0.215778 -0.586427
vn -0.679655 0.733532 -0.000055
v -0.239732 0.254057 -0.551083
vn 0.731734 0.681590 -0.000186
v 0.248251 0.235723 -0.567674
vn 0.567045 0.391033 -0.724951
v 0.280125 0.196342 -0.492876
vn -0.572591 0.819841 -0.000733
v -0.203240 0.283376 -0.580438
vn -0.337817 0.664326 0.666746
v -0.162724 0.307877 -0.492953
vn 0.516776 0.856120 -0.001179
v 0.173902 0.296043 -0.574495
vn 0.630279 0.776367 0.001288
v 0.213117 0.268433 -0.532262
vn -0.219671 0.713174 0.665678
v -0.107699 0.331041 -0.492959
vn -0.086281 0.747094 0.659095
v -0.046115 0.344071 -0.492938
vn 0.038613 0.746333 0.664451
v 0.011521 0.345872 -0.492920
vn 0.165889 0.723088 0.670540
v 0.071396 0.337983 -0.492926
vn 0.384040 0.923316 0.001279
v 0.128352 0.319457 -0.544516
vn -0.000461 -0.001291 -0.999999
v -0.129176 -0.341321 -0.492836
vn -0.331819 -0.607943 -0.721319
v -0.172216 -0.302272 -0.492855
vn -0.108468 -0.476279 -0.872579
v -0.071993 -0.338322 -0.492835
vn -0.027291 -0.715072 -0.698518
v -0.010405 -0.344836 -0.492847
vn 0.052069 -0.398989 -0.915476
v 0.046345 -0.341039 -0.492850
vn 0.244978 -0.649396 -0.719911
v 0.116316 -0.323335 -0.492840
vn 0.000974 -0.001613 -0.999998
v 0.174737 -0.310618 -0.492838
vn -0.409178 -0.564952 -0.716521
v -0.206468 -0.280237 -0.492851
vn -0.477107 -0.496084 -0.725444
v -0.244992 -0.249128 -0.492893
vn 0.434452 -0.539172 -0.721488
v 0.212623 -0.268395 -0.492847
vn 0.503865 -0.481359 -0.717227
v 0.244377 -0.238860 -0.492830
vn -0.551811 -0.425255 -0.717400
v -0.278888 -0.210161 -0.492845
vn -0.598088 -0.348774 -0.721559
v -0.302941 -0.174904 -0.492853
vn 0.560992 -0.398701 -0.725483
v 0.276830 -0.200697 -0.492855
vn 0.626100 -0.290621 -0.723560
v 0.308834 -0.145293 -0.492837
vn -0.001196 -0.000411 -0.999999
v -0.339403 -0.135661 -0.492844
vn -0.674258 -0.174062 -0.717690
v -0.339342 -0.085955 -0.492837
vn 0.667627 -0.173029 -0.724110
v 0.329741 -0.087670 -0.492838
vn -0.713995 -0.008062 -0.700105
v -0.349620 -0.017414 -0.492820
vn 0.687269 -0.044680 -0.725027
v 0.340402 -0.023048 -0.492848
vn -0.152611 0.028857 -0.987865
v -0.345886 0.053765 -0.492814
vn 0.683117 0.086976 -0.725111
v 0.338444 0.043555 -0.492850
vn -0.000739 0.000068 -1.000000
v -0.354993 0.106769 -0.492828
vn 0.656911 0.211232 -0.723774
v 0.324393 0.106180 -0.492835
vn -0.631082 0.288483 -0.720078
v -0.318582 0.145094 -0.492846
vn -0.586327 0.371703 -0.719762
v -0.296923 0.185005 -0.492849
vn 0.622675 0.312215 -0.717494
v 0.304221 0.154340 -0.492833
vn -0.777684 0.628646 0.003582
v -0.273800 0.217711 -0.519774
vn -0.476972 0.504967 -0.719379
v -0.242621 0.251157 -0.492864
vn 0.500690 0.477733 -0.721859
v 0.244645 0.239330 -0.492838
vn 0.000880 0.000620 -0.999999
v 0.291821 0.207493 -0.492837
vn -0.397858 0.566367 -0.721760
v -0.203053 0.283458 -0.492859
vn -0.421941 0.698392 -0.578112
v -0.174782 0.300544 -0.492847
vn 0.355033 0.589718 -0.725385
v 0.173591 0.296576 -0.492842
vn 0.440138 0.540773 -0.716828
v 0.213449 0.267716 -0.492824
vn -0.151448 0.360320 -0.920453
v -0.120194 0.325899 -0.492845
vn -0.203119 0.972074 -0.117533
v -0.051542 0.342498 -0.492840
vn -0.029682 0.994030 -0.104989
v 0.005673 0.345311 -0.492841
vn 0.116846 0.882927 -0.454738
v 0.058874 0.339571 -0.492840
vn 0.259882 0.643307 -0.720151
v 0.125179 0.320292 -0.492825
vn -0.576664 -0.577060 -0.578325
v -0.497642 -0.492566 -0.492817
vn -0.706963 -0.707250 -0.000515
v -0.497739 -0.492665 -0.429560
vn -0.953505 -0.000568 -0.301378
v -0.497756 -0.428423 -0.492729
vn -0.000172 -0.394728 -0.918798
v -0.378602 -0.492563 -0.492812
vn -0.000078 -0.942619 -0.333869
v -0.410127 -0.492658 -0.492697
vn 0.000014 -0.389993 -0.920818
v -0.309311 -0.492577 -0.492813
vn -0.000093 -0.918038 -0.396492
v -0.337857 -0.492660 -0.492729
vn -0.000012 -0.375774 -0.926711
v -0.241811 -0.492571 -0.492813
vn 0.000036 -0.925433 -0.378911
v -0.269149 -0.492660 -0.492725
vn -0.000018 -0.356130 -0.934437
v -0.175069 -0.492569 -0.492811
vn 0.000022 -0.915310 -0.402751
v -0.200774 -0.492659 -0.492730
vn -0.000022 -0.360926 -0.932595
v -0.105744 -0.492570 -0.492813
vn -0.000013 -0.913234 -0.407434
v -0.132325 -0.492659 -0.492732
vn -0.000017 -0.366592 -0.930382
v -0.037184 -0.492570 -0.492815
vn -0.000002 -0.916118 -0.400909
v -0.064467 -0.492659 -0.492732
vn 0.000019 -0.365564 -0.930786
v 0.030603 -0.492569 -0.492816
vn -0.000007 -0.917130 -0.398587
v 0.003210 -0.492659 -0.492732
vn 0.000184 -0.354812 -0.934938
v 0.098971 -0.492563 -0.492809
vn 0.000082 -0.906491 -0.422226
v 0.071388 -0.492658 -0.492734
vn 0.000046 -0.373581 -0.927598
v 0.167973 -0.492562 -0.492803
vn 0.000054 -0.922678 -0.385570
v 0.139503 -0.492656 -0.492713
vn 0.000006 -0.361938 -0.932202
v 0.235498 -0.492559 -0.492800
vn 0.000045 -0.916852 -0.399228
v 0.207462 -0.492654 -0.492714
vn 0.000053 -0.414667 -0.909973
v 0.304612 -0.492566 -0.492806
vn -0.000057 -0.924545 -0.381073
v 0.276005 -0.492654 -0.492712
vn -0.000475 -0.314126 -0.949381
v 0.380378 -0.492543 -0.492810
vn 0.000103 -0.935035 -0.354554
v 0.350012 -0.492650 -0.492698
vn 0.431742 -0.000083 -0.901997
v 0.487807 -0.446242 -0.492860
vn 0.000511 -0.708180 -0.706032
v 0.428644 -0.492661 -0.492774
vn 0.956036 -0.000339 -0.293250
v 0.487905 -0.433500 -0.492731
vn 0.577707 -0.577610 -0.576734
v 0.487904 -0.492626 -0.492765
vn 1.000000 -0.000003 0.000030
v 0.487894 -0.445319 -0.424150
vn -0.706736 0.000199 -0.707477
v -0.497731 -0.381413 -0.492819
vn -1.000000 0.000032 -0.000318
v -0.497759 -0.375809 -0.456247
vn 0.000009 -0.000048 -1.000000
v -0.403381 -0.383886 -0.492811
vn -0.000020 -0.000073 -1.000000
v -0.328542 -0.384531 -0.492813
vn -0.000019 -0.000059 -1.000000
v -0.261868 -0.386921 -0.492816
vn -0.000006 -0.000082 -1.000000
v -0.205536 -0.400947 -0.492813
vn -0.000077 -0.000185 -1.000000
v -0.136591 -0.386139 -0.492818
vn -0.000093 -0.000174 -1.000000
v -0.058014 -0.400405 -0.492823
vn -0.000001 -0.000245 -1.000000
v 0.007159 -0.401336 -0.492827
vn 0.000119 -0.000243 -1.000000
v 0.071301 -0.396820 -0.492823
vn 0.000127 -0.000221 -1.000000
v 0.151713 -0.375991 -0.492818
vn 0.000060 -0.000126 -1.000000
v 0.222520 -0.380967 -0.492810
vn -0.000018 -0.000061 -1.000000
v 0.288493 -0.379752 -0.492810
vn 0.000000 -0.000003 -1.000000
v 0.363401 -0.378949 -0.492814
vn -0.000043 0.000198 -1.000000
v 0.439502 -0.383751 -0.492810
vn 0.707255 0.000320 -0.706959
v 0.487898 -0.383241 -0.492803
vn 1.000000 -0.000004 0.000010
v 0.487896 -0.400715 -0.427006
vn -0.705824 -0.000884 -0.708386
v -0.497729 -0.311096 -0.492819
vn -0.984830 0.000374 -0.173520
v -0.497759 -0.291881 -0.492684
vn -0.000033 -0.000044 -1.000000
v -0.417118 -0.314021 -0.492816
vn -0.000046 -0.000139 -1.000000
v -0.336990 -0.315768 -0.492825
vn -0.000017 -0.000183 -1.000000
v -0.279405 -0.327341 -0.492819
vn -0.000211 -0.000389 -1.000000
v -0.207485 -0.323370 -0.492825
vn 0.000265 -0.000297 -1.000000
v 0.225073 -0.301828 -0.492824
vn 0.000091 -0.000126 -1.000000
v 0.286706 -0.304742 -0.492817
vn 0.000058 -0.000024 -1.000000
v 0.357148 -0.302757 -0.492812
vn 0.000049 0.000016 -1.000000
v 0.437523 -0.307193 -0.492807
vn 0.707169 -0.000066 -0.707044
v 0.487906 -0.315015 -0.492805
vn 1.000000 -0.000063 0.000021
v 0.487897 -0.339015 -0.432048
vn -0.445900 -0.000002 -0.895083
v -0.497662 -0.241583 -0.492813
vn -0.949921 -0.000062 -0.312491
v -0.497758 -0.223181 -0.492686
vn -0.000079 -0.000034 -1.000000
v -0.421937 -0.248917 -0.492817
vn -0.000136 -0.000045 -1.000000
v -0.348599 -0.265846 -0.492827
vn -0.000603 -0.000519 -1.000000
v -0.271800 -0.260016 -0.492838
vn 0.000254 -0.000287 -1.000000
v 0.291898 -0.232642 -0.492828
vn 0.000138 -0.000087 -1.000000
v 0.357224 -0.231311 -0.492816
vn 0.000054 -0.000036 -1.000000
v 0.437280 -0.237769 -0.492807
vn 0.707164 -0.000053 -0.707049
v 0.487911 -0.247411 -0.492806
vn 1.000000 -0.000050 0.000066
v 0.487903 -0.272366 -0.433804
vn -0.444764 -0.000115 -0.895648
v -0.497667 -0.178520 -0.492817
vn -0.945627 -0.000042 -0.325254
v -0.497760 -0.155864 -0.492700
vn -0.000085 -0.000074 -1.000000
v -0.428500 -0.196660 -0.492821
vn -0.000237 -0.000156 -1.000000
v -0.341350 -0.196986 -0.492830
vn 0.000210 -0.000095 -1.000000
v 0.357560 -0.140283 -0.492825
vn 0.000077 -0.000053 -1.000000
v 0.436964 -0.165125 -0.492811
vn 0.707150 -0.000053 -0.707063
v 0.487913 -0.179269 -0.492810
vn 1.000000 -0.000022 0.000098
v 0.487905 -0.204313 -0.433995
vn -0.445583 -0.000020 -0.895241
v -0.497670 -0.108272 -0.492820
vn -0.949662 -0.000046 -0.313276
v -0.497761 -0.087663 -0.492700
vn -0.000130 -0.000044 -1.000000
v -0.408568 -0.132056 -0.492827
vn 0.000274 -0.000113 -1.000000
v 0.372892 -0.064363 -0.492827
vn 0.000104 -0.000053 -1.000000
v 0.437023 -0.092984 -0.492814
vn 0.707163 -0.000035 -0.707051
v 0.487915 -0.110934 -0.492812
vn 1.000000 -0.000020 0.000116
v 0.487907 -0.135915 -0.434313
vn -0.467582 0.000034 -0.883950
v -0.497677 -0.041662 -0.492820
vn -0.956095 0.000010 -0.293056
v -0.497761 -0.019910 -0.492695
vn -0.000063 0.000044 -1.000000
v -0.424529 -0.061578 -0.492827
vn 0.000342 -0.000022 -1.000000
v 0.373122 0.002260 -0.492834
vn 0.000144 -0.000042 -1.000000
v 0.437851 -0.024109 -0.492819
vn 0.707171 -0.000024 -0.707042
v 0.487915 -0.042722 -0.492814
vn 1.000000 -0.000010 0.000111
v 0.487908 -0.067489 -0.434469
vn -0.462763 -0.000009 -0.886482
v -0.497676 0.025034 -0.492819
vn -0.951522 0.000043 -0.307582
v -0.497761 0.048065 -0.492698
vn 0.000001 0.000037 -1.000000
v -0.429343 0.008163 -0.492823
vn 0.000271 0.000118 -1.000000
v 0.372471 0.068732 -0.492830
vn 0.000148 0.000031 -1.000000
v 0.437924 0.043392 -0.492819
vn 0.707186 0.000008 -0.707028
v 0.487915 0.025319 -0.492814
vn 1.000000 0.000008 0.000106
v 0.487908 0.000792 -0.434400
vn -0.435905 -0.000027 -0.899993
v -0.497668 0.096887 -0.492820
vn -0.942695 0.000018 -0.333656
v -0.497761 0.116470 -0.492704
vn -0.000025 -0.000018 -1.000000
v -0.413885 0.091476 -0.492822
vn 0.000159 0.000062 -1.000000
v 0.369429 0.133325 -0.492826
vn 0.000117 0.000050 -1.000000
v 0.438073 0.110615 -0.492815
vn 0.707181 0.000035 -0.707033
v 0.487915 0.093304 -0.492813
vn 1.000000 0.000018 0.000124
v 0.487907 0.068750 -0.434451
vn -0.431101 0.000045 -0.902304
v -0.497665 0.166119 -0.492820
vn -0.941610 0.000063 -0.336706
v -0.497761 0.184929 -0.492700
vn -0.000061 0.000062 -1.000000
v -0.420049 0.166651 -0.492818
vn -0.000362 0.000165 -1.000000
v -0.337077 0.164018 -0.492831
vn 0.000158 0.000083 -1.000000
v 0.353655 0.204940 -0.492825
vn 0.000101 0.000055 -1.000000
v 0.438529 0.179310 -0.492812
vn 0.707166 0.000049 -0.707048
v 0.487913 0.161241 -0.492811
vn 1.000000 0.000017 0.000122
v 0.487906 0.136599 -0.434420
vn -0.440868 0.000142 -0.897572
v -0.497662 0.234724 -0.492813
vn -0.948901 0.000044 -0.315574
v -0.497758 0.253505 -0.492683
vn -0.000039 0.000071 -1.000000
v -0.419099 0.234380 -0.492813
vn -0.000179 0.000136 -1.000000
v -0.333966 0.231189 -0.492822
vn -0.537648 0.447546 -0.714589
v -0.270916 0.220521 -0.492840
vn 0.000099 0.000164 -1.000000
v 0.293244 0.264389 -0.492824
vn 0.000122 0.000071 -1.000000
v 0.373738 0.266352 -0.492815
vn 0.000091 0.000058 -1.000000
v 0.437727 0.245392 -0.492807
vn 0.707157 0.000082 -0.707057
v 0.487911 0.229164 -0.492808
vn 1.000000 0.000037 0.000112
v 0.487904 0.204631 -0.434131
vn -0.381465 -0.000225 -0.924383
v -0.497659 0.304117 -0.492811
vn -0.929546 -0.000221 -0.368705
v -0.497756 0.322104 -0.492725
vn -0.000020 0.000053 -1.000000
v -0.419163 0.303262 -0.492810
vn -0.000089 0.000091 -1.000000
v -0.336926 0.302540 -0.492813
vn -0.000166 0.000198 -1.000000
v -0.269702 0.300457 -0.492825
vn -0.000482 0.000762 -1.000000
v -0.214450 0.293578 -0.492835
vn 0.000079 0.000128 -1.000000
v 0.221894 0.329089 -0.492821
vn 0.000057 0.000066 -1.000000
v 0.297956 0.330809 -0.492817
vn 0.000066 0.000031 -1.000000
v 0.360275 0.317516 -0.492814
vn 0.000084 -0.000050 -1.000000
v 0.438421 0.309673 -0.492807
vn 0.707199 0.000018 -0.707015
v 0.487907 0.296933 -0.492802
vn 1.000000 0.000050 0.000106
v 0.487901 0.272233 -0.433902
vn -0.706574 0.000086 -0.707639
v -0.497712 0.374118 -0.492821
vn -1.000000 0.000027 -0.000273
v -0.497751 0.380867 -0.442574
vn 0.000045 -0.000006 -1.000000
v -0.418675 0.377898 -0.492804
vn -0.000014 0.000027 -1.000000
v -0.341861 0.376739 -0.492811
vn -0.000039 0.000110 -1.000000
v -0.270961 0.380274 -0.492808
vn -0.000108 0.000183 -1.000000
v -0.205563 0.380955 -0.492814
vn -0.000104 0.000254 -1.000000
v -0.139105 0.382461 -0.492822
vn -0.000044 0.000220 -1.000000
v -0.061319 0.397844 -0.492821
vn -0.000028 0.000201 -1.000000
v 0.001255 0.402111 -0.492824
vn 0.000047 0.000180 -1.000000
v 0.063704 0.400646 -0.492825
vn 0.000098 0.000096 -1.000000
v 0.145614 0.388430 -0.492819
vn 0.000001 0.000079 -1.000000
v 0.222168 0.404543 -0.492809
vn -0.000024 0.000023 -1.000000
v 0.278754 0.389279 -0.492816
vn 0.000018 -0.000039 -1.000000
v 0.349389 0.386917 -0.492812
vn 0.000028 -0.000064 -1.000000
v 0.428956 0.380719 -0.492814
vn 0.707142 -0.000046 -0.707072
v 0.487903 0.365792 -0.492811
vn 1.000000 0.000023 0.000072
v 0.487897 0.339118 -0.433665
vn -0.707102 0.000710 -0.707111
v -0.497749 0.438976 -0.492815
vn -0.977346 0.211648 -0.000570
v -0.497757 0.492892 -0.423808
vn -0.000035 0.351062 -0.936352
v -0.425394 0.492889 -0.492812
vn -0.000096 0.366492 -0.930421
v -0.354188 0.492897 -0.492810
vn 0.000082 0.398271 -0.917268
v -0.284556 0.492923 -0.492805
vn 0.000001 0.352151 -0.935943
v -0.216552 0.492903 -0.492801
vn -0.000031 0.374593 -0.927189
v -0.149318 0.492907 -0.492804
vn -0.000172 0.369085 -0.929396
v -0.080965 0.492907 -0.492810
vn -0.000004 0.358151 -0.933664
v -0.012747 0.492912 -0.492815
vn 0.000018 0.362533 -0.931971
v 0.055056 0.492913 -0.492814
vn 0.000020 0.354568 -0.935030
v 0.124191 0.492913 -0.492811
vn 0.000023 0.347026 -0.937856
v 0.193985 0.492912 -0.492809
vn -0.000038 0.374778 -0.927115
v 0.260780 0.492916 -0.492812
vn -0.000203 0.406447 -0.913675
v 0.329122 0.492925 -0.492825
vn 0.000275 0.319391 -0.947623
v 0.405392 0.492904 -0.492824
vn 0.707145 0.000469 -0.707068
v 0.487905 0.433580 -0.492813
vn 1.000000 -0.000019 0.000048
v 0.487897 0.407158 -0.431781
vn -0.576612 0.578531 -0.576906
v -0.497645 0.493013 -0.492718
vn -0.000015 0.922608 -0.385738
v -0.381605 0.492996 -0.492710
vn -0.000140 0.916933 -0.399041
v -0.311403 0.493002 -0.492724
vn 0.000138 0.920118 -0.391641
v -0.243410 0.493003 -0.492714
vn -0.000034 0.916601 -0.399802
v -0.175729 0.493000 -0.492715
vn -0.000049 0.925527 -0.378682
v -0.107643 0.493001 -0.492712
vn -0.000067 0.907637 -0.419756
v -0.039705 0.493003 -0.492734
vn 0.000001 0.914893 -0.403696
v 0.028124 0.493004 -0.492731
vn 0.000018 0.913856 -0.406038
v 0.096425 0.493004 -0.492730
vn 0.000020 0.908963 -0.416876
v 0.164894 0.493004 -0.492731
vn -0.000040 0.914818 -0.403866
v 0.233057 0.493004 -0.492729
vn -0.000123 0.937156 -0.348910
v 0.301469 0.493005 -0.492723
vn 0.000069 0.892762 -0.450528
v 0.372816 0.493007 -0.492755
vn 0.577582 0.578131 -0.576337
v 0.487875 0.493024 -0.492709
vn 1.000000 0.000116 -0.000088
v 0.487898 0.459300 -0.427564
vn -0.706172 -0.708040 -0.000705
v -0.497708 -0.492667 -0.358570
vn -1.000000 -0.000299 0.000008
v -0.497756 -0.443801 -0.403295
vn 0.000057 -1.000000 -0.000042
v -0.415738 -0.492655 -0.375310
vn -0.000040 -1.000000 -0.000011
v -0.338813 -0.492657 -0.382660
vn -0.000025 -1.000000 -0.000037
v -0.269582 -0.492660 -0.381669
vn -0.000016 -1.000000 -0.000035
v -0.202160 -0.492661 -0.378570
vn -0.000026 -1.000000 -0.000037
v -0.127069 -0.492665 -0.378415
vn 0.000082 -1.000000 -0.000097
v -0.058118 -0.492662 -0.382370
vn 0.000005 -1.000000 -0.000025
v 0.005050 -0.492655 -0.379949
vn -0.000059 -1.000000 -0.000016
v 0.071877 -0.492662 -0.377059
vn 0.000003 -1.000000 -0.000063
v 0.142160 -0.492663 -0.379776
vn 0.000023 -1.000000 -0.000073
v 0.208977 -0.492662 -0.379393
vn 0.000039 -1.000000 -0.000073
v 0.277075 -0.492660 -0.378516
vn 0.000070 -1.000000 -0.000076
v 0.350313 -0.492656 -0.375936
vn 0.000023 -1.000000 0.000024
v 0.429198 -0.492649 -0.385972
vn 0.707055 -0.707159 0.000013
v 0.487896 -0.492654 -0.396472
vn 1.000000 0.000004 -0.000088
v 0.487899 -0.437913 -0.376496
vn -1.000000 -0.000019 -0.000001
v -0.497759 -0.374785 -0.384796
vn 1.000000 -0.000010 -0.000050
v 0.487899 -0.380114 -0.370011
vn -1.000000 -0.000013 -0.000010
v -0.497759 -0.302131 -0.377530
vn 1.000000 -0.000023 -0.000016
v 0.487901 -0.315008 -0.371546
vn -1.000000 -0.000023 -0.000020
v -0.497761 -0.234197 -0.376204
vn 1.000000 0.000003 0.000029
v 0.487901 -0.247356 -0.371756
vn -1.000000 0.000001 -0.000003
v -0.497762 -0.166880 -0.376601
vn 1.000000 -0.000004 0.000048
v 0.487900 -0.177011 -0.372946
vn -1.000000 -0.000006 -0.000016
v -0.497761 -0.099301 -0.377030
vn 1.000000 -0.000018 0.000059
v 0.487901 -0.104067 -0.375808
vn -1.000000 -0.000019 -0.000058
v -0.497762 -0.031963 -0.377845
vn 1.000000 0.000002 0.000078
v 0.487903 -0.036259 -0.375090
vn -1.000000 0.000011 -0.000034
v -0.497762 0.035603 -0.378458
vn 1.000000 0.000002 0.000044
v 0.487902 0.030598 -0.373975
vn -1.000000 -0.000015 -0.000056
v -0.497762 0.102388 -0.378512
vn 1.000000 0.000013 0.000012
v 0.487899 0.099621 -0.375804
vn -1.000000 0.000011 -0.000044
v -0.497763 0.175146 -0.377512
vn 1.000000 0.000024 0.000022
v 0.487900 0.168023 -0.374932
vn -1.000000 0.000019 -0.000033
v -0.497762 0.247056 -0.378287
vn 1.000000 0.000039 0.000026
v 0.487897 0.235996 -0.372992
vn -1.000000 0.000033 -0.000044
v -0.497761 0.312329 -0.377055
vn 1.000000 0.000012 0.000013
v 0.487895 0.298917 -0.373026
vn -1.000000 -0.000006 -0.000083
v -0.497759 0.381357 -0.370438
vn 1.000000 -0.000019 0.000002
v 0.487897 0.362737 -0.373936
vn -1.000000 0.000201 -0.000044
v -0.497764 0.452305 -0.347836
vn 1.000000 -0.000039 -0.000003
v 0.487899 0.428200 -0.376572
vn -0.706816 0.707398 0.000156
v -0.497743 0.493009 -0.376406
vn 0.000041 1.000000 -0.000025
v -0.403974 0.493001 -0.382989
vn -0.000034 1.000000 -0.000037
v -0.327851 0.493002 -0.382582
vn -0.000046 1.000000 -0.000030
v -0.260459 0.493006 -0.381946
vn -0.000001 1.000000 -0.000063
v -0.197446 0.493007 -0.378847
vn -0.000039 1.000000 -0.000066
v -0.127888 0.493008 -0.377937
vn -0.000030 1.000000 -0.000077
v -0.058623 0.493012 -0.380656
vn 0.000024 1.000000 -0.000069
v 0.004359 0.493012 -0.380862
vn 0.000016 1.000000 -0.000057
v 0.072338 0.493009 -0.380894
vn 0.000012 1.000000 -0.000056
v 0.146205 0.493009 -0.380893
vn 0.000028 1.000000 -0.000052
v 0.218219 0.493007 -0.380985
vn 0.000037 1.000000 -0.000036
v 0.287512 0.493005 -0.379937
vn 0.000055 1.000000 -0.000013
v 0.361366 0.493001 -0.376748
vn 0.000224 1.000000 0.000087
v 0.439444 0.492997 -0.380446
vn 0.707437 0.706777 0.000032
v 0.487903 0.492968 -0.379309
vn -0.435279 -0.900296 0.000070
v -0.497664 -0.492658 -0.289619
vn -0.967080 -0.254471 0.000164
v -0.497755 -0.492545 -0.327675
vn 0.000003 -1.000000 -0.000025
v -0.419675 -0.492664 -0.304190
vn -0.000032 -1.000000 -0.000075
v -0.336534 -0.492660 -0.309858
vn -0.000058 -1.000000 -0.000090
v -0.265804 -0.492666 -0.310034
vn 0.000017 -1.000000 -0.000116
v -0.211771 -0.492666 -0.322579
vn 0.000322 -1.000000 0.000486
v -0.139569 -0.492663 -0.304679
vn 0.053423 -0.731367 0.679889
v -0.030636 -0.492676 -0.295077
vn -0.036932 -0.713667 0.699511
v 0.008216 -0.492662 -0.295824
vn -0.000068 -1.000000 0.000365
v 0.060182 -0.492661 -0.316037
vn -0.000084 -1.000000 0.000009
v 0.148959 -0.492669 -0.295730
vn 0.000018 -1.000000 -0.000068
v 0.215312 -0.492668 -0.300488
vn 0.000036 -1.000000 -0.000074
v 0.280591 -0.492666 -0.304622
vn 0.000070 -1.000000 -0.000075
v 0.354554 -0.492663 -0.303400
vn 0.000178 -1.000000 -0.000064
v 0.436819 -0.492655 -0.310210
vn 0.707220 -0.706993 -0.000056
v 0.487906 -0.492641 -0.329939
vn 1.000000 0.000047 -0.000049
v 0.487903 -0.434320 -0.312707
vn -1.000000 -0.000019 -0.000018
v -0.497759 -0.376724 -0.313730
vn 1.000000 0.000016 -0.000020
v 0.487902 -0.372331 -0.304522
vn -1.000000 -0.000021 -0.000023
v -0.497760 -0.305909 -0.307056
vn 1.000000 0.000015 0.000007
v 0.487901 -0.306576 -0.306200
vn -1.000000 -0.000012 -0.000022
v -0.497762 -0.239960 -0.305348
vn 1.000000 -0.000009 -0.000038
v 0.487900 -0.238373 -0.308455
vn -1.000000 -0.000020 -0.000084
v -0.497761 -0.169397 -0.298567
vn 1.000000 -0.000019 -0.000083
v 0.487900 -0.152854 -0.314139
vn -1.000000 -0.000064 -0.000090
v -0.497764 -0.093699 -0.315842
vn 1.000000 0.000027 -0.000011
v 0.487901 -0.073935 -0.327442
vn -1.000000 0.000074 0.000176
v -0.497769 -0.023896 -0.324283
vn 1.000000 -0.000028 0.000022
v 0.487898 -0.010004 -0.321754
vn -1.000000 -0.000039 0.000107
v -0.497764 0.040927 -0.323245
vn 1.000000 -0.000096 -0.000226
v 0.487905 0.051182 -0.325255
vn -1.000000 -0.000042 -0.000008
v -0.497769 0.103217 -0.320518
vn 1.000000 0.000054 -0.000163
v 0.487904 0.124201 -0.326357
vn -1.000000 0.000021 -0.000003
v -0.497766 0.186384 -0.311292
vn 1.000000 0.000069 -0.000101
v 0.487901 0.200560 -0.309757
vn -1.000000 0.000022 -0.000026
v -0.497763 0.256260 -0.325839
vn 1.000000 0.000035 -0.000052
v 0.487898 0.260496 -0.321498
vn -1.000000 0.000015 -0.000017
v -0.497763 0.311638 -0.311692
vn 1.000000 0.000026 -0.000025
v 0.487897 0.312077 -0.310762
vn -1.000000 -0.000012 -0.000019
v -0.497763 0.379520 -0.300956
vn 1.000000 0.000000 0.000015
v 0.487896 0.372195 -0.311448
vn -0.971063 0.238822 0.000499
v -0.497764 0.492898 -0.275593
vn 1.000000 -0.000077 -0.000007
v 0.487897 0.434080 -0.309206
vn -0.706631 0.707582 -0.000333
v -0.497743 0.493008 -0.305662
vn 0.000017 1.000000 -0.000018
v -0.416438 0.493003 -0.311600
vn 0.000004 1.000000 -0.000005
v -0.333961 0.493007 -0.309254
vn -0.000074 1.000000 0.000046
v -0.268151 0.493006 -0.311198
vn -0.000058 1.000000 0.000013
v -0.221164 0.493013 -0.313819
vn 0.000161 1.000000 0.000329
v -0.159308 0.493012 -0.294160
vn 0.187536 0.711784 0.676900
v -0.074220 0.493018 -0.287529
vn 0.028141 0.918376 0.394708
v -0.018590 0.493019 -0.295412
vn -0.013529 0.995280 0.096097
v 0.037281 0.493015 -0.292743
vn -0.000118 1.000000 0.000188
v 0.118748 0.493014 -0.308915
vn 0.000019 1.000000 -0.000030
v 0.207094 0.493013 -0.307830
vn 0.000040 1.000000 -0.000055
v 0.281456 0.493010 -0.306110
vn 0.000077 1.000000 -0.000057
v 0.356449 0.493007 -0.303108
vn 0.000175 1.000000 -0.000023
v 0.437221 0.492998 -0.306028
vn 0.707229 0.706984 -0.000056
v 0.487905 0.492986 -0.310768
vn -0.423392 -0.905946 -0.000039
v -0.497667 -0.492652 -0.221996
vn -0.944656 -0.328063 -0.000008
v -0.497758 -0.492538 -0.259544
vn -0.000080 -1.000000 0.000015
v -0.420477 -0.492661 -0.238818
vn -0.000064 -1.000000 -0.000056
v -0.337190 -0.492666 -0.245215
vn -0.000086 -1.000000 -0.000099
v -0.274162 -0.492670 -0.256846
vn 0.422644 -0.729930 0.537192
v -0.189293 -0.492680 -0.232758
vn 0.273846 -0.734769 0.620582
v -0.125437 -0.492607 -0.272101
vn 0.564231 0.000035 0.825617
v -0.172419 -0.435569 -0.244983
vn 0.117227 -0.725282 0.678398
v -0.054311 -0.492610 -0.292846
vn -0.037123 0.008439 0.999275
v 0.005875 -0.465002 -0.296679
vn -0.161554 -0.733546 0.660160
v 0.065259 -0.492632 -0.289083
vn -0.310414 -0.727719 0.611611
v 0.130363 -0.492660 -0.264187
vn -0.415363 -0.719155 0.557036
v 0.171866 -0.492674 -0.237630
vn -0.000201 -1.000000 0.000276
v 0.221412 -0.492672 -0.229300
vn 0.000037 -1.000000 -0.000043
v 0.282609 -0.492671 -0.229367
vn 0.000078 -1.000000 -0.000037
v 0.355678 -0.492667 -0.233841
vn 0.000201 -1.000000 -0.000033
v 0.437428 -0.492658 -0.241132
vn 0.707245 -0.706969 -0.000053
v 0.487910 -0.492642 -0.261738
vn 1.000000 0.000071 -0.000028
v 0.487905 -0.433866 -0.245146
vn -1.000000 -0.000016 -0.000023
v -0.497761 -0.377453 -0.245232
vn 0.389540 -0.001157 0.921009
v -0.120444 -0.379418 -0.273682
vn 0.555623 -0.000485 0.831435
v -0.169644 -0.353940 -0.246890
vn 0.189696 -0.000447 0.981843
v -0.061767 -0.389523 -0.291948
vn -0.036950 0.000739 0.999317
v 0.006406 -0.390719 -0.297221
vn -0.245270 -0.001694 0.969453
v 0.068295 -0.400375 -0.288127
vn -0.432878 -0.001267 0.901452
v 0.122860 -0.421370 -0.268233
vn -0.597915 0.000841 0.801559
v 0.172619 -0.442756 -0.237887
vn 1.000000 0.000044 0.000003
v 0.487902 -0.371248 -0.237245
vn -1.000000 -0.000030 -0.000042
v -0.497762 -0.308107 -0.236336
vn 0.385421 0.001670 0.922739
v -0.119621 -0.298758 -0.274056
vn 0.559178 0.000599 0.829048
v -0.170692 -0.276503 -0.246055
vn 0.180344 0.000824 0.983603
v -0.058639 -0.307058 -0.292459
vn -0.044070 0.000504 0.999028
v 0.007846 -0.309472 -0.297261
vn -0.274045 0.000571 0.961717
v 0.077329 -0.309047 -0.286008
vn -0.462341 -0.000184 0.886702
v 0.131926 -0.324435 -0.263772
vn -0.627614 -0.002695 0.778520
v 0.182883 -0.343931 -0.230764
vn 1.000000 -0.000029 -0.000022
v 0.487900 -0.306132 -0.242116
vn -1.000000 0.000026 0.000094
v -0.497765 -0.243706 -0.227094
vn 0.405966 0.000157 0.913888
v -0.126179 -0.217224 -0.271566
vn 0.582109 -0.001115 0.813110
v -0.179144 -0.222202 -0.239703
vn 0.184492 -0.000787 0.982834
v -0.059745 -0.234784 -0.292369
vn -0.049198 0.000349 0.998789
v 0.009670 -0.236442 -0.297173
vn -0.286595 0.001453 0.958051
v 0.080145 -0.231591 -0.285351
vn -0.507487 0.002482 0.861656
v 0.146777 -0.228138 -0.256043
vn -0.666696 0.000266 0.745329
v 0.192477 -0.252286 -0.222473
vn 1.000000 -0.000122 -0.000170
v 0.487907 -0.235050 -0.249271
vn -0.106793 0.673319 0.731599
v -0.497777 -0.187736 -0.229147
vn -0.726172 0.314960 0.611126
v -0.497767 -0.135110 -0.263939
vn 0.630057 0.482834 0.608193
v -0.497677 -0.187286 -0.230228
vn -0.001219 0.501687 0.865048
v -0.417454 -0.149533 -0.256159
vn -0.001342 0.649170 0.760642
v -0.368620 -0.192633 -0.225427
vn 0.000208 0.508442 0.861096
v -0.314504 -0.150538 -0.255794
vn 0.000388 0.662004 0.749500
v -0.275352 -0.196633 -0.222003
vn 0.000106 0.523054 0.852299
v -0.235945 -0.155405 -0.252877
vn 0.368292 0.356027 0.858840
v -0.201979 -0.197317 -0.221148
vn 0.267402 0.261671 0.927375
v -0.162371 -0.157355 -0.251526
vn 0.370571 -0.004252 0.928795
v -0.114209 -0.150140 -0.275954
vn 0.179929 0.001609 0.983678
v -0.058940 -0.162994 -0.292493
vn -0.050192 0.000305 0.998740
v 0.010043 -0.166670 -0.297179
vn -0.276899 -0.001104 0.960898
v 0.078024 -0.165291 -0.285647
vn -0.221720 0.242852 0.944385
v 0.138218 -0.141110 -0.260227
vn -0.360291 0.372889 0.855070
v 0.195397 -0.199990 -0.218268
vn -0.315270 0.270754 0.909559
v 0.158316 -0.163528 -0.247769
vn -0.002235 0.677319 0.735686
v 0.251896 -0.202062 -0.217541
vn 0.000552 0.513043 0.858363
v 0.307363 -0.151111 -0.255468
vn 0.001511 0.665456 0.746435
v 0.342838 -0.198304 -0.221054
vn 0.001502 0.499428 0.866354
v 0.397280 -0.147860 -0.257518
vn -0.001206 0.650687 0.759345
v 0.429284 -0.192956 -0.225217
vn 0.732449 0.340260 0.589697
v 0.487873 -0.148229 -0.257704
vn 0.720864 0.454467 0.523273
v 0.487920 -0.194953 -0.222844
vn 1.000000 0.000296 0.000266
v 0.487907 -0.164178 -0.274092
vn -0.727232 0.181498 0.661961
v -0.497769 -0.078748 -0.286129
vn -0.002443 0.327355 0.944898
v -0.438867 -0.096723 -0.280653
vn 0.001077 0.326139 0.945321
v -0.332464 -0.096658 -0.280976
vn 0.000455 0.330516 0.943800
v -0.254826 -0.098212 -0.280517
vn -0.001464 0.345311 0.938487
v -0.186220 -0.102692 -0.279031
vn 0.159607 0.149871 0.975738
v -0.107004 -0.102282 -0.278839
vn 0.179371 -0.001656 0.983780
v -0.059681 -0.099266 -0.292338
vn -0.045947 0.001365 0.998943
v 0.009173 -0.099924 -0.297157
vn -0.099794 0.116678 0.988143
v 0.071742 -0.073619 -0.286753
vn -0.185072 0.144501 0.972043
v 0.094844 -0.100525 -0.279311
vn -0.001722 0.353247 0.935528
v 0.207991 -0.103630 -0.278733
vn 0.000620 0.337453 0.941342
v 0.287579 -0.100609 -0.279862
vn 0.000063 0.316744 0.948511
v 0.372159 -0.094187 -0.281913
vn -0.004198 0.305121 0.952304
v 0.452268 -0.090448 -0.283117
vn 0.719701 0.224711 0.656914
v 0.487907 -0.094307 -0.281021
vn -0.729200 0.029231 0.683675
v -0.497750 -0.012899 -0.296814
vn -0.001845 0.118022 0.993009
v -0.429736 -0.034703 -0.295230
vn 0.000045 0.116996 0.993132
v -0.339338 -0.034843 -0.295396
vn 0.000714 0.111198 0.993798
v -0.262796 -0.033130 -0.295538
vn 0.000693 0.115893 0.993262
v -0.192501 -0.034351 -0.295535
vn -0.004542 0.124309 0.992233
v -0.126044 -0.036177 -0.295414
vn 0.030904 0.041074 0.998678
v -0.045157 -0.031474 -0.295098
vn 0.011099 -0.007082 0.999913
v -0.001315 -0.017075 -0.296613
vn -0.052401 0.031739 0.998122
v 0.027649 -0.029481 -0.295187
vn 0.001540 0.120203 0.992748
v 0.141772 -0.035562 -0.295308
vn 0.000069 0.123524 0.992342
v 0.209165 -0.036546 -0.295345
vn -0.000740 0.119270 0.992862
v 0.281034 -0.035529 -0.295412
vn -0.000520 0.107838 0.994168
v 0.358955 -0.032040 -0.295698
vn -0.001228 0.104290 0.994546
v 0.449093 -0.031845 -0.295239
vn 0.723329 0.103216 0.682746
v 0.487898 -0.043344 -0.293381
vn -0.726662 -0.121910 0.676092
v -0.497759 0.052971 -0.292053
vn -0.000675 -0.112579 0.993643
v -0.428120 0.033559 -0.295342
vn -0.000105 -0.108043 0.994146
v -0.339575 0.032476 -0.295732
vn 0.000652 -0.118607 0.992941
v -0.263505 0.035600 -0.295428
vn 0.000454 -0.121477 0.992594
v -0.192479 0.036354 -0.295386
vn 0.000445 -0.115153 0.993348
v -0.125419 0.035004 -0.295459
vn 0.020798 -0.015792 0.999659
v -0.031086 0.027553 -0.295469
vn -0.018850 -0.019485 0.999632
v 0.012463 0.029400 -0.295694
vn 0.002298 -0.123241 0.992374
v 0.076421 0.036983 -0.295400
vn 0.000090 -0.118283 0.992980
v 0.141632 0.035397 -0.295598
vn -0.000914 -0.112387 0.993664
v 0.210375 0.033609 -0.295626
vn -0.000526 -0.112145 0.993692
v 0.281886 0.033836 -0.295532
vn -0.000091 -0.114177 0.993460
v 0.359403 0.034174 -0.295443
vn -0.003552 -0.100019 0.994979
v 0.446093 0.029980 -0.295367
vn 0.722600 -0.018524 0.691018
v 0.487900 0.009841 -0.296245
vn -0.719185 -0.240459 0.651883
v -0.497766 0.102413 -0.277983
vn 0.000633 -0.324145 0.946007
v -0.441835 0.096816 -0.280780
vn 0.000338 -0.321242 0.946997
v -0.349557 0.095779 -0.281460
vn -0.000285 -0.337318 0.941391
v -0.269664 0.100886 -0.279870
vn 0.002167 -0.348547 0.937289
v -0.192010 0.103227 -0.278984
vn 0.155915 -0.135885 0.978379
v -0.099378 0.096917 -0.280611
vn 0.064670 -0.094338 0.993437
v -0.057134 0.052611 -0.292168
vn -0.048914 0.003246 0.998798
v 0.009560 0.101659 -0.297261
vn -0.113157 -0.126336 0.985512
v 0.077312 0.077358 -0.285877
vn 0.744965 -0.653507 0.134000
v 0.099221 0.107761 -0.277599
vn 0.000357 -0.347457 0.937696
v 0.203571 0.103883 -0.278965
vn -0.001998 -0.326569 0.945171
v 0.274326 0.097375 -0.280851
vn 0.000609 -0.324891 0.945751
v 0.354311 0.096702 -0.280987
vn -0.676393 -0.232151 0.698998
v 0.487827 0.093656 -0.282141
vn 0.722901 -0.129026 0.678798
v 0.487922 0.053962 -0.291190
vn -0.185371 -0.563881 0.804783
v -0.497763 0.155455 -0.252029
vn 0.659825 -0.371212 0.653324
v -0.497640 0.148003 -0.257657
vn -0.000469 -0.502550 0.864548
v -0.376666 0.149394 -0.256680
vn -0.000649 -0.513392 0.858154
v -0.287660 0.152203 -0.255036
vn 0.297061 -0.263795 0.917697
v -0.164896 0.161932 -0.249077
vn 0.182517 -0.226349 0.956793
v -0.127683 0.121310 -0.270528
vn 0.191300 0.002610 0.981528
v -0.062112 0.166504 -0.291919
vn -0.041916 -0.000373 0.999121
v 0.007596 0.166489 -0.297338
vn -0.275577 -0.001900 0.961277
v 0.077481 0.161314 -0.285804
vn -0.689748 0.708803 0.147807
v 0.127416 0.131687 -0.265450
vn -0.313101 -0.269003 0.910827
v 0.159966 0.167103 -0.245846
vn -0.000478 -0.521429 0.853295
v 0.254922 0.154772 -0.253611
vn 0.000008 -0.504449 0.863441
v 0.336689 0.149923 -0.256253
vn -0.000694 -0.494365 0.869254
v 0.423841 0.147227 -0.257744
vn 0.721959 -0.329598 0.608391
v 0.487916 0.141252 -0.260484
vn -0.730313 -0.447898 0.515782
v -0.497756 0.194890 -0.224303
vn -1.000000 -0.000015 -0.000010
v -0.497765 0.245533 -0.256798
vn -0.000125 -0.650776 0.759270
v -0.415176 0.193266 -0.225317
vn -0.000922 -0.654120 0.756391
v -0.320066 0.194312 -0.224379
vn -0.715608 -0.697332 0.040415
v -0.202042 0.198139 -0.220755
vn 0.693724 0.720232 0.003573
v -0.191987 0.186220 -0.229949
vn 0.433466 -0.000971 0.901169
v -0.134600 0.231731 -0.267975
vn 0.584967 0.000035 0.811057
v -0.177267 0.255008 -0.241600
vn 0.200751 -0.000802 0.979642
v -0.064247 0.233527 -0.291812
vn -0.040494 -0.000647 0.999180
v 0.007199 0.237757 -0.297285
vn -0.275284 0.001246 0.961362
v 0.076942 0.233817 -0.286056
vn -0.490926 0.001836 0.871199
v 0.141251 0.213763 -0.258793
vn -0.680042 0.732166 -0.038404
v 0.188568 0.193125 -0.224226
vn 0.709628 -0.702808 0.049892
v 0.197434 0.203753 -0.215771
vn 0.000976 -0.663019 0.748602
v 0.298755 0.197247 -0.222048
vn 0.000735 -0.643806 0.765188
v 0.387289 0.191075 -0.227071
vn 0.729095 -0.431330 0.531389
v 0.487882 0.187369 -0.230539
vn 1.000000 -0.000135 0.000135
v 0.487910 0.205341 -0.251257
vn 1.000000 0.000110 -0.000083
v 0.487903 0.262106 -0.251241
vn -1.000000 0.000016 -0.000025
v -0.497762 0.321747 -0.259304
vn 0.389644 0.000097 0.920966
v -0.120907 0.318590 -0.273712
vn 0.556047 0.001927 0.831149
v -0.169792 0.335061 -0.247102
vn 0.187106 -0.000572 0.982340
v -0.061033 0.309742 -0.292400
vn -0.046832 -0.000342 0.998903
v 0.009243 0.313526 -0.297207
vn -0.266200 -0.001901 0.963916
v 0.074435 0.313822 -0.286532
vn -0.462289 -0.001429 0.886728
v 0.131928 0.305375 -0.263578
vn -0.626439 -0.001852 0.779468
v 0.180634 0.274653 -0.231374
vn 1.000000 0.000061 -0.000013
v 0.487897 0.325774 -0.255930
vn -1.000000 0.000004 -0.000020
v -0.497763 0.378445 -0.236095
vn 0.362741 0.002938 0.931885
v -0.112485 0.404554 -0.276977
vn 0.534854 0.001230 0.844944
v -0.163582 0.419297 -0.250854
vn 0.167416 0.000809 0.985886
v -0.055289 0.396618 -0.292972
vn -0.054301 0.001600 0.998523
v 0.011187 0.399234 -0.297002
vn -0.272205 0.001788 0.962238
v 0.075700 0.412255 -0.285978
vn -0.458772 0.000957 0.888554
v 0.131384 0.406836 -0.263700
vn -0.618898 0.002089 0.785468
v 0.179066 0.373648 -0.232914
vn 1.000000 -0.000012 -0.000015
v 0.487895 0.374370 -0.247718
vn -0.941513 0.336977 -0.000007
v -0.497763 0.492877 -0.206828
vn 0.253753 0.731879 0.632426
v -0.115200 0.492975 -0.276160
vn 0.385523 0.724405 0.571497
v -0.171755 0.492984 -0.245151
vn 0.125662 -0.672336 0.729502
v -0.055662 0.492925 -0.292676
vn -0.022668 -0.673160 0.739149
v 0.004322 0.492923 -0.296957
vn -0.160221 0.726459 0.668271
v 0.064158 0.492977 -0.288727
vn -0.293710 0.726994 0.620656
v 0.121452 0.493001 -0.268387
vn -0.415736 0.729958 0.542517
v 0.176435 0.492970 -0.235262
vn 1.000000 -0.000115 -0.000038
v 0.487900 0.434166 -0.240813
vn -0.408111 0.912932 0.000170
v -0.497665 0.492996 -0.236420
vn -0.000032 1.000000 0.000009
v -0.420494 0.493005 -0.243435
vn 0.000033 1.000000 0.000007
v -0.341875 0.493006 -0.242851
vn 0.000011 1.000000 0.000022
v -0.279641 0.492998 -0.247098
vn 0.472329 0.719142 0.509647
v -0.205873 0.493004 -0.217535
vn -0.000414 1.000000 0.000358
v 0.205487 0.493011 -0.243680
vn 0.000005 1.000000 0.000014
v 0.278209 0.493013 -0.239125
vn 0.000073 1.000000 -0.000022
v 0.355453 0.493010 -0.234646
vn 0.000220 1.000000 -0.000028
v 0.436973 0.493001 -0.237398
vn 0.707280 0.706934 -0.000041
v 0.487909 0.492984 -0.242362
vn -0.423633 -0.905834 -0.000028
v -0.497669 -0.492655 -0.154085
vn -0.938588 -0.345041 -0.000034
v -0.497760 -0.492545 -0.191483
vn -0.000081 -1.000000 -0.000027
v -0.418352 -0.492663 -0.175953
vn -0.000087 -1.000000 -0.000007
v -0.343636 -0.492667 -0.199700
vn 0.532432 -0.725586 0.435937
v -0.234917 -0.492681 -0.187331
vn 0.701545 0.002756 0.712620
v -0.212548 -0.461018 -0.211602
vn 0.803166 -0.002058 0.595752
v -0.242904 -0.447334 -0.176959
vn -0.499914 -0.729303 0.467123
v 0.211823 -0.492641 -0.203069
vn -0.580163 -0.719974 0.380853
v 0.243249 -0.492670 -0.161519
vn -0.000142 -1.000000 0.000103
v 0.281985 -0.492673 -0.147355
vn 0.000086 -1.000000 -0.000009
v 0.355399 -0.492668 -0.160367
vn 0.000198 -1.000000 -0.000009
v 0.437245 -0.492659 -0.172684
vn 0.707250 -0.706964 -0.000032
v 0.487913 -0.492644 -0.193696
vn 1.000000 0.000098 -0.000010
v 0.487907 -0.433932 -0.177326
vn -1.000000 -0.000037 -0.000023
v -0.497762 -0.378084 -0.174295
vn 0.692113 0.000762 0.721789
v -0.210048 -0.400243 -0.214228
vn 0.804083 -0.000002 0.594518
v -0.243166 -0.362200 -0.176758
vn -0.754080 -0.000613 0.656783
v 0.217978 -0.383726 -0.196409
vn -0.844666 0.000517 0.535293
v 0.244957 -0.426235 -0.159882
vn 1.000000 0.000037 -0.000005
v 0.487901 -0.371850 -0.170878
vn -1.000000 -0.000027 -0.000025
v -0.497768 -0.310833 -0.145214
vn 0.699354 -0.000145 0.714776
v -0.212595 -0.308346 -0.211990
vn 0.815807 0.000147 0.578325
v -0.247453 -0.296754 -0.170329
vn -0.471165 0.491068 0.732704
v 0.233750 -0.238384 -0.176990
vn -0.877695 0.000360 0.479219
v 0.255754 -0.324566 -0.141634
vn 1.000000 -0.000109 -0.000034
v 0.487903 -0.305756 -0.178065
vn -0.724262 0.609073 0.323226
v -0.497767 -0.261804 -0.138793
vn -0.730468 0.524527 0.437364
v -0.497742 -0.227582 -0.190770
vn -0.001186 0.860026 0.510248
v -0.451483 -0.254744 -0.151670
vn -0.000629 0.759167 0.650896
v -0.413504 -0.224411 -0.193720
vn 0.002779 0.856521 0.516104
v -0.348925 -0.252552 -0.155026
vn -0.000964 0.773919 0.633283
v -0.316862 -0.229818 -0.187338
vn 0.559259 0.543269 0.626169
v -0.266443 -0.262116 -0.139593
vn 0.451097 0.450339 0.770523
v -0.235681 -0.230583 -0.186314
vn 0.675891 -0.002973 0.736996
v -0.204932 -0.245106 -0.218486
vn -0.439660 0.433610 0.786563
v 0.224016 -0.229389 -0.187992
vn -0.575441 0.564455 0.591826
v 0.260688 -0.265686 -0.130642
vn -0.001977 0.807832 0.589409
v 0.279109 -0.239219 -0.175482
vn -0.001343 0.881683 0.471841
v 0.370493 -0.261635 -0.139245
vn -0.001382 0.780957 0.624583
v 0.389993 -0.230749 -0.186464
vn 0.731241 0.598831 0.326631
v 0.487878 -0.260977 -0.141836
vn 0.725629 0.525930 0.443690
v 0.487906 -0.225761 -0.192103
vn 1.000000 0.000398 0.000304
v 0.487909 -0.276344 -0.154694
vn 1.000000 -0.000087 0.000014
v 0.487914 -0.246518 -0.205126
vn -0.119916 -0.748155 0.652598
v -0.497769 0.230553 -0.186211
vn 0.613596 -0.620757 0.488018
v -0.497650 0.231367 -0.186060
vn 0.000254 -0.766373 0.642395
v -0.365734 0.227102 -0.190845
vn 0.470332 -0.447083 0.760858
v -0.235926 0.231967 -0.185271
vn 0.736595 0.663283 0.132226
v -0.212949 0.207937 -0.210812
vn -0.730903 0.675201 0.099417
v 0.211346 0.216054 -0.202453
vn -0.497885 -0.461562 0.734215
v 0.233646 0.240233 -0.175209
vn 0.000564 -0.779044 0.626969
v 0.342647 0.231357 -0.186345
vn -0.001409 -0.761394 0.648288
v 0.428459 0.225994 -0.192442
vn 0.721572 -0.521658 0.455200
v 0.487917 0.223138 -0.195002
vn -0.725928 -0.610004 0.317685
v -0.497771 0.263400 -0.136609
vn -1.000000 0.000027 -0.000064
v -0.497767 0.302909 -0.195635
vn -0.001549 -0.861814 0.507223
v -0.417416 0.255039 -0.151593
vn 0.001967 -0.854514 0.519426
v -0.316738 0.252648 -0.155031
vn 0.527333 -0.543107 0.653417
v -0.261930 0.256885 -0.148537
vn 0.727009 0.001684 0.686626
v -0.221134 0.280133 -0.203729
vn 0.814081 0.000321 0.580751
v -0.246525 0.327594 -0.172319
vn -0.759878 0.001769 0.650064
v 0.221048 0.308877 -0.192563
vn -0.666758 0.744292 -0.038260
v 0.252881 0.257341 -0.146174
vn -0.565682 -0.578829 0.587333
v 0.260848 0.266407 -0.131381
vn 0.000248 -0.873635 0.486582
v 0.392310 0.259212 -0.145296
vn 0.732392 -0.589933 0.339972
v 0.487874 0.257911 -0.148312
vn 1.000000 -0.000105 0.000213
v 0.487906 0.275023 -0.174539
vn 1.000000 0.000084 -0.000047
v 0.487899 0.316785 -0.190568
vn -1.000000 0.000039 -0.000032
v -0.497765 0.378202 -0.168357
vn 0.685867 0.000294 0.727727
v -0.208116 0.363950 -0.216238
vn 0.790811 0.000223 0.612060
v -0.239263 0.403580 -0.181878
vn -0.747865 -0.001258 0.663850
v 0.216684 0.420027 -0.197535
vn -0.853264 0.000477 0.521479
v 0.247779 0.359134 -0.155188
vn 1.000000 -0.000013 -0.000048
v 0.487897 0.375374 -0.178365
vn -0.941051 0.338263 -0.000020
v -0.497764 0.492878 -0.138814
vn 0.674422 0.000031 0.738346
v -0.204932 0.438679 -0.219055
vn 0.570306 -0.681377 0.458778
v -0.236376 0.492934 -0.185383
vn -0.516595 0.723398 0.458067
v 0.216614 0.493005 -0.196820
vn -0.586515 0.729531 0.351830
v 0.250171 0.492981 -0.152133
vn 1.000000 -0.000114 -0.000033
v 0.487902 0.434190 -0.172157
vn -0.426152 0.904652 0.000001
v -0.497669 0.492992 -0.168556
vn -0.000070 1.000000 -0.000011
v -0.418811 0.493006 -0.175710
vn 0.000010 1.000000 -0.000003
v -0.352927 0.493004 -0.191920
vn 0.588885 0.722314 0.362599
v -0.256608 0.493003 -0.156182
vn -0.000276 1.000000 0.000227
v 0.272207 0.493008 -0.169752
vn 0.000029 1.000000 0.000063
v 0.353397 0.493010 -0.165794
vn 0.000212 1.000000 -0.000002
v 0.436870 0.493002 -0.169349
vn 0.707279 0.706935 -0.000029
v 0.487911 0.492985 -0.174349
vn -0.423844 -0.905735 -0.000031
v -0.497671 -0.492656 -0.085987
vn -0.940545 -0.339668 -0.000025
v -0.497760 -0.492547 -0.123298
vn -0.000078 -1.000000 -0.000027
v -0.418684 -0.492665 -0.109905
vn 0.000068 -1.000000 0.000062
v -0.322808 -0.492667 -0.137758
vn 0.602913 -0.721695 0.340077
v -0.263186 -0.492647 -0.145334
vn 0.649552 -0.724379 0.230989
v -0.284301 -0.492658 -0.099403
vn -0.752939 -0.601395 0.267221
v 0.279234 -0.492676 -0.083073
vn -0.627560 -0.724857 0.284166
v 0.265351 -0.492654 -0.122118
vn 0.000102 -1.000000 0.000015
v 0.356247 -0.492668 -0.092074
vn 0.000187 -1.000000 0.000008
v 0.437182 -0.492659 -0.104196
vn 0.707246 -0.706967 -0.000014
v 0.487914 -0.492645 -0.125691
vn 1.000000 0.000105 -0.000009
v 0.487907 -0.433992 -0.109436
vn -1.000000 -0.000055 -0.000013
v -0.497763 -0.379295 -0.101855
vn 0.892229 -0.001201 0.451581
v -0.269388 -0.436005 -0.134372
vn 0.959929 -0.001236 0.280239
v -0.289889 -0.436990 -0.082848
vn -0.924608 0.001124 0.380918
v 0.268977 -0.391439 -0.113355
vn 1.000000 0.000056 0.000001
v 0.487902 -0.373558 -0.100315
vn -1.000000 -0.000031 -0.000039
v -0.497769 -0.322378 -0.070188
vn 0.894018 0.000879 0.448030
v -0.270430 -0.332020 -0.132394
vn 0.634514 0.661515 0.399738
v -0.289755 -0.283843 -0.084955
vn -0.941693 -0.001291 0.336471
v 0.274439 -0.324326 -0.098276
vn 1.000000 -0.000056 0.000023
v 0.487900 -0.324527 -0.097615
vn -0.725945 0.658856 0.197264
v -0.497766 -0.283803 -0.086199
vn -0.001316 0.939630 0.342189
v -0.451745 -0.279231 -0.100592
vn -0.002558 0.945553 0.325457
v -0.331559 -0.281290 -0.096651
vn -0.628103 0.634179 0.450892
v 0.275442 -0.280232 -0.096259
vn 0.000020 0.949360 0.314191
v 0.343906 -0.281341 -0.094176
vn -0.002823 0.954493 0.298220
v 0.452245 -0.283436 -0.088148
vn 0.717991 0.661680 0.216030
v 0.487907 -0.281862 -0.090725
vn -0.727668 -0.660069 0.186571
v -0.497761 0.285717 -0.081000
vn -1.000000 -0.000009 0.000046
v -0.497773 0.314346 -0.121575
vn -0.002497 -0.939072 0.343713
v -0.439756 0.278798 -0.101977
vn -0.655489 -0.751412 0.075592
v -0.279772 0.275669 -0.110097
vn 0.680913 0.731239 -0.040578
v -0.274829 0.269153 -0.123085
vn 0.656365 -0.647937 0.386474
v -0.290220 0.285388 -0.081057
vn -0.654729 -0.651042 0.384024
v 0.280574 0.285921 -0.079389
vn -0.923749 0.005412 0.382960
v 0.268331 0.300986 -0.114503
vn -0.000374 -0.955598 0.294672
v 0.363804 0.283829 -0.087948
vn -0.003940 -0.952725 0.303807
v 0.451836 0.283424 -0.090118
vn 0.719853 -0.656246 0.226170
v 0.487907 0.281074 -0.094790
vn 1.000000 0.000058 -0.000030
v 0.487905 0.328811 -0.110400
vn -1.000000 0.000041 0.000019
v -0.497766 0.379137 -0.099635
vn 0.891537 -0.000496 0.452948
v -0.269563 0.365830 -0.134464
vn 0.955602 0.001903 0.294655
v -0.288860 0.392677 -0.087355
vn -0.924090 0.001397 0.382173
v 0.268746 0.390643 -0.113854
vn 1.000000 0.000014 -0.000013
v 0.487901 0.374514 -0.106017
vn -0.941153 0.337980 0.000006
v -0.497765 0.492878 -0.070894
vn 0.876087 -0.001930 0.482149
v -0.265244 0.447675 -0.142329
vn 0.640679 0.736274 0.217786
v -0.286565 0.492973 -0.096804
vn -0.898549 0.220042 0.379724
v 0.271726 0.492932 -0.105938
vn 1.000000 -0.000099 -0.000016
v 0.487904 0.434327 -0.103410
vn -0.427638 0.903950 -0.000008
v -0.497671 0.492992 -0.100466
vn -0.000106 1.000000 -0.000020
v -0.421270 0.493007 -0.104978
vn 0.000190 1.000000 0.000032
v -0.334695 0.493007 -0.115189
vn -0.086765 0.995880 0.026344
v 0.272795 0.493005 -0.103723
vn 0.000027 1.000000 0.000009
v 0.342962 0.493002 -0.105851
vn 0.000162 1.000000 0.000015
v 0.436947 0.493001 -0.101707
vn 0.707262 0.706952 -0.000014
v 0.487912 0.492986 -0.106322
vn -0.421706 -0.906733 -0.000012
v -0.497672 -0.492657 -0.018239
vn -0.939352 -0.342954 -0.000020
v -0.497762 -0.492549 -0.055176
vn -0.000090 -1.000000 -0.000003
v -0.421236 -0.492666 -0.040128
vn 0.000034 -1.000000 -0.000026
v -0.346659 -0.492670 -0.064959
vn 0.679424 -0.727205 0.097755
v -0.298693 -0.492666 -0.042337
vn -0.739538 0.642895 0.199425
v 0.280610 -0.492605 -0.079266
vn -0.685687 -0.721471 0.096499
v 0.288351 -0.492666 -0.041430
vn 0.000006 -1.000000 0.000070
v 0.345132 -0.492666 -0.021123
vn 0.000165 -1.000000 0.000006
v 0.436962 -0.492657 -0.034347
vn 0.707233 -0.706981 -0.000001
v 0.487915 -0.492646 -0.057626
vn 1.000000 0.000110 -0.000004
v 0.487908 -0.434192 -0.041261
vn -1.000000 -0.000079 -0.000014
v -0.497763 -0.379371 -0.032157
vn 0.995722 -0.001732 0.092378
v -0.300536 -0.432120 -0.027652
vn -0.973087 -0.000848 0.230439
v 0.283402 -0.355750 -0.068505
vn -0.994588 0.000445 0.103892
v 0.290221 -0.424056 -0.030317
vn 1.000000 0.000087 -0.000000
v 0.487902 -0.376400 -0.031021
vn -1.000000 -0.000027 0.000040
v -0.497774 -0.322512 -0.002182
vn 0.698931 0.700295 0.145200
v -0.300422 -0.295424 -0.029076
vn -0.675998 0.670922 0.304779
v 0.284587 -0.289252 -0.062623
vn -0.701863 0.709075 0.067831
v 0.291685 -0.296313 -0.014624
vn 1.000000 0.000055 0.000024
v 0.487898 -0.327613 -0.029218
vn -0.728140 0.683568 0.050458
v -0.497771 -0.296019 -0.022616
vn -0.002411 0.991304 0.131569
v -0.430342 -0.294892 -0.038208
vn -0.002387 0.993449 0.114253
v -0.348795 -0.295475 -0.034480
vn -0.000258 0.992494 0.122289
v 0.335347 -0.295070 -0.036231
vn -0.000430 0.994664 0.103163
v 0.445597 -0.295436 -0.031119
vn 0.724735 0.682164 0.097013
v 0.487896 -0.293753 -0.041097
vn -0.730105 -0.682465 0.034479
v -0.497768 0.296908 -0.015299
vn -1.000000 -0.000030 -0.000026
v -0.497766 0.323115 -0.058021
vn -0.000665 -0.990373 0.138422
v -0.430254 0.294437 -0.040987
vn -0.001399 -0.980739 0.195317
v -0.339335 0.291144 -0.058386
vn 0.695826 -0.702356 0.150078
v -0.300151 0.295177 -0.030604
vn -0.968884 -0.000764 0.247513
v 0.282409 0.325210 -0.072962
vn -0.689851 -0.700316 0.183473
v 0.289280 0.294143 -0.036483
vn 0.001750 -0.997289 0.073564
v 0.340538 0.296883 -0.022268
vn -0.001744 -0.994801 0.101822
v 0.448593 0.295476 -0.031136
vn 0.723619 -0.682158 0.105049
v 0.487906 0.293442 -0.044294
vn 1.000000 0.000068 0.000044
v 0.487903 0.324805 -0.033329
vn -1.000000 0.000062 0.000008
v -0.497764 0.379501 -0.032667
vn 0.994186 -0.000022 0.107677
v -0.300265 0.416817 -0.032577
vn -0.972136 -0.000281 0.234418
v 0.283391 0.418538 -0.069199
vn -0.996800 -0.000660 0.079934
v 0.290858 0.364495 -0.023045
vn 1.000000 -0.000012 0.000016
v 0.487900 0.374581 -0.034645
vn -0.942918 0.333026 0.000018
v -0.497763 0.492878 -0.002906
vn 0.681391 0.729917 0.054111
v -0.301051 0.493003 -0.022552
vn -0.674891 0.719968 0.161768
v 0.282509 0.493010 -0.070962
vn -0.679836 0.732448 0.036663
v 0.291995 0.492992 -0.015495
vn 1.000000 -0.000113 -0.000005
v 0.487905 0.434489 -0.035646
vn -0.429265 0.903179 0.000016
v -0.497671 0.492992 -0.032576
vn -0.000130 1.000000 0.000007
v -0.420561 0.493008 -0.036033
vn 0.000060 1.000000 -0.000011
v -0.350358 0.493012 -0.038612
vn -0.000039 1.000000 0.000010
v 0.338788 0.493010 -0.042446
vn 0.000174 1.000000 -0.000011
v 0.438759 0.493001 -0.035152
vn 0.707258 0.706955 -0.000014
v 0.487913 0.492987 -0.038684
vn -0.417184 -0.908822 0.000000
v -0.497671 -0.492657 0.049841
vn -0.938111 -0.346336 0.000003
v -0.497763 -0.492550 0.012843
vn -0.000069 -1.000000 0.000018
v -0.419713 -0.492665 0.029053
vn 0.000023 -1.000000 0.000039
v -0.353005 -0.492670 -0.000329
vn 0.681975 -0.729567 -0.051400
v -0.301100 -0.492662 0.021381
vn -0.000039 -1.000000 -0.000016
v 0.339073 -0.492664 0.069798
vn -0.679450 -0.732677 -0.039149
v 0.291992 -0.492653 0.016352
vn 0.000151 -1.000000 -0.000002
v 0.435821 -0.492659 0.039303
vn 0.707234 -0.706979 -0.000006
v 0.487915 -0.492646 0.010507
vn 1.000000 0.000104 0.000006
v 0.487908 -0.434315 0.026466
vn -1.000000 -0.000034 0.000022
v -0.497763 -0.379150 0.035756
vn 0.994408 -0.000312 -0.105610
v -0.300328 -0.417191 0.032010
vn -0.996229 0.001191 -0.086751
v 0.290719 -0.362081 0.024567
vn 1.000000 0.000079 -0.000013
v 0.487903 -0.376228 0.030901
vn -1.000000 0.000004 0.000114
v -0.497761 -0.319271 0.063812
vn 0.695052 0.707232 -0.129328
v -0.300618 -0.295353 0.026852
vn -0.685704 0.701815 -0.193045
v 0.288840 -0.293425 0.039732
vn 1.000000 0.000039 -0.000043
v 0.487899 -0.325484 0.029874
vn -0.727422 0.678507 -0.102396
v -0.497767 -0.293452 0.044171
vn -0.002643 0.995153 -0.098298
v -0.427656 -0.295831 0.029392
vn -0.000820 0.994134 -0.108153
v -0.341637 -0.295381 0.031406
vn 0.000028 0.991531 -0.129873
v 0.346905 -0.294853 0.039181
vn -0.002845 0.994374 -0.105892
v 0.441048 -0.295409 0.031341
vn 0.723833 0.688929 -0.037979
v 0.487898 -0.295977 0.018432
vn -0.727435 -0.676023 -0.117606
v -0.497785 0.292584 0.051046
vn -1.000000 0.000099 -0.000068
v -0.497777 0.323129 0.008932
vn 0.000866 -0.995245 -0.097397
v -0.427012 0.295983 0.029006
vn -0.001727 -0.999755 -0.022047
v -0.346436 0.297196 0.006273
vn 0.702615 -0.699118 -0.132540
v -0.300646 0.295974 0.025482
vn 0.000515 -0.983017 -0.183512
v 0.342493 0.292195 0.055122
vn -0.704754 -0.703814 -0.089262
v 0.291389 0.296551 0.017482
vn -0.004495 -0.994078 -0.108579
v 0.444146 0.295326 0.032784
vn 0.722861 -0.690806 -0.016067
v 0.487902 0.296456 0.008463
vn 1.000000 0.000135 -0.000044
v 0.487900 0.324315 0.024542
vn -1.000000 0.000108 0.000042
v -0.497760 0.378943 0.034966
vn 0.995845 0.001616 -0.091045
v -0.300565 0.431786 0.027325
vn -0.994239 -0.000605 -0.107188
v 0.290017 0.424858 0.031617
vn 1.000000 -0.000043 -0.000006
v 0.487899 0.375223 0.028551
vn -0.946822 0.321758 -0.000008
v -0.497761 0.492876 0.065156
vn 0.679500 0.727492 -0.095052
v -0.298880 0.493004 0.041255
vn -0.684864 0.721959 -0.098670
v 0.288130 0.493010 0.043052
vn 1.000000 -0.000115 -0.000005
v 0.487905 0.434306 0.031996
vn -0.436274 0.899814 0.000016
v -0.497671 0.492992 0.036035
vn -0.000101 1.000000 0.000028
v -0.416096 0.493007 0.036231
vn 0.000024 1.000000 0.000052
v -0.353535 0.493010 0.019133
vn 0.000023 1.000000 -0.000038
v 0.349225 0.493009 0.057102
vn 0.000166 1.000000 0.000016
v 0.433133 0.493001 0.032461
vn 0.707238 0.706976 0.000014
v 0.487913 0.492988 0.029499
vn -0.412349 -0.911026 -0.000000
v -0.497669 -0.492657 0.118076
vn -0.936762 -0.349967 0.000009
v -0.497763 -0.492550 0.080846
vn -0.000047 -1.000000 -0.000002
v -0.419216 -0.492665 0.100818
vn 0.000328 -1.000000 0.000003
v -0.333985 -0.492664 0.079366
vn 0.641260 -0.736039 -0.216869
v -0.286869 -0.492615 0.095963
vn -0.674412 -0.719913 -0.163994
v 0.282216 -0.492656 0.072157
vn -0.000232 -1.000000 -0.000149
v 0.292400 -0.492664 0.119357
vn -0.645052 -0.721716 -0.251064
v 0.271652 -0.492646 0.106144
vn 0.000051 -1.000000 0.000012
v 0.368555 -0.492662 0.132239
vn 0.000139 -1.000000 0.000017
v 0.435704 -0.492658 0.106864
vn 0.707223 -0.706991 0.000010
v 0.487914 -0.492647 0.078862
vn 1.000000 0.000090 0.000008
v 0.487907 -0.434229 0.094327
vn -1.000000 0.000025 -0.000010
v -0.497765 -0.378531 0.102778
vn 0.956256 -0.002455 -0.292520
v -0.289030 -0.393220 0.086903
vn -0.971571 0.000281 -0.236750
v 0.283072 -0.418919 0.070266
vn -0.924129 -0.000800 -0.382079
v 0.268943 -0.391034 0.113507
vn 1.000000 0.000038 0.000004
v 0.487904 -0.374754 0.097089
vn -1.000000 0.000056 -0.000030
v -0.497760 -0.311677 0.127442
vn 0.680721 0.636088 -0.363334
v -0.290878 -0.285950 0.078888
vn -0.968561 -0.001316 -0.248773
v 0.282204 -0.322244 0.073408
vn -0.921531 -0.003388 -0.388289
v 0.268281 -0.299625 0.114656
vn 1.000000 -0.000166 -0.000023
v 0.487904 -0.326157 0.098345
vn -0.726072 0.644041 -0.240895
v -0.497754 -0.277732 0.104089
vn -0.001322 0.951097 -0.308890
v -0.437905 -0.282456 0.091506
vn 0.634703 0.619332 -0.462147
v -0.284905 -0.280973 0.096477
vn -0.649096 0.630812 -0.425148
v 0.277480 -0.283186 0.089593
vn 0.001774 0.934837 -0.355073
v 0.378607 -0.276162 0.108464
vn 0.724194 0.652624 -0.222764
v 0.487865 -0.280995 0.095756
vn 0.721313 0.676746 -0.147384
v 0.487917 -0.289139 0.062688
vn -0.719742 -0.652123 -0.238132
v -0.497773 0.278605 0.101098
vn -1.000000 0.000225 0.000114
v -0.497769 0.319271 0.076242
vn 0.002024 -0.948478 -0.316836
v -0.440843 0.281682 0.094582
vn -0.003413 -0.962501 -0.271257
v -0.337624 0.286405 0.081288
vn 0.634996 -0.660076 -0.401349
v -0.290210 0.284674 0.083436
vn -0.665261 -0.676732 -0.315375
v 0.283906 0.288920 0.065698
vn -0.623152 -0.615900 -0.482025
v 0.272742 0.278234 0.103174
vn -0.940723 0.001401 -0.339174
v 0.274159 0.324612 0.099040
vn 0.001526 -0.929499 -0.368822
v 0.360125 0.274824 0.111283
vn -0.678512 -0.695122 -0.237544
v 0.487836 0.281237 0.096101
vn 0.722482 -0.678938 -0.130626
v 0.487916 0.291541 0.053065
vn 1.000000 0.000156 0.000008
v 0.487900 0.327919 0.085247
vn -1.000000 0.000059 -0.000005
v -0.497761 0.378830 0.104360
vn 0.960190 0.001135 -0.279345
v -0.289970 0.437040 0.082655
vn -0.972672 0.000789 -0.232184
v 0.283324 0.356038 0.068870
vn -0.924452 -0.001250 -0.381296
v 0.268938 0.391891 0.113438
vn 1.000000 -0.000036 -0.000014
v 0.487901 0.373751 0.096058
vn -0.930103 0.367298 -0.000018
v -0.497761 0.492900 0.133286
vn 0.650107 0.724541 -0.228915
v -0.284681 0.492995 0.098405
vn -0.664464 0.723244 -0.188166
v 0.280384 0.492973 0.080257
vn -0.626187 0.723176 -0.291388
v 0.263408 0.492989 0.125855
vn 1.000000 -0.000094 0.000009
v 0.487905 0.434166 0.100159
vn -0.417965 0.908463 -0.000150
v -0.497670 0.492996 0.104260
vn -0.000061 1.000000 0.000007
v -0.422206 0.493005 0.099892
vn 0.000135 1.000000 0.000029
v -0.323306 0.493003 0.112691
vn -0.000508 1.000000 -0.000113
v 0.300511 0.493008 0.101062
vn 0.000069 1.000000 0.000007
v 0.375774 0.493012 0.123508
vn 0.000216 1.000000 -0.000012
v 0.436595 0.492999 0.106166
vn 0.707239 0.706974 0.000023
v 0.487912 0.492986 0.098048
vn -0.411302 -0.911499 0.000024
v -0.497667 -0.492657 0.186199
vn -0.934899 -0.354915 0.000019
v -0.497763 -0.492550 0.148783
vn -0.000056 -1.000000 0.000002
v -0.419588 -0.492665 0.171949
vn 0.000005 -1.000000 -0.000026
v -0.335300 -0.492665 0.164789
vn 0.876898 0.001046 -0.480676
v -0.265392 -0.444991 0.142138
vn 0.573246 -0.728586 -0.374902
v -0.252937 -0.492663 0.162974
vn 0.781027 0.003596 -0.624487
v -0.236509 -0.463273 0.184962
vn 0.000026 -1.000000 -0.000077
v 0.276703 -0.492670 0.190369
vn -0.585626 -0.728934 -0.354538
v 0.249020 -0.492661 0.153767
vn 0.000075 -1.000000 -0.000021
v 0.361178 -0.492662 0.178079
vn 0.000151 -1.000000 0.000011
v 0.438204 -0.492656 0.169907
vn 0.707230 -0.706984 0.000028
v 0.487914 -0.492646 0.146784
vn 1.000000 0.000108 0.000033
v 0.487906 -0.434215 0.162893
vn -1.000000 0.000026 0.000014
v -0.497765 -0.377856 0.170580
vn 0.892280 -0.000696 -0.451481
v -0.269806 -0.365618 0.134078
vn 0.790989 0.000796 -0.611830
v -0.239291 -0.403038 0.181876
vn -0.853408 -0.000909 -0.521242
v 0.247887 -0.358743 0.155034
vn 1.000000 0.000015 0.000039
v 0.487900 -0.374465 0.173176
vn -1.000000 -0.000017 -0.000011
v -0.497759 -0.300326 0.197371
vn 0.912253 0.001838 -0.409624
v -0.274466 -0.300213 0.123581
vn 0.815167 0.000902 -0.579226
v -0.246772 -0.327636 0.172047
vn -0.860299 0.005442 -0.509760
v 0.250816 -0.286712 0.149397
vn 1.000000 -0.000117 0.000067
v 0.487904 -0.315921 0.189194
vn -0.718429 0.601273 -0.349758
v -0.497764 -0.256228 0.148255
vn 0.000936 0.872515 -0.488586
v -0.453939 -0.258815 0.144986
vn 0.000685 0.872090 -0.489345
v -0.334092 -0.258774 0.144981
vn 0.524298 0.552650 -0.647835
v -0.263082 -0.256912 0.147087
vn -0.570167 0.557255 -0.603636
v 0.258388 -0.263619 0.136019
vn 0.002238 0.866390 -0.499363
v 0.358358 -0.257335 0.147763
vn 0.728758 0.585757 -0.354683
v 0.487884 -0.253347 0.154511
vn 1.000000 0.000275 -0.000341
v 0.487913 -0.271956 0.167323
vn -0.132976 -0.814336 -0.564956
v -0.497769 0.254647 0.151648
vn -1.000000 0.000067 0.000042
v -0.497768 0.309017 0.150962
vn 0.654144 -0.659017 -0.371204
v -0.497658 0.258131 0.147381
vn 0.000483 -0.874888 -0.484324
v -0.372356 0.259559 0.144533
vn 0.894677 -0.000903 -0.446712
v -0.270555 0.332585 0.132194
vn 0.563323 -0.546860 -0.619364
v -0.267436 0.263564 0.137827
vn 0.816503 0.000358 -0.577341
v -0.247571 0.297149 0.170202
vn -0.563353 -0.552864 -0.613982
v 0.257066 0.262186 0.137907
vn -0.874597 -0.000875 -0.484851
v 0.254762 0.327128 0.143680
vn 0.000238 -0.870975 -0.491327
v 0.333127 0.258558 0.145276
vn -0.001256 -0.866098 -0.499873
v 0.423518 0.256602 0.149236
vn 0.723640 -0.605994 -0.330328
v 0.487916 0.260428 0.141686
vn 1.000000 0.000124 0.000052
v 0.487904 0.305981 0.175592
vn -1.000000 0.000035 0.000010
v -0.497762 0.378170 0.176112
vn 0.893421 0.001478 -0.449218
v -0.269708 0.435701 0.133702
vn 0.804628 -0.000035 -0.593780
v -0.243251 0.361925 0.176689
vn -0.844240 -0.000574 -0.535965
v 0.244973 0.427055 0.159878
vn 1.000000 -0.000007 0.000015
v 0.487900 0.371689 0.167706
vn -0.934090 0.357039 -0.000001
v -0.497761 0.492898 0.201401
vn 0.602757 0.722192 -0.339298
v -0.263236 0.492981 0.145340
vn 0.804307 0.001072 -0.594213
v -0.243638 0.446027 0.176037
vn -0.579348 0.719725 -0.382559
v 0.242975 0.493005 0.161970
vn 1.000000 -0.000087 0.000018
v 0.487904 0.434140 0.167989
vn -0.404460 0.914556 -0.000014
v -0.497669 0.493000 0.171865
vn -0.000030 1.000000 -0.000018
v -0.419336 0.493005 0.166568
vn 0.000095 1.000000 -0.000055
v -0.323157 0.493001 0.173281
vn 0.531631 0.725521 -0.437021
v -0.234228 0.492987 0.188122
vn -0.000034 1.000000 -0.000114
v 0.284858 0.493006 0.175312
vn 0.000033 1.000000 0.000022
v 0.364781 0.493007 0.171971
vn 0.000219 1.000000 0.000003
v 0.438431 0.493000 0.172192
vn 0.707254 0.706960 0.000020
v 0.487911 0.492985 0.165835
vn -0.407615 -0.913154 0.000010
v -0.497664 -0.492655 0.254264
vn -0.934570 -0.355779 0.000033
v -0.497761 -0.492549 0.216747
vn -0.000069 -1.000000 0.000025
v -0.419625 -0.492664 0.240113
vn -0.000027 -1.000000 0.000009
v -0.334678 -0.492667 0.232460
vn -0.000049 -1.000000 -0.000015
v -0.260578 -0.492669 0.225271
vn 0.674832 -0.000856 -0.737971
v -0.205098 -0.436300 0.218949
vn 0.484033 -0.725732 -0.488902
v -0.213757 -0.492674 0.210651
vn 0.398407 0.680044 -0.615477
v -0.166359 -0.492601 0.249419
vn -0.519350 -0.722530 -0.456318
v 0.217586 -0.492672 0.195643
vn -0.000103 -1.000000 -0.000089
v 0.220429 -0.492673 0.254512
vn -0.421034 -0.729932 -0.538451
v 0.178135 -0.492641 0.233969
vn 0.000054 -1.000000 0.000016
v 0.295439 -0.492669 0.258811
vn 0.000086 -1.000000 -0.000014
v 0.355088 -0.492665 0.245289
vn 0.000179 -1.000000 0.000002
v 0.437601 -0.492657 0.235574
vn 0.707244 -0.706969 0.000034
v 0.487912 -0.492644 0.214389
vn 1.000000 0.000119 0.000041
v 0.487903 -0.434120 0.231378
vn -1.000000 0.000007 0.000003
v -0.497763 -0.378225 0.237528
vn 0.686119 0.000283 -0.727490
v -0.208325 -0.362021 0.216053
vn 0.535214 -0.000575 -0.844716
v -0.163334 -0.405444 0.251101
vn -0.749108 0.000805 -0.662447
v 0.217092 -0.419436 0.197029
vn -0.617327 -0.001860 -0.786704
v 0.178391 -0.379660 0.233580
vn 1.000000 0.000027 0.000042
v 0.487897 -0.374455 0.244448
vn -1.000000 -0.000006 -0.000027
v -0.497763 -0.321094 0.259573
vn 0.727347 -0.001795 -0.686267
v -0.221407 -0.279491 0.203524
vn 0.560099 -0.001749 -0.828424
v -0.171139 -0.324438 0.246084
vn -0.758889 0.000611 -0.651219
v 0.220763 -0.308928 0.192909
vn -0.629047 0.001635 -0.777365
v 0.180628 -0.278799 0.231412
vn 1.000000 -0.000061 0.000053
v 0.487897 -0.325636 0.255364
vn -0.083235 0.728968 -0.679469
v -0.497766 -0.228173 0.188763
vn -1.000000 0.000032 -0.000051
v -0.497765 -0.243314 0.257433
vn 0.645730 0.594252 -0.479476
v -0.497692 -0.229428 0.188098
vn 0.000389 0.772463 -0.635060
v -0.367781 -0.228575 0.188904
vn 0.472545 0.447050 -0.759505
v -0.236462 -0.232273 0.184673
vn 0.739332 -0.658529 -0.140453
v -0.212714 -0.207341 0.211096
vn 0.580849 0.000934 -0.814011
v -0.176801 -0.249978 0.241984
vn -0.742500 -0.656260 -0.134226
v 0.211489 -0.215863 0.202312
vn -0.656075 -0.748031 0.100075
v 0.191110 -0.195263 0.222006
vn -0.488167 0.468033 -0.736640
v 0.234403 -0.239495 0.175345
vn 0.000115 0.776527 -0.630083
v 0.336059 -0.230631 0.186790
vn 0.000642 0.759717 -0.650253
v 0.437033 -0.224689 0.193325
vn 0.717977 0.528927 -0.452488
v 0.487921 -0.223990 0.193422
vn 1.000000 -0.000133 0.000118
v 0.487905 -0.262054 0.249170
vn -0.730322 0.438583 -0.523712
v -0.497744 -0.191128 0.227343
vn -0.001319 0.652612 -0.757691
v -0.414448 -0.193806 0.224512
vn -0.000347 0.654717 -0.755874
v -0.309373 -0.194185 0.224215
vn -0.711030 0.700867 -0.056764
v -0.200288 -0.196171 0.222332
vn 0.704497 -0.709046 -0.030636
v -0.189064 -0.182878 0.232404
vn 0.716454 0.696763 -0.034870
v 0.197861 -0.203778 0.215434
vn 0.001877 0.661908 -0.749583
v 0.306832 -0.196316 0.222643
vn 0.001030 0.639391 -0.768881
v 0.401337 -0.188836 0.228862
vn 0.725787 0.450250 -0.520104
v 0.487896 -0.195216 0.223207
vn 1.000000 0.000158 -0.000015
v 0.487914 -0.210468 0.247264
vn -0.730248 -0.515917 -0.447847
v -0.497758 0.224592 0.194641
vn -0.082439 -0.675402 -0.732827
v -0.497766 0.188472 0.228516
vn -1.000000 -0.000030 -0.000004
v -0.497767 0.243864 0.229192
vn -0.000582 -0.763615 -0.645671
v -0.415273 0.226387 0.192143
vn 0.652131 -0.473813 -0.591799
v -0.497687 0.187120 0.230438
vn -0.000098 -0.778130 -0.628104
v -0.318872 0.231419 0.186013
vn -0.000973 -0.646364 -0.763028
v -0.376669 0.191993 0.226410
vn 0.452067 -0.452051 -0.768951
v -0.235988 0.231240 0.185963
vn 0.000066 -0.662835 -0.748766
v -0.281162 0.197039 0.222006
vn 0.677633 0.002938 -0.735394
v -0.205281 0.246047 0.218197
vn 0.375706 -0.361688 -0.853245
v -0.204085 0.199884 0.219155
vn 0.590721 -0.000486 -0.806875
v -0.181543 0.227942 0.237918
vn -0.423120 -0.422638 -0.801465
v 0.218083 0.223685 0.195010
vn -0.351877 -0.364552 -0.862140
v 0.191288 0.196103 0.221853
vn -0.648758 -0.001359 -0.760993
v 0.187031 0.248462 0.226555
vn 0.000320 -0.794141 -0.607733
v 0.281306 0.236072 0.180217
vn -0.002322 -0.662705 -0.748877
v 0.248109 0.197356 0.221582
vn 0.000950 -0.774338 -0.632772
v 0.385151 0.229659 0.188002
vn 0.001313 -0.662213 -0.749314
v 0.332803 0.197076 0.222178
vn 0.729402 -0.527024 -0.436141
v 0.487881 0.228654 0.189881
vn -0.000494 -0.654800 -0.755802
v 0.435265 0.194732 0.223762
vn 1.000000 -0.000213 -0.000282
v 0.487911 0.242837 0.205940
vn 0.718956 -0.453593 -0.526646
v 0.487921 0.194124 0.223709
vn 1.000000 0.000156 0.000140
v 0.487908 0.233591 0.248679
vn -1.000000 0.000044 0.000047
v -0.497763 0.308264 0.236946
vn 0.699347 0.000328 -0.714782
v -0.212593 0.309684 0.212037
vn 0.563066 -0.000465 -0.826412
v -0.171122 0.282980 0.245765
vn -0.454590 -0.486265 -0.746253
v 0.230918 0.235377 0.181095
vn -0.625487 0.001983 -0.780232
v 0.181489 0.336421 0.231389
vn 1.000000 0.000049 0.000030
v 0.487900 0.306596 0.242196
vn -1.000000 0.000014 0.000020
v -0.497761 0.377660 0.246580
vn 0.690991 -0.001329 -0.722862
v -0.209753 0.400588 0.214681
vn 0.551545 0.001007 -0.834145
v -0.168515 0.364803 0.247767
vn -0.750414 0.000752 -0.660967
v 0.217470 0.382182 0.196886
vn -0.598346 -0.001767 -0.801236
v 0.172496 0.428835 0.238051
vn 1.000000 -0.000018 0.000002
v 0.487900 0.371094 0.234266
vn -0.943808 0.330494 -0.000014
v -0.497759 0.492891 0.269483
vn 0.700855 -0.010986 -0.713219
v -0.212288 0.473085 0.211770
vn 0.558142 -0.000142 -0.829746
v -0.170311 0.444570 0.246546
vn -0.499193 0.729650 -0.467351
v 0.211749 0.492986 0.203189
vn -0.407325 0.722634 -0.558468
v 0.170495 0.493019 0.238802
vn 1.000000 -0.000064 0.000028
v 0.487902 0.434072 0.235795
vn -0.421197 0.906969 0.000009
v -0.497667 0.493004 0.240027
vn -0.000029 1.000000 -0.000013
v -0.419122 0.493005 0.234371
vn 0.000027 1.000000 -0.000048
v -0.331631 0.493009 0.232220
vn 0.000125 1.000000 -0.000177
v -0.248915 0.493000 0.234371
vn 0.426222 0.730431 -0.533672
v -0.190005 0.492991 0.232147
vn -0.000056 1.000000 -0.000143
v 0.230612 0.493016 0.243050
vn 0.000035 1.000000 -0.000017
v 0.302234 0.493013 0.250449
vn 0.000059 1.000000 -0.000021
v 0.356364 0.493011 0.242451
vn 0.000209 1.000000 -0.000045
v 0.437268 0.493001 0.238333
vn 0.707272 0.706941 -0.000013
v 0.487908 0.492984 0.233640
vn -0.706527 -0.707686 0.000392
v -0.497728 -0.492664 0.325301
vn -0.962889 -0.269899 -0.000360
v -0.497762 -0.492544 0.285419
vn -0.000017 -1.000000 0.000034
v -0.418621 -0.492662 0.309207
vn -0.000032 -1.000000 0.000061
v -0.334727 -0.492664 0.303888
vn -0.000027 -1.000000 0.000053
v -0.261582 -0.492667 0.303610
vn -0.000002 -1.000000 0.000055
v -0.199152 -0.492668 0.298580
vn 0.252442 0.666444 -0.701517
v -0.106120 -0.492502 0.280016
vn 0.106620 -0.972140 -0.208746
v -0.129761 -0.492668 0.268287
vn 0.077381 0.679422 -0.729656
v -0.036034 -0.492647 0.295487
vn 0.014054 -0.997545 -0.068600
v -0.049617 -0.492680 0.292930
vn -0.073218 -0.726271 -0.683498
v 0.026869 -0.492615 0.295361
vn 0.000279 -0.997540 -0.070098
v 0.005822 -0.492684 0.295815
vn -0.216047 -0.726359 -0.652477
v 0.089219 -0.492654 0.281414
vn -0.000067 -1.000000 -0.000374
v 0.076531 -0.492665 0.317601
vn -0.325869 -0.720234 -0.612432
v 0.133198 -0.492678 0.262049
vn -0.000050 -1.000000 0.000080
v 0.154073 -0.492672 0.309750
vn 0.000039 -1.000000 0.000087
v 0.228051 -0.492668 0.327240
vn 0.000038 -1.000000 0.000081
v 0.285501 -0.492667 0.313723
vn 0.000056 -1.000000 0.000048
v 0.357579 -0.492665 0.312127
vn 0.000176 -1.000000 -0.000027
v 0.437700 -0.492656 0.303280
vn 0.707272 -0.706941 0.000023
v 0.487910 -0.492642 0.282371
vn 1.000000 0.000108 0.000049
v 0.487900 -0.433932 0.299391
vn -1.000000 0.000000 0.000028
v -0.497763 -0.379394 0.302250
vn 0.374567 -0.001673 -0.927198
v -0.116568 -0.360912 0.275286
vn 0.163224 -0.001764 -0.986587
v -0.053916 -0.379600 0.293154
vn -0.060474 -0.001156 -0.998169
v 0.013191 -0.387446 0.296618
vn -0.271524 -0.000241 -0.962432
v 0.075595 -0.405317 0.285966
vn -0.458105 0.000216 -0.888898
v 0.130921 -0.432166 0.263953
vn 1.000000 0.000014 0.000009
v 0.487896 -0.372574 0.309056
vn -1.000000 -0.000015 0.000025
v -0.497763 -0.311211 0.311774
vn 0.392710 0.001309 -0.919662
v -0.121689 -0.282785 0.273344
vn 0.179163 0.000957 -0.983819
v -0.058366 -0.301669 0.292532
vn -0.047566 0.000487 -0.998868
v 0.009121 -0.308614 0.297117
vn -0.274577 -0.000130 -0.961565
v 0.077393 -0.316276 0.285925
vn -0.460896 0.000099 -0.887454
v 0.131317 -0.341282 0.263934
vn 1.000000 -0.000033 0.000026
v 0.487897 -0.311775 0.310709
vn -1.000000 -0.000027 0.000026
v -0.497763 -0.255481 0.326189
vn 0.425477 -0.002120 -0.904967
v -0.131779 -0.206575 0.269245
vn 0.190597 -0.001052 -0.981668
v -0.061512 -0.229907 0.292193
vn -0.047867 0.000447 -0.998854
v 0.009442 -0.235924 0.297221
vn -0.282920 0.000897 -0.959143
v 0.079239 -0.235220 0.285585
vn -0.495258 -0.000308 -0.868746
v 0.142739 -0.241646 0.258105
vn 1.000000 -0.000049 0.000056
v 0.487898 -0.260313 0.321325
vn -0.724262 0.326345 -0.607407
v -0.497766 -0.140270 0.261129
vn -1.000000 -0.000025 0.000006
v -0.497767 -0.180440 0.311863
vn -0.001223 0.510367 -0.859956
v -0.451043 -0.151611 0.254883
vn 0.000965 0.505992 -0.862537
v -0.332202 -0.149975 0.256127
vn 0.000513 0.512869 -0.858467
v -0.250064 -0.152157 0.254806
vn 0.274282 0.252101 -0.928016
v -0.159357 -0.155952 0.252792
vn 0.376737 -0.005895 -0.926302
v -0.115279 -0.146498 0.275577
vn 0.186135 0.001571 -0.982523
v -0.060762 -0.161185 0.292316
vn -0.049001 0.000290 -0.998799
v 0.009778 -0.166218 0.297245
vn -0.276469 -0.000663 -0.961023
v 0.077731 -0.165879 0.285746
vn -0.221650 0.246928 -0.943344
v 0.136563 -0.139779 0.261002
vn -0.324138 0.276388 -0.904734
v 0.161831 -0.168527 0.244654
vn -0.000066 0.520223 -0.854031
v 0.293464 -0.153644 0.254182
vn 0.001737 0.491613 -0.870812
v 0.373621 -0.145910 0.258635
vn 0.731511 0.329776 -0.596774
v 0.487864 -0.143114 0.260477
vn 1.000000 0.000381 -0.000563
v 0.487906 -0.159205 0.275919
vn 1.000000 -0.000024 0.000099
v 0.487903 -0.201427 0.308703
vn -0.726222 0.200930 -0.657441
v -0.497764 -0.087457 0.283544
vn -1.000000 -0.000002 -0.000037
v -0.497770 -0.102032 0.323593
vn -0.002389 0.347323 -0.937743
v -0.451701 -0.101977 0.278765
vn 0.001037 0.328958 -0.944344
v -0.334787 -0.097092 0.280871
vn 0.000607 0.326586 -0.945167
v -0.261093 -0.097006 0.280894
vn -0.000947 0.337554 -0.941306
v -0.188263 -0.100627 0.279683
vn 0.157926 0.150520 -0.975911
v -0.106677 -0.101673 0.279023
vn 0.179540 -0.001685 -0.983749
v -0.059920 -0.098903 0.292342
vn -0.045477 0.001421 -0.998964
v 0.009030 -0.099869 0.297209
vn -0.099789 0.116922 -0.988115
v 0.071767 -0.073640 0.286780
vn -0.185175 0.144278 -0.972057
v 0.094946 -0.100824 0.279268
vn -0.001920 0.361124 -0.932516
v 0.204905 -0.106316 0.277973
vn -0.000731 0.344693 -0.938715
v 0.280808 -0.103293 0.279133
vn -0.000550 0.315684 -0.948864
v 0.360675 -0.094194 0.281911
vn -0.003394 0.298996 -0.954248
v 0.452234 -0.088419 0.283534
vn 0.717950 0.220339 -0.660302
v 0.487911 -0.092462 0.281439
vn 1.000000 0.000006 0.000099
v 0.487900 -0.128526 0.322491
vn -0.728588 0.054313 -0.682796
v -0.497761 -0.024072 0.296090
vn -1.000000 0.000059 -0.000102
v -0.497770 -0.034582 0.323665
vn -0.002161 0.140154 -0.990127
v -0.430081 -0.040841 0.294587
vn 0.000079 0.123944 -0.992289
v -0.339415 -0.037198 0.295308
vn 0.000584 0.110371 -0.993890
v -0.263879 -0.033066 0.295574
vn 0.000742 0.114462 -0.993427
v -0.193067 -0.034003 0.295582
vn -0.004673 0.123418 -0.992344
v -0.126161 -0.035867 0.295457
vn 0.030745 0.041211 -0.998677
v -0.045253 -0.031358 0.295129
vn 0.011116 -0.007066 -0.999913
v -0.001324 -0.017067 0.296647
vn -0.052517 0.031816 -0.998113
v 0.027668 -0.029541 0.295216
vn 0.001692 0.120234 -0.992744
v 0.141752 -0.035631 0.295333
vn -0.000053 0.124720 -0.992192
v 0.208782 -0.036785 0.295362
vn -0.000906 0.120834 -0.992672
v 0.280091 -0.035828 0.295432
vn -0.000351 0.106848 -0.994275
v 0.357717 -0.031543 0.295846
vn -0.000825 0.097511 -0.995234
v 0.445581 -0.029417 0.295722
vn 0.725473 0.099079 -0.681082
v 0.487899 -0.041670 0.293843
vn 1.000000 0.000047 0.000058
v 0.487896 -0.062192 0.328027
vn -0.727695 -0.099638 -0.678625
v -0.497749 0.043006 0.293863
vn -1.000000 0.000006 -0.000192
v -0.497763 0.031302 0.322161
vn -0.001551 -0.092177 -0.995741
v -0.426812 0.027645 0.296175
vn 0.000008 -0.103697 -0.994609
v -0.338314 0.030971 0.296081
vn 0.000809 -0.119711 -0.992808
v -0.262639 0.035786 0.295460
vn 0.000399 -0.121789 -0.992556
v -0.192405 0.036418 0.295408
vn 0.000447 -0.115236 -0.993338
v -0.125401 0.035025 0.295489
vn 0.020800 -0.015806 -0.999659
v -0.031090 0.027599 0.295501
vn -0.018741 -0.020080 -0.999623
v 0.012499 0.029455 0.295726
vn -0.000175 -0.114438 -0.993430
v 0.076505 0.036859 0.295440
vn -0.000231 -0.116578 -0.993182
v 0.141980 0.035048 0.295643
vn -0.001060 -0.111137 -0.993805
v 0.211108 0.033384 0.295670
vn -0.000480 -0.112640 -0.993636
v 0.283340 0.034002 0.295562
vn -0.000256 -0.116887 -0.993145
v 0.360129 0.034779 0.295451
vn -0.001963 -0.112506 -0.993649
v 0.443972 0.033218 0.295184
vn 0.724518 -0.035931 -0.688319
v 0.487903 0.017629 0.296175
vn 1.000000 -0.000078 0.000042
v 0.487896 0.001288 0.324712
vn -0.725978 -0.238707 -0.644962
v -0.497758 0.103267 0.278295
vn -1.000000 -0.000012 -0.000066
v -0.497765 0.098778 0.313549
vn -0.000965 -0.309348 -0.950948
v -0.437730 0.092322 0.282511
vn -0.000009 -0.320717 -0.947175
v -0.339911 0.096117 0.281516
vn 0.000359 -0.343525 -0.939144
v -0.261264 0.102669 0.279389
vn 0.001790 -0.351913 -0.936031
v -0.191579 0.104060 0.278781
vn 0.155299 -0.135478 -0.978534
v -0.099500 0.097111 0.280600
vn 0.064633 -0.094406 -0.993433
v -0.057096 0.052585 0.292207
vn -0.051732 0.004374 -0.998651
v 0.009619 0.101593 0.297296
vn -0.117350 -0.120143 -0.985796
v 0.076704 0.082968 0.285476
vn 0.005705 -0.348180 -0.937410
v 0.135870 0.102679 0.279060
vn 0.001482 -0.339231 -0.940702
v 0.206064 0.100947 0.279849
vn -0.001088 -0.326974 -0.945033
v 0.280215 0.097576 0.280833
vn 0.000683 -0.333075 -0.942900
v 0.362676 0.099734 0.280189
vn 0.724778 -0.219039 -0.653237
v 0.487878 0.093998 0.281756
vn 0.720301 -0.143726 -0.678609
v 0.487916 0.061219 0.289654
vn 1.000000 -0.000070 0.000146
v 0.487906 0.065345 0.323238
vn -0.718032 -0.347220 -0.603215
v -0.497761 0.147551 0.256929
vn -1.000000 -0.000007 0.000010
v -0.497760 0.172228 0.297103
vn 0.001367 -0.490899 -0.871216
v -0.455234 0.145802 0.258673
vn -0.000482 -0.501972 -0.864884
v -0.353496 0.149016 0.257063
vn -0.000468 -0.523710 -0.851897
v -0.267403 0.155559 0.253136
vn 0.289733 -0.272057 -0.917627
v -0.168089 0.163787 0.247743
vn 0.182220 -0.224521 -0.957281
v -0.126483 0.120576 0.271040
vn 0.191811 0.001297 -0.981431
v -0.061873 0.166838 0.291985
vn -0.042511 -0.000426 -0.999096
v 0.007747 0.166089 0.297372
vn -0.277357 -0.000303 -0.960767
v 0.078134 0.159633 0.285695
vn -0.214576 -0.232967 -0.948516
v 0.128367 0.131408 0.265292
vn -0.307107 -0.258509 -0.915892
v 0.155260 0.161258 0.249466
vn -0.000891 -0.513339 -0.858185
v 0.268390 0.152244 0.254998
vn 0.000627 -0.512536 -0.858666
v 0.351852 0.151811 0.255245
vn 0.730255 -0.351432 -0.585853
v 0.487895 0.153609 0.254365
vn 1.000000 -0.000293 -0.000341
v 0.487917 0.153385 0.274692
vn 1.000000 0.000062 0.000153
v 0.487906 0.146223 0.316804
vn -1.000000 0.000008 0.000025
v -0.497763 0.240245 0.305187
vn 0.416360 -0.000702 -0.909199
v -0.129433 0.246200 0.270222
vn 0.194737 -0.000518 -0.980855
v -0.062708 0.237950 0.292011
vn -0.041022 -0.000452 -0.999158
v 0.007217 0.237141 0.297298
vn -0.276867 0.001257 -0.960907
v 0.077349 0.229351 0.285995
vn -0.500790 0.000226 -0.865569
v 0.144478 0.204080 0.257215
vn 1.000000 0.000036 0.000042
v 0.487900 0.238306 0.308508
vn -1.000000 0.000022 0.000016
v -0.497760 0.306203 0.307100
vn 0.385744 -0.000403 -0.922606
v -0.119569 0.334435 0.274079
vn 0.187993 -0.000163 -0.982170
v -0.061211 0.315280 0.292114
vn -0.042390 -0.000053 -0.999101
v 0.007944 0.313545 0.297214
vn -0.262520 -0.001143 -0.964926
v 0.073058 0.306667 0.286882
vn -0.465359 -0.001056 -0.885121
v 0.133099 0.286965 0.263128
vn 1.000000 -0.000001 -0.000016
v 0.487901 0.306919 0.306233
vn -1.000000 0.000010 0.000006
v -0.497760 0.376912 0.315113
vn 0.383615 0.001493 -0.923492
v -0.118703 0.421956 0.274249
vn 0.189038 0.001108 -0.981969
v -0.061133 0.401090 0.291718
vn -0.029095 0.001355 -0.999576
v 0.003584 0.396933 0.297152
vn -0.253168 0.001563 -0.967421
v 0.070546 0.397447 0.287425
vn -0.449079 0.001801 -0.893490
v 0.128673 0.380336 0.265157
vn 1.000000 0.000008 0.000007
v 0.487900 0.372192 0.301563
vn -0.951014 0.309148 -0.000244
v -0.497758 0.492917 0.337956
vn 0.300471 0.727320 -0.617028
v -0.135289 0.492964 0.266780
vn 0.157003 0.728150 -0.667194
v -0.072419 0.492968 0.289320
vn 0.015267 -0.681487 -0.731671
v -0.010910 0.492977 0.297019
vn -0.132648 0.728636 -0.671934
v 0.051622 0.492974 0.291645
vn -0.286598 0.732484 -0.617518
v 0.120619 0.492990 0.269477
vn 1.000000 -0.000038 0.000027
v 0.487900 0.434712 0.303282
vn -0.411269 0.911514 -0.000168
v -0.497664 0.493013 0.308982
vn 0.000033 1.000000 0.000008
v -0.419293 0.493007 0.303565
vn -0.000029 1.000000 0.000046
v -0.335882 0.493006 0.302562
vn 0.000005 1.000000 -0.000024
v -0.260411 0.493009 0.304425
vn 0.000059 1.000000 -0.000108
v -0.192770 0.493008 0.302225
vn 0.000191 1.000000 -0.000666
v -0.110956 0.493000 0.301837
vn 0.011756 0.995365 -0.095445
v -0.033352 0.493015 0.294423
vn -0.005225 0.998038 -0.062394
v 0.023630 0.493018 0.294390
vn -0.000070 1.000000 -0.000318
v 0.091331 0.493006 0.314183
vn -0.000106 1.000000 0.000018
v 0.168302 0.493011 0.299282
vn 0.000001 1.000000 0.000070
v 0.234220 0.493009 0.317984
vn 0.000017 1.000000 0.000065
v 0.286633 0.493010 0.309869
vn 0.000035 1.000000 0.000053
v 0.356443 0.493008 0.311336
vn 0.000121 1.000000 -0.000023
v 0.436830 0.493004 0.306744
vn 0.707207 0.707007 -0.000036
v 0.487904 0.492993 0.301808
vn -0.706439 -0.707774 -0.000520
v -0.497731 -0.492661 0.394603
vn -1.000000 -0.000347 0.000011
v -0.497762 -0.452891 0.353655
vn 0.000017 -1.000000 0.000046
v -0.409956 -0.492656 0.382307
vn -0.000029 -1.000000 0.000061
v -0.330983 -0.492658 0.376247
vn -0.000035 -1.000000 0.000069
v -0.259654 -0.492661 0.378753
vn -0.000014 -1.000000 0.000063
v -0.192224 -0.492663 0.378880
vn -0.000016 -1.000000 0.000054
v -0.125761 -0.492663 0.378857
vn -0.000048 -1.000000 0.000099
v -0.057713 -0.492666 0.375941
vn -0.000018 -1.000000 0.000134
v 0.009564 -0.492667 0.379406
vn 0.000040 -1.000000 0.000057
v 0.074446 -0.492667 0.382617
vn 0.000009 -1.000000 0.000060
v 0.143729 -0.492665 0.380477
vn 0.000038 -1.000000 0.000069
v 0.219963 -0.492663 0.380494
vn 0.000049 -1.000000 0.000066
v 0.288059 -0.492659 0.382629
vn 0.000005 -1.000000 0.000075
v 0.361098 -0.492656 0.382616
vn 0.000105 -1.000000 0.000014
v 0.436980 -0.492659 0.372362
vn 0.707221 -0.706992 0.000022
v 0.487905 -0.492648 0.349864
vn 1.000000 0.000062 0.000039
v 0.487896 -0.432201 0.366670
vn -1.000000 0.000010 0.000033
v -0.497758 -0.380459 0.371897
vn 1.000000 -0.000007 0.000009
v 0.487897 -0.366175 0.372765
vn -1.000000 -0.000026 0.000032
v -0.497761 -0.310915 0.377592
vn 1.000000 -0.000022 -0.000019
v 0.487896 -0.301487 0.373115
vn -1.000000 -0.000029 0.000029
v -0.497762 -0.245310 0.378844
vn 1.000000 -0.000040 -0.000031
v 0.487898 -0.238577 0.373057
vn -1.000000 -0.000025 0.000040
v -0.497764 -0.173338 0.378718
vn 1.000000 -0.000007 -0.000039
v 0.487900 -0.171303 0.374801
vn -1.000000 0.000004 0.000062
v -0.497765 -0.100381 0.379375
vn 1.000000 0.000009 -0.000083
v 0.487900 -0.103454 0.376958
vn -1.000000 0.000038 0.000059
v -0.497763 -0.031944 0.379157
vn 1.000000 -0.000005 -0.000086
v 0.487900 -0.036602 0.375559
vn -1.000000 -0.000003 0.000015
v -0.497761 0.035576 0.378915
vn 1.000000 -0.000062 -0.000051
v 0.487903 0.030609 0.374690
vn -1.000000 -0.000003 0.000008
v -0.497763 0.101860 0.377941
vn 1.000000 0.000012 -0.000018
v 0.487904 0.100005 0.375473
vn -1.000000 0.000002 -0.000005
v -0.497763 0.168663 0.377191
vn 1.000000 0.000025 -0.000027
v 0.487901 0.173504 0.373161
vn -1.000000 0.000020 0.000016
v -0.497762 0.235734 0.376787
vn 1.000000 -0.000003 -0.000045
v 0.487902 0.244721 0.371846
vn -1.000000 0.000010 0.000002
v -0.497761 0.303683 0.378029
vn 1.000000 0.000024 -0.000016
v 0.487902 0.312580 0.371650
vn -1.000000 0.000040 0.000015
v -0.497760 0.376235 0.386461
vn 1.000000 0.000024 0.000003
v 0.487899 0.377829 0.367683
vn -1.000000 0.000190 -0.000024
v -0.497752 0.444577 0.409508
vn 1.000000 -0.000024 0.000007
v 0.487899 0.438220 0.368998
vn -0.706511 0.707702 0.000331
v -0.497719 0.493018 0.379150
vn 0.000104 1.000000 0.000016
v -0.419418 0.493002 0.378294
vn -0.000027 1.000000 0.000051
v -0.342579 0.493000 0.376694
vn -0.000047 1.000000 0.000043
v -0.270581 0.493006 0.380257
vn -0.000002 1.000000 0.000029
v -0.201771 0.493007 0.380648
vn 0.000051 1.000000 -0.000009
v -0.131443 0.493007 0.379664
vn -0.000015 1.000000 0.000034
v -0.058921 0.493000 0.378712
vn -0.000016 1.000000 0.000078
v 0.008033 0.493004 0.380162
vn 0.000010 1.000000 0.000053
v 0.072426 0.493002 0.380405
vn -0.000027 1.000000 0.000045
v 0.141734 0.493006 0.379591
vn 0.000004 1.000000 0.000058
v 0.212057 0.493006 0.379954
vn 0.000020 1.000000 0.000068
v 0.276878 0.493006 0.382585
vn 0.000015 1.000000 0.000071
v 0.347557 0.493003 0.384552
vn 0.000006 1.000000 0.000018
v 0.428436 0.493003 0.381090
vn 0.707132 0.707082 -0.000015
v 0.487901 0.493001 0.371598
vn -0.577013 -0.577990 0.577048
v -0.497707 -0.492666 0.492786
vn -0.985972 -0.166910 0.000145
v -0.497765 -0.492541 0.429192
vn -0.000104 -0.906487 0.422233
v -0.399895 -0.492654 0.492764
vn 0.000093 -0.943831 0.330428
v -0.327767 -0.492655 0.492744
vn 0.000022 -0.930714 0.365748
v -0.257046 -0.492655 0.492742
vn -0.000070 -0.896557 0.442928
v -0.188788 -0.492656 0.492769
vn -0.000028 -0.908876 0.417067
v -0.120884 -0.492657 0.492767
vn -0.000010 -0.913576 0.406668
v -0.052942 -0.492658 0.492765
vn 0.000022 -0.912560 0.408943
v 0.015070 -0.492659 0.492764
vn 0.000020 -0.905492 0.424364
v 0.082857 -0.492658 0.492767
vn -0.000019 -0.903481 0.428627
v 0.151024 -0.492658 0.492767
vn -0.000040 -0.913294 0.407300
v 0.219611 -0.492658 0.492764
vn 0.000161 -0.913737 0.406307
v 0.288113 -0.492657 0.492766
vn -0.000161 -0.918695 0.394969
v 0.360729 -0.492653 0.492750
vn -0.000078 -0.910321 0.413903
v 0.440761 -0.492655 0.492794
vn 0.707179 -0.707034 0.000062
v 0.487900 -0.492648 0.414986
vn 1.000000 0.000048 -0.000044
v 0.487894 -0.419734 0.429742
vn -1.000000 0.000060 0.000145
v -0.497757 -0.375124 0.444061
vn 1.000000 -0.000058 -0.000061
v 0.487896 -0.349268 0.433114
vn -0.972630 0.000306 0.232360
v -0.497756 -0.312689 0.492719
vn 1.000000 -0.000060 -0.000110
v 0.487902 -0.281930 0.433964
vn -0.939968 -0.000086 0.341261
v -0.497760 -0.244296 0.492741
vn 1.000000 -0.000034 -0.000114
v 0.487905 -0.214424 0.434275
vn -0.948019 -0.000007 0.318215
v -0.497761 -0.176307 0.492734
vn 1.000000 -0.000019 -0.000122
v 0.487907 -0.146484 0.434602
vn -0.954610 0.000004 0.297859
v -0.497762 -0.107719 0.492721
vn 1.000000 0.000046 -0.000073
v 0.487908 -0.078521 0.434635
vn -0.947576 -0.000001 0.319530
v -0.497762 -0.039614 0.492732
vn 1.000000 -0.000012 -0.000023
v 0.487903 -0.010587 0.434640
vn -0.943387 -0.000004 0.331695
v -0.497762 0.028111 0.492738
vn 1.000000 -0.000054 -0.000060
v 0.487909 0.057570 0.434681
vn -0.939211 0.000007 0.343342
v -0.497762 0.096297 0.492743
vn 1.000000 0.000018 -0.000098
v 0.487908 0.126020 0.434485
vn -0.947379 0.000027 0.320113
v -0.497761 0.164235 0.492730
vn 1.000000 0.000017 -0.000094
v 0.487907 0.194501 0.434221
vn -0.935731 0.000036 0.352715
v -0.497759 0.232091 0.492744
vn 1.000000 0.000032 -0.000066
v 0.487905 0.262702 0.434018
vn -0.948426 -0.000094 0.316999
v -0.497760 0.301027 0.492733
vn 1.000000 0.000052 -0.000035
v 0.487902 0.330119 0.433736
vn -0.909917 -0.000007 0.414791
v -0.497761 0.373119 0.492783
vn 1.000000 0.000003 -0.000040
v 0.487899 0.393946 0.429245
vn -0.933117 0.000094 0.359572
v -0.497758 0.432894 0.492775
vn 1.000000 0.000000 -0.000019
v 0.487900 0.443630 0.422980
vn -0.707243 0.706970 0.000553
v -0.497755 0.492999 0.442132
vn 0.000016 0.892793 0.450467
v -0.427680 0.493005 0.492794
vn 0.000163 0.934610 0.355674
v -0.358080 0.492998 0.492745
vn -0.000064 0.904619 0.426222
v -0.287220 0.493000 0.492766
vn 0.000005 0.901794 0.432167
v -0.218651 0.493003 0.492767
vn -0.000005 0.899511 0.436898
v -0.150519 0.493002 0.492769
vn -0.000024 0.905008 0.425395
v -0.082091 0.493003 0.492767
vn -0.000027 0.910384 0.413765
v -0.013797 0.493004 0.492766
vn 0.000021 0.913622 0.406565
v 0.054054 0.493003 0.492765
vn 0.000031 0.908061 0.418837
v 0.122005 0.493002 0.492767
vn 0.000080 0.895758 0.444543
v 0.190121 0.493000 0.492770
vn 0.000037 0.921171 0.389158
v 0.257875 0.492998 0.492745
vn 0.000038 0.913785 0.406198
v 0.326657 0.492994 0.492751
vn 0.000127 0.886818 0.462119
v 0.401159 0.492997 0.492753
vn 0.577738 0.577732 0.576579
v 0.487898 0.493008 0.492765
vn -0.707067 -0.000170 0.707147
v -0.497764 -0.424888 0.492857
vn 0.000067 -0.320544 0.947234
v -0.413131 -0.492547 0.492850
vn 0.000117 -0.434739 0.900557
v -0.340531 -0.492575 0.492848
vn 0.000052 -0.401655 0.915791
v -0.272571 -0.492567 0.492838
vn -0.000201 -0.335731 0.941958
v -0.206883 -0.492560 0.492840
vn -0.000018 -0.343975 0.938979
v -0.140000 -0.492564 0.492846
vn -0.000006 -0.357676 0.933846
v -0.071078 -0.492567 0.492847
vn 0.000007 -0.358776 0.933424
v -0.002866 -0.492567 0.492847
vn 0.000012 -0.344054 0.938950
v 0.065639 -0.492564 0.492846
vn 0.000013 -0.333456 0.942766
v 0.136064 -0.492564 0.492843
vn -0.000016 -0.351371 0.936236
v 0.205371 -0.492566 0.492845
vn -0.000009 -0.372706 0.927949
v 0.273976 -0.492567 0.492852
vn 0.000118 -0.348301 0.937383
v 0.347714 -0.492548 0.492844
vn -0.000331 -0.341737 0.939796
v 0.424790 -0.492569 0.492857
vn 0.577670 -0.576570 0.577810
v 0.487912 -0.492597 0.492880
vn -0.706727 -0.000145 0.707487
v -0.497728 -0.352188 0.492842
vn -0.000014 0.000040 1.000000
v -0.416530 -0.375221 0.492841
vn -0.000053 -0.000030 1.000000
v -0.342317 -0.383979 0.492846
vn 0.000008 -0.000081 1.000000
v -0.275137 -0.384104 0.492851
vn -0.000003 -0.000122 1.000000
v -0.224339 -0.394330 0.492845
vn -0.000062 -0.000129 1.000000
v -0.161606 -0.377873 0.492852
vn -0.000033 -0.000100 1.000000
v -0.087610 -0.396692 0.492852
vn -0.000034 -0.000098 1.000000
v -0.019340 -0.401349 0.492857
vn 0.000075 -0.000127 1.000000
v 0.045527 -0.400104 0.492855
vn 0.000080 -0.000157 1.000000
v 0.124567 -0.382569 0.492847
vn 0.000006 -0.000091 1.000000
v 0.205407 -0.382721 0.492842
vn -0.000008 -0.000004 1.000000
v 0.276401 -0.378945 0.492848
vn 0.000069 -0.000014 1.000000
v 0.349940 -0.375713 0.492843
vn 0.000038 0.000015 1.000000
v 0.429076 -0.385086 0.492837
vn 0.707179 0.000072 0.707035
v 0.487898 -0.395245 0.492833
vn -0.438564 -0.000184 0.898700
v -0.497666 -0.283177 0.492846
vn -0.000047 -0.000041 1.000000
v -0.421095 -0.305323 0.492841
vn -0.000097 -0.000036 1.000000
v -0.342871 -0.311717 0.492855
vn -0.000042 -0.000098 1.000000
v -0.287343 -0.320484 0.492853
vn -0.000220 -0.000439 1.000000
v -0.221059 -0.313529 0.492859
vn -0.323223 -0.617174 0.717373
v -0.165643 -0.305511 0.492864
vn -0.208950 -0.650029 0.730618
v -0.111263 -0.329714 0.492864
vn -0.065415 -0.684400 0.726166
v -0.037546 -0.344363 0.492859
vn 0.045826 -0.696677 0.715920
v 0.016544 -0.344561 0.492866
vn 0.220921 -0.731460 0.645105
v 0.083463 -0.333413 0.492862
vn 0.000379 -0.000866 1.000000
v 0.140528 -0.334879 0.492861
vn 0.000135 -0.000219 1.000000
v 0.203349 -0.317378 0.492858
vn 0.366227 -0.587807 0.721360
v 0.178837 -0.292542 0.492869
vn 0.000082 -0.000110 1.000000
v 0.278873 -0.310348 0.492851
vn 0.000068 -0.000047 1.000000
v 0.354509 -0.303982 0.492845
vn 0.000018 -0.000011 1.000000
v 0.437037 -0.309494 0.492842
vn 0.707139 -0.000090 0.707075
v 0.487907 -0.325066 0.492843
vn -0.439414 0.000009 0.898285
v -0.497671 -0.214901 0.492853
vn 0.000013 -0.000096 1.000000
v -0.423720 -0.239231 0.492849
vn -0.000128 -0.000017 1.000000
v -0.358609 -0.256986 0.492847
vn -0.000577 -0.000627 1.000000
v -0.284216 -0.244816 0.492863
vn -0.472791 -0.509847 0.718696
v -0.239780 -0.253159 0.492876
vn -0.396321 -0.566193 0.722741
v -0.203212 -0.283102 0.492905
vn 0.440400 -0.541206 0.716340
v 0.212873 -0.267857 0.492862
vn 0.000261 -0.000348 1.000000
v 0.275946 -0.250889 0.492860
vn 0.500402 -0.478239 0.721724
v 0.244474 -0.239165 0.492881
vn 0.000127 -0.000104 1.000000
v 0.356061 -0.238685 0.492850
vn 0.000056 -0.000039 1.000000
v 0.437695 -0.240835 0.492841
vn 0.707178 -0.000039 0.707035
v 0.487911 -0.256913 0.492839
vn -0.453496 0.000086 0.891259
v -0.497674 -0.149952 0.492849
vn -0.000017 -0.000029 1.000000
v -0.433336 -0.183119 0.492853
vn -0.000218 -0.000109 1.000000
v -0.353716 -0.180109 0.492854
vn -0.595086 -0.366339 0.715310
v -0.299683 -0.179613 0.492881
vn -0.537149 -0.433036 0.723844
v -0.274145 -0.217075 0.492922
vn 0.001772 -0.001314 0.999998
v 0.288145 -0.204459 0.492879
vn 0.000224 -0.000100 1.000000
v 0.353357 -0.172392 0.492859
vn 0.624964 -0.308071 0.717296
v 0.305379 -0.151657 0.492873
vn 0.000080 -0.000056 1.000000
v 0.437883 -0.174259 0.492845
vn 0.707149 -0.000057 0.707065
v 0.487913 -0.188907 0.492844
vn -0.455366 -0.000025 0.890304
v -0.497678 -0.078662 0.492842
vn -0.000083 0.000002 1.000000
v -0.417224 -0.114881 0.492855
vn -0.000540 -0.000270 1.000000
v -0.357157 -0.114394 0.492859
vn -0.629555 -0.290122 0.720757
v -0.318221 -0.145735 0.492873
vn 0.000215 -0.000053 1.000000
v 0.369118 -0.093836 0.492860
vn 0.657659 -0.208381 0.723921
v 0.324845 -0.104491 0.492871
vn 0.000103 -0.000036 1.000000
v 0.437422 -0.106491 0.492848
vn 0.707168 0.000003 0.707046
v 0.487915 -0.120855 0.492846
vn -0.439765 -0.000054 0.898113
v -0.497680 -0.012044 0.492840
vn -0.000114 0.000008 1.000000
v -0.429336 -0.038679 0.492852
vn -0.000804 -0.000110 1.000000
v -0.372982 -0.063071 0.492858
vn 0.000414 -0.000080 1.000000
v 0.370940 -0.033057 0.492863
vn 0.683385 -0.084369 0.725167
v 0.338617 -0.041964 0.492885
vn 0.000118 -0.000026 1.000000
v 0.439599 -0.039876 0.492850
vn 0.707105 0.000045 0.707109
v 0.487904 -0.052907 0.492847
vn -0.428821 -0.000076 0.903390
v -0.497673 0.055053 0.492849
vn -0.000100 -0.000088 1.000000
v -0.423633 0.034996 0.492856
vn -0.286239 0.002523 0.958155
v -0.349831 0.011181 0.492853
vn 0.000311 0.000057 1.000000
v 0.373510 0.037424 0.492864
vn 0.687009 0.047326 0.725106
v 0.340311 0.024727 0.492879
vn 0.000128 0.000005 1.000000
v 0.438746 0.025895 0.492851
vn 0.707110 -0.000056 0.707104
v 0.487904 0.014915 0.492848
vn -0.432664 0.000069 0.901555
v -0.497668 0.126031 0.492854
vn -0.000147 0.000009 1.000000
v -0.408775 0.108159 0.492861
vn -0.674952 0.170709 0.717843
v -0.340075 0.083500 0.492874
vn 0.000183 0.000090 1.000000
v 0.371834 0.104643 0.492857
vn 0.666842 0.175443 0.724252
v 0.329436 0.089200 0.492867
vn 0.000097 0.000057 1.000000
v 0.438730 0.093388 0.492849
vn 0.707171 -0.000013 0.707043
v 0.487915 0.082923 0.492847
vn -0.431997 -0.000040 0.901875
v -0.497666 0.193085 0.492853
vn -0.000090 0.000086 1.000000
v -0.420961 0.174454 0.492855
vn -0.859645 0.400699 0.316941
v -0.323091 0.133905 0.492877
vn -0.000678 0.000311 1.000000
v -0.323183 0.185092 0.492873
vn -0.599497 0.340321 0.724420
v -0.305955 0.170644 0.492900
vn 0.000142 0.000060 1.000000
v 0.359198 0.181014 0.492856
vn 0.624972 0.292940 0.723599
v 0.308250 0.146889 0.492864
vn 0.000083 0.000056 1.000000
v 0.438352 0.163871 0.492844
vn 0.707154 0.000051 0.707060
v 0.487914 0.151077 0.492844
vn -0.415796 0.000048 0.909458
v -0.497662 0.260945 0.492852
vn -0.000013 0.000069 1.000000
v -0.419741 0.240980 0.492849
vn -0.000212 0.000210 1.000000
v -0.326559 0.242565 0.492856
vn -0.543157 0.433180 0.719260
v -0.275009 0.215892 0.492918
vn -0.489250 0.499217 0.715135
v -0.246398 0.247163 0.492883
vn -0.692919 0.721011 -0.002511
v -0.244679 0.249464 0.523105
vn 0.000104 0.000129 1.000000
v 0.302134 0.251572 0.492858
vn 0.502979 0.482078 0.717365
v 0.243993 0.239625 0.492858
vn 0.560384 0.399489 0.725520
v 0.276518 0.201457 0.492881
vn 0.000132 0.000041 1.000000
v 0.379167 0.259510 0.492848
vn 0.000088 0.000041 1.000000
v 0.437689 0.237850 0.492840
vn 0.707141 0.000066 0.707073
v 0.487912 0.219385 0.492841
vn -0.420334 -0.000263 0.907369
v -0.497673 0.331094 0.492857
vn 0.000057 0.000012 1.000000
v -0.418659 0.309838 0.492846
vn -0.000071 0.000113 1.000000
v -0.334264 0.304657 0.492847
vn -0.000235 0.000295 1.000000
v -0.258738 0.306621 0.492859
vn -0.415125 0.555225 0.720691
v -0.212451 0.276575 0.492901
vn -0.000726 0.001034 0.999999
v -0.193016 0.313233 0.492876
vn -0.315639 0.612499 0.724719
v -0.164187 0.307387 0.492929
vn 0.000085 0.000134 1.000000
v 0.238628 0.317172 0.492856
vn 0.000382 0.000743 1.000000
v 0.185584 0.312346 0.492863
vn 0.436455 0.538430 0.720833
v 0.213027 0.268367 0.492870
vn 0.000066 0.000070 1.000000
v 0.305509 0.325482 0.492851
vn 0.000088 0.000047 1.000000
v 0.364166 0.315511 0.492848
vn 0.000088 -0.000005 1.000000
v 0.438921 0.306188 0.492840
vn 0.707172 0.000041 0.707041
v 0.487909 0.287414 0.492836
vn -0.369300 0.000060 0.929310
v -0.497681 0.398139 0.492854
vn 0.000073 -0.000020 1.000000
v -0.410475 0.383607 0.492846
vn 0.000034 0.000007 1.000000
v -0.331379 0.376554 0.492842
vn -0.000050 0.000108 1.000000
v -0.259672 0.379566 0.492840
vn -0.000114 0.000219 1.000000
v -0.190865 0.383735 0.492846
vn -0.192627 0.660346 0.725836
v -0.101033 0.332604 0.492882
vn -0.000036 0.000256 1.000000
v -0.098211 0.384112 0.492855
vn -0.065423 0.686259 0.724409
v -0.038694 0.344455 0.492862
vn -0.000037 0.000119 1.000000
v -0.021163 0.400476 0.492857
vn 0.037774 0.698634 0.714482
v 0.012128 0.345146 0.492868
vn 0.000053 0.000134 1.000000
v 0.043567 0.401020 0.492857
vn 0.265566 0.940296 0.212882
v 0.072629 0.336537 0.492866
vn 0.000090 0.000093 1.000000
v 0.107224 0.396175 0.492850
vn 0.237148 0.489850 0.838932
v 0.132852 0.316663 0.492857
vn 0.000040 0.000114 1.000000
v 0.178713 0.378761 0.492848
vn -0.000012 0.000107 1.000000
v 0.240814 0.398658 0.492843
vn -0.000008 0.000072 1.000000
v 0.292403 0.386194 0.492849
vn 0.000060 0.000012 1.000000
v 0.361681 0.386137 0.492844
vn 0.000064 0.000007 1.000000
v 0.437892 0.376287 0.492840
vn 0.707116 0.000034 0.707097
v 0.487903 0.355888 0.492839
vn -0.576841 0.576948 0.578261
v -0.497686 0.492931 0.492865
vn 0.000356 0.356177 0.934418
v -0.404957 0.492922 0.492850
vn -0.000095 0.363886 0.931444
v -0.330329 0.492896 0.492848
vn 0.000000 0.341672 0.939819
v -0.259072 0.492911 0.492842
vn -0.000025 0.328269 0.944584
v -0.190722 0.492910 0.492841
vn -0.000022 0.329610 0.944117
v -0.121014 0.492907 0.492844
vn -0.000016 0.345521 0.938411
v -0.050018 0.492909 0.492847
vn 0.000011 0.358638 0.933477
v 0.018479 0.492912 0.492848
vn 0.000012 0.354493 0.935059
v 0.086103 0.492911 0.492847
vn 0.000022 0.338039 0.941132
v 0.154274 0.492907 0.492846
vn 0.000191 0.341869 0.939748
v 0.221432 0.492903 0.492839
vn -0.000051 0.370651 0.928772
v 0.287321 0.492901 0.492838
vn -0.000030 0.348595 0.937273
v 0.357489 0.492885 0.492847
vn 0.000170 0.254521 0.967067
v 0.435772 0.492849 0.492844
vn 0.707178 0.000139 0.707036
v 0.487905 0.417654 0.492835
vn -0.313899 -0.949453 0.002666
v -0.113590 -0.328317 0.569499
vn -0.454262 -0.890866 -0.002155
v -0.161795 -0.307951 0.532061
vn -0.147054 -0.989128 -0.001078
v -0.056246 -0.342224 0.539550
vn 0.033969 -0.999419 -0.002845
v 0.006892 -0.345655 0.527318
vn 0.148461 -0.724393 -0.673212
v 0.065089 -0.338985 0.492958
vn 0.258332 -0.635777 0.727359
v 0.125013 -0.320858 0.492900
vn 0.509679 -0.860364 0.000528
v 0.171283 -0.297377 0.563863
vn -0.574131 -0.818763 0.000424
v -0.203695 -0.282692 0.584448
vn -0.681017 -0.732268 -0.000667
v -0.240248 -0.253272 0.550403
vn 0.628621 -0.777711 -0.000876
v 0.212445 -0.268679 0.531739
vn 0.731609 -0.681725 0.000130
v 0.248252 -0.235383 0.567706
vn -0.780798 -0.624784 0.000348
v -0.274928 -0.215916 0.585604
vn -0.859133 -0.511753 -0.000024
v -0.302015 -0.176551 0.541588
vn 0.567970 -0.390964 0.724263
v 0.280187 -0.195920 0.492930
vn 0.902452 -0.430789 -0.001362
v 0.307471 -0.148508 0.533008
vn -0.924258 -0.381767 0.000845
v -0.324507 -0.131695 0.573829
vn -0.663977 -0.190837 0.722991
v -0.336881 -0.096437 0.492892
vn 0.962657 -0.270722 0.000761
v 0.328363 -0.093708 0.549612
vn -0.682467 -0.061429 0.728330
v -0.350087 -0.030362 0.492915
vn 0.996358 -0.085269 0.000916
v 0.340225 -0.029749 0.560538
vn -0.735444 0.075613 -0.673354
v -0.349446 0.035685 0.492970
vn 0.993701 0.112063 0.000824
v 0.339412 0.038612 0.558532
vn -0.969235 0.246136 0.000510
v -0.340069 0.084919 0.559027
vn 0.953360 0.301832 0.001312
v 0.325393 0.103994 0.546020
vn -0.705718 0.273148 -0.653722
v -0.326391 0.127167 0.492980
vn -0.871209 0.490911 0.000583
v -0.306397 0.169572 0.577744
vn 0.886674 0.462393 0.001199
v 0.301631 0.160437 0.543434
vn -0.791208 0.611547 0.000152
v -0.278701 0.211522 0.548322
vn -0.689757 0.724041 -0.000248
v -0.243383 0.250672 0.587872
vn 0.720523 0.693429 -0.001666
v 0.244170 0.239942 0.531169
vn 0.808611 0.588342 0.001660
v 0.274365 0.203958 0.570583
vn -0.579375 0.815061 0.000055
v -0.205015 0.282114 0.547393
vn -0.459459 0.888198 0.001404
v -0.163753 0.307265 0.581875
vn 0.348752 0.595367 0.723816
v 0.169849 0.298710 0.492902
vn 0.615628 0.788036 0.000577
v 0.207915 0.272657 0.564808
vn -0.322532 0.946559 0.000221
v -0.117041 0.327504 0.545915
vn -0.153557 0.988139 -0.001051
v -0.057809 0.342234 0.528903
vn 0.025670 0.999665 -0.003340
v 0.004117 0.346149 0.525942
vn 0.139783 0.731249 -0.667635
v 0.061026 0.340053 0.492968
vn 0.261208 0.692857 -0.672101
v 0.117613 0.324001 0.492953
vn -0.311454 -0.950261 -0.000071
v -0.112698 -0.328579 0.664170
vn -0.453664 -0.891173 -0.000046
v -0.162067 -0.307854 0.618520
vn -0.146011 -0.989283 -0.000351
v -0.055485 -0.342400 0.645543
vn 0.036672 -0.999327 -0.000674
v 0.008121 -0.345983 0.637025
vn 0.210801 -0.977529 0.000726
v 0.068188 -0.338259 0.622466
vn 0.367402 -0.930062 0.001164
v 0.121509 -0.321965 0.596293
vn 0.506787 -0.862071 -0.000339
v 0.170360 -0.297899 0.654444
vn -0.574810 -0.818287 -0.000084
v -0.203625 -0.282802 0.661339
vn -0.684409 -0.729099 0.000314
v -0.241654 -0.251859 0.625877
vn 0.626295 -0.779586 -0.000111
v 0.211745 -0.269284 0.612349
vn 0.729520 -0.683959 0.000083
v 0.247257 -0.236405 0.655431
vn -0.781766 -0.623571 0.000097
v -0.275330 -0.215388 0.662065
vn -0.863356 -0.504595 -0.000278
v -0.303495 -0.174324 0.621533
vn 0.822796 -0.568336 0.000416
v 0.279587 -0.196489 0.603662
vn 0.899278 -0.437378 0.000061
v 0.306156 -0.151339 0.628334
vn -0.927339 -0.374223 -0.000095
v -0.325525 -0.129347 0.657226
vn -0.971559 -0.236795 0.000936
v -0.341033 -0.081405 0.600872
vn 0.960356 -0.278776 -0.000044
v 0.327727 -0.096369 0.638366
vn -0.997289 -0.073569 0.001384
v -0.350198 -0.024727 0.618997
vn 0.995595 -0.093763 -0.000363
v 0.340126 -0.032635 0.642422
vn -0.995952 0.089889 0.000608
v -0.349628 0.031115 0.640021
vn 0.994435 0.105345 -0.000827
v 0.339806 0.036880 0.640554
vn -0.971345 0.237673 -0.000357
v -0.340914 0.081920 0.658647
vn 0.955455 0.295137 -0.000429
v 0.326057 0.102537 0.643264
vn -0.928657 0.370938 0.000551
v -0.325637 0.129033 0.614339
vn -0.867763 0.496979 0.000043
v -0.304944 0.172170 0.660130
vn 0.890830 0.454337 -0.000511
v 0.303399 0.157208 0.649094
vn -0.787854 0.615862 -0.000252
v -0.277442 0.213159 0.624831
vn -0.690150 0.723666 0.000274
v -0.243518 0.250418 0.662384
vn 0.719586 0.694403 0.000233
v 0.243799 0.240329 0.611931
vn 0.812524 0.582927 -0.000442
v 0.276029 0.201765 0.664313
vn -0.580225 0.814456 -0.000036
v -0.205709 0.281671 0.624303
vn -0.458088 0.888907 -0.000188
v -0.163545 0.307454 0.667452
vn 0.493271 0.869875 0.001144
v 0.165371 0.301142 0.593992
vn 0.614763 0.788712 -0.000171
v 0.207641 0.272918 0.654045
vn -0.317084 0.948397 -0.000240
v -0.114508 0.328362 0.647965
vn -0.151199 0.988503 -0.000505
v -0.057227 0.342561 0.640984
vn 0.033065 0.999453 -0.000582
v 0.006712 0.346449 0.636815
vn 0.206988 0.978343 0.000546
v 0.067097 0.338821 0.629547
vn 0.357388 0.933955 0.001295
v 0.118009 0.323578 0.615298
vn -0.309370 -0.950942 0.000188
v -0.112083 -0.328792 0.743617
vn -0.451331 -0.892356 -0.000096
v -0.161213 -0.308292 0.697415
vn -0.143090 -0.989710 0.000190
v -0.054486 -0.342604 0.726016
vn 0.041637 -0.999133 -0.000089
v 0.009421 -0.345978 0.715133
vn 0.221445 -0.975173 0.000126
v 0.071818 -0.337422 0.705516
vn 0.375408 -0.926860 0.000101
v 0.125075 -0.320354 0.686986
vn 0.507468 -0.861671 -0.000024
v 0.170595 -0.297695 0.730745
vn -0.574217 -0.818703 0.000062
v -0.203422 -0.282960 0.734273
vn -0.684448 -0.729062 0.000039
v -0.241539 -0.251965 0.697834
vn 0.623812 -0.781575 -0.000025
v 0.210768 -0.270093 0.695684
vn 0.728337 -0.685219 0.000241
v 0.246850 -0.236830 0.731106
vn -0.782226 -0.622995 -0.000101
v -0.275513 -0.215180 0.733797
vn -0.864177 -0.503188 -0.000053
v -0.303735 -0.173937 0.697154
vn 0.819464 -0.573130 0.000106
v 0.278368 -0.198117 0.687758
vn 0.895912 -0.444232 -0.000015
v 0.304959 -0.153632 0.705182
vn -0.927760 -0.373179 -0.000012
v -0.325662 -0.128966 0.731155
vn -0.972154 -0.234341 -0.000090
v -0.341190 -0.080782 0.685989
vn 0.957514 -0.288387 0.000565
v 0.326638 -0.099765 0.713954
vn -0.996735 -0.080746 0.000050
v -0.349875 -0.027830 0.704883
vn 0.994506 -0.104677 -0.000030
v 0.339793 -0.035959 0.717788
vn -0.996598 0.082416 -0.000284
v -0.349825 0.028605 0.719896
vn 0.995484 0.094923 -0.000546
v 0.340266 0.032988 0.721424
vn -0.972089 0.234614 -0.000151
v -0.341074 0.081323 0.738855
vn 0.956998 0.290094 0.000287
v 0.326495 0.100863 0.722906
vn -0.928914 0.370294 -0.000206
v -0.325999 0.128374 0.696281
vn -0.867349 0.497700 0.000052
v -0.304825 0.172374 0.732724
vn 0.892247 0.451547 0.000164
v 0.303621 0.156636 0.726635
vn -0.786342 0.617792 0.000191
v -0.276971 0.213660 0.697747
vn -0.690036 0.723776 -0.000143
v -0.243447 0.250501 0.734085
vn 0.721546 0.692367 -0.000090
v 0.244508 0.239638 0.696577
vn 0.813869 0.581049 -0.000123
v 0.276527 0.201089 0.742238
vn -0.580943 0.813944 -0.000050
v -0.205871 0.281568 0.698628
vn -0.456581 0.889682 0.000031
v -0.162990 0.307740 0.742169
vn 0.498845 0.866691 -0.000119
v 0.167641 0.299798 0.686852
vn 0.617405 0.786645 0.000226
v 0.208618 0.272097 0.731022
vn -0.314578 0.949232 0.000168
v -0.113793 0.328635 0.726602
vn -0.145074 0.989421 0.000043
v -0.055246 0.342881 0.719538
vn 0.040743 0.999170 0.000093
v 0.009050 0.346341 0.714687
vn 0.219998 0.975500 -0.000128
v 0.071345 0.337855 0.711299
vn 0.371837 0.928298 -0.000240
v 0.123874 0.321154 0.704529
vn -0.309249 -0.950980 -0.001106
v -0.111697 -0.328831 0.835536
vn -0.449201 -0.893431 0.000216
v -0.160481 -0.308691 0.776956
vn -0.140474 -0.990084 -0.001124
v -0.053465 -0.342723 0.817031
vn 0.050682 -0.998713 -0.001820
v 0.012889 -0.345884 0.803428
vn 0.226523 -0.974006 -0.000233
v 0.073212 -0.337029 0.785724
vn 0.377970 -0.925818 0.000303
v 0.125947 -0.319964 0.761366
vn 0.509893 -0.860238 0.000448
v 0.171560 -0.297197 0.809559
vn -0.571418 -0.820659 -0.000466
v -0.202659 -0.283521 0.824344
vn -0.684938 -0.728601 -0.000168
v -0.241865 -0.251659 0.777251
vn 0.624823 -0.780767 0.000066
v 0.210972 -0.269914 0.770474
vn 0.727461 -0.686148 -0.000862
v 0.246745 -0.236799 0.812750
vn -0.782633 -0.622483 -0.000254
v -0.275780 -0.214872 0.817339
vn -0.865110 -0.501583 -0.000340
v -0.304061 -0.173393 0.771416
vn 0.817467 -0.575976 -0.000024
v 0.277803 -0.198878 0.761135
vn 0.892958 -0.450141 0.000292
v 0.303894 -0.155776 0.782697
vn -0.928753 -0.370698 -0.000204
v -0.325921 -0.128276 0.808143
vn -0.971688 -0.236268 0.000460
v -0.340949 -0.081503 0.758764
vn 0.954094 -0.299505 -0.000886
v 0.325472 -0.103197 0.803556
vn -0.996333 -0.085558 0.000425
v -0.349767 -0.029080 0.777442
vn 0.992834 -0.119482 -0.002069
v 0.339235 -0.041546 0.817189
vn -0.997167 0.075220 0.000084
v -0.350117 0.026152 0.794337
vn 0.995644 0.093209 -0.002303
v 0.340400 0.032338 0.824927
vn -0.973198 0.229969 0.000404
v -0.341601 0.079494 0.817454
vn 0.955699 0.294341 -0.001350
v 0.325866 0.102437 0.823232
vn -0.929297 0.369333 0.000060
v -0.326138 0.128036 0.769868
vn -0.868845 0.495084 -0.000539
v -0.305337 0.171461 0.814086
vn 0.891260 0.453492 -0.000606
v 0.303201 0.157292 0.818673
vn -0.786803 0.617204 -0.000055
v -0.277093 0.213506 0.774497
vn -0.687850 0.725853 0.000142
v -0.242565 0.251475 0.823694
vn 0.721678 0.692229 -0.000035
v 0.244616 0.239513 0.773016
vn 0.812908 0.582392 -0.000552
v 0.276028 0.201784 0.828871
vn -0.577516 0.816380 -0.000228
v -0.204897 0.282295 0.776640
vn -0.450329 0.892862 -0.000786
v -0.160400 0.309007 0.832520
vn 0.503896 0.863764 0.000117
v 0.169215 0.298822 0.759899
vn 0.618595 0.785709 -0.000695
v 0.208770 0.271897 0.812401
vn -0.315521 0.948919 -0.000246
v -0.114667 0.328205 0.807923
vn -0.144811 0.989459 -0.001171
v -0.054959 0.342887 0.808099
vn 0.048697 0.998811 -0.002129
v 0.012148 0.346225 0.803708
vn 0.226450 0.974023 -0.000556
v 0.073426 0.337347 0.791162
vn 0.377345 0.926073 0.000241
v 0.125669 0.320434 0.776708
vn -0.242083 -0.678610 0.693459
v -0.122366 -0.324885 0.936427
vn -0.446483 -0.894791 -0.001072
v -0.159571 -0.309027 0.868372
vn -0.127664 -0.713684 0.688736
v -0.067509 -0.340186 0.936421
vn 0.033614 -0.731387 0.681134
v 0.011958 -0.346563 0.936384
vn 0.239651 -0.970857 0.001965
v 0.078049 -0.336005 0.877084
vn 0.383326 -0.923613 -0.000590
v 0.127243 -0.319365 0.846967
vn 0.512051 -0.858955 -0.000442
v 0.172088 -0.296724 0.892552
vn -0.398173 -0.602035 0.692107
v -0.194621 -0.288847 0.936425
vn -0.493515 -0.532062 0.688006
v -0.239936 -0.253741 0.936373
vn 0.625801 -0.779983 -0.000514
v 0.211817 -0.269180 0.857310
vn 0.524528 -0.501432 0.688067
v 0.244819 -0.239135 0.936366
vn -0.573375 -0.440703 0.690667
v -0.279818 -0.209666 0.936424
vn -0.867330 -0.497734 0.000060
v -0.304750 -0.172423 0.858612
vn 0.813414 -0.581685 -0.000409
v 0.276001 -0.201442 0.849166
vn 0.890282 -0.455409 0.000225
v 0.302736 -0.157820 0.884400
vn -0.695026 -0.277666 0.663205
v -0.326453 -0.126824 0.936347
vn -0.970862 -0.239639 -0.000885
v -0.340620 -0.082309 0.838796
vn 0.694082 -0.219880 0.685495
v 0.324770 -0.106164 0.936411
vn -0.995107 -0.098793 -0.001056
v -0.349219 -0.034365 0.864618
vn 0.725827 -0.062102 0.685068
v 0.340503 -0.028764 0.936434
vn -0.997671 0.068199 -0.000936
v -0.350289 0.023584 0.880913
vn 0.719420 0.104447 0.686678
v 0.337958 0.050088 0.936435
vn -0.973744 0.227647 -0.000150
v -0.341594 0.078873 0.893653
vn 0.681677 0.241327 0.690709
v 0.320889 0.116322 0.936435
vn -0.931358 0.364105 -0.000393
v -0.326705 0.126508 0.852516
vn -0.635024 0.349967 0.688671
v -0.307541 0.168079 0.936403
vn 0.635517 0.340642 0.692879
v 0.299125 0.164482 0.936420
vn -0.585609 0.462469 0.665721
v -0.277540 0.213194 0.936300
vn -0.494889 0.522985 0.693954
v -0.242598 0.250914 0.936433
vn 0.722020 0.691872 -0.000042
v 0.244715 0.239429 0.861306
vn 0.584577 0.425788 0.690634
v 0.275047 0.203115 0.936390
vn -0.437910 0.620878 0.650189
v -0.201991 0.284547 0.936282
vn -0.321189 0.646770 0.691756
v -0.158531 0.309956 0.936414
vn 0.507150 0.861858 -0.000563
v 0.170927 0.297808 0.844792
vn 0.448886 0.570243 0.687986
v 0.209613 0.271544 0.936370
vn -0.326781 0.945094 0.003286
v -0.118362 0.326594 0.908468
vn -0.128571 0.713241 0.689026
v -0.068500 0.340253 0.936401
vn 0.021933 0.730744 0.682299
v 0.006789 0.346936 0.936386
vn 0.174917 0.723828 0.667441
v 0.075836 0.336963 0.936297
vn 0.380714 0.924693 -0.000445
v 0.126770 0.319875 0.868963
vn 0.000106 -0.000180 1.000000
v -0.114331 -0.303570 0.936433
vn -0.316342 -0.641849 0.698539
v -0.156853 -0.309893 0.936444
vn -0.000020 -0.000248 1.000000
v -0.065938 -0.313327 0.936433
vn 0.000004 -0.000756 1.000000
v 0.006842 -0.315706 0.936432
vn 0.183045 -0.697526 0.692785
v 0.082935 -0.334186 0.936434
vn 0.288317 -0.663888 0.690019
v 0.133980 -0.316592 0.936411
vn 0.363207 -0.614472 0.700361
v 0.170562 -0.297137 0.936439
vn -0.000229 -0.000053 1.000000
v -0.180110 -0.266030 0.936434
vn -0.000851 -0.000915 0.999999
v -0.225361 -0.239463 0.936426
vn 0.437170 -0.572945 0.693265
v 0.203709 -0.275365 0.936422
vn 0.002090 -0.001994 0.999996
v 0.237346 -0.231677 0.936425
vn -0.000122 -0.000276 1.000000
v -0.251000 -0.202050 0.936435
vn -0.629787 -0.347211 0.694847
v -0.307725 -0.166233 0.936442
vn 0.594774 -0.409225 0.691938
v 0.280694 -0.194619 0.936423
vn 0.639714 -0.321744 0.698031
v 0.303234 -0.155691 0.936447
vn -0.248078 -0.080663 0.965376
v -0.329378 -0.117316 0.936440
vn -0.702546 -0.171528 0.690657
v -0.340451 -0.083495 0.936400
vn 0.000283 -0.000025 1.000000
v 0.290492 -0.088255 0.936440
vn -0.721654 -0.050745 0.690392
v -0.350095 -0.023347 0.936423
vn 0.000038 0.000020 1.000000
v 0.290785 -0.015036 0.936438
vn -0.717947 0.078613 0.691644
v -0.348775 0.037941 0.936433
vn 0.000026 -0.000008 1.000000
v 0.290670 0.062355 0.936437
vn -0.693374 0.169698 0.700311
v -0.340272 0.082344 0.936439
vn 0.000191 0.000183 1.000000
v 0.291559 0.132992 0.936441
vn -0.676305 0.246602 0.694117
v -0.330087 0.117033 0.936428
vn -0.000495 0.000351 1.000000
v -0.290516 0.160100 0.936427
vn 0.668565 0.416789 0.615880
v 0.290332 0.178603 0.936436
vn -0.195359 0.131119 0.971927
v -0.285177 0.201368 0.936424
vn 0.000071 -0.000052 1.000000
v -0.224097 0.231867 0.936424
vn 0.520102 0.495039 0.696010
v 0.245286 0.238262 0.936427
vn 0.000705 0.000809 0.999999
v 0.264428 0.194534 0.936424
vn -0.113960 0.191759 0.974803
v -0.195145 0.288265 0.936421
vn -0.000356 0.000183 1.000000
v -0.150392 0.293491 0.936428
vn 0.352744 0.628706 0.693037
v 0.163334 0.302046 0.936422
vn 0.001554 0.001927 0.999997
v 0.200394 0.265461 0.936424
vn -0.252903 0.666523 0.701276
v -0.126842 0.323143 0.936442
vn -0.192918 0.690502 0.697130
v -0.097819 0.332604 0.936428
vn -0.000065 0.000739 1.000000
v -0.024699 0.315367 0.936428
vn 0.037619 0.255858 0.965982
v 0.058396 0.339283 0.936433
vn 0.267485 0.665176 0.697132
v 0.123836 0.320599 0.936436
vn 0.000012 -0.000045 1.000000
v -0.127098 -0.265568 0.936438
vn -0.000021 -0.000092 1.000000
v -0.062848 -0.277811 0.936434
vn -0.000010 -0.000144 1.000000
v 0.007540 -0.281120 0.936439
vn 0.000021 -0.000099 1.000000
v 0.083336 -0.282512 0.936436
vn -0.000011 -0.000320 1.000000
v 0.140905 -0.288949 0.936435
vn -0.000095 -0.000116 1.000000
v -0.183172 -0.210850 0.936437
vn -0.000033 -0.000079 1.000000
v -0.112110 -0.211769 0.936443
vn -0.000014 -0.000098 1.000000
v -0.058773 -0.226832 0.936442
vn -0.000026 -0.000082 1.000000
v 0.008375 -0.231646 0.936444
vn 0.000037 -0.000109 1.000000
v 0.077751 -0.232951 0.936444
vn 0.000045 -0.000090 1.000000
v 0.140308 -0.241259 0.936438
vn 0.000216 -0.000170 1.000000
v 0.192330 -0.247562 0.936437
vn -0.000019 0.000016 1.000000
v -0.259217 -0.139109 0.936440
vn -0.000064 -0.000040 1.000000
v -0.182234 -0.145067 0.936446
vn -0.000015 -0.000055 1.000000
v -0.122634 -0.161644 0.936447
vn -0.000001 -0.000032 1.000000
v -0.057864 -0.166798 0.936445
vn -0.000023 -0.000017 1.000000
v 0.008559 -0.168925 0.936447
vn 0.000001 -0.000030 1.000000
v 0.076449 -0.169399 0.936448
vn 0.000064 -0.000079 1.000000
v 0.143159 -0.171136 0.936446
vn 0.000058 -0.000070 1.000000
v 0.201876 -0.175065 0.936440
vn 0.000136 -0.000227 1.000000
v 0.245985 -0.185734 0.936438
vn -0.000366 0.000064 1.000000
v -0.309406 -0.077781 0.936432
vn -0.000077 0.000060 1.000000
v -0.249674 -0.077246 0.936435
vn -0.000085 0.000057 1.000000
v -0.192836 -0.093000 0.936442
vn -0.000024 0.000019 1.000000
v -0.125789 -0.098794 0.936447
vn 0.000011 -0.000004 1.000000
v -0.059158 -0.101218 0.936446
vn -0.000011 0.000011 1.000000
v 0.008422 -0.101704 0.936446
vn -0.000020 0.000016 1.000000
v 0.076307 -0.101799 0.936447
vn 0.000020 -0.000003 1.000000
v 0.143969 -0.102961 0.936449
vn 0.000074 -0.000030 1.000000
v 0.205679 -0.109981 0.936445
vn -0.000012 0.000001 1.000000
v 0.255729 -0.126127 0.936441
vn -0.000090 -0.000051 1.000000
v -0.312016 -0.002997 0.936434
vn -0.000048 -0.000003 1.000000
v -0.258647 -0.025061 0.936433
vn -0.000090 0.000017 1.000000
v -0.194008 -0.031097 0.936439
vn -0.000050 0.000025 1.000000
v -0.127276 -0.033166 0.936445
vn 0.000002 0.000009 1.000000
v -0.059558 -0.033724 0.936446
vn 0.000002 0.000009 1.000000
v 0.008327 -0.033818 0.936445
vn -0.000013 0.000024 1.000000
v 0.076307 -0.033818 0.936446
vn 0.000009 0.000035 1.000000
v 0.143972 -0.034978 0.936447
vn 0.000079 0.000027 1.000000
v 0.206510 -0.042372 0.936445
vn 0.000061 0.000023 1.000000
v 0.253993 -0.060772 0.936440
vn 0.000029 -0.000051 1.000000
v -0.312798 0.062788 0.936435
vn -0.000037 -0.000013 1.000000
v -0.260403 0.044127 0.936434
vn -0.000078 -0.000010 1.000000
v -0.195133 0.035597 0.936440
vn -0.000041 -0.000004 1.000000
v -0.127539 0.034256 0.936444
vn -0.000004 0.000004 1.000000
v -0.059653 0.034162 0.936445
vn 0.000013 0.000013 1.000000
v 0.008327 0.034162 0.936445
vn 0.000010 0.000039 1.000000
v 0.076213 0.034067 0.936444
vn 0.000011 0.000060 1.000000
v 0.143575 0.032927 0.936444
vn 0.000067 0.000037 1.000000
v 0.206221 0.026135 0.936442
vn 0.000051 0.000022 1.000000
v 0.255011 0.010819 0.936437
vn -0.000104 0.000164 1.000000
v -0.303533 0.115538 0.936437
vn -0.000031 0.000040 1.000000
v -0.257548 0.106501 0.936435
vn -0.000081 0.000006 1.000000
v -0.194796 0.103284 0.936440
vn -0.000047 -0.000009 1.000000
v -0.127633 0.102142 0.936445
vn 0.000009 -0.000020 1.000000
v -0.059653 0.102142 0.936446
vn 0.000039 0.000002 1.000000
v 0.008232 0.102047 0.936444
vn 0.000044 0.000036 1.000000
v 0.075797 0.101532 0.936441
vn 0.000019 0.000069 1.000000
v 0.141833 0.099257 0.936438
vn 0.000025 0.000073 1.000000
v 0.204002 0.094869 0.936439
vn 0.000007 0.000015 1.000000
v 0.254405 0.080592 0.936437
vn -0.000085 0.000126 1.000000
v -0.250647 0.171753 0.936426
vn -0.000151 0.000116 1.000000
v -0.190434 0.169414 0.936439
vn -0.000071 0.000039 1.000000
v -0.127180 0.169754 0.936445
vn -0.000002 0.000007 1.000000
v -0.059594 0.169842 0.936448
vn 0.000065 -0.000010 1.000000
v 0.008928 0.169505 0.936445
vn 0.000075 0.000012 1.000000
v 0.075095 0.167315 0.936439
vn 0.000052 0.000043 1.000000
v 0.140052 0.162332 0.936435
vn 0.000022 0.000078 1.000000
v 0.193154 0.148097 0.936434
vn -0.000061 0.000122 1.000000
v 0.253355 0.156956 0.936432
vn -0.000162 0.000129 1.000000
v -0.180029 0.241884 0.936426
vn -0.000121 0.000141 1.000000
v -0.125895 0.233775 0.936440
vn -0.000056 0.000141 1.000000
v -0.061953 0.232562 0.936445
vn 0.000038 0.000039 1.000000
v 0.008230 0.233252 0.936445
vn 0.000090 -0.000008 1.000000
v 0.077449 0.230406 0.936439
vn 0.000077 0.000005 1.000000
v 0.129958 0.215435 0.936434
vn 0.000064 0.000060 1.000000
v 0.203893 0.212237 0.936429
vn -0.000038 -0.000001 1.000000
v -0.124516 0.287267 0.936433
vn -0.000040 0.000176 1.000000
v -0.070530 0.281765 0.936431
vn -0.000066 0.000184 1.000000
v -0.004284 0.279419 0.936441
vn 0.000045 0.000051 1.000000
v 0.073413 0.282146 0.936440
vn 0.000161 0.000058 1.000000
v 0.139858 0.272688 0.936434
# 2132 vertices, 0 vertices normals

f 1//1 2//2 3//3
f 1//1 4//4 5//5
f 2//2 1//1 5//5
f 4//4 6//6 7//7
f 5//5 4//4 7//7
f 6//6 8//8 9//9
f 7//7 6//6 9//9
f 8//8 10//10 11//11
f 9//9 8//8 11//11
f 11//11 10//10 12//12
f 13//13 14//14 15//15
f 3//3 14//14 13//13
f 3//3 13//13 1//1
f 1//1 13//13 16//16
f 4//4 1//1 17//17
f 17//17 1//1 16//16
f 6//6 4//4 18//18
f 18//18 4//4 17//17
f 8//8 6//6 19//19
f 19//19 6//6 18//18
f 10//10 8//8 20//20
f 20//20 8//8 19//19
f 21//21 12//12 10//10
f 21//21 10//10 22//22
f 22//22 10//10 20//20
f 21//21 22//22 23//23
f 24//24 25//25 26//26
f 15//15 25//25 24//24
f 15//15 24//24 13//13
f 13//13 24//24 27//27
f 16//16 13//13 28//28
f 28//28 13//13 27//27
f 17//17 16//16 29//29
f 29//29 16//16 28//28
f 18//18 17//17 30//30
f 30//30 17//17 29//29
f 19//19 18//18 31//31
f 31//31 18//18 30//30
f 20//20 19//19 32//32
f 32//32 19//19 31//31
f 22//22 20//20 33//33
f 33//33 20//20 32//32
f 34//34 23//23 22//22
f 34//34 22//22 35//35
f 35//35 22//22 33//33
f 34//34 35//35 36//36
f 37//37 38//38 39//39
f 26//26 38//38 37//37
f 26//26 37//37 24//24
f 24//24 37//37 40//40
f 27//27 24//24 41//41
f 41//41 24//24 40//40
f 28//28 27//27 42//42
f 42//42 27//27 41//41
f 29//29 28//28 43//43
f 43//43 28//28 42//42
f 30//30 29//29 44//44
f 44//44 29//29 43//43
f 31//31 30//30 45//45
f 45//45 30//30 44//44
f 32//32 31//31 46//46
f 46//46 31//31 45//45
f 33//33 32//32 47//47
f 47//47 32//32 46//46
f 35//35 33//33 48//48
f 48//48 33//33 47//47
f 49//49 36//36 35//35
f 48//48 49//49 35//35
f 50//50 37//37 39//39
f 51//51 50//50 39//39
f 40//40 37//37 52//52
f 52//52 37//37 50//50
f 41//41 40//40 53//53
f 53//53 40//40 52//52
f 42//42 41//41 54//54
f 54//54 41//41 53//53
f 43//43 42//42 55//55
f 55//55 42//42 54//54
f 44//44 43//43 56//56
f 56//56 43//43 55//55
f 45//45 44//44 57//57
f 57//57 44//44 56//56
f 46//46 45//45 58//58
f 58//58 45//45 57//57
f 47//47 46//46 59//59
f 59//59 46//46 58//58
f 48//48 47//47 60//60
f 60//60 47//47 59//59
f 61//61 49//49 48//48
f 60//60 61//61 48//48
f 62//62 50//50 51//51
f 63//63 62//62 51//51
f 52//52 50//50 64//64
f 64//64 50//50 62//62
f 53//53 52//52 65//65
f 65//65 52//52 64//64
f 54//54 53//53 66//66
f 66//66 53//53 65//65
f 55//55 54//54 67//67
f 67//67 54//54 66//66
f 56//56 55//55 68//68
f 68//68 55//55 67//67
f 57//57 56//56 69//69
f 69//69 56//56 68//68
f 58//58 57//57 70//70
f 70//70 57//57 69//69
f 59//59 58//58 71//71
f 71//71 58//58 70//70
f 60//60 59//59 72//72
f 72//72 59//59 71//71
f 73//73 61//61 60//60
f 72//72 73//73 60//60
f 74//74 62//62 63//63
f 75//75 74//74 63//63
f 64//64 62//62 76//76
f 76//76 62//62 74//74
f 65//65 64//64 77//77
f 77//77 64//64 76//76
f 66//66 65//65 78//78
f 78//78 65//65 77//77
f 67//67 66//66 79//79
f 79//79 66//66 78//78
f 68//68 67//67 80//80
f 80//80 67//67 79//79
f 69//69 68//68 81//81
f 81//81 68//68 80//80
f 70//70 69//69 82//82
f 82//82 69//69 81//81
f 71//71 70//70 83//83
f 83//83 70//70 82//82
f 72//72 71//71 84//84
f 84//84 71//71 83//83
f 85//85 73//73 72//72
f 84//84 85//85 72//72
f 74//74 75//75 86//86
f 86//86 87//87 88//88
f 86//86 88//88 74//74
f 74//74 88//88 76//76
f 77//77 76//76 89//89
f 89//89 76//76 88//88
f 78//78 77//77 90//90
f 90//90 77//77 89//89
f 79//79 78//78 91//91
f 91//91 78//78 90//90
f 80//80 79//79 92//92
f 92//92 79//79 91//91
f 81//81 80//80 93//93
f 93//93 80//80 92//92
f 82//82 81//81 94//94
f 94//94 81//81 93//93
f 83//83 82//82 95//95
f 95//95 82//82 94//94
f 84//84 83//83 96//96
f 96//96 83//83 95//95
f 97//97 85//85 84//84
f 96//96 97//97 84//84
f 88//88 87//87 98//98
f 98//98 99//99 100//100
f 98//98 100//100 88//88
f 88//88 100//100 89//89
f 90//90 89//89 101//101
f 101//101 89//89 100//100
f 91//91 90//90 102//102
f 102//102 90//90 101//101
f 92//92 91//91 103//103
f 103//103 91//91 102//102
f 93//93 92//92 104//104
f 104//104 92//92 103//103
f 94//94 93//93 105//105
f 105//105 93//93 104//104
f 95//95 94//94 106//106
f 106//106 94//94 105//105
f 107//107 108//108 96//96
f 107//107 96//96 106//106
f 106//106 96//96 95//95
f 97//97 96//96 108//108
f 100//100 99//99 109//109
f 109//109 110//110 111//111
f 109//109 111//111 100//100
f 100//100 111//111 101//101
f 102//102 101//101 112//112
f 112//112 101//101 111//111
f 103//103 102//102 113//113
f 113//113 102//102 112//112
f 104//104 103//103 114//114
f 114//114 103//103 113//113
f 105//105 104//104 115//115
f 115//115 104//104 114//114
f 116//116 117//117 106//106
f 116//116 106//106 115//115
f 115//115 106//106 105//105
f 107//107 106//106 117//117
f 111//111 110//110 118//118
f 112//112 111//111 118//118
f 119//119 112//112 118//118
f 113//113 112//112 119//119
f 120//120 113//113 119//119
f 114//114 113//113 120//120
f 121//121 114//114 120//120
f 115//115 114//114 121//121
f 122//122 115//115 121//121
f 116//116 115//115 122//122
f 2//2 123//123 124//124
f 3//3 2//2 124//124
f 5//5 125//125 2//2
f 2//2 125//125 123//123
f 7//7 126//126 5//5
f 5//5 126//126 125//125
f 9//9 127//127 7//7
f 7//7 127//127 126//126
f 11//11 128//128 9//9
f 9//9 128//128 127//127
f 128//128 11//11 12//12
f 129//129 128//128 12//12
f 14//14 130//130 131//131
f 15//15 14//14 131//131
f 124//124 14//14 3//3
f 130//130 14//14 124//124
f 12//12 132//132 129//129
f 21//21 132//132 12//12
f 132//132 21//21 23//23
f 133//133 132//132 23//23
f 25//25 134//134 135//135
f 26//26 25//25 135//135
f 131//131 25//25 15//15
f 134//134 25//25 131//131
f 23//23 136//136 133//133
f 34//34 136//136 23//23
f 136//136 34//34 36//36
f 137//137 136//136 36//36
f 38//38 138//138 139//139
f 39//39 38//38 139//139
f 135//135 38//38 26//26
f 138//138 38//38 135//135
f 36//36 49//49 137//137
f 137//137 49//49 140//140
f 39//39 139//139 51//51
f 139//139 141//141 51//51
f 49//49 61//61 140//140
f 140//140 61//61 142//142
f 51//51 141//141 63//63
f 141//141 143//143 63//63
f 61//61 73//73 142//142
f 142//142 73//73 144//144
f 63//63 143//143 75//75
f 143//143 145//145 75//75
f 73//73 85//85 144//144
f 144//144 85//85 146//146
f 75//75 145//145 147//147
f 86//86 75//75 147//147
f 147//147 87//87 86//86
f 148//148 87//87 147//147
f 85//85 97//97 146//146
f 146//146 97//97 149//149
f 87//87 148//148 150//150
f 98//98 87//87 150//150
f 150//150 99//99 98//98
f 151//151 99//99 150//150
f 108//108 152//152 153//153
f 107//107 152//152 108//108
f 149//149 97//97 108//108
f 153//153 149//149 108//108
f 99//99 151//151 154//154
f 109//109 99//99 154//154
f 154//154 110//110 109//109
f 155//155 110//110 154//154
f 117//117 156//156 157//157
f 116//116 156//156 117//117
f 152//152 107//107 117//117
f 157//157 152//152 117//117
f 110//110 155//155 158//158
f 118//118 110//110 158//158
f 119//119 118//118 159//159
f 118//118 158//158 159//159
f 120//120 119//119 160//160
f 119//119 159//159 160//160
f 121//121 120//120 161//161
f 120//120 160//160 161//161
f 122//122 121//121 162//162
f 121//121 161//161 162//162
f 156//156 116//116 122//122
f 162//162 156//156 122//122
f 123//123 163//163 164//164
f 124//124 123//123 164//164
f 125//125 165//165 123//123
f 123//123 165//165 163//163
f 126//126 166//166 125//125
f 125//125 166//166 165//165
f 127//127 167//167 126//126
f 126//126 167//167 166//166
f 128//128 168//168 127//127
f 127//127 168//168 167//167
f 168//168 128//128 129//129
f 169//169 168//168 129//129
f 130//130 170//170 171//171
f 131//131 130//130 171//171
f 164//164 130//130 124//124
f 170//170 130//130 164//164
f 129//129 172//172 169//169
f 132//132 172//172 129//129
f 172//172 132//132 133//133
f 173//173 172//172 133//133
f 134//134 174//174 175//175
f 135//135 134//134 175//175
f 171//171 134//134 131//131
f 174//174 134//134 171//171
f 133//133 176//176 173//173
f 136//136 176//176 133//133
f 176//176 136//136 137//137
f 177//177 176//176 137//137
f 138//138 178//178 179//179
f 139//139 138//138 179//179
f 175//175 138//138 135//135
f 178//178 138//138 175//175
f 137//137 140//140 177//177
f 177//177 140//140 180//180
f 139//139 179//179 141//141
f 179//179 181//181 141//141
f 140//140 142//142 180//180
f 180//180 142//142 182//182
f 141//141 181//181 143//143
f 181//181 183//183 143//143
f 142//142 144//144 182//182
f 182//182 144//144 184//184
f 143//143 183//183 145//145
f 183//183 185//185 145//145
f 144//144 146//146 184//184
f 184//184 146//146 186//186
f 145//145 185//185 187//187
f 147//147 145//145 187//187
f 187//187 148//148 147//147
f 188//188 148//148 187//187
f 146//146 149//149 186//186
f 186//186 149//149 189//189
f 148//148 188//188 190//190
f 150//150 148//148 190//190
f 190//190 151//151 150//150
f 191//191 151//151 190//190
f 153//153 192//192 193//193
f 152//152 192//192 153//153
f 189//189 149//149 153//153
f 193//193 189//189 153//153
f 151//151 191//191 194//194
f 154//154 151//151 194//194
f 194//194 155//155 154//154
f 195//195 155//155 194//194
f 157//157 196//196 197//197
f 156//156 196//196 157//157
f 192//192 152//152 157//157
f 197//197 192//192 157//157
f 155//155 195//195 198//198
f 158//158 155//155 198//198
f 159//159 158//158 199//199
f 158//158 198//198 199//199
f 160//160 159//159 200//200
f 159//159 199//199 200//200
f 161//161 160//160 201//201
f 160//160 200//200 201//201
f 162//162 161//161 202//202
f 161//161 201//201 202//202
f 196//196 156//156 162//162
f 202//202 196//196 162//162
f 163//163 203//203 204//204
f 164//164 163//163 204//204
f 165//165 205//205 163//163
f 163//163 205//205 203//203
f 166//166 206//206 165//165
f 165//165 206//206 205//205
f 167//167 207//207 166//166
f 166//166 207//207 206//206
f 168//168 208//208 167//167
f 167//167 208//208 207//207
f 208//208 168//168 169//169
f 209//209 208//208 169//169
f 170//170 210//210 211//211
f 171//171 170//170 211//211
f 204//204 170//170 164//164
f 210//210 170//170 204//204
f 169//169 212//212 209//209
f 172//172 212//212 169//169
f 212//212 172//172 173//173
f 213//213 212//212 173//173
f 174//174 214//214 215//215
f 175//175 174//174 215//215
f 211//211 174//174 171//171
f 214//214 174//174 211//211
f 173//173 216//216 213//213
f 176//176 216//216 173//173
f 216//216 176//176 177//177
f 217//217 216//216 177//177
f 178//178 218//218 219//219
f 179//179 178//178 219//219
f 215//215 178//178 175//175
f 218//218 178//178 215//215
f 177//177 180//180 217//217
f 217//217 180//180 220//220
f 179//179 219//219 181//181
f 219//219 221//221 181//181
f 180//180 182//182 220//220
f 220//220 182//182 222//222
f 181//181 221//221 183//183
f 221//221 223//223 183//183
f 182//182 184//184 222//222
f 222//222 184//184 224//224
f 183//183 223//223 185//185
f 223//223 225//225 185//185
f 184//184 186//186 224//224
f 224//224 186//186 226//226
f 185//185 225//225 227//227
f 187//187 185//185 227//227
f 227//227 188//188 187//187
f 228//228 188//188 227//227
f 186//186 189//189 226//226
f 226//226 189//189 229//229
f 188//188 228//228 230//230
f 190//190 188//188 230//230
f 230//230 191//191 190//190
f 231//231 191//191 230//230
f 193//193 232//232 233//233
f 192//192 232//232 193//193
f 229//229 189//189 193//193
f 233//233 229//229 193//193
f 191//191 231//231 234//234
f 194//194 191//191 234//234
f 234//234 195//195 194//194
f 235//235 195//195 234//234
f 197//197 236//236 237//237
f 196//196 236//236 197//197
f 232//232 192//192 197//197
f 237//237 232//232 197//197
f 195//195 235//235 238//238
f 198//198 195//195 238//238
f 199//199 198//198 239//239
f 198//198 238//238 239//239
f 200//200 199//199 240//240
f 199//199 239//239 240//240
f 201//201 200//200 241//241
f 200//200 240//240 241//241
f 202//202 201//201 242//242
f 201//201 241//241 242//242
f 236//236 196//196 202//202
f 242//242 236//236 202//202
f 203//203 243//243 244//244
f 204//204 203//203 244//244
f 205//205 245//245 203//203
f 203//203 245//245 243//243
f 206//206 246//246 205//205
f 205//205 246//246 245//245
f 207//207 247//247 206//206
f 206//206 247//247 246//246
f 208//208 248//248 207//207
f 207//207 248//248 247//247
f 248//248 208//208 209//209
f 249//249 248//248 209//209
f 210//210 250//250 251//251
f 211//211 210//210 251//251
f 244//244 210//210 204//204
f 250//250 210//210 244//244
f 209//209 252//252 249//249
f 212//212 252//252 209//209
f 252//252 212//212 213//213
f 253//253 252//252 213//213
f 214//214 254//254 255//255
f 215//215 214//214 255//255
f 251//251 214//214 211//211
f 254//254 214//214 251//251
f 213//213 256//256 253//253
f 216//216 256//256 213//213
f 256//256 216//216 217//217
f 257//257 256//256 217//217
f 218//218 258//258 259//259
f 219//219 218//218 259//259
f 255//255 218//218 215//215
f 258//258 218//218 255//255
f 217//217 220//220 257//257
f 257//257 220//220 260//260
f 219//219 259//259 221//221
f 259//259 261//261 221//221
f 220//220 222//222 260//260
f 260//260 222//222 262//262
f 221//221 261//261 223//223
f 261//261 263//263 223//223
f 222//222 224//224 262//262
f 262//262 224//224 264//264
f 223//223 263//263 225//225
f 263//263 265//265 225//225
f 224//224 226//226 264//264
f 264//264 226//226 266//266
f 225//225 265//265 267//267
f 227//227 225//225 267//267
f 267//267 228//228 227//227
f 268//268 228//228 267//267
f 226//226 229//229 266//266
f 266//266 229//229 269//269
f 228//228 268//268 270//270
f 230//230 228//228 270//270
f 270//270 231//231 230//230
f 271//271 231//231 270//270
f 233//233 272//272 273//273
f 232//232 272//272 233//233
f 269//269 229//229 233//233
f 273//273 269//269 233//233
f 231//231 271//271 274//274
f 234//234 231//231 274//274
f 274//274 235//235 234//234
f 275//275 235//235 274//274
f 237//237 276//276 277//277
f 236//236 276//276 237//237
f 272//272 232//232 237//237
f 277//277 272//272 237//237
f 235//235 275//275 278//278
f 238//238 235//235 278//278
f 239//239 238//238 279//279
f 238//238 278//278 279//279
f 240//240 239//239 280//280
f 239//239 279//279 280//280
f 241//241 240//240 281//281
f 240//240 280//280 281//281
f 242//242 241//241 282//282
f 241//241 281//281 282//282
f 276//276 236//236 242//242
f 282//282 276//276 242//242
f 243//243 283//283 284//284
f 244//244 243//243 284//284
f 245//245 285//285 243//243
f 243//243 285//285 283//283
f 246//246 286//286 245//245
f 245//245 286//286 285//285
f 247//247 287//287 246//246
f 246//246 287//287 286//286
f 248//248 288//288 247//247
f 247//247 288//288 287//287
f 288//288 248//248 249//249
f 289//289 288//288 249//249
f 250//250 290//290 291//291
f 251//251 250//250 291//291
f 284//284 250//250 244//244
f 290//290 250//250 284//284
f 249//249 292//292 289//289
f 252//252 292//292 249//249
f 292//292 252//252 253//253
f 293//293 292//292 253//253
f 254//254 294//294 295//295
f 255//255 254//254 295//295
f 291//291 254//254 251//251
f 294//294 254//254 291//291
f 253//253 296//296 293//293
f 256//256 296//296 253//253
f 296//296 256//256 257//257
f 297//297 296//296 257//257
f 258//258 298//298 299//299
f 259//259 258//258 299//299
f 295//295 258//258 255//255
f 298//298 258//258 295//295
f 257//257 260//260 297//297
f 297//297 260//260 300//300
f 259//259 299//299 261//261
f 299//299 301//301 261//261
f 260//260 262//262 300//300
f 300//300 262//262 302//302
f 261//261 301//301 263//263
f 301//301 303//303 263//263
f 262//262 264//264 302//302
f 302//302 264//264 304//304
f 263//263 303//303 265//265
f 303//303 305//305 265//265
f 264//264 266//266 304//304
f 304//304 266//266 306//306
f 265//265 305//305 307//307
f 267//267 265//265 307//307
f 307//307 268//268 267//267
f 308//308 268//268 307//307
f 266//266 269//269 306//306
f 306//306 269//269 309//309
f 268//268 308//308 310//310
f 270//270 268//268 310//310
f 310//310 271//271 270//270
f 311//311 271//271 310//310
f 273//273 312//312 313//313
f 272//272 312//312 273//273
f 309//309 269//269 273//273
f 313//313 309//309 273//273
f 271//271 311//311 314//314
f 274//274 271//271 314//314
f 314//314 275//275 274//274
f 315//315 275//275 314//314
f 277//277 316//316 317//317
f 276//276 316//316 277//277
f 312//312 272//272 277//277
f 317//317 312//312 277//277
f 275//275 315//315 318//318
f 278//278 275//275 318//318
f 279//279 278//278 319//319
f 278//278 318//318 319//319
f 280//280 279//279 320//320
f 279//279 319//319 320//320
f 281//281 280//280 321//321
f 280//280 320//320 321//321
f 282//282 281//281 322//322
f 281//281 321//321 322//322
f 316//316 276//276 282//282
f 322//322 316//316 282//282
f 283//283 323//323 324//324
f 284//284 283//283 324//324
f 285//285 325//325 283//283
f 283//283 325//325 323//323
f 286//286 326//326 285//285
f 285//285 326//326 325//325
f 287//287 327//327 286//286
f 286//286 327//327 326//326
f 288//288 328//328 287//287
f 287//287 328//328 327//327
f 328//328 288//288 289//289
f 329//329 328//328 289//289
f 290//290 330//330 331//331
f 291//291 290//290 331//331
f 324//324 290//290 284//284
f 330//330 290//290 324//324
f 289//289 332//332 329//329
f 292//292 332//332 289//289
f 332//332 292//292 293//293
f 333//333 332//332 293//293
f 294//294 334//334 335//335
f 295//295 294//294 335//335
f 331//331 294//294 291//291
f 334//334 294//294 331//331
f 293//293 336//336 333//333
f 296//296 336//336 293//293
f 336//336 296//296 297//297
f 337//337 336//336 297//297
f 298//298 338//338 339//339
f 299//299 298//298 339//339
f 335//335 298//298 295//295
f 338//338 298//298 335//335
f 297//297 300//300 337//337
f 337//337 300//300 340//340
f 299//299 339//339 301//301
f 339//339 341//341 301//301
f 300//300 302//302 340//340
f 340//340 302//302 342//342
f 301//301 341//341 303//303
f 341//341 343//343 303//303
f 302//302 304//304 342//342
f 342//342 304//304 344//344
f 303//303 343//343 305//305
f 343//343 345//345 305//305
f 304//304 306//306 344//344
f 344//344 306//306 346//346
f 305//305 345//345 347//347
f 307//307 305//305 347//347
f 347//347 308//308 307//307
f 348//348 308//308 347//347
f 306//306 309//309 346//346
f 346//346 309//309 349//349
f 308//308 348//348 350//350
f 310//310 308//308 350//350
f 350//350 311//311 310//310
f 351//351 311//311 350//350
f 313//313 352//352 353//353
f 312//312 352//352 313//313
f 349//349 309//309 313//313
f 353//353 349//349 313//313
f 311//311 351//351 354//354
f 314//314 311//311 354//354
f 354//354 315//315 314//314
f 355//355 315//315 354//354
f 317//317 356//356 357//357
f 316//316 356//356 317//317
f 352//352 312//312 317//317
f 357//357 352//352 317//317
f 315//315 355//355 358//358
f 318//318 315//315 358//358
f 319//319 318//318 359//359
f 318//318 358//358 359//359
f 320//320 319//319 360//360
f 319//319 359//359 360//360
f 321//321 320//320 361//361
f 320//320 360//360 361//361
f 322//322 321//321 362//362
f 321//321 361//361 362//362
f 356//356 316//316 322//322
f 362//362 356//356 322//322
f 363//363 364//364 365//365
f 363//363 366//366 367//367
f 364//364 363//363 367//367
f 366//366 368//368 369//369
f 367//367 366//366 369//369
f 368//368 370//370 371//371
f 369//369 368//368 371//371
f 370//370 372//372 373//373
f 371//371 370//370 373//373
f 372//372 374//374 375//375
f 373//373 372//372 375//375
f 374//374 376//376 377//377
f 375//375 374//374 377//377
f 376//376 378//378 379//379
f 377//377 376//376 379//379
f 378//378 380//380 381//381
f 379//379 378//378 381//381
f 380//380 382//382 383//383
f 381//381 380//380 383//383
f 382//382 384//384 385//385
f 383//383 382//382 385//385
f 384//384 386//386 387//387
f 385//385 384//384 387//387
f 386//386 388//388 389//389
f 387//387 386//386 389//389
f 388//388 390//390 391//391
f 389//389 388//388 391//391
f 390//390 392//392 393//393
f 391//391 390//390 393//393
f 393//393 392//392 394//394
f 395//395 363//363 365//365
f 396//396 395//395 365//365
f 366//366 363//363 397//397
f 397//397 363//363 395//395
f 368//368 366//366 398//398
f 398//398 366//366 397//397
f 370//370 368//368 399//399
f 399//399 368//368 398//398
f 372//372 370//370 400//400
f 400//400 370//370 399//399
f 374//374 372//372 401//401
f 401//401 372//372 400//400
f 376//376 374//374 402//402
f 402//402 374//374 401//401
f 378//378 376//376 403//403
f 403//403 376//376 402//402
f 380//380 378//378 404//404
f 404//404 378//378 403//403
f 382//382 380//380 405//405
f 405//405 380//380 404//404
f 384//384 382//382 406//406
f 406//406 382//382 405//405
f 386//386 384//384 407//407
f 407//407 384//384 406//406
f 388//388 386//386 408//408
f 408//408 386//386 407//407
f 390//390 388//388 409//409
f 409//409 388//388 408//408
f 392//392 390//390 410//410
f 410//410 390//390 409//409
f 411//411 394//394 392//392
f 410//410 411//411 392//392
f 412//412 395//395 396//396
f 413//413 412//412 396//396
f 397//397 395//395 414//414
f 414//414 395//395 412//412
f 398//398 397//397 415//415
f 415//415 397//397 414//414
f 399//399 398//398 416//416
f 416//416 398//398 415//415
f 400//400 399//399 417//417
f 417//417 399//399 416//416
f 323//323 417//417 324//324
f 323//323 401//401 417//417
f 401//401 400//400 417//417
f 325//325 401//401 323//323
f 402//402 401//401 325//325
f 326//326 402//402 325//325
f 403//403 402//402 326//326
f 327//327 403//403 326//326
f 404//404 403//403 327//327
f 328//328 404//404 327//327
f 405//405 404//404 328//328
f 329//329 405//405 328//328
f 329//329 418//418 405//405
f 418//418 406//406 405//405
f 407//407 406//406 419//419
f 419//419 406//406 418//418
f 408//408 407//407 420//420
f 420//420 407//407 419//419
f 409//409 408//408 421//421
f 421//421 408//408 420//420
f 410//410 409//409 422//422
f 422//422 409//409 421//421
f 423//423 411//411 410//410
f 422//422 423//423 410//410
f 424//424 412//412 413//413
f 425//425 424//424 413//413
f 414//414 412//412 426//426
f 426//426 412//412 424//424
f 415//415 414//414 427//427
f 427//427 414//414 426//426
f 416//416 415//415 428//428
f 428//428 415//415 427//427
f 330//330 428//428 331//331
f 330//330 417//417 428//428
f 417//417 416//416 428//428
f 324//324 417//417 330//330
f 329//329 332//332 418//418
f 333//333 418//418 332//332
f 333//333 429//429 418//418
f 429//429 419//419 418//418
f 420//420 419//419 430//430
f 430//430 419//419 429//429
f 421//421 420//420 431//431
f 431//431 420//420 430//430
f 422//422 421//421 432//432
f 432//432 421//421 431//431
f 433//433 423//423 422//422
f 432//432 433//433 422//422
f 434//434 424//424 425//425
f 435//435 434//434 425//425
f 426//426 424//424 436//436
f 436//436 424//424 434//434
f 427//427 426//426 437//437
f 437//437 426//426 436//436
f 334//334 437//437 335//335
f 334//334 428//428 437//437
f 428//428 427//427 437//437
f 331//331 428//428 334//334
f 333//333 336//336 429//429
f 337//337 429//429 336//336
f 337//337 438//438 429//429
f 438//438 430//430 429//429
f 431//431 430//430 439//439
f 439//439 430//430 438//438
f 432//432 431//431 440//440
f 440//440 431//431 439//439
f 441//441 433//433 432//432
f 440//440 441//441 432//432
f 442//442 434//434 435//435
f 443//443 442//442 435//435
f 436//436 434//434 444//444
f 444//444 434//434 442//442
f 338//338 444//444 339//339
f 338//338 437//437 444//444
f 437//437 436//436 444//444
f 335//335 437//437 338//338
f 438//438 340//340 445//445
f 337//337 340//340 438//438
f 439//439 438//438 446//446
f 446//446 438//438 445//445
f 440//440 439//439 447//447
f 447//447 439//439 446//446
f 448//448 441//441 440//440
f 447//447 448//448 440//440
f 449//449 442//442 443//443
f 450//450 449//449 443//443
f 444//444 442//442 451//451
f 451//451 442//442 449//449
f 339//339 451//451 341//341
f 444//444 451//451 339//339
f 445//445 342//342 452//452
f 340//340 342//342 445//445
f 446//446 445//445 453//453
f 453//453 445//445 452//452
f 447//447 446//446 454//454
f 454//454 446//446 453//453
f 455//455 448//448 447//447
f 454//454 455//455 447//447
f 456//456 449//449 450//450
f 457//457 456//456 450//450
f 451//451 449//449 458//458
f 458//458 449//449 456//456
f 341//341 458//458 343//343
f 451//451 458//458 341//341
f 452//452 344//344 459//459
f 342//342 344//344 452//452
f 453//453 452//452 460//460
f 460//460 452//452 459//459
f 454//454 453//453 461//461
f 461//461 453//453 460//460
f 462//462 455//455 454//454
f 461//461 462//462 454//454
f 463//463 456//456 457//457
f 464//464 463//463 457//457
f 458//458 456//456 465//465
f 465//465 456//456 463//463
f 343//343 465//465 345//345
f 458//458 465//465 343//343
f 459//459 346//346 466//466
f 344//344 346//346 459//459
f 460//460 459//459 467//467
f 467//467 459//459 466//466
f 461//461 460//460 468//468
f 468//468 460//460 467//467
f 469//469 462//462 461//461
f 468//468 469//469 461//461
f 470//470 463//463 464//464
f 471//471 470//470 464//464
f 465//465 463//463 472//472
f 472//472 463//463 470//470
f 345//345 473//473 347//347
f 345//345 465//465 473//473
f 465//465 472//472 473//473
f 347//347 473//473 348//348
f 466//466 349//349 474//474
f 346//346 349//349 466//466
f 467//467 466//466 475//475
f 475//475 466//466 474//474
f 468//468 467//467 476//476
f 476//476 467//467 475//475
f 477//477 469//469 468//468
f 476//476 477//477 468//468
f 478//478 470//470 471//471
f 479//479 478//478 471//471
f 472//472 470//470 480//480
f 480//480 470//470 478//478
f 473//473 472//472 481//481
f 481//481 472//472 480//480
f 348//348 482//482 350//350
f 348//348 473//473 482//482
f 473//473 481//481 482//482
f 350//350 482//482 351//351
f 353//353 352//352 483//483
f 353//353 474//474 349//349
f 353//353 483//483 474//474
f 483//483 484//484 474//474
f 475//475 474//474 485//485
f 485//485 474//474 484//484
f 476//476 475//475 486//486
f 486//486 475//475 485//485
f 487//487 477//477 476//476
f 486//486 487//487 476//476
f 488//488 478//478 479//479
f 489//489 488//488 479//479
f 480//480 478//478 490//490
f 490//490 478//478 488//488
f 481//481 480//480 491//491
f 491//491 480//480 490//490
f 482//482 481//481 492//492
f 492//492 481//481 491//491
f 351//351 493//493 354//354
f 351//351 482//482 493//493
f 482//482 492//492 493//493
f 354//354 493//493 355//355
f 357//357 356//356 494//494
f 357//357 483//483 352//352
f 357//357 494//494 483//483
f 494//494 495//495 483//483
f 484//484 483//483 496//496
f 496//496 483//483 495//495
f 485//485 484//484 497//497
f 497//497 484//484 496//496
f 486//486 485//485 498//498
f 498//498 485//485 497//497
f 499//499 487//487 486//486
f 498//498 499//499 486//486
f 500//500 488//488 489//489
f 501//501 500//500 489//489
f 490//490 488//488 502//502
f 502//502 488//488 500//500
f 491//491 490//490 503//503
f 503//503 490//490 502//502
f 492//492 491//491 504//504
f 504//504 491//491 503//503
f 493//493 492//492 505//505
f 505//505 492//492 504//504
f 355//355 506//506 358//358
f 355//355 493//493 506//506
f 493//493 505//505 506//506
f 358//358 507//507 359//359
f 506//506 507//507 358//358
f 359//359 508//508 360//360
f 507//507 508//508 359//359
f 360//360 509//509 361//361
f 508//508 509//509 360//360
f 361//361 510//510 362//362
f 509//509 510//510 361//361
f 362//362 494//494 356//356
f 362//362 510//510 494//494
f 510//510 511//511 494//494
f 495//495 494//494 512//512
f 512//512 494//494 511//511
f 496//496 495//495 513//513
f 513//513 495//495 512//512
f 497//497 496//496 514//514
f 514//514 496//496 513//513
f 498//498 497//497 515//515
f 515//515 497//497 514//514
f 516//516 499//499 498//498
f 515//515 516//516 498//498
f 517//517 500//500 501//501
f 518//518 517//517 501//501
f 502//502 500//500 519//519
f 519//519 500//500 517//517
f 503//503 502//502 520//520
f 520//520 502//502 519//519
f 504//504 503//503 521//521
f 521//521 503//503 520//520
f 505//505 504//504 522//522
f 522//522 504//504 521//521
f 506//506 505//505 523//523
f 523//523 505//505 522//522
f 507//507 506//506 524//524
f 524//524 506//506 523//523
f 508//508 507//507 525//525
f 525//525 507//507 524//524
f 509//509 508//508 526//526
f 526//526 508//508 525//525
f 510//510 509//509 527//527
f 527//527 509//509 526//526
f 511//511 510//510 528//528
f 528//528 510//510 527//527
f 512//512 511//511 529//529
f 529//529 511//511 528//528
f 513//513 512//512 530//530
f 530//530 512//512 529//529
f 514//514 513//513 531//531
f 531//531 513//513 530//530
f 515//515 514//514 532//532
f 532//532 514//514 531//531
f 533//533 516//516 515//515
f 532//532 533//533 515//515
f 517//517 518//518 534//534
f 519//519 517//517 534//534
f 535//535 519//519 534//534
f 520//520 519//519 535//535
f 536//536 520//520 535//535
f 521//521 520//520 536//536
f 537//537 521//521 536//536
f 522//522 521//521 537//537
f 538//538 522//522 537//537
f 523//523 522//522 538//538
f 539//539 523//523 538//538
f 524//524 523//523 539//539
f 540//540 524//524 539//539
f 525//525 524//524 540//540
f 541//541 525//525 540//540
f 526//526 525//525 541//541
f 542//542 526//526 541//541
f 527//527 526//526 542//542
f 543//543 527//527 542//542
f 528//528 527//527 543//543
f 544//544 528//528 543//543
f 529//529 528//528 544//544
f 545//545 529//529 544//544
f 530//530 529//529 545//545
f 546//546 530//530 545//545
f 531//531 530//530 546//546
f 547//547 531//531 546//546
f 532//532 531//531 547//547
f 548//548 532//532 547//547
f 533//533 532//532 548//548
f 364//364 549//549 550//550
f 365//365 364//364 550//550
f 367//367 551//551 364//364
f 364//364 551//551 549//549
f 369//369 552//552 367//367
f 367//367 552//552 551//551
f 371//371 553//553 369//369
f 369//369 553//553 552//552
f 373//373 554//554 371//371
f 371//371 554//554 553//553
f 375//375 555//555 373//373
f 373//373 555//555 554//554
f 377//377 556//556 375//375
f 375//375 556//556 555//555
f 379//379 557//557 377//377
f 377//377 557//557 556//556
f 381//381 558//558 379//379
f 379//379 558//558 557//557
f 383//383 559//559 381//381
f 381//381 559//559 558//558
f 385//385 560//560 383//383
f 383//383 560//560 559//559
f 387//387 561//561 385//385
f 385//385 561//561 560//560
f 389//389 562//562 387//387
f 387//387 562//562 561//561
f 391//391 563//563 389//389
f 389//389 563//563 562//562
f 393//393 564//564 391//391
f 391//391 564//564 563//563
f 564//564 393//393 394//394
f 565//565 564//564 394//394
f 365//365 550//550 396//396
f 550//550 566//566 396//396
f 394//394 411//411 565//565
f 565//565 411//411 567//567
f 396//396 566//566 413//413
f 566//566 568//568 413//413
f 411//411 423//423 567//567
f 567//567 423//423 569//569
f 413//413 568//568 425//425
f 568//568 570//570 425//425
f 423//423 433//433 569//569
f 569//569 433//433 571//571
f 425//425 570//570 435//435
f 570//570 572//572 435//435
f 433//433 441//441 571//571
f 571//571 441//441 573//573
f 435//435 572//572 443//443
f 572//572 574//574 443//443
f 441//441 448//448 573//573
f 573//573 448//448 575//575
f 443//443 574//574 450//450
f 574//574 576//576 450//450
f 448//448 455//455 575//575
f 575//575 455//455 577//577
f 450//450 576//576 457//457
f 576//576 578//578 457//457
f 455//455 462//462 577//577
f 577//577 462//462 579//579
f 457//457 578//578 464//464
f 578//578 580//580 464//464
f 462//462 469//469 579//579
f 579//579 469//469 581//581
f 464//464 580//580 471//471
f 580//580 582//582 471//471
f 469//469 477//477 581//581
f 581//581 477//477 583//583
f 471//471 582//582 479//479
f 582//582 584//584 479//479
f 477//477 487//487 583//583
f 583//583 487//487 585//585
f 479//479 584//584 489//489
f 584//584 586//586 489//489
f 487//487 499//499 585//585
f 585//585 499//499 587//587
f 489//489 586//586 501//501
f 586//586 588//588 501//501
f 499//499 516//516 587//587
f 587//587 516//516 589//589
f 501//501 588//588 518//518
f 588//588 590//590 518//518
f 516//516 533//533 589//589
f 589//589 533//533 591//591
f 518//518 590//590 592//592
f 534//534 518//518 592//592
f 535//535 534//534 593//593
f 534//534 592//592 593//593
f 536//536 535//535 594//594
f 535//535 593//593 594//594
f 537//537 536//536 595//595
f 536//536 594//594 595//595
f 538//538 537//537 596//596
f 537//537 595//595 596//596
f 539//539 538//538 597//597
f 538//538 596//596 597//597
f 540//540 539//539 598//598
f 539//539 597//597 598//598
f 541//541 540//540 599//599
f 540//540 598//598 599//599
f 542//542 541//541 600//600
f 541//541 599//599 600//600
f 543//543 542//542 601//601
f 542//542 600//600 601//601
f 544//544 543//543 602//602
f 543//543 601//601 602//602
f 545//545 544//544 603//603
f 544//544 602//602 603//603
f 546//546 545//545 604//604
f 545//545 603//603 604//604
f 547//547 546//546 605//605
f 546//546 604//604 605//605
f 548//548 547//547 606//606
f 547//547 605//605 606//606
f 591//591 533//533 548//548
f 606//606 591//591 548//548
f 549//549 607//607 608//608
f 550//550 549//549 608//608
f 551//551 609//609 549//549
f 549//549 609//609 607//607
f 552//552 610//610 551//551
f 551//551 610//610 609//609
f 553//553 611//611 552//552
f 552//552 611//611 610//610
f 554//554 612//612 553//553
f 553//553 612//612 611//611
f 555//555 613//613 554//554
f 554//554 613//613 612//612
f 556//556 614//614 555//555
f 555//555 614//614 613//613
f 557//557 615//615 556//556
f 556//556 615//615 614//614
f 558//558 616//616 557//557
f 557//557 616//616 615//615
f 559//559 617//617 558//558
f 558//558 617//617 616//616
f 560//560 618//618 559//559
f 559//559 618//618 617//617
f 561//561 619//619 560//560
f 560//560 619//619 618//618
f 562//562 620//620 561//561
f 561//561 620//620 619//619
f 563//563 621//621 562//562
f 562//562 621//621 620//620
f 564//564 622//622 563//563
f 563//563 622//622 621//621
f 622//622 564//564 565//565
f 623//623 622//622 565//565
f 550//550 608//608 566//566
f 608//608 624//624 566//566
f 565//565 567//567 623//623
f 623//623 567//567 625//625
f 566//566 624//624 568//568
f 624//624 626//626 568//568
f 567//567 569//569 625//625
f 625//625 569//569 627//627
f 568//568 626//626 570//570
f 626//626 628//628 570//570
f 569//569 571//571 627//627
f 627//627 571//571 629//629
f 570//570 628//628 572//572
f 628//628 630//630 572//572
f 571//571 573//573 629//629
f 629//629 573//573 631//631
f 572//572 630//630 574//574
f 630//630 632//632 574//574
f 573//573 575//575 631//631
f 631//631 575//575 633//633
f 574//574 632//632 576//576
f 632//632 634//634 576//576
f 575//575 577//577 633//633
f 633//633 577//577 635//635
f 576//576 634//634 578//578
f 634//634 636//636 578//578
f 577//577 579//579 635//635
f 635//635 579//579 637//637
f 578//578 636//636 580//580
f 636//636 638//638 580//580
f 579//579 581//581 637//637
f 637//637 581//581 639//639
f 580//580 638//638 582//582
f 638//638 640//640 582//582
f 581//581 583//583 639//639
f 639//639 583//583 641//641
f 582//582 640//640 584//584
f 640//640 642//642 584//584
f 583//583 585//585 641//641
f 641//641 585//585 643//643
f 584//584 642//642 586//586
f 642//642 644//644 586//586
f 585//585 587//587 643//643
f 643//643 587//587 645//645
f 586//586 644//644 588//588
f 644//644 646//646 588//588
f 587//587 589//589 645//645
f 645//645 589//589 647//647
f 588//588 646//646 590//590
f 646//646 648//648 590//590
f 589//589 591//591 647//647
f 647//647 591//591 649//649
f 590//590 648//648 650//650
f 592//592 590//590 650//650
f 593//593 592//592 651//651
f 592//592 650//650 651//651
f 594//594 593//593 652//652
f 593//593 651//651 652//652
f 595//595 594//594 653//653
f 594//594 652//652 653//653
f 596//596 595//595 654//654
f 595//595 653//653 654//654
f 597//597 596//596 655//655
f 596//596 654//654 655//655
f 598//598 597//597 656//656
f 597//597 655//655 656//656
f 599//599 598//598 657//657
f 598//598 656//656 657//657
f 600//600 599//599 658//658
f 599//599 657//657 658//658
f 601//601 600//600 659//659
f 600//600 658//658 659//659
f 602//602 601//601 660//660
f 601//601 659//659 660//660
f 603//603 602//602 661//661
f 602//602 660//660 661//661
f 604//604 603//603 662//662
f 603//603 661//661 662//662
f 605//605 604//604 663//663
f 604//604 662//662 663//663
f 606//606 605//605 664//664
f 605//605 663//663 664//664
f 649//649 591//591 606//606
f 664//664 649//649 606//606
f 607//607 665//665 666//666
f 608//608 607//607 666//666
f 609//609 667//667 607//607
f 607//607 667//667 665//665
f 610//610 668//668 609//609
f 609//609 668//668 667//667
f 611//611 669//669 610//610
f 610//610 669//669 668//668
f 612//612 670//670 611//611
f 611//611 670//670 669//669
f 671//671 672//672 670//670
f 671//671 670//670 613//613
f 613//613 670//670 612//612
f 613//613 614//614 673//673
f 671//671 613//613 673//673
f 614//614 615//615 674//674
f 673//673 614//614 674//674
f 615//615 616//616 675//675
f 674//674 615//615 675//675
f 616//616 617//617 676//676
f 675//675 616//616 676//676
f 677//677 676//676 617//617
f 677//677 617//617 678//678
f 678//678 617//617 618//618
f 619//619 679//679 618//618
f 618//618 679//679 678//678
f 620//620 680//680 619//619
f 619//619 680//680 679//679
f 621//621 681//681 620//620
f 620//620 681//681 680//680
f 622//622 682//682 621//621
f 621//621 682//682 681//681
f 682//682 622//622 623//623
f 683//683 682//682 623//623
f 608//608 666//666 624//624
f 666//666 684//684 624//624
f 685//685 672//672 671//671
f 686//686 672//672 685//685
f 673//673 687//687 671//671
f 687//687 685//685 671//671
f 674//674 688//688 673//673
f 688//688 687//687 673//673
f 675//675 689//689 674//674
f 689//689 688//688 674//674
f 676//676 690//690 675//675
f 690//690 689//689 675//675
f 691//691 676//676 677//677
f 690//690 676//676 691//691
f 623//623 625//625 683//683
f 683//683 625//625 692//692
f 624//624 684//684 626//626
f 684//684 693//693 626//626
f 694//694 686//686 685//685
f 695//695 686//686 694//694
f 687//687 696//696 685//685
f 696//696 694//694 685//685
f 688//688 697//697 687//687
f 697//697 696//696 687//687
f 689//689 698//698 688//688
f 698//698 697//697 688//688
f 690//690 699//699 689//689
f 699//699 698//698 689//689
f 700//700 690//690 691//691
f 699//699 690//690 700//700
f 625//625 627//627 692//692
f 692//692 627//627 701//701
f 626//626 693//693 628//628
f 693//693 702//702 628//628
f 703//703 695//695 694//694
f 704//704 695//695 703//703
f 696//696 705//705 694//694
f 705//705 703//703 694//694
f 697//697 706//706 696//696
f 706//706 705//705 696//696
f 698//698 707//707 697//697
f 707//707 706//706 697//697
f 699//699 708//708 698//698
f 708//708 707//707 698//698
f 709//709 699//699 700//700
f 708//708 699//699 709//709
f 627//627 629//629 701//701
f 701//701 629//629 710//710
f 711//711 712//712 630//630
f 711//711 630//630 702//702
f 702//702 630//630 628//628
f 712//712 713//713 714//714
f 711//711 713//713 712//712
f 714//714 715//715 716//716
f 713//713 715//715 714//714
f 716//716 717//717 718//718
f 715//715 717//717 716//716
f 718//718 719//719 720//720
f 717//717 719//719 718//718
f 704//704 720//720 719//719
f 704//704 703//703 720//720
f 703//703 721//721 720//720
f 705//705 722//722 703//703
f 722//722 721//721 703//703
f 706//706 723//723 705//705
f 723//723 722//722 705//705
f 707//707 724//724 706//706
f 724//724 723//723 706//706
f 708//708 725//725 707//707
f 725//725 724//724 707//707
f 726//726 708//708 709//709
f 726//726 727//727 708//708
f 727//727 725//725 708//708
f 727//727 728//728 729//729
f 726//726 728//728 727//727
f 729//729 730//730 731//731
f 728//728 730//730 729//729
f 731//731 732//732 733//733
f 730//730 732//732 731//731
f 733//733 734//734 735//735
f 732//732 734//734 733//733
f 735//735 734//734 710//710
f 735//735 710//710 631//631
f 631//631 710//710 629//629
f 712//712 736//736 632//632
f 630//630 712//712 632//632
f 714//714 737//737 712//712
f 737//737 736//736 712//712
f 716//716 738//738 714//714
f 738//738 737//737 714//714
f 718//718 739//739 716//716
f 739//739 738//738 716//716
f 720//720 740//740 718//718
f 740//740 739//739 718//718
f 721//721 741//741 720//720
f 741//741 740//740 720//720
f 722//722 742//742 721//721
f 742//742 741//741 721//721
f 723//723 743//743 722//722
f 743//743 742//742 722//722
f 724//724 744//744 723//723
f 744//744 743//743 723//723
f 725//725 745//745 724//724
f 745//745 744//744 724//724
f 727//727 746//746 725//725
f 746//746 745//745 725//725
f 729//729 747//747 727//727
f 747//747 746//746 727//727
f 731//731 748//748 729//729
f 748//748 747//747 729//729
f 733//733 749//749 731//731
f 749//749 748//748 731//731
f 735//735 750//750 733//733
f 750//750 749//749 733//733
f 631//631 633//633 750//750
f 735//735 631//631 750//750
f 736//736 751//751 634//634
f 632//632 736//736 634//634
f 737//737 752//752 736//736
f 752//752 751//751 736//736
f 738//738 753//753 737//737
f 753//753 752//752 737//737
f 739//739 754//754 738//738
f 754//754 753//753 738//738
f 740//740 755//755 739//739
f 755//755 754//754 739//739
f 741//741 756//756 740//740
f 756//756 755//755 740//740
f 742//742 757//757 741//741
f 757//757 756//756 741//741
f 743//743 758//758 742//742
f 758//758 757//757 742//742
f 744//744 759//759 743//743
f 759//759 758//758 743//743
f 745//745 760//760 744//744
f 760//760 759//759 744//744
f 746//746 761//761 745//745
f 761//761 760//760 745//745
f 747//747 762//762 746//746
f 762//762 761//761 746//746
f 748//748 763//763 747//747
f 763//763 762//762 747//747
f 749//749 764//764 748//748
f 764//764 763//763 748//748
f 750//750 765//765 749//749
f 765//765 764//764 749//749
f 633//633 635//635 765//765
f 750//750 633//633 765//765
f 751//751 766//766 636//636
f 634//634 751//751 636//636
f 752//752 767//767 751//751
f 767//767 766//766 751//751
f 753//753 768//768 752//752
f 768//768 767//767 752//752
f 754//754 769//769 753//753
f 769//769 768//768 753//753
f 755//755 770//770 754//754
f 770//770 769//769 754//754
f 756//756 771//771 755//755
f 771//771 770//770 755//755
f 757//757 772//772 756//756
f 772//772 771//771 756//756
f 758//758 773//773 757//757
f 773//773 772//772 757//757
f 759//759 774//774 758//758
f 774//774 773//773 758//758
f 760//760 775//775 759//759
f 775//775 774//774 759//759
f 761//761 776//776 760//760
f 776//776 775//775 760//760
f 762//762 777//777 761//761
f 777//777 776//776 761//761
f 763//763 778//778 762//762
f 778//778 777//777 762//762
f 764//764 779//779 763//763
f 779//779 778//778 763//763
f 765//765 780//780 764//764
f 780//780 779//779 764//764
f 635//635 637//637 780//780
f 765//765 635//635 780//780
f 766//766 781//781 638//638
f 636//636 766//766 638//638
f 767//767 782//782 766//766
f 782//782 781//781 766//766
f 768//768 783//783 767//767
f 783//783 782//782 767//767
f 769//769 784//784 768//768
f 784//784 783//783 768//768
f 770//770 785//785 769//769
f 785//785 784//784 769//769
f 771//771 786//786 770//770
f 786//786 785//785 770//770
f 772//772 787//787 771//771
f 787//787 786//786 771//771
f 773//773 788//788 772//772
f 788//788 787//787 772//772
f 774//774 789//789 773//773
f 789//789 788//788 773//773
f 775//775 790//790 774//774
f 790//790 789//789 774//774
f 776//776 791//791 775//775
f 791//791 790//790 775//775
f 777//777 792//792 776//776
f 792//792 791//791 776//776
f 778//778 793//793 777//777
f 793//793 792//792 777//777
f 779//779 794//794 778//778
f 794//794 793//793 778//778
f 780//780 795//795 779//779
f 795//795 794//794 779//779
f 637//637 639//639 795//795
f 780//780 637//637 795//795
f 781//781 796//796 640//640
f 638//638 781//781 640//640
f 782//782 797//797 781//781
f 797//797 796//796 781//781
f 783//783 798//798 782//782
f 798//798 797//797 782//782
f 784//784 799//799 783//783
f 799//799 798//798 783//783
f 785//785 800//800 784//784
f 800//800 799//799 784//784
f 786//786 801//801 785//785
f 801//801 800//800 785//785
f 787//787 802//802 786//786
f 802//802 801//801 786//786
f 788//788 803//803 787//787
f 803//803 802//802 787//787
f 789//789 804//804 788//788
f 804//804 803//803 788//788
f 790//790 805//805 789//789
f 805//805 804//804 789//789
f 791//791 806//806 790//790
f 806//806 805//805 790//790
f 792//792 807//807 791//791
f 807//807 806//806 791//791
f 793//793 808//808 792//792
f 808//808 807//807 792//792
f 794//794 809//809 793//793
f 809//809 808//808 793//793
f 795//795 810//810 794//794
f 810//810 809//809 794//794
f 639//639 641//641 810//810
f 795//795 639//639 810//810
f 796//796 811//811 812//812
f 796//796 812//812 640//640
f 640//640 812//812 642//642
f 797//797 811//811 796//796
f 813//813 811//811 797//797
f 798//798 813//813 797//797
f 814//814 813//813 798//798
f 799//799 814//814 798//798
f 815//815 814//814 799//799
f 800//800 815//815 799//799
f 816//816 815//815 800//800
f 816//816 817//817 818//818
f 816//816 800//800 817//817
f 800//800 801//801 817//817
f 802//802 819//819 801//801
f 819//819 817//817 801//801
f 803//803 820//820 802//802
f 820//820 819//819 802//802
f 804//804 821//821 803//803
f 821//821 820//820 803//803
f 805//805 822//822 804//804
f 822//822 821//821 804//804
f 823//823 806//806 824//824
f 823//823 822//822 806//806
f 822//822 805//805 806//806
f 807//807 824//824 806//806
f 825//825 824//824 807//807
f 808//808 825//825 807//807
f 826//826 825//825 808//808
f 809//809 826//826 808//808
f 827//827 826//826 809//809
f 810//810 827//827 809//809
f 828//828 827//827 810//810
f 828//828 810//810 641//641
f 828//828 641//641 829//829
f 829//829 641//641 643//643
f 642//642 812//812 644//644
f 812//812 830//830 644//644
f 831//831 818//818 817//817
f 832//832 818//818 831//831
f 819//819 833//833 817//817
f 833//833 831//831 817//817
f 820//820 834//834 819//819
f 834//834 833//833 819//819
f 821//821 835//835 820//820
f 835//835 834//834 820//820
f 822//822 836//836 821//821
f 836//836 835//835 821//821
f 837//837 822//822 823//823
f 836//836 822//822 837//837
f 643//643 645//645 829//829
f 829//829 645//645 838//838
f 644//644 830//830 646//646
f 830//830 839//839 646//646
f 840//840 832//832 831//831
f 841//841 832//832 840//840
f 833//833 842//842 831//831
f 842//842 840//840 831//831
f 834//834 843//843 833//833
f 843//843 842//842 833//833
f 835//835 844//844 834//834
f 844//844 843//843 834//834
f 836//836 845//845 835//835
f 845//845 844//844 835//835
f 846//846 836//836 837//837
f 845//845 836//836 846//846
f 645//645 647//647 838//838
f 838//838 647//647 847//847
f 646//646 839//839 648//648
f 839//839 848//848 648//648
f 849//849 841//841 840//840
f 850//850 841//841 849//849
f 842//842 851//851 840//840
f 851//851 849//849 840//840
f 843//843 852//852 842//842
f 852//852 851//851 842//842
f 844//844 853//853 843//843
f 853//853 852//852 843//843
f 845//845 854//854 844//844
f 854//854 853//853 844//844
f 855//855 845//845 846//846
f 854//854 845//845 855//855
f 647//647 649//649 847//847
f 847//847 649//649 856//856
f 648//648 848//848 857//857
f 650//650 648//648 857//857
f 651//651 650//650 858//858
f 650//650 857//857 858//858
f 652//652 651//651 859//859
f 651//651 858//858 859//859
f 653//653 652//652 860//860
f 652//652 859//859 860//860
f 654//654 653//653 861//861
f 653//653 860//860 861//861
f 850//850 849//849 655//655
f 850//850 655//655 861//861
f 861//861 655//655 654//654
f 656//656 655//655 849//849
f 851//851 656//656 849//849
f 657//657 656//656 851//851
f 852//852 657//657 851//851
f 658//658 657//657 852//852
f 853//853 658//658 852//852
f 659//659 658//658 853//853
f 854//854 659//659 853//853
f 854//854 855//855 862//862
f 854//854 862//862 659//659
f 659//659 862//862 660//660
f 661//661 660//660 863//863
f 660//660 862//862 863//863
f 662//662 661//661 864//864
f 661//661 863//863 864//864
f 663//663 662//662 865//865
f 662//662 864//864 865//865
f 664//664 663//663 866//866
f 663//663 865//865 866//866
f 856//856 649//649 664//664
f 866//866 856//856 664//664
f 665//665 867//867 868//868
f 666//666 665//665 868//868
f 667//667 869//869 665//665
f 665//665 869//869 867//867
f 668//668 870//870 667//667
f 667//667 870//870 869//869
f 669//669 871//871 668//668
f 668//668 871//871 870//870
f 872//872 873//873 871//871
f 872//872 871//871 670//670
f 670//670 871//871 669//669
f 670//670 672//672 872//872
f 678//678 874//874 677//677
f 875//875 874//874 678//678
f 875//875 678//678 876//876
f 876//876 678//678 679//679
f 680//680 877//877 679//679
f 679//679 877//877 876//876
f 681//681 878//878 680//680
f 680//680 878//878 877//877
f 682//682 879//879 681//681
f 681//681 879//879 878//878
f 879//879 682//682 683//683
f 880//880 879//879 683//683
f 666//666 868//868 684//684
f 868//868 881//881 684//684
f 882//882 873//873 872//872
f 883//883 873//873 882//882
f 672//672 686//686 882//882
f 872//872 672//672 882//882
f 874//874 884//884 691//691
f 677//677 874//874 691//691
f 885//885 874//874 875//875
f 884//884 874//874 885//885
f 683//683 692//692 880//880
f 880//880 692//692 886//886
f 684//684 881//881 693//693
f 881//881 887//887 693//693
f 888//888 883//883 882//882
f 889//889 883//883 888//888
f 686//686 695//695 888//888
f 882//882 686//686 888//888
f 884//884 890//890 700//700
f 691//691 884//884 700//700
f 891//891 884//884 885//885
f 890//890 884//884 891//891
f 692//692 701//701 886//886
f 886//886 701//701 892//892
f 893//893 894//894 702//702
f 893//893 702//702 887//887
f 887//887 702//702 693//693
f 894//894 895//895 896//896
f 893//893 895//895 894//894
f 896//896 897//897 898//898
f 895//895 897//897 896//896
f 898//898 899//899 900//900
f 897//897 899//899 898//898
f 889//889 900//900 899//899
f 889//889 888//888 900//900
f 888//888 901//901 900//900
f 695//695 704//704 901//901
f 888//888 695//695 901//901
f 890//890 902//902 709//709
f 700//700 890//890 709//709
f 903//903 890//890 891//891
f 903//903 904//904 890//890
f 904//904 902//902 890//890
f 904//904 905//905 906//906
f 903//903 905//905 904//904
f 906//906 907//907 908//908
f 905//905 907//907 906//906
f 908//908 909//909 910//910
f 907//907 909//909 908//908
f 910//910 909//909 892//892
f 910//910 892//892 710//710
f 710//710 892//892 701//701
f 702//702 894//894 711//711
f 713//713 711//711 894//894
f 896//896 713//713 894//894
f 715//715 713//713 896//896
f 898//898 715//715 896//896
f 717//717 715//715 898//898
f 900//900 717//717 898//898
f 719//719 717//717 900//900
f 901//901 719//719 900//900
f 704//704 719//719 901//901
f 709//709 902//902 726//726
f 728//728 726//726 902//902
f 904//904 728//728 902//902
f 730//730 728//728 904//904
f 906//906 730//730 904//904
f 732//732 730//730 906//906
f 908//908 732//732 906//906
f 734//734 732//732 908//908
f 910//910 734//734 908//908
f 710//710 734//734 910//910
f 811//811 911//911 812//812
f 811//811 813//813 912//912
f 911//911 811//811 912//912
f 813//813 814//814 913//913
f 912//912 813//813 913//913
f 814//814 815//815 914//914
f 913//913 814//814 914//914
f 815//815 816//816 915//915
f 914//914 815//815 915//915
f 816//816 818//818 915//915
f 824//824 916//916 823//823
f 824//824 825//825 917//917
f 916//916 824//824 917//917
f 825//825 826//826 918//918
f 917//917 825//825 918//918
f 826//826 827//827 919//919
f 918//918 826//826 919//919
f 827//827 828//828 920//920
f 919//919 827//827 920//920
f 828//828 829//829 920//920
f 911//911 921//921 922//922
f 911//911 922//922 812//812
f 812//812 922//922 830//830
f 912//912 921//921 911//911
f 923//923 921//921 912//912
f 913//913 923//923 912//912
f 924//924 923//923 913//913
f 914//914 924//924 913//913
f 925//925 924//924 914//914
f 925//925 926//926 927//927
f 925//925 914//914 926//926
f 914//914 915//915 926//926
f 818//818 832//832 926//926
f 915//915 818//818 926//926
f 916//916 928//928 837//837
f 823//823 916//916 837//837
f 929//929 917//917 930//930
f 929//929 928//928 917//917
f 928//928 916//916 917//917
f 918//918 930//930 917//917
f 931//931 930//930 918//918
f 919//919 931//931 918//918
f 932//932 931//931 919//919
f 920//920 932//932 919//919
f 933//933 932//932 920//920
f 933//933 920//920 829//829
f 933//933 829//829 934//934
f 934//934 829//829 838//838
f 830//830 922//922 839//839
f 922//922 935//935 839//839
f 936//936 927//927 926//926
f 937//937 927//927 936//936
f 832//832 841//841 936//936
f 926//926 832//832 936//936
f 928//928 938//938 846//846
f 837//837 928//928 846//846
f 939//939 928//928 929//929
f 938//938 928//928 939//939
f 838//838 847//847 934//934
f 934//934 847//847 940//940
f 839//839 935//935 848//848
f 935//935 941//941 848//848
f 942//942 937//937 936//936
f 943//943 937//937 942//942
f 841//841 850//850 942//942
f 936//936 841//841 942//942
f 938//938 944//944 855//855
f 846//846 938//938 855//855
f 945//945 938//938 939//939
f 944//944 938//938 945//945
f 847//847 856//856 940//940
f 940//940 856//856 946//946
f 848//848 941//941 947//947
f 857//857 848//848 947//947
f 858//858 857//857 948//948
f 857//857 947//947 948//948
f 859//859 858//858 949//949
f 858//858 948//948 949//949
f 860//860 859//859 950//950
f 859//859 949//949 950//950
f 943//943 942//942 861//861
f 943//943 861//861 950//950
f 950//950 861//861 860//860
f 850//850 861//861 942//942
f 855//855 944//944 862//862
f 944//944 945//945 951//951
f 944//944 951//951 862//862
f 862//862 951//951 863//863
f 864//864 863//863 952//952
f 863//863 951//951 952//952
f 865//865 864//864 953//953
f 864//864 952//952 953//953
f 866//866 865//865 954//954
f 865//865 953//953 954//954
f 946//946 856//856 866//866
f 954//954 946//946 866//866
f 867//867 955//955 956//956
f 868//868 867//867 956//956
f 869//869 957//957 867//867
f 867//867 957//957 955//955
f 870//870 958//958 869//869
f 869//869 958//958 957//957
f 959//959 960//960 958//958
f 959//959 958//958 871//871
f 871//871 958//958 870//870
f 871//871 873//873 959//959
f 876//876 961//961 962//962
f 875//875 876//876 962//962
f 877//877 963//963 876//876
f 876//876 963//963 961//961
f 878//878 964//964 877//877
f 877//877 964//964 963//963
f 879//879 965//965 878//878
f 878//878 965//965 964//964
f 965//965 879//879 880//880
f 966//966 965//965 880//880
f 868//868 956//956 881//881
f 956//956 967//967 881//881
f 968//968 960//960 959//959
f 969//969 960//960 968//968
f 873//873 883//883 968//968
f 959//959 873//873 968//968
f 875//875 962//962 885//885
f 962//962 970//970 885//885
f 880//880 886//886 966//966
f 966//966 886//886 971//971
f 881//881 967//967 887//887
f 967//967 972//972 887//887
f 973//973 969//969 968//968
f 974//974 969//969 973//973
f 883//883 889//889 973//973
f 968//968 883//883 973//973
f 885//885 970//970 891//891
f 970//970 975//975 891//891
f 886//886 892//892 971//971
f 971//971 892//892 976//976
f 887//887 972//972 977//977
f 893//893 887//887 977//977
f 895//895 893//893 978//978
f 893//893 977//977 978//978
f 897//897 895//895 979//979
f 895//895 978//978 979//979
f 974//974 973//973 899//899
f 974//974 899//899 979//979
f 979//979 899//899 897//897
f 889//889 899//899 973//973
f 891//891 975//975 980//980
f 903//903 891//891 980//980
f 905//905 903//903 981//981
f 903//903 980//980 981//981
f 907//907 905//905 982//982
f 905//905 981//981 982//982
f 909//909 907//907 983//983
f 907//907 982//982 983//983
f 976//976 892//892 909//909
f 983//983 976//976 909//909
f 921//921 984//984 985//985
f 922//922 921//921 985//985
f 923//923 986//986 921//921
f 921//921 986//986 984//984
f 924//924 987//987 923//923
f 923//923 987//987 986//986
f 988//988 989//989 987//987
f 988//988 987//987 925//925
f 925//925 987//987 924//924
f 925//925 927//927 988//988
f 930//930 990//990 991//991
f 929//929 930//930 991//991
f 931//931 992//992 930//930
f 930//930 992//992 990//990
f 932//932 993//993 931//931
f 931//931 993//993 992//992
f 933//933 994//994 932//932
f 932//932 994//994 993//993
f 994//994 933//933 934//934
f 995//995 994//994 934//934
f 922//922 985//985 935//935
f 985//985 996//996 935//935
f 997//997 989//989 988//988
f 998//998 989//989 997//997
f 927//927 937//937 997//997
f 988//988 927//927 997//997
f 929//929 991//991 939//939
f 991//991 999//999 939//939
f 934//934 940//940 995//995
f 995//995 940//940 1000//1000
f 935//935 996//996 941//941
f 996//996 1001//1001 941//941
f 1002//1002 998//998 997//997
f 1003//1003 998//998 1002//1002
f 937//937 943//943 1002//1002
f 997//997 937//937 1002//1002
f 939//939 999//999 945//945
f 999//999 1004//1004 945//945
f 940//940 946//946 1000//1000
f 1000//1000 946//946 1005//1005
f 941//941 1001//1001 1006//1006
f 947//947 941//941 1006//1006
f 948//948 947//947 1007//1007
f 947//947 1006//1006 1007//1007
f 949//949 948//948 1008//1008
f 948//948 1007//1007 1008//1008
f 1003//1003 1002//1002 950//950
f 1003//1003 950//950 1008//1008
f 1008//1008 950//950 949//949
f 943//943 950//950 1002//1002
f 945//945 1004//1004 1009//1009
f 951//951 945//945 1009//1009
f 952//952 951//951 1010//1010
f 951//951 1009//1009 1010//1010
f 953//953 952//952 1011//1011
f 952//952 1010//1010 1011//1011
f 954//954 953//953 1012//1012
f 953//953 1011//1011 1012//1012
f 1005//1005 946//946 954//954
f 1012//1012 1005//1005 954//954
f 955//955 1013//1013 1014//1014
f 956//956 955//955 1014//1014
f 957//957 1015//1015 955//955
f 955//955 1015//1015 1013//1013
f 958//958 1016//1016 957//957
f 957//957 1016//1016 1015//1015
f 1016//1016 958//958 960//960
f 1017//1017 1016//1016 960//960
f 961//961 1018//1018 962//962
f 1019//1019 1018//1018 961//961
f 1019//1019 961//961 1020//1020
f 1020//1020 961//961 963//963
f 964//964 1021//1021 963//963
f 963//963 1021//1021 1020//1020
f 965//965 1022//1022 964//964
f 964//964 1022//1022 1021//1021
f 1022//1022 965//965 966//966
f 1023//1023 1022//1022 966//966
f 956//956 1014//1014 967//967
f 1014//1014 1024//1024 967//967
f 960//960 969//969 1017//1017
f 1017//1017 969//969 1025//1025
f 1018//1018 1026//1026 970//970
f 962//962 1018//1018 970//970
f 1027//1027 1018//1018 1019//1019
f 1026//1026 1018//1018 1027//1027
f 966//966 971//971 1023//1023
f 1023//1023 971//971 1028//1028
f 967//967 1024//1024 972//972
f 1024//1024 1029//1029 972//972
f 969//969 974//974 1025//1025
f 1025//1025 974//974 1030//1030
f 1026//1026 1031//1031 975//975
f 970//970 1026//1026 975//975
f 1032//1032 1026//1026 1027//1027
f 1031//1031 1026//1026 1032//1032
f 971//971 976//976 1028//1028
f 1028//1028 976//976 1033//1033
f 972//972 1029//1029 1034//1034
f 977//977 972//972 1034//1034
f 978//978 977//977 1035//1035
f 977//977 1034//1034 1035//1035
f 979//979 978//978 1036//1036
f 978//978 1035//1035 1036//1036
f 1030//1030 974//974 979//979
f 1036//1036 1030//1030 979//979
f 975//975 1031//1031 980//980
f 1031//1031 1032//1032 1037//1037
f 1031//1031 1037//1037 980//980
f 980//980 1037//1037 981//981
f 982//982 981//981 1038//1038
f 981//981 1037//1037 1038//1038
f 983//983 982//982 1039//1039
f 982//982 1038//1038 1039//1039
f 1033//1033 976//976 983//983
f 1039//1039 1033//1033 983//983
f 984//984 1040//1040 1041//1041
f 985//985 984//984 1041//1041
f 986//986 1042//1042 984//984
f 984//984 1042//1042 1040//1040
f 987//987 1043//1043 986//986
f 986//986 1043//1043 1042//1042
f 1043//1043 987//987 989//989
f 1044//1044 1043//1043 989//989
f 990//990 1045//1045 991//991
f 1046//1046 1045//1045 990//990
f 1046//1046 990//990 1047//1047
f 1047//1047 990//990 992//992
f 993//993 1048//1048 992//992
f 992//992 1048//1048 1047//1047
f 994//994 1049//1049 993//993
f 993//993 1049//1049 1048//1048
f 1049//1049 994//994 995//995
f 1050//1050 1049//1049 995//995
f 985//985 1041//1041 996//996
f 1041//1041 1051//1051 996//996
f 989//989 998//998 1044//1044
f 1044//1044 998//998 1052//1052
f 1045//1045 1053//1053 999//999
f 991//991 1045//1045 999//999
f 1054//1054 1045//1045 1046//1046
f 1053//1053 1045//1045 1054//1054
f 995//995 1000//1000 1050//1050
f 1050//1050 1000//1000 1055//1055
f 996//996 1051//1051 1001//1001
f 1051//1051 1056//1056 1001//1001
f 998//998 1003//1003 1052//1052
f 1052//1052 1003//1003 1057//1057
f 1053//1053 1058//1058 1004//1004
f 999//999 1053//1053 1004//1004
f 1059//1059 1053//1053 1054//1054
f 1058//1058 1053//1053 1059//1059
f 1000//1000 1005//1005 1055//1055
f 1055//1055 1005//1005 1060//1060
f 1001//1001 1056//1056 1061//1061
f 1006//1006 1001//1001 1061//1061
f 1007//1007 1006//1006 1062//1062
f 1006//1006 1061//1061 1062//1062
f 1008//1008 1007//1007 1063//1063
f 1007//1007 1062//1062 1063//1063
f 1057//1057 1003//1003 1008//1008
f 1063//1063 1057//1057 1008//1008
f 1004//1004 1058//1058 1009//1009
f 1058//1058 1059//1059 1064//1064
f 1058//1058 1064//1064 1009//1009
f 1009//1009 1064//1064 1010//1010
f 1011//1011 1010//1010 1065//1065
f 1010//1010 1064//1064 1065//1065
f 1012//1012 1011//1011 1066//1066
f 1011//1011 1065//1065 1066//1066
f 1060//1060 1005//1005 1012//1012
f 1066//1066 1060//1060 1012//1012
f 1013//1013 1067//1067 1068//1068
f 1014//1014 1013//1013 1068//1068
f 1015//1015 1069//1069 1013//1013
f 1013//1013 1069//1069 1067//1067
f 1016//1016 1070//1070 1015//1015
f 1015//1015 1070//1070 1069//1069
f 1070//1070 1016//1016 1017//1017
f 1071//1071 1070//1070 1017//1017
f 1020//1020 1072//1072 1073//1073
f 1019//1019 1020//1020 1073//1073
f 1021//1021 1074//1074 1020//1020
f 1020//1020 1074//1074 1072//1072
f 1022//1022 1075//1075 1021//1021
f 1021//1021 1075//1075 1074//1074
f 1075//1075 1022//1022 1023//1023
f 1076//1076 1075//1075 1023//1023
f 1014//1014 1068//1068 1024//1024
f 1068//1068 1077//1077 1024//1024
f 1017//1017 1025//1025 1071//1071
f 1071//1071 1025//1025 1078//1078
f 1019//1019 1073//1073 1027//1027
f 1073//1073 1079//1079 1027//1027
f 1023//1023 1028//1028 1076//1076
f 1076//1076 1028//1028 1080//1080
f 1024//1024 1077//1077 1029//1029
f 1077//1077 1081//1081 1029//1029
f 1025//1025 1030//1030 1078//1078
f 1078//1078 1030//1030 1082//1082
f 1027//1027 1079//1079 1032//1032
f 1079//1079 1083//1083 1032//1032
f 1028//1028 1033//1033 1080//1080
f 1080//1080 1033//1033 1084//1084
f 1029//1029 1081//1081 1085//1085
f 1034//1034 1029//1029 1085//1085
f 1035//1035 1034//1034 1086//1086
f 1034//1034 1085//1085 1086//1086
f 1036//1036 1035//1035 1087//1087
f 1035//1035 1086//1086 1087//1087
f 1082//1082 1030//1030 1036//1036
f 1087//1087 1082//1082 1036//1036
f 1032//1032 1083//1083 1088//1088
f 1037//1037 1032//1032 1088//1088
f 1038//1038 1037//1037 1089//1089
f 1037//1037 1088//1088 1089//1089
f 1039//1039 1038//1038 1090//1090
f 1038//1038 1089//1089 1090//1090
f 1084//1084 1033//1033 1039//1039
f 1090//1090 1084//1084 1039//1039
f 1040//1040 1091//1091 1092//1092
f 1041//1041 1040//1040 1092//1092
f 1042//1042 1093//1093 1040//1040
f 1040//1040 1093//1093 1091//1091
f 1043//1043 1094//1094 1042//1042
f 1042//1042 1094//1094 1093//1093
f 1094//1094 1043//1043 1044//1044
f 1095//1095 1094//1094 1044//1044
f 1047//1047 1096//1096 1097//1097
f 1046//1046 1047//1047 1097//1097
f 1048//1048 1098//1098 1047//1047
f 1047//1047 1098//1098 1096//1096
f 1049//1049 1099//1099 1048//1048
f 1048//1048 1099//1099 1098//1098
f 1099//1099 1049//1049 1050//1050
f 1100//1100 1099//1099 1050//1050
f 1041//1041 1092//1092 1051//1051
f 1092//1092 1101//1101 1051//1051
f 1044//1044 1052//1052 1095//1095
f 1095//1095 1052//1052 1102//1102
f 1046//1046 1097//1097 1054//1054
f 1097//1097 1103//1103 1054//1054
f 1050//1050 1055//1055 1100//1100
f 1100//1100 1055//1055 1104//1104
f 1051//1051 1101//1101 1056//1056
f 1101//1101 1105//1105 1056//1056
f 1052//1052 1057//1057 1102//1102
f 1102//1102 1057//1057 1106//1106
f 1054//1054 1103//1103 1059//1059
f 1103//1103 1107//1107 1059//1059
f 1055//1055 1060//1060 1104//1104
f 1104//1104 1060//1060 1108//1108
f 1056//1056 1105//1105 1109//1109
f 1061//1061 1056//1056 1109//1109
f 1062//1062 1061//1061 1110//1110
f 1061//1061 1109//1109 1110//1110
f 1063//1063 1062//1062 1111//1111
f 1062//1062 1110//1110 1111//1111
f 1106//1106 1057//1057 1063//1063
f 1111//1111 1106//1106 1063//1063
f 1059//1059 1107//1107 1112//1112
f 1064//1064 1059//1059 1112//1112
f 1065//1065 1064//1064 1113//1113
f 1064//1064 1112//1112 1113//1113
f 1066//1066 1065//1065 1114//1114
f 1065//1065 1113//1113 1114//1114
f 1108//1108 1060//1060 1066//1066
f 1114//1114 1108//1108 1066//1066
f 1067//1067 1115//1115 1116//1116
f 1068//1068 1067//1067 1116//1116
f 1069//1069 1117//1117 1067//1067
f 1067//1067 1117//1117 1115//1115
f 1070//1070 1118//1118 1069//1069
f 1069//1069 1118//1118 1117//1117
f 1118//1118 1070//1070 1071//1071
f 1119//1119 1118//1118 1071//1071
f 1120//1120 1121//1121 1122//1122
f 1120//1120 1073//1073 1072//1072
f 1120//1120 1072//1072 1121//1121
f 1121//1121 1072//1072 1123//1123
f 1074//1074 1124//1124 1072//1072
f 1072//1072 1124//1124 1123//1123
f 1075//1075 1125//1125 1074//1074
f 1074//1074 1125//1125 1124//1124
f 1125//1125 1075//1075 1076//1076
f 1126//1126 1125//1125 1076//1076
f 1068//1068 1116//1116 1077//1077
f 1116//1116 1127//1127 1077//1077
f 1071//1071 1078//1078 1119//1119
f 1119//1119 1078//1078 1128//1128
f 1129//1129 1120//1120 1122//1122
f 1130//1130 1129//1129 1122//1122
f 1073//1073 1129//1129 1079//1079
f 1120//1120 1129//1129 1073//1073
f 1076//1076 1080//1080 1126//1126
f 1126//1126 1080//1080 1131//1131
f 1077//1077 1127//1127 1081//1081
f 1127//1127 1132//1132 1081//1081
f 1078//1078 1082//1082 1128//1128
f 1128//1128 1082//1082 1133//1133
f 1134//1134 1129//1129 1130//1130
f 1135//1135 1134//1134 1130//1130
f 1079//1079 1134//1134 1083//1083
f 1129//1129 1134//1134 1079//1079
f 1080//1080 1084//1084 1131//1131
f 1131//1131 1084//1084 1136//1136
f 1081//1081 1132//1132 1137//1137
f 1085//1085 1081//1081 1137//1137
f 1086//1086 1085//1085 1138//1138
f 1085//1085 1137//1137 1138//1138
f 1087//1087 1086//1086 1139//1139
f 1086//1086 1138//1138 1139//1139
f 1133//1133 1082//1082 1087//1087
f 1139//1139 1133//1133 1087//1087
f 1134//1134 1135//1135 1140//1140
f 1083//1083 1134//1134 1140//1140
f 1083//1083 1140//1140 1088//1088
f 1088//1088 1140//1140 1141//1141
f 1089//1089 1088//1088 1142//1142
f 1088//1088 1141//1141 1142//1142
f 1090//1090 1089//1089 1143//1143
f 1089//1089 1142//1142 1143//1143
f 1136//1136 1084//1084 1090//1090
f 1143//1143 1136//1136 1090//1090
f 1091//1091 1144//1144 1145//1145
f 1092//1092 1091//1091 1145//1145
f 1093//1093 1146//1146 1091//1091
f 1091//1091 1146//1146 1144//1144
f 1094//1094 1147//1147 1093//1093
f 1093//1093 1147//1147 1146//1146
f 1147//1147 1094//1094 1095//1095
f 1148//1148 1147//1147 1095//1095
f 1149//1149 1150//1150 1151//1151
f 1149//1149 1097//1097 1096//1096
f 1149//1149 1096//1096 1150//1150
f 1150//1150 1096//1096 1152//1152
f 1098//1098 1153//1153 1096//1096
f 1096//1096 1153//1153 1152//1152
f 1099//1099 1154//1154 1098//1098
f 1098//1098 1154//1154 1153//1153
f 1154//1154 1099//1099 1100//1100
f 1155//1155 1154//1154 1100//1100
f 1092//1092 1145//1145 1101//1101
f 1145//1145 1156//1156 1101//1101
f 1095//1095 1102//1102 1148//1148
f 1148//1148 1102//1102 1157//1157
f 1158//1158 1149//1149 1151//1151
f 1159//1159 1158//1158 1151//1151
f 1097//1097 1158//1158 1103//1103
f 1149//1149 1158//1158 1097//1097
f 1100//1100 1104//1104 1155//1155
f 1155//1155 1104//1104 1160//1160
f 1101//1101 1156//1156 1105//1105
f 1156//1156 1161//1161 1105//1105
f 1102//1102 1106//1106 1157//1157
f 1157//1157 1106//1106 1162//1162
f 1163//1163 1158//1158 1159//1159
f 1164//1164 1163//1163 1159//1159
f 1103//1103 1163//1163 1107//1107
f 1158//1158 1163//1163 1103//1103
f 1104//1104 1108//1108 1160//1160
f 1160//1160 1108//1108 1165//1165
f 1105//1105 1161//1161 1166//1166
f 1109//1109 1105//1105 1166//1166
f 1110//1110 1109//1109 1167//1167
f 1109//1109 1166//1166 1167//1167
f 1111//1111 1110//1110 1168//1168
f 1110//1110 1167//1167 1168//1168
f 1162//1162 1106//1106 1111//1111
f 1168//1168 1162//1162 1111//1111
f 1163//1163 1164//1164 1169//1169
f 1107//1107 1163//1163 1169//1169
f 1107//1107 1169//1169 1112//1112
f 1112//1112 1169//1169 1170//1170
f 1113//1113 1112//1112 1171//1171
f 1112//1112 1170//1170 1171//1171
f 1114//1114 1113//1113 1172//1172
f 1113//1113 1171//1171 1172//1172
f 1165//1165 1108//1108 1114//1114
f 1172//1172 1165//1165 1114//1114
f 1115//1115 1173//1173 1174//1174
f 1116//1116 1115//1115 1174//1174
f 1117//1117 1175//1175 1115//1115
f 1115//1115 1175//1175 1173//1173
f 1118//1118 1176//1176 1117//1117
f 1117//1117 1176//1176 1175//1175
f 1119//1119 1177//1177 1178//1178
f 1119//1119 1178//1178 1118//1118
f 1118//1118 1178//1178 1176//1176
f 1178//1178 1177//1177 1179//1179
f 1121//1121 1180//1180 1181//1181
f 1122//1122 1121//1121 1181//1181
f 1123//1123 1182//1182 1121//1121
f 1121//1121 1182//1182 1180//1180
f 1124//1124 1183//1183 1123//1123
f 1123//1123 1183//1183 1182//1182
f 1125//1125 1184//1184 1124//1124
f 1124//1124 1184//1184 1183//1183
f 1184//1184 1125//1125 1126//1126
f 1185//1185 1184//1184 1126//1126
f 1116//1116 1174//1174 1127//1127
f 1174//1174 1186//1186 1127//1127
f 1177//1177 1128//1128 1187//1187
f 1119//1119 1128//1128 1177//1177
f 1188//1188 1179//1179 1177//1177
f 1187//1187 1188//1188 1177//1177
f 1122//1122 1181//1181 1130//1130
f 1181//1181 1189//1189 1130//1130
f 1126//1126 1131//1131 1185//1185
f 1185//1185 1131//1131 1190//1190
f 1127//1127 1186//1186 1132//1132
f 1186//1186 1191//1191 1132//1132
f 1187//1187 1133//1133 1192//1192
f 1128//1128 1133//1133 1187//1187
f 1193//1193 1188//1188 1187//1187
f 1192//1192 1193//1193 1187//1187
f 1130//1130 1189//1189 1135//1135
f 1189//1189 1194//1194 1135//1135
f 1131//1131 1136//1136 1190//1190
f 1190//1190 1136//1136 1195//1195
f 1132//1132 1191//1191 1196//1196
f 1137//1137 1132//1132 1196//1196
f 1138//1138 1137//1137 1197//1197
f 1137//1137 1196//1196 1197//1197
f 1139//1139 1138//1138 1198//1198
f 1138//1138 1197//1197 1198//1198
f 1192//1192 1133//1133 1139//1139
f 1192//1192 1139//1139 1199//1199
f 1199//1199 1139//1139 1198//1198
f 1193//1193 1192//1192 1199//1199
f 1135//1135 1194//1194 1200//1200
f 1140//1140 1135//1135 1200//1200
f 1141//1141 1140//1140 1201//1201
f 1140//1140 1200//1200 1201//1201
f 1142//1142 1141//1141 1202//1202
f 1141//1141 1201//1201 1202//1202
f 1143//1143 1142//1142 1203//1203
f 1142//1142 1202//1202 1203//1203
f 1195//1195 1136//1136 1143//1143
f 1203//1203 1195//1195 1143//1143
f 1144//1144 1204//1204 1205//1205
f 1145//1145 1144//1144 1205//1205
f 1146//1146 1206//1206 1144//1144
f 1144//1144 1206//1206 1204//1204
f 1147//1147 1207//1207 1146//1146
f 1146//1146 1207//1207 1206//1206
f 1148//1148 1208//1208 1209//1209
f 1148//1148 1209//1209 1147//1147
f 1147//1147 1209//1209 1207//1207
f 1209//1209 1208//1208 1210//1210
f 1150//1150 1211//1211 1212//1212
f 1151//1151 1150//1150 1212//1212
f 1152//1152 1213//1213 1150//1150
f 1150//1150 1213//1213 1211//1211
f 1153//1153 1214//1214 1152//1152
f 1152//1152 1214//1214 1213//1213
f 1154//1154 1215//1215 1153//1153
f 1153//1153 1215//1215 1214//1214
f 1215//1215 1154//1154 1155//1155
f 1216//1216 1215//1215 1155//1155
f 1145//1145 1205//1205 1156//1156
f 1205//1205 1217//1217 1156//1156
f 1208//1208 1157//1157 1218//1218
f 1148//1148 1157//1157 1208//1208
f 1219//1219 1210//1210 1208//1208
f 1218//1218 1219//1219 1208//1208
f 1151//1151 1212//1212 1159//1159
f 1212//1212 1220//1220 1159//1159
f 1155//1155 1160//1160 1216//1216
f 1216//1216 1160//1160 1221//1221
f 1156//1156 1217//1217 1161//1161
f 1217//1217 1222//1222 1161//1161
f 1218//1218 1162//1162 1223//1223
f 1157//1157 1162//1162 1218//1218
f 1224//1224 1219//1219 1218//1218
f 1223//1223 1224//1224 1218//1218
f 1159//1159 1220//1220 1164//1164
f 1220//1220 1225//1225 1164//1164
f 1160//1160 1165//1165 1221//1221
f 1221//1221 1165//1165 1226//1226
f 1161//1161 1222//1222 1227//1227
f 1166//1166 1161//1161 1227//1227
f 1167//1167 1166//1166 1228//1228
f 1166//1166 1227//1227 1228//1228
f 1168//1168 1167//1167 1229//1229
f 1167//1167 1228//1228 1229//1229
f 1223//1223 1162//1162 1168//1168
f 1223//1223 1168//1168 1230//1230
f 1230//1230 1168//1168 1229//1229
f 1224//1224 1223//1223 1230//1230
f 1164//1164 1225//1225 1231//1231
f 1169//1169 1164//1164 1231//1231
f 1170//1170 1169//1169 1232//1232
f 1169//1169 1231//1231 1232//1232
f 1171//1171 1170//1170 1233//1233
f 1170//1170 1232//1232 1233//1233
f 1172//1172 1171//1171 1234//1234
f 1171//1171 1233//1233 1234//1234
f 1226//1226 1165//1165 1172//1172
f 1234//1234 1226//1226 1172//1172
f 1173//1173 1235//1235 1236//1236
f 1174//1174 1173//1173 1236//1236
f 1175//1175 1237//1237 1173//1173
f 1173//1173 1237//1237 1235//1235
f 1176//1176 1238//1238 1175//1175
f 1175//1175 1238//1238 1237//1237
f 1178//1178 1239//1239 1176//1176
f 1176//1176 1239//1239 1238//1238
f 1179//1179 1240//1240 1241//1241
f 1179//1179 1241//1241 1178//1178
f 1178//1178 1241//1241 1239//1239
f 1241//1241 1240//1240 1242//1242
f 1243//1243 1244//1244 1245//1245
f 1243//1243 1181//1181 1180//1180
f 1243//1243 1180//1180 1244//1244
f 1244//1244 1180//1180 1246//1246
f 1182//1182 1247//1247 1180//1180
f 1180//1180 1247//1247 1246//1246
f 1183//1183 1248//1248 1182//1182
f 1182//1182 1248//1248 1247//1247
f 1184//1184 1249//1249 1183//1183
f 1183//1183 1249//1249 1248//1248
f 1249//1249 1184//1184 1185//1185
f 1250//1250 1249//1249 1185//1185
f 1174//1174 1236//1236 1186//1186
f 1236//1236 1251//1251 1186//1186
f 1240//1240 1188//1188 1252//1252
f 1179//1179 1188//1188 1240//1240
f 1253//1253 1242//1242 1240//1240
f 1252//1252 1253//1253 1240//1240
f 1254//1254 1243//1243 1245//1245
f 1255//1255 1254//1254 1245//1245
f 1181//1181 1254//1254 1189//1189
f 1243//1243 1254//1254 1181//1181
f 1185//1185 1190//1190 1250//1250
f 1250//1250 1190//1190 1256//1256
f 1186//1186 1251//1251 1191//1191
f 1251//1251 1257//1257 1191//1191
f 1252//1252 1193//1193 1258//1258
f 1188//1188 1193//1193 1252//1252
f 1259//1259 1253//1253 1252//1252
f 1258//1258 1259//1259 1252//1252
f 1260//1260 1254//1254 1255//1255
f 1261//1261 1260//1260 1255//1255
f 1189//1189 1260//1260 1194//1194
f 1254//1254 1260//1260 1189//1189
f 1190//1190 1195//1195 1256//1256
f 1256//1256 1195//1195 1262//1262
f 1263//1263 1196//1196 1191//1191
f 1263//1263 1191//1191 1264//1264
f 1264//1264 1191//1191 1257//1257
f 1196//1196 1265//1265 1197//1197
f 1263//1263 1265//1265 1196//1196
f 1197//1197 1266//1266 1198//1198
f 1265//1265 1266//1266 1197//1197
f 1198//1198 1267//1267 1199//1199
f 1266//1266 1267//1267 1198//1198
f 1199//1199 1258//1258 1193//1193
f 1199//1199 1267//1267 1258//1258
f 1267//1267 1268//1268 1258//1258
f 1269//1269 1259//1259 1258//1258
f 1268//1268 1269//1269 1258//1258
f 1270//1270 1260//1260 1261//1261
f 1271//1271 1270//1270 1261//1261
f 1194//1194 1272//1272 1200//1200
f 1194//1194 1260//1260 1272//1272
f 1260//1260 1270//1270 1272//1272
f 1200//1200 1273//1273 1201//1201
f 1272//1272 1273//1273 1200//1200
f 1201//1201 1274//1274 1202//1202
f 1273//1273 1274//1274 1201//1201
f 1202//1202 1275//1275 1203//1203
f 1274//1274 1275//1275 1202//1202
f 1203//1203 1275//1275 1276//1276
f 1203//1203 1276//1276 1195//1195
f 1195//1195 1276//1276 1262//1262
f 1263//1263 1264//1264 1277//1277
f 1265//1265 1263//1263 1277//1277
f 1278//1278 1265//1265 1277//1277
f 1266//1266 1265//1265 1278//1278
f 1279//1279 1266//1266 1278//1278
f 1267//1267 1266//1266 1279//1279
f 1280//1280 1267//1267 1279//1279
f 1268//1268 1267//1267 1280//1280
f 1281//1281 1268//1268 1280//1280
f 1269//1269 1268//1268 1281//1281
f 1270//1270 1271//1271 1282//1282
f 1272//1272 1270//1270 1282//1282
f 1283//1283 1272//1272 1282//1282
f 1273//1273 1272//1272 1283//1283
f 1284//1284 1273//1273 1283//1283
f 1274//1274 1273//1273 1284//1284
f 1285//1285 1274//1274 1284//1284
f 1275//1275 1274//1274 1285//1285
f 1286//1286 1275//1275 1285//1285
f 1276//1276 1275//1275 1286//1286
f 1287//1287 1288//1288 1289//1289
f 1287//1287 1290//1290 1291//1291
f 1288//1288 1287//1287 1291//1291
f 1290//1290 1292//1292 1293//1293
f 1291//1291 1290//1290 1293//1293
f 1292//1292 1294//1294 1295//1295
f 1293//1293 1292//1292 1295//1295
f 1294//1294 1296//1296 1297//1297
f 1295//1295 1294//1294 1297//1297
f 1297//1297 1296//1296 1298//1298
f 1299//1299 1300//1300 1301//1301
f 1299//1299 1302//1302 1303//1303
f 1300//1300 1299//1299 1303//1303
f 1302//1302 1304//1304 1305//1305
f 1303//1303 1302//1302 1305//1305
f 1304//1304 1306//1306 1307//1307
f 1305//1305 1304//1304 1307//1307
f 1306//1306 1308//1308 1309//1309
f 1307//1307 1306//1306 1309//1309
f 1309//1309 1308//1308 1310//1310
f 1204//1204 1287//1287 1289//1289
f 1204//1204 1289//1289 1205//1205
f 1205//1205 1289//1289 1311//1311
f 1206//1206 1287//1287 1204//1204
f 1290//1290 1287//1287 1206//1206
f 1207//1207 1290//1290 1206//1206
f 1292//1292 1290//1290 1207//1207
f 1209//1209 1292//1292 1207//1207
f 1294//1294 1292//1292 1209//1209
f 1210//1210 1294//1294 1209//1209
f 1210//1210 1312//1312 1294//1294
f 1312//1312 1296//1296 1294//1294
f 1313//1313 1298//1298 1296//1296
f 1312//1312 1313//1313 1296//1296
f 1314//1314 1299//1299 1301//1301
f 1315//1315 1314//1314 1301//1301
f 1211//1211 1314//1314 1212//1212
f 1211//1211 1302//1302 1314//1314
f 1302//1302 1299//1299 1314//1314
f 1213//1213 1302//1302 1211//1211
f 1304//1304 1302//1302 1213//1213
f 1214//1214 1304//1304 1213//1213
f 1306//1306 1304//1304 1214//1214
f 1215//1215 1306//1306 1214//1214
f 1308//1308 1306//1306 1215//1215
f 1308//1308 1215//1215 1216//1216
f 1308//1308 1216//1216 1310//1310
f 1310//1310 1216//1216 1316//1316
f 1205//1205 1311//1311 1217//1217
f 1311//1311 1317//1317 1217//1217
f 1312//1312 1219//1219 1318//1318
f 1210//1210 1219//1219 1312//1312
f 1319//1319 1313//1313 1312//1312
f 1318//1318 1319//1319 1312//1312
f 1320//1320 1314//1314 1315//1315
f 1321//1321 1320//1320 1315//1315
f 1212//1212 1320//1320 1220//1220
f 1314//1314 1320//1320 1212//1212
f 1216//1216 1221//1221 1316//1316
f 1316//1316 1221//1221 1322//1322
f 1217//1217 1317//1317 1222//1222
f 1317//1317 1323//1323 1222//1222
f 1318//1318 1224//1224 1324//1324
f 1219//1219 1224//1224 1318//1318
f 1325//1325 1319//1319 1318//1318
f 1324//1324 1325//1325 1318//1318
f 1326//1326 1320//1320 1321//1321
f 1327//1327 1326//1326 1321//1321
f 1220//1220 1326//1326 1225//1225
f 1320//1320 1326//1326 1220//1220
f 1221//1221 1226//1226 1322//1322
f 1322//1322 1226//1226 1328//1328
f 1222//1222 1323//1323 1329//1329
f 1227//1227 1222//1222 1329//1329
f 1228//1228 1227//1227 1330//1330
f 1227//1227 1329//1329 1330//1330
f 1229//1229 1228//1228 1331//1331
f 1228//1228 1330//1330 1331//1331
f 1230//1230 1229//1229 1332//1332
f 1229//1229 1331//1331 1332//1332
f 1324//1324 1224//1224 1230//1230
f 1324//1324 1230//1230 1333//1333
f 1333//1333 1230//1230 1332//1332
f 1325//1325 1324//1324 1333//1333
f 1326//1326 1327//1327 1334//1334
f 1225//1225 1326//1326 1334//1334
f 1225//1225 1334//1334 1231//1231
f 1231//1231 1334//1334 1335//1335
f 1232//1232 1231//1231 1336//1336
f 1231//1231 1335//1335 1336//1336
f 1233//1233 1232//1232 1337//1337
f 1232//1232 1336//1336 1337//1337
f 1234//1234 1233//1233 1338//1338
f 1233//1233 1337//1337 1338//1338
f 1328//1328 1226//1226 1234//1234
f 1338//1338 1328//1328 1234//1234
f 1235//1235 1339//1339 1340//1340
f 1236//1236 1235//1235 1340//1340
f 1237//1237 1341//1341 1235//1235
f 1235//1235 1341//1341 1339//1339
f 1238//1238 1342//1342 1237//1237
f 1237//1237 1342//1342 1341//1341
f 1239//1239 1343//1343 1238//1238
f 1238//1238 1343//1343 1342//1342
f 1241//1241 1344//1344 1239//1239
f 1239//1239 1344//1344 1343//1343
f 1242//1242 1345//1345 1346//1346
f 1242//1242 1346//1346 1241//1241
f 1241//1241 1346//1346 1344//1344
f 1345//1345 1347//1347 1348//1348
f 1346//1346 1345//1345 1348//1348
f 1347//1347 1349//1349 1350//1350
f 1348//1348 1347//1347 1350//1350
f 1349//1349 1351//1351 1352//1352
f 1350//1350 1349//1349 1352//1352
f 1351//1351 1353//1353 1354//1354
f 1352//1352 1351//1351 1354//1354
f 1353//1353 1245//1245 1244//1244
f 1353//1353 1244//1244 1354//1354
f 1354//1354 1244//1244 1355//1355
f 1246//1246 1356//1356 1244//1244
f 1244//1244 1356//1356 1355//1355
f 1247//1247 1357//1357 1246//1246
f 1246//1246 1357//1357 1356//1356
f 1248//1248 1358//1358 1247//1247
f 1247//1247 1358//1358 1357//1357
f 1249//1249 1359//1359 1248//1248
f 1248//1248 1359//1359 1358//1358
f 1359//1359 1249//1249 1250//1250
f 1360//1360 1359//1359 1250//1250
f 1236//1236 1340//1340 1251//1251
f 1340//1340 1361//1361 1251//1251
f 1345//1345 1253//1253 1362//1362
f 1242//1242 1253//1253 1345//1345
f 1347//1347 1345//1345 1363//1363
f 1363//1363 1345//1345 1362//1362
f 1349//1349 1347//1347 1364//1364
f 1364//1364 1347//1347 1363//1363
f 1351//1351 1349//1349 1365//1365
f 1365//1365 1349//1349 1364//1364
f 1353//1353 1351//1351 1366//1366
f 1366//1366 1351//1351 1365//1365
f 1245//1245 1366//1366 1255//1255
f 1353//1353 1366//1366 1245//1245
f 1250//1250 1256//1256 1360//1360
f 1360//1360 1256//1256 1367//1367
f 1251//1251 1361//1361 1257//1257
f 1361//1361 1368//1368 1257//1257
f 1362//1362 1259//1259 1369//1369
f 1253//1253 1259//1259 1362//1362
f 1363//1363 1362//1362 1370//1370
f 1370//1370 1362//1362 1369//1369
f 1364//1364 1363//1363 1371//1371
f 1371//1371 1363//1363 1370//1370
f 1365//1365 1364//1364 1372//1372
f 1372//1372 1364//1364 1371//1371
f 1366//1366 1365//1365 1373//1373
f 1373//1373 1365//1365 1372//1372
f 1255//1255 1373//1373 1261//1261
f 1366//1366 1373//1373 1255//1255
f 1256//1256 1262//1262 1367//1367
f 1367//1367 1262//1262 1374//1374
f 1257//1257 1368//1368 1264//1264
f 1368//1368 1375//1375 1264//1264
f 1369//1369 1269//1269 1376//1376
f 1259//1259 1269//1269 1369//1369
f 1370//1370 1369//1369 1377//1377
f 1377//1377 1369//1369 1376//1376
f 1371//1371 1370//1370 1378//1378
f 1378//1378 1370//1370 1377//1377
f 1372//1372 1371//1371 1379//1379
f 1379//1379 1371//1371 1378//1378
f 1373//1373 1372//1372 1380//1380
f 1380//1380 1372//1372 1379//1379
f 1261//1261 1380//1380 1271//1271
f 1373//1373 1380//1380 1261//1261
f 1262//1262 1276//1276 1374//1374
f 1374//1374 1276//1276 1381//1381
f 1382//1382 1277//1277 1264//1264
f 1382//1382 1264//1264 1383//1383
f 1383//1383 1264//1264 1375//1375
f 1277//1277 1384//1384 1278//1278
f 1382//1382 1384//1384 1277//1277
f 1278//1278 1385//1385 1279//1279
f 1384//1384 1385//1385 1278//1278
f 1279//1279 1386//1386 1280//1280
f 1385//1385 1386//1386 1279//1279
f 1280//1280 1387//1387 1281//1281
f 1386//1386 1387//1387 1280//1280
f 1281//1281 1376//1376 1269//1269
f 1281//1281 1387//1387 1376//1376
f 1387//1387 1388//1388 1376//1376
f 1377//1377 1376//1376 1389//1389
f 1389//1389 1376//1376 1388//1388
f 1378//1378 1377//1377 1390//1390
f 1390//1390 1377//1377 1389//1389
f 1379//1379 1378//1378 1391//1391
f 1391//1391 1378//1378 1390//1390
f 1380//1380 1379//1379 1392//1392
f 1392//1392 1379//1379 1391//1391
f 1271//1271 1393//1393 1282//1282
f 1271//1271 1380//1380 1393//1393
f 1380//1380 1392//1392 1393//1393
f 1282//1282 1394//1394 1283//1283
f 1393//1393 1394//1394 1282//1282
f 1283//1283 1395//1395 1284//1284
f 1394//1394 1395//1395 1283//1283
f 1284//1284 1396//1396 1285//1285
f 1395//1395 1396//1396 1284//1284
f 1285//1285 1397//1397 1286//1286
f 1396//1396 1397//1397 1285//1285
f 1286//1286 1397//1397 1398//1398
f 1286//1286 1398//1398 1276//1276
f 1276//1276 1398//1398 1381//1381
f 1399//1399 1382//1382 1383//1383
f 1400//1400 1399//1399 1383//1383
f 1384//1384 1382//1382 1401//1401
f 1401//1401 1382//1382 1399//1399
f 1385//1385 1384//1384 1402//1402
f 1402//1402 1384//1384 1401//1401
f 1386//1386 1385//1385 1403//1403
f 1403//1403 1385//1385 1402//1402
f 1387//1387 1386//1386 1404//1404
f 1404//1404 1386//1386 1403//1403
f 1388//1388 1387//1387 1405//1405
f 1405//1405 1387//1387 1404//1404
f 1389//1389 1388//1388 1406//1406
f 1406//1406 1388//1388 1405//1405
f 1390//1390 1389//1389 1407//1407
f 1407//1407 1389//1389 1406//1406
f 1391//1391 1390//1390 1408//1408
f 1408//1408 1390//1390 1407//1407
f 1392//1392 1391//1391 1409//1409
f 1409//1409 1391//1391 1408//1408
f 1393//1393 1392//1392 1410//1410
f 1410//1410 1392//1392 1409//1409
f 1394//1394 1393//1393 1411//1411
f 1411//1411 1393//1393 1410//1410
f 1395//1395 1394//1394 1412//1412
f 1412//1412 1394//1394 1411//1411
f 1396//1396 1395//1395 1413//1413
f 1413//1413 1395//1395 1412//1412
f 1397//1397 1396//1396 1414//1414
f 1414//1414 1396//1396 1413//1413
f 1415//1415 1398//1398 1397//1397
f 1414//1414 1415//1415 1397//1397
f 1416//1416 1399//1399 1400//1400
f 1417//1417 1416//1416 1400//1400
f 1401//1401 1399//1399 1418//1418
f 1418//1418 1399//1399 1416//1416
f 1402//1402 1401//1401 1419//1419
f 1419//1419 1401//1401 1418//1418
f 1403//1403 1402//1402 1420//1420
f 1420//1420 1402//1402 1419//1419
f 1404//1404 1403//1403 1421//1421
f 1421//1421 1403//1403 1420//1420
f 1405//1405 1404//1404 1422//1422
f 1422//1422 1404//1404 1421//1421
f 1406//1406 1405//1405 1423//1423
f 1423//1423 1405//1405 1422//1422
f 1407//1407 1406//1406 1424//1424
f 1424//1424 1406//1406 1423//1423
f 1408//1408 1407//1407 1425//1425
f 1425//1425 1407//1407 1424//1424
f 1409//1409 1408//1408 1426//1426
f 1426//1426 1408//1408 1425//1425
f 1410//1410 1409//1409 1427//1427
f 1427//1427 1409//1409 1426//1426
f 1411//1411 1410//1410 1428//1428
f 1428//1428 1410//1410 1427//1427
f 1412//1412 1411//1411 1429//1429
f 1429//1429 1411//1411 1428//1428
f 1413//1413 1412//1412 1430//1430
f 1430//1430 1412//1412 1429//1429
f 1414//1414 1413//1413 1431//1431
f 1431//1431 1413//1413 1430//1430
f 1432//1432 1415//1415 1414//1414
f 1431//1431 1432//1432 1414//1414
f 1433//1433 1416//1416 1417//1417
f 1434//1434 1433//1433 1417//1417
f 1418//1418 1416//1416 1435//1435
f 1435//1435 1416//1416 1433//1433
f 1419//1419 1418//1418 1436//1436
f 1436//1436 1418//1418 1435//1435
f 1420//1420 1419//1419 1437//1437
f 1437//1437 1419//1419 1436//1436
f 1421//1421 1420//1420 1438//1438
f 1438//1438 1420//1420 1437//1437
f 1422//1422 1421//1421 1439//1439
f 1439//1439 1421//1421 1438//1438
f 1423//1423 1422//1422 1440//1440
f 1440//1440 1422//1422 1439//1439
f 1424//1424 1423//1423 1441//1441
f 1441//1441 1423//1423 1440//1440
f 1425//1425 1424//1424 1442//1442
f 1442//1442 1424//1424 1441//1441
f 1426//1426 1425//1425 1443//1443
f 1443//1443 1425//1425 1442//1442
f 1427//1427 1426//1426 1444//1444
f 1444//1444 1426//1426 1443//1443
f 1428//1428 1427//1427 1445//1445
f 1445//1445 1427//1427 1444//1444
f 1429//1429 1428//1428 1446//1446
f 1446//1446 1428//1428 1445//1445
f 1430//1430 1429//1429 1447//1447
f 1447//1447 1429//1429 1446//1446
f 1431//1431 1430//1430 1448//1448
f 1448//1448 1430//1430 1447//1447
f 1449//1449 1432//1432 1431//1431
f 1448//1448 1449//1449 1431//1431
f 1450//1450 1433//1433 1434//1434
f 1451//1451 1450//1450 1434//1434
f 1435//1435 1433//1433 1452//1452
f 1452//1452 1433//1433 1450//1450
f 1436//1436 1435//1435 1453//1453
f 1453//1453 1435//1435 1452//1452
f 1437//1437 1436//1436 1454//1454
f 1454//1454 1436//1436 1453//1453
f 1438//1438 1437//1437 1455//1455
f 1455//1455 1437//1437 1454//1454
f 1439//1439 1438//1438 1456//1456
f 1456//1456 1438//1438 1455//1455
f 1440//1440 1439//1439 1457//1457
f 1457//1457 1439//1439 1456//1456
f 1441//1441 1440//1440 1458//1458
f 1458//1458 1440//1440 1457//1457
f 1442//1442 1441//1441 1459//1459
f 1459//1459 1441//1441 1458//1458
f 1443//1443 1442//1442 1460//1460
f 1460//1460 1442//1442 1459//1459
f 1444//1444 1443//1443 1461//1461
f 1461//1461 1443//1443 1460//1460
f 1445//1445 1444//1444 1462//1462
f 1462//1462 1444//1444 1461//1461
f 1446//1446 1445//1445 1463//1463
f 1463//1463 1445//1445 1462//1462
f 1447//1447 1446//1446 1464//1464
f 1464//1464 1446//1446 1463//1463
f 1448//1448 1447//1447 1465//1465
f 1465//1465 1447//1447 1464//1464
f 1466//1466 1449//1449 1448//1448
f 1465//1465 1466//1466 1448//1448
f 1467//1467 1450//1450 1451//1451
f 1468//1468 1467//1467 1451//1451
f 1452//1452 1450//1450 1469//1469
f 1469//1469 1450//1450 1467//1467
f 1453//1453 1452//1452 1470//1470
f 1470//1470 1452//1452 1469//1469
f 1454//1454 1453//1453 1471//1471
f 1471//1471 1453//1453 1470//1470
f 1455//1455 1454//1454 1472//1472
f 1472//1472 1454//1454 1471//1471
f 1456//1456 1455//1455 1473//1473
f 1473//1473 1455//1455 1472//1472
f 1457//1457 1456//1456 1474//1474
f 1474//1474 1456//1456 1473//1473
f 1458//1458 1457//1457 1475//1475
f 1475//1475 1457//1457 1474//1474
f 1459//1459 1458//1458 1476//1476
f 1476//1476 1458//1458 1475//1475
f 1460//1460 1459//1459 1477//1477
f 1477//1477 1459//1459 1476//1476
f 1461//1461 1460//1460 1478//1478
f 1478//1478 1460//1460 1477//1477
f 1462//1462 1461//1461 1479//1479
f 1479//1479 1461//1461 1478//1478
f 1463//1463 1462//1462 1480//1480
f 1480//1480 1462//1462 1479//1479
f 1464//1464 1463//1463 1481//1481
f 1481//1481 1463//1463 1480//1480
f 1465//1465 1464//1464 1482//1482
f 1482//1482 1464//1464 1481//1481
f 1483//1483 1466//1466 1465//1465
f 1482//1482 1483//1483 1465//1465
f 1288//1288 1467//1467 1468//1468
f 1288//1288 1468//1468 1289//1289
f 1289//1289 1468//1468 1484//1484
f 1291//1291 1467//1467 1288//1288
f 1469//1469 1467//1467 1291//1291
f 1293//1293 1469//1469 1291//1291
f 1470//1470 1469//1469 1293//1293
f 1295//1295 1470//1470 1293//1293
f 1471//1471 1470//1470 1295//1295
f 1297//1297 1471//1471 1295//1295
f 1472//1472 1471//1471 1297//1297
f 1298//1298 1472//1472 1297//1297
f 1298//1298 1485//1485 1472//1472
f 1485//1485 1473//1473 1472//1472
f 1474//1474 1473//1473 1486//1486
f 1486//1486 1473//1473 1485//1485
f 1475//1475 1474//1474 1487//1487
f 1487//1487 1474//1474 1486//1486
f 1476//1476 1475//1475 1488//1488
f 1488//1488 1475//1475 1487//1487
f 1477//1477 1476//1476 1489//1489
f 1489//1489 1476//1476 1488//1488
f 1300//1300 1489//1489 1301//1301
f 1300//1300 1478//1478 1489//1489
f 1478//1478 1477//1477 1489//1489
f 1303//1303 1478//1478 1300//1300
f 1479//1479 1478//1478 1303//1303
f 1305//1305 1479//1479 1303//1303
f 1480//1480 1479//1479 1305//1305
f 1307//1307 1480//1480 1305//1305
f 1481//1481 1480//1480 1307//1307
f 1309//1309 1481//1481 1307//1307
f 1482//1482 1481//1481 1309//1309
f 1482//1482 1309//1309 1310//1310
f 1482//1482 1310//1310 1483//1483
f 1483//1483 1310//1310 1490//1490
f 1289//1289 1484//1484 1311//1311
f 1484//1484 1491//1491 1311//1311
f 1485//1485 1313//1313 1492//1492
f 1298//1298 1313//1313 1485//1485
f 1486//1486 1485//1485 1493//1493
f 1493//1493 1485//1485 1492//1492
f 1487//1487 1486//1486 1494//1494
f 1494//1494 1486//1486 1493//1493
f 1488//1488 1487//1487 1495//1495
f 1495//1495 1487//1487 1494//1494
f 1489//1489 1488//1488 1496//1496
f 1496//1496 1488//1488 1495//1495
f 1301//1301 1496//1496 1315//1315
f 1489//1489 1496//1496 1301//1301
f 1310//1310 1316//1316 1490//1490
f 1490//1490 1316//1316 1497//1497
f 1311//1311 1491//1491 1317//1317
f 1491//1491 1498//1498 1317//1317
f 1492//1492 1319//1319 1499//1499
f 1313//1313 1319//1319 1492//1492
f 1493//1493 1492//1492 1500//1500
f 1500//1500 1492//1492 1499//1499
f 1494//1494 1493//1493 1501//1501
f 1501//1501 1493//1493 1500//1500
f 1495//1495 1494//1494 1502//1502
f 1502//1502 1494//1494 1501//1501
f 1496//1496 1495//1495 1503//1503
f 1503//1503 1495//1495 1502//1502
f 1315//1315 1503//1503 1321//1321
f 1496//1496 1503//1503 1315//1315
f 1316//1316 1322//1322 1497//1497
f 1497//1497 1322//1322 1504//1504
f 1317//1317 1498//1498 1323//1323
f 1498//1498 1505//1505 1323//1323
f 1499//1499 1325//1325 1506//1506
f 1319//1319 1325//1325 1499//1499
f 1500//1500 1499//1499 1507//1507
f 1507//1507 1499//1499 1506//1506
f 1501//1501 1500//1500 1508//1508
f 1508//1508 1500//1500 1507//1507
f 1502//1502 1501//1501 1509//1509
f 1509//1509 1501//1501 1508//1508
f 1503//1503 1502//1502 1510//1510
f 1510//1510 1502//1502 1509//1509
f 1321//1321 1510//1510 1327//1327
f 1503//1503 1510//1510 1321//1321
f 1322//1322 1328//1328 1504//1504
f 1504//1504 1328//1328 1511//1511
f 1323//1323 1505//1505 1512//1512
f 1329//1329 1323//1323 1512//1512
f 1330//1330 1329//1329 1513//1513
f 1329//1329 1512//1512 1513//1513
f 1331//1331 1330//1330 1514//1514
f 1330//1330 1513//1513 1514//1514
f 1332//1332 1331//1331 1515//1515
f 1331//1331 1514//1514 1515//1515
f 1333//1333 1332//1332 1516//1516
f 1332//1332 1515//1515 1516//1516
f 1506//1506 1325//1325 1333//1333
f 1506//1506 1333//1333 1517//1517
f 1517//1517 1333//1333 1516//1516
f 1507//1507 1506//1506 1517//1517
f 1518//1518 1507//1507 1517//1517
f 1508//1508 1507//1507 1518//1518
f 1519//1519 1508//1508 1518//1518
f 1509//1509 1508//1508 1519//1519
f 1520//1520 1509//1509 1519//1519
f 1510//1510 1509//1509 1520//1520
f 1521//1521 1510//1510 1520//1520
f 1327//1327 1510//1510 1521//1521
f 1327//1327 1521//1521 1334//1334
f 1334//1334 1521//1521 1522//1522
f 1335//1335 1334//1334 1523//1523
f 1334//1334 1522//1522 1523//1523
f 1336//1336 1335//1335 1524//1524
f 1335//1335 1523//1523 1524//1524
f 1337//1337 1336//1336 1525//1525
f 1336//1336 1524//1524 1525//1525
f 1338//1338 1337//1337 1526//1526
f 1337//1337 1525//1525 1526//1526
f 1511//1511 1328//1328 1338//1338
f 1526//1526 1511//1511 1338//1338
f 1339//1339 1527//1527 1528//1528
f 1340//1340 1339//1339 1528//1528
f 1341//1341 1529//1529 1339//1339
f 1339//1339 1529//1529 1527//1527
f 1342//1342 1530//1530 1341//1341
f 1341//1341 1530//1530 1529//1529
f 1343//1343 1531//1531 1342//1342
f 1342//1342 1531//1531 1530//1530
f 1344//1344 1532//1532 1343//1343
f 1343//1343 1532//1532 1531//1531
f 1346//1346 1533//1533 1344//1344
f 1344//1344 1533//1533 1532//1532
f 1348//1348 1534//1534 1346//1346
f 1346//1346 1534//1534 1533//1533
f 1350//1350 1535//1535 1348//1348
f 1348//1348 1535//1535 1534//1534
f 1352//1352 1536//1536 1350//1350
f 1350//1350 1536//1536 1535//1535
f 1354//1354 1537//1537 1352//1352
f 1352//1352 1537//1537 1536//1536
f 1355//1355 1538//1538 1354//1354
f 1354//1354 1538//1538 1537//1537
f 1356//1356 1539//1539 1355//1355
f 1355//1355 1539//1539 1538//1538
f 1357//1357 1540//1540 1356//1356
f 1356//1356 1540//1540 1539//1539
f 1358//1358 1541//1541 1357//1357
f 1357//1357 1541//1541 1540//1540
f 1359//1359 1542//1542 1358//1358
f 1358//1358 1542//1542 1541//1541
f 1542//1542 1359//1359 1360//1360
f 1543//1543 1542//1542 1360//1360
f 1340//1340 1528//1528 1361//1361
f 1528//1528 1544//1544 1361//1361
f 1360//1360 1367//1367 1543//1543
f 1543//1543 1367//1367 1545//1545
f 1361//1361 1544//1544 1368//1368
f 1544//1544 1546//1546 1368//1368
f 1367//1367 1374//1374 1545//1545
f 1545//1545 1374//1374 1547//1547
f 1368//1368 1546//1546 1375//1375
f 1546//1546 1548//1548 1375//1375
f 1374//1374 1381//1381 1547//1547
f 1547//1547 1381//1381 1549//1549
f 1375//1375 1548//1548 1383//1383
f 1548//1548 1550//1550 1383//1383
f 1381//1381 1398//1398 1549//1549
f 1549//1549 1398//1398 1551//1551
f 1383//1383 1550//1550 1400//1400
f 1550//1550 1552//1552 1400//1400
f 1398//1398 1415//1415 1551//1551
f 1551//1551 1415//1415 1553//1553
f 1400//1400 1552//1552 1417//1417
f 1552//1552 1554//1554 1417//1417
f 1415//1415 1432//1432 1553//1553
f 1553//1553 1432//1432 1555//1555
f 1417//1417 1554//1554 1434//1434
f 1554//1554 1556//1556 1434//1434
f 1432//1432 1449//1449 1555//1555
f 1555//1555 1449//1449 1557//1557
f 1434//1434 1556//1556 1451//1451
f 1556//1556 1558//1558 1451//1451
f 1449//1449 1466//1466 1557//1557
f 1557//1557 1466//1466 1559//1559
f 1451//1451 1558//1558 1468//1468
f 1558//1558 1560//1560 1468//1468
f 1466//1466 1483//1483 1559//1559
f 1559//1559 1483//1483 1561//1561
f 1468//1468 1560//1560 1484//1484
f 1560//1560 1562//1562 1484//1484
f 1483//1483 1490//1490 1561//1561
f 1561//1561 1490//1490 1563//1563
f 1484//1484 1562//1562 1491//1491
f 1562//1562 1564//1564 1491//1491
f 1490//1490 1497//1497 1563//1563
f 1563//1563 1497//1497 1565//1565
f 1491//1491 1564//1564 1498//1498
f 1564//1564 1566//1566 1498//1498
f 1497//1497 1504//1504 1565//1565
f 1565//1565 1504//1504 1567//1567
f 1498//1498 1566//1566 1505//1505
f 1566//1566 1568//1568 1505//1505
f 1504//1504 1511//1511 1567//1567
f 1567//1567 1511//1511 1569//1569
f 1505//1505 1568//1568 1570//1570
f 1512//1512 1505//1505 1570//1570
f 1513//1513 1512//1512 1571//1571
f 1512//1512 1570//1570 1571//1571
f 1514//1514 1513//1513 1572//1572
f 1513//1513 1571//1571 1572//1572
f 1515//1515 1514//1514 1573//1573
f 1514//1514 1572//1572 1573//1573
f 1516//1516 1515//1515 1574//1574
f 1515//1515 1573//1573 1574//1574
f 1517//1517 1516//1516 1575//1575
f 1516//1516 1574//1574 1575//1575
f 1518//1518 1517//1517 1576//1576
f 1517//1517 1575//1575 1576//1576
f 1519//1519 1518//1518 1577//1577
f 1518//1518 1576//1576 1577//1577
f 1520//1520 1519//1519 1578//1578
f 1519//1519 1577//1577 1578//1578
f 1521//1521 1520//1520 1579//1579
f 1520//1520 1578//1578 1579//1579
f 1522//1522 1521//1521 1580//1580
f 1521//1521 1579//1579 1580//1580
f 1523//1523 1522//1522 1581//1581
f 1522//1522 1580//1580 1581//1581
f 1524//1524 1523//1523 1582//1582
f 1523//1523 1581//1581 1582//1582
f 1525//1525 1524//1524 1583//1583
f 1524//1524 1582//1582 1583//1583
f 1526//1526 1525//1525 1584//1584
f 1525//1525 1583//1583 1584//1584
f 1569//1569 1511//1511 1526//1526
f 1584//1584 1569//1569 1526//1526
f 1527//1527 1585//1585 1586//1586
f 1528//1528 1527//1527 1586//1586
f 1529//1529 1587//1587 1527//1527
f 1527//1527 1587//1587 1585//1585
f 1530//1530 1588//1588 1529//1529
f 1529//1529 1588//1588 1587//1587
f 1531//1531 1589//1589 1530//1530
f 1530//1530 1589//1589 1588//1588
f 1532//1532 1590//1590 1531//1531
f 1531//1531 1590//1590 1589//1589
f 1533//1533 1591//1591 1532//1532
f 1532//1532 1591//1591 1590//1590
f 1534//1534 1592//1592 1533//1533
f 1533//1533 1592//1592 1591//1591
f 1535//1535 1593//1593 1534//1534
f 1534//1534 1593//1593 1592//1592
f 1536//1536 1594//1594 1535//1535
f 1535//1535 1594//1594 1593//1593
f 1537//1537 1595//1595 1536//1536
f 1536//1536 1595//1595 1594//1594
f 1538//1538 1596//1596 1537//1537
f 1537//1537 1596//1596 1595//1595
f 1539//1539 1597//1597 1538//1538
f 1538//1538 1597//1597 1596//1596
f 1540//1540 1598//1598 1539//1539
f 1539//1539 1598//1598 1597//1597
f 1541//1541 1599//1599 1540//1540
f 1540//1540 1599//1599 1598//1598
f 1542//1542 1600//1600 1541//1541
f 1541//1541 1600//1600 1599//1599
f 1600//1600 1542//1542 1543//1543
f 1601//1601 1600//1600 1543//1543
f 1528//1528 1586//1586 1544//1544
f 1586//1586 1602//1602 1544//1544
f 1543//1543 1545//1545 1601//1601
f 1601//1601 1545//1545 1603//1603
f 1544//1544 1602//1602 1546//1546
f 1602//1602 1604//1604 1546//1546
f 1545//1545 1547//1547 1603//1603
f 1603//1603 1547//1547 1605//1605
f 1546//1546 1604//1604 1548//1548
f 1604//1604 1606//1606 1548//1548
f 1547//1547 1549//1549 1605//1605
f 1605//1605 1549//1549 1607//1607
f 1548//1548 1606//1606 1550//1550
f 1606//1606 1608//1608 1550//1550
f 1549//1549 1551//1551 1607//1607
f 1607//1607 1551//1551 1609//1609
f 1550//1550 1608//1608 1552//1552
f 1608//1608 1610//1610 1552//1552
f 1551//1551 1553//1553 1609//1609
f 1609//1609 1553//1553 1611//1611
f 1552//1552 1610//1610 1554//1554
f 1610//1610 1612//1612 1554//1554
f 1553//1553 1555//1555 1611//1611
f 1611//1611 1555//1555 1613//1613
f 1554//1554 1612//1612 1556//1556
f 1612//1612 1614//1614 1556//1556
f 1555//1555 1557//1557 1613//1613
f 1613//1613 1557//1557 1615//1615
f 1556//1556 1614//1614 1558//1558
f 1614//1614 1616//1616 1558//1558
f 1557//1557 1559//1559 1615//1615
f 1615//1615 1559//1559 1617//1617
f 1558//1558 1616//1616 1560//1560
f 1616//1616 1618//1618 1560//1560
f 1559//1559 1561//1561 1617//1617
f 1617//1617 1561//1561 1619//1619
f 1560//1560 1618//1618 1562//1562
f 1618//1618 1620//1620 1562//1562
f 1561//1561 1563//1563 1619//1619
f 1619//1619 1563//1563 1621//1621
f 1562//1562 1620//1620 1564//1564
f 1620//1620 1622//1622 1564//1564
f 1563//1563 1565//1565 1621//1621
f 1621//1621 1565//1565 1623//1623
f 1564//1564 1622//1622 1566//1566
f 1622//1622 1624//1624 1566//1566
f 1565//1565 1567//1567 1623//1623
f 1623//1623 1567//1567 1625//1625
f 1566//1566 1624//1624 1568//1568
f 1624//1624 1626//1626 1568//1568
f 1567//1567 1569//1569 1625//1625
f 1625//1625 1569//1569 1627//1627
f 1568//1568 1626//1626 1628//1628
f 1570//1570 1568//1568 1628//1628
f 1571//1571 1570//1570 1629//1629
f 1570//1570 1628//1628 1629//1629
f 1572//1572 1571//1571 1630//1630
f 1571//1571 1629//1629 1630//1630
f 1573//1573 1572//1572 1631//1631
f 1572//1572 1630//1630 1631//1631
f 1574//1574 1573//1573 1632//1632
f 1573//1573 1631//1631 1632//1632
f 1575//1575 1574//1574 1633//1633
f 1574//1574 1632//1632 1633//1633
f 1576//1576 1575//1575 1634//1634
f 1575//1575 1633//1633 1634//1634
f 1577//1577 1576//1576 1635//1635
f 1576//1576 1634//1634 1635//1635
f 1578//1578 1577//1577 1636//1636
f 1577//1577 1635//1635 1636//1636
f 1579//1579 1578//1578 1637//1637
f 1578//1578 1636//1636 1637//1637
f 1580//1580 1579//1579 1638//1638
f 1579//1579 1637//1637 1638//1638
f 1581//1581 1580//1580 1639//1639
f 1580//1580 1638//1638 1639//1639
f 1582//1582 1581//1581 1640//1640
f 1581//1581 1639//1639 1640//1640
f 1583//1583 1582//1582 1641//1641
f 1582//1582 1640//1640 1641//1641
f 1584//1584 1583//1583 1642//1642
f 1583//1583 1641//1641 1642//1642
f 1627//1627 1569//1569 1584//1584
f 1642//1642 1627//1627 1584//1584
f 1585//1585 1643//1643 1586//1586
f 1585//1585 1587//1587 1644//1644
f 1643//1643 1585//1585 1644//1644
f 1587//1587 1588//1588 1645//1645
f 1644//1644 1587//1587 1645//1645
f 1588//1588 1589//1589 1646//1646
f 1645//1645 1588//1588 1646//1646
f 1589//1589 1590//1590 1647//1647
f 1646//1646 1589//1589 1647//1647
f 1590//1590 1591//1591 1648//1648
f 1647//1647 1590//1590 1648//1648
f 1591//1591 1592//1592 1649//1649
f 1648//1648 1591//1591 1649//1649
f 1592//1592 1593//1593 1650//1650
f 1649//1649 1592//1592 1650//1650
f 1593//1593 1594//1594 1651//1651
f 1650//1650 1593//1593 1651//1651
f 1594//1594 1595//1595 1652//1652
f 1651//1651 1594//1594 1652//1652
f 1595//1595 1596//1596 1653//1653
f 1652//1652 1595//1595 1653//1653
f 1596//1596 1597//1597 1654//1654
f 1653//1653 1596//1596 1654//1654
f 1597//1597 1598//1598 1655//1655
f 1654//1654 1597//1597 1655//1655
f 1598//1598 1599//1599 1656//1656
f 1655//1655 1598//1598 1656//1656
f 1599//1599 1600//1600 1657//1657
f 1656//1656 1599//1599 1657//1657
f 1600//1600 1601//1601 1657//1657
f 1643//1643 1658//1658 1602//1602
f 1586//1586 1643//1643 1602//1602
f 1644//1644 1659//1659 1643//1643
f 1659//1659 1658//1658 1643//1643
f 1645//1645 1660//1660 1644//1644
f 1660//1660 1659//1659 1644//1644
f 1646//1646 1661//1661 1645//1645
f 1661//1661 1660//1660 1645//1645
f 1647//1647 1662//1662 1646//1646
f 1662//1662 1661//1661 1646//1646
f 1648//1648 1663//1663 1647//1647
f 1663//1663 1662//1662 1647//1647
f 1649//1649 1664//1664 1648//1648
f 1664//1664 1663//1663 1648//1648
f 1650//1650 1665//1665 1649//1649
f 1665//1665 1664//1664 1649//1649
f 1651//1651 1666//1666 1650//1650
f 1666//1666 1665//1665 1650//1650
f 1652//1652 1667//1667 1651//1651
f 1667//1667 1666//1666 1651//1651
f 1653//1653 1668//1668 1652//1652
f 1668//1668 1667//1667 1652//1652
f 1654//1654 1669//1669 1653//1653
f 1669//1669 1668//1668 1653//1653
f 1655//1655 1670//1670 1654//1654
f 1670//1670 1669//1669 1654//1654
f 1656//1656 1671//1671 1655//1655
f 1671//1671 1670//1670 1655//1655
f 1657//1657 1672//1672 1656//1656
f 1672//1672 1671//1671 1656//1656
f 1601//1601 1603//1603 1672//1672
f 1657//1657 1601//1601 1672//1672
f 1658//1658 1673//1673 1604//1604
f 1602//1602 1658//1658 1604//1604
f 1659//1659 1674//1674 1658//1658
f 1674//1674 1673//1673 1658//1658
f 1660//1660 1675//1675 1659//1659
f 1675//1675 1674//1674 1659//1659
f 1661//1661 1676//1676 1660//1660
f 1676//1676 1675//1675 1660//1660
f 1662//1662 1677//1677 1661//1661
f 1677//1677 1676//1676 1661//1661
f 1678//1678 1663//1663 1679//1679
f 1678//1678 1677//1677 1663//1663
f 1677//1677 1662//1662 1663//1663
f 1664//1664 1679//1679 1663//1663
f 1680//1680 1679//1679 1664//1664
f 1665//1665 1680//1680 1664//1664
f 1681//1681 1680//1680 1665//1665
f 1666//1666 1681//1681 1665//1665
f 1682//1682 1681//1681 1666//1666
f 1667//1667 1682//1682 1666//1666
f 1683//1683 1682//1682 1667//1667
f 1683//1683 1684//1684 1685//1685
f 1683//1683 1667//1667 1684//1684
f 1667//1667 1668//1668 1684//1684
f 1669//1669 1686//1686 1668//1668
f 1686//1686 1684//1684 1668//1668
f 1670//1670 1687//1687 1669//1669
f 1687//1687 1686//1686 1669//1669
f 1671//1671 1688//1688 1670//1670
f 1688//1688 1687//1687 1670//1670
f 1672//1672 1689//1689 1671//1671
f 1689//1689 1688//1688 1671//1671
f 1603//1603 1605//1605 1689//1689
f 1672//1672 1603//1603 1689//1689
f 1673//1673 1690//1690 1606//1606
f 1604//1604 1673//1673 1606//1606
f 1674//1674 1691//1691 1673//1673
f 1691//1691 1690//1690 1673//1673
f 1675//1675 1692//1692 1674//1674
f 1692//1692 1691//1691 1674//1674
f 1676//1676 1693//1693 1675//1675
f 1693//1693 1692//1692 1675//1675
f 1694//1694 1677//1677 1695//1695
f 1694//1694 1693//1693 1677//1677
f 1693//1693 1676//1676 1677//1677
f 1678//1678 1695//1695 1677//1677
f 1684//1684 1696//1696 1685//1685
f 1696//1696 1697//1697 1698//1698
f 1696//1696 1684//1684 1697//1697
f 1684//1684 1686//1686 1697//1697
f 1687//1687 1699//1699 1686//1686
f 1699//1699 1697//1697 1686//1686
f 1688//1688 1700//1700 1687//1687
f 1700//1700 1699//1699 1687//1687
f 1689//1689 1701//1701 1688//1688
f 1701//1701 1700//1700 1688//1688
f 1605//1605 1607//1607 1701//1701
f 1689//1689 1605//1605 1701//1701
f 1690//1690 1702//1702 1608//1608
f 1606//1606 1690//1690 1608//1608
f 1691//1691 1703//1703 1690//1690
f 1703//1703 1702//1702 1690//1690
f 1692//1692 1704//1704 1691//1691
f 1704//1704 1703//1703 1691//1691
f 1705//1705 1693//1693 1706//1706
f 1705//1705 1704//1704 1693//1693
f 1704//1704 1692//1692 1693//1693
f 1694//1694 1706//1706 1693//1693
f 1697//1697 1707//1707 1698//1698
f 1707//1707 1708//1708 1709//1709
f 1707//1707 1697//1697 1708//1708
f 1697//1697 1699//1699 1708//1708
f 1700//1700 1710//1710 1699//1699
f 1710//1710 1708//1708 1699//1699
f 1701//1701 1711//1711 1700//1700
f 1711//1711 1710//1710 1700//1700
f 1607//1607 1609//1609 1711//1711
f 1701//1701 1607//1607 1711//1711
f 1702//1702 1712//1712 1610//1610
f 1608//1608 1702//1702 1610//1610
f 1703//1703 1713//1713 1702//1702
f 1713//1713 1712//1712 1702//1702
f 1714//1714 1704//1704 1715//1715
f 1714//1714 1713//1713 1704//1704
f 1713//1713 1703//1703 1704//1704
f 1705//1705 1715//1715 1704//1704
f 1716//1716 1709//1709 1708//1708
f 1717//1717 1709//1709 1716//1716
f 1710//1710 1718//1718 1708//1708
f 1718//1718 1716//1716 1708//1708
f 1711//1711 1719//1719 1710//1710
f 1719//1719 1718//1718 1710//1710
f 1609//1609 1611//1611 1719//1719
f 1711//1711 1609//1609 1719//1719
f 1712//1712 1720//1720 1612//1612
f 1610//1610 1712//1712 1612//1612
f 1713//1713 1721//1721 1712//1712
f 1721//1721 1720//1720 1712//1712
f 1722//1722 1713//1713 1714//1714
f 1721//1721 1713//1713 1722//1722
f 1723//1723 1717//1717 1716//1716
f 1724//1724 1717//1717 1723//1723
f 1718//1718 1725//1725 1716//1716
f 1725//1725 1723//1723 1716//1716
f 1719//1719 1726//1726 1718//1718
f 1726//1726 1725//1725 1718//1718
f 1611//1611 1613//1613 1726//1726
f 1719//1719 1611//1611 1726//1726
f 1720//1720 1727//1727 1614//1614
f 1612//1612 1720//1720 1614//1614
f 1721//1721 1728//1728 1720//1720
f 1728//1728 1727//1727 1720//1720
f 1729//1729 1721//1721 1722//1722
f 1728//1728 1721//1721 1729//1729
f 1730//1730 1724//1724 1723//1723
f 1731//1731 1724//1724 1730//1730
f 1725//1725 1732//1732 1723//1723
f 1732//1732 1730//1730 1723//1723
f 1726//1726 1733//1733 1725//1725
f 1733//1733 1732//1732 1725//1725
f 1613//1613 1615//1615 1733//1733
f 1726//1726 1613//1613 1733//1733
f 1727//1727 1734//1734 1616//1616
f 1614//1614 1727//1727 1616//1616
f 1728//1728 1735//1735 1727//1727
f 1735//1735 1734//1734 1727//1727
f 1736//1736 1728//1728 1729//1729
f 1735//1735 1728//1728 1736//1736
f 1737//1737 1731//1731 1730//1730
f 1738//1738 1731//1731 1737//1737
f 1732//1732 1739//1739 1730//1730
f 1739//1739 1737//1737 1730//1730
f 1733//1733 1740//1740 1732//1732
f 1740//1740 1739//1739 1732//1732
f 1615//1615 1617//1617 1740//1740
f 1733//1733 1615//1615 1740//1740
f 1734//1734 1741//1741 1618//1618
f 1616//1616 1734//1734 1618//1618
f 1735//1735 1742//1742 1734//1734
f 1742//1742 1741//1741 1734//1734
f 1743//1743 1735//1735 1736//1736
f 1743//1743 1744//1744 1735//1735
f 1744//1744 1742//1742 1735//1735
f 1743//1743 1745//1745 1744//1744
f 1746//1746 1738//1738 1737//1737
f 1747//1747 1738//1738 1746//1746
f 1739//1739 1748//1748 1737//1737
f 1748//1748 1746//1746 1737//1737
f 1740//1740 1749//1749 1739//1739
f 1749//1749 1748//1748 1739//1739
f 1617//1617 1619//1619 1749//1749
f 1740//1740 1617//1617 1749//1749
f 1741//1741 1750//1750 1620//1620
f 1618//1618 1741//1741 1620//1620
f 1742//1742 1751//1751 1741//1741
f 1751//1751 1750//1750 1741//1741
f 1744//1744 1752//1752 1742//1742
f 1752//1752 1751//1751 1742//1742
f 1753//1753 1744//1744 1745//1745
f 1753//1753 1754//1754 1744//1744
f 1754//1754 1752//1752 1744//1744
f 1753//1753 1755//1755 1754//1754
f 1756//1756 1757//1757 1758//1758
f 1747//1747 1756//1756 1758//1758
f 1747//1747 1746//1746 1756//1756
f 1746//1746 1759//1759 1756//1756
f 1748//1748 1760//1760 1746//1746
f 1760//1760 1759//1759 1746//1746
f 1749//1749 1761//1761 1748//1748
f 1761//1761 1760//1760 1748//1748
f 1619//1619 1621//1621 1761//1761
f 1749//1749 1619//1619 1761//1761
f 1750//1750 1762//1762 1622//1622
f 1620//1620 1750//1750 1622//1622
f 1751//1751 1763//1763 1750//1750
f 1763//1763 1762//1762 1750//1750
f 1752//1752 1764//1764 1751//1751
f 1764//1764 1763//1763 1751//1751
f 1754//1754 1765//1765 1752//1752
f 1765//1765 1764//1764 1752//1752
f 1766//1766 1754//1754 1755//1755
f 1766//1766 1767//1767 1754//1754
f 1767//1767 1765//1765 1754//1754
f 1766//1766 1768//1768 1767//1767
f 1769//1769 1770//1770 1771//1771
f 1757//1757 1769//1769 1771//1771
f 1757//1757 1756//1756 1769//1769
f 1756//1756 1772//1772 1769//1769
f 1759//1759 1773//1773 1756//1756
f 1773//1773 1772//1772 1756//1756
f 1760//1760 1774//1774 1759//1759
f 1774//1774 1773//1773 1759//1759
f 1761//1761 1775//1775 1760//1760
f 1775//1775 1774//1774 1760//1760
f 1621//1621 1623//1623 1775//1775
f 1761//1761 1621//1621 1775//1775
f 1762//1762 1776//1776 1624//1624
f 1622//1622 1762//1762 1624//1624
f 1763//1763 1777//1777 1762//1762
f 1777//1777 1776//1776 1762//1762
f 1764//1764 1778//1778 1763//1763
f 1778//1778 1777//1777 1763//1763
f 1765//1765 1779//1779 1764//1764
f 1779//1779 1778//1778 1764//1764
f 1767//1767 1780//1780 1765//1765
f 1780//1780 1779//1779 1765//1765
f 1781//1781 1767//1767 1768//1768
f 1781//1781 1782//1782 1767//1767
f 1782//1782 1780//1780 1767//1767
f 1782//1782 1783//1783 1784//1784
f 1781//1781 1783//1783 1782//1782
f 1784//1784 1785//1785 1786//1786
f 1783//1783 1785//1785 1784//1784
f 1786//1786 1787//1787 1788//1788
f 1785//1785 1787//1787 1786//1786
f 1788//1788 1789//1789 1790//1790
f 1787//1787 1789//1789 1788//1788
f 1770//1770 1790//1790 1789//1789
f 1770//1770 1769//1769 1790//1790
f 1769//1769 1791//1791 1790//1790
f 1772//1772 1792//1792 1769//1769
f 1792//1792 1791//1791 1769//1769
f 1773//1773 1793//1793 1772//1772
f 1793//1793 1792//1792 1772//1772
f 1774//1774 1794//1794 1773//1773
f 1794//1794 1793//1793 1773//1773
f 1775//1775 1795//1795 1774//1774
f 1795//1795 1794//1794 1774//1774
f 1623//1623 1625//1625 1795//1795
f 1775//1775 1623//1623 1795//1795
f 1776//1776 1796//1796 1626//1626
f 1624//1624 1776//1776 1626//1626
f 1777//1777 1797//1797 1776//1776
f 1797//1797 1796//1796 1776//1776
f 1778//1778 1798//1798 1777//1777
f 1798//1798 1797//1797 1777//1777
f 1779//1779 1799//1799 1778//1778
f 1799//1799 1798//1798 1778//1778
f 1780//1780 1800//1800 1779//1779
f 1800//1800 1799//1799 1779//1779
f 1782//1782 1801//1801 1780//1780
f 1801//1801 1800//1800 1780//1780
f 1784//1784 1802//1802 1782//1782
f 1802//1802 1801//1801 1782//1782
f 1786//1786 1803//1803 1784//1784
f 1803//1803 1802//1802 1784//1784
f 1788//1788 1804//1804 1786//1786
f 1804//1804 1803//1803 1786//1786
f 1790//1790 1805//1805 1788//1788
f 1805//1805 1804//1804 1788//1788
f 1791//1791 1806//1806 1790//1790
f 1806//1806 1805//1805 1790//1790
f 1792//1792 1807//1807 1791//1791
f 1807//1807 1806//1806 1791//1791
f 1793//1793 1808//1808 1792//1792
f 1808//1808 1807//1807 1792//1792
f 1794//1794 1809//1809 1793//1793
f 1809//1809 1808//1808 1793//1793
f 1795//1795 1810//1810 1794//1794
f 1810//1810 1809//1809 1794//1794
f 1625//1625 1627//1627 1810//1810
f 1795//1795 1625//1625 1810//1810
f 1626//1626 1796//1796 1628//1628
f 1629//1629 1628//1628 1796//1796
f 1797//1797 1629//1629 1796//1796
f 1630//1630 1629//1629 1797//1797
f 1798//1798 1630//1630 1797//1797
f 1631//1631 1630//1630 1798//1798
f 1799//1799 1631//1631 1798//1798
f 1632//1632 1631//1631 1799//1799
f 1800//1800 1632//1632 1799//1799
f 1633//1633 1632//1632 1800//1800
f 1801//1801 1633//1633 1800//1800
f 1634//1634 1633//1633 1801//1801
f 1802//1802 1634//1634 1801//1801
f 1635//1635 1634//1634 1802//1802
f 1803//1803 1635//1635 1802//1802
f 1636//1636 1635//1635 1803//1803
f 1804//1804 1636//1636 1803//1803
f 1637//1637 1636//1636 1804//1804
f 1805//1805 1637//1637 1804//1804
f 1638//1638 1637//1637 1805//1805
f 1806//1806 1638//1638 1805//1805
f 1639//1639 1638//1638 1806//1806
f 1807//1807 1639//1639 1806//1806
f 1640//1640 1639//1639 1807//1807
f 1808//1808 1640//1640 1807//1807
f 1641//1641 1640//1640 1808//1808
f 1809//1809 1641//1641 1808//1808
f 1642//1642 1641//1641 1809//1809
f 1810//1810 1642//1642 1809//1809
f 1627//1627 1642//1642 1810//1810
f 1679//1679 1811//1811 1812//1812
f 1678//1678 1679//1679 1812//1812
f 1680//1680 1813//1813 1679//1679
f 1679//1679 1813//1813 1811//1811
f 1681//1681 1814//1814 1680//1680
f 1680//1680 1814//1814 1813//1813
f 1682//1682 1815//1815 1681//1681
f 1681//1681 1815//1815 1814//1814
f 1683//1683 1816//1816 1682//1682
f 1682//1682 1816//1816 1815//1815
f 1816//1816 1683//1683 1685//1685
f 1817//1817 1816//1816 1685//1685
f 1695//1695 1818//1818 1819//1819
f 1694//1694 1695//1695 1819//1819
f 1812//1812 1695//1695 1678//1678
f 1818//1818 1695//1695 1812//1812
f 1685//1685 1820//1820 1817//1817
f 1696//1696 1820//1820 1685//1685
f 1820//1820 1696//1696 1698//1698
f 1821//1821 1820//1820 1698//1698
f 1706//1706 1822//1822 1823//1823
f 1705//1705 1706//1706 1823//1823
f 1819//1819 1706//1706 1694//1694
f 1822//1822 1706//1706 1819//1819
f 1698//1698 1824//1824 1821//1821
f 1707//1707 1824//1824 1698//1698
f 1824//1824 1707//1707 1709//1709
f 1825//1825 1824//1824 1709//1709
f 1715//1715 1826//1826 1827//1827
f 1714//1714 1715//1715 1827//1827
f 1823//1823 1715//1715 1705//1705
f 1826//1826 1715//1715 1823//1823
f 1709//1709 1717//1717 1825//1825
f 1825//1825 1717//1717 1828//1828
f 1714//1714 1827//1827 1722//1722
f 1827//1827 1829//1829 1722//1722
f 1717//1717 1724//1724 1828//1828
f 1828//1828 1724//1724 1830//1830
f 1722//1722 1829//1829 1729//1729
f 1829//1829 1831//1831 1729//1729
f 1724//1724 1731//1731 1830//1830
f 1830//1830 1731//1731 1832//1832
f 1729//1729 1831//1831 1736//1736
f 1831//1831 1833//1833 1736//1736
f 1731//1731 1738//1738 1832//1832
f 1832//1832 1738//1738 1834//1834
f 1736//1736 1833//1833 1835//1835
f 1743//1743 1736//1736 1835//1835
f 1835//1835 1745//1745 1743//1743
f 1836//1836 1745//1745 1835//1835
f 1738//1738 1747//1747 1834//1834
f 1834//1834 1747//1747 1837//1837
f 1745//1745 1836//1836 1838//1838
f 1753//1753 1745//1745 1838//1838
f 1838//1838 1755//1755 1753//1753
f 1839//1839 1755//1755 1838//1838
f 1758//1758 1840//1840 1841//1841
f 1757//1757 1840//1840 1758//1758
f 1837//1837 1747//1747 1758//1758
f 1841//1841 1837//1837 1758//1758
f 1755//1755 1839//1839 1842//1842
f 1766//1766 1755//1755 1842//1842
f 1842//1842 1768//1768 1766//1766
f 1843//1843 1768//1768 1842//1842
f 1771//1771 1844//1844 1845//1845
f 1770//1770 1844//1844 1771//1771
f 1840//1840 1757//1757 1771//1771
f 1845//1845 1840//1840 1771//1771
f 1768//1768 1843//1843 1846//1846
f 1781//1781 1768//1768 1846//1846
f 1783//1783 1781//1781 1847//1847
f 1781//1781 1846//1846 1847//1847
f 1785//1785 1783//1783 1848//1848
f 1783//1783 1847//1847 1848//1848
f 1787//1787 1785//1785 1849//1849
f 1785//1785 1848//1848 1849//1849
f 1789//1789 1787//1787 1850//1850
f 1787//1787 1849//1849 1850//1850
f 1844//1844 1770//1770 1789//1789
f 1850//1850 1844//1844 1789//1789
f 1811//1811 1851//1851 1852//1852
f 1812//1812 1811//1811 1852//1852
f 1813//1813 1853//1853 1811//1811
f 1811//1811 1853//1853 1851//1851
f 1814//1814 1854//1854 1813//1813
f 1813//1813 1854//1854 1853//1853
f 1815//1815 1855//1855 1814//1814
f 1814//1814 1855//1855 1854//1854
f 1816//1816 1856//1856 1815//1815
f 1815//1815 1856//1856 1855//1855
f 1856//1856 1816//1816 1817//1817
f 1857//1857 1856//1856 1817//1817
f 1818//1818 1858//1858 1859//1859
f 1819//1819 1818//1818 1859//1859
f 1852//1852 1818//1818 1812//1812
f 1858//1858 1818//1818 1852//1852
f 1817//1817 1860//1860 1857//1857
f 1820//1820 1860//1860 1817//1817
f 1860//1860 1820//1820 1821//1821
f 1861//1861 1860//1860 1821//1821
f 1822//1822 1862//1862 1863//1863
f 1823//1823 1822//1822 1863//1863
f 1859//1859 1822//1822 1819//1819
f 1862//1862 1822//1822 1859//1859
f 1821//1821 1864//1864 1861//1861
f 1824//1824 1864//1864 1821//1821
f 1864//1864 1824//1824 1825//1825
f 1865//1865 1864//1864 1825//1825
f 1826//1826 1866//1866 1867//1867
f 1827//1827 1826//1826 1867//1867
f 1863//1863 1826//1826 1823//1823
f 1866//1866 1826//1826 1863//1863
f 1825//1825 1828//1828 1865//1865
f 1865//1865 1828//1828 1868//1868
f 1827//1827 1867//1867 1829//1829
f 1867//1867 1869//1869 1829//1829
f 1828//1828 1830//1830 1868//1868
f 1868//1868 1830//1830 1870//1870
f 1829//1829 1869//1869 1831//1831
f 1869//1869 1871//1871 1831//1831
f 1830//1830 1832//1832 1870//1870
f 1870//1870 1832//1832 1872//1872
f 1831//1831 1871//1871 1833//1833
f 1871//1871 1873//1873 1833//1833
f 1832//1832 1834//1834 1872//1872
f 1872//1872 1834//1834 1874//1874
f 1833//1833 1873//1873 1875//1875
f 1835//1835 1833//1833 1875//1875
f 1875//1875 1836//1836 1835//1835
f 1876//1876 1836//1836 1875//1875
f 1834//1834 1837//1837 1874//1874
f 1874//1874 1837//1837 1877//1877
f 1836//1836 1876//1876 1878//1878
f 1838//1838 1836//1836 1878//1878
f 1878//1878 1839//1839 1838//1838
f 1879//1879 1839//1839 1878//1878
f 1841//1841 1880//1880 1881//1881
f 1840//1840 1880//1880 1841//1841
f 1877//1877 1837//1837 1841//1841
f 1881//1881 1877//1877 1841//1841
f 1839//1839 1879//1879 1882//1882
f 1842//1842 1839//1839 1882//1882
f 1882//1882 1843//1843 1842//1842
f 1883//1883 1843//1843 1882//1882
f 1845//1845 1884//1884 1885//1885
f 1844//1844 1884//1884 1845//1845
f 1880//1880 1840//1840 1845//1845
f 1885//1885 1880//1880 1845//1845
f 1843//1843 1883//1883 1886//1886
f 1846//1846 1843//1843 1886//1886
f 1847//1847 1846//1846 1887//1887
f 1846//1846 1886//1886 1887//1887
f 1848//1848 1847//1847 1888//1888
f 1847//1847 1887//1887 1888//1888
f 1849//1849 1848//1848 1889//1889
f 1848//1848 1888//1888 1889//1889
f 1850//1850 1849//1849 1890//1890
f 1849//1849 1889//1889 1890//1890
f 1884//1884 1844//1844 1850//1850
f 1890//1890 1884//1884 1850//1850
f 1851//1851 1891//1891 1892//1892
f 1852//1852 1851//1851 1892//1892
f 1853//1853 1893//1893 1851//1851
f 1851//1851 1893//1893 1891//1891
f 1854//1854 1894//1894 1853//1853
f 1853//1853 1894//1894 1893//1893
f 1855//1855 1895//1895 1854//1854
f 1854//1854 1895//1895 1894//1894
f 1856//1856 1896//1896 1855//1855
f 1855//1855 1896//1896 1895//1895
f 1896//1896 1856//1856 1857//1857
f 1897//1897 1896//1896 1857//1857
f 1858//1858 1898//1898 1899//1899
f 1859//1859 1858//1858 1899//1899
f 1892//1892 1858//1858 1852//1852
f 1898//1898 1858//1858 1892//1892
f 1857//1857 1900//1900 1897//1897
f 1860//1860 1900//1900 1857//1857
f 1900//1900 1860//1860 1861//1861
f 1901//1901 1900//1900 1861//1861
f 1862//1862 1902//1902 1903//1903
f 1863//1863 1862//1862 1903//1903
f 1899//1899 1862//1862 1859//1859
f 1902//1902 1862//1862 1899//1899
f 1861//1861 1904//1904 1901//1901
f 1864//1864 1904//1904 1861//1861
f 1904//1904 1864//1864 1865//1865
f 1905//1905 1904//1904 1865//1865
f 1866//1866 1906//1906 1907//1907
f 1867//1867 1866//1866 1907//1907
f 1903//1903 1866//1866 1863//1863
f 1906//1906 1866//1866 1903//1903
f 1865//1865 1868//1868 1905//1905
f 1905//1905 1868//1868 1908//1908
f 1867//1867 1907//1907 1869//1869
f 1907//1907 1909//1909 1869//1869
f 1868//1868 1870//1870 1908//1908
f 1908//1908 1870//1870 1910//1910
f 1869//1869 1909//1909 1871//1871
f 1909//1909 1911//1911 1871//1871
f 1870//1870 1872//1872 1910//1910
f 1910//1910 1872//1872 1912//1912
f 1871//1871 1911//1911 1873//1873
f 1911//1911 1913//1913 1873//1873
f 1872//1872 1874//1874 1912//1912
f 1912//1912 1874//1874 1914//1914
f 1873//1873 1913//1913 1915//1915
f 1875//1875 1873//1873 1915//1915
f 1915//1915 1876//1876 1875//1875
f 1916//1916 1876//1876 1915//1915
f 1874//1874 1877//1877 1914//1914
f 1914//1914 1877//1877 1917//1917
f 1876//1876 1916//1916 1918//1918
f 1878//1878 1876//1876 1918//1918
f 1918//1918 1879//1879 1878//1878
f 1919//1919 1879//1879 1918//1918
f 1881//1881 1920//1920 1921//1921
f 1880//1880 1920//1920 1881//1881
f 1917//1917 1877//1877 1881//1881
f 1921//1921 1917//1917 1881//1881
f 1879//1879 1919//1919 1922//1922
f 1882//1882 1879//1879 1922//1922
f 1922//1922 1883//1883 1882//1882
f 1923//1923 1883//1883 1922//1922
f 1885//1885 1924//1924 1925//1925
f 1884//1884 1924//1924 1885//1885
f 1920//1920 1880//1880 1885//1885
f 1925//1925 1920//1920 1885//1885
f 1883//1883 1923//1923 1926//1926
f 1886//1886 1883//1883 1926//1926
f 1887//1887 1886//1886 1927//1927
f 1886//1886 1926//1926 1927//1927
f 1888//1888 1887//1887 1928//1928
f 1887//1887 1927//1927 1928//1928
f 1889//1889 1888//1888 1929//1929
f 1888//1888 1928//1928 1929//1929
f 1890//1890 1889//1889 1930//1930
f 1889//1889 1929//1929 1930//1930
f 1924//1924 1884//1884 1890//1890
f 1930//1930 1924//1924 1890//1890
f 1891//1891 1931//1931 1932//1932
f 1892//1892 1891//1891 1932//1932
f 1893//1893 1933//1933 1891//1891
f 1891//1891 1933//1933 1931//1931
f 1894//1894 1934//1934 1893//1893
f 1893//1893 1934//1934 1933//1933
f 1895//1895 1935//1935 1894//1894
f 1894//1894 1935//1935 1934//1934
f 1896//1896 1936//1936 1895//1895
f 1895//1895 1936//1936 1935//1935
f 1936//1936 1896//1896 1897//1897
f 1937//1937 1936//1936 1897//1897
f 1898//1898 1938//1938 1939//1939
f 1899//1899 1898//1898 1939//1939
f 1932//1932 1898//1898 1892//1892
f 1938//1938 1898//1898 1932//1932
f 1897//1897 1940//1940 1937//1937
f 1900//1900 1940//1940 1897//1897
f 1940//1940 1900//1900 1901//1901
f 1941//1941 1940//1940 1901//1901
f 1902//1902 1942//1942 1943//1943
f 1903//1903 1902//1902 1943//1943
f 1939//1939 1902//1902 1899//1899
f 1942//1942 1902//1902 1939//1939
f 1901//1901 1944//1944 1941//1941
f 1904//1904 1944//1944 1901//1901
f 1944//1944 1904//1904 1905//1905
f 1945//1945 1944//1944 1905//1905
f 1906//1906 1946//1946 1947//1947
f 1907//1907 1906//1906 1947//1947
f 1943//1943 1906//1906 1903//1903
f 1946//1946 1906//1906 1943//1943
f 1905//1905 1908//1908 1945//1945
f 1945//1945 1908//1908 1948//1948
f 1907//1907 1947//1947 1909//1909
f 1947//1947 1949//1949 1909//1909
f 1908//1908 1910//1910 1948//1948
f 1948//1948 1910//1910 1950//1950
f 1909//1909 1949//1949 1911//1911
f 1949//1949 1951//1951 1911//1911
f 1910//1910 1912//1912 1950//1950
f 1950//1950 1912//1912 1952//1952
f 1911//1911 1951//1951 1913//1913
f 1951//1951 1953//1953 1913//1913
f 1912//1912 1914//1914 1952//1952
f 1952//1952 1914//1914 1954//1954
f 1913//1913 1953//1953 1955//1955
f 1915//1915 1913//1913 1955//1955
f 1955//1955 1916//1916 1915//1915
f 1956//1956 1916//1916 1955//1955
f 1914//1914 1917//1917 1954//1954
f 1954//1954 1917//1917 1957//1957
f 1916//1916 1956//1956 1958//1958
f 1918//1918 1916//1916 1958//1958
f 1958//1958 1919//1919 1918//1918
f 1959//1959 1919//1919 1958//1958
f 1921//1921 1960//1960 1961//1961
f 1920//1920 1960//1960 1921//1921
f 1957//1957 1917//1917 1921//1921
f 1961//1961 1957//1957 1921//1921
f 1919//1919 1959//1959 1962//1962
f 1922//1922 1919//1919 1962//1962
f 1962//1962 1923//1923 1922//1922
f 1963//1963 1923//1923 1962//1962
f 1925//1925 1964//1964 1965//1965
f 1924//1924 1964//1964 1925//1925
f 1960//1960 1920//1920 1925//1925
f 1965//1965 1960//1960 1925//1925
f 1923//1923 1963//1963 1966//1966
f 1926//1926 1923//1923 1966//1966
f 1927//1927 1926//1926 1967//1967
f 1926//1926 1966//1966 1967//1967
f 1928//1928 1927//1927 1968//1968
f 1927//1927 1967//1967 1968//1968
f 1929//1929 1928//1928 1969//1969
f 1928//1928 1968//1968 1969//1969
f 1930//1930 1929//1929 1970//1970
f 1929//1929 1969//1969 1970//1970
f 1964//1964 1924//1924 1930//1930
f 1970//1970 1964//1964 1930//1930
f 1931//1931 1971//1971 1972//1972
f 1932//1932 1931//1931 1972//1972
f 1933//1933 1973//1973 1931//1931
f 1931//1931 1973//1973 1971//1971
f 1934//1934 1974//1974 1933//1933
f 1933//1933 1974//1974 1973//1973
f 1935//1935 1975//1975 1934//1934
f 1934//1934 1975//1975 1974//1974
f 1936//1936 1976//1976 1935//1935
f 1935//1935 1976//1976 1975//1975
f 1976//1976 1936//1936 1937//1937
f 1977//1977 1976//1976 1937//1937
f 1938//1938 1978//1978 1979//1979
f 1939//1939 1938//1938 1979//1979
f 1972//1972 1938//1938 1932//1932
f 1978//1978 1938//1938 1972//1972
f 1937//1937 1980//1980 1977//1977
f 1940//1940 1980//1980 1937//1937
f 1980//1980 1940//1940 1941//1941
f 1981//1981 1980//1980 1941//1941
f 1942//1942 1982//1982 1983//1983
f 1943//1943 1942//1942 1983//1983
f 1979//1979 1942//1942 1939//1939
f 1982//1982 1942//1942 1979//1979
f 1941//1941 1984//1984 1981//1981
f 1944//1944 1984//1984 1941//1941
f 1984//1984 1944//1944 1945//1945
f 1985//1985 1984//1984 1945//1945
f 1946//1946 1986//1986 1987//1987
f 1947//1947 1946//1946 1987//1987
f 1983//1983 1946//1946 1943//1943
f 1986//1986 1946//1946 1983//1983
f 1945//1945 1948//1948 1985//1985
f 1985//1985 1948//1948 1988//1988
f 1947//1947 1987//1987 1949//1949
f 1987//1987 1989//1989 1949//1949
f 1948//1948 1950//1950 1988//1988
f 1988//1988 1950//1950 1990//1990
f 1949//1949 1989//1989 1951//1951
f 1989//1989 1991//1991 1951//1951
f 1950//1950 1952//1952 1990//1990
f 1990//1990 1952//1952 1992//1992
f 1951//1951 1991//1991 1953//1953
f 1991//1991 1993//1993 1953//1953
f 1952//1952 1954//1954 1992//1992
f 1992//1992 1954//1954 1994//1994
f 1953//1953 1993//1993 1995//1995
f 1955//1955 1953//1953 1995//1995
f 1995//1995 1956//1956 1955//1955
f 1996//1996 1956//1956 1995//1995
f 1954//1954 1957//1957 1994//1994
f 1994//1994 1957//1957 1997//1997
f 1956//1956 1996//1996 1998//1998
f 1958//1958 1956//1956 1998//1998
f 1998//1998 1959//1959 1958//1958
f 1999//1999 1959//1959 1998//1998
f 1961//1961 2000//2000 2001//2001
f 1960//1960 2000//2000 1961//1961
f 1997//1997 1957//1957 1961//1961
f 2001//2001 1997//1997 1961//1961
f 1959//1959 1999//1999 2002//2002
f 1962//1962 1959//1959 2002//2002
f 2002//2002 1963//1963 1962//1962
f 2003//2003 1963//1963 2002//2002
f 1965//1965 2004//2004 2005//2005
f 1964//1964 2004//2004 1965//1965
f 2000//2000 1960//1960 1965//1965
f 2005//2005 2000//2000 1965//1965
f 1963//1963 2003//2003 2006//2006
f 1966//1966 1963//1963 2006//2006
f 1967//1967 1966//1966 2007//2007
f 1966//1966 2006//2006 2007//2007
f 1968//1968 1967//1967 2008//2008
f 1967//1967 2007//2007 2008//2008
f 1969//1969 1968//1968 2009//2009
f 1968//1968 2008//2008 2009//2009
f 1970//1970 1969//1969 2010//2010
f 1969//1969 2009//2009 2010//2010
f 2004//2004 1964//1964 1970//1970
f 2010//2010 2004//2004 1970//1970
f 1971//1971 2011//2011 2012//2012
f 1972//1972 1971//1971 2012//2012
f 1973//1973 2013//2013 1971//1971
f 1971//1971 2013//2013 2011//2011
f 1974//1974 2014//2014 1973//1973
f 1973//1973 2014//2014 2013//2013
f 1975//1975 2015//2015 1974//1974
f 1974//1974 2015//2015 2014//2014
f 1976//1976 2016//2016 1975//1975
f 1975//1975 2016//2016 2015//2015
f 2016//2016 1976//1976 1977//1977
f 2017//2017 2016//2016 1977//1977
f 1978//1978 2018//2018 2019//2019
f 1979//1979 1978//1978 2019//2019
f 2012//2012 1978//1978 1972//1972
f 2018//2018 1978//1978 2012//2012
f 1977//1977 2020//2020 2017//2017
f 1980//1980 2020//2020 1977//1977
f 2020//2020 1980//1980 1981//1981
f 2021//2021 2020//2020 1981//1981
f 1982//1982 2022//2022 2023//2023
f 1983//1983 1982//1982 2023//2023
f 2019//2019 1982//1982 1979//1979
f 2022//2022 1982//1982 2019//2019
f 1981//1981 2024//2024 2021//2021
f 1984//1984 2024//2024 1981//1981
f 2024//2024 1984//1984 1985//1985
f 2025//2025 2024//2024 1985//1985
f 1986//1986 2026//2026 2027//2027
f 1987//1987 1986//1986 2027//2027
f 2023//2023 1986//1986 1983//1983
f 2026//2026 1986//1986 2023//2023
f 1985//1985 1988//1988 2025//2025
f 2025//2025 1988//1988 2028//2028
f 1987//1987 2027//2027 1989//1989
f 2027//2027 2029//2029 1989//1989
f 1988//1988 1990//1990 2028//2028
f 2028//2028 1990//1990 2030//2030
f 1989//1989 2029//2029 1991//1991
f 2029//2029 2031//2031 1991//1991
f 1990//1990 1992//1992 2030//2030
f 2030//2030 1992//1992 2032//2032
f 1991//1991 2031//2031 1993//1993
f 2031//2031 2033//2033 1993//1993
f 1992//1992 1994//1994 2032//2032
f 2032//2032 1994//1994 2034//2034
f 1993//1993 2033//2033 2035//2035
f 1995//1995 1993//1993 2035//2035
f 2035//2035 1996//1996 1995//1995
f 2036//2036 1996//1996 2035//2035
f 1994//1994 1997//1997 2034//2034
f 2034//2034 1997//1997 2037//2037
f 1996//1996 2036//2036 2038//2038
f 1998//1998 1996//1996 2038//2038
f 2038//2038 1999//1999 1998//1998
f 2039//2039 1999//1999 2038//2038
f 2001//2001 2040//2040 2041//2041
f 2000//2000 2040//2040 2001//2001
f 2037//2037 1997//1997 2001//2001
f 2041//2041 2037//2037 2001//2001
f 1999//1999 2039//2039 2042//2042
f 2002//2002 1999//1999 2042//2042
f 2042//2042 2003//2003 2002//2002
f 2043//2043 2003//2003 2042//2042
f 2005//2005 2044//2044 2045//2045
f 2004//2004 2044//2044 2005//2005
f 2040//2040 2000//2000 2005//2005
f 2045//2045 2040//2040 2005//2005
f 2003//2003 2043//2043 2046//2046
f 2006//2006 2003//2003 2046//2046
f 2007//2007 2006//2006 2047//2047
f 2006//2006 2046//2046 2047//2047
f 2008//2008 2007//2007 2048//2048
f 2007//2007 2047//2047 2048//2048
f 2009//2009 2008//2008 2049//2049
f 2008//2008 2048//2048 2049//2049
f 2010//2010 2009//2009 2050//2050
f 2009//2009 2049//2049 2050//2050
f 2044//2044 2004//2004 2010//2010
f 2050//2050 2044//2044 2010//2010
f 2011//2011 2051//2051 2012//2012
f 2011//2011 2013//2013 2052//2052
f 2051//2051 2011//2011 2052//2052
f 2013//2013 2014//2014 2053//2053
f 2052//2052 2013//2013 2053//2053
f 2014//2014 2015//2015 2054//2054
f 2053//2053 2014//2014 2054//2054
f 2015//2015 2016//2016 2055//2055
f 2054//2054 2015//2015 2055//2055
f 2016//2016 2017//2017 2055//2055
f 2018//2018 2056//2056 2019//2019
f 2018//2018 2012//2012 2051//2051
f 2018//2018 2051//2051 2056//2056
f 2056//2056 2051//2051 2057//2057
f 2052//2052 2058//2058 2051//2051
f 2058//2058 2057//2057 2051//2051
f 2053//2053 2059//2059 2052//2052
f 2059//2059 2058//2058 2052//2052
f 2054//2054 2060//2060 2053//2053
f 2060//2060 2059//2059 2053//2053
f 2055//2055 2061//2061 2054//2054
f 2061//2061 2060//2060 2054//2054
f 2017//2017 2020//2020 2062//2062
f 2017//2017 2062//2062 2055//2055
f 2055//2055 2062//2062 2061//2061
f 2020//2020 2021//2021 2062//2062
f 2022//2022 2063//2063 2023//2023
f 2022//2022 2019//2019 2056//2056
f 2022//2022 2056//2056 2063//2063
f 2063//2063 2056//2056 2064//2064
f 2057//2057 2065//2065 2056//2056
f 2065//2065 2064//2064 2056//2056
f 2058//2058 2066//2066 2057//2057
f 2066//2066 2065//2065 2057//2057
f 2059//2059 2067//2067 2058//2058
f 2067//2067 2066//2066 2058//2058
f 2060//2060 2068//2068 2059//2059
f 2068//2068 2067//2067 2059//2059
f 2061//2061 2069//2069 2060//2060
f 2069//2069 2068//2068 2060//2060
f 2062//2062 2070//2070 2061//2061
f 2070//2070 2069//2069 2061//2061
f 2021//2021 2024//2024 2071//2071
f 2021//2021 2071//2071 2062//2062
f 2062//2062 2071//2071 2070//2070
f 2024//2024 2025//2025 2071//2071
f 2026//2026 2072//2072 2027//2027
f 2026//2026 2023//2023 2063//2063
f 2026//2026 2063//2063 2072//2072
f 2072//2072 2063//2063 2073//2073
f 2064//2064 2074//2074 2063//2063
f 2074//2074 2073//2073 2063//2063
f 2065//2065 2075//2075 2064//2064
f 2075//2075 2074//2074 2064//2064
f 2066//2066 2076//2076 2065//2065
f 2076//2076 2075//2075 2065//2065
f 2067//2067 2077//2077 2066//2066
f 2077//2077 2076//2076 2066//2066
f 2068//2068 2078//2078 2067//2067
f 2078//2078 2077//2077 2067//2067
f 2069//2069 2079//2079 2068//2068
f 2079//2079 2078//2078 2068//2068
f 2070//2070 2080//2080 2069//2069
f 2080//2080 2079//2079 2069//2069
f 2071//2071 2081//2081 2070//2070
f 2081//2081 2080//2080 2070//2070
f 2025//2025 2028//2028 2081//2081
f 2071//2071 2025//2025 2081//2081
f 2072//2072 2082//2082 2029//2029
f 2027//2027 2072//2072 2029//2029
f 2073//2073 2083//2083 2072//2072
f 2083//2083 2082//2082 2072//2072
f 2074//2074 2084//2084 2073//2073
f 2084//2084 2083//2083 2073//2073
f 2075//2075 2085//2085 2074//2074
f 2085//2085 2084//2084 2074//2074
f 2076//2076 2086//2086 2075//2075
f 2086//2086 2085//2085 2075//2075
f 2077//2077 2087//2087 2076//2076
f 2087//2087 2086//2086 2076//2076
f 2078//2078 2088//2088 2077//2077
f 2088//2088 2087//2087 2077//2077
f 2079//2079 2089//2089 2078//2078
f 2089//2089 2088//2088 2078//2078
f 2080//2080 2090//2090 2079//2079
f 2090//2090 2089//2089 2079//2079
f 2081//2081 2091//2091 2080//2080
f 2091//2091 2090//2090 2080//2080
f 2028//2028 2030//2030 2091//2091
f 2081//2081 2028//2028 2091//2091
f 2082//2082 2092//2092 2031//2031
f 2029//2029 2082//2082 2031//2031
f 2083//2083 2093//2093 2082//2082
f 2093//2093 2092//2092 2082//2082
f 2084//2084 2094//2094 2083//2083
f 2094//2094 2093//2093 2083//2083
f 2085//2085 2095//2095 2084//2084
f 2095//2095 2094//2094 2084//2084
f 2086//2086 2096//2096 2085//2085
f 2096//2096 2095//2095 2085//2085
f 2087//2087 2097//2097 2086//2086
f 2097//2097 2096//2096 2086//2086
f 2088//2088 2098//2098 2087//2087
f 2098//2098 2097//2097 2087//2087
f 2089//2089 2099//2099 2088//2088
f 2099//2099 2098//2098 2088//2088
f 2090//2090 2100//2100 2089//2089
f 2100//2100 2099//2099 2089//2089
f 2091//2091 2101//2101 2090//2090
f 2101//2101 2100//2100 2090//2090
f 2030//2030 2032//2032 2101//2101
f 2091//2091 2030//2030 2101//2101
f 2092//2092 2102//2102 2033//2033
f 2031//2031 2092//2092 2033//2033
f 2093//2093 2103//2103 2092//2092
f 2103//2103 2102//2102 2092//2092
f 2094//2094 2104//2104 2093//2093
f 2104//2104 2103//2103 2093//2093
f 2095//2095 2105//2105 2094//2094
f 2105//2105 2104//2104 2094//2094
f 2096//2096 2106//2106 2095//2095
f 2106//2106 2105//2105 2095//2095
f 2097//2097 2107//2107 2096//2096
f 2107//2107 2106//2106 2096//2096
f 2098//2098 2108//2108 2097//2097
f 2108//2108 2107//2107 2097//2097
f 2099//2099 2109//2109 2098//2098
f 2109//2109 2108//2108 2098//2098
f 2100//2100 2110//2110 2099//2099
f 2110//2110 2109//2109 2099//2099
f 2101//2101 2111//2111 2100//2100
f 2111//2111 2110//2110 2100//2100
f 2032//2032 2034//2034 2111//2111
f 2101//2101 2032//2032 2111//2111
f 2033//2033 2102//2102 2035//2035
f 2036//2036 2035//2035 2102//2102
f 2036//2036 2102//2102 2112//2112
f 2112//2112 2102//2102 2103//2103
f 2104//2104 2113//2113 2103//2103
f 2113//2113 2112//2112 2103//2103
f 2105//2105 2114//2114 2104//2104
f 2114//2114 2113//2113 2104//2104
f 2106//2106 2115//2115 2105//2105
f 2115//2115 2114//2114 2105//2105
f 2107//2107 2116//2116 2106//2106
f 2116//2116 2115//2115 2106//2106
f 2108//2108 2117//2117 2107//2107
f 2117//2117 2116//2116 2107//2107
f 2109//2109 2118//2118 2108//2108
f 2118//2118 2117//2117 2108//2108
f 2110//2110 2119//2119 2109//2109
f 2119//2119 2118//2118 2109//2109
f 2111//2111 2120//2120 2110//2110
f 2120//2120 2119//2119 2110//2110
f 2034//2034 2037//2037 2120//2120
f 2111//2111 2034//2034 2120//2120
f 2036//2036 2112//2112 2038//2038
f 2039//2039 2038//2038 2112//2112
f 2039//2039 2112//2112 2121//2121
f 2121//2121 2112//2112 2113//2113
f 2114//2114 2122//2122 2113//2113
f 2122//2122 2121//2121 2113//2113
f 2115//2115 2123//2123 2114//2114
f 2123//2123 2122//2122 2114//2114
f 2116//2116 2124//2124 2115//2115
f 2124//2124 2123//2123 2115//2115
f 2117//2117 2125//2125 2116//2116
f 2125//2125 2124//2124 2116//2116
f 2118//2118 2126//2126 2117//2117
f 2126//2126 2125//2125 2117//2117
f 2119//2119 2127//2127 2118//2118
f 2127//2127 2126//2126 2118//2118
f 2041//2041 2040//2040 2127//2127
f 2041//2041 2127//2127 2120//2120
f 2120//2120 2127//2127 2119//2119
f 2037//2037 2041//2041 2120//2120
f 2039//2039 2121//2121 2042//2042
f 2043//2043 2042//2042 2121//2121
f 2043//2043 2121//2121 2128//2128
f 2128//2128 2121//2121 2122//2122
f 2123//2123 2129//2129 2122//2122
f 2129//2129 2128//2128 2122//2122
f 2124//2124 2130//2130 2123//2123
f 2130//2130 2129//2129 2123//2123
f 2125//2125 2131//2131 2124//2124
f 2131//2131 2130//2130 2124//2124
f 2126//2126 2132//2132 2125//2125
f 2132//2132 2131//2131 2125//2125
f 2045//2045 2044//2044 2132//2132
f 2045//2045 2132//2132 2127//2127
f 2127//2127 2132//2132 2126//2126
f 2040//2040 2045//2045 2127//2127
f 2043//2043 2128//2128 2046//2046
f 2047//2047 2046//2046 2128//2128
f 2129//2129 2047//2047 2128//2128
f 2048//2048 2047//2047 2129//2129
f 2130//2130 2048//2048 2129//2129
f 2049//2049 2048//2048 2130//2130
f 2131//2131 2049//2049 2130//2130
f 2050//2050 2049//2049 2131//2131
f 2132//2132 2050//2050 2131//2131
f 2044//2044 2050//2050 2132//2132
# 4272 faces, 0 coords texture

# End of File
