####
#
# OBJ File Generated by Meshlab
#
####
# Object buldog.obj
#
# Vertices: 1783
# Faces: 3526
#
####
vn -0.606644 -0.789796 0.090587
v 0.193002 -0.445645 -0.634915
vn -0.568654 -0.822339 0.019781
v 0.261629 -0.446793 0.218502
vn -0.285336 -0.848007 0.446618
v 0.240190 -0.461779 -0.609071
vn -0.361670 -0.853731 0.374618
v 0.305611 -0.462763 0.251669
vn -0.366109 -0.919924 0.140370
v 0.273000 -0.447659 0.196387
vn -0.362311 -0.921804 0.137870
v 0.200421 -0.445500 -0.658404
vn -0.633293 -0.735144 0.241875
v 0.245060 -0.454288 0.153579
vn -0.769164 -0.513304 0.380664
v 0.160454 -0.432355 -0.687299
vn -0.412201 0.254600 0.874797
v 0.269402 -0.274913 0.124869
vn -0.755702 -0.014782 0.654749
v 0.253305 -0.231471 0.106408
vn -0.634195 0.287550 0.717713
v 0.244080 -0.288592 0.114897
vn -0.792640 0.204460 0.574385
v 0.166727 -0.320171 -0.711639
vn -0.826521 0.410098 0.385595
v 0.238271 -0.345339 0.144089
vn -0.885073 -0.019832 0.465029
v 0.243547 -0.400687 0.227364
vn -0.787635 -0.027002 0.615550
v 0.177117 -0.393945 -0.623336
vn -0.929059 0.365604 -0.056424
v 0.228679 -0.282888 0.081991
vn -0.434193 0.252713 0.864646
v 0.189876 -0.388761 -0.611851
vn -0.538295 0.293746 0.789906
v 0.254711 -0.396053 0.240553
vn -0.857346 0.289474 0.425632
v 0.225848 -0.282551 0.098442
vn -0.885260 -0.211541 0.414204
v 0.159999 -0.402930 -0.654299
vn -0.937573 -0.212631 0.275217
v 0.233456 -0.408687 0.193722
vn -0.922054 0.240603 0.303194
v 0.235130 -0.387959 0.201163
vn -0.862194 0.216833 0.457825
v 0.162764 -0.379699 -0.647189
vn -0.502608 0.543201 0.672546
v 0.182145 -0.373251 -0.623378
vn -0.586478 0.585818 0.559340
v 0.248686 -0.382238 0.228137
vn -0.712648 0.608634 0.348851
v 0.240122 -0.372510 0.189870
vn -0.666785 0.611044 0.426642
v 0.165698 -0.362479 -0.659543
vn -0.480417 0.137828 0.866143
v 0.181201 -0.309015 -0.702768
vn -0.623305 0.534927 0.570389
v 0.248945 -0.337907 0.155989
vn -0.273216 0.698580 0.661317
v 0.185084 -0.339148 -0.686003
vn -0.213612 0.851607 0.478680
v 0.261477 -0.356044 0.177012
vn -0.829052 -0.489956 0.269471
v 0.234912 -0.428584 0.166909
vn -0.731469 -0.680440 -0.044210
v 0.159981 -0.450194 -0.718893
vn -0.962984 -0.269524 -0.004301
v 0.221537 -0.414964 0.136248
vn -0.981488 -0.190743 0.017262
v 0.141677 -0.409354 -0.710936
vn -0.951895 -0.155214 -0.264205
v 0.151758 -0.384371 -0.764912
vn -0.815414 -0.385285 -0.432037
v 0.226571 -0.404582 0.084848
vn -0.990925 -0.048431 -0.125391
v 0.236204 -0.263533 0.042208
vn -0.878638 -0.161863 -0.449217
v 0.239272 -0.309738 0.047631
vn -0.337372 -0.441506 -0.831416
v 0.244970 -0.398588 0.067308
vn -0.925046 -0.098272 -0.366924
v 0.230992 -0.327081 0.071290
vn 0.235390 -0.295024 -0.926041
v 0.293617 -0.292719 0.020680
vn 0.401712 -0.240291 -0.883679
v 0.306931 -0.311320 0.034157
vn 0.522157 -0.244780 -0.816967
v 0.306200 -0.218639 0.015221
vn -0.206587 -0.413692 -0.886668
v 0.287392 -0.405979 0.060759
vn -0.280381 -0.400730 -0.872240
v 0.187282 -0.388219 -0.802120
vn 0.006541 -0.396028 -0.918215
v 0.218242 -0.397534 -0.802184
vn 0.004852 -0.376905 -0.926239
v 0.313499 -0.412142 0.061286
vn 0.531262 -0.109147 -0.840147
v 0.335928 -0.360769 0.056823
vn 0.255493 -0.334154 -0.907229
v 0.254671 -0.405084 -0.792243
vn 0.330539 -0.319293 -0.888142
v 0.346982 -0.424028 0.067456
vn 0.841914 -0.458576 -0.284410
v 0.393185 -0.437219 0.134111
vn 0.781463 -0.427202 -0.454767
v 0.305844 -0.425563 -0.736342
vn 0.862312 -0.064257 -0.502284
v 0.329460 -0.403095 -0.719073
vn 0.930598 -0.056954 -0.361585
v 0.414494 -0.413314 0.155967
vn 0.771462 -0.289469 -0.566616
v 0.386631 -0.429534 0.102553
vn 0.671815 -0.312194 -0.671714
v 0.294663 -0.415263 -0.766392
vn 0.299321 -0.679777 -0.669560
v 0.360542 -0.451832 0.090172
vn 0.197027 -0.633822 -0.747964
v 0.267852 -0.438399 -0.774257
vn 0.966539 0.180821 -0.181952
v 0.420789 -0.400499 0.180193
vn 0.927965 0.169396 -0.331942
v 0.339174 -0.391542 -0.696680
vn 0.633003 0.639813 -0.435828
v 0.312528 -0.361643 -0.714184
vn 0.595884 0.785666 -0.166285
v 0.396425 -0.374234 0.159048
vn 0.762622 0.646700 -0.013673
v 0.413806 -0.379761 0.188036
vn 0.790226 0.603216 -0.108041
v 0.333687 -0.369455 -0.688144
vn 0.911372 0.303897 0.277577
v 0.420929 -0.394869 0.200885
vn 0.951889 0.275490 0.134213
v 0.342519 -0.386640 -0.676444
vn 0.804097 0.034841 0.593476
v 0.339549 -0.269230 0.084423
vn 0.677724 0.481477 0.555762
v 0.337070 -0.298054 0.111148
vn 0.993285 -0.058373 -0.099893
v 0.355231 -0.194223 0.079199
vn 0.982598 0.183797 -0.026831
v 0.351199 -0.291451 0.075334
vn 0.809365 0.462773 0.361620
v 0.361320 -0.320648 0.115216
vn 0.871730 0.318402 -0.372435
v 0.373927 -0.364434 0.099979
vn 0.961428 0.216500 -0.169659
v 0.275704 -0.335517 -0.766045
vn 0.890973 0.364024 -0.271392
v 0.279600 -0.337355 -0.739458
vn 0.532473 0.846402 -0.008770
v 0.372704 -0.366235 0.158440
vn 0.403436 0.904969 0.135171
v 0.296501 -0.356675 -0.712405
vn 0.958717 0.213143 0.188233
v 0.272119 -0.317357 -0.745838
vn 0.921811 0.352717 0.160795
v 0.368293 -0.346835 0.115226
vn 0.639020 0.759139 0.123941
v 0.282853 -0.349369 -0.711019
vn 0.356405 -0.908707 0.217319
v 0.369356 -0.448015 0.171917
vn 0.400574 -0.912098 0.087279
v 0.288915 -0.440477 -0.695805
vn 0.247838 -0.963944 0.096894
v 0.301445 -0.464725 -0.632025
vn 0.212982 -0.961658 0.172781
v 0.371832 -0.464061 0.237999
vn 0.503586 -0.861903 -0.059375
v 0.301407 -0.446058 -0.717664
vn 0.492192 -0.866312 0.085151
v 0.385638 -0.454604 0.151954
vn 0.888150 -0.428277 -0.166637
v 0.340074 -0.430951 -0.675487
vn 0.892595 -0.450660 0.013434
v 0.418281 -0.435322 0.201100
vn 0.480342 -0.821699 -0.306728
v 0.329525 -0.435541 -0.684118
vn 0.507570 -0.850041 -0.140724
v 0.408909 -0.440617 0.190634
vn -0.260308 0.194577 -0.945716
v 0.251365 -0.200117 -0.013571
vn 0.487349 -0.657002 -0.575186
v 0.270660 -0.229015 -0.004963
vn -0.567029 -0.661655 -0.490603
v 0.242953 -0.228471 0.001540
vn -0.905257 -0.030535 -0.423765
v 0.235481 -0.208501 -0.003412
vn -0.962995 -0.207871 -0.171552
v 0.227520 -0.212369 0.023974
vn -0.981850 -0.062335 0.179124
v 0.234449 -0.236065 0.061347
vn -0.111822 -0.111052 0.987504
v 0.286578 -0.208282 0.129154
vn 0.413069 -0.161191 0.896321
v 0.328153 -0.184679 0.123862
vn 0.885427 -0.130966 0.445945
v 0.353977 -0.196131 0.102725
vn 0.761489 -0.137557 -0.633414
v 0.337054 -0.213160 0.032129
vn 0.793495 -0.021100 -0.608210
v 0.345836 -0.310257 0.061738
vn 0.573371 -0.039126 -0.818361
v 0.275971 -0.379662 -0.790820
vn 0.856540 0.007154 -0.516031
v 0.396925 -0.409820 0.107923
vn 0.813340 0.047600 -0.579838
v 0.305236 -0.395443 -0.763321
vn 0.734205 -0.086302 0.673420
v 0.328269 -0.252266 0.107030
vn 0.445414 0.154120 0.881960
v 0.308890 -0.267234 0.121741
vn 0.535766 0.393693 0.746968
v 0.320096 -0.295991 0.125106
vn 0.264999 0.656350 0.706385
v 0.321394 -0.334054 0.155257
vn 0.453277 0.325073 0.829980
v 0.242663 -0.311082 -0.705963
vn 0.770028 0.321107 0.551315
v 0.258855 -0.310799 -0.721228
vn 0.493229 0.660764 0.565788
v 0.338893 -0.332031 0.141926
vn 0.143913 0.737814 0.659485
v 0.248532 -0.337817 -0.698597
vn 0.157444 0.825557 0.541911
v 0.323848 -0.351184 0.165800
vn 0.121856 0.789181 0.601951
v 0.260168 -0.332280 -0.699790
vn 0.074738 0.902780 0.423559
v 0.342372 -0.346903 0.164385
vn 0.644137 0.764120 0.034759
v 0.275167 -0.337630 -0.702832
vn 0.520733 0.851527 0.061144
v 0.357389 -0.351126 0.165919
vn 0.684567 0.645950 0.337811
v 0.352824 -0.344891 0.138679
vn 0.270105 0.903817 0.331902
v 0.364843 -0.354851 0.221728
vn 0.296715 0.890190 0.345719
v 0.292130 -0.342593 -0.647582
vn 0.547968 0.836486 0.004752
v 0.301730 -0.352635 -0.672596
vn 0.497527 0.863796 0.079512
v 0.378678 -0.364175 0.198693
vn 0.870246 0.436210 0.228894
v 0.320105 -0.377922 -0.640097
vn 0.797881 0.487567 0.354491
v 0.392181 -0.386451 0.233103
vn 0.542159 0.601273 0.586970
v 0.314443 -0.367300 -0.619420
vn 0.517929 0.594196 0.615370
v 0.383062 -0.376921 0.252427
vn 0.521162 0.845969 0.112812
v 0.320657 -0.359027 -0.679614
vn 0.465352 0.869579 0.165165
v 0.399130 -0.370094 0.194530
vn 0.911437 -0.410421 0.028946
v 0.415429 -0.436097 0.215963
vn 0.901174 -0.372290 -0.222002
v 0.339659 -0.432739 -0.660479
vn 0.872445 -0.432047 -0.228420
v 0.417336 -0.431676 0.169593
vn 0.820432 -0.408891 -0.399625
v 0.334311 -0.424197 -0.706027
vn 0.918356 -0.202238 0.340179
v 0.331684 -0.435172 -0.624566
vn 0.840660 -0.340256 0.421328
v 0.401485 -0.437384 0.250068
vn 0.911801 0.185825 0.366179
v 0.390907 -0.436277 0.263980
vn 0.941654 -0.279983 0.186808
v 0.323308 -0.437231 -0.610079
vn -0.079105 -0.996673 0.019618
v 0.275952 -0.440769 -0.660121
vn -0.097746 -0.992358 0.075311
v 0.350358 -0.444881 0.205910
vn -0.038702 -0.771297 -0.635298
v 0.318330 -0.451346 0.086182
vn -0.077730 -0.668781 -0.739385
v 0.226545 -0.435921 -0.776278
vn -0.305966 -0.525778 -0.793689
v 0.180429 -0.428902 -0.764473
vn -0.198752 -0.775443 -0.599321
v 0.273582 -0.454608 0.096276
vn -0.235542 -0.384693 -0.892486
v 0.271985 -0.396721 0.063205
vn -0.527295 -0.302966 -0.793833
v 0.246404 -0.320215 0.041293
vn -0.667495 -0.336904 -0.664038
v 0.164115 -0.384994 -0.790176
vn -0.640827 -0.645319 -0.415819
v 0.164515 -0.447510 -0.745744
vn -0.683449 -0.530649 -0.501307
v 0.243581 -0.431461 0.099957
vn -0.033508 -0.963400 0.265964
v 0.320180 -0.465851 0.252526
vn -0.026270 -0.971207 0.236786
v 0.254252 -0.465247 -0.610422
vn -0.271431 -0.296051 0.915794
v 0.256692 -0.442974 -0.580556
vn -0.376617 -0.321156 0.868918
v 0.317843 -0.444288 0.281447
vn -0.356813 0.417780 0.835550
v 0.304357 -0.397977 0.258662
vn -0.237813 0.386778 0.890981
v 0.240197 -0.390947 -0.601276
vn 0.073960 0.553703 0.829423
v 0.335383 -0.395254 0.271160
vn 0.208495 0.511485 0.833615
v 0.271833 -0.387907 -0.593486
vn -0.788576 0.104601 0.605976
v 0.225773 -0.303968 0.100902
vn -0.970205 0.058894 -0.235019
v 0.221130 -0.321319 0.090386
vn -0.742543 -0.498025 0.447885
v 0.277616 -0.438438 0.257054
vn -0.691409 -0.449941 0.565250
v 0.214381 -0.436369 -0.598836
vn -0.949632 0.007333 -0.313282
v 0.222676 -0.299444 0.071011
vn -0.649885 -0.468405 0.598537
v 0.191971 -0.434263 -0.612967
vn -0.710594 -0.497495 0.497549
v 0.257030 -0.436583 0.239787
vn -0.799636 -0.583426 0.142115
v 0.248113 -0.432172 0.208748
vn -0.782374 -0.551064 0.290206
v 0.178538 -0.429249 -0.642618
vn -0.352149 0.757843 0.549240
v 0.272288 -0.371599 0.225117
vn -0.307791 0.731263 0.608703
v 0.212870 -0.356584 -0.632390
vn -0.066076 0.852975 0.517752
v 0.311113 -0.355565 0.234069
vn -0.052182 0.832337 0.551808
v 0.242707 -0.343454 -0.627220
vn -0.077071 0.783616 0.616446
v 0.212117 -0.333103 -0.680798
vn -0.154276 0.847789 0.507398
v 0.284755 -0.347252 0.178236
vn 0.240650 0.257440 0.935849
v 0.225617 -0.304467 -0.702998
vn -0.116377 0.252825 0.960487
v 0.196944 -0.306991 -0.697356
vn -0.174260 0.568918 0.803720
v 0.276859 -0.320283 0.150371
vn 0.339188 0.798646 0.497108
v 0.231640 -0.334168 -0.687229
vn 0.203253 0.904245 0.375538
v 0.308297 -0.347601 0.175009
vn 0.041708 0.274233 0.960758
v 0.290188 -0.275299 0.131168
vn 0.162605 0.896314 0.412531
v 0.331210 -0.359835 0.227041
vn 0.466233 0.824198 0.321441
v 0.257294 -0.346483 -0.631302
vn 0.263953 0.906521 0.329467
v 0.264329 -0.349971 -0.643226
vn 0.263501 0.480170 0.836663
v 0.355003 -0.400931 0.262495
vn 0.429203 0.452949 0.781423
v 0.289218 -0.394267 -0.605113
vn -0.186241 0.529145 0.827840
v 0.368684 -0.382207 0.256428
vn 0.679082 -0.338532 0.651340
v 0.300729 -0.444138 -0.593793
vn 0.517103 -0.383489 0.765207
v 0.364922 -0.445335 0.275331
vn 0.048145 -0.993442 0.103711
v 0.350637 -0.461028 0.249242
vn 0.073891 -0.992348 0.098917
v 0.280626 -0.462240 -0.616727
vn 0.038439 -0.998740 -0.032271
v 0.304539 -0.444746 0.210522
vn 0.028768 -0.998327 -0.050149
v 0.232819 -0.441988 -0.648987
vn -0.995143 0.098294 0.005327
v 0.223010 -0.372117 0.109204
vn -0.970870 0.038800 0.236446
v 0.154998 -0.336481 -0.738637
vn -0.958696 0.182014 0.218571
v 0.146261 -0.379314 -0.690602
vn -0.970447 0.157315 0.182989
v 0.222931 -0.387729 0.157127
vn -0.122470 0.499655 0.857523
v 0.382712 -0.432403 0.276270
vn -0.089322 0.431334 0.897760
v 0.317880 -0.429622 -0.595550
vn 0.787436 0.599506 0.143309
v 0.321619 -0.427466 -0.601170
vn 0.692324 0.645801 0.321914
v 0.387433 -0.430490 0.271359
vn -0.254423 -0.684235 0.683441
v 0.385144 -0.451715 0.282201
vn -0.202950 -0.690999 0.693781
v 0.321146 -0.451311 -0.589991
vn 0.737411 -0.606820 0.296639
v 0.327021 -0.450859 -0.592196
vn 0.658337 -0.587438 0.470647
v 0.391496 -0.451314 0.280958
vn 0.356713 -0.569008 0.740935
v 0.308058 -0.442280 -0.605532
vn -0.225085 -0.116603 0.967337
v 0.374353 -0.439849 0.269506
vn 0.141526 -0.818210 0.557228
v 0.374298 -0.443694 0.265003
vn 0.708784 -0.672681 0.212425
v 0.390288 -0.442122 0.261860
vn 0.732371 -0.526578 -0.431681
v 0.421931 -0.442186 0.227294
vn 0.128177 -0.795300 -0.592511
v 0.345645 -0.441850 -0.651957
vn 0.835149 0.538649 0.111284
v 0.417856 -0.428561 0.228541
vn 0.845851 0.529043 0.068180
v 0.343934 -0.424990 -0.648483
vn -0.093234 0.626783 0.773596
v 0.413385 -0.427821 0.232203
vn 0.042372 0.590423 0.805981
v 0.340239 -0.424226 -0.644169
vn 0.526223 0.207715 0.824587
v 0.347283 -0.436440 -0.640793
vn 0.488590 0.217371 0.845003
v 0.420029 -0.438590 0.236620
vn 0.485201 -0.370773 0.791901
v 0.408296 -0.435957 0.232135
vn 0.573111 -0.415060 0.706590
v 0.335368 -0.433257 -0.643433
vn 0.967537 -0.030427 -0.250893
v 0.349633 -0.438577 -0.648695
vn 0.315168 -0.804213 0.503895
v 0.420877 -0.446890 0.236437
vn 0.296827 -0.809883 0.505947
v 0.348063 -0.445750 -0.641098
vn -0.514458 -0.110820 -0.850325
v 0.215763 -0.345007 0.088495
vn -0.088381 -0.735571 0.671658
v 0.231892 -0.450707 -0.582770
vn -0.177817 -0.714932 0.676205
v 0.292890 -0.451186 0.275451
vn -0.805619 -0.307431 -0.506423
v 0.226031 -0.344693 0.090482
vn -0.252715 -0.964692 -0.074194
v 0.215797 -0.355117 0.093553
vn -0.252196 0.256079 0.933178
v 0.217504 -0.412174 -0.600999
vn -0.379765 0.286696 0.879536
v 0.281153 -0.416888 0.255422
vn -0.682232 0.149858 0.715613
v 0.230825 -0.307485 0.104321
vn -0.012949 0.565484 0.824657
v 0.288394 -0.431707 0.269772
vn 0.130957 0.539665 0.831632
v 0.226696 -0.428831 -0.587762
vn -0.195417 -0.040244 0.979894
v 0.222123 -0.331142 0.106883
vn -0.899380 0.219628 0.377993
v 0.217755 -0.330085 0.101899
vn -0.825007 -0.197175 0.529608
v 0.280436 -0.439499 0.265214
vn -0.746304 -0.178449 0.641238
v 0.218369 -0.437569 -0.591109
vn -0.128804 -0.539015 0.832389
v 0.217959 -0.346725 0.101903
vn 0.768502 -0.595506 0.234046
v 0.237166 -0.450038 -0.585198
vn 0.725799 -0.576222 0.375746
v 0.298664 -0.450593 0.273894
vn -0.992713 0.001246 0.120495
v 0.213823 -0.344274 0.095613
vn 0.757296 -0.553578 0.346488
v 0.291798 -0.443323 -0.586670
vn 0.679705 -0.572030 0.459110
v 0.354658 -0.444601 0.280905
vn -0.085168 -0.818405 0.568295
v 0.277685 -0.444373 -0.581094
vn -0.165709 -0.844197 0.509776
v 0.339352 -0.445531 0.284169
vn 0.865200 0.470267 0.174005
v 0.291050 -0.429730 -0.578274
vn 0.800466 0.519804 0.298427
v 0.352537 -0.432482 0.288990
vn -0.052651 0.506189 0.860814
v 0.347847 -0.432370 0.292831
vn 0.091088 0.477295 0.874009
v 0.287175 -0.429611 -0.573727
vn 0.772464 -0.510947 0.377139
v 0.358326 -0.449945 0.295935
vn 0.812163 -0.534575 0.233709
v 0.297685 -0.449346 -0.572214
vn -0.077135 -0.669308 0.738971
v 0.352631 -0.450604 0.297982
vn 0.024797 -0.690228 0.723167
v 0.292561 -0.450092 -0.569304
vn 0.910036 0.248555 0.331746
v 0.335860 -0.413350 -0.655230
vn 0.836002 0.280250 0.471763
v 0.410709 -0.418482 0.220617
vn 0.125440 -0.992096 -0.003221
v 0.336633 -0.434762 -0.650795
vn -0.460902 -0.834203 -0.302779
v 0.410780 -0.437549 0.225065
vn -0.494385 -0.119079 0.861048
v 0.228291 -0.331801 0.103751
vn 0.151775 -0.141682 0.978208
v 0.235925 -0.437667 -0.591572
vn -0.018460 -0.159197 0.987074
v 0.298427 -0.439581 0.267479
vn -0.271498 -0.928395 0.253714
v 0.291273 -0.443773 0.260419
vn -0.267697 -0.901756 0.339373
v 0.227968 -0.442361 -0.597540
vn -0.420116 -0.078184 0.904096
v 0.279194 -0.439121 -0.576490
vn -0.548153 -0.088935 0.831636
v 0.340147 -0.440846 0.288897
vn -0.425594 0.162241 0.890251
v 0.212426 -0.420876 -0.600714
vn -0.541159 0.178600 0.821736
v 0.275923 -0.424641 0.254917
vn 0.392497 0.288488 0.873339
v 0.309437 -0.416455 -0.607494
vn 0.180697 0.349421 0.919377
v 0.376025 -0.420692 0.263299
vn 0.724567 0.455149 0.517534
v 0.285319 -0.419323 -0.588256
vn 0.656157 0.497452 0.567450
v 0.349077 -0.425254 0.278660
vn 0.210386 0.467990 0.858326
v 0.340775 -0.419315 0.280430
vn 0.343869 0.431134 0.834193
v 0.278455 -0.414933 -0.585043
vn -0.314170 -0.452666 -0.834500
v 0.245036 -0.221756 -0.022332
vn 0.458044 -0.030486 -0.888406
v 0.274754 -0.200728 -0.011539
vn -0.883295 -0.227998 -0.409642
v 0.236243 -0.223370 -0.015850
vn -0.467386 0.310749 -0.827638
v 0.244713 -0.214348 -0.023718
vn 0.497431 -0.321827 -0.805599
v 0.268422 -0.223026 -0.022997
vn 0.537841 -0.774049 -0.334029
v 0.268719 -0.232813 -0.015437
vn -0.705003 -0.705879 -0.068598
v 0.238321 -0.230985 -0.010467
vn -0.467245 0.567538 0.677925
v 0.256487 -0.325361 0.143990
vn -0.737500 -0.153435 -0.657687
v 0.231016 -0.375954 0.066265
vn 0.166850 0.576243 0.800066
v 0.300044 -0.321146 0.149736
vn 0.379193 -0.757590 0.531290
v 0.347432 -0.460097 0.198333
vn 0.489148 -0.757521 0.432315
v 0.271992 -0.457081 -0.667007
vn 0.453941 -0.843543 0.287006
v 0.363688 -0.458248 0.163105
vn 0.544660 -0.825913 0.145651
v 0.282156 -0.450865 -0.703413
vn 0.658056 -0.746777 -0.096365
v 0.385076 -0.456642 0.133096
vn 0.646235 -0.720061 -0.252770
v 0.297977 -0.446510 -0.735863
vn 0.551307 -0.679942 -0.483466
v 0.376257 -0.454925 0.101927
vn 0.468870 -0.650305 -0.597716
v 0.284719 -0.442376 -0.765008
vn -0.222067 -0.728399 -0.648167
v 0.185376 -0.447815 -0.757007
vn -0.547079 -0.647330 -0.530724
v 0.250472 -0.451876 0.104798
vn -0.697392 -0.707978 -0.111409
v 0.241502 -0.452899 0.130724
vn -0.580597 -0.721162 0.377931
v 0.166972 -0.452322 -0.696763
vn -0.279241 -0.883987 0.374955
v 0.206290 -0.456793 -0.675994
vn -0.283548 -0.891053 0.354436
v 0.281833 -0.459120 0.179646
vn -0.018255 -0.768423 0.639681
v 0.239215 -0.458417 -0.657696
vn -0.118328 -0.762473 0.636108
v 0.312473 -0.460161 0.202736
vn 0.167198 -0.985710 0.020514
v 0.359884 -0.463297 0.143913
vn 0.197418 -0.976243 -0.089309
v 0.275585 -0.454478 -0.721388
vn 0.084481 -0.954272 -0.286754
v 0.267032 -0.450406 -0.748228
vn 0.069418 -0.975463 -0.208932
v 0.350547 -0.461623 0.113164
vn -0.159654 -0.969322 -0.186886
v 0.269806 -0.461927 0.118664
vn -0.128179 -0.963635 -0.234475
v 0.185275 -0.457222 -0.734281
vn -0.178696 -0.983870 -0.008234
v 0.184223 -0.459989 -0.712476
vn -0.218412 -0.974274 0.055562
v 0.266334 -0.463453 0.146799
vn -0.022200 -0.997683 0.064309
v 0.231475 -0.462155 -0.679515
vn -0.065341 -0.990238 0.123125
v 0.308102 -0.465193 0.179659
vn 0.054509 0.142957 -0.988227
v 0.258244 -0.215650 -0.027124
vn 0.704276 -0.263652 -0.659153
v 0.279051 -0.217065 -0.006233
vn 0.003859 -0.974728 0.223362
v 0.254082 -0.233021 -0.007096
vn -0.172261 -0.942499 -0.286394
v 0.227179 -0.462658 -0.631370
vn -0.071114 -0.959441 -0.272792
v 0.309022 -0.464992 0.233723
vn -0.490912 -0.820649 0.292474
v 0.217469 -0.457002 -0.620923
vn 0.164657 -0.957720 -0.235925
v 0.379491 -0.460253 0.208827
vn 0.103705 -0.926917 -0.360651
v 0.304245 -0.458417 -0.661727
vn 0.540385 -0.841418 -0.000689
v 0.398258 -0.454077 0.214294
vn 0.559960 -0.812758 -0.160840
v 0.323013 -0.452289 -0.659350
vn -0.273803 -0.920458 -0.278908
v 0.291192 -0.461797 -0.645957
vn -0.217276 -0.949500 -0.226366
v 0.363620 -0.462326 0.222521
vn 0.027322 -0.923674 -0.382205
v 0.253303 -0.464143 -0.627610
vn -0.159344 -0.886479 -0.434470
v 0.273096 -0.457336 -0.635906
vn -0.078402 -0.929737 -0.359781
v 0.343529 -0.457857 0.229703
vn 0.633211 -0.718861 0.286850
v 0.319192 -0.449668 -0.624492
vn -0.009105 -0.834624 0.550744
v 0.261546 -0.458219 -0.596828
vn -0.314485 -0.658519 0.683705
v 0.230663 -0.452913 -0.603474
vn 0.212275 -0.869213 0.446551
v 0.355842 -0.456732 0.262324
vn 0.328539 -0.838392 0.434926
v 0.292438 -0.457209 -0.606916
vn -0.883728 -0.185887 0.429500
v 0.146687 -0.272093 -0.735823
vn -0.691703 -0.187043 0.697540
v 0.160493 -0.264563 -0.713666
vn -0.979417 -0.168643 0.110910
v 0.140497 -0.287316 -0.762794
vn 0.383576 -0.089993 -0.919114
v 0.243032 -0.305014 -0.810776
vn 0.999554 -0.000800 -0.029863
v 0.274498 -0.222565 -0.768889
vn 0.817656 -0.020410 -0.575345
v 0.265165 -0.284919 -0.795261
vn 0.540952 -0.016207 0.840898
v 0.243979 -0.263582 -0.710427
vn 0.890466 0.002177 0.455044
v 0.266834 -0.233726 -0.734242
vn -0.926880 -0.165436 -0.336933
v 0.144565 -0.297645 -0.788101
vn 0.145981 -0.136754 0.979790
v 0.210968 -0.257675 -0.699412
vn -0.318879 -0.175969 0.931317
v 0.178112 -0.260283 -0.700844
vn 0.295728 -0.273698 0.915224
v 0.206566 -0.189241 -0.679891
vn 0.688897 -0.070990 0.721374
v 0.244218 -0.192162 -0.705478
vn 0.938487 0.026344 -0.344307
v 0.271341 -0.108656 -0.790860
vn 0.698015 -0.031037 -0.715410
v 0.256000 -0.175900 -0.815678
vn 0.303553 -0.021546 -0.952571
v 0.218367 -0.152628 -0.838446
vn -0.058022 -0.090074 -0.994244
v 0.180590 -0.181613 -0.842997
vn -0.539694 -0.102796 -0.835562
v 0.156113 -0.179057 -0.835432
vn -0.818865 -0.116345 -0.562072
v 0.129727 -0.163954 -0.808468
vn -0.969016 -0.171358 -0.177891
v 0.113974 -0.152658 -0.775872
vn -0.971024 -0.210715 0.112750
v 0.120363 -0.184359 -0.748318
vn -0.929302 -0.287955 0.231259
v 0.112746 -0.122081 -0.709049
vn -0.663537 -0.352407 0.659946
v 0.148139 -0.193632 -0.694628
vn -0.172982 -0.342590 0.923422
v 0.177142 -0.199125 -0.681182
vn 0.543902 -0.090942 0.834206
v 0.047916 0.335918 0.812331
vn 0.203650 0.241486 0.948795
v 0.051182 0.314198 0.805412
vn 0.849119 0.408146 0.335283
v 0.053849 0.344453 0.802315
vn 0.507631 0.446091 0.737098
v 0.061727 0.311266 0.803907
vn 0.696047 0.319400 0.643041
v 0.060519 0.334543 0.788151
vn 0.048471 -0.516976 0.854627
v 0.040040 0.328761 0.810330
vn 0.487410 -0.314771 0.814464
v 0.022843 0.329002 0.807905
vn 0.425435 -0.302681 0.852871
v 0.023422 0.335942 0.823207
vn 0.540808 0.068436 0.838358
v 0.013919 0.324499 0.828783
vn 0.344783 0.278688 0.896358
v 0.015986 0.305308 0.830170
vn 0.000000 0.191983 0.981398
v -0.000714 0.300631 0.834162
vn 0.000003 0.395412 0.918504
v -0.000714 0.346758 0.827922
vn 0.000000 0.599833 0.800125
v -0.000714 0.364322 0.810424
vn 0.201763 0.693066 0.692063
v 0.024806 0.348725 0.825443
vn -0.017976 0.963858 0.265808
v 0.039190 0.358704 0.809622
vn 0.078011 -0.738894 0.669290
v 0.026965 0.337524 0.832858
vn 0.584193 0.290047 0.758018
v 0.045134 0.358605 0.794512
vn 0.661080 0.272957 0.698905
v 0.046599 0.344980 0.812676
vn 0.667285 -0.213454 0.713560
v 0.032643 0.345130 0.820958
vn 0.021619 -0.965200 0.260618
v 0.019117 0.349890 0.824116
vn 0.803933 0.478815 0.352742
v 0.121018 0.311886 0.734753
vn 0.740997 0.612562 0.275120
v 0.102178 0.327379 0.757914
vn 0.823654 0.456154 0.336922
v 0.140017 0.283322 0.708640
vn 0.703948 0.508150 0.496228
v 0.091446 0.334559 0.738588
vn 0.634951 0.472153 0.611481
v 0.104159 0.355662 0.726503
vn 0.924753 -0.107874 0.364960
v 0.103471 0.373995 0.710604
vn 0.618754 0.663009 0.421382
v 0.107752 0.364265 0.699969
vn 0.485505 0.550602 0.679060
v 0.122349 0.350895 0.721430
vn 0.823259 0.074172 0.562799
v 0.095039 0.365971 0.730946
vn 0.779140 -0.524867 0.342719
v 0.096388 0.382580 0.733461
vn 0.434282 0.284962 0.854515
v 0.146706 0.364317 0.695236
vn 0.620770 0.237803 0.747057
v 0.157568 0.344122 0.698427
vn 0.851134 0.073919 0.519718
v 0.173036 0.355488 0.673924
vn 0.580607 -0.207482 0.787303
v 0.148455 0.373360 0.690964
vn 0.865626 -0.092419 0.492088
v 0.171358 0.384234 0.676643
vn 0.740985 -0.124678 0.659846
v 0.156557 0.402829 0.708186
vn 0.235506 -0.688004 0.686431
v 0.132769 0.390783 0.706049
vn 0.565006 -0.443737 0.695604
v 0.139344 0.409305 0.727121
vn 0.491289 -0.759007 0.427251
v 0.118821 0.392541 0.712710
vn 0.642995 -0.014087 0.765741
v 0.085006 0.373057 0.748348
vn 0.344021 -0.042534 0.937998
v 0.124846 0.414627 0.737266
vn 0.456943 0.273368 0.846447
v 0.110779 0.330803 0.731840
vn 0.877399 0.179537 0.444903
v 0.084086 0.348960 0.746152
vn 0.743293 0.060636 0.666213
v 0.127036 0.322813 0.721581
vn 0.650417 -0.287126 0.703219
v 0.132568 0.309211 0.704731
vn 0.394481 -0.451490 0.800338
v 0.146195 0.310026 0.704515
vn 0.627035 -0.085954 0.774234
v 0.149847 0.296619 0.690347
vn 0.782356 -0.185431 0.594587
v 0.165769 0.315905 0.692156
vn 0.790783 0.008729 0.612034
v 0.164815 0.295778 0.681240
vn 0.984575 0.034778 0.171474
v 0.181488 0.328701 0.629619
vn 0.972981 -0.044343 0.226587
v 0.180239 0.348816 0.655548
vn 0.945709 0.215863 0.242977
v 0.172652 0.397849 0.670228
vn 0.877741 -0.028783 0.478270
v 0.167302 0.396727 0.691651
vn 0.666504 0.131881 0.733744
v 0.136318 0.417155 0.731379
vn 0.048676 0.603688 0.795734
v 0.028848 0.441001 0.735247
vn 0.701256 0.465283 0.540140
v 0.072164 0.366966 0.760187
vn 0.793493 0.104384 0.599561
v 0.167014 0.251321 0.692958
vn 0.811112 -0.013253 0.584741
v 0.183113 0.249153 0.679508
vn 0.950104 -0.068459 0.304328
v 0.192057 0.249487 0.661192
vn 0.993180 0.041967 0.108777
v 0.197884 0.272408 0.615840
vn 0.952299 -0.225123 0.206023
v 0.188194 0.378427 0.599336
vn 0.898592 0.391938 0.197273
v 0.178626 0.418836 0.592911
vn 0.821466 0.520778 0.232342
v 0.151701 0.471803 0.640981
vn 0.636568 0.638053 0.433208
v 0.142883 0.467951 0.683701
vn 0.389080 0.558615 0.732507
v 0.122905 0.442749 0.728142
vn 0.969602 -0.198596 0.142936
v 0.194537 0.332826 0.508411
vn 0.333658 0.530620 0.779176
v 0.045472 0.400513 0.754333
vn -0.188250 -0.560788 0.806275
v 0.027655 0.236175 0.839111
vn 0.028062 -0.472171 0.881060
v 0.086843 0.198788 0.821604
vn -0.079204 -0.699883 0.709852
v 0.050927 0.223425 0.818740
vn 0.295716 -0.434919 0.850528
v 0.095984 0.129834 0.757533
vn 0.001872 -0.553973 0.832533
v 0.109706 0.110734 0.747011
vn 0.064821 -0.608893 0.790600
v 0.118048 0.136950 0.785900
vn 0.016319 -0.570869 0.820879
v 0.081703 0.182975 0.788048
vn 0.112887 -0.432959 0.894317
v 0.109775 0.168081 0.805507
vn -0.000008 -0.451011 0.892518
v -0.000714 0.247539 0.834046
vn 0.351791 -0.528618 0.772532
v 0.108283 0.092355 0.738454
vn -0.000002 -0.210968 0.977493
v -0.000714 0.255088 0.840022
vn -0.000005 -0.999619 0.027593
v -0.000714 0.066310 -0.751784
vn -0.256129 -0.884394 0.390185
v 0.059720 0.077281 -0.654834
vn 0.198432 -0.963920 0.177432
v 0.065290 0.105588 -0.583698
vn 0.000002 -0.998690 0.051175
v -0.000714 0.044878 -0.648206
vn -0.080813 -0.885959 0.456668
v 0.101786 0.110249 -0.558146
vn 0.000006 -0.998136 -0.061024
v -0.000714 0.070865 -0.539852
vn 0.023224 -0.429710 0.902668
v 0.259609 -0.094842 0.156769
vn -0.173588 -0.564156 0.807214
v 0.208446 -0.096326 0.153019
vn 0.096897 -0.789964 0.605448
v 0.163768 -0.034329 0.193938
vn 0.186671 -0.679403 0.709623
v 0.203311 -0.015992 0.207783
vn 0.192174 -0.463416 0.865052
v 0.323531 -0.064141 0.154770
vn -0.180714 -0.665133 0.724527
v 0.180631 -0.067481 0.164476
vn -0.120642 -0.940661 0.317177
v 0.097394 -0.068531 0.137484
vn -0.007492 -0.870025 0.492950
v 0.133379 -0.057383 0.168475
vn 0.088666 -0.887064 0.453051
v 0.095090 -0.043502 0.210733
vn 0.832817 -0.185695 0.521472
v 0.278686 0.160235 -0.614650
vn 0.831770 -0.171811 0.527863
v 0.275361 0.199384 -0.602192
vn 0.968299 -0.061275 0.242160
v 0.297840 0.227778 -0.645447
vn 0.835730 -0.308810 0.454083
v 0.265286 0.234402 -0.567272
vn 0.681654 -0.347474 0.643902
v 0.241453 0.196181 -0.566016
vn 0.555264 -0.219090 0.802297
v 0.221412 0.145551 -0.562805
vn 0.955123 -0.212189 0.206680
v 0.292392 0.159324 -0.649868
vn 0.463195 -0.615278 0.637874
v 0.182156 0.169465 -0.531188
vn 0.786514 -0.288756 0.545909
v 0.239059 0.054538 -0.603995
vn 0.567591 -0.290177 0.770479
v 0.210214 0.038322 -0.581834
vn 0.416218 -0.684883 0.598079
v 0.139592 0.144819 -0.530720
vn -0.056920 -0.299081 0.952529
v 0.136520 0.123587 -0.540147
vn 0.367855 0.755791 -0.541722
v 0.131550 0.461313 -0.753998
vn 0.364516 0.361321 -0.858240
v 0.177669 0.329252 -0.842281
vn 0.004729 0.493535 -0.869713
v -0.000714 0.345517 -0.874058
vn 0.897549 0.261165 0.355244
v 0.171468 0.441414 0.575914
vn 0.000003 0.683468 0.729981
v -0.000714 0.417524 0.755278
vn 0.139850 0.840553 0.523366
v 0.089375 0.483705 0.692791
vn 0.538281 0.623359 0.567166
v 0.126331 0.452203 0.714733
vn -0.000000 0.933326 0.359031
v -0.000714 0.493092 0.667779
vn 0.000000 0.768428 0.639936
v -0.000714 0.469482 0.709356
vn 0.371842 0.876755 0.305016
v 0.125690 0.483784 0.665618
vn 0.117151 0.968871 0.218095
v 0.081584 0.498636 0.650625
vn 0.321685 0.725379 0.608559
v 0.030602 0.400937 0.769543
vn 0.481727 0.783210 0.393091
v 0.040548 0.387968 0.774692
vn 0.000003 0.845449 0.534057
v -0.000714 0.394765 0.780688
vn 0.000004 -0.022468 0.999748
v -0.000714 0.219427 0.838355
vn 0.453778 0.175028 0.873757
v 0.044097 0.212296 0.827485
vn 0.455706 -0.215571 0.863633
v 0.048075 0.195180 0.825348
vn 0.000002 -0.545996 0.837788
v -0.000714 0.179504 0.823317
vn 0.015449 -0.824240 0.566030
v 0.103274 0.066556 0.720086
vn 0.690553 -0.173954 0.702052
v 0.096102 0.103213 0.760004
vn 0.140789 -0.690236 0.709756
v 0.133506 0.088265 0.736011
vn 0.552347 -0.679857 0.482397
v 0.134559 0.063470 0.706954
vn 0.107341 -0.993758 -0.030370
v 0.133983 0.040599 0.617572
vn 0.562212 -0.824781 0.060440
v 0.164783 0.052175 0.618688
vn -0.051257 -0.951515 0.303301
v 0.112480 0.048318 0.692657
vn 0.000000 0.138196 0.990405
v -0.000714 0.275316 0.840571
vn 0.585096 0.507039 -0.632909
v 0.183818 0.487836 0.416800
vn 0.360226 0.795104 -0.487901
v 0.162270 0.504208 0.417793
vn 0.384373 0.754818 -0.531513
v 0.125845 0.499581 0.392717
vn 0.523626 0.741738 -0.419095
v 0.105178 0.480375 0.355392
vn 0.126745 0.958884 -0.253922
v 0.123831 0.519266 0.443346
vn 0.543747 0.837617 -0.052321
v 0.090851 0.475625 0.304182
vn 0.663970 0.581121 -0.470577
v 0.157052 0.443145 0.370844
vn 0.000000 0.997552 -0.069922
v -0.000714 0.541122 -0.656359
vn 0.324307 0.903218 -0.281108
v 0.088935 0.515886 -0.670556
vn 0.318765 0.944978 -0.073521
v 0.097168 0.523044 -0.624700
vn 0.867856 -0.479133 -0.131365
v 0.208956 0.359802 0.485391
vn 0.992889 -0.105084 -0.055938
v 0.201550 0.344365 0.452065
vn 0.996764 0.054140 0.059412
v 0.202931 0.282933 0.450537
vn 0.885908 -0.102645 0.452362
v 0.208780 0.380276 0.537163
vn 0.794474 0.078270 0.602234
v 0.267102 0.438726 0.539454
vn -0.104532 -0.514231 0.851257
v 0.250114 0.433233 0.540115
vn -0.028592 -0.251583 0.967413
v 0.219760 0.473097 0.549986
vn 0.866581 -0.340524 0.364803
v 0.273891 0.419901 0.523664
vn 0.104824 -0.787237 0.607675
v 0.244838 0.408060 0.517223
vn 0.684516 0.702803 -0.193662
v 0.236957 0.474502 0.521863
vn 0.882924 0.342986 -0.320632
v 0.268335 0.424880 0.503098
vn 0.650644 0.724431 -0.227732
v 0.248677 0.437421 0.493959
vn 0.695071 0.673017 -0.252833
v 0.218554 0.480472 0.496489
vn 0.761226 -0.115311 -0.638153
v 0.264166 0.412152 0.487359
vn 0.683517 -0.719931 -0.120433
v 0.264662 0.403847 0.495033
vn 0.000002 0.995985 -0.089519
v -0.000714 0.525258 -0.728105
vn 0.790085 0.019841 -0.612677
v 0.257333 -0.076399 -0.810928
vn 0.995003 -0.035512 -0.093316
v 0.273560 -0.046365 -0.767271
vn 0.905659 -0.057481 0.420093
v 0.262044 -0.096616 -0.723548
vn -0.934841 -0.311208 -0.170946
v 0.090871 -0.042915 -0.765107
vn -0.935861 -0.297954 0.188113
v 0.092019 -0.045577 -0.712506
vn -0.521311 -0.436939 0.733021
v 0.146485 -0.141319 -0.659987
vn -0.365566 -0.054281 -0.929201
v 0.159072 -0.111771 -0.837372
vn -0.784075 -0.173293 -0.595983
v 0.112792 -0.065180 -0.805494
vn -0.816229 -0.277736 0.506590
v 0.118631 -0.104879 -0.667712
vn -0.625749 -0.213805 0.750150
v 0.130831 -0.082656 -0.649086
vn -0.758863 -0.431906 -0.487426
v 0.091037 -0.004863 -0.803484
vn -0.488668 -0.609053 -0.624707
v 0.086418 0.030791 -0.842266
vn -0.780413 -0.609985 -0.137384
v 0.064070 0.017142 -0.765715
vn -0.041457 -0.346995 -0.936950
v 0.112423 0.047145 -0.862213
vn -0.258986 -0.261269 -0.929874
v 0.141938 -0.009209 -0.840790
vn 0.061591 -0.016130 -0.997971
v 0.194625 -0.070482 -0.843100
vn 0.277335 -0.039027 -0.959980
v 0.212420 -0.014162 -0.839518
vn 0.214861 -0.123195 -0.968844
v 0.141125 0.120431 -0.872305
vn 0.476988 0.001072 -0.878909
v 0.231904 -0.060525 -0.833970
vn 0.779131 -0.039184 -0.625635
v 0.254761 0.002545 -0.813285
vn 0.499686 -0.041773 -0.865199
v 0.237730 0.039956 -0.837003
vn 0.868328 -0.039513 -0.494414
v 0.279718 0.133547 -0.785088
vn 0.981853 -0.111890 -0.153120
v 0.282655 0.097419 -0.754393
vn 0.985504 -0.103635 0.134319
v 0.279163 0.046962 -0.736025
vn 0.899012 -0.133799 0.416984
v 0.262455 -0.014371 -0.708514
vn 0.973141 -0.223010 0.057119
v 0.288185 0.136306 -0.718568
vn 0.587824 -0.199503 0.784004
v 0.211289 -0.123117 -0.661004
vn 0.762584 -0.233402 0.603315
v 0.225870 -0.071700 -0.664127
vn 0.075954 -0.362176 0.929010
v 0.176983 -0.084163 -0.631360
vn 0.594308 -0.427955 0.680920
v 0.208020 -0.057477 -0.635177
vn -0.041856 -0.360481 0.931827
v 0.169531 -0.123891 -0.643745
vn 0.044906 -0.538524 0.841413
v 0.179782 -0.045103 -0.609679
vn 0.774972 -0.342699 0.531014
v 0.223469 -0.010831 -0.626280
vn -0.688509 -0.391602 0.610413
v 0.130761 -0.020958 -0.629550
vn -0.801617 -0.507566 0.315889
v 0.068200 0.022928 -0.708573
vn -0.402537 -0.507750 0.761679
v 0.155543 -0.007789 -0.590876
vn 0.341668 -0.472691 0.812297
v 0.190746 -0.010053 -0.588856
vn 0.150050 -0.288337 0.945699
v 0.168809 0.065858 -0.554355
vn -0.338207 -0.377562 0.862011
v 0.131894 0.084937 -0.551612
vn -0.509859 -0.829798 -0.226889
v 0.037444 0.051865 -0.798105
vn 0.000000 -0.745332 -0.666694
v -0.000714 0.073002 -0.863004
vn -0.232720 -0.776878 -0.585066
v 0.043315 0.065810 -0.845242
vn 0.000000 -0.307044 -0.951695
v -0.000714 0.121784 -0.890144
vn -0.063566 -0.384166 -0.921073
v 0.070405 0.087160 -0.870781
vn 0.320468 0.006278 -0.947239
v 0.165922 0.200110 -0.872323
vn 0.151076 -0.087816 -0.984614
v 0.088384 0.177516 -0.885980
vn 0.983532 -0.107075 -0.145598
v 0.299607 0.180796 -0.734846
vn 0.981466 -0.184313 0.052469
v 0.297472 0.171312 -0.689891
vn 0.935604 -0.237902 0.260860
v 0.265418 0.058955 -0.679629
vn 0.919266 -0.302082 0.252382
v 0.267326 0.083451 -0.651144
vn 0.872157 0.100596 -0.478773
v 0.288451 0.221029 -0.772537
vn 0.557526 -0.022541 -0.829853
v 0.222650 0.151670 -0.839803
vn 0.994407 0.045654 -0.095243
v 0.305286 0.234227 -0.709339
vn 0.629436 0.111548 -0.769004
v 0.238058 0.229818 -0.833779
vn 0.962626 0.270774 0.005747
v 0.301240 0.297980 -0.666319
vn 0.891611 0.278396 -0.357107
v 0.287445 0.275000 -0.743051
vn 0.953200 0.133352 0.271342
v 0.266176 0.309834 -0.535890
vn 0.654203 0.236420 -0.718418
v 0.235910 0.275334 -0.819089
vn 0.784049 0.366691 -0.500805
v 0.249920 0.333118 -0.783860
vn 0.841221 0.491408 -0.225534
v 0.249268 0.363210 -0.734057
vn 0.912352 -0.240908 0.331024
v 0.258914 0.272812 -0.521822
vn 0.872533 -0.448231 0.194358
v 0.224005 0.255990 -0.460742
vn 0.972214 -0.076152 0.221360
v 0.236180 0.292149 -0.446349
vn 0.783643 -0.562641 0.263321
v 0.214675 0.225441 -0.487212
vn 0.901688 -0.431341 -0.030069
v 0.218108 0.244618 -0.397941
vn 0.999640 -0.022985 0.013841
v 0.233092 0.283070 -0.375094
vn 0.818821 -0.547358 -0.173005
v 0.177304 0.181890 -0.418400
vn 0.649280 -0.701609 0.293565
v 0.187394 0.186792 -0.510059
vn 0.729200 -0.682605 -0.048149
v 0.164956 0.173737 -0.453509
vn 0.656974 -0.735827 -0.164144
v 0.128497 0.139812 -0.477974
vn 0.551871 -0.785415 -0.280289
v 0.094470 0.108193 -0.472481
vn 0.512328 -0.856022 0.068895
v 0.096438 0.120622 -0.516253
vn 0.000004 -0.960300 -0.278969
v -0.000714 0.060314 -0.458183
vn 0.000003 -0.999502 -0.031547
v -0.000714 0.057624 -0.480401
vn 0.412564 -0.768143 -0.489641
v 0.070569 0.076260 -0.441982
vn 0.000001 -0.872217 -0.489118
v -0.000714 0.007525 -0.372142
vn 0.440552 -0.897304 -0.027549
v 0.061393 0.096064 -0.533571
vn -0.005211 0.094196 -0.995540
v -0.000714 0.264673 -0.903502
vn 0.207003 0.028016 -0.977939
v 0.092478 0.232030 -0.887174
vn 0.203366 0.368407 -0.907149
v 0.090221 0.309819 -0.875448
vn -0.003534 0.338659 -0.940902
v -0.000714 0.308293 -0.892835
vn 0.337912 0.203099 -0.919003
v 0.149514 0.281954 -0.868839
vn 0.347937 0.112345 -0.930763
v 0.163603 0.233998 -0.869718
vn 0.430419 0.486107 -0.760552
v 0.195593 0.354603 -0.823155
vn 0.291011 0.609652 -0.737318
v 0.159239 0.387753 -0.807829
vn 0.624399 0.619350 -0.475953
v 0.218045 0.392339 -0.767194
vn 0.497815 0.790593 -0.356571
v 0.161897 0.467457 -0.707681
vn 0.725990 0.639636 -0.252595
v 0.217647 0.423266 -0.710332
vn 0.696850 0.715113 -0.054889
v 0.199694 0.474549 -0.600905
vn 0.473813 0.850975 -0.226588
v 0.151864 0.492273 -0.655544
vn 0.390522 0.828725 -0.400883
v 0.073947 0.493798 -0.731387
vn 0.901529 0.400752 0.163225
v 0.227862 0.405258 -0.528010
vn 0.695046 0.695619 0.181727
v 0.193237 0.477784 -0.517841
vn 0.942636 0.217811 0.252974
v 0.222468 0.338688 -0.427785
vn 0.875637 0.392509 0.281418
v 0.213067 0.399626 -0.454811
vn 0.909375 0.400331 0.113017
v 0.207408 0.349119 -0.371738
vn 0.951115 0.305917 -0.042364
v 0.223794 0.321787 -0.281828
vn 0.846035 0.530889 0.048799
v 0.192705 0.369760 -0.333834
vn 0.995947 -0.088310 -0.017081
v 0.229600 0.273816 -0.289181
vn 0.995801 0.040639 -0.082024
v 0.229714 0.281044 -0.201184
vn 0.822833 0.558390 -0.105581
v 0.195042 0.371109 -0.285766
vn 0.917488 -0.365268 -0.157466
v 0.208165 0.203515 -0.272021
vn 0.848318 0.521912 -0.089249
v 0.211932 0.378631 -0.168766
vn 0.929397 0.300973 -0.213625
v 0.232670 0.319158 -0.105605
vn 0.952426 -0.170397 -0.252686
v 0.228928 0.218749 -0.181314
vn 0.867195 -0.467392 -0.171808
v 0.175699 0.160839 -0.320234
vn 0.828599 -0.396180 -0.395556
v 0.147280 0.068105 -0.279271
vn 0.903306 -0.256758 -0.343677
v 0.200741 0.113802 -0.168627
vn 0.777193 -0.560232 -0.286551
v 0.118332 0.065005 -0.334661
vn 0.624454 -0.631115 -0.460164
v 0.115230 -0.003066 -0.257459
vn 0.792011 -0.568584 -0.222328
v 0.145822 0.110602 -0.393829
vn 0.834431 -0.376330 -0.402617
v 0.167506 0.032928 -0.224477
vn 0.537858 -0.744954 -0.394656
v 0.088015 0.046394 -0.376078
vn 0.387665 -0.769771 -0.507117
v 0.072627 -0.023710 -0.277455
vn 0.675138 -0.646951 -0.354461
v 0.125780 0.120040 -0.439602
vn 0.434639 -0.846375 -0.307795
v 0.080657 -0.062566 -0.196569
vn 0.000714 -0.902467 -0.430759
v -0.000714 -0.065164 -0.237775
vn 0.233758 -0.858951 -0.455589
v 0.045496 -0.059229 -0.235818
vn 0.089855 -0.966968 -0.238534
v 0.034108 -0.079922 -0.185263
vn 0.460283 0.634314 -0.621116
v 0.075573 0.459784 -0.777409
vn 0.744483 0.356602 -0.564429
v 0.046814 0.475317 -0.798178
vn 0.000002 -0.197666 -0.980269
v -0.000714 0.447191 -0.817526
vn 0.275252 0.565631 -0.777366
v 0.087816 0.428574 -0.799124
vn 0.000003 -0.779753 -0.626088
v -0.000714 0.461335 -0.833473
vn 0.238692 0.969902 0.048118
v 0.092224 0.523450 -0.583554
vn 0.358458 0.917438 0.172674
v 0.136878 0.509486 -0.531766
vn 0.164327 0.974791 0.150925
v 0.090021 0.514748 -0.504271
vn 0.623822 0.711033 0.324465
v 0.163935 0.464004 -0.433616
vn 0.749996 0.605619 0.265956
v 0.165833 0.435563 -0.388161
vn 0.616951 0.778240 0.117107
v 0.146061 0.431164 -0.296599
vn 0.724149 0.683260 -0.093621
v 0.172476 0.404181 -0.267896
vn 0.405283 0.912097 -0.061845
v 0.117014 0.447639 -0.234725
vn 0.817816 0.566098 -0.103488
v 0.231923 0.356149 -0.063232
vn 0.565372 0.821041 -0.079030
v 0.154095 0.429233 -0.191263
vn 0.326704 0.944425 -0.036408
v 0.106871 0.454603 -0.142396
vn 0.585436 0.798474 0.140368
v 0.179727 0.424017 -0.085897
vn 0.393267 0.906505 0.153590
v 0.104161 0.458752 -0.066912
vn 0.560209 0.785953 0.261617
v 0.124949 0.423477 -0.049927
vn 0.553776 0.831365 -0.046523
v 0.176373 0.398067 -0.017700
vn 0.446360 0.879302 -0.166106
v 0.123785 0.450239 0.050420
vn 0.587311 0.749588 -0.305261
v 0.233847 0.392260 0.062922
vn 0.864269 0.367525 -0.343459
v 0.294462 0.289714 0.007682
vn 0.669913 0.674601 -0.310049
v 0.239701 0.357618 0.019193
vn 0.459947 0.834134 -0.304417
v 0.191502 0.421324 0.070954
vn 0.717549 0.667516 -0.198864
v 0.291987 0.351132 0.074495
vn 0.919138 0.218103 -0.328050
v 0.254274 0.267431 -0.104667
vn 0.831886 0.131987 -0.539022
v 0.347054 0.204231 0.021793
vn 0.870144 0.076679 -0.486795
v 0.292662 0.227073 -0.026477
vn 0.916494 -0.230135 -0.327226
v 0.267120 0.192836 -0.089044
vn 0.845201 -0.217444 -0.488214
v 0.259846 0.153714 -0.048717
vn 0.833906 -0.246388 -0.493856
v 0.215872 0.027129 -0.101265
vn 0.836355 -0.393322 -0.381848
v 0.178170 0.015258 -0.165878
vn 0.581370 -0.573140 -0.577512
v 0.179735 -0.037488 -0.107081
vn 0.688670 -0.107837 -0.717011
v 0.231032 -0.033178 -0.051085
vn 0.631875 -0.679104 -0.373565
v 0.143212 -0.021285 -0.182253
vn 0.657466 -0.170140 -0.734024
v 0.218165 -0.058441 -0.062659
vn 0.456031 -0.820049 -0.345768
v 0.126344 -0.049471 -0.137428
vn 0.257149 -0.839232 -0.479128
v 0.139201 -0.067088 -0.090878
vn 0.081564 -0.966228 -0.244440
v 0.117884 -0.080877 -0.067144
vn 0.330762 -0.918073 -0.218491
v 0.070291 -0.079697 -0.136982
vn 0.119730 -0.988183 -0.095707
v 0.036555 -0.098307 -0.090421
vn 0.441614 0.372027 -0.816439
v 0.059212 0.447346 -0.799504
vn -0.000000 0.984755 0.173946
v -0.000714 0.513714 -0.541882
vn 0.118338 0.976904 0.177918
v 0.072593 0.513314 -0.461877
vn -0.000000 0.983211 0.182471
v -0.000714 0.502102 -0.432336
vn 0.201821 0.927408 0.314933
v 0.055292 0.481568 -0.330789
vn 0.335768 0.916316 0.218231
v 0.102134 0.495820 -0.411374
vn 0.000002 0.992132 0.125197
v -0.000714 0.477628 -0.287552
vn 0.000001 0.999120 -0.041938
v -0.000714 0.479126 -0.109356
vn 0.534239 0.835196 -0.130522
v 0.099766 0.451151 -0.011168
vn 0.402932 0.911732 -0.079937
v 0.073113 0.475980 0.019381
vn 0.000001 0.995925 -0.090191
v -0.000714 0.499534 0.070776
vn 0.436095 0.898705 -0.046372
v 0.166603 0.450006 0.153061
vn 0.283491 0.955857 -0.077265
v 0.059116 0.496692 0.185868
vn 0.410477 0.910970 0.040519
v 0.095968 0.484656 0.220265
vn 0.536301 0.837760 -0.102663
v 0.220408 0.421932 0.120856
vn 0.569058 0.800450 0.188288
v 0.143594 0.457727 0.209989
vn 0.678128 0.734806 -0.014190
v 0.254957 0.397994 0.130627
vn 0.776614 0.607860 0.165459
v 0.279233 0.363469 0.157570
vn 0.804696 0.593104 0.026308
v 0.298043 0.337039 0.122934
vn 0.865182 0.457629 -0.205028
v 0.324393 0.298495 0.090939
vn 0.903506 0.420349 0.083565
v 0.341263 0.275292 0.132090
vn 0.808414 0.516242 0.282775
v 0.301350 0.321097 0.186180
vn 0.821949 0.414938 -0.390161
v 0.306980 0.314482 0.062850
vn 0.876779 0.321593 0.357542
v 0.328983 0.270093 0.188879
vn 0.852325 0.435663 -0.289378
v 0.346756 0.248228 0.080440
vn 0.806251 0.397486 -0.438138
v 0.318409 0.265938 0.057719
vn 0.984827 0.173352 0.008073
v 0.362721 0.219454 0.104776
vn 0.932946 0.072922 0.352553
v 0.347039 0.216078 0.169431
vn 0.987389 0.055907 -0.148113
v 0.363033 0.125920 0.094021
vn 0.766142 -0.141153 -0.626979
v 0.328721 0.152506 0.021227
vn 0.967083 0.103778 0.232337
v 0.360002 0.134788 0.136107
vn 0.762333 -0.026848 -0.646628
v 0.327371 0.097455 0.026012
vn 0.948785 0.115655 -0.293992
v 0.366237 0.067667 0.083388
vn 0.967122 0.048092 0.249723
v 0.366014 0.089198 0.133403
vn 0.799327 -0.091830 -0.593838
v 0.254027 0.074039 -0.042808
vn 0.978684 0.106402 0.175657
v 0.373723 0.021260 0.109485
vn 0.688394 0.082862 -0.720588
v 0.329565 0.032095 0.023273
vn 0.645267 -0.040995 -0.762856
v 0.271996 0.012350 -0.012619
vn 0.594954 -0.013988 -0.803638
v 0.319611 -0.096669 -0.000080
vn 0.796062 -0.209785 -0.567693
v 0.362974 -0.100778 0.033972
vn 0.910984 0.050337 -0.409359
v 0.381561 -0.043117 0.059098
vn 0.997444 -0.005733 0.071226
v 0.385383 -0.042695 0.092685
vn 0.148219 -0.344074 -0.927170
v 0.237228 -0.107280 -0.039213
vn -0.375034 -0.453812 -0.808334
v 0.244871 -0.138525 -0.021570
vn 0.302532 -0.542310 -0.783820
v 0.202942 -0.076163 -0.065271
vn -0.033874 -0.748404 -0.662378
v 0.187016 -0.091009 -0.052405
vn -0.265996 -0.900293 -0.344556
v 0.155070 -0.101852 -0.028447
vn -0.226091 -0.972393 -0.057741
v 0.104082 -0.088380 0.000583
vn -0.275491 -0.949841 0.148011
v 0.093954 -0.083148 0.071044
vn 0.021775 -0.990951 0.132447
v 0.074850 -0.082304 0.059883
vn 0.041297 -0.954810 0.294333
v 0.064156 -0.065722 0.155104
vn 0.092403 -0.995706 0.005503
v 0.082502 -0.087044 -0.010913
vn 0.095866 -0.992881 0.070684
v 0.032135 -0.096482 -0.000674
vn 0.000000 -0.981307 0.192448
v -0.000714 -0.086981 0.085747
vn -0.034272 -0.950368 0.309234
v -0.065587 -0.065722 0.155104
vn -0.095866 -0.992881 0.070685
v -0.033564 -0.096482 -0.000674
vn 0.000001 0.999510 -0.031299
v -0.000714 0.514127 0.295715
vn 0.650194 0.722379 0.235406
v 0.155259 0.413764 0.280441
vn 0.615465 0.732246 0.291579
v 0.226254 0.389209 0.220560
vn 0.854858 0.487159 0.178590
v 0.203070 0.360423 0.330305
vn 0.733059 0.579737 0.355709
v 0.256110 0.354669 0.232807
vn 0.795809 0.371991 0.477819
v 0.251365 0.321504 0.277123
vn 0.886574 0.237045 0.397235
v 0.219198 0.303926 0.341153
vn 0.844150 0.129625 0.520201
v 0.235795 0.264976 0.324944
vn 0.792249 0.286559 0.538725
v 0.285739 0.278672 0.256888
vn 0.840192 0.061942 0.538739
v 0.312941 0.231356 0.233367
vn 0.785748 -0.067104 0.614896
v 0.262255 0.212215 0.299249
vn 0.691054 -0.428674 0.581964
v 0.223142 0.122821 0.304281
vn 0.784572 -0.125146 0.607277
v 0.309150 0.160712 0.227924
vn 0.552484 -0.659845 0.509280
v 0.172002 0.075636 0.315788
vn 0.510820 -0.342051 0.788710
v 0.276892 0.080516 0.233678
vn 0.377130 -0.361731 0.852598
v 0.220555 0.032082 0.227404
vn 0.814370 -0.035713 0.579246
v 0.338337 0.102799 0.190272
vn 0.380250 -0.787806 0.484532
v 0.129893 0.046923 0.311500
vn 0.347106 -0.688706 0.636554
v 0.154958 0.026176 0.265959
vn 0.240127 -0.750295 0.615952
v 0.152701 -0.019761 0.230114
vn 0.348558 -0.502423 0.791251
v 0.177442 0.002969 0.237617
vn 0.570994 -0.179028 0.801196
v 0.318010 0.051182 0.206196
vn 0.250989 -0.382714 0.889120
v 0.233979 0.007714 0.221910
vn 0.094637 -0.830853 0.548386
v 0.066502 -0.021920 0.250164
vn -0.004389 -0.889469 0.456974
v -0.000714 -0.022867 0.242659
vn 0.291084 -0.295228 0.910006
v 0.291897 -0.004287 0.199075
vn 0.701025 -0.083339 0.708250
v 0.340639 0.018326 0.180790
vn 0.492665 -0.391422 0.777219
v 0.351282 -0.055318 0.158302
vn 0.900874 -0.046613 0.431571
v 0.374250 -0.042979 0.129470
vn 0.425248 -0.386207 0.818541
v 0.347698 -0.086374 0.132005
vn 0.769795 -0.351451 0.532820
v 0.368669 -0.083925 0.124321
vn 0.956538 -0.274362 0.098794
v 0.378023 -0.082362 0.091787
vn 0.924976 -0.351992 -0.143254
v 0.371814 -0.100655 0.063056
vn 0.252428 -0.806193 0.535101
v 0.080996 0.019203 0.297632
vn 0.000001 -0.859788 0.510651
v -0.000714 0.021001 0.326179
vn 0.262665 0.942809 -0.205227
v 0.056170 0.503389 0.348970
vn 0.975652 0.208063 -0.069371
v 0.197295 0.380909 0.388456
vn 0.000000 0.990537 -0.137245
v -0.000714 0.512695 0.400299
vn 0.395179 0.914826 -0.083229
v 0.170254 0.512348 0.495760
vn 0.215041 0.972571 -0.088668
v 0.132650 0.533561 0.495635
vn -0.000000 0.997630 -0.068804
v -0.000714 0.527731 0.470921
vn 0.274462 0.948419 -0.158656
v 0.160429 0.515656 0.447894
vn 0.512615 0.825535 -0.236045
v 0.185940 0.500107 0.444995
vn 0.744951 0.203151 -0.635434
v 0.192266 0.464052 0.414978
vn 0.560053 -0.574255 -0.597136
v 0.235842 0.400773 0.480763
vn 0.779143 0.026205 -0.626299
v 0.223672 0.445132 0.453128
vn 0.845190 -0.311742 -0.434133
v 0.215949 0.388078 0.464789
vn 0.748764 0.327272 -0.576408
v 0.178809 0.441996 0.396196
vn 0.947422 -0.007545 -0.319897
v 0.200443 0.393604 0.426331
vn 0.838352 0.470894 -0.274637
v 0.183796 0.407144 0.368823
vn 0.982736 0.115371 0.144635
v 0.203972 0.303751 0.390165
vn 0.982659 -0.030920 0.182825
v 0.208361 0.241022 0.395124
vn 0.889053 -0.291617 0.352908
v 0.203522 0.177481 0.375170
vn 0.693448 -0.613969 0.377058
v 0.165240 0.111915 0.377668
vn 0.437370 -0.796943 0.416642
v 0.126028 0.074626 0.369689
vn 0.321564 -0.917194 0.235270
v 0.094240 0.074219 0.392436
vn 0.000001 -0.914196 0.405273
v -0.000714 0.050505 0.378314
vn 0.000000 0.979779 0.200083
v -0.000714 0.513883 0.581451
vn 0.087064 0.954429 0.285455
v 0.126669 0.527165 0.539555
vn 0.415603 0.847860 0.329253
v 0.181919 0.511287 0.548108
vn 0.249256 0.785349 0.566656
v 0.151914 0.510496 0.565415
vn 0.394125 0.588317 0.706080
v 0.174012 0.507296 0.562520
vn 0.379442 0.047248 0.924008
v 0.192248 0.486640 0.555231
vn 0.401108 0.726666 0.557736
v 0.201537 0.503268 0.549509
vn 0.566836 0.818925 -0.089766
v 0.197394 0.501599 0.490466
vn 0.681614 0.726993 -0.082967
v 0.209485 0.489108 0.449037
vn 0.813944 0.567214 -0.125554
v 0.222005 0.473808 0.464356
vn 0.376228 -0.654501 -0.655805
v 0.252554 0.403931 0.484738
vn 0.823850 -0.503680 0.259955
v 0.221420 0.369017 0.513149
vn 0.745235 -0.611829 0.265123
v 0.235297 0.391649 0.502059
vn 0.775534 -0.031386 0.630525
v 0.220307 0.384135 0.521512
vn 0.457073 -0.414091 0.787155
v 0.227818 0.402683 0.511846
vn 0.798466 0.164423 0.579152
v 0.204146 0.402022 0.530300
vn 0.456028 -0.220573 0.862198
v 0.211473 0.414280 0.523825
vn 0.861260 0.191595 0.470663
v 0.195046 0.422963 0.542727
vn 0.845985 -0.015090 0.532993
v 0.186546 0.450167 0.551567
vn 0.985328 0.093906 0.142515
v 0.197607 0.226915 0.546669
vn 0.997919 0.006438 -0.064156
v 0.212288 0.183407 0.485086
vn 0.964021 -0.175886 -0.199318
v 0.202980 0.170631 0.451180
vn 0.750386 -0.523091 -0.404099
v 0.181859 0.107507 0.448703
vn 0.930620 -0.352317 -0.099093
v 0.195462 0.170260 0.414821
vn 0.766517 -0.615427 -0.183578
v 0.164475 0.124549 0.410958
vn 0.890702 -0.401609 -0.212980
v 0.197671 0.116170 0.481953
vn 0.973860 -0.225225 -0.029493
v 0.210551 0.135120 0.514315
vn 0.533764 -0.842779 -0.069417
v 0.128883 0.093706 0.406374
vn 0.186319 -0.955106 -0.230341
v 0.087928 0.070729 0.424855
vn 0.000000 -0.968889 0.247496
v -0.000714 0.059664 0.400624
vn -0.000000 -0.997593 -0.069345
v -0.000714 0.062078 0.450491
vn -0.000000 -0.999997 -0.002255
v -0.000714 0.055528 0.510954
vn 0.431928 0.824890 0.364685
v 0.143575 0.494929 0.591040
vn 0.625976 0.250699 0.738447
v 0.169162 0.485981 0.569406
vn 0.687643 0.694371 0.212122
v 0.150700 0.486009 0.614109
vn 0.861330 0.223042 0.456468
v 0.167036 0.469506 0.581657
vn 0.671907 -0.120346 0.730792
v 0.191150 0.443940 0.541080
vn 0.253335 0.583168 0.771839
v 0.214343 0.495431 0.552938
vn 0.544118 0.343134 0.765633
v 0.241572 0.470905 0.551295
vn 0.805034 0.249459 -0.538229
v 0.230467 0.454039 0.463454
vn 0.811662 0.540528 -0.221437
v 0.242690 0.444210 0.479258
vn 0.987621 0.025959 0.154694
v 0.181282 0.206609 0.629751
vn 0.979875 0.142291 0.139993
v 0.202110 0.167275 0.574115
vn 0.988728 -0.149536 0.007525
v 0.201851 0.119196 0.571838
vn 0.864235 -0.481680 -0.145199
v 0.193026 0.100126 0.551194
vn 0.903363 -0.421478 -0.079321
v 0.201308 0.089262 0.581161
vn 0.617509 -0.776532 -0.125224
v 0.167065 0.065394 0.560273
vn 0.901338 -0.377501 0.212327
v 0.186841 0.087178 0.623740
vn 0.464704 -0.882013 -0.078129
v 0.157486 0.062794 0.512501
vn 0.729794 -0.662035 -0.170619
v 0.177811 0.081452 0.492661
vn 0.436230 -0.841292 -0.319267
v 0.143408 0.062405 0.466977
vn -0.341493 -0.939816 0.011300
v 0.095329 0.047615 0.618510
vn -0.067355 -0.997347 0.027624
v 0.090185 0.047938 0.555676
vn 0.121557 -0.990330 -0.066865
v 0.113502 0.047131 0.501877
vn 0.143675 -0.916878 -0.372415
v 0.114426 0.060040 0.452043
vn -0.256464 -0.952605 0.163614
v 0.062731 0.067907 0.595875
vn -0.071335 -0.981297 0.178794
v 0.030556 0.060881 0.569560
vn -0.000000 -0.988876 0.148740
v -0.000714 0.070136 0.613957
vn -0.287083 -0.952291 0.103559
v 0.063163 0.070773 0.640705
vn -0.000002 -0.857321 0.514782
v -0.000714 0.096671 0.735186
vn 0.000003 0.454937 0.890523
v -0.000714 0.377882 0.806183
vn 0.000003 0.825330 0.564651
v -0.000714 0.389551 0.795996
vn 0.497331 0.750742 0.434796
v 0.045977 0.384834 0.789232
vn 0.717861 0.439886 0.539608
v 0.074910 0.354934 0.775451
vn 0.853298 0.381165 0.355803
v 0.141826 0.277311 0.745592
vn 0.964995 0.155046 0.211532
v 0.174658 0.196449 0.669556
vn 0.950076 0.131676 0.282872
v 0.176373 0.175408 0.709128
vn 0.967133 0.007400 0.254163
v 0.197796 0.147986 0.641447
vn 0.789821 -0.515926 0.331669
v 0.180656 0.086596 0.698124
vn 0.624823 -0.355304 0.695238
v 0.162309 0.101496 0.740152
vn 0.856368 0.020866 0.515944
v 0.163331 0.117084 0.733303
vn 0.811783 -0.123057 0.570847
v 0.157144 0.149801 0.753064
vn 0.443737 -0.463878 0.766756
v 0.142079 0.124132 0.754893
vn 0.308654 -0.724367 0.616462
v 0.092720 0.081733 0.750281
vn -0.404598 -0.889145 0.213825
v 0.087793 0.065664 0.702229
vn -0.229328 -0.942723 0.242244
v 0.057104 0.080857 0.724074
vn 0.184739 -0.369832 0.910547
v 0.085953 0.099653 0.765168
vn -0.000001 -0.671631 0.740886
v -0.000714 0.126352 0.759809
vn 0.012051 -0.464142 0.885679
v 0.065043 0.121127 0.772306
vn 0.237566 -0.576235 0.781995
v 0.056464 0.149746 0.794646
vn 0.636747 -0.264415 0.724319
v 0.080304 0.160842 0.783637
vn 0.355757 0.128561 0.925694
v 0.042432 0.371194 0.798739
vn 0.572481 0.328304 0.751321
v 0.093019 0.272672 0.816776
vn 0.784591 0.218098 0.580389
v 0.120906 0.250451 0.789001
vn 0.837869 0.120569 0.532390
v 0.146160 0.197657 0.767911
vn 0.683168 0.022773 0.729906
v 0.116954 0.202850 0.799311
vn 0.260158 0.027357 0.965178
v 0.056757 0.241562 0.834813
vn 0.659043 0.453211 0.600218
v 0.097638 0.300080 0.782036
vn 0.656304 -0.653119 0.377757
v 0.108848 0.395690 0.737858
vn 0.284380 0.304942 0.908922
v 0.123948 0.427320 0.735532
vn 0.111424 0.463829 0.878890
v 0.061362 0.420237 0.746611
vn 0.831405 0.376411 0.408756
v 0.153965 0.419180 0.696035
vn 0.951253 -0.226260 0.209580
v 0.189230 0.350289 0.544809
vn 0.993894 0.069771 0.085474
v 0.193610 0.305095 0.527420
vn 0.997851 -0.054796 0.035919
v 0.194043 0.258598 0.573072
vn -0.196960 -0.311803 0.929508
v 0.264410 -0.138753 0.140627
vn -0.557853 -0.628817 0.541655
v 0.213718 -0.138753 0.117763
vn 0.268172 -0.185388 -0.945365
v 0.273143 -0.138217 -0.028201
vn -0.716468 -0.603007 -0.350794
v 0.222806 -0.138580 0.009454
vn -0.747758 -0.663767 -0.016492
v 0.208492 -0.138753 0.055235
vn 0.837105 -0.205626 0.506925
v 0.345510 -0.138753 0.118369
vn 0.979387 -0.201765 0.009566
v 0.352917 -0.138753 0.079114
vn 0.874423 -0.184301 -0.448795
v 0.346712 -0.138753 0.037567
vn -0.000000 -0.226043 -0.974117
v -0.000714 0.485096 -0.866895
vn 0.000000 0.967820 -0.251643
v -0.000714 0.541059 -0.832512
vn 0.813913 0.060330 -0.577846
v 0.024771 0.502172 -0.844660
vn -0.000000 -0.708818 -0.705391
v -0.000714 0.472534 -0.857267
vn 0.892855 0.390420 -0.224459
v 0.037226 0.496178 -0.801477
vn 0.745963 -0.465467 -0.476320
v 0.024485 0.477845 -0.834255
vn 0.791587 0.509277 -0.337678
v 0.025515 0.526139 -0.836225
vn 0.613683 0.781897 -0.109686
v 0.035951 0.507004 -0.758933
vn -0.000000 0.988039 0.154203
v -0.000714 0.539822 -0.773196
vn 0.754722 0.656013 -0.006413
v 0.025006 0.519875 -0.787167
vn -0.000000 0.529797 -0.848125
v -0.000714 0.524850 -0.851194
vn -0.813913 0.060330 -0.577846
v -0.026200 0.502172 -0.844660
vn -0.745959 -0.465461 -0.476330
v -0.025914 0.477845 -0.834255
vn -0.892840 0.390450 -0.224469
v -0.038654 0.496178 -0.801477
vn -0.744466 0.356615 -0.564444
v -0.048245 0.475317 -0.798178
vn -0.791587 0.509277 -0.337678
v -0.026943 0.526139 -0.836225
vn -0.754722 0.656013 -0.006414
v -0.026435 0.519875 -0.787167
vn -0.613670 0.781906 -0.109688
v -0.037380 0.507004 -0.758933
vn -0.540946 -0.016197 0.840901
v -0.245408 -0.263582 -0.710427
vn -0.295738 -0.273699 0.915220
v -0.207997 -0.189241 -0.679891
vn -0.688900 -0.070996 0.721371
v -0.245646 -0.192162 -0.705478
vn -0.890455 0.002172 0.455066
v -0.268263 -0.233726 -0.734242
vn -0.958722 0.213135 0.188216
v -0.273548 -0.317357 -0.745838
vn -0.999554 -0.000802 -0.029853
v -0.275929 -0.222565 -0.768889
vn -0.938477 0.026347 -0.344335
v -0.272770 -0.108656 -0.790860
vn -0.817655 -0.020417 -0.575346
v -0.266596 -0.284919 -0.795261
vn -0.698020 -0.031033 -0.715406
v -0.257431 -0.175900 -0.815678
vn -0.383564 -0.089996 -0.919119
v -0.244461 -0.305014 -0.810776
vn -0.303547 -0.021543 -0.952573
v -0.219796 -0.152628 -0.838446
vn -0.006549 -0.396027 -0.918216
v -0.219673 -0.397534 -0.802184
vn 0.058007 -0.090072 -0.994245
v -0.182021 -0.181613 -0.842997
vn 0.280379 -0.400736 -0.872238
v -0.188711 -0.388219 -0.802120
vn 0.539685 -0.102790 -0.835568
v -0.157541 -0.179057 -0.835432
vn 0.667515 -0.336905 -0.664018
v -0.165544 -0.384994 -0.790176
vn 0.818877 -0.116340 -0.562055
v -0.131156 -0.163954 -0.808468
vn 0.926904 -0.165435 -0.336869
v -0.145996 -0.297645 -0.788101
vn 0.969017 -0.171358 -0.177881
v -0.115405 -0.152658 -0.775872
vn 0.979421 -0.168641 0.110880
v -0.141927 -0.287316 -0.762794
vn 0.971027 -0.210715 0.112721
v -0.121793 -0.184359 -0.748318
vn 0.883730 -0.185887 0.429496
v -0.148116 -0.272093 -0.735823
vn 0.929306 -0.287944 0.231256
v -0.114175 -0.122081 -0.709049
vn 0.691697 -0.187047 0.697545
v -0.161924 -0.264563 -0.713666
vn 0.663548 -0.352414 0.659931
v -0.149568 -0.193632 -0.694628
vn 0.318900 -0.175980 0.931308
v -0.179541 -0.260283 -0.700844
vn 0.172984 -0.342591 0.923422
v -0.178571 -0.199125 -0.681182
vn -0.145978 -0.136754 0.979790
v -0.212397 -0.257675 -0.699412
vn 0.792622 0.204463 0.574408
v -0.168158 -0.320171 -0.711639
vn 0.970872 0.038801 0.236438
v -0.156427 -0.336481 -0.738637
vn 0.951897 -0.155214 -0.264196
v -0.153189 -0.384371 -0.764912
vn -0.255490 -0.334156 -0.907229
v -0.256100 -0.405084 -0.792243
vn -0.573381 -0.039128 -0.818354
v -0.277401 -0.379662 -0.790820
vn -0.961434 0.216498 -0.169627
v -0.277133 -0.335517 -0.766045
vn -0.453279 0.325076 0.829978
v -0.244093 -0.311082 -0.705963
vn -0.770040 0.321117 0.551291
v -0.260286 -0.310799 -0.721228
vn 0.116398 0.252819 0.960486
v -0.198373 -0.306991 -0.697356
vn -0.240645 0.257444 0.935849
v -0.227047 -0.304467 -0.702998
vn 0.480433 0.137821 0.866135
v -0.182632 -0.309015 -0.702768
vn -0.865178 0.470267 0.174113
v -0.292481 -0.429730 -0.578274
vn -0.091011 0.477259 0.874037
v -0.288604 -0.429611 -0.573727
vn -0.343800 0.431129 0.834224
v -0.279884 -0.414933 -0.585043
vn -0.392487 0.288483 0.873345
v -0.310867 -0.416455 -0.607494
vn -0.787431 0.599511 0.143314
v -0.323048 -0.427466 -0.601170
vn 0.089250 0.431362 0.897754
v -0.319311 -0.429622 -0.595550
vn 0.088310 -0.735560 0.671679
v -0.233322 -0.450707 -0.582770
vn 0.267699 -0.901743 0.339407
v -0.229399 -0.442361 -0.597540
vn 0.691412 -0.449934 0.565251
v -0.215812 -0.436369 -0.598836
vn 0.252196 0.256080 0.933178
v -0.218935 -0.412174 -0.600999
vn -0.130838 0.539622 0.831679
v -0.228125 -0.428831 -0.587762
vn -0.151674 -0.141715 0.978219
v -0.237356 -0.437667 -0.591572
vn 0.746318 -0.178467 0.641217
v -0.219799 -0.437569 -0.591109
vn 0.425594 0.162241 0.890252
v -0.213857 -0.420876 -0.600714
vn -0.757325 -0.553552 0.346467
v -0.293228 -0.443323 -0.586670
vn 0.085186 -0.818428 0.568260
v -0.279116 -0.444373 -0.581094
vn -0.724548 0.455165 0.517548
v -0.286750 -0.419323 -0.588256
vn 0.420099 -0.078251 0.904098
v -0.280623 -0.439121 -0.576490
vn -0.024893 -0.690210 0.723181
v -0.293992 -0.450092 -0.569304
vn -0.812155 -0.534596 0.233691
v -0.299114 -0.449346 -0.572214
vn -0.623537 -0.532415 -0.572482
v -0.349068 -0.440215 -0.650325
vn -0.913381 -0.375623 -0.156977
v -0.341088 -0.432739 -0.660479
vn -0.205818 -0.977956 -0.035216
v -0.338064 -0.434762 -0.650795
vn -0.872973 0.487739 -0.005331
v -0.345363 -0.424990 -0.648483
vn -0.911447 0.242842 0.332101
v -0.337291 -0.413350 -0.655230
vn -0.042252 0.590426 0.805985
v -0.341668 -0.424226 -0.644169
vn -0.573071 -0.415031 0.706639
v -0.336799 -0.433257 -0.643433
vn -0.941658 -0.279958 0.186827
v -0.324739 -0.437231 -0.610079
vn -0.768484 -0.595534 0.234034
v -0.238595 -0.450038 -0.585198
vn -0.355757 -0.832961 0.423808
v -0.349494 -0.445750 -0.641098
vn -0.617448 0.190667 0.763154
v -0.348714 -0.436440 -0.640793
vn -0.356721 -0.568957 0.740971
v -0.309487 -0.442280 -0.605532
vn -0.737427 -0.606805 0.296630
v -0.328451 -0.450859 -0.592196
vn 0.202934 -0.690998 0.693787
v -0.322577 -0.451311 -0.589991
vn 0.128192 -0.963633 -0.234476
v -0.186704 -0.457222 -0.734281
vn 0.178704 -0.983868 -0.008234
v -0.185652 -0.459989 -0.712476
vn -0.084481 -0.954272 -0.286754
v -0.268461 -0.450406 -0.748228
vn -0.197409 -0.976244 -0.089318
v -0.277014 -0.454478 -0.721388
vn 0.022195 -0.997683 0.064305
v -0.232906 -0.462155 -0.679515
vn -0.489128 -0.757538 0.432309
v -0.273421 -0.457081 -0.667007
vn 0.018264 -0.768423 0.639682
v -0.240644 -0.458417 -0.657696
vn -0.544639 -0.825922 0.145675
v -0.283586 -0.450865 -0.703413
vn -0.503575 -0.861908 -0.059395
v -0.302837 -0.446058 -0.717664
vn -0.646193 -0.720091 -0.252793
v -0.299406 -0.446510 -0.735863
vn -0.468866 -0.650314 -0.597709
v -0.286148 -0.442376 -0.765008
vn -0.197042 -0.633813 -0.747968
v -0.269283 -0.438399 -0.774257
vn 0.222065 -0.728398 -0.648169
v -0.186807 -0.447815 -0.757007
vn 0.640830 -0.645314 -0.415821
v -0.165946 -0.447510 -0.745744
vn 0.731472 -0.680436 -0.044224
v -0.161411 -0.450194 -0.718893
vn 0.580636 -0.721133 0.377928
v -0.168401 -0.452322 -0.696763
vn 0.279242 -0.883986 0.374956
v -0.207721 -0.456793 -0.675994
vn -0.028771 -0.998327 -0.050154
v -0.234248 -0.441988 -0.648987
vn 0.079123 -0.996673 0.019582
v -0.277383 -0.440769 -0.660121
vn -0.400601 -0.912084 0.087305
v -0.290344 -0.440477 -0.695805
vn -0.781447 -0.427208 -0.454790
v -0.307275 -0.425563 -0.736342
vn -0.671810 -0.312189 -0.671721
v -0.296092 -0.415263 -0.766392
vn 0.077730 -0.668781 -0.739385
v -0.227976 -0.435921 -0.776278
vn 0.305961 -0.525783 -0.793688
v -0.181859 -0.428902 -0.764473
vn 0.769154 -0.513318 0.380666
v -0.161885 -0.432355 -0.687299
vn 0.362301 -0.921808 0.137866
v -0.201852 -0.445500 -0.658404
vn 0.981486 -0.190754 0.017257
v -0.143106 -0.409354 -0.710936
vn -0.862306 -0.064233 -0.502297
v -0.330891 -0.403095 -0.719073
vn -0.480341 -0.821703 -0.306719
v -0.330955 -0.435541 -0.684118
vn -0.813338 0.047604 -0.579840
v -0.306665 -0.395443 -0.763321
vn -0.888166 -0.428268 -0.166574
v -0.341504 -0.430951 -0.675487
vn -0.820431 -0.408892 -0.399625
v -0.335742 -0.424197 -0.706027
vn 0.606622 -0.789812 0.090594
v -0.194433 -0.445645 -0.634915
vn 0.782357 -0.551084 0.290213
v -0.179967 -0.429249 -0.642618
vn -0.870240 0.436215 0.228908
v -0.321536 -0.377922 -0.640097
vn -0.951880 0.275511 0.134228
v -0.343948 -0.386640 -0.676444
vn -0.918363 -0.202215 0.340174
v -0.333113 -0.435172 -0.624566
vn 0.271435 -0.296053 0.915792
v -0.258123 -0.442974 -0.580556
vn 0.237820 0.386774 0.890981
v -0.241628 -0.390947 -0.601276
vn -0.208484 0.511489 0.833615
v -0.273262 -0.387907 -0.593486
vn 0.434168 0.252720 0.864657
v -0.191307 -0.388761 -0.611851
vn -0.429201 0.452962 0.781416
v -0.290647 -0.394267 -0.605113
vn -0.542127 0.601277 0.586995
v -0.315872 -0.367300 -0.619420
vn -0.679105 -0.338541 0.651311
v -0.302158 -0.444138 -0.593793
vn 0.885269 -0.211517 0.414197
v -0.161428 -0.402930 -0.654299
vn 0.862189 0.216872 0.457817
v -0.164195 -0.379699 -0.647189
vn 0.787621 -0.026973 0.615569
v -0.178546 -0.393945 -0.623336
vn 0.502594 0.543219 0.672542
v -0.183576 -0.373251 -0.623378
vn 0.666785 0.611044 0.426642
v -0.167128 -0.362479 -0.659543
vn 0.273224 0.698576 0.661317
v -0.186515 -0.339148 -0.686003
vn -0.927973 0.169421 -0.331909
v -0.340605 -0.391542 -0.696680
vn -0.632993 0.639799 -0.435864
v -0.313959 -0.361643 -0.714184
vn -0.790220 0.603230 -0.108007
v -0.335116 -0.369455 -0.688144
vn -0.890971 0.364027 -0.271393
v -0.281029 -0.337355 -0.739458
vn -0.403440 0.904966 0.135175
v -0.297930 -0.356675 -0.712405
vn -0.639043 0.759122 0.123926
v -0.284284 -0.349369 -0.711019
vn -0.143954 0.737806 0.659484
v -0.249961 -0.337817 -0.698597
vn -0.121868 0.789191 0.601935
v -0.261598 -0.332280 -0.699790
vn -0.644143 0.764115 0.034763
v -0.276597 -0.337630 -0.702832
vn -0.296732 0.890188 0.345709
v -0.293561 -0.342593 -0.647582
vn -0.547986 0.836474 0.004732
v -0.303159 -0.352635 -0.672596
vn -0.521159 0.845971 0.112809
v -0.322086 -0.359027 -0.679614
vn 0.649867 -0.468413 0.598550
v -0.193401 -0.434263 -0.612967
vn 0.307802 0.731255 0.608706
v -0.214301 -0.356584 -0.632390
vn 0.052193 0.832333 0.551813
v -0.244136 -0.343454 -0.627220
vn 0.077089 0.783608 0.616454
v -0.213546 -0.333103 -0.680798
vn -0.339196 0.798645 0.497104
v -0.233071 -0.334168 -0.687229
vn -0.466234 0.824196 0.321444
v -0.258723 -0.346483 -0.631302
vn -0.263962 0.906519 0.329465
v -0.265758 -0.349971 -0.643226
vn 0.958687 0.182042 0.218588
v -0.147692 -0.379314 -0.690602
vn 0.285329 -0.848008 0.446621
v -0.241620 -0.461779 -0.609071
vn 0.172287 -0.942499 -0.286378
v -0.228608 -0.462658 -0.631370
vn 0.490925 -0.820639 0.292481
v -0.218900 -0.457002 -0.620923
vn -0.103724 -0.926919 -0.360642
v -0.305676 -0.458417 -0.661727
vn -0.247815 -0.963951 0.096887
v -0.302874 -0.464725 -0.632025
vn -0.559953 -0.812762 -0.160840
v -0.324442 -0.452289 -0.659350
vn 0.273792 -0.920460 -0.278910
v -0.292623 -0.461797 -0.645957
vn -0.027318 -0.923673 -0.382206
v -0.254732 -0.464143 -0.627610
vn 0.026262 -0.971208 0.236782
v -0.255683 -0.465247 -0.610422
vn -0.073893 -0.992347 0.098930
v -0.282057 -0.462240 -0.616727
vn 0.159320 -0.886478 -0.434481
v -0.274525 -0.457336 -0.635906
vn -0.633209 -0.718865 0.286844
v -0.320623 -0.449668 -0.624492
vn 0.009122 -0.834620 0.550751
v -0.262975 -0.458219 -0.596828
vn 0.314500 -0.658524 0.683692
v -0.232092 -0.452913 -0.603474
vn -0.328535 -0.838393 0.434928
v -0.293867 -0.457209 -0.606916
vn 0.365561 -0.054275 -0.929204
v -0.160503 -0.111771 -0.837372
vn -0.790078 0.019835 -0.612685
v -0.258762 -0.076399 -0.810928
vn -0.905656 -0.057480 0.420099
v -0.263475 -0.096616 -0.723548
vn 0.784074 -0.173297 -0.595984
v -0.114222 -0.065180 -0.805494
vn 0.521312 -0.436928 0.733026
v -0.147914 -0.141319 -0.659987
vn -0.023224 -0.429710 0.902668
v -0.261040 -0.094842 0.156769
vn 0.196958 -0.311801 0.929509
v -0.265841 -0.138753 0.140627
vn 0.557852 -0.628817 0.541655
v -0.215149 -0.138753 0.117763
vn 0.180715 -0.665135 0.724526
v -0.182061 -0.067481 0.164476
vn 0.173588 -0.564156 0.807214
v -0.209876 -0.096326 0.153019
vn -0.594956 -0.013990 -0.803637
v -0.321042 -0.096669 -0.000080
vn -0.268158 -0.185393 -0.945368
v -0.274572 -0.138217 -0.028201
vn -0.761494 -0.137563 -0.633406
v -0.338484 -0.213160 0.032129
vn -0.874438 -0.184289 -0.448771
v -0.348143 -0.138753 0.037567
vn -0.796067 -0.209782 -0.567687
v -0.364403 -0.100778 0.033972
vn -0.688670 -0.107841 -0.717011
v -0.232463 -0.033178 -0.051085
vn -0.148220 -0.344079 -0.927168
v -0.238657 -0.107280 -0.039213
vn 0.375039 -0.453810 -0.808333
v -0.246302 -0.138525 -0.021570
vn 0.265996 -0.900294 -0.344553
v -0.156499 -0.101852 -0.028447
vn 0.716470 -0.603006 -0.350790
v -0.224237 -0.138580 0.009454
vn 0.226089 -0.972394 -0.057741
v -0.105511 -0.088380 0.000583
vn 0.747756 -0.663769 -0.016492
v -0.209922 -0.138753 0.055235
vn 0.275488 -0.949842 0.148011
v -0.095383 -0.083148 0.071044
vn 0.120639 -0.940663 0.317176
v -0.098823 -0.068531 0.137484
vn -0.192174 -0.463417 0.865051
v -0.324961 -0.064141 0.154770
vn -0.425245 -0.386214 0.818539
v -0.349129 -0.086374 0.132005
vn -0.413058 -0.161186 0.896327
v -0.329582 -0.184679 0.123862
vn -0.956536 -0.274373 0.098782
v -0.379452 -0.082362 0.091787
vn -0.837115 -0.205628 0.506907
v -0.346939 -0.138753 0.118369
vn -0.769807 -0.351463 0.532795
v -0.370100 -0.083925 0.124321
vn -0.979390 -0.201753 0.009577
v -0.354346 -0.138753 0.079114
vn -0.924972 -0.352003 -0.143250
v -0.373243 -0.100655 0.063056
vn -0.321567 -0.917190 0.235283
v -0.095671 0.074219 0.392436
vn -0.252426 -0.806195 0.535099
v -0.082425 0.019203 0.297632
vn -0.380252 -0.787807 0.484529
v -0.131323 0.046923 0.311500
vn -0.437380 -0.796935 0.416646
v -0.127459 0.074626 0.369689
vn -0.552492 -0.659840 0.509278
v -0.173431 0.075636 0.315788
vn -0.693447 -0.613970 0.377058
v -0.166669 0.111915 0.377668
vn -0.691052 -0.428678 0.581965
v -0.224571 0.122821 0.304281
vn -0.659047 0.453218 0.600209
v -0.099069 0.300080 0.782036
vn -0.853299 0.381157 0.355810
v -0.143255 0.277311 0.745592
vn -0.784595 0.218087 0.580386
v -0.122337 0.250451 0.789001
vn -0.572477 0.328301 0.751324
v -0.094450 0.272672 0.816776
vn -0.889049 -0.291613 0.352921
v -0.204953 0.177481 0.375170
vn -0.785745 -0.067106 0.614899
v -0.263684 0.212215 0.299249
vn -0.844147 0.129623 0.520206
v -0.237224 0.264976 0.324944
vn -0.982658 -0.030920 0.182831
v -0.209790 0.241022 0.395124
vn -0.886581 0.237027 0.397230
v -0.220627 0.303926 0.341153
vn -0.982738 0.115354 0.144636
v -0.205402 0.303751 0.390165
vn -0.854860 0.487156 0.178589
v -0.204501 0.360423 0.330305
vn -0.975653 0.208061 -0.069370
v -0.198725 0.380909 0.388456
vn -0.838339 0.470905 -0.274657
v -0.185226 0.407144 0.368823
vn -0.663959 0.581125 -0.470587
v -0.158481 0.443145 0.370844
vn -0.543743 0.837619 -0.052319
v -0.092280 0.475625 0.304182
vn 0.256125 -0.884399 0.390176
v -0.061149 0.077281 -0.654834
vn -0.334036 0.221801 -0.916092
v -0.150943 0.281954 -0.868839
vn -0.207018 0.331139 -0.920592
v -0.091652 0.309819 -0.875448
vn -0.218193 0.495726 -0.840623
v -0.114810 0.346446 -0.849948
vn -0.273858 0.571974 -0.773206
v -0.089247 0.428574 -0.799124
vn -0.441606 0.372017 -0.816448
v -0.060641 0.447346 -0.799504
vn -0.993181 0.041977 0.108766
v -0.199315 0.272408 0.615840
vn -0.984576 0.034754 0.171469
v -0.182917 0.328701 0.629619
vn -0.993895 0.069758 0.085484
v -0.195039 0.305095 0.527420
vn -0.951244 -0.226282 0.209596
v -0.190659 0.350289 0.544809
vn -0.969594 -0.198622 0.142958
v -0.195968 0.332826 0.508411
vn -0.952304 -0.225104 0.206023
v -0.189625 0.378427 0.599336
vn -0.985327 0.093923 0.142513
v -0.199036 0.226915 0.546669
vn -0.997852 -0.054805 0.035898
v -0.195472 0.258598 0.573072
vn -0.344022 -0.042519 0.937998
v -0.126275 0.414627 0.737266
vn -0.565011 -0.443734 0.695602
v -0.140773 0.409305 0.727121
vn -0.656281 -0.653075 0.377873
v -0.110279 0.395690 0.737858
vn -0.491306 -0.759009 0.427228
v -0.120250 0.392541 0.712710
vn -0.924751 -0.107817 0.364981
v -0.104900 0.373995 0.710604
vn -0.779124 -0.524901 0.342702
v -0.097817 0.382580 0.733461
vn -0.642995 -0.014093 0.765741
v -0.086435 0.373057 0.748348
vn -0.666496 0.131861 0.733754
v -0.137747 0.417155 0.731379
vn -0.284361 0.304922 0.908934
v -0.125377 0.427320 0.735532
vn -0.389102 0.558601 0.732505
v -0.124336 0.442749 0.728142
vn -0.333653 0.530612 0.779183
v -0.046903 0.400513 0.754333
vn -0.111428 0.463830 0.878889
v -0.062792 0.420237 0.746611
vn -0.048676 0.603687 0.795734
v -0.030279 0.441001 0.735247
vn -0.740954 -0.124702 0.659876
v -0.157986 0.402829 0.708186
vn -0.235505 -0.688003 0.686433
v -0.134198 0.390783 0.706049
vn -0.865654 -0.092372 0.492048
v -0.172788 0.384234 0.676643
vn -0.945711 0.215890 0.242943
v -0.174081 0.397849 0.670228
vn -0.877731 -0.028807 0.478287
v -0.168733 0.396727 0.691651
vn -0.831410 0.376394 0.408760
v -0.155395 0.419180 0.696035
vn -0.538280 0.623356 0.567170
v -0.127762 0.452203 0.714733
vn -0.864273 0.367522 -0.343452
v -0.295892 0.289714 0.007682
vn -0.870144 0.076670 -0.486797
v -0.294093 0.227073 -0.026477
vn -0.806260 0.397479 -0.438127
v -0.319837 0.265938 0.057719
vn -0.831885 0.131986 -0.539024
v -0.348484 0.204231 0.021793
vn -0.696850 0.715114 -0.054885
v -0.201123 0.474549 -0.600905
vn -0.962623 0.270784 0.005745
v -0.302668 0.297980 -0.666319
vn -0.901528 0.400760 0.163213
v -0.229291 0.405258 -0.528010
vn -0.696034 0.319396 0.643057
v -0.061950 0.334543 0.788151
vn -0.717869 0.439901 0.539584
v -0.076341 0.354934 0.775451
vn -0.741002 0.612563 0.275105
v -0.103607 0.327379 0.757914
vn -0.507622 0.446077 0.737113
v -0.063156 0.311266 0.803907
vn -0.344779 0.278681 0.896362
v -0.017415 0.305308 0.830170
vn -0.487382 -0.314787 0.814474
v -0.024274 0.329002 0.807905
vn -0.203652 0.241484 0.948795
v -0.052611 0.314198 0.805412
vn -0.584168 0.290046 0.758037
v -0.046563 0.358605 0.794512
vn -0.950075 0.131677 0.282874
v -0.177802 0.175408 0.709128
vn -0.837867 0.120566 0.532393
v -0.147589 0.197657 0.767911
vn -0.262662 0.942810 -0.205227
v -0.057599 0.503389 0.348970
vn -0.523629 0.741735 -0.419096
v -0.106609 0.480375 0.355392
vn -0.384372 0.754820 -0.531512
v -0.127274 0.499581 0.392717
vn -0.126745 0.958884 -0.253924
v -0.125261 0.519266 0.443346
vn -0.543902 -0.090904 0.834211
v -0.049347 0.335918 0.812331
vn -0.849102 0.408176 0.335288
v -0.055280 0.344453 0.802315
vn -0.048461 -0.517007 0.854609
v -0.041469 0.328761 0.810330
vn -0.425418 -0.302690 0.852876
v -0.024852 0.335942 0.823207
vn -0.540771 0.068428 0.838382
v -0.015348 0.324499 0.828783
vn -0.201763 0.693066 0.692063
v -0.026235 0.348725 0.825443
vn 0.017996 0.963856 0.265816
v -0.040619 0.358704 0.809622
vn -0.077984 -0.738897 0.669291
v -0.028394 0.337524 0.832858
vn -0.661022 0.273014 0.698938
v -0.048028 0.344980 0.812676
vn -0.667279 -0.213414 0.713577
v -0.034072 0.345130 0.820958
vn -0.021577 -0.965213 0.260572
v -0.020547 0.349890 0.824116
vn -0.794736 0.486510 0.362909
v -0.122449 0.311886 0.734753
vn -0.823654 0.456144 0.336938
v -0.141448 0.283322 0.708640
vn -0.703941 0.508156 0.496230
v -0.092875 0.334559 0.738588
vn -0.634896 0.472176 0.611521
v -0.105590 0.355662 0.726503
vn -0.618721 0.663039 0.421383
v -0.109183 0.364265 0.699969
vn -0.485567 0.545418 0.683187
v -0.123780 0.350895 0.721430
vn -0.823244 0.074190 0.562819
v -0.096468 0.365971 0.730946
vn -0.434282 0.284963 0.854515
v -0.148136 0.364317 0.695236
vn -0.620778 0.237780 0.747058
v -0.158999 0.344122 0.698427
vn -0.851135 0.073903 0.519719
v -0.174466 0.355488 0.673924
vn -0.580605 -0.207474 0.787307
v -0.149886 0.373360 0.690964
vn -0.477263 0.268783 0.836646
v -0.112210 0.330803 0.731840
vn -0.877408 0.179557 0.444875
v -0.085515 0.348960 0.746152
vn -0.619178 -0.311260 0.720928
v -0.138045 0.316419 0.713048
vn -0.663167 -0.345650 0.663879
v -0.133998 0.309211 0.704731
vn -0.623838 -0.068237 0.778569
v -0.151277 0.296619 0.690347
vn -0.778095 -0.192787 0.597830
v -0.167198 0.315905 0.692156
vn -0.790795 0.008744 0.612019
v -0.166243 0.295778 0.681240
vn -0.972981 -0.044368 0.226581
v -0.181670 0.348816 0.655548
vn -0.701268 0.465300 0.540110
v -0.073593 0.366966 0.760187
vn -0.793500 0.104383 0.599552
v -0.168445 0.251321 0.692958
vn -0.811107 -0.013250 0.584747
v -0.184542 0.249153 0.679508
vn -0.950091 -0.068466 0.304367
v -0.193488 0.249487 0.661192
vn -0.821462 0.520784 0.232344
v -0.153132 0.471803 0.640981
vn -0.898590 0.391947 0.197264
v -0.180057 0.418836 0.592911
vn -0.636568 0.638057 0.433202
v -0.144314 0.467951 0.683701
vn 0.188233 -0.560775 0.806288
v -0.029086 0.236175 0.839111
vn -0.028045 -0.472184 0.881054
v -0.088272 0.198788 0.821604
vn 0.079225 -0.699888 0.709845
v -0.052357 0.223425 0.818740
vn -0.295717 -0.434924 0.850525
v -0.097415 0.129834 0.757533
vn -0.001867 -0.553974 0.832532
v -0.111136 0.110734 0.747011
vn -0.064831 -0.608887 0.790603
v -0.119478 0.136950 0.785900
vn -0.016305 -0.570879 0.820872
v -0.083134 0.182975 0.788048
vn -0.112859 -0.432970 0.894315
v -0.111204 0.168081 0.805507
vn -0.351819 -0.528620 0.772518
v -0.109712 0.092355 0.738454
vn -0.198423 -0.963922 0.177434
v -0.066721 0.105588 -0.583698
vn -0.512334 -0.856019 0.068891
v -0.097867 0.120622 -0.516253
vn 0.080802 -0.885961 0.456666
v -0.103215 0.110249 -0.558146
vn -0.096899 -0.789967 0.605445
v -0.165197 -0.034329 0.193938
vn -0.186667 -0.679400 0.709627
v -0.204742 -0.015992 0.207783
vn 0.007493 -0.870023 0.492955
v -0.134810 -0.057383 0.168475
vn -0.078166 -0.889643 0.449917
v -0.096521 -0.043502 0.210733
vn -0.832810 -0.185695 0.521483
v -0.280115 0.160235 -0.614650
vn -0.831767 -0.171831 0.527862
v -0.276790 0.199384 -0.602192
vn -0.968299 -0.061272 0.242164
v -0.299270 0.227778 -0.645447
vn -0.835728 -0.308812 0.454085
v -0.266717 0.234402 -0.567272
vn -0.681660 -0.347480 0.643892
v -0.242884 0.196181 -0.566016
vn -0.555266 -0.219088 0.802297
v -0.222843 0.145551 -0.562805
vn -0.919267 -0.302083 0.252378
v -0.268755 0.083451 -0.651144
vn -0.955116 -0.212200 0.206698
v -0.293823 0.159324 -0.649868
vn -0.649277 -0.701609 0.293571
v -0.188825 0.186792 -0.510059
vn -0.463189 -0.615291 0.637866
v -0.183585 0.169465 -0.531188
vn -0.786514 -0.288757 0.545908
v -0.240490 0.054538 -0.603995
vn -0.567581 -0.290173 0.770488
v -0.211643 0.038322 -0.581834
vn -0.416215 -0.684888 0.598075
v -0.141021 0.144819 -0.530720
vn 0.056897 -0.299088 0.952528
v -0.137951 0.123587 -0.540147
vn -0.296323 0.622036 -0.724751
v -0.160668 0.387753 -0.807829
vn -0.367857 0.755789 -0.541724
v -0.132981 0.461313 -0.753998
vn -0.897549 0.261175 0.355238
v -0.172897 0.441414 0.575914
vn -0.139847 0.840554 0.523366
v -0.090804 0.483705 0.692791
vn -0.371828 0.876759 0.305020
v -0.127119 0.483784 0.665618
vn -0.117154 0.968870 0.218096
v -0.083014 0.498636 0.650625
vn -0.321656 0.725387 0.608564
v -0.032031 0.400937 0.769543
vn -0.481731 0.783206 0.393094
v -0.041979 0.387968 0.774692
vn -0.453772 0.175030 0.873759
v -0.045528 0.212296 0.827485
vn -0.455703 -0.215571 0.863634
v -0.049506 0.195180 0.825348
vn -0.015441 -0.824245 0.566023
v -0.104703 0.066556 0.720086
vn -0.690553 -0.173983 0.702044
v -0.097533 0.103213 0.760004
vn -0.140786 -0.690234 0.709758
v -0.134935 0.088265 0.736011
vn -0.552335 -0.679864 0.482401
v -0.135988 0.063470 0.706954
vn -0.107333 -0.993759 -0.030372
v -0.135412 0.040599 0.617572
vn -0.562203 -0.824788 0.060435
v -0.166214 0.052175 0.618688
vn -0.617510 -0.776531 -0.125223
v -0.168494 0.065394 0.560273
vn 0.051270 -0.951514 0.303302
v -0.113908 0.048318 0.692657
vn -0.585099 0.507038 -0.632907
v -0.185248 0.487836 0.416800
vn -0.360229 0.795100 -0.487904
v -0.163701 0.504208 0.417793
vn -0.324304 0.903219 -0.281109
v -0.090363 0.515886 -0.670556
vn -0.318768 0.944977 -0.073520
v -0.098599 0.523044 -0.624700
vn -0.867856 -0.479133 -0.131365
v -0.210387 0.359802 0.485391
vn -0.992887 -0.105100 -0.055945
v -0.202981 0.344365 0.452065
vn -0.885907 -0.102631 0.452368
v -0.210211 0.380276 0.537163
vn -0.544136 0.343152 0.765613
v -0.243003 0.470905 0.551295
vn -0.794477 0.078264 0.602231
v -0.268531 0.438726 0.539454
vn 0.104555 -0.514236 0.851252
v -0.251543 0.433233 0.540115
vn 0.028596 -0.251585 0.967413
v -0.221191 0.473097 0.549986
vn -0.866580 -0.340517 0.364811
v -0.275320 0.419901 0.523664
vn -0.104832 -0.787241 0.607670
v -0.246269 0.408060 0.517223
vn -0.455994 -0.220600 0.862210
v -0.212904 0.414280 0.523825
vn -0.882914 0.343034 -0.320610
v -0.269764 0.424880 0.503098
vn -0.695057 0.673017 -0.252873
v -0.219985 0.480472 0.496489
vn -0.650651 0.724420 -0.227748
v -0.250106 0.437421 0.493959
vn -0.761243 -0.115338 -0.638127
v -0.265597 0.412152 0.487359
vn -0.683479 -0.719972 -0.120405
v -0.266091 0.403847 0.495033
vn -0.995002 -0.035508 -0.093329
v -0.274991 -0.046365 -0.767271
vn 0.934841 -0.311210 -0.170940
v -0.092302 -0.042915 -0.765107
vn 0.935863 -0.297946 0.188117
v -0.093450 -0.045577 -0.712506
vn 0.816231 -0.277716 0.506598
v -0.120062 -0.104879 -0.667712
vn 0.625750 -0.213807 0.750149
v -0.132262 -0.082656 -0.649086
vn 0.758871 -0.431901 -0.487419
v -0.092466 -0.004863 -0.803484
vn 0.488666 -0.609054 -0.624706
v -0.087848 0.030791 -0.842266
vn 0.780411 -0.609988 -0.137377
v -0.065500 0.017142 -0.765715
vn 0.258982 -0.261269 -0.929875
v -0.143369 -0.009209 -0.840790
vn 0.041470 -0.347001 -0.936947
v -0.113852 0.047145 -0.862213
vn -0.061597 -0.016130 -0.997971
v -0.196056 -0.070482 -0.843100
vn -0.277339 -0.039030 -0.959979
v -0.213851 -0.014162 -0.839518
vn -0.214862 -0.123194 -0.968843
v -0.142555 0.120431 -0.872305
vn -0.476990 0.001064 -0.878908
v -0.233333 -0.060525 -0.833970
vn -0.779139 -0.039193 -0.625625
v -0.256192 0.002545 -0.813285
vn -0.499689 -0.041769 -0.865197
v -0.239160 0.039956 -0.837003
vn -0.868323 -0.039506 -0.494423
v -0.281147 0.133547 -0.785088
vn -0.981856 -0.111884 -0.153105
v -0.284086 0.097419 -0.754393
vn -0.985502 -0.103634 0.134338
v -0.280592 0.046962 -0.736025
vn -0.899013 -0.133792 0.416983
v -0.263886 -0.014371 -0.708514
vn -0.973140 -0.223014 0.057117
v -0.289614 0.136306 -0.718568
vn -0.587829 -0.199498 0.784001
v -0.212720 -0.123117 -0.661004
vn -0.762582 -0.233394 0.603321
v -0.227299 -0.071700 -0.664127
vn -0.075967 -0.362175 0.929009
v -0.178413 -0.084163 -0.631360
vn -0.594306 -0.427956 0.680921
v -0.209449 -0.057477 -0.635177
vn 0.041849 -0.360478 0.931828
v -0.170962 -0.123891 -0.643745
vn -0.044890 -0.538529 0.841410
v -0.181211 -0.045103 -0.609679
vn -0.774975 -0.342705 0.531005
v -0.224899 -0.010831 -0.626280
vn 0.688510 -0.391607 0.610408
v -0.132190 -0.020958 -0.629550
vn 0.801615 -0.507575 0.315881
v -0.069631 0.022928 -0.708573
vn 0.402526 -0.507745 0.761688
v -0.156974 -0.007789 -0.590876
vn -0.341676 -0.472690 0.812294
v -0.192177 -0.010053 -0.588856
vn -0.150043 -0.288341 0.945699
v -0.170238 0.065858 -0.554355
vn 0.338194 -0.377561 0.862017
v -0.133325 0.084937 -0.551612
vn 0.509847 -0.829806 -0.226886
v -0.038873 0.051865 -0.798105
vn 0.232714 -0.776882 -0.585063
v -0.044744 0.065810 -0.845242
vn 0.063566 -0.384168 -0.921072
v -0.071834 0.087160 -0.870781
vn -0.320469 0.006276 -0.947238
v -0.167352 0.200110 -0.872323
vn -0.152114 -0.074655 -0.985539
v -0.089813 0.177516 -0.885980
vn -0.557527 -0.022545 -0.829853
v -0.224079 0.151670 -0.839803
vn -0.983530 -0.107090 -0.145607
v -0.301036 0.180796 -0.734846
vn -0.981465 -0.184324 0.052449
v -0.298903 0.171312 -0.689891
vn -0.935603 -0.237897 0.260867
v -0.266847 0.058955 -0.679629
vn -0.872159 0.100595 -0.478769
v -0.289882 0.221029 -0.772537
vn -0.994406 0.045664 -0.095249
v -0.306717 0.234227 -0.709339
vn -0.629439 0.111552 -0.769001
v -0.239489 0.229818 -0.833779
vn -0.651727 0.238725 -0.719905
v -0.237339 0.275334 -0.819089
vn -0.891608 0.278404 -0.357108
v -0.288874 0.275000 -0.743051
vn -0.953201 0.133350 0.271340
v -0.267607 0.309834 -0.535890
vn -0.784048 0.366686 -0.500809
v -0.251351 0.333118 -0.783860
vn -0.912341 -0.240928 0.331041
v -0.260343 0.272812 -0.521822
vn -0.841221 0.491408 -0.225535
v -0.250699 0.363210 -0.734057
vn -0.872528 -0.448249 0.194342
v -0.225434 0.255990 -0.460742
vn -0.972213 -0.076167 0.221361
v -0.237611 0.292149 -0.446349
vn -0.783645 -0.562633 0.263332
v -0.216104 0.225441 -0.487212
vn -0.901691 -0.431335 -0.030075
v -0.219539 0.244618 -0.397941
vn -0.818815 -0.547357 -0.173038
v -0.178733 0.181890 -0.418400
vn -0.729200 -0.682605 -0.048142
v -0.166385 0.173737 -0.453509
vn -0.656977 -0.735825 -0.164140
v -0.129926 0.139812 -0.477974
vn -0.551879 -0.785407 -0.280294
v -0.095900 0.108193 -0.472481
vn -0.412568 -0.768143 -0.489637
v -0.071999 0.076260 -0.441982
vn -0.440556 -0.897303 -0.027536
v -0.062824 0.096064 -0.533571
vn -0.340055 0.113786 -0.933496
v -0.165034 0.233998 -0.869718
vn -0.445092 0.471624 -0.761225
v -0.197022 0.354603 -0.823155
vn -0.624389 0.619352 -0.475964
v -0.219474 0.392339 -0.767194
vn -0.725994 0.639633 -0.252592
v -0.219078 0.423266 -0.710332
vn -0.497815 0.790596 -0.356564
v -0.163328 0.467457 -0.707681
vn -0.473811 0.850977 -0.226585
v -0.153293 0.492273 -0.655544
vn -0.390517 0.828729 -0.400880
v -0.075377 0.493798 -0.731387
vn -0.875634 0.392517 0.281418
v -0.214497 0.399626 -0.454811
vn -0.942631 0.217808 0.252993
v -0.223899 0.338688 -0.427785
vn -0.909373 0.400331 0.113029
v -0.208837 0.349119 -0.371738
vn -0.999640 -0.022969 0.013854
v -0.234521 0.283070 -0.375094
vn -0.951116 0.305912 -0.042369
v -0.225222 0.321787 -0.281828
vn -0.846036 0.530888 0.048789
v -0.194134 0.369760 -0.333834
vn -0.995947 -0.088300 -0.017083
v -0.231029 0.273816 -0.289181
vn -0.995801 0.040643 -0.082031
v -0.231145 0.281044 -0.201184
vn -0.822834 0.558386 -0.105588
v -0.196473 0.371109 -0.285766
vn -0.917493 -0.365256 -0.157460
v -0.209596 0.203515 -0.272021
vn -0.929395 0.300977 -0.213632
v -0.234099 0.319158 -0.105605
vn -0.848320 0.521908 -0.089250
v -0.213361 0.378631 -0.168766
vn -0.952426 -0.170401 -0.252683
v -0.230357 0.218749 -0.181314
vn -0.867194 -0.467394 -0.171806
v -0.177130 0.160839 -0.320234
vn -0.828603 -0.396181 -0.395547
v -0.148709 0.068105 -0.279271
vn -0.903307 -0.256756 -0.343676
v -0.202171 0.113802 -0.168627
vn -0.777190 -0.560235 -0.286552
v -0.119763 0.065005 -0.334661
vn -0.624461 -0.631109 -0.460163
v -0.116660 -0.003066 -0.257459
vn -0.792006 -0.568585 -0.222343
v -0.147253 0.110602 -0.393829
vn -0.834429 -0.376326 -0.402625
v -0.168935 0.032928 -0.224477
vn -0.537849 -0.744957 -0.394661
v -0.089444 0.046394 -0.376078
vn -0.387663 -0.769771 -0.507120
v -0.074057 -0.023710 -0.277455
vn -0.675142 -0.646946 -0.354464
v -0.127209 0.120040 -0.439602
vn -0.233756 -0.858951 -0.455590
v -0.046927 -0.059229 -0.235818
vn -0.126565 -0.959352 -0.252242
v -0.035539 -0.079922 -0.185263
vn -0.460278 0.634311 -0.621123
v -0.077004 0.459784 -0.777409
vn -0.238690 0.969903 0.048123
v -0.093653 0.523450 -0.583554
vn -0.358458 0.917438 0.172675
v -0.138307 0.509486 -0.531766
vn -0.164325 0.974793 0.150919
v -0.091450 0.514748 -0.504271
vn -0.695045 0.695621 0.181724
v -0.194666 0.477784 -0.517841
vn -0.118343 0.976903 0.177918
v -0.074024 0.513314 -0.461877
vn -0.623818 0.711036 0.324467
v -0.165364 0.464004 -0.433616
vn -0.749992 0.605621 0.265961
v -0.167262 0.435563 -0.388161
vn -0.335767 0.916316 0.218235
v -0.103563 0.495820 -0.411374
vn -0.616950 0.778242 0.117102
v -0.147490 0.431164 -0.296599
vn -0.724143 0.683267 -0.093612
v -0.173905 0.404181 -0.267896
vn -0.405286 0.912095 -0.061851
v -0.118445 0.447639 -0.234725
vn -0.585435 0.798475 0.140370
v -0.181156 0.424017 -0.085897
vn -0.817816 0.566098 -0.103495
v -0.233354 0.356149 -0.063232
vn -0.565381 0.821035 -0.079031
v -0.155526 0.429233 -0.191263
vn -0.326705 0.944425 -0.036407
v -0.108302 0.454603 -0.142396
vn -0.393274 0.906500 0.153601
v -0.105592 0.458752 -0.066912
vn -0.560217 0.785946 0.261621
v -0.126378 0.423477 -0.049927
vn -0.553775 0.831366 -0.046522
v -0.177802 0.398067 -0.017700
vn -0.446359 0.879302 -0.166109
v -0.125216 0.450239 0.050420
vn -0.587309 0.749590 -0.305260
v -0.235276 0.392260 0.062922
vn -0.669907 0.674609 -0.310045
v -0.241130 0.357618 0.019193
vn -0.459951 0.834135 -0.304409
v -0.192931 0.421324 0.070954
vn -0.717548 0.667519 -0.198854
v -0.293418 0.351132 0.074495
vn -0.919135 0.218107 -0.328054
v -0.255705 0.267431 -0.104667
vn -0.916490 -0.230146 -0.327229
v -0.268549 0.192836 -0.089044
vn -0.845201 -0.217446 -0.488214
v -0.261275 0.153714 -0.048717
vn -0.836352 -0.393319 -0.381858
v -0.179601 0.015258 -0.165878
vn -0.833910 -0.246382 -0.493853
v -0.217303 0.027129 -0.101265
vn -0.581365 -0.573144 -0.577513
v -0.181165 -0.037488 -0.107081
vn -0.631875 -0.679104 -0.373565
v -0.144643 -0.021285 -0.182253
vn -0.434641 -0.846376 -0.307789
v -0.082087 -0.062566 -0.196569
vn -0.657473 -0.170145 -0.734017
v -0.219596 -0.058441 -0.062659
vn -0.456026 -0.820055 -0.345760
v -0.127773 -0.049471 -0.137428
vn -0.257149 -0.839233 -0.479127
v -0.140629 -0.067088 -0.090878
vn -0.081561 -0.966226 -0.244449
v -0.119315 -0.080877 -0.067144
vn -0.330763 -0.918074 -0.218487
v -0.071720 -0.079697 -0.136982
vn -0.120548 -0.988346 -0.092958
v -0.037984 -0.098307 -0.090421
vn -0.201824 0.927406 0.314937
v -0.056723 0.481568 -0.330789
vn -0.534233 0.835200 -0.130524
v -0.101195 0.451151 -0.011168
vn -0.402927 0.911734 -0.079942
v -0.074542 0.475980 0.019381
vn -0.436083 0.898710 -0.046385
v -0.168032 0.450006 0.153061
vn -0.283491 0.955857 -0.077267
v -0.060547 0.496692 0.185868
vn -0.410479 0.910969 0.040522
v -0.097398 0.484656 0.220265
vn -0.536312 0.837751 -0.102677
v -0.221839 0.421932 0.120856
vn -0.569057 0.800452 0.188283
v -0.145025 0.457727 0.209989
vn -0.678135 0.734801 -0.014191
v -0.256386 0.397994 0.130627
vn -0.804696 0.593104 0.026317
v -0.299472 0.337039 0.122934
vn -0.776614 0.607861 0.165455
v -0.280662 0.363469 0.157570
vn -0.865190 0.457620 -0.205014
v -0.325822 0.298495 0.090939
vn -0.903501 0.420361 0.083563
v -0.342692 0.275292 0.132090
vn -0.808418 0.516240 0.282766
v -0.302779 0.321097 0.186180
vn -0.821961 0.414929 -0.390146
v -0.308411 0.314482 0.062850
vn -0.876777 0.321607 0.357534
v -0.330412 0.270093 0.188879
vn -0.852313 0.435685 -0.289381
v -0.348185 0.248228 0.080440
vn -0.981830 0.189725 -0.003793
v -0.364152 0.219454 0.104776
vn -0.928718 0.080597 0.361921
v -0.348470 0.216078 0.169431
vn -0.986220 0.041839 -0.160062
v -0.364464 0.125920 0.094021
vn -0.766135 -0.141155 -0.626987
v -0.330150 0.152506 0.021227
vn -0.963089 0.059715 0.262477
v -0.361431 0.134788 0.136107
vn -0.762334 -0.026835 -0.646628
v -0.328802 0.097455 0.026012
vn -0.948784 0.115657 -0.293993
v -0.367667 0.067667 0.083388
vn -0.967118 0.048108 0.249735
v -0.367445 0.089198 0.133403
vn -0.799329 -0.091820 -0.593837
v -0.255456 0.074039 -0.042808
vn -0.978685 0.106398 0.175657
v -0.375154 0.021260 0.109485
vn -0.688393 0.082863 -0.720590
v -0.330996 0.032095 0.023273
vn -0.910990 0.050321 -0.409347
v -0.382991 -0.043117 0.059098
vn -0.645266 -0.040987 -0.762857
v -0.273427 0.012350 -0.012619
vn -0.997443 -0.005747 0.071233
v -0.386812 -0.042695 0.092685
vn -0.302532 -0.542312 -0.783819
v -0.204373 -0.076163 -0.065271
vn 0.033874 -0.748407 -0.662374
v -0.188445 -0.091009 -0.052405
vn -0.021776 -0.990951 0.132446
v -0.076279 -0.082304 0.059883
vn -0.092405 -0.995706 0.005506
v -0.083931 -0.087044 -0.010913
vn -0.650191 0.722381 0.235410
v -0.156690 0.413764 0.280441
vn -0.615464 0.732249 0.291574
v -0.227683 0.389209 0.220560
vn -0.733060 0.579742 0.355700
v -0.257541 0.354669 0.232807
vn -0.795809 0.371985 0.477823
v -0.252795 0.321504 0.277123
vn -0.792250 0.286559 0.538724
v -0.287170 0.278672 0.256888
vn -0.840192 0.061948 0.538739
v -0.314372 0.231356 0.233367
vn -0.784572 -0.125149 0.607277
v -0.310581 0.160712 0.227924
vn -0.510820 -0.342053 0.788709
v -0.278323 0.080516 0.233678
vn -0.377131 -0.361724 0.852601
v -0.221984 0.032082 0.227404
vn -0.814370 -0.035714 0.579246
v -0.339766 0.102799 0.190272
vn -0.347101 -0.688712 0.636551
v -0.156387 0.026176 0.265959
vn -0.240123 -0.750295 0.615953
v -0.154130 -0.019761 0.230114
vn -0.348554 -0.502419 0.791255
v -0.178872 0.002969 0.237617
vn -0.570989 -0.179023 0.801200
v -0.319439 0.051182 0.206196
vn -0.250990 -0.382709 0.889122
v -0.235410 0.007714 0.221910
vn -0.094637 -0.830853 0.548386
v -0.067931 -0.021920 0.250164
vn -0.291082 -0.295243 0.910002
v -0.293326 -0.004287 0.199075
vn -0.701020 -0.083333 0.708256
v -0.342070 0.018326 0.180790
vn -0.492664 -0.391421 0.777220
v -0.352712 -0.055318 0.158302
vn -0.900883 -0.046615 0.431553
v -0.375681 -0.042979 0.129470
vn -0.215043 0.972571 -0.088666
v -0.134081 0.533561 0.495635
vn -0.274475 0.948415 -0.158657
v -0.161859 0.515656 0.447894
vn -0.512619 0.825537 -0.236031
v -0.187369 0.500107 0.444995
vn -0.744960 0.203127 -0.635432
v -0.193695 0.464052 0.414978
vn -0.560064 -0.574247 -0.597134
v -0.237273 0.400773 0.480763
vn -0.779163 0.026223 -0.626273
v -0.225103 0.445132 0.453128
vn -0.845190 -0.311742 -0.434133
v -0.217380 0.388078 0.464789
vn -0.748763 0.327279 -0.576405
v -0.180240 0.441996 0.396196
vn -0.947422 -0.007540 -0.319897
v -0.201874 0.393604 0.426331
vn -0.996765 0.054128 0.059416
v -0.204360 0.282933 0.450537
vn -0.087068 0.954429 0.285456
v -0.128100 0.527165 0.539555
vn -0.415608 0.847864 0.329237
v -0.183348 0.511287 0.548108
vn -0.249248 0.785358 0.566646
v -0.153343 0.510496 0.565415
vn -0.394145 0.588325 0.706062
v -0.175443 0.507296 0.562520
vn -0.379460 0.047253 0.924001
v -0.193677 0.486640 0.555231
vn -0.395189 0.914822 -0.083224
v -0.171685 0.512348 0.495760
vn -0.401102 0.726667 0.557739
v -0.202966 0.503268 0.549509
vn -0.566835 0.818925 -0.089772
v -0.198823 0.501599 0.490466
vn -0.681611 0.727000 -0.082936
v -0.210916 0.489108 0.449037
vn -0.813948 0.567218 -0.125510
v -0.223434 0.473808 0.464356
vn -0.805056 0.249478 -0.538187
v -0.231896 0.454039 0.463454
vn -0.376229 -0.654494 -0.655812
v -0.253983 0.403931 0.484738
vn -0.823850 -0.503681 0.259955
v -0.222851 0.369017 0.513149
vn -0.745243 -0.611820 0.265122
v -0.236728 0.391649 0.502059
vn -0.775527 -0.031372 0.630534
v -0.221738 0.384135 0.521512
vn -0.457067 -0.414092 0.787158
v -0.229249 0.402683 0.511846
vn -0.798460 0.164434 0.579158
v -0.205575 0.402022 0.530300
vn -0.861256 0.191593 0.470671
v -0.196475 0.422963 0.542727
vn -0.846015 -0.015099 0.532945
v -0.187976 0.450167 0.551567
vn -0.997918 0.006440 -0.064177
v -0.213719 0.183407 0.485086
vn -0.964016 -0.175887 -0.199340
v -0.204409 0.170631 0.451180
vn -0.750380 -0.523086 -0.404117
v -0.183288 0.107507 0.448703
vn -0.930622 -0.352318 -0.099074
v -0.196891 0.170260 0.414821
vn -0.766515 -0.615432 -0.183573
v -0.165904 0.124549 0.410958
vn -0.890699 -0.401606 -0.212997
v -0.199102 0.116170 0.481953
vn -0.973858 -0.225234 -0.029494
v -0.211982 0.135120 0.514315
vn -0.533769 -0.842777 -0.069412
v -0.130312 0.093706 0.406374
vn -0.186316 -0.955109 -0.230335
v -0.089357 0.070729 0.424855
vn -0.431940 0.824886 0.364680
v -0.145006 0.494929 0.591040
vn -0.625975 0.250683 0.738454
v -0.170593 0.485981 0.569406
vn -0.687653 0.694363 0.212116
v -0.152131 0.486009 0.614109
vn -0.861331 0.223023 0.456476
v -0.168465 0.469506 0.581657
vn -0.671956 -0.120341 0.730748
v -0.192579 0.443940 0.541080
vn -0.253316 0.583157 0.771854
v -0.215771 0.495431 0.552938
vn -0.684521 0.702800 -0.193657
v -0.238386 0.474502 0.521863
vn -0.811655 0.540543 -0.221425
v -0.244119 0.444210 0.479258
vn -0.987622 0.025955 0.154693
v -0.182713 0.206609 0.629751
vn -0.979875 0.142284 0.140000
v -0.203541 0.167275 0.574115
vn -0.988728 -0.149534 0.007521
v -0.203282 0.119196 0.571838
vn -0.864221 -0.481700 -0.145213
v -0.194455 0.100126 0.551194
vn -0.903362 -0.421477 -0.079337
v -0.202739 0.089262 0.581161
vn -0.901343 -0.377489 0.212328
v -0.188272 0.087178 0.623740
vn -0.464712 -0.882009 -0.078121
v -0.158917 0.062794 0.512501
vn -0.729799 -0.662030 -0.170617
v -0.179241 0.081452 0.492661
vn -0.436235 -0.841287 -0.319273
v -0.144839 0.062405 0.466977
vn 0.341495 -0.939816 0.011301
v -0.096758 0.047615 0.618510
vn 0.067348 -0.997347 0.027623
v -0.091616 0.047938 0.555676
vn -0.121558 -0.990330 -0.066865
v -0.114933 0.047131 0.501877
vn -0.143677 -0.916875 -0.372420
v -0.115856 0.060040 0.452043
vn 0.256459 -0.952607 0.163611
v -0.064160 0.067907 0.595875
vn 0.071334 -0.981297 0.178794
v -0.031985 0.060881 0.569560
vn 0.287079 -0.952292 0.103563
v -0.064592 0.070773 0.640705
vn -0.497302 0.750753 0.434812
v -0.047406 0.384834 0.789232
vn -0.964994 0.155035 0.211542
v -0.176089 0.196449 0.669556
vn -0.967132 0.007400 0.254167
v -0.199225 0.147986 0.641447
vn -0.789822 -0.515920 0.331673
v -0.182087 0.086596 0.698124
vn -0.624788 -0.355331 0.695255
v -0.163738 0.101496 0.740152
vn -0.856358 0.020838 0.515962
v -0.164762 0.117084 0.733303
vn -0.811786 -0.123049 0.570844
v -0.158575 0.149801 0.753064
vn -0.443723 -0.463901 0.766750
v -0.143508 0.124132 0.754893
vn -0.308614 -0.724387 0.616458
v -0.094149 0.081733 0.750281
vn 0.404611 -0.889139 0.213824
v -0.089223 0.065664 0.702229
vn 0.229328 -0.942725 0.242238
v -0.058535 0.080857 0.724074
vn -0.184702 -0.369863 0.910542
v -0.087382 0.099653 0.765168
vn -0.237567 -0.576233 0.781995
v -0.057894 0.149746 0.794646
vn -0.012056 -0.464134 0.885683
v -0.066473 0.121127 0.772306
vn -0.636747 -0.264415 0.724319
v -0.081735 0.160842 0.783637
vn -0.355770 0.128563 0.925689
v -0.043863 0.371194 0.798739
vn -0.683164 0.022764 0.729910
v -0.118382 0.202850 0.799311
vn -0.260156 0.027358 0.965179
v -0.058186 0.241562 0.834813
vn -0.800470 0.519805 0.298412
v -0.353968 -0.432482 0.288990
vn 0.052785 0.506160 0.860823
v -0.349276 -0.432370 0.292831
vn -0.210436 0.468001 0.858308
v -0.342206 -0.419315 0.280430
vn -0.206064 0.361541 0.909300
v -0.377454 -0.420692 0.263299
vn -0.692323 0.645801 0.321915
v -0.388862 -0.430490 0.271359
vn 0.122511 0.499644 0.857524
v -0.384141 -0.432403 0.276270
vn 0.177876 -0.714937 0.676184
v -0.294319 -0.451186 0.275451
vn 0.271498 -0.928393 0.253724
v -0.292703 -0.443773 0.260419
vn 0.742566 -0.498059 0.447810
v -0.279046 -0.438438 0.257054
vn 0.379768 0.286705 0.879532
v -0.282584 -0.416888 0.255422
vn 0.012902 0.565501 0.824647
v -0.289825 -0.431707 0.269772
vn 0.018508 -0.159213 0.987071
v -0.299858 -0.439581 0.267479
vn 0.825042 -0.197213 0.529540
v -0.281864 -0.439499 0.265214
vn 0.541182 0.178612 0.821717
v -0.277354 -0.424641 0.254917
vn -0.709067 -0.566238 0.420236
v -0.356087 -0.444601 0.280905
vn 0.165709 -0.844206 0.509762
v -0.340783 -0.445531 0.284169
vn -0.701937 0.476005 0.529815
v -0.350506 -0.425254 0.278660
vn 0.548191 -0.088935 0.831611
v -0.341578 -0.440846 0.288897
vn 0.077210 -0.669314 0.738957
v -0.354060 -0.450604 0.297982
vn -0.772461 -0.510938 0.377155
v -0.359757 -0.449945 0.295935
vn -0.732419 -0.526528 -0.431661
v -0.423362 -0.442186 0.227294
vn -0.911449 -0.410392 0.028970
v -0.416859 -0.436097 0.215963
vn 0.461664 -0.833655 -0.303125
v -0.412209 -0.437549 0.225065
vn -0.835134 0.538676 0.111261
v -0.419284 -0.428561 0.228541
vn -0.835983 0.280259 0.471792
v -0.412137 -0.418482 0.220617
vn 0.093128 0.626802 0.773593
v -0.414816 -0.427821 0.232203
vn -0.485020 -0.371015 0.791899
v -0.409727 -0.435957 0.232135
vn 0.259341 -0.179334 0.948990
v -0.375784 -0.439849 0.269506
vn -0.911722 0.186165 0.366205
v -0.392336 -0.436277 0.263980
vn -0.708767 -0.672693 0.212446
v -0.391717 -0.442122 0.261860
vn -0.725779 -0.576229 0.375772
v -0.300095 -0.450593 0.273894
vn -0.315022 -0.804253 0.503923
v -0.422306 -0.446890 0.236437
vn -0.488647 0.217388 0.844965
v -0.421460 -0.438590 0.236620
vn -0.092219 -0.802058 0.590084
v -0.375729 -0.443694 0.265003
vn -0.658336 -0.587439 0.470647
v -0.392925 -0.451314 0.280958
vn 0.254452 -0.684230 0.683435
v -0.386573 -0.451715 0.282201
vn -0.458052 -0.030514 -0.888401
v -0.276184 -0.200728 -0.011539
vn -0.522231 -0.245409 -0.816731
v -0.307629 -0.218639 0.015221
vn 0.314200 -0.452625 -0.834511
v -0.246465 -0.221756 -0.022332
vn 0.467343 0.310788 -0.827648
v -0.246144 -0.214348 -0.023718
vn 0.883286 -0.228018 -0.409650
v -0.237671 -0.223370 -0.015850
vn 0.260281 0.194579 -0.945723
v -0.252795 -0.200117 -0.013571
vn 0.905259 -0.030522 -0.423762
v -0.236910 -0.208501 -0.003412
vn -0.054531 0.142957 -0.988226
v -0.259674 -0.215650 -0.027124
vn -0.497398 -0.321847 -0.805612
v -0.269851 -0.223026 -0.022997
vn -0.487372 -0.656956 -0.575220
v -0.272090 -0.229015 -0.004963
vn -0.704283 -0.263653 -0.659145
v -0.280480 -0.217065 -0.006233
vn -0.537890 -0.774009 -0.334043
v -0.270150 -0.232813 -0.015437
vn 0.567032 -0.661651 -0.490604
v -0.244382 -0.228471 0.001540
vn -0.003845 -0.974732 0.223345
v -0.255511 -0.233021 -0.007096
vn 0.704902 -0.705976 -0.068644
v -0.239752 -0.230985 -0.010467
vn 0.970220 0.058885 -0.234960
v -0.222559 -0.321319 0.090386
vn 0.514448 -0.110840 -0.850328
v -0.217194 -0.345007 0.088495
vn 0.805645 -0.307425 -0.506385
v -0.227462 -0.344693 0.090482
vn 0.682250 0.149860 0.715595
v -0.232256 -0.307485 0.104321
vn 0.195263 -0.040277 0.979924
v -0.223554 -0.331142 0.106883
vn 0.494326 -0.119120 0.861076
v -0.229720 -0.331801 0.103751
vn 0.899412 0.219665 0.377896
v -0.219184 -0.330085 0.101899
vn 0.788544 0.104605 0.606017
v -0.227203 -0.303968 0.100902
vn 0.992724 0.001233 0.120402
v -0.215254 -0.344274 0.095613
vn 0.252685 -0.964700 -0.074194
v -0.217227 -0.355117 0.093553
vn 0.128937 -0.539000 0.832379
v -0.219388 -0.346725 0.101903
vn 0.159662 -0.969321 -0.186880
v -0.271235 -0.461927 0.118664
vn 0.218402 -0.974276 0.055554
v -0.267765 -0.463453 0.146799
vn -0.069415 -0.975463 -0.208934
v -0.351976 -0.461623 0.113164
vn -0.167205 -0.985709 0.020520
v -0.361315 -0.463297 0.143913
vn 0.065334 -0.990239 0.123122
v -0.309533 -0.465193 0.179659
vn -0.379194 -0.757589 0.531292
v -0.348861 -0.460097 0.198333
vn 0.118303 -0.762476 0.636110
v -0.313904 -0.460161 0.202736
vn -0.453963 -0.843527 0.287019
v -0.365117 -0.458248 0.163105
vn -0.492174 -0.866319 0.085183
v -0.387067 -0.454604 0.151954
vn -0.658069 -0.746767 -0.096357
v -0.386507 -0.456642 0.133096
vn -0.551295 -0.679942 -0.483480
v -0.377686 -0.454925 0.101927
vn -0.299320 -0.679784 -0.669554
v -0.361971 -0.451832 0.090172
vn 0.038704 -0.771296 -0.635299
v -0.319759 -0.451346 0.086182
vn 0.198752 -0.775442 -0.599322
v -0.275011 -0.454608 0.096276
vn 0.547093 -0.647330 -0.530710
v -0.251901 -0.451876 0.104798
vn 0.697385 -0.707985 -0.111407
v -0.242933 -0.452899 0.130724
vn 0.633300 -0.735147 0.241847
v -0.246489 -0.454288 0.153579
vn 0.283540 -0.891059 0.354429
v -0.283262 -0.459120 0.179646
vn -0.038445 -0.998739 -0.032287
v -0.305968 -0.444746 0.210522
vn 0.097726 -0.992360 0.075313
v -0.351787 -0.444881 0.205910
vn -0.356402 -0.908708 0.217320
v -0.370785 -0.448015 0.171917
vn -0.841920 -0.458556 -0.284424
v -0.394616 -0.437219 0.134111
vn -0.767534 -0.270342 -0.581211
v -0.388060 -0.429534 0.102553
vn 0.683467 -0.530639 -0.501293
v -0.245009 -0.431461 0.099957
vn 0.962984 -0.269523 -0.004312
v -0.222968 -0.414964 0.136248
vn 0.366120 -0.919917 0.140385
v -0.274429 -0.447659 0.196387
vn 0.829074 -0.489920 0.269470
v -0.236340 -0.428584 0.166909
vn 0.815425 -0.385279 -0.432020
v -0.228002 -0.404582 0.084848
vn -0.930595 -0.056916 -0.361599
v -0.415923 -0.413314 0.155967
vn -0.345917 -0.306135 -0.886918
v -0.348413 -0.424028 0.067456
vn -0.507564 -0.850044 -0.140728
v -0.410340 -0.440617 0.190634
vn -0.425487 -0.069807 -0.902268
v -0.339590 -0.381999 0.060052
vn -0.846665 0.008380 -0.532060
v -0.398354 -0.409820 0.107923
vn -0.892599 -0.450652 0.013427
v -0.419712 -0.435322 0.201100
vn -0.872454 -0.432022 -0.228431
v -0.418767 -0.431676 0.169593
vn -0.004615 -0.374843 -0.927077
v -0.314930 -0.412142 0.061286
vn 0.206567 -0.413693 -0.886673
v -0.288822 -0.405979 0.060759
vn 0.235524 -0.384695 -0.892490
v -0.273414 -0.396721 0.063205
vn 0.337384 -0.441506 -0.831411
v -0.246399 -0.398588 0.067308
vn 0.568645 -0.822345 0.019783
v -0.263060 -0.446793 0.218502
vn 0.799635 -0.583429 0.142105
v -0.249544 -0.432172 0.208748
vn 0.963002 -0.207862 -0.171521
v -0.228951 -0.212369 0.023974
vn 0.981852 -0.062324 0.179118
v -0.235880 -0.236065 0.061347
vn 0.755706 -0.014779 0.654745
v -0.254736 -0.231471 0.106408
vn 0.111833 -0.111055 0.987502
v -0.288007 -0.208282 0.129154
vn -0.885438 -0.130955 0.445926
v -0.355407 -0.196131 0.102725
vn -0.993282 -0.058369 -0.099916
v -0.356659 -0.194223 0.079199
vn 0.995145 0.098277 0.005307
v -0.224440 -0.372117 0.109204
vn 0.826521 0.410102 0.385590
v -0.239700 -0.345339 0.144089
vn 0.634210 0.287556 0.717698
v -0.245509 -0.288592 0.114897
vn 0.737527 -0.153435 -0.657656
v -0.232445 -0.375954 0.066265
vn 0.925053 -0.098263 -0.366907
v -0.232423 -0.327081 0.071290
vn 0.412200 0.254599 0.874797
v -0.270833 -0.274913 0.124869
vn 0.174255 0.568919 0.803720
v -0.278290 -0.320283 0.150371
vn 0.467224 0.567557 0.677923
v -0.257917 -0.325361 0.143990
vn 0.878635 -0.161860 -0.449223
v -0.240701 -0.309738 0.047631
vn -0.429942 -0.238122 -0.870889
v -0.308360 -0.311320 0.034157
vn -0.235423 -0.295022 -0.926034
v -0.295048 -0.292719 0.020680
vn -0.532536 -0.124372 -0.837220
v -0.335125 -0.339539 0.053594
vn -0.869162 0.291289 -0.399634
v -0.375356 -0.364434 0.099979
vn -0.921816 0.352710 0.160781
v -0.369722 -0.346835 0.115226
vn -0.982599 0.183793 -0.026808
v -0.352628 -0.291451 0.075334
vn -0.808366 0.462668 0.363982
v -0.362749 -0.320648 0.115216
vn -0.787691 -0.021982 -0.615678
v -0.347267 -0.310257 0.061738
vn -0.538726 0.390013 0.746769
v -0.321525 -0.295991 0.125106
vn -0.261244 0.657338 0.706865
v -0.322824 -0.334054 0.155257
vn -0.166845 0.576247 0.800064
v -0.301473 -0.321146 0.149736
vn -0.676783 0.479320 0.558764
v -0.338501 -0.298054 0.111148
vn -0.470158 0.668389 0.576375
v -0.336092 -0.331375 0.144051
vn -0.657917 0.662792 0.357564
v -0.354254 -0.344891 0.138679
vn 0.527238 -0.302973 -0.793869
v -0.247835 -0.320215 0.041293
vn 0.154275 0.847790 0.507397
v -0.286186 -0.347252 0.178236
vn 0.990931 -0.048405 -0.125352
v -0.237635 -0.263533 0.042208
vn 0.949625 0.007323 -0.313304
v -0.224106 -0.299444 0.071011
vn 0.929081 0.365552 -0.056398
v -0.230108 -0.282888 0.081991
vn 0.857335 0.289459 0.425664
v -0.227279 -0.282551 0.098442
vn -0.797866 0.487570 0.354521
v -0.393612 -0.386451 0.233103
vn -0.911382 0.303883 0.277555
v -0.422360 -0.394869 0.200885
vn -0.840634 -0.340297 0.421346
v -0.402916 -0.437384 0.250068
vn 0.376618 -0.321147 0.868921
v -0.319272 -0.444288 0.281447
vn 0.356813 0.417784 0.835549
v -0.305788 -0.397977 0.258662
vn -0.073964 0.553699 0.829425
v -0.336814 -0.395254 0.271160
vn 0.538265 0.293763 0.789920
v -0.256142 -0.396053 0.240553
vn -0.274716 0.496313 0.823531
v -0.356434 -0.400931 0.262495
vn -0.438954 0.624590 0.645915
v -0.384491 -0.376921 0.252427
vn 0.939632 -0.198829 0.278495
v -0.234886 -0.408687 0.193722
vn 0.969327 0.157479 0.188695
v -0.224360 -0.387729 0.157127
vn 0.893286 -0.003225 0.449478
v -0.244976 -0.400687 0.227364
vn 0.605327 0.580180 0.544950
v -0.250117 -0.382238 0.228137
vn 0.733321 0.574709 0.363249
v -0.241551 -0.372510 0.189870
vn 0.623307 0.534928 0.570386
v -0.250374 -0.337907 0.155989
vn 0.213610 0.851605 0.478686
v -0.262907 -0.356044 0.177012
vn 0.352145 0.757843 0.549243
v -0.273719 -0.371599 0.225117
vn -0.966531 0.180821 -0.181995
v -0.422218 -0.400499 0.180193
vn -0.595882 0.785665 -0.166298
v -0.397854 -0.374234 0.159048
vn -0.762634 0.646685 -0.013707
v -0.415236 -0.379761 0.188036
vn -0.532494 0.846388 -0.008786
v -0.374133 -0.366235 0.158440
vn -0.157422 0.825560 0.541912
v -0.325279 -0.351184 0.165800
vn -0.067391 0.896561 0.437763
v -0.343803 -0.346903 0.164385
vn -0.520124 0.852118 0.058014
v -0.358820 -0.351126 0.165919
vn -0.272350 0.899673 0.341194
v -0.366272 -0.354851 0.221728
vn -0.497514 0.863803 0.079520
v -0.380109 -0.364175 0.198693
vn -0.465352 0.869581 0.165156
v -0.400560 -0.370094 0.194530
vn 0.710587 -0.497501 0.497552
v -0.258459 -0.436583 0.239787
vn 0.066075 0.852976 0.517751
v -0.312544 -0.355565 0.234069
vn -0.203238 0.904245 0.375547
v -0.309726 -0.347601 0.175009
vn -0.041682 0.274229 0.960761
v -0.291617 -0.275299 0.131168
vn -0.162602 0.896314 0.412531
v -0.332641 -0.359835 0.227041
vn -0.804118 0.034831 0.593448
v -0.340979 -0.269230 0.084423
vn -0.734200 -0.086299 0.673427
v -0.329700 -0.252266 0.107030
vn -0.445408 0.154114 0.881964
v -0.310320 -0.267234 0.121741
vn 0.361680 -0.853729 0.374612
v -0.307040 -0.462763 0.251669
vn 0.071102 -0.959438 -0.272807
v -0.310453 -0.464992 0.233723
vn -0.164636 -0.957721 -0.235934
v -0.380920 -0.460253 0.208827
vn -0.212994 -0.961654 0.172789
v -0.373263 -0.464061 0.237999
vn -0.540377 -0.841423 -0.000691
v -0.399688 -0.454077 0.214294
vn 0.217259 -0.949505 -0.226359
v -0.365051 -0.462326 0.222521
vn 0.033513 -0.963399 0.265970
v -0.321609 -0.465851 0.252526
vn -0.048147 -0.993442 0.103708
v -0.352066 -0.461028 0.249242
vn 0.078389 -0.929737 -0.359785
v -0.344958 -0.457857 0.229703
vn -0.223748 -0.858036 0.462288
v -0.357271 -0.456732 0.262324
vn -0.617618 -0.023499 0.786127
v -0.133943 0.386061 0.715965
vn -0.740632 -0.195021 0.642986
v -0.139818 0.380204 0.709708
vn -0.466173 0.120944 0.876388
v -0.123686 0.395537 0.722269
vn -0.395825 -0.256491 0.881779
v -0.122629 0.375481 0.721517
vn -0.583283 -0.364747 0.725769
v -0.129800 0.370013 0.715161
vn -0.842270 -0.209420 0.496714
v -0.146669 0.378971 0.699767
vn -0.773074 0.139098 0.618877
v -0.142741 0.397845 0.706299
vn -0.559622 0.422195 0.713144
v -0.130719 0.409694 0.713716
vn -0.231364 -0.001030 0.972867
v -0.112462 0.389448 0.727085
vn -0.059134 -0.328300 0.942721
v -0.105563 0.371317 0.724952
vn -0.457553 -0.531949 0.712514
v -0.124869 0.359575 0.712165
vn -0.715355 -0.612798 0.335776
v -0.137758 0.355249 0.694294
vn -0.960904 0.056105 0.271138
v -0.151951 0.391322 0.690729
vn -0.804751 0.405977 0.433081
v -0.144378 0.408154 0.699565
vn -0.192308 0.409908 0.891624
v -0.113255 0.409725 0.722892
vn 0.050894 0.066641 0.996478
v -0.101267 0.391271 0.728212
vn -0.102732 -0.602408 0.791550
v -0.106635 0.356821 0.717619
vn -0.446154 -0.740752 0.502228
v -0.125608 0.349578 0.702192
vn -0.904995 -0.361516 0.224256
v -0.149423 0.371111 0.688717
vn 0.559614 0.422203 0.713146
v 0.129291 0.409694 0.713716
vn 0.120162 0.103647 0.987329
v 0.106551 0.394083 0.727536
vn 0.077244 -0.340627 0.937020
v 0.104132 0.371317 0.724952
vn 0.715349 -0.612802 0.335783
v 0.136329 0.355249 0.694294
vn 0.960910 0.056087 0.271119
v 0.150520 0.391322 0.690729
vn 0.804762 0.405972 0.433065
v 0.142949 0.408154 0.699565
vn 0.221047 0.406530 0.886494
v 0.111824 0.409725 0.722892
vn -0.038897 -0.099970 0.994230
v 0.097600 0.383825 0.728434
vn 0.092234 -0.607636 0.788842
v 0.105204 0.356821 0.717619
vn 0.439625 -0.745576 0.500845
v 0.124178 0.349578 0.702192
vn 0.905011 -0.361503 0.224211
v 0.147992 0.371111 0.688717
vn 0.997712 -0.015732 0.065753
v 0.152764 0.391078 0.664876
vn 0.918030 0.356837 0.172884
v 0.147903 0.412141 0.672519
vn 0.665498 0.601921 0.441366
v 0.130587 0.430626 0.688879
vn 0.428669 0.615904 0.660988
v 0.112650 0.433903 0.702780
vn 0.178236 0.572332 0.800417
v 0.100308 0.429782 0.711115
vn -0.058957 0.349874 0.934940
v 0.084784 0.415326 0.719820
vn -0.179281 0.093673 0.979328
v 0.074745 0.395014 0.723341
vn -0.218183 -0.236814 0.946739
v 0.072836 0.379756 0.721821
vn -0.164288 -0.524165 0.835620
v 0.077697 0.358693 0.714177
vn 0.074525 -0.805178 0.588332
v 0.095011 0.340208 0.697816
vn 0.684372 -0.713017 0.152454
v 0.130853 0.345286 0.672280
vn 0.917133 -0.396459 0.041091
v 0.148037 0.368659 0.664061
vn 0.376905 -0.853735 0.359276
v 0.112949 0.336931 0.683918
vn -0.997716 -0.015694 0.065702
v -0.154193 0.391078 0.664876
vn -0.918030 0.356850 0.172858
v -0.149331 0.412141 0.672519
vn -0.665508 0.601897 0.441384
v -0.132017 0.430626 0.688879
vn -0.402851 0.625326 0.668341
v -0.114079 0.433903 0.702780
vn -0.060389 0.506083 0.860368
v -0.096178 0.425548 0.714414
vn 0.143555 0.202247 0.968756
v -0.078992 0.402176 0.722635
vn 0.191164 -0.168889 0.966919
v -0.074267 0.379756 0.721821
vn 0.163331 -0.422647 0.891455
v -0.076268 0.365049 0.717514
vn 0.069555 -0.696902 0.713785
v -0.086424 0.347601 0.706648
vn -0.168838 -0.824031 0.540802
v -0.102023 0.337553 0.693178
vn -0.684372 -0.713017 0.152449
v -0.132282 0.345286 0.672280
vn -0.917137 -0.396448 0.041096
v -0.149467 0.368659 0.664061
vn -0.406770 -0.848876 0.337563
v -0.114380 0.336931 0.683918
vn 0.617604 -0.023527 0.786137
v 0.132514 0.386061 0.715965
vn 0.740613 -0.195042 0.643001
v 0.138389 0.380204 0.709708
vn 0.450730 0.106878 0.886239
v 0.122257 0.395537 0.722269
vn 0.383013 -0.243429 0.891091
v 0.121198 0.375481 0.721517
vn 0.583244 -0.364767 0.725790
v 0.128369 0.370013 0.715161
vn 0.842310 -0.209411 0.496649
v 0.145241 0.378971 0.699767
vn 0.773093 0.139095 0.618854
v 0.141312 0.397845 0.706299
vn 0.457534 -0.531950 0.712526
v 0.123438 0.359575 0.712165
# 1783 vertices, 0 vertices normals

f 893//893 894//894 892//892
f 881//881 884//884 892//892
f 893//893 892//892 884//884
f 893//893 884//884 627//627
f 894//894 893//893 895//895
f 893//893 627//627 895//895
f 896//896 897//897 882//882
f 897//897 889//889 882//882
f 894//894 897//897 892//892
f 897//897 896//896 892//892
f 895//895 898//898 894//894
f 897//897 894//894 898//898
f 503//503 889//889 898//898
f 897//897 898//898 889//889
f 892//892 891//891 881//881
f 891//891 896//896 882//882
f 896//896 891//891 892//892
f 900//900 901//901 899//899
f 901//901 902//902 899//899
f 902//902 904//904 903//903
f 905//905 906//906 904//904
f 905//905 907//907 906//906
f 907//907 908//908 906//906
f 907//907 909//909 908//908
f 909//909 910//910 908//908
f 909//909 911//911 910//910
f 911//911 912//912 910//910
f 911//911 913//913 912//912
f 913//913 914//914 912//912
f 913//913 915//915 914//914
f 915//915 916//916 914//914
f 915//915 917//917 916//916
f 917//917 918//918 916//916
f 917//917 919//919 918//918
f 919//919 920//920 918//918
f 919//919 921//921 920//920
f 921//921 922//922 920//920
f 921//921 923//923 922//922
f 923//923 924//924 922//922
f 923//923 925//925 924//924
f 925//925 926//926 924//924
f 925//925 900//900 926//926
f 900//900 899//899 926//926
f 928//928 920//920 927//927
f 922//922 927//927 920//920
f 916//916 918//918 929//929
f 929//929 918//918 928//928
f 920//920 928//928 918//918
f 914//914 916//916 929//929
f 908//908 910//910 930//930
f 931//931 932//932 906//906
f 904//904 906//906 932//932
f 930//930 931//931 908//908
f 906//906 908//908 931//931
f 899//899 934//934 933//933
f 899//899 902//902 934//934
f 934//934 902//902 903//903
f 932//932 903//903 904//904
f 926//926 936//936 935//935
f 924//924 926//926 935//935
f 926//926 899//899 936//936
f 899//899 933//933 936//936
f 937//937 924//924 935//935
f 927//927 922//922 937//937
f 924//924 937//937 922//922
f 938//938 939//939 940//940
f 942//942 943//943 941//941
f 945//945 946//946 944//944
f 948//948 947//947 949//949
f 951//951 947//947 950//950
f 946//946 951//951 950//950
f 944//944 946//946 950//950
f 940//940 954//954 938//938
f 955//955 940//940 939//939
f 954//954 952//952 938//938
f 953//953 955//955 956//956
f 959//959 960//960 958//958
f 963//963 962//962 961//961
f 964//964 962//962 963//963
f 958//958 961//961 962//962
f 962//962 959//959 958//958
f 941//941 965//965 942//942
f 944//944 966//966 945//945
f 947//947 948//948 950//950
f 948//948 944//944 950//950
f 948//948 966//966 944//944
f 966//966 948//948 949//949
f 949//949 945//945 966//966
f 957//957 952//952 953//953
f 953//953 956//956 957//957
f 957//957 939//939 938//938
f 956//956 939//939 957//957
f 939//939 956//956 955//955
f 957//957 938//938 952//952
f 967//967 958//958 960//960
f 968//968 963//963 961//961
f 963//963 968//968 964//964
f 968//968 961//961 958//958
f 967//967 968//968 958//958
f 968//968 967//967 964//964
f 960//960 964//964 967//967
f 965//965 969//969 970//970
f 969//969 971//971 970//970
f 943//943 971//971 941//941
f 943//943 970//970 971//971
f 942//942 970//970 943//943
f 941//941 971//971 969//969
f 942//942 965//965 970//970
f 972//972 973//973 974//974
f 976//976 977//977 975//975
f 973//973 976//976 975//975
f 973//973 975//975 974//974
f 977//977 976//976 978//978
f 975//975 977//977 979//979
f 980//980 975//975 979//979
f 981//981 975//975 980//980
f 982//982 974//974 981//981
f 974//974 975//975 981//981
f 982//982 983//983 974//974
f 984//984 972//972 983//983
f 972//972 974//974 983//983
f 985//985 972//972 984//984
f 985//985 986//986 972//972
f 973//973 972//972 986//986
f 986//986 987//987 973//973
f 987//987 988//988 973//973
f 978//978 976//976 988//988
f 976//976 973//973 988//988
f 990//990 977//977 989//989
f 977//977 978//978 989//989
f 990//990 991//991 977//977
f 979//979 977//977 991//991
f 980//980 979//979 991//991
f 992//992 981//981 980//980
f 993//993 982//982 992//992
f 982//982 981//981 992//992
f 993//993 983//983 982//982
f 995//995 984//984 994//994
f 984//984 983//983 994//994
f 985//985 984//984 995//995
f 987//987 986//986 996//996
f 997//997 988//988 996//996
f 988//988 987//987 996//996
f 997//997 989//989 988//988
f 978//978 988//988 989//989
f 996//996 986//986 998//998
f 929//929 998//998 986//986
f 999//999 993//993 992//992
f 930//930 983//983 993//993
f 1000//1000 980//980 991//991
f 930//930 993//993 931//931
f 993//993 1001//1001 931//931
f 993//993 999//999 1001//1001
f 1002//1002 1003//1003 1000//1000
f 1003//1003 980//980 1000//1000
f 1003//1003 992//992 980//980
f 999//999 992//992 1003//1003
f 994//994 910//910 995//995
f 910//910 912//912 995//995
f 983//983 930//930 994//994
f 930//930 910//910 994//994
f 914//914 995//995 912//912
f 985//985 995//995 914//914
f 914//914 929//929 985//985
f 929//929 986//986 985//985
f 997//997 1005//1005 1004//1004
f 1005//1005 997//997 996//996
f 1006//1006 1007//1007 962//962
f 1007//1007 959//959 962//962
f 1006//1006 962//962 1008//1008
f 962//962 964//964 1008//1008
f 955//955 953//953 1009//1009
f 1010//1010 955//955 1009//1009
f 1011//1011 955//955 1010//1010
f 1010//1010 1009//1009 947//947
f 949//949 947//947 1009//1009
f 1010//1010 947//947 1012//1012
f 951//951 1012//1012 947//947
f 946//946 1012//1012 951//951
f 1013//1013 1014//1014 941//941
f 965//965 941//941 1014//1014
f 1013//1013 941//941 1015//1015
f 969//969 1015//1015 941//941
f 1013//1013 1015//1015 954//954
f 952//952 954//954 1015//1015
f 1013//1013 954//954 1011//1011
f 954//954 940//940 1011//1011
f 940//940 955//955 1011//1011
f 1017//1017 1018//1018 1016//1016
f 1019//1019 1012//1012 1018//1018
f 1018//1018 1017//1017 1019//1019
f 1020//1020 1019//1019 1017//1017
f 1021//1021 927//927 937//937
f 1020//1020 927//927 1021//1021
f 1021//1021 1019//1019 1020//1020
f 998//998 1016//1016 996//996
f 1024//1024 1023//1023 1022//1022
f 1007//1007 1024//1024 1022//1022
f 1026//1026 1025//1025 1023//1023
f 903//903 932//932 1025//1025
f 1025//1025 1026//1026 903//903
f 1027//1027 903//903 1026//1026
f 931//931 1001//1001 932//932
f 1001//1001 1025//1025 932//932
f 1001//1001 1022//1022 1025//1025
f 1022//1022 1023//1023 1025//1025
f 999//999 1022//1022 1001//1001
f 934//934 1029//1029 933//933
f 1029//1029 1028//1028 933//933
f 1029//1029 934//934 1030//1030
f 1030//1030 934//934 1027//1027
f 903//903 1027//1027 934//934
f 1029//1029 1030//1030 1031//1031
f 1027//1027 1032//1032 1030//1030
f 1032//1032 1031//1031 1030//1030
f 1006//1006 1014//1014 1031//1031
f 1032//1032 1006//1006 1031//1031
f 1032//1032 1033//1033 1006//1006
f 1033//1033 1007//1007 1006//1006
f 1027//1027 1026//1026 1032//1032
f 1026//1026 1033//1033 1032//1032
f 1024//1024 1007//1007 1033//1033
f 1026//1026 1023//1023 1033//1033
f 1023//1023 1024//1024 1033//1033
f 1002//1002 959//959 1007//1007
f 1007//1007 1022//1022 1002//1002
f 1022//1022 1003//1003 1002//1002
f 1022//1022 999//999 1003//1003
f 1008//1008 965//965 1006//1006
f 965//965 1014//1014 1006//1006
f 1034//1034 1012//1012 946//946
f 946//946 1004//1004 1034//1034
f 1012//1012 1034//1034 1018//1018
f 1005//1005 1018//1018 1034//1034
f 1034//1034 1004//1004 1005//1005
f 1018//1018 1005//1005 1016//1016
f 996//996 1016//1016 1005//1005
f 1012//1012 1019//1019 1010//1010
f 1019//1019 1035//1035 1010//1010
f 1019//1019 1021//1021 1035//1035
f 1035//1035 1036//1036 1010//1010
f 1021//1021 1037//1037 1035//1035
f 1037//1037 1036//1036 1035//1035
f 1036//1036 1011//1011 1010//1010
f 935//935 936//936 1037//1037
f 1037//1037 1021//1021 935//935
f 937//937 935//935 1021//1021
f 936//936 1038//1038 1037//1037
f 936//936 933//933 1038//1038
f 933//933 1028//1028 1038//1038
f 1037//1037 1038//1038 1036//1036
f 1039//1039 1036//1036 1038//1038
f 1028//1028 1040//1040 1038//1038
f 1040//1040 1039//1039 1038//1038
f 1039//1039 1011//1011 1036//1036
f 1040//1040 1013//1013 1039//1039
f 1013//1013 1011//1011 1039//1039
f 1040//1040 1031//1031 1013//1013
f 1031//1031 1014//1014 1013//1013
f 1028//1028 1031//1031 1040//1040
f 1028//1028 1029//1029 1031//1031
f 929//929 928//928 998//998
f 1041//1041 998//998 928//928
f 928//928 927//927 1041//1041
f 1020//1020 1041//1041 927//927
f 998//998 1041//1041 1016//1016
f 1017//1017 1016//1016 1041//1041
f 1020//1020 1017//1017 1041//1041
f 1043//1043 1044//1044 1042//1042
f 1044//1044 997//997 1004//1004
f 997//997 1044//1044 1043//1043
f 1045//1045 1000//1000 991//991
f 1047//1047 1045//1045 1046//1046
f 1047//1047 1000//1000 1045//1045
f 1047//1047 1002//1002 1000//1000
f 1047//1047 959//959 1002//1002
f 1045//1045 1048//1048 1046//1046
f 1048//1048 991//991 990//990
f 991//991 1048//1048 1045//1045
f 1043//1043 1049//1049 989//989
f 1050//1050 1043//1043 1042//1042
f 1050//1050 1049//1049 1043//1043
f 1043//1043 989//989 997//997
f 1048//1048 1051//1051 1046//1046
f 1052//1052 1048//1048 990//990
f 1048//1048 1052//1052 1051//1051
f 1052//1052 990//990 989//989
f 1049//1049 1052//1052 989//989
f 1051//1051 1049//1049 1050//1050
f 1049//1049 1051//1051 1052//1052
f 1053//1053 1047//1047 1046//1046
f 1047//1047 960//960 959//959
f 960//960 1047//1047 1053//1053
f 964//964 1053//1053 1008//1008
f 1053//1053 964//964 960//960
f 1054//1054 1009//1009 953//953
f 1042//1042 949//949 1009//1009
f 1042//1042 1055//1055 949//949
f 1055//1055 945//945 949//949
f 945//945 1055//1055 946//946
f 969//969 1056//1056 1015//1015
f 1056//1056 1053//1053 1046//1046
f 965//965 1056//1056 969//969
f 965//965 1053//1053 1056//1056
f 1054//1054 1056//1056 1050//1050
f 1056//1056 953//953 952//952
f 953//953 1056//1056 1054//1054
f 1056//1056 952//952 1015//1015
f 1008//1008 1053//1053 965//965
f 1054//1054 1042//1042 1009//1009
f 1042//1042 1054//1054 1050//1050
f 1044//1044 1055//1055 1042//1042
f 946//946 1044//1044 1004//1004
f 946//946 1055//1055 1044//1044
f 1051//1051 1056//1056 1046//1046
f 1056//1056 1051//1051 1050//1050
f 913//913 911//911 1057//1057
f 911//911 909//909 1057//1057
f 909//909 907//907 1058//1058
f 904//904 902//902 1059//1059
f 902//902 901//901 1059//1059
f 921//921 919//919 917//917
f 915//915 913//913 1057//1057
f 917//917 915//915 1060//1060
f 915//915 1057//1057 1060//1060
f 1061//1061 900//900 925//925
f 925//925 923//923 1061//1061
f 1063//1063 1064//1064 1062//1062
f 1066//1066 1064//1064 1065//1065
f 1068//1068 1069//1069 1067//1067
f 1069//1069 1070//1070 1067//1067
f 1070//1070 1071//1071 1067//1067
f 1073//1073 1068//1068 1072//1072
f 1068//1068 1067//1067 1072//1072
f 1074//1074 1068//1068 1073//1073
f 1076//1076 1074//1074 1075//1075
f 1077//1077 1076//1076 1075//1075
f 1078//1078 1076//1076 1077//1077
f 1078//1078 1077//1077 1079//1079
f 1064//1064 1078//1078 1080//1080
f 1064//1064 1080//1080 1065//1065
f 1078//1078 1079//1079 1080//1080
f 1082//1082 1083//1083 1081//1081
f 1085//1085 1086//1086 1084//1084
f 1085//1085 1083//1083 1082//1082
f 1085//1085 1082//1082 1086//1086
f 1087//1087 1085//1085 1084//1084
f 1088//1088 1087//1087 1084//1084
f 1070//1070 1087//1087 1071//1071
f 1087//1087 1088//1088 1071//1071
f 1083//1083 1063//1063 1062//1062
f 755//755 777//777 1089//1089
f 1090//1090 755//755 1089//1089
f 1089//1089 1092//1092 1091//1091
f 1091//1091 1090//1090 1089//1089
f 1092//1092 1094//1094 1093//1093
f 1091//1091 1092//1092 1093//1093
f 1093//1093 1094//1094 1095//1095
f 1097//1097 1098//1098 1096//1096
f 1098//1098 1099//1099 1096//1096
f 1100//1100 1101//1101 1095//1095
f 1095//1095 1094//1094 1100//1100
f 1100//1100 1103//1103 1102//1102
f 1101//1101 1100//1100 1102//1102
f 1103//1103 1105//1105 1104//1104
f 1102//1102 1103//1103 1104//1104
f 1105//1105 1107//1107 1106//1106
f 1104//1104 1105//1105 1106//1106
f 1106//1106 1107//1107 1108//1108
f 1109//1109 1110//1110 1106//1106
f 1106//1106 1108//1108 1109//1109
f 425//425 428//428 1111//1111
f 1112//1112 1113//1113 584//584
f 1112//1112 584//584 581//581
f 1113//1113 1114//1114 454//454
f 584//584 1113//1113 454//454
f 1115//1115 625//625 454//454
f 454//454 1114//1114 1115//1115
f 1116//1116 627//627 625//625
f 625//625 1115//1115 1116//1116
f 1118//1118 1119//1119 1117//1117
f 1119//1119 1120//1120 1121//1121
f 1120//1120 1119//1119 1118//1118
f 1124//1124 1119//1119 1123//1123
f 1119//1119 1124//1124 1117//1117
f 1126//1126 1127//1127 1125//1125
f 1127//1127 1128//1128 1129//1129
f 1128//1128 1127//1127 1126//1126
f 1130//1130 1127//1127 1129//1129
f 1127//1127 1130//1130 1131//1131
f 1132//1132 1126//1126 1125//1125
f 1133//1133 1132//1132 1125//1125
f 1132//1132 1133//1133 1134//1134
f 1136//1136 1125//1125 1135//1135
f 1125//1125 1136//1136 1137//1137
f 1125//1125 1131//1131 1135//1135
f 1127//1127 1131//1131 1125//1125
f 1133//1133 1125//1125 1137//1137
f 1138//1138 1139//1139 1126//1126
f 1139//1139 1128//1128 1126//1126
f 1142//1142 1141//1141 1140//1140
f 1142//1142 1140//1140 1138//1138
f 1143//1143 1138//1138 1132//1132
f 1142//1142 1143//1143 1141//1141
f 1143//1143 1142//1142 1138//1138
f 1138//1138 1126//1126 1132//1132
f 1144//1144 1143//1143 1132//1132
f 1134//1134 1144//1144 1132//1132
f 1146//1146 1147//1147 1145//1145
f 1146//1146 1148//1148 1147//1147
f 1150//1150 1151//1151 1149//1149
f 1096//1096 1152//1152 1153//1153
f 1096//1096 1153//1153 1154//1154
f 1096//1096 1155//1155 1152//1152
f 1096//1096 1099//1099 1155//1155
f 1158//1158 1156//1156 1157//1157
f 1160//1160 1161//1161 1098//1098
f 1163//1163 1164//1164 1162//1162
f 1164//1164 1165//1165 1162//1162
f 1166//1166 1155//1155 1158//1158
f 1166//1166 1167//1167 1155//1155
f 1166//1166 1158//1158 1168//1168
f 1168//1168 1157//1157 1169//1169
f 1158//1158 1157//1157 1168//1168
f 1157//1157 1170//1170 1169//1169
f 1156//1156 357//357 1170//1170
f 1171//1171 1173//1173 358//358
f 1171//1171 358//358 359//359
f 1159//1159 1171//1171 359//359
f 1167//1167 1174//1174 1172//1172
f 1172//1172 1171//1171 1159//1159
f 1167//1167 1172//1172 1159//1159
f 1159//1159 1152//1152 1167//1167
f 1155//1155 1167//1167 1152//1152
f 1166//1166 1175//1175 1174//1174
f 1167//1167 1166//1166 1174//1174
f 1168//1168 1169//1169 1166//1166
f 1175//1175 1172//1172 1174//1174
f 1175//1175 1176//1176 1173//1173
f 1172//1172 1173//1173 1171//1171
f 1175//1175 1166//1166 1169//1169
f 1176//1176 358//358 1173//1173
f 1173//1173 1172//1172 1175//1175
f 358//358 1175//1175 1169//1169
f 1176//1176 1175//1175 358//358
f 1170//1170 358//358 1169//1169
f 358//358 1170//1170 357//357
f 1170//1170 1157//1157 1156//1156
f 1097//1097 1154//1154 1177//1177
f 1178//1178 1097//1097 1177//1177
f 1177//1177 1154//1154 1179//1179
f 1129//1129 1181//1181 1180//1180
f 1182//1182 1180//1180 1181//1181
f 1180//1180 1183//1183 1129//1129
f 1183//1183 1130//1130 1129//1129
f 1184//1184 1185//1185 1181//1181
f 1185//1185 1182//1182 1181//1181
f 1186//1186 1185//1185 1184//1184
f 1187//1187 1186//1186 1184//1184
f 1140//1140 1186//1186 1187//1187
f 1138//1138 1140//1140 1187//1187
f 1139//1139 1138//1138 1187//1187
f 1177//1177 1179//1179 1188//1188
f 1183//1183 1188//1188 1179//1179
f 1180//1180 1182//1182 1188//1188
f 1188//1188 1183//1183 1180//1180
f 1179//1179 1189//1189 1183//1183
f 1189//1189 1131//1131 1183//1183
f 1131//1131 1130//1130 1183//1183
f 1188//1188 1190//1190 1177//1177
f 1190//1190 1191//1191 1177//1177
f 1182//1182 1190//1190 1188//1188
f 1190//1190 1192//1192 1191//1191
f 1190//1190 1193//1193 1192//1192
f 1193//1193 1194//1194 1192//1192
f 1182//1182 1193//1193 1190//1190
f 1182//1182 1185//1185 1193//1193
f 1193//1193 1118//1118 1194//1194
f 1185//1185 1186//1186 1193//1193
f 1193//1193 1195//1195 1118//1118
f 1186//1186 1195//1195 1193//1193
f 1195//1195 1140//1140 1141//1141
f 1186//1186 1140//1140 1195//1195
f 1135//1135 1131//1131 1196//1196
f 1189//1189 1196//1196 1131//1131
f 1177//1177 1191//1191 1178//1178
f 1191//1191 1197//1197 1178//1178
f 1191//1191 1192//1192 1197//1197
f 1192//1192 1198//1198 1197//1197
f 1192//1192 1194//1194 1198//1198
f 1194//1194 1199//1199 1198//1198
f 1194//1194 1117//1117 1199//1199
f 1117//1117 1194//1194 1118//1118
f 1122//1122 1120//1120 1195//1195
f 1118//1118 1195//1195 1120//1120
f 1195//1195 1141//1141 1122//1122
f 1201//1201 1141//1141 1200//1200
f 1200//1200 1141//1141 1202//1202
f 1144//1144 1202//1202 1143//1143
f 1141//1141 1143//1143 1202//1202
f 1204//1204 1205//1205 1203//1203
f 1206//1206 1208//1208 1207//1207
f 1206//1206 1209//1209 1208//1208
f 1208//1208 1209//1209 1210//1210
f 1210//1210 1209//1209 1204//1204
f 1209//1209 1205//1205 1204//1204
f 1205//1205 422//422 1203//1203
f 1211//1211 1206//1206 1207//1207
f 1203//1203 422//422 424//424
f 1213//1213 1214//1214 1212//1212
f 1214//1214 1111//1111 1212//1212
f 1111//1111 428//428 1212//1212
f 428//428 430//430 1212//1212
f 1066//1066 1062//1062 1064//1064
f 1065//1065 1062//1062 1066//1066
f 1215//1215 1216//1216 1062//1062
f 1081//1081 1083//1083 1062//1062
f 1080//1080 1217//1217 1065//1065
f 1215//1215 1065//1065 1217//1217
f 1218//1218 1215//1215 1217//1217
f 1215//1215 1062//1062 1065//1065
f 1220//1220 1221//1221 1219//1219
f 1220//1220 1223//1223 1222//1222
f 1224//1224 1223//1223 1220//1220
f 1220//1220 1222//1222 1221//1221
f 1219//1219 1226//1226 1225//1225
f 1219//1219 1224//1224 1220//1220
f 1223//1223 1228//1228 1227//1227
f 1224//1224 1228//1228 1223//1223
f 1223//1223 1227//1227 1222//1222
f 1230//1230 1224//1224 1229//1229
f 1219//1219 1229//1229 1224//1224
f 1231//1231 1228//1228 1224//1224
f 1232//1232 1231//1231 1224//1224
f 1234//1234 1115//1115 1233//1233
f 1201//1201 1200//1200 1235//1235
f 1134//1134 1133//1133 1137//1137
f 1135//1135 456//456 1137//1137
f 1134//1134 1137//1137 1236//1236
f 1236//1236 460//460 459//459
f 1236//1236 1238//1238 1237//1237
f 1237//1237 1144//1144 1236//1236
f 1240//1240 465//465 1239//1239
f 1239//1239 465//465 456//456
f 1205//1205 466//466 422//422
f 1241//1241 466//466 1205//1205
f 1242//1242 466//466 1241//1241
f 1244//1244 1211//1211 1243//1243
f 1211//1211 1207//1207 1245//1245
f 1246//1246 1211//1211 1245//1245
f 1248//1248 1249//1249 1247//1247
f 1247//1247 1250//1250 1246//1246
f 1245//1245 1248//1248 1246//1246
f 1246//1246 1248//1248 1247//1247
f 1156//1156 477//477 357//357
f 1252//1252 1164//1164 1251//1251
f 1163//1163 1109//1109 1164//1164
f 1253//1253 1254//1254 485//485
f 1256//1256 1121//1121 1255//1255
f 1121//1121 1120//1120 1257//1257
f 1122//1122 1257//1257 1120//1120
f 1259//1259 1260//1260 1258//1258
f 1260//1260 1261//1261 1258//1258
f 1259//1259 1262//1262 1260//1260
f 1262//1262 1263//1263 1260//1260
f 1263//1263 1261//1261 1260//1260
f 1263//1263 1264//1264 1261//1261
f 1266//1266 1267//1267 1265//1265
f 1268//1268 1269//1269 1262//1262
f 1268//1268 1262//1262 1265//1265
f 1265//1265 1262//1262 1259//1259
f 905//905 1270//1270 1058//1058
f 1272//1272 921//921 1271//1271
f 921//921 1061//1061 923//923
f 1272//1272 1273//1273 921//921
f 917//917 1060//1060 1271//1271
f 921//921 917//917 1271//1271
f 1274//1274 1061//1061 1273//1273
f 1276//1276 1277//1277 1275//1275
f 1278//1278 1275//1275 1060//1060
f 1271//1271 1060//1060 1275//1275
f 1278//1278 1276//1276 1275//1275
f 1279//1279 1276//1276 1278//1278
f 1278//1278 1057//1057 1280//1280
f 1281//1281 1282//1282 1278//1278
f 1057//1057 1278//1278 1060//1060
f 1283//1283 1281//1281 1280//1280
f 1058//1058 1283//1283 909//909
f 1284//1284 1285//1285 1281//1281
f 1286//1286 1285//1285 1284//1284
f 1057//1057 909//909 1280//1280
f 909//909 1283//1283 1280//1280
f 1283//1283 1284//1284 1281//1281
f 1283//1283 1058//1058 1284//1284
f 1058//1058 1287//1287 1284//1284
f 907//907 905//905 1058//1058
f 1270//1270 1287//1287 1058//1058
f 1287//1287 1270//1270 1288//1288
f 1289//1289 1290//1290 1288//1288
f 1270//1270 905//905 904//904
f 1059//1059 1288//1288 1270//1270
f 901//901 1291//1291 1059//1059
f 904//904 1059//1059 1270//1270
f 1059//1059 1291//1291 1292//1292
f 901//901 900//900 1291//1291
f 1293//1293 1294//1294 1292//1292
f 1291//1291 1293//1293 1292//1292
f 1295//1295 1293//1293 1291//1291
f 900//900 1295//1295 1291//1291
f 900//900 1061//1061 1295//1295
f 1274//1274 1293//1293 1295//1295
f 1061//1061 1274//1274 1295//1295
f 1273//1273 1061//1061 921//921
f 1293//1293 1296//1296 1294//1294
f 1296//1296 1297//1297 1294//1294
f 1298//1298 1293//1293 1274//1274
f 1299//1299 1274//1274 1272//1272
f 1298//1298 1274//1274 1299//1299
f 1299//1299 1111//1111 1298//1298
f 1298//1298 1300//1300 1296//1296
f 1293//1293 1298//1298 1296//1296
f 1301//1301 1297//1297 1296//1296
f 1300//1300 1301//1301 1296//1296
f 1230//1230 1301//1301 1302//1302
f 1300//1300 1302//1302 1301//1301
f 1303//1303 1298//1298 1214//1214
f 1298//1298 1111//1111 1214//1214
f 1300//1300 1303//1303 1302//1302
f 1277//1277 1304//1304 425//425
f 1299//1299 425//425 1111//1111
f 1272//1272 1277//1277 1299//1299
f 1272//1272 1274//1274 1273//1273
f 1271//1271 1277//1277 1272//1272
f 1304//1304 544//544 425//425
f 1305//1305 544//544 1304//1304
f 1299//1299 1277//1277 425//425
f 1271//1271 1275//1275 1277//1277
f 1304//1304 1277//1277 1305//1305
f 1277//1277 1276//1276 1305//1305
f 1306//1306 546//546 1305//1305
f 546//546 544//544 1305//1305
f 1307//1307 1308//1308 1282//1282
f 1306//1306 1308//1308 546//546
f 1305//1305 1276//1276 1306//1306
f 1279//1279 1306//1306 1276//1276
f 1279//1279 1278//1278 1282//1282
f 1279//1279 1282//1282 1306//1306
f 1307//1307 1282//1282 1309//1309
f 1282//1282 1308//1308 1306//1306
f 1280//1280 1281//1281 1278//1278
f 1282//1282 1281//1281 1309//1309
f 1281//1281 1285//1285 1309//1309
f 1309//1309 1285//1285 1286//1286
f 1286//1286 1284//1284 1287//1287
f 1286//1286 1287//1287 1310//1310
f 1311//1311 1310//1310 1290//1290
f 1290//1290 1312//1312 1311//1311
f 1226//1226 1311//1311 1225//1225
f 1287//1287 1290//1290 1310//1310
f 1288//1288 1290//1290 1287//1287
f 1289//1289 1312//1312 1290//1290
f 1225//1225 1311//1311 1312//1312
f 1312//1312 1297//1297 1225//1225
f 1225//1225 1229//1229 1219//1219
f 1059//1059 1289//1289 1288//1288
f 1289//1289 1292//1292 1312//1312
f 1297//1297 1229//1229 1225//1225
f 1229//1229 1297//1297 1230//1230
f 1297//1297 1301//1301 1230//1230
f 1292//1292 1297//1297 1312//1312
f 1292//1292 1294//1294 1297//1297
f 1059//1059 1292//1292 1289//1289
f 1286//1286 1313//1313 1309//1309
f 1314//1314 1313//1313 1310//1310
f 1313//1313 1286//1286 1310//1310
f 1315//1315 1309//1309 1313//1313
f 1310//1310 1311//1311 1314//1314
f 1311//1311 1226//1226 1221//1221
f 1311//1311 1221//1221 1314//1314
f 1315//1315 1313//1313 1316//1316
f 1150//1150 1317//1317 1314//1314
f 1313//1313 1314//1314 1317//1317
f 1313//1313 1317//1317 1316//1316
f 1221//1221 1226//1226 1219//1219
f 1222//1222 1318//1318 1221//1221
f 1314//1314 1221//1221 1150//1150
f 1221//1221 1318//1318 1150//1150
f 1316//1316 1317//1317 1319//1319
f 1222//1222 1320//1320 1318//1318
f 1317//1317 1321//1321 1319//1319
f 1150//1150 1321//1321 1317//1317
f 1322//1322 1323//1323 1320//1320
f 1222//1222 1324//1324 1320//1320
f 1320//1320 1324//1324 1322//1322
f 1322//1322 1326//1326 1325//1325
f 1326//1326 1322//1322 1324//1324
f 1323//1323 1322//1322 1325//1325
f 1327//1327 1326//1326 1324//1324
f 1328//1328 1327//1327 1227//1227
f 1227//1227 1327//1327 1324//1324
f 1222//1222 1227//1227 1324//1324
f 1227//1227 1231//1231 1213//1213
f 1231//1231 1214//1214 1213//1213
f 1231//1231 1227//1227 1228//1228
f 1232//1232 1302//1302 1303//1303
f 1231//1231 1232//1232 1214//1214
f 1302//1302 1232//1232 1224//1224
f 1232//1232 1303//1303 1214//1214
f 1298//1298 1303//1303 1300//1300
f 1302//1302 1224//1224 1230//1230
f 1329//1329 577//577 576//576
f 576//576 1330//1330 1329//1329
f 579//579 1330//1330 576//576
f 577//577 1329//1329 1213//1213
f 1328//1328 1213//1213 1329//1329
f 1213//1213 1328//1328 1227//1227
f 1212//1212 1331//1331 1214//1214
f 1213//1213 1214//1214 1331//1331
f 1331//1331 577//577 1213//1213
f 430//430 577//577 1331//1331
f 430//430 1331//1331 1212//1212
f 1332//1332 1112//1112 581//581
f 1308//1308 1332//1332 581//581
f 546//546 1308//1308 581//581
f 1315//1315 1316//1316 1332//1332
f 1112//1112 1332//1332 1316//1316
f 1307//1307 1332//1332 1308//1308
f 1332//1332 1307//1307 1315//1315
f 1307//1307 1309//1309 1315//1315
f 1113//1113 1112//1112 1114//1114
f 1333//1333 1114//1114 1112//1112
f 1333//1333 1112//1112 1316//1316
f 1319//1319 1333//1333 1316//1316
f 1114//1114 1333//1333 1233//1233
f 1115//1115 1114//1114 1233//1233
f 1321//1321 1334//1334 1319//1319
f 1333//1333 1319//1319 1334//1334
f 1234//1234 1233//1233 1334//1334
f 1333//1333 1334//1334 1233//1233
f 1234//1234 1335//1335 1336//1336
f 1334//1334 1335//1335 1234//1234
f 1149//1149 1335//1335 1321//1321
f 1335//1335 1334//1334 1321//1321
f 1335//1335 1149//1149 1336//1336
f 1254//1254 1253//1253 1337//1337
f 1336//1336 1149//1149 1337//1337
f 1253//1253 1338//1338 1336//1336
f 1149//1149 1254//1254 1337//1337
f 1150//1150 1318//1318 1151//1151
f 1321//1321 1150//1150 1149//1149
f 1151//1151 1318//1318 1339//1339
f 1340//1340 1339//1339 1318//1318
f 1341//1341 1339//1339 1340//1340
f 1320//1320 1323//1323 1318//1318
f 1318//1318 1323//1323 1340//1340
f 1342//1342 1343//1343 1341//1341
f 1342//1342 1341//1341 1323//1323
f 1341//1341 1340//1340 1323//1323
f 1343//1343 1344//1344 1341//1341
f 1345//1345 1346//1346 1343//1343
f 1325//1325 1348//1348 1345//1345
f 1342//1342 1325//1325 1345//1345
f 1349//1349 1350//1350 1343//1343
f 1349//1349 1343//1343 1346//1346
f 1345//1345 1348//1348 1351//1351
f 1346//1346 1345//1345 1351//1351
f 1343//1343 1342//1342 1345//1345
f 1325//1325 1342//1342 1323//1323
f 1353//1353 1354//1354 1352//1352
f 1348//1348 1325//1325 1352//1352
f 1354//1354 1348//1348 1352//1352
f 1356//1356 1353//1353 1355//1355
f 1326//1326 1357//1357 1325//1325
f 1356//1356 1358//1358 1353//1353
f 1353//1353 1352//1352 1355//1355
f 1355//1355 1325//1325 1357//1357
f 1359//1359 1360//1360 1355//1355
f 1355//1355 1360//1360 1356//1356
f 1328//1328 1361//1361 1327//1327
f 1361//1361 1326//1326 1327//1327
f 1361//1361 1359//1359 1357//1357
f 1357//1357 1326//1326 1361//1361
f 1357//1357 1359//1359 1355//1355
f 1359//1359 579//579 620//620
f 620//620 1362//1362 1360//1360
f 1362//1362 620//620 1363//1363
f 1329//1329 1361//1361 1328//1328
f 1330//1330 1361//1361 1329//1329
f 1330//1330 579//579 1359//1359
f 1359//1359 620//620 1360//1360
f 1359//1359 1361//1361 1330//1330
f 1115//1115 1364//1364 1116//1116
f 1364//1364 895//895 1116//1116
f 1234//1234 1336//1336 1338//1338
f 1364//1364 1234//1234 1338//1338
f 1234//1234 1364//1364 1115//1115
f 895//895 1364//1364 1338//1338
f 1337//1337 1253//1253 1336//1336
f 503//503 1338//1338 1253//1253
f 503//503 898//898 1338//1338
f 898//898 895//895 1338//1338
f 503//503 1253//1253 485//485
f 1365//1365 485//485 1254//1254
f 1365//1365 1254//1254 1149//1149
f 1366//1366 1367//1367 1365//1365
f 1366//1366 1365//1365 1149//1149
f 1366//1366 1368//1368 1367//1367
f 1368//1368 1369//1369 1367//1367
f 1149//1149 1368//1368 1366//1366
f 1149//1149 1151//1151 1368//1368
f 1339//1339 1368//1368 1151//1151
f 1368//1368 1339//1339 1370//1370
f 1339//1339 1341//1341 1371//1371
f 1371//1371 1372//1372 1370//1370
f 1370//1370 1372//1372 1369//1369
f 1369//1369 1368//1368 1370//1370
f 1370//1370 1339//1339 1371//1371
f 1371//1371 1373//1373 1372//1372
f 1347//1347 1374//1374 1373//1373
f 1344//1344 1347//1347 1373//1373
f 1371//1371 1344//1344 1373//1373
f 1341//1341 1344//1344 1371//1371
f 1374//1374 1375//1375 1373//1373
f 1350//1350 1377//1377 1376//1376
f 1350//1350 1378//1378 1374//1374
f 671//671 1373//1373 1375//1375
f 1347//1347 1344//1344 1343//1343
f 1343//1343 1350//1350 1347//1347
f 1347//1347 1350//1350 1374//1374
f 1378//1378 1379//1379 1375//1375
f 1376//1376 1380//1380 1379//1379
f 1378//1378 1375//1375 1374//1374
f 1381//1381 1380//1380 1376//1376
f 1382//1382 1383//1383 1381//1381
f 1376//1376 1382//1382 1381//1381
f 1382//1382 1384//1384 1383//1383
f 1378//1378 1350//1350 1376//1376
f 1377//1377 1385//1385 1382//1382
f 1376//1376 1377//1377 1382//1382
f 1384//1384 1386//1386 1383//1383
f 1385//1385 1384//1384 1382//1382
f 1377//1377 1145//1145 1385//1385
f 1385//1385 1387//1387 1384//1384
f 1388//1388 1146//1146 1145//1145
f 1349//1349 1145//1145 1377//1377
f 1377//1377 1350//1350 1349//1349
f 1349//1349 1388//1388 1145//1145
f 1351//1351 1146//1146 1388//1388
f 1346//1346 1388//1388 1349//1349
f 1388//1388 1346//1346 1351//1351
f 1351//1351 1389//1389 1146//1146
f 1351//1351 1354//1354 1389//1389
f 1348//1348 1354//1354 1351//1351
f 1354//1354 1390//1390 1389//1389
f 1354//1354 1358//1358 1391//1391
f 1392//1392 1354//1354 1391//1391
f 1353//1353 1358//1358 1354//1354
f 1393//1393 1072//1072 1392//1392
f 1356//1356 1395//1395 1394//1394
f 1391//1391 1358//1358 1394//1394
f 1391//1391 1393//1393 1392//1392
f 1396//1396 1072//1072 1393//1393
f 1358//1358 1356//1356 1394//1394
f 1394//1394 1397//1397 1393//1393
f 1397//1397 1398//1398 1393//1393
f 1394//1394 1395//1395 1397//1397
f 1352//1352 1325//1325 1355//1355
f 1400//1400 1397//1397 1395//1395
f 1399//1399 1398//1398 1400//1400
f 1398//1398 1397//1397 1400//1400
f 1360//1360 1395//1395 1356//1356
f 1395//1395 1360//1360 1362//1362
f 1395//1395 1363//1363 1400//1400
f 1362//1362 1363//1363 1395//1395
f 1399//1399 1400//1400 1401//1401
f 1363//1363 1401//1401 1400//1400
f 664//664 1363//1363 620//620
f 1401//1401 1363//1363 664//664
f 895//895 627//627 1116//1116
f 1367//1367 666//666 485//485
f 1365//1365 1367//1367 485//485
f 1369//1369 668//668 666//666
f 1367//1367 1369//1369 666//666
f 1369//1369 1372//1372 668//668
f 1372//1372 1402//1402 668//668
f 1402//1402 671//671 668//668
f 1379//1379 672//672 671//671
f 1402//1402 1372//1372 1373//1373
f 1379//1379 671//671 1375//1375
f 671//671 1402//1402 1373//1373
f 1379//1379 1380//1380 672//672
f 1376//1376 1379//1379 1378//1378
f 1403//1403 672//672 1380//1380
f 1403//1403 1380//1380 1381//1381
f 1383//1383 1403//1403 1381//1381
f 1403//1403 1404//1404 672//672
f 1404//1404 1383//1383 675//675
f 1404//1404 675//675 672//672
f 1403//1403 1383//1383 1404//1404
f 1405//1405 1406//1406 675//675
f 1383//1383 1405//1405 675//675
f 1405//1405 1407//1407 1406//1406
f 1408//1408 1405//1405 1386//1386
f 1405//1405 1383//1383 1386//1386
f 1409//1409 1407//1407 1405//1405
f 1386//1386 1410//1410 1408//1408
f 1411//1411 1412//1412 1410//1410
f 1384//1384 1410//1410 1386//1386
f 1410//1410 1384//1384 1411//1411
f 1384//1384 1387//1387 1411//1411
f 1413//1413 1414//1414 1411//1411
f 1415//1415 1412//1412 1411//1411
f 1145//1145 1416//1416 1385//1385
f 1387//1387 1385//1385 1416//1416
f 1387//1387 1413//1413 1411//1411
f 1411//1411 1414//1414 1415//1415
f 1414//1414 1417//1417 1415//1415
f 1416//1416 1413//1413 1387//1387
f 1147//1147 1413//1413 1416//1416
f 1147//1147 1416//1416 1145//1145
f 1413//1413 1418//1418 1414//1414
f 1147//1147 1418//1418 1413//1413
f 1148//1148 1419//1419 1418//1418
f 1414//1414 1418//1418 1419//1419
f 1417//1417 1414//1414 1420//1420
f 1414//1414 1419//1419 1420//1420
f 1418//1418 1147//1147 1148//1148
f 1148//1148 1421//1421 1419//1419
f 1422//1422 1421//1421 1148//1148
f 1422//1422 1146//1146 1390//1390
f 1420//1420 1419//1419 1423//1423
f 1421//1421 1423//1423 1419//1419
f 1424//1424 1425//1425 1422//1422
f 1421//1421 1422//1422 1425//1425
f 1423//1423 1421//1421 1426//1426
f 1421//1421 1425//1425 1426//1426
f 1148//1148 1146//1146 1422//1422
f 1146//1146 1389//1389 1390//1390
f 1392//1392 1427//1427 1354//1354
f 1390//1390 1354//1354 1427//1427
f 1422//1422 1390//1390 1424//1424
f 1390//1390 1427//1427 1424//1424
f 1426//1426 1425//1425 1428//1428
f 1429//1429 1425//1425 1424//1424
f 1425//1425 1429//1429 1430//1430
f 1425//1425 1430//1430 1428//1428
f 1424//1424 1427//1427 1429//1429
f 1431//1431 1429//1429 1427//1427
f 1072//1072 1431//1431 1392//1392
f 1431//1431 1427//1427 1392//1392
f 1431//1431 1072//1072 1067//1067
f 1071//1071 1430//1430 1429//1429
f 1067//1067 1071//1071 1429//1429
f 1428//1428 1430//1430 1432//1432
f 1431//1431 1067//1067 1429//1429
f 1396//1396 1073//1073 1072//1072
f 1433//1433 1396//1396 1393//1393
f 1394//1394 1393//1393 1391//1391
f 1396//1396 1433//1433 1073//1073
f 1434//1434 1074//1074 1073//1073
f 1433//1433 1434//1434 1073//1073
f 1393//1393 1398//1398 1433//1433
f 1434//1434 1433//1433 1398//1398
f 1075//1075 1434//1434 1399//1399
f 1434//1434 1398//1398 1399//1399
f 1434//1434 1075//1075 1074//1074
f 1399//1399 1077//1077 1075//1075
f 1218//1218 1217//1217 1080//1080
f 1435//1435 1080//1080 1079//1079
f 719//719 1218//1218 1080//1080
f 1079//1079 1077//1077 1435//1435
f 1436//1436 1435//1435 1077//1077
f 1436//1436 1077//1077 1399//1399
f 720//720 718//718 1435//1435
f 1436//1436 720//720 1435//1435
f 1435//1435 718//718 719//719
f 1401//1401 720//720 1399//1399
f 720//720 1436//1436 1399//1399
f 664//664 720//720 1401//1401
f 1406//1406 721//721 675//675
f 1407//1407 1110//1110 721//721
f 1406//1406 1407//1407 721//721
f 1409//1409 1110//1110 1407//1407
f 1408//1408 1409//1409 1405//1405
f 1110//1110 1409//1409 1437//1437
f 1438//1438 1106//1106 1437//1437
f 1409//1409 1438//1438 1437//1437
f 1410//1410 1438//1438 1408//1408
f 1438//1438 1409//1409 1408//1408
f 1439//1439 1438//1438 1412//1412
f 1438//1438 1410//1410 1412//1412
f 1439//1439 1440//1440 1106//1106
f 1438//1438 1439//1439 1106//1106
f 1415//1415 1440//1440 1439//1439
f 1439//1439 1412//1412 1415//1415
f 1106//1106 1440//1440 1104//1104
f 1440//1440 1102//1102 1104//1104
f 1441//1441 1102//1102 1440//1440
f 1441//1441 1415//1415 1417//1417
f 1415//1415 1441//1441 1440//1440
f 1420//1420 1442//1442 1417//1417
f 1441//1441 1417//1417 1442//1442
f 1101//1101 1102//1102 1441//1441
f 1442//1442 1101//1101 1441//1441
f 1443//1443 1101//1101 1442//1442
f 1443//1443 1442//1442 1420//1420
f 1101//1101 1443//1443 1095//1095
f 1443//1443 1444//1444 1095//1095
f 1445//1445 1095//1095 1444//1444
f 1095//1095 1445//1445 1093//1093
f 1446//1446 1444//1444 1443//1443
f 1423//1423 1443//1443 1420//1420
f 1426//1426 1446//1446 1423//1423
f 1443//1443 1423//1423 1446//1446
f 1091//1091 1093//1093 1445//1445
f 1449//1449 1448//1448 1447//1447
f 1445//1445 1449//1449 1447//1447
f 1450//1450 1445//1445 1444//1444
f 1426//1426 1450//1450 1446//1446
f 1446//1446 1450//1450 1444//1444
f 1451//1451 1445//1445 1450//1450
f 1449//1449 1445//1445 1451//1451
f 1448//1448 1452//1452 1447//1447
f 1451//1451 1448//1448 1449//1449
f 1452//1452 1218//1218 745//745
f 1218//1218 1448//1448 1215//1215
f 1216//1216 1215//1215 1448//1448
f 1216//1216 1448//1448 1451//1451
f 1453//1453 1216//1216 1451//1451
f 1454//1454 1451//1451 1450//1450
f 1428//1428 1454//1454 1426//1426
f 1454//1454 1450//1450 1426//1426
f 1451//1451 1454//1454 1453//1453
f 1062//1062 1216//1216 1081//1081
f 1455//1455 1081//1081 1453//1453
f 1081//1081 1216//1216 1453//1453
f 1453//1453 1454//1454 1455//1455
f 1456//1456 1455//1455 1454//1454
f 1456//1456 1454//1454 1428//1428
f 1432//1432 1456//1456 1428//1428
f 1455//1455 1082//1082 1081//1081
f 1456//1456 1086//1086 1455//1455
f 1086//1086 1082//1082 1455//1455
f 1084//1084 1086//1086 1432//1432
f 1086//1086 1456//1456 1432//1432
f 1432//1432 1430//1430 1084//1084
f 1088//1088 1084//1084 1430//1430
f 1088//1088 1430//1430 1071//1071
f 755//755 1452//1452 745//745
f 1448//1448 1218//1218 1452//1452
f 1435//1435 719//719 1080//1080
f 719//719 745//745 1218//1218
f 1106//1106 1110//1110 1437//1437
f 1447//1447 1091//1091 1445//1445
f 1447//1447 1090//1090 1091//1091
f 1452//1452 1090//1090 1447//1447
f 1452//1452 755//755 1090//1090
f 1110//1110 1162//1162 721//721
f 721//721 1162//1162 758//758
f 1110//1110 1163//1163 1162//1162
f 758//758 1162//1162 1165//1165
f 758//758 1165//1165 761//761
f 1165//1165 1457//1457 761//761
f 1252//1252 1458//1458 1165//1165
f 1164//1164 1252//1252 1165//1165
f 1252//1252 1459//1459 1458//1458
f 1251//1251 1459//1459 1252//1252
f 1462//1462 1463//1463 1461//1461
f 1460//1460 1251//1251 1464//1464
f 1465//1465 1463//1463 1462//1462
f 1256//1256 1107//1107 1466//1466
f 1464//1464 1465//1465 1460//1460
f 1107//1107 1465//1465 1464//1464
f 1109//1109 1108//1108 1464//1464
f 1109//1109 1464//1464 1164//1164
f 1464//1464 1251//1251 1164//1164
f 1163//1163 1110//1110 1109//1109
f 761//761 1467//1467 778//778
f 778//778 1467//1467 1469//1469
f 1467//1467 1468//1468 1469//1469
f 1457//1457 1467//1467 761//761
f 1468//1468 1470//1470 1469//1469
f 1471//1471 1470//1470 1468//1468
f 1457//1457 1468//1468 1467//1467
f 1472//1472 1468//1468 1457//1457
f 1458//1458 1472//1472 1165//1165
f 1468//1468 1474//1474 1473//1473
f 1261//1261 1471//1471 1473//1473
f 1468//1468 1473//1473 1471//1471
f 1458//1458 1474//1474 1472//1472
f 1165//1165 1472//1472 1457//1457
f 1472//1472 1474//1474 1468//1468
f 1458//1458 1459//1459 1474//1474
f 1251//1251 1460//1460 1462//1462
f 1475//1475 1476//1476 1459//1459
f 1459//1459 1251//1251 1475//1475
f 1477//1477 1476//1476 1475//1475
f 1462//1462 1478//1478 1477//1477
f 1462//1462 1461//1461 1478//1478
f 1475//1475 1251//1251 1462//1462
f 1477//1477 1475//1475 1462//1462
f 1256//1256 1255//1255 1463//1463
f 1460//1460 1465//1465 1462//1462
f 1479//1479 1480//1480 1461//1461
f 1463//1463 1255//1255 1461//1461
f 1463//1463 1465//1465 1256//1256
f 1480//1480 1479//1479 1481//1481
f 1255//1255 1479//1479 1461//1461
f 1121//1121 1479//1479 1255//1255
f 1480//1480 1482//1482 1269//1269
f 1121//1121 1257//1257 1479//1479
f 1481//1481 1479//1479 1257//1257
f 1481//1481 1482//1482 1480//1480
f 1482//1482 1481//1481 1483//1483
f 1482//1482 1483//1483 1264//1264
f 1257//1257 1483//1483 1481//1481
f 1483//1483 1201//1201 1484//1484
f 1257//1257 1122//1122 1141//1141
f 1235//1235 1484//1484 1201//1201
f 1484//1484 1235//1235 1485//1485
f 1483//1483 1257//1257 1201//1201
f 1123//1123 1119//1119 1466//1466
f 1119//1119 1121//1121 1466//1466
f 1121//1121 1256//1256 1466//1466
f 1123//1123 1466//1466 1486//1486
f 1487//1487 1486//1486 1466//1466
f 1489//1489 1490//1490 1488//1488
f 1491//1491 1492//1492 1487//1487
f 1487//1487 1489//1489 1488//1488
f 1487//1487 1492//1492 1486//1486
f 1466//1466 1103//1103 1487//1487
f 1491//1491 1487//1487 1488//1488
f 1103//1103 1100//1100 1489//1489
f 1489//1489 1100//1100 1490//1490
f 1103//1103 1489//1489 1487//1487
f 1466//1466 1105//1105 1103//1103
f 1107//1107 1105//1105 1466//1466
f 1108//1108 1107//1107 1464//1464
f 1465//1465 1107//1107 1256//1256
f 1490//1490 1094//1094 1493//1493
f 1094//1094 1490//1490 1100//1100
f 1092//1092 1089//1089 1493//1493
f 1092//1092 1493//1493 1094//1094
f 1493//1493 1089//1089 1494//1494
f 1238//1238 459//459 778//778
f 1495//1495 1238//1238 778//778
f 1469//1469 1496//1496 1495//1495
f 778//778 1469//1469 1495//1495
f 1498//1498 1235//1235 1497//1497
f 1495//1495 1496//1496 1498//1498
f 1498//1498 1497//1497 1495//1495
f 1485//1485 1498//1498 1496//1496
f 1201//1201 1257//1257 1141//1141
f 1485//1485 1235//1235 1498//1498
f 1485//1485 1499//1499 1484//1484
f 1484//1484 1499//1499 1264//1264
f 1483//1483 1484//1484 1264//1264
f 1471//1471 1499//1499 1485//1485
f 1469//1469 1470//1470 1496//1496
f 1496//1496 1471//1471 1485//1485
f 1470//1470 1471//1471 1496//1496
f 1499//1499 1261//1261 1264//1264
f 1264//1264 1263//1263 1482//1482
f 1499//1499 1471//1471 1261//1261
f 1500//1500 1258//1258 1261//1261
f 1473//1473 1500//1500 1261//1261
f 1473//1473 1266//1266 1500//1500
f 1266//1266 1501//1501 1500//1500
f 1265//1265 1501//1501 1266//1266
f 1474//1474 1266//1266 1473//1473
f 1267//1267 1266//1266 1502//1502
f 1476//1476 1474//1474 1459//1459
f 1502//1502 1266//1266 1474//1474
f 1502//1502 1477//1477 1268//1268
f 1477//1477 1478//1478 1268//1268
f 1265//1265 1502//1502 1268//1268
f 1502//1502 1474//1474 1476//1476
f 1476//1476 1477//1477 1502//1502
f 1478//1478 1269//1269 1268//1268
f 1478//1478 1461//1461 1269//1269
f 1269//1269 1482//1482 1263//1263
f 1263//1263 1262//1262 1269//1269
f 1461//1461 1480//1480 1269//1269
f 1265//1265 1267//1267 1502//1502
f 1259//1259 1501//1501 1265//1265
f 1258//1258 1501//1501 1259//1259
f 1500//1500 1501//1501 1258//1258
f 1497//1497 1238//1238 1495//1495
f 1235//1235 1200//1200 1497//1497
f 1237//1237 1238//1238 1497//1497
f 1200//1200 1237//1237 1497//1497
f 1237//1237 1202//1202 1144//1144
f 1200//1200 1202//1202 1237//1237
f 1117//1117 1503//1503 1199//1199
f 1504//1504 1503//1503 1123//1123
f 1117//1117 1124//1124 1503//1503
f 1123//1123 1503//1503 1124//1124
f 1492//1492 1504//1504 1486//1486
f 1123//1123 1486//1486 1504//1504
f 1492//1492 1506//1506 1505//1505
f 1505//1505 1506//1506 1507//1507
f 1249//1249 1248//1248 1507//1507
f 1506//1506 1249//1249 1507//1507
f 1508//1508 1507//1507 1248//1248
f 1509//1509 1247//1247 1249//1249
f 1510//1510 1506//1506 1491//1491
f 1249//1249 1506//1506 1510//1510
f 1510//1510 1511//1511 1509//1509
f 1509//1509 1513//1513 1512//1512
f 1247//1247 1509//1509 1512//1512
f 1512//1512 1250//1250 1247//1247
f 1511//1511 1515//1515 1514//1514
f 1514//1514 1513//1513 1509//1509
f 1511//1511 1493//1493 1515//1515
f 1510//1510 1488//1488 1511//1511
f 1249//1249 1510//1510 1509//1509
f 808//808 1515//1515 1494//1494
f 1493//1493 1494//1494 1515//1515
f 1490//1490 1493//1493 1488//1488
f 1491//1491 1506//1506 1492//1492
f 1491//1491 1488//1488 1510//1510
f 1488//1488 1493//1493 1511//1511
f 1089//1089 777//777 1494//1494
f 809//809 1514//1514 1515//1515
f 809//809 1515//1515 808//808
f 807//807 808//808 1494//1494
f 777//777 807//807 1494//1494
f 1516//1516 1512//1512 1513//1513
f 1511//1511 1514//1514 1509//1509
f 1517//1517 1514//1514 809//809
f 1517//1517 809//809 835//835
f 1517//1517 1516//1516 1513//1513
f 1514//1514 1517//1517 1513//1513
f 1517//1517 835//835 1516//1516
f 1516//1516 1518//1518 1512//1512
f 835//835 1518//1518 1516//1516
f 1238//1238 1236//1236 459//459
f 456//456 460//460 1137//1137
f 1137//1137 460//460 1236//1236
f 1135//1135 1239//1239 456//456
f 1240//1240 1135//1135 1196//1196
f 1239//1239 1135//1135 1240//1240
f 1240//1240 839//839 465//465
f 1240//1240 1519//1519 839//839
f 1153//1153 1519//1519 1240//1240
f 1153//1153 1196//1196 1189//1189
f 1196//1196 1153//1153 1240//1240
f 1135//1135 1137//1137 1136//1136
f 1144//1144 1134//1134 1236//1236
f 1178//1178 1197//1197 1097//1097
f 1520//1520 1197//1197 1198//1198
f 1160//1160 1097//1097 1520//1520
f 1199//1199 1503//1503 1198//1198
f 1097//1097 1197//1197 1520//1520
f 1503//1503 1520//1520 1198//1198
f 1492//1492 1521//1521 1504//1504
f 1503//1503 1504//1504 1521//1521
f 1521//1521 1520//1520 1503//1503
f 1520//1520 1521//1521 1160//1160
f 1492//1492 1505//1505 1521//1521
f 1507//1507 1508//1508 1521//1521
f 1505//1505 1507//1507 1521//1521
f 1521//1521 1508//1508 1160//1160
f 1160//1160 1508//1508 1522//1522
f 1522//1522 1245//1245 1523//1523
f 1524//1524 1160//1160 1522//1522
f 1525//1525 1160//1160 1524//1524
f 1245//1245 1526//1526 1523//1523
f 1523//1523 1526//1526 1524//1524
f 1522//1522 1508//1508 1248//1248
f 1248//1248 1245//1245 1522//1522
f 1526//1526 1525//1525 1524//1524
f 1208//1208 1525//1525 1526//1526
f 1207//1207 1526//1526 1245//1245
f 1208//1208 1526//1526 1207//1207
f 1243//1243 1527//1527 1244//1244
f 1211//1211 1246//1246 1243//1243
f 1246//1246 1250//1250 1243//1243
f 1211//1211 1244//1244 1206//1206
f 1518//1518 835//835 1529//1529
f 837//837 1527//1527 1529//1529
f 1243//1243 1529//1529 1527//1527
f 1243//1243 1250//1250 1528//1528
f 1512//1512 1528//1528 1250//1250
f 1528//1528 1518//1518 1529//1529
f 1512//1512 1518//1518 1528//1528
f 835//835 837//837 1529//1529
f 1243//1243 1528//1528 1529//1529
f 855//855 1530//1530 837//837
f 1530//1530 1527//1527 837//837
f 855//855 469//469 1531//1531
f 1530//1530 855//855 1532//1532
f 1532//1532 1244//1244 1530//1530
f 1532//1532 855//855 1531//1531
f 1533//1533 1244//1244 1532//1532
f 1531//1531 1533//1533 1532//1532
f 839//839 1534//1534 838//838
f 1159//1159 359//359 838//838
f 1534//1534 1159//1159 838//838
f 1519//1519 1153//1153 1534//1534
f 839//839 1519//1519 1534//1534
f 1159//1159 1534//1534 1153//1153
f 1153//1153 1189//1189 1179//1179
f 1153//1153 1179//1179 1154//1154
f 1154//1154 1097//1097 1096//1096
f 1097//1097 1160//1160 1098//1098
f 1161//1161 1535//1535 1098//1098
f 1525//1525 1161//1161 1160//1160
f 1523//1523 1524//1524 1522//1522
f 1535//1535 1210//1210 1204//1204
f 1161//1161 1525//1525 1535//1535
f 1208//1208 1210//1210 1525//1525
f 1210//1210 1535//1535 1525//1525
f 1533//1533 1209//1209 1206//1206
f 1244//1244 1533//1533 1206//1206
f 1527//1527 1530//1530 1244//1244
f 1533//1533 1242//1242 1209//1209
f 1241//1241 1205//1205 1209//1209
f 1241//1241 1209//1209 1242//1242
f 466//466 1242//1242 469//469
f 1242//1242 1533//1533 1531//1531
f 1242//1242 1531//1531 469//469
f 1153//1153 1152//1152 1159//1159
f 1099//1099 1156//1156 1155//1155
f 1158//1158 1155//1155 1156//1156
f 1099//1099 1536//1536 1156//1156
f 1535//1535 1099//1099 1098//1098
f 1204//1204 1099//1099 1535//1535
f 1204//1204 1536//1536 1099//1099
f 1203//1203 1536//1536 1204//1204
f 1156//1156 1536//1536 477//477
f 1203//1203 424//424 1536//1536
f 424//424 477//477 1536//1536
f 1537//1537 1538//1538 1539//1539
f 1541//1541 1542//1542 1540//1540
f 1544//1544 1545//1545 1543//1543
f 1547//1547 1546//1546 1548//1548
f 1550//1550 1546//1546 1549//1549
f 1545//1545 1550//1550 1549//1549
f 1543//1543 1545//1545 1549//1549
f 1539//1539 1553//1553 1537//1537
f 1554//1554 1539//1539 1538//1538
f 1553//1553 1551//1551 1537//1537
f 1552//1552 1554//1554 1555//1555
f 1558//1558 1559//1559 1557//1557
f 1562//1562 1561//1561 1560//1560
f 1563//1563 1561//1561 1562//1562
f 1557//1557 1560//1560 1561//1561
f 1561//1561 1558//1558 1557//1557
f 1564//1564 1540//1540 1542//1542
f 1540//1540 1565//1565 1541//1541
f 1543//1543 1567//1567 1544//1544
f 1546//1546 1547//1547 1549//1549
f 1547//1547 1543//1543 1549//1549
f 1547//1547 1567//1567 1543//1543
f 1567//1567 1547//1547 1548//1548
f 1548//1548 1544//1544 1567//1567
f 1556//1556 1551//1551 1552//1552
f 1552//1552 1555//1555 1556//1556
f 1556//1556 1538//1538 1537//1537
f 1555//1555 1538//1538 1556//1556
f 1538//1538 1555//1555 1554//1554
f 1556//1556 1537//1537 1551//1551
f 1568//1568 1557//1557 1559//1559
f 1569//1569 1562//1562 1560//1560
f 1562//1562 1569//1569 1563//1563
f 1569//1569 1560//1560 1557//1557
f 1568//1568 1569//1569 1557//1557
f 1569//1569 1568//1568 1563//1563
f 1559//1559 1563//1563 1568//1568
f 1566//1566 1570//1570 1571//1571
f 1570//1570 1572//1572 1571//1571
f 1542//1542 1572//1572 1564//1564
f 1542//1542 1571//1571 1572//1572
f 1541//1541 1571//1571 1542//1542
f 1541//1541 1565//1565 1571//1571
f 1564//1564 1572//1572 1570//1570
f 1565//1565 1566//1566 1571//1571
f 1573//1573 1574//1574 1069//1069
f 1573//1573 1069//1069 1068//1068
f 1575//1575 1576//1576 1577//1577
f 1576//1576 1578//1578 1579//1579
f 1577//1577 1576//1576 1579//1579
f 1575//1575 1580//1580 1576//1576
f 1576//1576 1573//1573 1578//1578
f 1580//1580 1573//1573 1576//1576
f 1580//1580 1581//1581 1573//1573
f 1583//1583 1581//1581 1582//1582
f 1581//1581 1583//1583 1573//1573
f 1582//1582 1581//1581 1584//1584
f 1584//1584 1580//1580 1575//1575
f 1581//1581 1580//1580 1584//1584
f 1586//1586 1582//1582 1584//1584
f 1582//1582 1586//1586 1585//1585
f 1585//1585 1586//1586 1587//1587
f 1587//1587 1584//1584 1575//1575
f 1586//1586 1584//1584 1587//1587
f 1577//1577 1585//1585 1587//1587
f 1585//1585 1577//1577 1579//1579
f 1577//1577 1587//1587 1575//1575
f 1590//1590 1588//1588 1589//1589
f 1592//1592 1591//1591 1593//1593
f 1595//1595 1591//1591 1594//1594
f 1596//1596 1595//1595 1594//1594
f 1588//1588 1595//1595 1596//1596
f 1589//1589 1597//1597 1590//1590
f 1591//1591 1592//1592 1594//1594
f 1592//1592 1598//1598 1594//1594
f 1598//1598 1592//1592 1593//1593
f 1594//1594 1598//1598 1596//1596
f 1598//1598 1597//1597 1596//1596
f 1597//1597 1598//1598 1590//1590
f 1593//1593 1590//1590 1598//1598
f 1596//1596 1589//1589 1588//1588
f 1596//1596 1597//1597 1589//1589
f 1599//1599 1600//1600 1601//1601
f 1603//1603 1604//1604 1602//1602
f 1600//1600 1603//1603 1602//1602
f 1600//1600 1602//1602 1601//1601
f 1604//1604 1603//1603 1605//1605
f 1602//1602 1604//1604 1606//1606
f 1607//1607 1602//1602 1606//1606
f 1608//1608 1602//1602 1607//1607
f 1609//1609 1601//1601 1608//1608
f 1601//1601 1602//1602 1608//1608
f 1609//1609 1610//1610 1601//1601
f 1610//1610 1611//1611 1601//1601
f 1612//1612 1599//1599 1611//1611
f 1599//1599 1601//1601 1611//1611
f 1613//1613 1599//1599 1612//1612
f 1613//1613 1614//1614 1599//1599
f 1600//1600 1599//1599 1614//1614
f 1614//1614 1615//1615 1600//1600
f 1615//1615 1616//1616 1600//1600
f 1605//1605 1603//1603 1616//1616
f 1603//1603 1600//1600 1616//1616
f 1618//1618 1604//1604 1617//1617
f 1604//1604 1605//1605 1617//1617
f 1618//1618 1619//1619 1604//1604
f 1606//1606 1604//1604 1619//1619
f 1607//1607 1606//1606 1619//1619
f 1620//1620 1608//1608 1607//1607
f 1621//1621 1609//1609 1620//1620
f 1609//1609 1608//1608 1620//1620
f 1621//1621 1610//1610 1609//1609
f 1622//1622 1613//1613 1612//1612
f 1622//1622 1623//1623 1613//1613
f 1614//1614 1613//1613 1623//1623
f 1623//1623 1615//1615 1614//1614
f 1624//1624 1616//1616 1615//1615
f 1624//1624 1617//1617 1616//1616
f 1605//1605 1616//1616 1617//1617
f 1623//1623 1625//1625 1615//1615
f 1627//1627 1621//1621 1620//1620
f 1628//1628 1610//1610 1621//1621
f 1629//1629 1607//1607 1619//1619
f 1628//1628 1621//1621 1630//1630
f 1621//1621 1631//1631 1630//1630
f 1621//1621 1627//1627 1631//1631
f 1632//1632 1633//1633 1629//1629
f 1633//1633 1607//1607 1629//1629
f 1633//1633 1620//1620 1607//1607
f 1627//1627 1620//1620 1633//1633
f 1611//1611 1634//1634 1612//1612
f 1634//1634 1635//1635 1612//1612
f 1610//1610 1628//1628 1611//1611
f 1628//1628 1634//1634 1611//1611
f 1636//1636 1612//1612 1635//1635
f 1637//1637 1612//1612 1636//1636
f 1622//1622 1612//1612 1637//1637
f 1637//1637 1626//1626 1622//1622
f 1626//1626 1623//1623 1622//1622
f 1624//1624 1639//1639 1638//1638
f 1639//1639 1624//1624 1625//1625
f 1615//1615 1625//1625 1624//1624
f 1579//1579 1578//1578 1074//1074
f 1068//1068 1074//1074 1578//1578
f 1640//1640 1579//1579 1076//1076
f 1074//1074 1076//1076 1579//1579
f 1640//1640 1076//1076 1078//1078
f 1578//1578 1573//1573 1068//1068
f 1078//1078 1641//1641 1640//1640
f 1641//1641 1078//1078 1642//1642
f 1064//1064 1642//1642 1078//1078
f 1642//1642 1064//1064 1643//1643
f 1063//1063 1643//1643 1064//1064
f 1643//1643 1063//1063 1083//1083
f 1085//1085 1644//1644 1083//1083
f 1085//1085 1087//1087 1644//1644
f 1087//1087 1645//1645 1644//1644
f 1087//1087 1070//1070 1645//1645
f 1070//1070 1069//1069 1645//1645
f 1593//1593 1647//1647 1646//1646
f 1590//1590 1593//1593 1646//1646
f 1648//1648 1647//1647 1591//1591
f 1593//1593 1591//1591 1647//1647
f 1650//1650 1590//1590 1649//1649
f 1649//1649 1590//1590 1626//1626
f 1626//1626 1590//1590 1646//1646
f 1652//1652 1653//1653 1651//1651
f 1651//1651 1653//1653 1648//1648
f 1653//1653 1647//1647 1648//1648
f 1649//1649 1637//1637 1654//1654
f 1654//1654 1650//1650 1649//1649
f 1626//1626 1637//1637 1649//1649
f 1656//1656 1635//1635 1655//1655
f 1635//1635 1634//1634 1655//1655
f 1655//1655 1634//1634 1657//1657
f 1630//1630 1657//1657 1634//1634
f 1628//1628 1630//1630 1634//1634
f 1658//1658 1659//1659 1660//1660
f 1659//1659 1661//1661 1660//1660
f 1660//1660 1662//1662 1658//1658
f 1630//1630 1658//1658 1662//1662
f 1662//1662 1657//1657 1630//1630
f 1664//1664 1665//1665 1663//1663
f 1666//1666 1667//1667 1663//1663
f 1667//1667 1664//1664 1663//1663
f 1667//1667 1661//1661 1668//1668
f 1661//1661 1667//1667 1666//1666
f 1661//1661 1659//1659 1668//1668
f 1637//1637 1636//1636 1669//1669
f 1656//1656 1669//1669 1636//1636
f 1636//1636 1635//1635 1656//1656
f 1654//1654 1637//1637 1669//1669
f 1652//1652 1665//1665 1670//1670
f 1665//1665 1664//1664 1670//1670
f 1650//1650 1588//1588 1590//1590
f 1671//1671 1650//1650 1654//1654
f 1672//1672 1650//1650 1671//1671
f 1648//1648 1591//1591 1595//1595
f 1641//1641 1673//1673 1671//1671
f 1642//1642 1674//1674 1673//1673
f 1673//1673 1641//1641 1642//1642
f 1595//1595 1588//1588 1674//1674
f 1672//1672 1674//1674 1588//1588
f 1588//1588 1650//1650 1672//1672
f 1674//1674 1672//1672 1673//1673
f 1673//1673 1672//1672 1671//1671
f 1595//1595 1642//1642 1648//1648
f 1595//1595 1674//1674 1642//1642
f 1573//1573 1583//1583 1574//1574
f 1582//1582 1574//1574 1583//1583
f 1675//1675 1676//1676 1561//1561
f 1676//1676 1558//1558 1561//1561
f 1675//1675 1561//1561 1677//1677
f 1561//1561 1563//1563 1677//1677
f 1554//1554 1552//1552 1678//1678
f 1679//1679 1554//1554 1678//1678
f 1680//1680 1554//1554 1679//1679
f 1679//1679 1678//1678 1546//1546
f 1548//1548 1546//1546 1678//1678
f 1679//1679 1546//1546 1681//1681
f 1550//1550 1681//1681 1546//1546
f 1545//1545 1681//1681 1550//1550
f 1682//1682 1683//1683 1540//1540
f 1565//1565 1540//1540 1683//1683
f 1682//1682 1540//1540 1551//1551
f 1564//1564 1551//1551 1540//1540
f 1564//1564 1570//1570 1551//1551
f 1682//1682 1551//1551 1553//1553
f 1682//1682 1553//1553 1680//1680
f 1553//1553 1539//1539 1680//1680
f 1539//1539 1554//1554 1680//1680
f 1685//1685 1686//1686 1684//1684
f 1687//1687 1681//1681 1686//1686
f 1686//1686 1685//1685 1687//1687
f 1688//1688 1687//1687 1685//1685
f 1689//1689 1690//1690 1647//1647
f 1691//1691 1647//1647 1690//1690
f 1647//1647 1691//1691 1688//1688
f 1623//1623 1684//1684 1625//1625
f 1694//1694 1693//1693 1692//1692
f 1676//1676 1694//1694 1692//1692
f 1666//1666 1660//1660 1661//1661
f 1695//1695 1658//1658 1693//1693
f 1658//1658 1695//1695 1659//1659
f 1630//1630 1631//1631 1658//1658
f 1631//1631 1692//1692 1658//1658
f 1692//1692 1693//1693 1658//1658
f 1627//1627 1692//1692 1631//1631
f 1667//1667 1697//1697 1664//1664
f 1697//1697 1696//1696 1664//1664
f 1697//1697 1667//1667 1698//1698
f 1668//1668 1698//1698 1667//1667
f 1698//1698 1668//1668 1695//1695
f 1659//1659 1695//1695 1668//1668
f 1697//1697 1698//1698 1699//1699
f 1695//1695 1700//1700 1698//1698
f 1700//1700 1699//1699 1698//1698
f 1675//1675 1683//1683 1699//1699
f 1700//1700 1675//1675 1699//1699
f 1700//1700 1701//1701 1675//1675
f 1701//1701 1676//1676 1675//1675
f 1695//1695 1701//1701 1700//1700
f 1694//1694 1676//1676 1701//1701
f 1695//1695 1693//1693 1701//1701
f 1693//1693 1694//1694 1701//1701
f 1632//1632 1558//1558 1676//1676
f 1676//1676 1692//1692 1632//1632
f 1692//1692 1633//1633 1632//1632
f 1692//1692 1627//1627 1633//1633
f 1677//1677 1565//1565 1675//1675
f 1565//1565 1683//1683 1675//1675
f 1702//1702 1681//1681 1545//1545
f 1545//1545 1638//1638 1702//1702
f 1681//1681 1702//1702 1686//1686
f 1639//1639 1686//1686 1702//1702
f 1702//1702 1638//1638 1639//1639
f 1686//1686 1639//1639 1684//1684
f 1625//1625 1684//1684 1639//1639
f 1681//1681 1691//1691 1679//1679
f 1687//1687 1691//1691 1681//1681
f 1687//1687 1688//1688 1691//1691
f 1691//1691 1703//1703 1679//1679
f 1690//1690 1670//1670 1691//1691
f 1670//1670 1703//1703 1691//1691
f 1703//1703 1680//1680 1679//1679
f 1670//1670 1690//1690 1652//1652
f 1689//1689 1652//1652 1690//1690
f 1652//1652 1689//1689 1653//1653
f 1647//1647 1653//1653 1689//1689
f 1670//1670 1664//1664 1704//1704
f 1664//1664 1696//1696 1704//1704
f 1665//1665 1652//1652 1705//1705
f 1651//1651 1705//1705 1652//1652
f 1670//1670 1704//1704 1703//1703
f 1706//1706 1703//1703 1704//1704
f 1696//1696 1706//1706 1704//1704
f 1706//1706 1680//1680 1703//1703
f 1682//1682 1680//1680 1706//1706
f 1706//1706 1699//1699 1682//1682
f 1699//1699 1683//1683 1682//1682
f 1696//1696 1699//1699 1706//1706
f 1696//1696 1697//1697 1699//1699
f 1626//1626 1646//1646 1623//1623
f 1685//1685 1623//1623 1646//1646
f 1646//1646 1647//1647 1685//1685
f 1688//1688 1685//1685 1647//1647
f 1623//1623 1685//1685 1684//1684
f 1648//1648 1642//1642 1651//1651
f 1655//1655 1574//1574 1656//1656
f 1657//1657 1574//1574 1655//1655
f 1645//1645 1660//1660 1707//1707
f 1660//1660 1666//1666 1707//1707
f 1640//1640 1671//1671 1579//1579
f 1671//1671 1640//1640 1641//1641
f 1645//1645 1069//1069 1660//1660
f 1662//1662 1660//1660 1069//1069
f 1069//1069 1574//1574 1662//1662
f 1657//1657 1662//1662 1574//1574
f 1644//1644 1708//1708 1083//1083
f 1708//1708 1709//1709 1083//1083
f 1645//1645 1707//1707 1644//1644
f 1707//1707 1708//1708 1644//1644
f 1708//1708 1663//1663 1709//1709
f 1663//1663 1665//1665 1709//1709
f 1707//1707 1666//1666 1708//1708
f 1666//1666 1663//1663 1708//1708
f 1669//1669 1656//1656 1585//1585
f 1582//1582 1585//1585 1656//1656
f 1574//1574 1582//1582 1656//1656
f 1585//1585 1579//1579 1669//1669
f 1669//1669 1579//1579 1654//1654
f 1671//1671 1654//1654 1579//1579
f 1705//1705 1709//1709 1665//1665
f 1705//1705 1643//1643 1709//1709
f 1643//1643 1083//1083 1709//1709
f 1705//1705 1651//1651 1643//1643
f 1642//1642 1643//1643 1651//1651
f 1711//1711 1638//1638 1710//1710
f 1624//1624 1638//1638 1711//1711
f 1712//1712 1629//1629 1619//1619
f 1714//1714 1712//1712 1713//1713
f 1714//1714 1629//1629 1712//1712
f 1714//1714 1632//1632 1629//1629
f 1714//1714 1558//1558 1632//1632
f 1712//1712 1715//1715 1713//1713
f 1715//1715 1619//1619 1618//1618
f 1619//1619 1715//1715 1712//1712
f 1716//1716 1711//1711 1710//1710
f 1711//1711 1617//1617 1624//1624
f 1715//1715 1717//1717 1713//1713
f 1718//1718 1715//1715 1618//1618
f 1715//1715 1718//1718 1717//1717
f 1718//1718 1618//1618 1617//1617
f 1711//1711 1718//1718 1617//1617
f 1717//1717 1711//1711 1716//1716
f 1711//1711 1717//1717 1718//1718
f 1566//1566 1714//1714 1713//1713
f 1558//1558 1566//1566 1559//1559
f 1558//1558 1714//1714 1566//1566
f 1563//1563 1566//1566 1677//1677
f 1566//1566 1563//1563 1559//1559
f 1710//1710 1548//1548 1678//1678
f 1710//1710 1544//1544 1548//1548
f 1544//1544 1710//1710 1545//1545
f 1570//1570 1719//1719 1551//1551
f 1719//1719 1566//1566 1713//1713
f 1566//1566 1719//1719 1570//1570
f 1552//1552 1719//1719 1716//1716
f 1719//1719 1552//1552 1551//1551
f 1677//1677 1566//1566 1565//1565
f 1552//1552 1710//1710 1678//1678
f 1710//1710 1552//1552 1716//1716
f 1545//1545 1710//1710 1638//1638
f 1717//1717 1719//1719 1713//1713
f 1719//1719 1717//1717 1716//1716
f 885//885 886//886 883//883
f 884//884 881//881 883//883
f 883//883 886//886 884//884
f 884//884 886//886 627//627
f 886//886 885//885 624//624
f 627//627 886//886 624//624
f 890//890 887//887 882//882
f 889//889 890//890 882//882
f 890//890 885//885 883//883
f 887//887 890//890 883//883
f 888//888 624//624 885//885
f 885//885 890//890 888//888
f 889//889 503//503 888//888
f 888//888 890//890 889//889
f 891//891 883//883 881//881
f 887//887 891//891 882//882
f 891//891 887//887 883//883
f 335//335 334//334 329//329
f 330//330 335//335 329//329
f 327//327 330//330 78//78
f 328//328 336//336 327//327
f 337//337 336//336 328//328
f 326//326 337//337 328//328
f 338//338 337//337 326//326
f 47//47 338//338 326//326
f 339//339 338//338 47//47
f 46//46 339//339 47//47
f 340//340 339//339 46//46
f 145//145 340//340 46//46
f 341//341 340//340 145//145
f 331//331 341//341 145//145
f 342//342 341//341 331//331
f 325//325 342//342 331//331
f 343//343 342//342 325//325
f 323//323 343//343 325//325
f 344//344 343//343 323//323
f 324//324 344//344 323//323
f 345//345 344//344 324//324
f 333//333 345//345 324//324
f 346//346 345//345 333//333
f 332//332 346//346 333//333
f 334//334 346//346 332//332
f 329//329 334//334 332//332
f 323//323 190//190 12//12
f 12//12 324//324 323//323
f 325//325 331//331 36//36
f 325//325 36//36 190//190
f 190//190 323//323 325//325
f 331//331 145//145 36//36
f 47//47 326//326 50//50
f 74//74 102//102 328//328
f 328//328 327//327 74//74
f 102//102 50//50 326//326
f 326//326 328//328 102//102
f 110//110 329//329 109//109
f 330//330 329//329 110//110
f 330//330 110//110 78//78
f 78//78 74//74 327//327
f 171//171 332//332 172//172
f 332//332 333//333 172//172
f 329//329 332//332 171//171
f 109//109 329//329 171//171
f 333//333 28//28 172//172
f 324//324 12//12 28//28
f 28//28 333//333 324//324
f 243//243 240//240 266//266
f 194//194 195//195 261//261
f 159//159 256//256 219//219
f 223//223 227//227 253//253
f 223//223 259//259 231//231
f 259//259 159//159 231//231
f 159//159 219//219 231//231
f 263//263 266//266 240//240
f 266//266 257//257 243//243
f 236//236 263//263 240//240
f 257//257 238//238 247//247
f 250//250 130//130 206//206
f 248//248 210//210 208//208
f 248//248 214//214 210//210
f 208//208 215//215 248//248
f 130//130 248//248 215//215
f 215//215 206//206 130//130
f 136//136 261//261 195//195
f 233//233 219//219 256//256
f 227//227 223//223 231//231
f 219//219 227//227 231//231
f 233//233 227//227 219//219
f 227//227 233//233 253//253
f 256//256 253//253 233//233
f 236//236 245//245 238//238
f 247//247 238//238 245//245
f 243//243 245//245 240//240
f 243//243 247//247 245//245
f 247//247 243//243 257//257
f 240//240 245//245 236//236
f 206//206 217//217 250//250
f 210//210 211//211 208//208
f 211//211 210//210 214//214
f 208//208 211//211 215//215
f 211//211 217//217 215//215
f 217//217 211//211 214//214
f 215//215 217//217 206//206
f 214//214 250//250 217//217
f 201//201 136//136 199//199
f 198//198 201//201 199//199
f 198//198 194//194 261//261
f 199//199 194//194 198//198
f 199//199 195//195 194//194
f 198//198 261//261 201//201
f 136//136 195//195 199//199
f 299//299 298//298 295//295
f 278//278 301//301 294//294
f 301//301 299//299 294//294
f 294//294 299//299 295//295
f 301//301 278//278 291//291
f 278//278 294//294 280//280
f 294//294 85//85 280//280
f 294//294 282//282 85//85
f 295//295 284//284 282//282
f 294//294 295//295 282//282
f 59//59 284//284 295//295
f 298//298 285//285 59//59
f 295//295 298//298 59//59
f 298//298 146//146 285//285
f 33//33 146//146 298//298
f 298//298 299//299 33//33
f 288//288 33//33 299//299
f 289//289 288//288 299//299
f 301//301 291//291 289//289
f 299//299 301//301 289//289
f 278//278 137//137 188//188
f 291//291 278//278 188//188
f 82//82 137//137 278//278
f 278//278 280//280 82//82
f 280//280 85//85 82//82
f 282//282 53//53 85//85
f 284//284 57//57 53//53
f 282//282 284//284 53//53
f 59//59 57//57 284//284
f 285//285 141//141 140//140
f 59//59 285//285 140//140
f 285//285 146//146 141//141
f 33//33 288//288 8//8
f 289//289 6//6 8//8
f 288//288 289//289 8//8
f 188//188 6//6 289//289
f 289//289 291//291 188//188
f 33//33 8//8 35//35
f 35//35 36//36 33//33
f 57//57 54//54 53//53
f 59//59 50//50 57//57
f 85//85 89//89 82//82
f 57//57 50//50 102//102
f 104//104 57//57 102//102
f 54//54 57//57 104//104
f 132//132 87//87 89//89
f 85//85 132//132 89//89
f 53//53 132//132 85//85
f 53//53 54//54 132//132
f 47//47 140//140 141//141
f 46//46 47//47 141//141
f 50//50 59//59 140//140
f 47//47 50//50 140//140
f 141//141 145//145 46//46
f 141//141 146//146 145//145
f 36//36 145//145 146//146
f 33//33 36//36 146//146
f 164//164 6//6 1//1
f 6//6 164//164 8//8
f 67//67 123//123 248//248
f 130//130 67//67 248//248
f 248//248 123//123 133//133
f 214//214 248//248 133//133
f 238//238 257//257 150//150
f 257//257 153//153 150//150
f 257//257 155//155 153//153
f 150//150 153//153 223//223
f 223//223 253//253 150//150
f 223//223 153//153 17//17
f 17//17 259//259 223//223
f 17//17 159//159 259//259
f 125//125 181//181 261//261
f 261//261 136//136 125//125
f 261//261 181//181 183//183
f 183//183 201//201 261//261
f 183//183 181//181 263//263
f 263//263 236//236 183//183
f 263//263 181//181 155//155
f 266//266 263//263 155//155
f 257//257 266//266 155//155
f 15//15 23//23 20//20
f 17//17 24//24 15//15
f 23//23 15//15 24//24
f 24//24 27//27 23//23
f 12//12 30//30 28//28
f 12//12 27//27 30//30
f 24//24 30//30 27//27
f 20//20 35//35 8//8
f 62//62 65//65 61//61
f 65//65 67//67 61//61
f 75//75 77//77 62//62
f 74//74 78//78 75//75
f 77//77 75//75 78//78
f 78//78 80//80 77//77
f 104//104 102//102 74//74
f 75//75 104//104 74//74
f 61//61 104//104 75//75
f 62//62 61//61 75//75
f 61//61 54//54 104//104
f 114//114 110//110 109//109
f 112//112 114//114 109//109
f 110//110 114//114 116//116
f 110//110 116//116 80//80
f 80//80 78//78 110//110
f 116//116 114//114 120//120
f 121//121 80//80 116//116
f 120//120 121//121 116//116
f 125//125 123//123 120//120
f 123//123 121//121 120//120
f 127//127 121//121 123//123
f 67//67 127//127 123//123
f 77//77 80//80 121//121
f 127//127 77//77 121//121
f 67//67 65//65 127//127
f 62//62 77//77 127//127
f 65//65 62//62 127//127
f 130//130 87//87 67//67
f 61//61 67//67 87//87
f 132//132 61//61 87//87
f 54//54 61//61 132//132
f 136//136 133//133 123//123
f 125//125 136//136 123//123
f 17//17 161//161 159//159
f 1//1 159//159 161//161
f 161//161 17//17 15//15
f 15//15 164//164 161//161
f 1//1 161//161 164//164
f 164//164 15//15 20//20
f 20//20 8//8 164//164
f 24//24 17//17 153//153
f 166//166 24//24 153//153
f 30//30 24//24 166//166
f 168//168 166//166 153//153
f 169//169 30//30 166//166
f 168//168 169//169 166//166
f 155//155 168//168 153//153
f 171//171 172//172 169//169
f 30//30 169//169 172//172
f 172//172 28//28 30//30
f 174//174 171//171 169//169
f 109//109 171//171 174//174
f 112//112 109//109 174//174
f 174//174 169//169 168//168
f 168//168 178//178 174//174
f 179//179 112//112 174//174
f 178//178 179//179 174//174
f 155//155 178//178 168//168
f 181//181 179//179 178//178
f 155//155 181//181 178//178
f 120//120 179//179 181//181
f 125//125 120//120 181//181
f 120//120 112//112 179//179
f 114//114 112//112 120//120
f 190//190 36//36 35//35
f 35//35 191//191 190//190
f 12//12 190//190 191//191
f 191//191 27//27 12//12
f 191//191 35//35 20//20
f 20//20 23//23 191//191
f 23//23 27//27 191//191
f 308//308 306//306 3//3
f 6//6 308//308 1//1
f 308//308 6//6 306//306
f 89//89 310//310 82//82
f 310//310 312//312 83//83
f 89//89 312//312 310//310
f 87//87 312//312 89//89
f 130//130 312//312 87//87
f 313//313 310//310 83//83
f 82//82 313//313 137//137
f 313//313 82//82 310//310
f 315//315 306//306 188//188
f 306//306 149//149 3//3
f 315//315 149//149 306//306
f 188//188 306//306 6//6
f 186//186 313//313 83//83
f 313//313 316//316 137//137
f 316//316 313//313 186//186
f 137//137 316//316 188//188
f 316//316 315//315 188//188
f 315//315 186//186 149//149
f 186//186 315//315 316//316
f 312//312 318//318 83//83
f 250//250 312//312 130//130
f 312//312 250//250 318//318
f 318//318 214//214 133//133
f 214//214 318//318 250//250
f 150//150 319//319 238//238
f 253//253 3//3 150//150
f 320//320 3//3 253//253
f 256//256 320//320 253//253
f 320//320 256//256 159//159
f 322//322 201//201 183//183
f 318//318 322//322 83//83
f 322//322 136//136 201//201
f 318//318 136//136 322//322
f 322//322 319//319 149//149
f 238//238 322//322 236//236
f 322//322 238//238 319//319
f 236//236 322//322 183//183
f 318//318 133//133 136//136
f 3//3 319//319 150//150
f 319//319 3//3 149//149
f 320//320 308//308 3//3
f 308//308 159//159 1//1
f 320//320 159//159 308//308
f 322//322 186//186 83//83
f 186//186 322//322 149//149
f 339//339 340//340 510//510
f 338//338 339//339 510//510
f 337//337 338//338 504//504
f 330//330 327//327 506//506
f 335//335 330//330 506//506
f 343//343 344//344 342//342
f 340//340 341//341 510//510
f 341//341 342//342 511//511
f 510//510 341//341 511//511
f 334//334 509//509 346//346
f 345//345 346//346 509//509
f 874//874 873//873 431//431
f 874//874 432//432 436//436
f 100//100 875//875 703//703
f 880//880 100//100 703//703
f 704//704 880//880 703//703
f 875//875 707//707 657//657
f 703//703 875//875 657//657
f 875//875 708//708 707//707
f 708//708 876//876 711//711
f 876//876 712//712 711//711
f 876//876 877//877 712//712
f 712//712 877//877 713//713
f 877//877 874//874 437//437
f 437//437 874//874 436//436
f 713//713 877//877 437//437
f 98//98 750//750 435//435
f 751//751 878//878 752//752
f 98//98 878//878 750//750
f 750//750 878//878 751//751
f 878//878 879//879 752//752
f 879//879 753//753 752//752
f 879//879 880//880 704//704
f 753//753 879//879 704//704
f 873//873 98//98 431//431
f 777//777 755//755 776//776
f 755//755 754//754 776//776
f 775//775 776//776 738//738
f 754//754 738//738 776//776
f 774//774 775//775 734//734
f 775//775 738//738 734//734
f 774//774 734//734 732//732
f 861//861 842//842 865//865
f 860//860 861//861 865//865
f 731//731 773//773 732//732
f 774//774 732//732 773//773
f 772//772 773//773 728//728
f 773//773 731//731 728//728
f 771//771 772//772 727//727
f 772//772 728//728 727//727
f 757//757 771//771 724//724
f 771//771 727//727 724//724
f 757//757 724//724 770//770
f 483//483 484//484 724//724
f 770//770 724//724 484//484
f 428//428 425//425 426//426
f 583//583 581//581 584//584
f 453//453 583//583 454//454
f 583//583 584//584 454//454
f 625//625 626//626 454//454
f 453//453 454//454 626//626
f 627//627 665//665 625//625
f 626//626 625//625 665//665
f 871//871 396//396 406//406
f 870//870 871//871 412//412
f 871//871 870//870 396//396
f 871//871 872//872 797//797
f 872//872 871//871 406//406
f 866//866 384//384 387//387
f 385//385 866//866 372//372
f 866//866 385//385 384//384
f 866//866 376//376 372//372
f 376//376 866//866 386//386
f 384//384 400//400 387//387
f 400//400 867//867 387//387
f 867//867 400//400 411//411
f 387//387 868//868 413//413
f 868//868 387//387 401//401
f 386//386 387//387 413//413
f 386//386 866//866 387//387
f 387//387 867//867 401//401
f 383//383 382//382 384//384
f 385//385 383//383 384//384
f 398//398 399//399 381//381
f 381//381 399//399 382//382
f 382//382 869//869 400//400
f 869//869 399//399 398//398
f 399//399 869//869 382//382
f 384//384 382//382 400//400
f 869//869 458//458 400//400
f 458//458 411//411 400//400
f 690//690 651//651 645//645
f 650//650 651//651 690//690
f 595//595 558//558 592//592
f 351//351 865//865 841//841
f 841//841 865//865 368//368
f 350//350 865//865 351//351
f 860//860 865//865 350//350
f 356//356 348//348 353//353
f 862//862 844//844 861//861
f 480//480 481//481 756//756
f 482//482 480//480 756//756
f 350//350 347//347 348//348
f 349//349 347//347 350//350
f 348//348 347//347 352//352
f 353//353 352//352 354//354
f 353//353 348//348 352//352
f 355//355 353//353 354//354
f 357//357 356//356 355//355
f 362//362 360//360 358//358
f 358//358 360//360 359//359
f 360//360 363//363 359//359
f 364//364 349//349 361//361
f 360//360 361//361 363//363
f 361//361 349//349 363//363
f 351//351 363//363 349//349
f 349//349 350//350 351//351
f 365//365 347//347 364//364
f 347//347 349//349 364//364
f 354//354 352//352 347//347
f 361//361 365//365 364//364
f 366//366 365//365 362//362
f 362//362 361//361 360//360
f 347//347 365//365 354//354
f 358//358 366//366 362//362
f 361//361 362//362 365//365
f 365//365 358//358 354//354
f 365//365 366//366 358//358
f 358//358 355//355 354//354
f 355//355 358//358 357//357
f 353//353 355//355 356//356
f 368//368 842//842 367//367
f 842//842 369//369 367//367
f 368//368 367//367 370//370
f 373//373 372//372 371//371
f 371//371 374//374 373//373
f 375//375 371//371 372//372
f 376//376 375//375 372//372
f 378//378 377//377 373//373
f 374//374 378//378 373//373
f 378//378 379//379 377//377
f 379//379 380//380 377//377
f 379//379 381//381 380//380
f 381//381 382//382 380//380
f 382//382 383//383 380//380
f 370//370 367//367 388//388
f 388//388 375//375 370//370
f 374//374 371//371 388//388
f 375//375 388//388 371//371
f 389//389 370//370 375//375
f 386//386 389//389 375//375
f 376//376 386//386 375//375
f 390//390 388//388 367//367
f 391//391 390//390 367//367
f 390//390 374//374 388//388
f 392//392 390//390 391//391
f 393//393 392//392 391//391
f 392//392 374//374 390//390
f 394//394 392//392 393//393
f 395//395 394//394 393//393
f 394//394 374//374 392//392
f 378//378 374//374 394//394
f 396//396 394//394 395//395
f 379//379 378//378 394//394
f 397//397 394//394 396//396
f 397//397 379//379 394//394
f 381//381 397//397 398//398
f 381//381 379//379 397//397
f 386//386 413//413 402//402
f 402//402 389//389 386//386
f 391//391 367//367 369//369
f 403//403 391//391 369//369
f 393//393 391//391 403//403
f 404//404 393//393 403//403
f 395//395 393//393 404//404
f 405//405 395//395 404//404
f 406//406 395//395 405//405
f 395//395 406//406 396//396
f 870//870 407//407 397//397
f 397//397 396//396 870//870
f 398//398 397//397 407//407
f 398//398 408//408 409//409
f 398//398 409//409 410//410
f 410//410 458//458 869//869
f 869//869 398//398 410//410
f 416//416 415//415 414//414
f 419//419 417//417 418//418
f 420//420 417//417 419//419
f 420//420 419//419 421//421
f 420//420 421//421 415//415
f 416//416 420//420 415//415
f 422//422 416//416 414//414
f 417//417 423//423 418//418
f 422//422 414//414 424//424
f 429//429 575//575 427//427
f 426//426 429//429 427//427
f 428//428 426//426 427//427
f 430//430 428//428 427//427
f 431//431 432//432 874//874
f 431//431 436//436 432//432
f 434//434 433//433 431//431
f 98//98 435//435 431//431
f 438//438 437//437 436//436
f 436//436 433//433 438//438
f 433//433 439//439 438//438
f 431//431 433//433 436//436
f 442//442 441//441 440//440
f 444//444 441//441 443//443
f 444//444 445//445 441//441
f 443//443 441//441 442//442
f 446//446 440//440 553//553
f 445//445 440//440 441//441
f 447//447 444//444 571//571
f 447//447 445//445 444//444
f 571//571 444//444 443//443
f 445//445 449//449 448//448
f 448//448 440//440 445//445
f 447//447 450//450 445//445
f 450//450 451//451 445//445
f 626//626 452//452 588//588
f 409//409 408//408 455//455
f 867//867 411//411 401//401
f 456//456 413//413 401//401
f 401//401 411//411 457//457
f 460//460 457//457 459//459
f 462//462 457//457 461//461
f 458//458 461//461 457//457
f 465//465 464//464 463//463
f 465//465 463//463 456//456
f 466//466 416//416 422//422
f 466//466 467//467 416//416
f 466//466 468//468 467//467
f 423//423 471//471 470//470
f 418//418 423//423 472//472
f 423//423 473//473 472//472
f 824//824 475//475 474//474
f 476//476 474//474 473//473
f 475//475 472//472 473//473
f 475//475 473//473 474//474
f 477//477 356//356 357//357
f 480//480 479//479 478//478
f 484//484 481//481 480//480
f 487//487 486//486 485//485
f 412//412 489//489 488//488
f 870//870 412//412 491//491
f 491//491 407//407 870//870
f 493//493 492//492 816//816
f 494//494 493//493 816//816
f 495//495 492//492 493//493
f 496//496 495//495 493//493
f 494//494 496//496 493//493
f 794//794 496//496 494//494
f 499//499 500//500 498//498
f 502//502 501//501 495//495
f 495//495 501//501 498//498
f 495//495 498//498 492//492
f 505//505 336//336 504//504
f 344//344 508//508 507//507
f 509//509 344//344 345//345
f 512//512 508//508 344//344
f 511//511 342//342 507//507
f 342//342 344//344 507//507
f 509//509 513//513 512//512
f 516//516 515//515 514//514
f 514//514 518//518 511//511
f 511//511 507//507 514//514
f 515//515 518//518 514//514
f 515//515 517//517 518//518
f 510//510 518//518 519//519
f 521//521 520//520 518//518
f 518//518 510//510 511//511
f 520//520 522//522 519//519
f 522//522 504//504 338//338
f 524//524 523//523 520//520
f 524//524 525//525 523//523
f 338//338 510//510 519//519
f 522//522 338//338 519//519
f 523//523 522//522 520//520
f 504//504 522//522 523//523
f 526//526 504//504 523//523
f 336//336 337//337 504//504
f 526//526 505//505 504//504
f 505//505 526//526 527//527
f 529//529 528//528 527//527
f 336//336 505//505 327//327
f 527//527 506//506 505//505
f 530//530 335//335 506//506
f 506//506 327//327 505//505
f 530//530 506//506 531//531
f 334//334 335//335 530//530
f 533//533 532//532 531//531
f 532//532 530//530 531//531
f 532//532 534//534 530//530
f 534//534 334//334 530//530
f 509//509 334//334 534//534
f 532//532 513//513 534//534
f 513//513 509//509 534//534
f 509//509 512//512 344//344
f 535//535 532//532 533//533
f 536//536 535//535 533//533
f 532//532 537//537 513//513
f 513//513 538//538 508//508
f 513//513 537//537 538//538
f 426//426 538//538 537//537
f 539//539 537//537 535//535
f 537//537 532//532 535//535
f 536//536 540//540 535//535
f 540//540 539//539 535//535
f 540//540 449//449 541//541
f 541//541 539//539 540//540
f 537//537 542//542 429//429
f 426//426 537//537 429//429
f 542//542 539//539 541//541
f 543//543 516//516 425//425
f 425//425 538//538 426//426
f 516//516 508//508 538//538
f 513//513 508//508 512//512
f 516//516 507//507 508//508
f 544//544 543//543 425//425
f 544//544 545//545 543//543
f 516//516 538//538 425//425
f 514//514 507//507 516//516
f 516//516 543//543 545//545
f 515//515 516//516 545//545
f 546//546 547//547 545//545
f 544//544 546//546 545//545
f 549//549 548//548 521//521
f 549//549 547//547 546//546
f 515//515 545//545 547//547
f 547//547 517//517 515//515
f 518//518 517//517 521//521
f 521//521 517//517 547//547
f 521//521 548//548 555//555
f 549//549 521//521 547//547
f 520//520 519//519 518//518
f 520//520 521//521 555//555
f 524//524 520//520 555//555
f 524//524 555//555 525//525
f 523//523 525//525 526//526
f 526//526 525//525 550//550
f 550//550 551//551 529//529
f 552//552 529//529 551//551
f 551//551 446//446 553//553
f 529//529 526//526 550//550
f 529//529 527//527 526//526
f 552//552 528//528 529//529
f 551//551 553//553 552//552
f 536//536 552//552 553//553
f 448//448 553//553 440//440
f 528//528 506//506 527//527
f 531//531 528//528 552//552
f 448//448 536//536 553//553
f 536//536 448//448 449//449
f 540//540 536//536 449//449
f 536//536 531//531 552//552
f 533//533 531//531 536//536
f 531//531 506//506 528//528
f 554//554 525//525 555//555
f 554//554 556//556 550//550
f 525//525 554//554 550//550
f 555//555 557//557 554//554
f 551//551 550//550 556//556
f 446//446 551//551 442//442
f 442//442 551//551 556//556
f 554//554 557//557 561//561
f 559//559 558//558 556//556
f 556//556 554//554 559//559
f 559//559 554//554 561//561
f 446//446 442//442 440//440
f 560//560 443//443 442//442
f 442//442 556//556 558//558
f 560//560 442//442 558//558
f 559//559 561//561 562//562
f 564//564 443//443 560//560
f 563//563 559//559 562//562
f 563//563 558//558 559//559
f 566//566 565//565 564//564
f 567//567 443//443 564//564
f 567//567 564//564 565//565
f 570//570 565//565 568//568
f 565//565 570//570 567//567
f 565//565 566//566 568//568
f 570//570 572//572 567//567
f 572//572 573//573 571//571
f 572//572 571//571 567//567
f 571//571 443//443 567//567
f 450//450 571//571 575//575
f 429//429 450//450 575//575
f 571//571 450//450 447//447
f 541//541 451//451 542//542
f 451//451 450//450 429//429
f 451//451 541//541 445//445
f 542//542 451//451 429//429
f 542//542 537//537 539//539
f 445//445 541//541 449//449
f 577//577 574//574 576//576
f 578//578 576//576 574//574
f 578//578 579//579 576//576
f 574//574 577//577 575//575
f 575//575 573//573 574//574
f 573//573 575//575 571//571
f 580//580 427//427 429//429
f 429//429 575//575 580//580
f 577//577 580//580 575//575
f 577//577 430//430 580//580
f 580//580 430//430 427//427
f 582//582 549//549 581//581
f 549//549 546//546 581//581
f 585//585 581//581 583//583
f 585//585 586//586 582//582
f 581//581 585//585 582//582
f 561//561 557//557 586//586
f 586//586 585//585 561//561
f 549//549 582//582 586//586
f 586//586 548//548 549//549
f 548//548 586//586 557//557
f 555//555 548//548 557//557
f 585//585 583//583 453//453
f 585//585 453//453 561//561
f 587//587 562//562 561//561
f 561//561 453//453 587//587
f 587//587 453//453 588//588
f 453//453 626//626 588//588
f 589//589 563//563 562//562
f 562//562 587//587 589//589
f 588//588 452//452 589//589
f 589//589 587//587 588//588
f 591//591 452//452 590//590
f 591//591 589//589 452//452
f 591//591 592//592 563//563
f 589//589 591//591 563//563
f 592//592 591//591 590//590
f 486//486 487//487 593//593
f 592//592 590//590 593//593
f 594//594 486//486 590//590
f 487//487 592//592 593//593
f 560//560 558//558 595//595
f 558//558 563//563 592//592
f 560//560 595//595 598//598
f 598//598 597//597 560//560
f 598//598 599//599 597//597
f 566//566 564//564 560//560
f 566//566 560//560 597//597
f 600//600 569//569 599//599
f 599//599 569//569 566//566
f 597//597 599//599 566//566
f 601//601 600//600 599//599
f 603//603 602//602 600//600
f 605//605 568//568 602//602
f 568//568 569//569 602//602
f 606//606 607//607 600//600
f 600//600 607//607 603//603
f 605//605 602//602 608//608
f 602//602 603//603 608//608
f 569//569 600//600 602//602
f 569//569 568//568 566//566
f 611//611 610//610 609//609
f 568//568 605//605 609//609
f 605//605 611//611 609//609
f 610//610 613//613 612//612
f 614//614 570//570 568//568
f 615//615 613//613 610//610
f 609//609 610//610 612//612
f 568//568 612//612 614//614
f 617//617 616//616 612//612
f 617//617 612//612 613//613
f 618//618 573//573 572//572
f 570//570 618//618 572//572
f 616//616 618//618 614//614
f 570//570 614//614 618//618
f 616//616 614//614 612//612
f 579//579 616//616 620//620
f 621//621 620//620 617//617
f 620//620 621//621 622//622
f 618//618 574//574 573//573
f 618//618 578//578 574//574
f 579//579 578//578 616//616
f 620//620 616//616 617//617
f 618//618 616//616 578//578
f 623//623 626//626 665//665
f 624//624 623//623 665//665
f 590//590 452//452 594//594
f 452//452 623//623 594//594
f 623//623 452//452 626//626
f 623//623 624//624 594//594
f 486//486 593//593 590//590
f 594//594 503//503 486//486
f 888//888 503//503 594//594
f 624//624 888//888 594//594
f 486//486 503//503 485//485
f 485//485 628//628 487//487
f 487//487 628//628 592//592
f 630//630 629//629 628//628
f 628//628 629//629 592//592
f 596//596 629//629 630//630
f 667//667 596//596 630//630
f 596//596 592//592 629//629
f 595//595 592//592 596//596
f 596//596 598//598 595//595
f 598//598 596//596 631//631
f 599//599 598//598 632//632
f 670//670 632//632 631//631
f 670//670 631//631 667//667
f 596//596 667//667 631//631
f 598//598 631//631 632//632
f 633//633 632//632 670//670
f 634//634 604//604 633//633
f 604//604 601//601 633//633
f 601//601 632//632 633//633
f 601//601 599//599 632//632
f 635//635 634//634 633//633
f 636//636 606//606 639//639
f 637//637 606//606 634//634
f 633//633 671//671 635//635
f 601//601 604//604 600//600
f 606//606 600//600 604//604
f 606//606 604//604 634//634
f 638//638 637//637 635//635
f 640//640 639//639 638//638
f 635//635 637//637 634//634
f 640//640 641//641 639//639
f 643//643 642//642 641//641
f 642//642 639//639 641//641
f 644//644 642//642 643//643
f 606//606 637//637 639//639
f 646//646 636//636 642//642
f 636//636 639//639 642//642
f 647//647 644//644 643//643
f 644//644 646//646 642//642
f 645//645 636//636 646//646
f 648//648 646//646 644//644
f 651//651 649//649 645//645
f 645//645 607//607 636//636
f 606//606 636//636 607//607
f 649//649 607//607 645//645
f 651//651 608//608 649//649
f 649//649 603//603 607//607
f 603//603 649//649 608//608
f 652//652 608//608 651//651
f 611//611 608//608 652//652
f 611//611 605//605 608//608
f 653//653 611//611 652//652
f 615//615 611//611 655//655
f 611//611 654//654 655//655
f 615//615 610//610 611//611
f 657//657 656//656 654//654
f 619//619 613//613 658//658
f 615//615 655//655 658//658
f 656//656 655//655 654//654
f 657//657 659//659 656//656
f 613//613 615//615 658//658
f 660//660 658//658 656//656
f 661//661 660//660 656//656
f 619//619 658//658 660//660
f 568//568 609//609 612//612
f 660//660 663//663 619//619
f 661//661 662//662 663//663
f 660//660 661//661 663//663
f 619//619 617//617 613//613
f 617//617 619//619 621//621
f 622//622 619//619 663//663
f 622//622 621//621 619//619
f 663//663 662//662 664//664
f 664//664 622//622 663//663
f 622//622 664//664 620//620
f 627//627 624//624 665//665
f 666//666 630//630 485//485
f 630//630 628//628 485//485
f 668//668 667//667 666//666
f 667//667 630//630 666//666
f 670//670 667//667 668//668
f 669//669 670//670 668//668
f 671//671 669//669 668//668
f 672//672 638//638 671//671
f 670//670 669//669 633//633
f 671//671 638//638 635//635
f 669//669 671//671 633//633
f 640//640 638//638 672//672
f 638//638 639//639 637//637
f 672//672 673//673 640//640
f 640//640 673//673 641//641
f 673//673 643//643 641//641
f 674//674 673//673 672//672
f 643//643 674//674 675//675
f 675//675 674//674 672//672
f 643//643 673//673 674//674
f 677//677 676//676 675//675
f 676//676 643//643 675//675
f 678//678 676//676 677//677
f 676//676 679//679 647//647
f 643//643 676//676 647//647
f 678//678 680//680 676//676
f 681//681 647//647 679//679
f 682//682 683//683 681//681
f 681//681 644//644 647//647
f 644//644 681//681 683//683
f 648//648 644//644 683//683
f 685//685 684//684 683//683
f 682//682 686//686 683//683
f 687//687 645//645 646//646
f 646//646 648//648 687//687
f 684//684 648//648 683//683
f 685//685 683//683 686//686
f 688//688 685//685 686//686
f 684//684 687//687 648//648
f 684//684 690//690 687//687
f 687//687 690//690 645//645
f 689//689 684//684 685//685
f 689//689 690//690 684//684
f 691//691 650//650 689//689
f 689//689 685//685 691//691
f 685//685 688//688 692//692
f 691//691 685//685 692//692
f 690//690 689//689 650//650
f 692//692 693//693 691//691
f 691//691 693//693 650//650
f 693//693 694//694 650//650
f 651//651 694//694 653//653
f 693//693 692//692 695//695
f 697//697 696//696 694//694
f 694//694 693//693 697//697
f 693//693 695//695 698//698
f 697//697 693//693 698//698
f 651//651 650//650 694//694
f 652//652 651//651 653//653
f 699//699 654//654 611//611
f 611//611 653//653 699//699
f 653//653 694//694 696//696
f 699//699 653//653 696//696
f 697//697 698//698 700//700
f 697//697 701//701 696//696
f 701//701 697//697 705//705
f 705//705 697//697 700//700
f 699//699 696//696 701//701
f 701//701 702//702 699//699
f 702//702 657//657 654//654
f 699//699 702//702 654//654
f 657//657 702//702 703//703
f 705//705 704//704 701//701
f 704//704 703//703 701//701
f 705//705 700//700 706//706
f 703//703 702//702 701//701
f 707//707 659//659 657//657
f 659//659 709//709 656//656
f 656//656 658//658 655//655
f 709//709 659//659 707//707
f 708//708 710//710 707//707
f 710//710 709//709 707//707
f 661//661 656//656 709//709
f 709//709 710//710 661//661
f 710//710 711//711 662//662
f 661//661 710//710 662//662
f 711//711 710//710 708//708
f 712//712 662//662 711//711
f 438//438 439//439 437//437
f 437//437 714//714 713//713
f 439//439 715//715 437//437
f 712//712 713//713 714//714
f 714//714 716//716 712//712
f 712//712 716//716 662//662
f 718//718 717//717 714//714
f 717//717 716//716 714//714
f 719//719 718//718 715//715
f 718//718 714//714 715//715
f 718//718 720//720 717//717
f 717//717 664//664 662//662
f 716//716 717//717 662//662
f 664//664 717//717 720//720
f 721//721 677//677 675//675
f 483//483 678//678 721//721
f 678//678 677//677 721//721
f 483//483 680//680 678//678
f 680//680 679//679 676//676
f 680//680 483//483 722//722
f 724//724 723//723 722//722
f 723//723 680//680 722//722
f 723//723 681//681 679//679
f 680//680 723//723 679//679
f 723//723 725//725 682//682
f 681//681 723//723 682//682
f 726//726 725//725 724//724
f 725//725 723//723 724//724
f 726//726 686//686 725//725
f 682//682 725//725 686//686
f 726//726 724//724 727//727
f 728//728 726//726 727//727
f 728//728 729//729 726//726
f 686//686 729//729 688//688
f 729//729 686//686 726//726
f 730//730 692//692 688//688
f 688//688 729//729 730//730
f 728//728 731//731 729//729
f 731//731 730//730 729//729
f 731//731 733//733 730//730
f 730//730 733//733 692//692
f 733//733 731//731 732//732
f 735//735 733//733 732//732
f 732//732 736//736 735//735
f 736//736 732//732 734//734
f 735//735 737//737 733//733
f 733//733 695//695 692//692
f 737//737 698//698 695//695
f 695//695 733//733 737//737
f 734//734 738//738 736//736
f 740//740 741//741 739//739
f 741//741 736//736 739//739
f 736//736 742//742 735//735
f 742//742 698//698 737//737
f 742//742 737//737 735//735
f 736//736 743//743 742//742
f 736//736 741//741 743//743
f 744//744 740//740 739//739
f 740//740 743//743 741//741
f 439//439 744//744 745//745
f 740//740 439//439 433//433
f 433//433 434//434 740//740
f 740//740 434//434 743//743
f 434//434 746//746 743//743
f 743//743 747//747 742//742
f 747//747 700//700 698//698
f 742//742 747//747 698//698
f 747//747 743//743 746//746
f 434//434 431//431 435//435
f 435//435 748//748 746//746
f 434//434 435//435 746//746
f 747//747 746//746 748//748
f 748//748 749//749 747//747
f 747//747 749//749 700//700
f 749//749 706//706 700//700
f 750//750 748//748 435//435
f 751//751 749//749 748//748
f 750//750 751//751 748//748
f 751//751 752//752 706//706
f 749//749 751//751 706//706
f 705//705 706//706 752//752
f 752//752 753//753 705//705
f 705//705 753//753 704//704
f 744//744 755//755 745//745
f 439//439 740//740 744//744
f 715//715 714//714 437//437
f 745//745 719//719 439//439
f 439//439 719//719 715//715
f 483//483 724//724 722//722
f 738//738 739//739 736//736
f 754//754 739//739 738//738
f 754//754 744//744 739//739
f 755//755 744//744 754//754
f 756//756 483//483 721//721
f 756//756 721//721 758//758
f 481//481 483//483 756//756
f 756//756 758//758 482//482
f 482//482 758//758 761//761
f 760//760 482//482 761//761
f 762//762 479//479 482//482
f 479//479 480//480 482//482
f 763//763 479//479 762//762
f 763//763 478//478 479//479
f 767//767 766//766 765//765
f 478//478 764//764 768//768
f 767//767 769//769 766//766
f 757//757 489//489 490//490
f 769//769 768//768 764//764
f 769//769 757//757 768//768
f 770//770 484//484 768//768
f 768//768 484//484 480//480
f 478//478 768//768 480//480
f 483//483 481//481 484//484
f 779//779 761//761 778//778
f 779//779 778//778 781//781
f 780//780 779//779 781//781
f 779//779 760//760 761//761
f 782//782 780//780 781//781
f 782//782 783//783 780//780
f 780//780 760//760 779//779
f 780//780 759//759 760//760
f 759//759 762//762 482//482
f 785//785 780//780 784//784
f 783//783 494//494 784//784
f 784//784 780//780 783//783
f 785//785 762//762 759//759
f 759//759 482//482 760//760
f 785//785 759//759 780//780
f 763//763 762//762 785//785
f 764//764 478//478 766//766
f 787//787 786//786 763//763
f 478//478 763//763 786//786
f 787//787 817//817 786//786
f 788//788 766//766 817//817
f 765//765 766//766 788//788
f 478//478 786//786 766//766
f 786//786 817//817 766//766
f 488//488 489//489 767//767
f 769//769 764//764 766//766
f 790//790 789//789 765//765
f 488//488 767//767 765//765
f 769//769 767//767 489//489
f 789//789 790//790 791//791
f 789//789 488//488 765//765
f 789//789 412//412 488//488
f 792//792 790//790 502//502
f 491//491 412//412 789//789
f 789//789 791//791 491//491
f 792//792 791//791 790//790
f 791//791 792//792 793//793
f 793//793 792//792 794//794
f 793//793 491//491 791//791
f 408//408 793//793 795//795
f 407//407 491//491 398//398
f 795//795 455//455 408//408
f 455//455 795//795 796//796
f 491//491 793//793 408//408
f 871//871 797//797 490//490
f 412//412 871//871 490//490
f 489//489 412//412 490//490
f 490//490 797//797 798//798
f 798//798 799//799 490//490
f 802//802 801//801 800//800
f 804//804 803//803 799//799
f 801//801 799//799 800//800
f 804//804 799//799 798//798
f 772//772 490//490 799//799
f 799//799 803//803 800//800
f 773//773 772//772 801//801
f 773//773 801//801 802//802
f 801//801 772//772 799//799
f 771//771 490//490 772//772
f 771//771 757//757 490//490
f 757//757 770//770 768//768
f 757//757 769//769 489//489
f 774//774 802//802 805//805
f 802//802 774//774 773//773
f 776//776 775//775 805//805
f 805//805 775//775 774//774
f 776//776 805//805 806//806
f 459//459 462//462 778//778
f 462//462 810//810 778//778
f 811//811 781//781 810//810
f 781//781 778//778 810//810
f 455//455 813//813 812//812
f 811//811 810//810 813//813
f 812//812 813//813 810//810
f 813//813 796//796 811//811
f 491//491 408//408 398//398
f 455//455 796//796 813//813
f 814//814 796//796 795//795
f 814//814 795//795 794//794
f 795//795 793//793 794//794
f 814//814 783//783 796//796
f 782//782 781//781 811//811
f 783//783 811//811 796//796
f 783//783 782//782 811//811
f 494//494 814//814 794//794
f 496//496 794//794 792//792
f 783//783 814//814 494//494
f 816//816 815//815 494//494
f 815//815 784//784 494//494
f 500//500 784//784 815//815
f 497//497 500//500 815//815
f 497//497 498//498 500//500
f 500//500 785//785 784//784
f 500//500 499//499 818//818
f 785//785 787//787 763//763
f 500//500 818//818 785//785
f 817//817 818//818 501//501
f 788//788 817//817 501//501
f 818//818 498//498 501//501
f 785//785 818//818 787//787
f 817//817 787//787 818//818
f 502//502 788//788 501//501
f 765//765 788//788 502//502
f 792//792 502//502 496//496
f 495//495 496//496 502//502
f 790//790 765//765 502//502
f 499//499 498//498 818//818
f 497//497 492//492 498//498
f 497//497 816//816 492//492
f 497//497 815//815 816//816
f 462//462 812//812 810//810
f 409//409 455//455 812//812
f 462//462 461//461 812//812
f 461//461 409//409 812//812
f 410//410 461//461 458//458
f 410//410 409//409 461//461
f 819//819 406//406 405//405
f 819//819 820//820 797//797
f 872//872 406//406 819//819
f 819//819 797//797 872//872
f 820//820 804//804 798//798
f 798//798 797//797 820//820
f 822//822 804//804 821//821
f 822//822 821//821 823//823
f 475//475 824//824 823//823
f 824//824 822//822 823//823
f 823//823 825//825 475//475
f 474//474 826//826 824//824
f 822//822 827//827 803//803
f 822//822 824//824 827//827
f 828//828 827//827 826//826
f 830//830 826//826 829//829
f 826//826 474//474 829//829
f 476//476 829//829 474//474
f 832//832 828//828 831//831
f 830//830 831//831 826//826
f 805//805 828//828 832//832
f 800//800 827//827 828//828
f 827//827 824//824 826//826
f 832//832 808//808 806//806
f 806//806 805//805 832//832
f 805//805 802//802 800//800
f 822//822 803//803 804//804
f 800//800 803//803 827//827
f 805//805 800//800 828//828
f 777//777 776//776 806//806
f 831//831 809//809 832//832
f 832//832 809//809 808//808
f 808//808 807//807 806//806
f 807//807 777//777 806//806
f 829//829 833//833 830//830
f 831//831 828//828 826//826
f 831//831 834//834 809//809
f 809//809 834//834 835//835
f 833//833 834//834 830//830
f 834//834 831//831 830//830
f 835//835 834//834 833//833
f 836//836 833//833 829//829
f 836//836 835//835 833//833
f 457//457 462//462 459//459
f 460//460 456//456 401//401
f 460//460 401//401 457//457
f 463//463 413//413 456//456
f 413//413 464//464 402//402
f 413//413 463//463 464//464
f 839//839 464//464 465//465
f 840//840 464//464 839//839
f 840//840 841//841 464//464
f 402//402 841//841 389//389
f 841//841 402//402 464//464
f 401//401 413//413 868//868
f 411//411 458//458 457//457
f 403//403 369//369 842//842
f 403//403 843//843 404//404
f 842//842 844//844 843//843
f 819//819 405//405 404//404
f 403//403 842//842 843//843
f 843//843 819//819 404//404
f 845//845 804//804 820//820
f 820//820 819//819 845//845
f 843//843 845//845 819//819
f 845//845 843//843 844//844
f 821//821 804//804 845//845
f 825//825 823//823 845//845
f 823//823 821//821 845//845
f 825//825 845//845 844//844
f 825//825 844//844 846//846
f 472//472 846//846 847//847
f 844//844 848//848 846//846
f 844//844 849//849 848//848
f 850//850 472//472 847//847
f 850//850 847//847 848//848
f 825//825 846//846 475//475
f 472//472 475//475 846//846
f 849//849 850//850 848//848
f 849//849 419//419 850//850
f 850//850 418//418 472//472
f 850//850 419//419 418//418
f 851//851 470//470 471//471
f 473//473 423//423 470//470
f 476//476 473//473 470//470
f 471//471 423//423 417//417
f 835//835 836//836 853//853
f 851//851 837//837 853//853
f 853//853 470//470 851//851
f 476//476 470//470 852//852
f 852//852 829//829 476//476
f 836//836 852//852 853//853
f 836//836 829//829 852//852
f 837//837 835//835 853//853
f 852//852 470//470 853//853
f 854//854 855//855 837//837
f 851//851 854//854 837//837
f 469//469 855//855 857//857
f 855//855 854//854 856//856
f 471//471 856//856 854//854
f 855//855 856//856 857//857
f 471//471 858//858 856//856
f 858//858 857//857 856//856
f 859//859 839//839 838//838
f 359//359 363//363 838//838
f 363//363 859//859 838//838
f 841//841 840//840 859//859
f 840//840 839//839 859//859
f 859//859 363//363 841//841
f 389//389 841//841 370//370
f 370//370 841//841 368//368
f 842//842 368//368 865//865
f 844//844 842//842 861//861
f 863//863 862//862 861//861
f 862//862 849//849 844//844
f 848//848 847//847 846//846
f 421//421 863//863 415//415
f 849//849 862//862 863//863
f 421//421 419//419 849//849
f 863//863 421//421 849//849
f 420//420 858//858 417//417
f 858//858 471//471 417//417
f 854//854 851//851 471//471
f 468//468 858//858 420//420
f 416//416 467//467 420//420
f 420//420 467//467 468//468
f 468//468 466//466 469//469
f 858//858 468//468 857//857
f 857//857 468//468 469//469
f 351//351 841//841 363//363
f 356//356 860//860 350//350
f 350//350 348//348 356//356
f 864//864 860//860 356//356
f 860//860 863//863 861//861
f 860//860 415//415 863//863
f 864//864 415//415 860//860
f 864//864 414//414 415//415
f 864//864 356//356 477//477
f 424//424 414//414 864//864
f 477//477 424//424 864//864
f 242//242 241//241 265//265
f 193//193 196//196 262//262
f 158//158 255//255 220//220
f 224//224 226//226 254//254
f 224//224 260//260 230//230
f 260//260 158//158 230//230
f 158//158 220//220 230//230
f 264//264 265//265 241//241
f 265//265 258//258 242//242
f 237//237 264//264 241//241
f 258//258 239//239 246//246
f 251//251 129//129 205//205
f 249//249 209//209 207//207
f 249//249 213//213 209//209
f 207//207 205//205 249//249
f 129//129 249//249 205//205
f 262//262 202//202 193//193
f 135//135 262//262 196//196
f 234//234 220//220 255//255
f 226//226 224//224 230//230
f 220//220 226//226 230//230
f 234//234 226//226 220//220
f 226//226 234//234 254//254
f 255//255 254//254 234//234
f 237//237 244//244 239//239
f 246//246 239//239 244//244
f 242//242 244//244 241//241
f 242//242 246//246 244//244
f 246//246 242//242 258//258
f 241//241 244//244 237//237
f 205//205 216//216 251//251
f 209//209 212//212 207//207
f 212//212 209//209 213//213
f 207//207 212//212 205//205
f 212//212 216//216 205//205
f 216//216 212//212 213//213
f 213//213 251//251 216//216
f 203//203 204//204 200//200
f 197//197 203//203 200//200
f 197//197 193//193 202//202
f 200//200 193//193 197//197
f 200//200 196//196 193//193
f 135//135 196//196 200//200
f 197//197 202//202 203//203
f 204//204 135//135 200//200
f 44//44 268//268 100//100
f 100//100 268//268 875//875
f 270//270 267//267 269//269
f 91//91 270//270 94//94
f 270//270 269//269 94//94
f 303//303 267//267 270//270
f 268//268 270//270 91//91
f 268//268 303//303 270//270
f 271//271 303//303 268//268
f 271//271 304//304 92//92
f 304//304 271//271 268//268
f 271//271 92//92 272//272
f 303//303 272//272 267//267
f 303//303 271//271 272//272
f 92//92 305//305 272//272
f 305//305 92//92 93//93
f 305//305 93//93 273//273
f 272//272 273//273 267//267
f 272//272 305//305 273//273
f 93//93 269//269 273//273
f 269//269 93//93 94//94
f 273//273 269//269 267//267
f 157//157 221//221 218//218
f 225//225 228//228 252//252
f 225//225 156//156 229//229
f 156//156 235//235 229//229
f 156//156 157//157 235//235
f 222//222 218//218 221//221
f 228//228 225//225 229//229
f 232//232 228//228 229//229
f 228//228 232//232 252//252
f 232//232 229//229 235//235
f 222//222 232//232 235//235
f 232//232 222//222 221//221
f 221//221 252//252 232//232
f 218//218 235//235 157//157
f 222//222 235//235 218//218
f 300//300 297//297 296//296
f 277//277 302//302 293//293
f 302//302 300//300 293//293
f 293//293 300//300 296//296
f 302//302 277//277 292//292
f 277//277 293//293 279//279
f 293//293 86//86 279//279
f 293//293 281//281 86//86
f 296//296 283//283 281//281
f 293//293 296//296 281//281
f 58//58 283//283 296//296
f 139//139 58//58 296//296
f 297//297 142//142 139//139
f 296//296 297//297 139//139
f 297//297 286//286 142//142
f 287//287 286//286 297//297
f 297//297 300//300 287//287
f 7//7 287//287 300//300
f 290//290 7//7 300//300
f 302//302 292//292 290//290
f 300//300 302//302 290//290
f 277//277 138//138 187//187
f 292//292 277//277 187//187
f 81//81 138//138 277//277
f 277//277 279//279 81//81
f 279//279 86//86 81//81
f 281//281 52//52 86//86
f 283//283 56//56 52//52
f 281//281 283//283 52//52
f 58//58 56//56 283//283
f 286//286 147//147 142//142
f 34//34 147//147 286//286
f 286//286 287//287 34//34
f 7//7 34//34 287//287
f 290//290 5//5 7//7
f 187//187 5//5 290//290
f 290//290 292//292 187//187
f 32//32 34//34 7//7
f 56//56 55//55 52//52
f 58//58 51//51 56//56
f 86//86 90//90 81//81
f 56//56 51//51 103//103
f 55//55 56//56 103//103
f 131//131 88//88 90//90
f 86//86 131//131 90//90
f 52//52 131//131 86//86
f 52//52 55//55 131//131
f 48//48 139//139 142//142
f 45//45 48//48 142//142
f 51//51 58//58 139//139
f 48//48 51//51 139//139
f 142//142 143//143 45//45
f 142//142 40//40 143//143
f 142//142 147//147 40//40
f 37//37 40//40 147//147
f 34//34 37//37 147//147
f 163//163 5//5 2//2
f 5//5 163//163 32//32
f 32//32 7//7 5//5
f 91//91 94//94 708//708
f 708//708 875//875 91//91
f 94//94 95//95 876//876
f 876//876 708//708 94//94
f 876//876 95//95 877//877
f 268//268 91//91 875//875
f 96//96 877//877 95//95
f 877//877 96//96 10//10
f 10//10 874//874 877//877
f 874//874 10//10 97//97
f 97//97 873//873 874//874
f 873//873 97//97 98//98
f 99//99 878//878 98//98
f 879//879 878//878 99//99
f 70//70 879//879 99//99
f 880//880 879//879 70//70
f 100//100 880//880 70//70
f 13//13 252//252 189//189
f 252//252 221//221 189//189
f 13//13 11//11 225//225
f 225//225 252//252 13//13
f 221//221 41//41 275//275
f 221//221 275//275 37//37
f 221//221 37//37 189//189
f 274//274 173//173 9//9
f 274//274 9//9 11//11
f 13//13 274//274 11//11
f 40//40 275//275 39//39
f 41//41 39//39 275//275
f 40//40 37//37 275//275
f 45//45 42//42 43//43
f 48//48 45//45 43//43
f 48//48 43//43 49//49
f 49//49 51//51 48//48
f 79//79 73//73 71//71
f 72//72 79//79 71//71
f 101//101 71//71 73//73
f 73//73 103//103 49//49
f 73//73 49//49 101//101
f 51//51 49//49 103//103
f 276//276 108//108 107//107
f 111//111 69//69 107//107
f 108//108 111//111 107//107
f 72//72 69//69 111//111
f 72//72 111//111 118//118
f 79//79 72//72 118//118
f 143//143 40//40 144//144
f 144//144 42//42 143//143
f 45//45 143//143 42//42
f 40//40 39//39 144//144
f 276//276 173//173 170//170
f 108//108 276//276 170//170
f 157//157 41//41 221//221
f 41//41 38//38 39//39
f 41//41 160//160 38//38
f 225//225 11//11 156//156
f 16//16 96//96 38//38
f 19//19 10//10 16//16
f 96//96 16//16 10//10
f 157//157 156//156 19//19
f 19//19 160//160 157//157
f 41//41 157//157 160//160
f 160//160 19//19 16//16
f 160//160 16//16 38//38
f 10//10 156//156 11//11
f 19//19 156//156 10//10
f 304//304 268//268 44//44
f 44//44 92//92 304//304
f 66//66 124//124 249//249
f 129//129 66//66 249//249
f 249//249 124//124 134//134
f 213//213 249//249 134//134
f 239//239 258//258 151//151
f 258//258 152//152 151//151
f 258//258 154//154 152//152
f 151//151 152//152 224//224
f 224//224 254//254 151//151
f 224//224 152//152 18//18
f 18//18 260//260 224//224
f 18//18 158//158 260//260
f 182//182 180//180 262//262
f 262//262 135//135 182//182
f 262//262 180//180 184//184
f 184//184 202//202 262//262
f 203//203 202//202 184//184
f 184//184 180//180 264//264
f 264//264 237//237 184//184
f 264//264 180//180 154//154
f 265//265 264//264 154//154
f 258//258 265//265 154//154
f 14//14 22//22 21//21
f 18//18 25//25 14//14
f 22//22 14//14 25//25
f 25//25 26//26 22//22
f 31//31 29//29 13//13
f 13//13 165//165 31//31
f 165//165 13//13 26//26
f 21//21 34//34 32//32
f 63//63 64//64 60//60
f 64//64 66//66 60//60
f 71//71 69//69 72//72
f 73//73 76//76 63//63
f 76//76 73//73 79//79
f 60//60 103//103 73//73
f 63//63 60//60 73//73
f 60//60 55//55 103//103
f 115//115 111//111 108//108
f 113//113 115//115 108//108
f 111//111 115//115 117//117
f 117//117 118//118 111//111
f 118//118 117//117 76//76
f 76//76 79//79 118//118
f 117//117 115//115 119//119
f 122//122 76//76 117//117
f 119//119 122//122 117//117
f 126//126 124//124 119//119
f 124//124 122//122 119//119
f 128//128 122//122 124//124
f 66//66 128//128 124//124
f 128//128 76//76 122//122
f 66//66 64//64 128//128
f 63//63 76//76 128//128
f 64//64 63//63 128//128
f 129//129 88//88 66//66
f 60//60 66//66 88//88
f 131//131 60//60 88//88
f 55//55 60//60 131//131
f 135//135 134//134 124//124
f 126//126 135//135 124//124
f 18//18 162//162 158//158
f 2//2 158//158 162//162
f 162//162 18//18 14//14
f 14//14 163//163 162//162
f 2//2 162//162 163//163
f 163//163 14//14 21//21
f 21//21 32//32 163//163
f 165//165 18//18 152//152
f 165//165 25//25 18//18
f 26//26 25//25 165//165
f 167//167 165//165 152//152
f 170//170 31//31 165//165
f 167//167 170//170 165//165
f 154//154 167//167 152//152
f 31//31 170//170 173//173
f 173//173 29//29 31//31
f 29//29 173//173 274//274
f 274//274 13//13 29//29
f 108//108 170//170 175//175
f 113//113 108//108 175//175
f 173//173 276//276 176//176
f 176//176 9//9 173//173
f 175//175 170//170 167//167
f 167//167 177//177 175//175
f 177//177 113//113 175//175
f 154//154 177//177 167//167
f 154//154 180//180 177//177
f 119//119 177//177 180//180
f 182//182 119//119 180//180
f 119//119 113//113 177//177
f 126//126 119//119 182//182
f 115//115 113//113 119//119
f 135//135 126//126 182//182
f 189//189 37//37 34//34
f 34//34 192//192 189//189
f 13//13 189//189 192//192
f 192//192 26//26 13//13
f 192//192 34//34 21//21
f 21//21 22//22 192//192
f 22//22 26//26 192//192
f 10//10 11//11 9//9
f 44//44 43//43 42//42
f 44//44 49//49 43//43
f 71//71 70//70 68//68
f 69//69 71//71 68//68
f 38//38 95//95 94//94
f 95//95 38//38 96//96
f 100//100 70//70 71//71
f 71//71 101//101 100//100
f 44//44 100//100 101//101
f 101//101 49//49 44//44
f 105//105 99//99 98//98
f 106//106 105//105 98//98
f 68//68 70//70 99//99
f 105//105 68//68 99//99
f 107//107 105//105 106//106
f 276//276 107//107 106//106
f 69//69 68//68 105//105
f 107//107 69//69 105//105
f 42//42 144//144 93//93
f 93//93 92//92 42//42
f 92//92 44//44 42//42
f 94//94 93//93 144//144
f 94//94 144//144 39//39
f 39//39 38//38 94//94
f 106//106 176//176 276//276
f 97//97 176//176 106//106
f 98//98 97//97 106//106
f 9//9 176//176 97//97
f 97//97 10//10 9//9
f 2//2 307//307 4//4
f 2//2 5//5 307//307
f 90//90 309//309 81//81
f 309//309 311//311 84//84
f 90//90 311//311 309//309
f 88//88 311//311 90//90
f 129//129 311//311 88//88
f 314//314 309//309 84//84
f 81//81 314//314 138//138
f 314//314 81//81 309//309
f 307//307 148//148 4//4
f 187//187 307//307 5//5
f 185//185 314//314 84//84
f 314//314 317//317 138//138
f 317//317 314//314 185//185
f 138//138 317//317 187//187
f 317//317 307//307 187//187
f 307//307 185//185 148//148
f 185//185 307//307 317//317
f 311//311 204//204 84//84
f 204//204 129//129 251//251
f 311//311 129//129 204//204
f 204//204 213//213 134//134
f 213//213 204//204 251//251
f 254//254 4//4 151//151
f 255//255 4//4 254//254
f 4//4 255//255 158//158
f 321//321 203//203 184//184
f 204//204 321//321 84//84
f 321//321 204//204 203//203
f 321//321 239//239 148//148
f 239//239 321//321 237//237
f 237//237 321//321 184//184
f 204//204 134//134 135//135
f 4//4 239//239 151//151
f 239//239 4//4 148//148
f 4//4 158//158 2//2
f 321//321 185//185 84//84
f 185//185 321//321 148//148
f 1723//1723 1722//1722 1720//1720
f 1724//1724 1723//1723 1720//1720
f 1721//1721 1724//1724 1720//1720
f 1721//1721 1726//1726 1725//1725
f 1720//1720 1726//1726 1721//1721
f 1720//1720 1727//1727 1726//1726
f 1720//1720 1722//1722 1727//1727
f 1722//1722 1723//1723 1728//1728
f 1728//1728 1723//1723 1729//1729
f 1729//1729 1723//1723 1730//1730
f 1724//1724 1730//1730 1723//1723
f 1731//1731 1730//1730 1724//1724
f 1721//1721 1731//1731 1724//1724
f 1721//1721 1725//1725 1731//1731
f 1726//1726 1732//1732 1725//1725
f 1726//1726 1733//1733 1732//1732
f 1733//1733 1726//1726 1727//1727
f 1722//1722 1734//1734 1727//1727
f 1722//1722 1728//1728 1734//1734
f 1728//1728 1735//1735 1734//1734
f 1728//1728 1729//1729 1735//1735
f 1729//1729 1730//1730 1736//1736
f 1736//1736 1730//1730 1737//1737
f 1737//1737 1730//1730 1731//1731
f 1725//1725 1738//1738 1731//1731
f 1725//1725 1732//1732 1738//1738
f 1732//1732 1764//1764 1763//1763
f 1732//1732 1733//1733 1764//1764
f 1764//1764 1733//1733 1765//1765
f 1727//1727 1765//1765 1733//1733
f 1727//1727 1766//1766 1765//1765
f 1727//1727 1734//1734 1766//1766
f 1734//1734 1767//1767 1766//1766
f 1734//1734 1735//1735 1767//1767
f 1735//1735 1768//1768 1767//1767
f 1768//1768 1735//1735 1769//1769
f 1735//1735 1729//1729 1769//1769
f 1729//1729 1770//1770 1769//1769
f 1729//1729 1736//1736 1770//1770
f 1736//1736 1771//1771 1770//1770
f 1771//1771 1736//1736 1772//1772
f 1737//1737 1772//1772 1736//1736
f 1731//1731 1773//1773 1737//1737
f 1773//1773 1731//1731 1774//1774
f 1738//1738 1774//1774 1731//1731
f 1774//1774 1738//1738 1763//1763
f 1732//1732 1763//1763 1738//1738
f 1737//1737 1775//1775 1772//1772
f 1737//1737 1773//1773 1775//1775
f 1751//1751 1743//1743 1750//1750
f 1744//1744 1743//1743 1751//1751
f 1744//1744 1751//1751 1752//1752
f 1752//1752 1739//1739 1744//1744
f 1753//1753 1739//1739 1752//1752
f 1745//1745 1739//1739 1753//1753
f 1754//1754 1745//1745 1753//1753
f 1755//1755 1745//1745 1754//1754
f 1740//1740 1745//1745 1755//1755
f 1740//1740 1755//1755 1756//1756
f 1756//1756 1746//1746 1740//1740
f 1746//1746 1756//1756 1757//1757
f 1741//1741 1746//1746 1757//1757
f 1758//1758 1741//1741 1757//1757
f 1747//1747 1741//1741 1758//1758
f 1759//1759 1747//1747 1758//1758
f 1759//1759 1748//1748 1747//1747
f 1760//1760 1742//1742 1748//1748
f 1742//1742 1760//1760 1761//1761
f 1761//1761 1749//1749 1742//1742
f 1749//1749 1761//1761 1750//1750
f 1750//1750 1743//1743 1749//1749
f 1762//1762 1748//1748 1759//1759
f 1760//1760 1748//1748 1762//1762
f 1778//1778 1779//1779 1776//1776
f 1779//1779 1780//1780 1776//1776
f 1780//1780 1777//1777 1776//1776
f 1782//1782 1777//1777 1781//1781
f 1782//1782 1776//1776 1777//1777
f 1739//1739 1776//1776 1782//1782
f 1778//1778 1776//1776 1739//1739
f 1779//1779 1778//1778 1740//1740
f 1779//1779 1740//1740 1741//1741
f 1779//1779 1741//1741 1783//1783
f 1783//1783 1780//1780 1779//1779
f 1783//1783 1742//1742 1780//1780
f 1742//1742 1777//1777 1780//1780
f 1781//1781 1777//1777 1742//1742
f 1743//1743 1782//1782 1781//1781
f 1744//1744 1782//1782 1743//1743
f 1782//1782 1744//1744 1739//1739
f 1745//1745 1778//1778 1739//1739
f 1740//1740 1778//1778 1745//1745
f 1741//1741 1740//1740 1746//1746
f 1783//1783 1741//1741 1747//1747
f 1783//1783 1747//1747 1748//1748
f 1783//1783 1748//1748 1742//1742
f 1749//1749 1781//1781 1742//1742
f 1743//1743 1781//1781 1749//1749
# 3526 faces, 0 coords texture

# End of File
