####
#
# OBJ File Generated by Meshlab
#
####
# Object doggo.obj
#
# Vertices: 7540
# Faces: 15076
#
####
vn 1.661038 -2.296352 5.601422
v 0.013847 -0.323881 0.481895
vn 1.613730 -1.976948 5.735368
v 0.014662 -0.312378 0.485983
vn 1.080322 -1.916394 5.846604
v 0.004462 -0.315262 0.487742
vn 1.118867 -2.395199 5.676911
v 0.004083 -0.326203 0.483567
vn -0.034620 -1.905587 5.897650
v -0.005943 -0.317103 0.488386
vn -0.029899 -2.452662 5.710643
v -0.005949 -0.327601 0.484295
vn 0.963499 -1.916790 5.876361
v 0.003731 -0.337898 0.478221
vn -0.035420 -1.989221 5.930961
v -0.005946 -0.338826 0.479007
vn 1.530254 -1.807882 5.788286
v 0.013022 -0.336210 0.476717
vn 1.493034 -2.019324 5.753836
v 0.015387 -0.300832 0.489605
vn 1.339619 -2.618884 5.540075
v 0.016004 -0.289684 0.493796
vn 0.640432 -2.406455 5.757800
v 0.005222 -0.291113 0.495016
vn 0.856823 -1.816457 5.940817
v 0.004834 -0.303170 0.491089
vn -0.035694 -2.259108 5.851091
v -0.005946 -0.292161 0.495080
vn -0.036974 -1.665148 6.039675
v -0.005943 -0.304758 0.491461
vn 1.102105 -3.211951 5.276734
v 0.016548 -0.279318 0.499433
vn 0.914344 -3.461598 5.152143
v 0.017065 -0.268963 0.506141
vn 0.305962 -3.335507 5.310394
v 0.005869 -0.269209 0.507173
vn 0.482278 -3.063361 5.458856
v 0.005529 -0.280095 0.500507
vn -0.032194 -3.245704 5.378336
v -0.005952 -0.269629 0.507108
vn -0.032404 -2.973047 5.531118
v -0.005949 -0.280800 0.500497
vn 0.121143 -3.621472 5.125310
v 0.006160 -0.257456 0.514501
vn 0.744024 -3.663096 5.040742
v 0.017508 -0.257883 0.513550
vn 0.661925 -4.425583 4.376660
v 0.017822 -0.246767 0.522457
vn -0.010905 -4.508240 4.318805
v 0.006176 -0.245810 0.523812
vn -0.084213 -4.430571 4.365639
v -0.005968 -0.245619 0.523528
vn -0.033329 -3.549037 5.175840
v -0.005955 -0.257634 0.514356
vn -0.020444 -4.793070 4.026094
v 0.006024 -0.235836 0.537318
vn 0.938365 -4.740906 3.904981
v 0.018469 -0.237275 0.534841
vn 1.143038 -4.431540 4.138891
v 0.020438 -0.224649 0.548793
vn -0.193580 -4.397547 4.470304
v 0.005697 -0.224552 0.549093
vn -0.155665 -4.766222 4.073351
v -0.005978 -0.235448 0.537117
vn -0.167149 -4.271194 4.597955
v -0.006004 -0.223915 0.548641
vn 0.114536 -4.443688 4.422555
v 0.015839 -0.212702 0.560717
vn -0.358393 -4.380865 4.472893
v 0.012621 -0.205758 0.567690
vn -0.815942 -4.109106 4.649332
v 0.005435 -0.205568 0.566988
vn -0.557028 -4.239985 4.598762
v 0.005493 -0.214594 0.558181
vn -0.023746 -4.010260 4.780473
v -0.006059 -0.204481 0.565539
vn -0.119221 -4.118118 4.657379
v -0.006065 -0.213510 0.557036
vn -1.110127 -3.430532 5.134820
v 0.005474 -0.194458 0.575335
vn -0.692165 -3.857794 4.858182
v 0.015636 -0.198184 0.574911
vn -0.803906 -2.805854 5.469993
v 0.019022 -0.183307 0.585351
vn -1.054025 -2.792312 5.519940
v 0.005662 -0.180377 0.583217
vn -0.065375 -3.024150 5.473042
v -0.006033 -0.179811 0.581955
vn -0.045888 -3.432546 5.183137
v -0.006033 -0.193300 0.573644
vn -0.649925 -2.072725 5.894952
v 0.019038 -0.162547 0.592628
vn -0.342651 -1.994717 5.947900
v 0.019681 -0.144491 0.598941
vn -0.250105 -2.131578 5.904148
v 0.006842 -0.145280 0.598000
vn -0.527688 -2.351610 5.796382
v 0.006357 -0.163472 0.590788
vn -0.042684 -2.184724 5.888859
v -0.005972 -0.145503 0.597692
vn -0.062721 -2.528346 5.748540
v -0.006004 -0.163595 0.590206
vn -0.188052 -1.812065 6.009357
v 0.006593 -0.126652 0.604413
vn -0.190334 -1.733439 6.031446
v 0.019258 -0.126480 0.604908
vn -0.031292 -1.313538 6.139129
v 0.018721 -0.107467 0.609655
vn -0.075040 -1.377980 6.123113
v 0.006257 -0.107114 0.609639
vn -0.038276 -1.835233 6.007116
v -0.005959 -0.126477 0.604103
vn -0.036274 -1.388488 6.123080
v -0.005955 -0.106535 0.609575
vn -0.031400 -0.804094 6.221824
v 0.006318 -0.086345 0.613414
vn 0.031833 -0.823764 6.221192
v 0.018934 -0.086743 0.613346
vn -0.077468 -0.171526 6.269269
v 0.019494 -0.063987 0.615260
vn -0.093989 -0.090396 6.272726
v 0.006554 -0.063751 0.615037
vn -0.033987 -0.778687 6.225085
v -0.005955 -0.085724 0.613407
vn -0.033961 -0.051855 6.273232
v -0.005955 -0.063240 0.614927
vn -0.299142 1.066984 6.182329
v 0.006878 -0.011549 0.610202
vn -0.035763 1.091431 6.185349
v -0.005968 -0.011362 0.609866
vn -0.034301 0.585866 6.250534
v -0.005962 -0.038367 0.613695
vn -0.180549 0.551389 6.253004
v 0.006729 -0.038774 0.613857
vn -0.234393 0.473133 6.254792
v 0.019863 -0.038933 0.614448
vn -0.369432 1.013525 6.182029
v 0.020183 -0.011459 0.611188
vn 2.527425 -3.352401 -4.346616
v 0.062026 -0.191735 0.525669
vn 3.095692 -2.952982 -4.546361
v 0.061848 -0.193281 0.526244
vn 3.769906 -2.336952 -4.434378
v 0.058979 -0.192149 0.523511
vn 2.842232 -3.313596 -4.032012
v 0.059228 -0.190619 0.523078
vn 4.388672 -2.157229 -3.918376
v 0.056680 -0.191092 0.520847
vn 3.550766 -3.263538 -3.607892
v 0.057026 -0.189711 0.520488
vn 0.627245 -5.234510 -2.208732
v 0.057679 -0.189161 0.520258
vn 0.179873 -5.406526 -2.331225
v 0.059833 -0.190089 0.522658
vn 0.266824 -5.377626 -2.416471
v 0.062514 -0.191072 0.525074
vn 3.149676 -4.237624 3.298423
v 0.031347 -0.221395 0.545610
vn 4.504324 -4.002639 1.648053
v 0.037993 -0.217285 0.541593
vn 3.761917 -4.650066 1.833651
v 0.039581 -0.213236 0.548459
vn 2.264709 -4.846442 3.145705
v 0.033591 -0.214620 0.553780
vn 3.171900 -5.159875 1.599275
v 0.044442 -0.207806 0.554038
vn 2.154219 -5.100257 2.846407
v 0.040215 -0.207398 0.560794
vn 1.149667 -4.730740 3.945848
v 0.027725 -0.212094 0.559488
vn 1.093897 -4.844519 3.792172
v 0.035428 -0.203899 0.568129
vn 4.124086 -4.695467 0.284796
v 0.046140 -0.209060 0.541419
vn 3.309695 -5.289228 0.430819
v 0.050127 -0.205852 0.546276
vn 4.809446 -4.008904 -0.173622
v 0.044335 -0.210771 0.535584
vn 3.984385 -4.674501 -1.277287
v 0.051153 -0.203637 0.534776
vn 4.471435 -4.199575 -1.256857
v 0.049083 -0.204005 0.529841
vn 3.512587 -5.103888 -1.003421
v 0.054574 -0.202168 0.539255
vn 2.833317 -5.403030 -1.242787
v 0.056929 -0.199216 0.534346
vn 3.391860 -4.964361 -1.652261
v 0.053973 -0.199791 0.530378
vn 4.007344 -4.621044 -1.237474
v 0.052217 -0.199814 0.526202
vn 2.943142 -5.087792 -2.144240
v 0.056208 -0.197343 0.527059
vn 4.161041 -4.164343 -2.060583
v 0.054713 -0.196971 0.523330
vn 2.046163 -5.629483 -1.856460
v 0.058999 -0.197641 0.530733
vn 2.366728 -4.706857 -3.258483
v 0.060887 -0.195716 0.527829
vn 3.332256 -3.823988 -3.569487
v 0.058138 -0.194882 0.524624
vn 4.391409 -2.644563 -3.582508
v 0.056036 -0.193769 0.521645
vn 4.954231 -2.761608 2.638723
v 0.035263 -0.225102 0.535565
vn 3.245982 -3.766110 3.506950
v 0.031496 -0.231783 0.534915
vn 4.800786 -2.396872 2.945616
v 0.038727 -0.233216 0.523780
vn 5.735384 -1.189453 2.225624
v 0.040464 -0.225153 0.524362
vn 5.501167 -2.614150 1.251621
v 0.039597 -0.218064 0.532218
vn 5.850014 -1.276521 1.513781
v 0.042032 -0.216664 0.522088
vn 4.724277 -4.060003 -0.641670
v 0.051651 -0.199698 0.521626
vn 5.152195 -2.714842 -2.177356
v 0.053672 -0.196334 0.519773
vn 4.777848 -3.875536 -0.345812
v 0.048116 -0.203384 0.524010
vn 5.111271 -3.489079 0.861767
v 0.048950 -0.203077 0.518343
vn 5.649940 -2.568508 -0.486562
v 0.051625 -0.198973 0.517260
vn 5.797604 -1.574818 -1.594129
v 0.052540 -0.195222 0.516477
vn 5.062934 -1.979156 -3.062375
v 0.054406 -0.192802 0.518919
vn 5.027644 -2.147548 -3.051510
v 0.055182 -0.190467 0.518473
vn 5.529562 -2.007225 -1.875423
v 0.053336 -0.192068 0.516244
vn 5.538674 -2.211925 -1.910831
v 0.054325 -0.190044 0.516206
vn 1.086759 -5.184605 -1.880517
v 0.056266 -0.188546 0.518165
vn 4.221799 -3.103872 -2.865573
v 0.055574 -0.189135 0.518282
vn 4.689895 -3.003347 -1.892761
v 0.054707 -0.188731 0.516225
vn 1.384057 -5.262589 -1.431516
v 0.055441 -0.188126 0.516202
vn 5.371263 -3.122081 -0.111633
v 0.044070 -0.210008 0.527738
vn 5.466588 -2.492223 1.006813
v 0.044875 -0.208698 0.519837
vn 2.070006 -3.515996 -4.580601
v 0.065118 -0.192709 0.527987
vn 2.177876 -3.792211 -4.422069
v 0.065131 -0.194190 0.528828
vn 0.493199 -5.283483 -2.595310
v 0.065506 -0.191858 0.527211
vn 0.511809 -5.211733 -2.761183
v 0.069261 -0.192337 0.528864
vn 1.338030 -3.881290 -4.689090
v 0.068989 -0.193349 0.529792
vn 1.300850 -4.605883 -3.911966
v 0.069235 -0.194698 0.530856
vn 1.587902 -5.388912 -2.631115
v 0.064535 -0.196150 0.531005
vn 1.407014 -6.042163 -0.650277
v 0.063184 -0.197369 0.534385
vn 1.133560 -5.855597 -1.511612
v 0.069173 -0.196130 0.533508
vn 1.161276 -6.072911 0.744762
v 0.068416 -0.196373 0.537260
vn 2.314293 -5.661441 -0.413517
v 0.061314 -0.197602 0.538324
vn 3.101627 -5.404135 -0.752022
v 0.059688 -0.199775 0.543728
vn 2.013238 -5.752948 0.373444
v 0.067026 -0.195513 0.541474
vn 2.863175 -5.576012 -0.098746
v 0.066120 -0.196696 0.547538
vn 2.751803 -5.362021 1.724914
v 0.052091 -0.202227 0.558935
vn 2.878316 -5.461915 0.694548
v 0.056512 -0.202062 0.551111
vn 2.921175 -5.382282 1.223567
v 0.064125 -0.197204 0.554941
vn 2.787399 -5.221121 2.061354
v 0.061243 -0.196218 0.562563
vn 2.168542 -5.050142 2.889083
v 0.048818 -0.200891 0.566367
vn 1.425283 -4.431736 4.106956
v 0.044823 -0.196725 0.574048
vn 2.397520 -4.795984 3.151663
v 0.058643 -0.194103 0.569902
vn 1.786141 -3.891182 4.481316
v 0.055347 -0.189329 0.577288
vn 0.750406 -4.533715 -4.274110
v 0.074151 -0.193398 0.530814
vn 0.980789 -5.232368 -3.113272
v 0.074497 -0.194436 0.531975
vn 0.519708 -5.403406 -2.695435
v 0.074299 -0.192453 0.529769
vn 0.740410 -4.836066 -3.937773
v 0.079927 -0.192473 0.530549
vn 1.085272 -5.398542 -2.677281
v 0.079898 -0.191632 0.529527
vn 1.270658 -5.383027 -2.605291
v 0.080331 -0.193271 0.531655
vn 1.394167 -5.900492 -0.404582
v 0.074826 -0.195344 0.534786
vn 1.776680 -5.639684 1.735550
v 0.074542 -0.194853 0.538589
vn 2.031219 -5.553323 0.258000
v 0.080920 -0.193811 0.534346
vn 2.640705 -4.978315 2.385036
v 0.080894 -0.192631 0.538026
vn 2.368002 -5.594912 1.174142
v 0.073672 -0.193055 0.543133
vn 2.997928 -5.436210 0.778651
v 0.073517 -0.192861 0.549763
vn 3.160997 -5.089321 1.692911
v 0.080464 -0.189927 0.542764
vn 3.296309 -5.207753 1.191175
v 0.081036 -0.188301 0.549676
vn 3.140120 -5.191011 1.591612
v 0.072498 -0.191706 0.557098
vn 3.007273 -5.019505 2.232147
v 0.071036 -0.189850 0.564679
vn 3.327389 -5.064160 1.635086
v 0.081178 -0.186172 0.557143
vn 3.382013 -4.587613 2.489964
v 0.081020 -0.183546 0.564598
vn 2.733907 -4.343286 3.432846
v 0.069286 -0.187059 0.571917
vn 2.304683 -3.353562 4.671116
v 0.066777 -0.181341 0.578734
vn 3.347087 -3.644448 3.729739
v 0.079978 -0.179465 0.571276
vn 3.105433 -2.852416 4.589416
v 0.078384 -0.172706 0.577479
vn 1.408005 -5.185194 -2.906851
v 0.086020 -0.190661 0.529617
vn 0.637737 -4.635345 -4.191549
v 0.085525 -0.189908 0.528693
vn 1.611825 -5.091006 -2.709873
v 0.085273 -0.189141 0.527816
vn -0.346833 -4.230538 -4.603902
v 0.090405 -0.186667 0.525847
vn 1.373186 -4.714009 -2.930844
v 0.089936 -0.185959 0.525216
vn 0.799810 -4.955975 -3.438400
v 0.091010 -0.187479 0.526539
vn 3.603632 -4.231261 2.487048
v 0.087110 -0.189801 0.535374
vn 2.796671 -5.252967 -0.048338
v 0.086793 -0.191095 0.531888
vn 2.984984 -5.108066 -0.570810
v 0.091916 -0.187903 0.528269
vn 4.156602 -3.953309 2.099864
v 0.092608 -0.186648 0.531351
vn 3.333364 -5.206549 1.067239
v 0.088355 -0.184138 0.547195
vn 3.654823 -4.544127 1.778818
v 0.086621 -0.186092 0.539905
vn 3.787308 -4.315277 1.585339
v 0.092414 -0.182392 0.535830
vn 3.362034 -5.230289 0.685573
v 0.095402 -0.180484 0.543088
vn 3.450500 -4.925112 1.777834
v 0.089700 -0.181195 0.554624
vn 3.767917 -4.086474 2.802028
v 0.090625 -0.177266 0.561655
vn 3.670755 -4.676607 1.822556
v 0.098051 -0.177033 0.550309
vn 4.090577 -3.664995 2.941206
v 0.099807 -0.171596 0.556823
vn 3.864014 -3.155461 3.767241
v 0.090557 -0.171522 0.567761
vn 3.701166 -2.582498 4.334940
v 0.090091 -0.163805 0.573560
vn 4.237061 -2.900372 3.592027
v 0.100741 -0.164287 0.562402
vn 4.176278 -2.480910 3.924275
v 0.101589 -0.155623 0.567897
vn -0.229509 -4.680186 -3.666435
v 0.094768 -0.184714 0.523026
vn -1.939836 -3.568806 -4.767600
v 0.094066 -0.183802 0.522619
vn 0.568372 -4.220793 -3.327040
v 0.093413 -0.183052 0.522325
vn -3.297345 -2.830601 -4.520726
v 0.096721 -0.181367 0.519436
vn -0.345442 -3.836571 -3.540377
v 0.095945 -0.180510 0.519472
vn -1.110207 -4.347372 -3.616180
v 0.097462 -0.182431 0.519588
vn 4.398198 -4.059894 1.443933
v 0.096941 -0.183779 0.526949
vn 2.804944 -5.111793 -1.037520
v 0.095777 -0.185070 0.524301
vn 2.565922 -5.153742 -1.443196
v 0.098526 -0.182689 0.520478
vn 4.416845 -4.291852 0.675157
v 0.100140 -0.181376 0.522651
vn 3.498488 -5.162897 0.550735
v 0.101725 -0.176868 0.537874
vn 3.833824 -4.443011 1.422159
v 0.097779 -0.179426 0.531270
vn 3.887145 -4.628592 1.082892
v 0.102126 -0.177230 0.526490
vn 3.758378 -4.876266 0.710926
v 0.106890 -0.174216 0.532056
vn 4.133970 -4.312643 1.418053
v 0.105618 -0.172990 0.544608
vn 4.704156 -3.089810 2.456330
v 0.108222 -0.166635 0.550578
vn 4.771645 -3.756735 1.160717
v 0.110851 -0.169219 0.537467
vn 5.433067 -2.516607 1.732423
v 0.113668 -0.161946 0.542341
vn 4.970924 -2.397617 2.870281
v 0.109774 -0.158233 0.555387
vn 5.039310 -1.980715 3.007070
v 0.111340 -0.148835 0.560054
vn 5.638353 -1.903689 1.962319
v 0.115586 -0.152965 0.546264
vn 5.740434 -1.453543 2.004443
v 0.117449 -0.143175 0.549650
vn -1.581773 -3.981245 -3.456509
v 0.099247 -0.180697 0.516707
vn -4.226663 -2.241796 -4.042291
v 0.098568 -0.179436 0.516730
vn -0.824328 -3.647131 -3.219428
v 0.097747 -0.178430 0.516991
vn -0.835139 -3.776554 -2.207626
v 0.098827 -0.177039 0.514970
vn -4.724372 -2.406509 -3.232695
v 0.099652 -0.177993 0.514611
vn -1.629227 -3.573319 -3.415014
v 0.100234 -0.179242 0.514459
vn 4.272485 -4.508060 -0.245421
v 0.102168 -0.179523 0.518916
vn 2.518717 -5.008014 -1.888338
v 0.100289 -0.180843 0.517289
vn 2.518838 -4.621850 -2.688005
v 0.101240 -0.179232 0.514773
vn 3.702403 -4.806912 -1.405761
v 0.103232 -0.177993 0.515795
vn 4.068788 -4.618036 0.497362
v 0.109930 -0.172557 0.526028
vn 3.989624 -4.732232 0.734293
v 0.104962 -0.175940 0.521933
vn 4.025552 -4.807655 0.269727
v 0.106482 -0.175322 0.517729
vn 4.232680 -4.581899 0.143059
v 0.111129 -0.171664 0.520045
vn 5.626029 -2.322181 1.436809
v 0.117294 -0.159187 0.533162
vn 5.075437 -3.451794 1.022699
v 0.114098 -0.166891 0.529824
vn 5.085978 -3.570009 0.629810
v 0.115851 -0.166037 0.521985
vn 5.620777 -2.485455 1.122864
v 0.119810 -0.158534 0.523560
vn 5.856230 -1.624279 1.582272
v 0.119493 -0.149698 0.535866
vn 5.939837 -1.295807 1.576442
v 0.121433 -0.139559 0.537913
vn 5.884033 -1.632240 1.436599
v 0.122546 -0.149462 0.524740
vn 5.980680 -1.220556 1.474357
v 0.124755 -0.138796 0.525688
vn -2.043225 -4.555462 -2.383106
v 0.100483 -0.177848 0.512965
vn -3.953264 -3.592208 -0.658459
v 0.099991 -0.177013 0.513188
vn -0.513865 -4.165988 -0.722883
v 0.099170 -0.176444 0.513518
vn -1.167662 -4.694684 2.881130
v 0.099315 -0.176975 0.511962
vn 1.863616 -4.960682 1.736654
v 0.098500 -0.176855 0.512273
vn -0.333074 -5.414943 2.242538
v 0.099852 -0.177447 0.511652
vn 2.064062 -5.297716 -2.518178
v 0.101521 -0.177634 0.512955
vn 2.524986 -5.494326 -1.367386
v 0.103539 -0.176700 0.513259
vn 1.698008 -5.521782 0.376521
v 0.100900 -0.177185 0.511341
vn 1.873441 -5.604867 0.691236
v 0.102789 -0.176609 0.510963
vn 4.300003 -4.568569 0.128711
v 0.110858 -0.171709 0.514437
vn 3.587445 -5.119761 0.087440
v 0.106844 -0.175167 0.513938
vn 2.746211 -5.549282 0.815565
v 0.105803 -0.175901 0.510497
vn 4.202719 -4.559527 0.592041
v 0.109729 -0.173508 0.509388
vn 5.466412 -2.977143 0.489914
v 0.120709 -0.159701 0.513942
vn 4.813003 -3.972467 0.134103
v 0.116081 -0.166574 0.514262
vn 4.734176 -4.096242 0.298222
v 0.114176 -0.168301 0.507309
vn 5.168605 -3.533071 0.258206
v 0.119095 -0.162725 0.505213
vn 6.017179 -1.365315 1.100235
v 0.127268 -0.140837 0.513052
vn 5.833679 -2.041862 0.818758
v 0.124457 -0.151396 0.513512
vn 5.623881 -2.766863 0.346275
v 0.123154 -0.155726 0.502839
vn 5.891637 -2.052610 0.598285
v 0.127866 -0.145672 0.497525
vn 5.628087 -0.486721 2.732584
v 0.044503 -0.224610 0.514404
vn 5.584783 -0.761064 2.551576
v 0.044891 -0.216188 0.514103
vn 5.227771 -1.173501 3.201729
v 0.044270 -0.233242 0.513366
vn 5.205163 -0.328402 3.459477
v 0.049312 -0.224044 0.505630
vn 5.098038 -0.596894 3.607107
v 0.050425 -0.232857 0.503754
vn 5.121937 -0.996823 3.382351
v 0.048924 -0.215836 0.507302
vn 5.623586 -1.484571 1.465737
v 0.051702 -0.197919 0.513803
vn 5.584248 -0.971153 1.279279
v 0.052301 -0.194407 0.513592
vn 5.468187 -2.384187 1.823696
v 0.050435 -0.202683 0.513990
vn 4.720416 -1.949712 3.335935
v 0.052097 -0.202152 0.510041
vn 4.441872 -1.605809 4.026333
v 0.053746 -0.197835 0.511228
vn 4.616788 -0.085814 4.077582
v 0.053843 -0.194300 0.511209
vn 5.354401 -1.869558 0.666679
v 0.052922 -0.191470 0.513512
vn 5.711381 -2.307573 0.259032
v 0.053957 -0.189639 0.513799
vn 4.550110 -1.147265 3.319365
v 0.054015 -0.191392 0.510918
vn 4.700509 -2.299018 3.093236
v 0.054707 -0.189520 0.511335
vn 1.551585 -5.283721 -0.523545
v 0.055076 -0.187777 0.514181
vn 4.622627 -2.980556 -0.102422
v 0.054287 -0.188362 0.514048
vn 3.694573 -3.340821 2.295351
v 0.054988 -0.188233 0.511785
vn 0.950326 -5.434688 0.872021
v 0.055842 -0.187663 0.512131
vn 5.040293 -2.249987 2.489666
v 0.046887 -0.208433 0.513793
vn 4.818431 -2.147666 3.401021
v 0.050551 -0.208507 0.509032
vn 4.755524 -1.212965 3.831861
v 0.054274 -0.214448 0.500446
vn 4.844790 -0.559146 3.947406
v 0.055829 -0.222624 0.497286
vn 5.087618 -0.712716 3.609470
v 0.057650 -0.231434 0.493903
vn 4.759175 -1.257490 3.889731
v 0.063038 -0.219144 0.489563
vn 5.121114 -1.177768 3.417196
v 0.064726 -0.226994 0.484078
vn 4.347778 -1.727678 4.089269
v 0.060758 -0.211583 0.493997
vn 3.424156 -0.337563 5.181728
v 0.056961 -0.194798 0.508997
vn 3.715569 -2.145228 4.564518
v 0.056534 -0.198064 0.508272
vn 3.887945 -2.671391 4.124288
v 0.055800 -0.202272 0.506529
vn 2.976056 -2.904481 4.691033
v 0.061039 -0.198194 0.505051
vn 3.416804 -3.696774 3.709359
v 0.060671 -0.201657 0.502765
vn 2.656507 -1.664269 5.396451
v 0.061395 -0.195247 0.506335
vn 2.980493 -2.033031 4.958280
v 0.057191 -0.189934 0.508929
vn 3.092585 -0.301874 5.217594
v 0.056861 -0.191861 0.508625
vn 2.203174 -0.664831 5.810081
v 0.061376 -0.192550 0.506675
vn 1.816965 -1.645647 5.651502
v 0.061398 -0.190519 0.506943
vn 2.296777 -3.720568 3.962982
v 0.057462 -0.188588 0.509501
vn 0.217420 -5.542263 1.538594
v 0.058394 -0.187967 0.510058
vn 1.262478 -3.691820 4.523455
v 0.061592 -0.189119 0.507515
vn -0.108004 -5.591515 1.520322
v 0.062479 -0.188459 0.508276
vn 4.521688 -2.496102 3.430598
v 0.054532 -0.207524 0.503541
vn 3.905110 -3.134253 3.490784
v 0.059969 -0.205606 0.498188
vn 3.857934 -2.898452 3.798852
v 0.068281 -0.207026 0.488489
vn 4.510178 -2.280410 3.688794
v 0.070499 -0.212809 0.482936
vn 4.767687 -2.104670 3.463694
v 0.072630 -0.218717 0.476284
vn 3.945868 -3.577626 3.153292
v 0.078656 -0.204995 0.478961
vn 4.267998 -3.076767 3.350972
v 0.081372 -0.208967 0.471824
vn 3.271229 -4.326793 2.875598
v 0.076854 -0.201586 0.485317
vn 1.953926 -3.106654 5.048039
v 0.067579 -0.195066 0.503822
vn 2.480846 -4.189689 3.933660
v 0.067407 -0.197253 0.502040
vn 2.922987 -4.646397 3.036699
v 0.067252 -0.199662 0.498900
vn 2.083850 -5.151552 2.915646
v 0.074836 -0.195157 0.500006
vn 2.329877 -5.177924 2.656308
v 0.075224 -0.196745 0.496526
vn 1.620974 -4.398703 4.065122
v 0.074655 -0.193805 0.502299
vn 1.145849 -2.250410 5.696406
v 0.067229 -0.190888 0.505442
vn 1.518910 -2.021597 5.736627
v 0.067414 -0.192815 0.504805
vn 1.102240 -3.232858 5.257295
v 0.074228 -0.192039 0.503715
vn 0.844177 -3.196981 5.303660
v 0.073808 -0.190367 0.504644
vn 0.683345 -4.010338 4.412429
v 0.067284 -0.189523 0.506122
vn -0.050789 -5.835119 0.986996
v 0.067870 -0.188921 0.507102
vn 0.741215 -4.700222 3.711274
v 0.073659 -0.189268 0.505472
vn 0.661205 -6.049397 0.353448
v 0.073801 -0.188854 0.506591
vn 3.259257 -4.030060 3.307745
v 0.067281 -0.202615 0.493796
vn 2.656264 -4.979479 2.701763
v 0.075984 -0.199051 0.491468
vn 3.255742 -5.129649 1.549481
v 0.086460 -0.196163 0.485384
vn 3.788686 -4.468427 2.033789
v 0.087572 -0.197266 0.478567
vn 4.021556 -3.838199 2.899487
v 0.090269 -0.199555 0.471368
vn 4.003309 -4.487208 1.703444
v 0.099309 -0.190121 0.473237
vn 3.691049 -4.996374 0.910733
v 0.097472 -0.189973 0.480582
vn 3.483470 -5.093903 0.962541
v 0.095971 -0.190196 0.487134
vn 1.515993 -4.732634 3.641668
v 0.081848 -0.191570 0.502412
vn 2.016957 -5.404034 2.468182
v 0.082650 -0.192508 0.500003
vn 2.210132 -5.405768 2.314500
v 0.083756 -0.193491 0.496477
vn 2.476690 -5.232629 2.358470
v 0.089820 -0.189209 0.501063
vn 2.817925 -5.233455 1.990151
v 0.091712 -0.189597 0.497619
vn 1.784182 -4.764110 3.489465
v 0.088368 -0.188611 0.503428
vn 0.768131 -3.676062 4.992074
v 0.080366 -0.188553 0.504919
vn 0.869980 -3.671898 4.996722
v 0.081065 -0.190034 0.503939
vn 0.904434 -3.921237 4.789332
v 0.087307 -0.187369 0.504922
vn 0.781613 -3.914747 4.804722
v 0.086414 -0.186137 0.505853
vn 1.695384 -5.941115 -0.182544
v 0.079513 -0.187693 0.506759
vn 1.308480 -5.033217 2.955516
v 0.079852 -0.187790 0.505714
vn 1.677850 -5.028769 2.836544
v 0.085557 -0.185652 0.506539
vn 2.437345 -5.685895 -0.227667
v 0.084775 -0.185807 0.507406
vn 2.605991 -5.337770 1.977556
v 0.085311 -0.195028 0.491581
vn 3.168483 -5.165406 1.585058
v 0.093901 -0.190015 0.492875
vn 4.191287 -4.520223 1.042500
v 0.103940 -0.183304 0.489686
vn 4.418551 -4.352604 0.839180
v 0.106683 -0.181819 0.483664
vn 4.580568 -4.193222 0.830145
v 0.109079 -0.180584 0.476504
vn 4.914255 -3.836709 0.765091
v 0.113940 -0.172039 0.487978
vn 5.122420 -3.547535 0.751968
v 0.117045 -0.169258 0.481232
vn 4.653366 -4.120315 0.895037
v 0.110221 -0.175464 0.493221
vn 2.428540 -4.810241 3.111876
v 0.093526 -0.185315 0.504802
vn 3.074995 -4.953109 2.308633
v 0.095425 -0.185341 0.502567
vn 3.414653 -4.890969 1.929815
v 0.098012 -0.185028 0.499333
vn 3.307853 -4.841549 2.234435
v 0.099739 -0.181431 0.504624
vn 3.744207 -4.775184 1.602547
v 0.102776 -0.180299 0.501788
vn 2.973419 -4.760123 2.794564
v 0.097530 -0.181903 0.506552
vn 0.827741 -4.074681 4.705686
v 0.091472 -0.183821 0.507027
vn 1.352812 -4.325852 4.286820
v 0.092365 -0.184646 0.506193
vn 2.160942 -4.586465 3.613064
v 0.096295 -0.181848 0.507739
vn 1.137168 -4.210361 4.484050
v 0.095460 -0.181483 0.508440
vn 2.761214 -5.424212 0.660009
v 0.089377 -0.183569 0.508334
vn 1.588571 -4.765863 3.535161
v 0.090483 -0.183404 0.507613
vn 1.350428 -4.385156 4.201789
v 0.094535 -0.181075 0.508926
vn 2.830298 -5.065690 1.761437
v 0.093309 -0.181169 0.509504
vn 3.834321 -4.708640 1.500931
v 0.100997 -0.184413 0.494967
vn 4.258598 -4.467946 1.149933
v 0.106379 -0.178259 0.497897
vn 4.932434 -3.843958 0.582565
v 0.115618 -0.168087 0.498211
vn 5.241148 -3.419335 0.519100
v 0.119710 -0.162935 0.494262
vn 5.518378 -2.928378 0.496804
v 0.123167 -0.158336 0.488030
vn 2.575348 -5.028677 2.727397
v 0.100693 -0.178637 0.508657
vn 2.846284 -5.196616 2.009911
v 0.103290 -0.178074 0.507318
vn 3.775062 -4.892319 1.008411
v 0.106873 -0.176396 0.505138
vn 1.255709 -4.560503 4.041841
v 0.098245 -0.178970 0.510061
vn 2.392977 -4.893960 3.113078
v 0.099153 -0.178954 0.509521
vn 2.816587 -4.781028 2.225122
v 0.096466 -0.178676 0.510869
vn 0.977078 -4.409241 4.217610
v 0.097527 -0.178595 0.510459
vn 4.603935 -4.205505 0.678590
v 0.111262 -0.172812 0.501836
vn 3.366196 -4.841692 -1.630078
v 0.096437 -0.179096 0.517108
vn 3.513036 -4.870408 -1.483704
v 0.094881 -0.180933 0.519162
vn 4.288838 -4.538667 -0.690912
v 0.094597 -0.180933 0.517383
vn 4.229773 -4.603883 -0.619476
v 0.093888 -0.181803 0.518822
vn 4.333499 -4.509786 -0.593195
v 0.095166 -0.180131 0.515659
vn 3.453291 -4.915502 -1.171111
v 0.097313 -0.177932 0.515287
vn -1.445355 -6.044434 -0.868643
v 0.057385 -0.188207 0.514084
vn -1.395737 -6.047699 -0.867182
v 0.058235 -0.188119 0.512208
vn -1.703505 -5.942750 -1.090346
v 0.060528 -0.189128 0.513786
vn -1.653167 -5.903939 -1.366314
v 0.060638 -0.188863 0.512415
vn -1.548448 -6.026892 -0.813321
v 0.057627 -0.188540 0.516021
vn -1.785794 -5.957362 -0.862644
v 0.060606 -0.189475 0.515811
vn 3.452817 -5.188784 -0.703627
v 0.089500 -0.185914 0.523683
vn 3.673672 -4.934570 -1.075293
v 0.092630 -0.183252 0.521419
vn 3.640601 -5.090157 -0.371935
v 0.089225 -0.186014 0.521571
vn 4.046015 -4.768552 -0.512432
v 0.092090 -0.183601 0.520009
vn 1.853170 -5.937632 -0.688507
v 0.080470 -0.191056 0.527101
vn 2.912370 -5.521922 -0.636680
v 0.085292 -0.188776 0.525733
vn 2.092295 -5.864262 -0.488872
v 0.081298 -0.190539 0.523806
vn 3.034336 -5.463420 -0.403447
v 0.085499 -0.188504 0.522923
vn -0.042577 -6.247899 -0.586300
v 0.070903 -0.192017 0.526645
vn 0.651154 -6.206862 -0.657618
v 0.075489 -0.191962 0.527324
vn 0.236521 -6.255212 -0.386635
v 0.072905 -0.191916 0.523505
vn 1.005201 -6.165427 -0.472621
v 0.077009 -0.191577 0.523958
vn -1.161999 -6.142956 -0.577073
v 0.064244 -0.191189 0.523576
vn -0.551621 -6.229489 -0.541941
v 0.067249 -0.191748 0.525316
vn -0.961504 -6.176085 -0.445912
v 0.066081 -0.191447 0.521374
vn -0.335989 -6.248403 -0.368218
v 0.069264 -0.191848 0.522577
vn -1.602948 -6.030858 -0.680990
v 0.061622 -0.190361 0.521655
vn -1.703726 -5.990880 -0.734509
v 0.059574 -0.189529 0.519705
vn -1.863003 -5.977701 -0.509590
v 0.061350 -0.190076 0.519168
vn -1.531817 -6.057821 -0.521031
v 0.063365 -0.190778 0.520109
vn -1.298765 -6.019251 -1.197239
v 0.063840 -0.189905 0.513334
vn -0.731062 -6.102429 -1.211961
v 0.067343 -0.190461 0.513001
vn -0.711206 -6.155319 -0.963625
v 0.067145 -0.190898 0.515756
vn -1.336117 -6.052645 -0.977727
v 0.063743 -0.190299 0.515714
vn -1.392187 -5.888942 -1.620331
v 0.063187 -0.189332 0.511432
vn -0.875990 -5.916841 -1.820909
v 0.066757 -0.189840 0.510721
vn 0.826269 -6.087394 -1.170926
v 0.075027 -0.190513 0.513246
vn 0.707032 -6.166162 -0.884234
v 0.074917 -0.190985 0.516261
vn -0.020308 -6.207232 -0.892298
v 0.070942 -0.191156 0.515979
vn -0.002857 -6.152960 -1.142529
v 0.071078 -0.190720 0.513046
vn -0.123195 -5.971557 -1.801692
v 0.070593 -0.190157 0.510565
vn 0.824599 -5.947474 -1.687682
v 0.074739 -0.189976 0.510669
vn 1.630795 -5.908251 -1.281251
v 0.079167 -0.189665 0.513382
vn 2.393542 -5.650133 -1.239770
v 0.083135 -0.188333 0.513579
vn 2.328028 -5.737547 -0.940556
v 0.082653 -0.189112 0.516687
vn 1.516590 -6.005447 -0.952085
v 0.078859 -0.190306 0.516487
vn 1.668889 -5.791239 -1.685299
v 0.079257 -0.188983 0.510750
vn 2.433625 -5.523119 -1.646151
v 0.083581 -0.187476 0.510953
vn 3.093210 -5.336573 -1.096749
v 0.086570 -0.186680 0.513964
vn 3.653968 -5.011527 -0.938390
v 0.089642 -0.184698 0.514262
vn 3.672029 -5.024948 -0.783053
v 0.089487 -0.185251 0.516846
vn 3.065173 -5.400791 -0.841905
v 0.086198 -0.187411 0.516888
vn 3.120426 -5.227365 -1.458845
v 0.087152 -0.185746 0.511438
vn 3.639272 -4.968053 -1.185949
v 0.090201 -0.183815 0.511988
vn 4.035811 -4.750064 -0.744404
v 0.092527 -0.182379 0.514194
vn 4.290665 -4.548565 -0.572286
v 0.095176 -0.179944 0.513955
vn 4.094634 -4.708117 -0.710525
v 0.092511 -0.182699 0.516306
vn 4.017757 -4.733448 -0.914280
v 0.092973 -0.181700 0.512402
vn 4.221980 -4.598746 -0.709778
v 0.094965 -0.179963 0.512887
vn -1.642190 -6.008595 -0.755159
v 0.058300 -0.188954 0.517861
vn -1.816957 -5.969755 -0.665861
v 0.061033 -0.189859 0.517706
vn 3.842777 -4.887357 -0.435042
v 0.097501 -0.177621 0.513754
vn 4.104794 -4.721751 0.044032
v 0.096696 -0.178297 0.512486
vn -0.746457 -6.176612 -0.753245
v 0.066887 -0.191289 0.518660
vn -1.361768 -6.071427 -0.762067
v 0.063827 -0.190674 0.518049
vn -0.093020 -6.230739 -0.703832
v 0.070415 -0.191590 0.519310
vn 0.540303 -6.210365 -0.686126
v 0.074228 -0.191512 0.519860
vn 1.304620 -6.086261 -0.727109
v 0.078135 -0.190985 0.520177
vn 2.222871 -5.806182 -0.718443
v 0.082032 -0.189869 0.520213
vn 3.027425 -5.450978 -0.629637
v 0.085819 -0.188032 0.519925
vn 3.631715 -5.075957 -0.614509
v 0.089283 -0.185742 0.519284
vn 4.063611 -4.737607 -0.686293
v 0.092207 -0.183262 0.518272
vn -0.990105 -5.996479 -1.533458
v 0.064671 -0.188925 0.509252
vn -1.309889 -6.024437 -1.108307
v 0.060836 -0.188440 0.510526
vn 0.706294 -5.957862 -1.811611
v 0.074248 -0.189251 0.508385
vn -0.340205 -5.991557 -1.835191
v 0.069251 -0.189345 0.508586
vn 1.683496 -5.781734 -1.758533
v 0.079341 -0.188204 0.508486
vn 2.510480 -5.490788 -1.711060
v 0.084118 -0.186522 0.508887
vn 3.169985 -5.242612 -1.367551
v 0.088170 -0.184523 0.509585
vn 3.636271 -5.050505 -0.790769
v 0.091634 -0.182350 0.510465
vn 3.993526 -4.820720 -0.201554
v 0.094606 -0.180079 0.511406
vn 3.610196 -2.420180 4.477396
v 0.039093 -0.320961 0.471290
vn 3.731068 -1.932855 4.627707
v 0.040920 -0.310450 0.474689
vn 2.844160 -1.939814 5.203739
v 0.033407 -0.310702 0.479699
vn 2.828171 -2.395268 5.023592
v 0.031509 -0.321495 0.476164
vn 3.903527 -1.809643 4.506857
v 0.036599 -0.332128 0.466287
vn 3.072176 -1.776296 5.145397
v 0.029329 -0.333179 0.471319
vn 4.216493 -2.449492 3.899155
v 0.046146 -0.320993 0.464579
vn 4.592312 -1.893562 3.697641
v 0.043213 -0.331333 0.459560
vn 4.331052 -1.928512 4.105283
v 0.047844 -0.310848 0.467855
vn 3.488222 -2.368224 4.642521
v 0.042925 -0.290065 0.481018
vn 2.766392 -2.499583 5.039610
v 0.034995 -0.289978 0.486038
vn 2.876424 -1.862777 5.251565
v 0.034481 -0.300136 0.482519
vn 3.679095 -1.846955 4.730405
v 0.042172 -0.300098 0.477483
vn 4.291634 -1.864928 4.185041
v 0.049293 -0.300463 0.470821
vn 4.163891 -2.191107 4.153340
v 0.050360 -0.290263 0.474505
vn 3.425520 -2.862988 4.371502
v 0.043307 -0.271155 0.493217
vn 2.576537 -3.247810 4.693851
v 0.035386 -0.271036 0.498415
vn 2.586777 -3.141245 4.778975
v 0.035344 -0.280450 0.491739
vn 3.351120 -2.905320 4.428304
v 0.043349 -0.280541 0.486701
vn 4.109262 -2.559147 3.984039
v 0.050887 -0.280602 0.479938
vn 4.210438 -2.404307 3.939083
v 0.051010 -0.271126 0.486170
vn 3.950361 -2.445688 4.175504
v 0.042912 -0.252136 0.505307
vn 3.096510 -3.159197 4.416827
v 0.035438 -0.251489 0.511765
vn 2.750897 -3.148929 4.648737
v 0.035289 -0.261408 0.505135
vn 3.652585 -2.666581 4.311392
v 0.042938 -0.261699 0.499514
vn 4.416054 -2.116274 3.896566
v 0.050619 -0.261343 0.492053
vn 4.614826 -1.862399 3.787954
v 0.050528 -0.251576 0.497338
vn 1.884878 -3.914744 4.491372
v 0.027427 -0.249212 0.517978
vn 1.738411 -3.492631 4.891259
v 0.027062 -0.259713 0.510167
vn 1.751225 -3.443891 4.938084
v 0.026771 -0.269943 0.502972
vn 1.894097 -3.243008 5.030039
v 0.026438 -0.279729 0.496228
vn 2.118061 -2.624260 5.287570
v 0.025975 -0.289580 0.490549
vn 2.165633 -1.984491 5.546548
v 0.025416 -0.300104 0.486659
vn 2.086837 -1.982561 5.567349
v 0.024487 -0.311100 0.483389
vn 2.101706 -2.306331 5.431779
v 0.023045 -0.322390 0.479569
vn 2.179610 -1.765547 5.594200
v 0.021505 -0.334590 0.474634
vn 2.462338 -4.247341 3.745887
v 0.028960 -0.239662 0.527603
vn 3.841551 -3.166260 3.708216
v 0.036635 -0.241757 0.518644
vn 4.523456 -2.013220 3.786557
v 0.043585 -0.242479 0.510187
vn 4.860772 -1.320596 3.700893
v 0.050774 -0.242074 0.501222
vn 4.723083 -1.969419 3.625809
v 0.055005 -0.312410 0.458677
vn 4.492514 -2.723250 3.344457
v 0.053045 -0.321821 0.455653
vn 4.810778 -2.153963 3.006637
v 0.049018 -0.330689 0.450789
vn 4.545063 -2.975961 2.883458
v 0.059597 -0.323312 0.445365
vn 4.602919 -2.724361 2.775654
v 0.054840 -0.330993 0.440466
vn 5.060051 -1.961465 3.143300
v 0.061657 -0.314273 0.447992
vn 4.658927 -1.975156 3.714422
v 0.057973 -0.291058 0.465621
vn 4.709161 -1.852748 3.713893
v 0.056683 -0.301757 0.461824
vn 5.075989 -1.832383 3.201889
v 0.063585 -0.303422 0.451248
vn 5.053293 -1.805880 3.252788
v 0.065124 -0.292375 0.455042
vn 4.772226 -2.027269 3.508617
v 0.058918 -0.271786 0.476038
vn 4.663500 -2.169703 3.594854
v 0.058546 -0.281369 0.470449
vn 5.054957 -1.840238 3.233952
v 0.065894 -0.282682 0.459220
vn 5.108251 -1.761371 3.188939
v 0.066566 -0.272850 0.463848
vn 5.060019 -1.435238 3.418622
v 0.058704 -0.250305 0.486529
vn 4.930841 -1.654295 3.495234
v 0.058908 -0.261110 0.481552
vn 5.193102 -1.446277 3.216250
v 0.067223 -0.261159 0.468606
vn 5.241027 -1.232651 3.237070
v 0.068775 -0.246256 0.471934
vn 5.140290 -1.087842 3.419052
v 0.058543 -0.240541 0.490569
vn 5.217055 -1.022652 3.345826
v 0.066492 -0.235535 0.479304
vn 4.928951 -1.714224 3.446839
v 0.075134 -0.225066 0.469317
vn 4.468428 -2.816097 3.334452
v 0.085014 -0.213016 0.463590
vn 5.098356 -1.655996 3.247936
v 0.079024 -0.230376 0.461119
vn 4.794801 -2.706920 2.993404
v 0.089222 -0.216531 0.454896
vn 4.360707 -3.857270 2.338743
v 0.102585 -0.191470 0.465178
vn 4.288305 -3.531813 2.925838
v 0.094150 -0.202168 0.463130
vn 4.739329 -3.316658 2.433580
v 0.097960 -0.204164 0.454376
vn 4.792655 -3.534132 1.869494
v 0.106032 -0.192673 0.456568
vn 5.240534 -3.335212 0.730894
v 0.119202 -0.168511 0.471956
vn 4.781925 -3.854870 1.257970
v 0.111139 -0.180293 0.467758
vn 5.141029 -3.327110 1.275491
v 0.113620 -0.180733 0.458480
vn 5.450568 -3.041041 0.601750
v 0.120447 -0.168307 0.461287
vn 5.872788 -2.147511 0.427969
v 0.129897 -0.144055 0.482655
vn 5.641120 -2.683630 0.508738
v 0.125166 -0.156137 0.478221
vn 5.729388 -2.500488 0.431752
v 0.126385 -0.155801 0.466122
vn 5.917089 -2.079730 0.351940
v 0.130599 -0.143278 0.469214
vn 5.312015 -1.910304 2.749332
v 0.067339 -0.315663 0.436750
vn 4.900893 -2.475870 2.947756
v 0.065131 -0.324971 0.434198
vn 4.175533 -3.058460 3.276631
v 0.062796 -0.332316 0.431847
vn 5.356168 -2.157493 2.422415
v 0.070282 -0.326970 0.422413
vn 4.897835 -2.979552 2.433249
v 0.066993 -0.336414 0.419990
vn 5.528215 -1.787771 2.357775
v 0.072537 -0.317271 0.424968
vn 5.354576 -1.731766 2.780252
v 0.071253 -0.294089 0.443386
vn 5.349242 -1.805187 2.750168
v 0.069409 -0.304942 0.439871
vn 5.599361 -1.670825 2.278017
v 0.074571 -0.306702 0.427830
vn 5.639369 -1.608367 2.210432
v 0.076511 -0.295990 0.430957
vn 5.364858 -1.643511 2.815993
v 0.073707 -0.273989 0.450669
vn 5.358169 -1.670014 2.812846
v 0.072449 -0.284254 0.447005
vn 5.663047 -1.534250 2.199877
v 0.078096 -0.285735 0.434195
vn 5.663088 -1.544140 2.196805
v 0.079872 -0.274810 0.437164
vn 5.381797 -1.329529 2.947690
v 0.078607 -0.247815 0.454835
vn 5.383001 -1.461035 2.873456
v 0.075489 -0.261764 0.454191
vn 5.653246 -1.511202 2.229669
v 0.082482 -0.262110 0.439505
vn 5.648072 -1.461966 2.266880
v 0.085945 -0.248041 0.440142
vn 1.370554 -1.570755 5.889019
v 0.013187 -0.351698 0.473777
vn 0.731261 -1.739302 5.954434
v 0.003812 -0.353535 0.474935
vn -0.041038 -1.849156 5.955700
v -0.005943 -0.354454 0.475307
vn 0.662944 -2.703269 5.576952
v 0.003585 -0.367836 0.469608
vn -0.041869 -2.785113 5.573987
v -0.005943 -0.368836 0.469663
vn 1.299585 -2.550691 5.534709
v 0.012835 -0.365805 0.468942
vn 3.136943 -1.312894 5.211596
v 0.029811 -0.348014 0.468370
vn 2.156509 -1.427526 5.665258
v 0.021816 -0.349790 0.471782
vn 2.125391 -2.330378 5.353229
v 0.021535 -0.363697 0.467286
vn 3.224823 -2.108659 4.842352
v 0.029568 -0.361611 0.464120
vn 4.032731 -1.206359 4.569028
v 0.037359 -0.346662 0.463234
vn 4.896096 -1.130398 3.605867
v 0.044089 -0.345485 0.456361
vn 4.261156 -2.087583 3.960415
v 0.036819 -0.359654 0.458910
vn 5.094051 -2.261434 2.686256
v 0.042776 -0.357646 0.451766
vn 5.472707 -1.324041 2.564766
v 0.049513 -0.344163 0.447597
vn 5.764833 -1.777473 1.603732
v 0.052734 -0.343367 0.438784
vn 5.481412 -2.513863 1.565644
v 0.047052 -0.355463 0.442833
vn 5.554414 -2.762075 0.349492
v 0.049539 -0.353470 0.434211
vn 3.621555 -3.825428 3.344787
v 0.060292 -0.337018 0.429331
vn 4.035559 -3.638379 2.959826
v 0.062288 -0.340275 0.423315
vn 4.529101 -2.784994 2.694688
v 0.055813 -0.337167 0.432988
vn 4.511464 -3.162681 2.439032
v 0.055619 -0.340844 0.429192
vn 3.472676 -4.052146 3.288651
v 0.057656 -0.341061 0.426743
vn 3.296277 -4.145393 3.368163
v 0.059102 -0.342497 0.423778
vn 3.340322 -4.619961 2.520777
v 0.055716 -0.351326 0.414958
vn 3.836948 -4.562619 1.815230
v 0.058908 -0.351184 0.409958
vn 4.381081 -3.921460 2.108422
v 0.063711 -0.344686 0.413762
vn 3.773978 -4.217678 2.657993
v 0.060056 -0.345521 0.418629
vn 3.211857 -4.342533 3.187124
v 0.056628 -0.346352 0.421329
vn 2.869872 -4.671542 3.044061
v 0.052514 -0.351368 0.418147
vn 5.332827 -3.103498 -0.902102
v 0.049956 -0.351934 0.428079
vn 4.637695 -3.968203 -0.121512
v 0.049461 -0.350776 0.423820
vn 4.956885 -3.532805 1.084810
v 0.053494 -0.345414 0.427064
vn 5.717745 -2.365045 0.778579
v 0.053808 -0.344360 0.432086
vn 3.410172 -4.666208 2.249386
v 0.050347 -0.350844 0.420786
vn 3.656778 -4.305116 2.623665
v 0.054312 -0.346093 0.423778
vn 1.258556 -3.721956 4.821515
v 0.011722 -0.376109 0.463114
vn 0.663464 -3.905209 4.728333
v 0.002977 -0.378046 0.463593
vn -0.048255 -4.044480 4.645716
v -0.005946 -0.378755 0.463561
vn 0.461431 -5.420613 1.999967
v 0.002149 -0.384288 0.456614
vn -0.020994 -5.590683 1.899739
v -0.005946 -0.384431 0.456433
vn 1.143495 -5.268493 2.285962
v 0.010193 -0.382956 0.456591
vn 3.131684 -3.193350 4.195214
v 0.027967 -0.371549 0.459712
vn 1.972557 -3.478261 4.718576
v 0.020154 -0.373988 0.462118
vn 1.753310 -4.988241 2.531831
v 0.018100 -0.380857 0.456433
vn 2.713757 -4.633051 2.295135
v 0.025435 -0.378289 0.455006
vn 5.025998 -2.980827 1.807165
v 0.040292 -0.365983 0.448328
vn 4.268713 -3.013304 3.157671
v 0.034882 -0.368878 0.455097
vn 3.652047 -4.397695 1.502987
v 0.031851 -0.375191 0.451281
vn 4.184295 -4.261211 0.445715
v 0.036816 -0.371847 0.445320
vn 5.191704 -3.302912 0.525145
v 0.043785 -0.363056 0.439512
vn 4.973485 -3.559489 -0.936031
v 0.045493 -0.360029 0.431012
vn 4.242991 -4.274427 -0.654859
v 0.039824 -0.368470 0.437164
vn 4.060971 -4.179037 -1.782215
v 0.041120 -0.364858 0.429056
vn 4.686011 -3.589885 -2.048831
v 0.045664 -0.357018 0.425217
vn 4.150634 -4.350191 -0.731801
v 0.045432 -0.354699 0.421326
vn 3.968583 -3.939607 -2.692042
v 0.041285 -0.361103 0.423270
vn 3.673630 -4.643163 -1.255169
v 0.041133 -0.358060 0.419305
vn 3.086463 -4.948151 2.020266
v 0.046470 -0.354434 0.418458
vn 2.610075 -4.928521 2.852712
v 0.048455 -0.355249 0.415641
vn 2.713192 -5.260572 1.723861
v 0.042188 -0.357646 0.416433
vn 2.279793 -5.241686 2.534034
v 0.043869 -0.358661 0.413432
vn 2.922199 -5.069846 2.189015
v 0.050933 -0.355915 0.411737
vn 3.201777 -5.150023 1.462639
v 0.053268 -0.356472 0.406313
vn 2.519318 -5.470346 1.717208
v 0.045512 -0.359677 0.408881
vn 2.593510 -5.600028 1.097274
v 0.046893 -0.360462 0.403083
vn 0.952158 -6.077374 -0.707483
v 0.008246 -0.383629 0.448735
vn 0.401884 -6.181446 -0.684813
v 0.001189 -0.384240 0.448059
vn -0.002101 -6.227512 -0.596080
v -0.005943 -0.384324 0.447688
vn 0.764056 -6.080973 -1.293773
v 0.000273 -0.382710 0.439787
vn -0.038123 -6.157958 -1.112240
v -0.005936 -0.383024 0.439211
vn 1.234971 -5.899620 -1.712862
v 0.006334 -0.381966 0.441070
vn 1.995117 -5.739131 -0.482468
v 0.021548 -0.380605 0.449295
vn 1.457339 -5.947513 -0.538698
v 0.015137 -0.382409 0.449563
vn 1.530835 -5.705428 -2.061862
v 0.012133 -0.381158 0.442710
vn 1.714190 -5.417474 -2.516521
v 0.017453 -0.379925 0.443461
vn 2.652658 -5.426151 -1.164444
v 0.031389 -0.375045 0.441950
vn 2.475653 -5.522467 -0.832608
v 0.027104 -0.378040 0.446691
vn 1.199999 -5.324196 -2.868570
v 0.022075 -0.377988 0.442037
vn 0.954525 -5.809062 -2.119351
v 0.025661 -0.375436 0.438664
vn 2.869719 -4.974138 -2.370689
v 0.035225 -0.368438 0.428008
vn 2.868009 -5.263382 -1.626514
v 0.033950 -0.371898 0.435201
vn 1.450231 -5.728828 -1.920398
v 0.028158 -0.373532 0.433322
vn 1.919582 -5.359856 -2.546691
v 0.029584 -0.370637 0.427319
vn 2.922916 -5.105919 -1.502308
v 0.035758 -0.361135 0.417368
vn 2.955683 -4.603947 -3.033754
v 0.035674 -0.364499 0.421963
vn 2.065480 -4.965030 -3.188364
v 0.030364 -0.366928 0.421388
vn 2.012689 -5.474393 -1.984477
v 0.030645 -0.363435 0.416436
vn 2.215625 -5.514112 1.604843
v 0.036693 -0.360809 0.414211
vn 1.975417 -5.467403 2.260317
v 0.038064 -0.362044 0.411061
vn 1.389146 -5.808913 1.399834
v 0.031263 -0.363040 0.413021
vn 1.137284 -5.604413 2.186072
v 0.031069 -0.365074 0.409379
vn 2.214337 -5.710788 1.343985
v 0.039287 -0.362962 0.406284
vn 2.211463 -5.809514 0.875516
v 0.040241 -0.363629 0.400486
vn 1.665265 -5.934891 0.996598
v 0.032773 -0.365766 0.404134
vn 1.629791 -6.026781 0.597501
v 0.033572 -0.366122 0.398522
vn 2.073601 -5.422813 -2.204448
v 0.004552 -0.380213 0.433965
vn 1.235122 -5.827177 -1.727408
v -0.000622 -0.381177 0.432063
vn -0.066786 -6.013894 -1.556631
v -0.005920 -0.381494 0.431310
vn 1.563949 -5.763767 -1.799581
v -0.001344 -0.378923 0.424961
vn -0.024163 -5.949383 -1.830729
v -0.005920 -0.379256 0.423965
vn 3.245009 -4.802879 -2.203857
v 0.003469 -0.377464 0.427028
vn 2.524524 -4.187070 -3.602922
v 0.014439 -0.378283 0.438389
vn 2.363710 -4.889902 -2.926643
v 0.009678 -0.379317 0.436562
vn 3.593432 -3.843928 -3.302939
v 0.008388 -0.376665 0.431950
vn 3.573616 -2.472434 -4.378199
v 0.012511 -0.375339 0.434906
vn 0.645677 -4.515183 -3.980216
v 0.018540 -0.375517 0.438674
vn -0.793275 -5.710166 -2.133257
v 0.021913 -0.374706 0.435660
vn 0.099904 -3.343177 -4.332746
v 0.016350 -0.372603 0.436362
vn -2.896388 -4.327438 -3.040563
v 0.019620 -0.372749 0.433131
vn -0.323691 -5.556744 -2.263123
v 0.024300 -0.373515 0.431291
vn 0.100799 -5.342082 -2.800777
v 0.025881 -0.371242 0.426420
vn -3.108284 -4.097270 -3.101511
v 0.021868 -0.371711 0.429551
vn -2.858434 -4.224566 -2.997046
v 0.023443 -0.370107 0.425550
vn 0.317355 -6.144332 -0.557148
v 0.027324 -0.363606 0.414017
vn -1.404098 -5.891717 -0.812990
v 0.024364 -0.363338 0.415295
vn -0.248657 -5.922163 1.822757
v 0.023866 -0.363525 0.413118
vn 0.318524 -5.734076 2.299904
v 0.026101 -0.363978 0.411608
vn 0.268360 -5.318625 -3.148978
v 0.027311 -0.364968 0.417290
vn -2.354851 -4.731789 -3.208158
v 0.024914 -0.365168 0.418341
vn 1.237885 -6.088937 0.843333
v 0.026308 -0.367338 0.402565
vn 1.224891 -6.148521 0.413298
v 0.026945 -0.367594 0.397125
vn 0.909216 -5.745600 2.150215
v 0.024950 -0.366662 0.407183
vn 1.409116 -6.085171 0.599333
v 0.020341 -0.368700 0.401465
vn 1.663748 -5.732539 1.821247
v 0.019662 -0.368076 0.406161
vn 1.017298 -6.194764 0.075671
v 0.020606 -0.368855 0.396200
vn 1.674315 -5.758271 -1.437505
v 0.003191 -0.373616 0.411239
vn 2.750595 -5.304309 -1.145921
v 0.002728 -0.374841 0.415440
vn 0.755856 -5.790965 -2.250203
v -0.001505 -0.374809 0.412377
vn 0.033586 -5.905151 -2.061520
v -0.001169 -0.372393 0.407048
vn 0.033431 -5.705273 -2.582669
v -0.005972 -0.374334 0.410608
vn -0.015074 -5.635397 -2.686550
v -0.006033 -0.371190 0.404758
vn -0.691095 -5.938459 -1.713533
v 0.000584 -0.371520 0.402769
vn -0.053600 -5.443669 -2.383665
v -0.006085 -0.367374 0.397759
vn 1.010798 -6.053379 -1.094872
v 0.004533 -0.372493 0.407995
vn 0.129505 -6.060545 -1.457276
v 0.004397 -0.371193 0.400689
vn 1.225922 -6.112651 -0.578066
v 0.007321 -0.371711 0.406064
vn -1.078557 -5.776779 -1.993696
v 0.001557 -0.369427 0.395586
vn -0.113944 -6.066783 -1.604331
v 0.007919 -0.369486 0.395285
vn 0.621392 -6.163813 -0.977714
v 0.009542 -0.370589 0.400363
vn 1.503144 -6.073692 -0.014777
v 0.011050 -0.370818 0.405321
vn 1.082957 -6.157305 -0.154984
v 0.014872 -0.370013 0.400676
vn 1.813270 -5.912421 0.947942
v 0.015150 -0.369654 0.405447
vn 0.341958 -6.218996 -0.736721
v 0.014316 -0.369570 0.395544
vn 3.363086 -4.949912 -1.317174
v 0.002486 -0.376057 0.420427
vn 1.251311 -5.822464 -1.848197
v -0.001538 -0.376963 0.418361
vn 0.014985 -5.883741 -2.114038
v -0.005926 -0.376934 0.417057
vn 5.803042 -1.559859 1.764900
v 0.076583 -0.319451 0.412374
vn 5.602727 -2.043515 1.840826
v 0.074513 -0.329111 0.409987
vn 5.156940 -2.995741 1.729459
v 0.071508 -0.337727 0.407565
vn 5.802469 -2.007309 1.030948
v 0.077511 -0.330181 0.397051
vn 5.263377 -3.132823 0.700902
v 0.074235 -0.338519 0.395075
vn 6.011205 -1.338500 1.165325
v 0.079484 -0.320638 0.399205
vn 5.941103 -1.335508 1.467503
v 0.080266 -0.297653 0.417950
vn 5.889601 -1.393153 1.619780
v 0.078455 -0.308775 0.415029
vn 6.087685 -1.078327 1.068921
v 0.081117 -0.309790 0.401527
vn 6.130670 -1.019549 0.887801
v 0.082588 -0.298189 0.404156
vn 5.970231 -1.378040 1.316241
v 0.083901 -0.274739 0.423897
vn 5.969357 -1.304377 1.384406
v 0.081942 -0.286576 0.421100
vn 6.143116 -1.056232 0.756438
v 0.084141 -0.286382 0.407293
vn 6.137539 -1.161349 0.644906
v 0.086023 -0.273772 0.410285
vn 5.952648 -1.490778 1.241929
v 0.086786 -0.261398 0.425802
vn 5.958813 -1.497250 1.176448
v 0.090282 -0.247052 0.426546
vn 6.114803 -1.349484 0.467382
v 0.088685 -0.259839 0.412507
vn 6.110132 -1.414835 0.304467
v 0.091886 -0.245257 0.413817
vn 4.589158 -3.986101 1.398248
v 0.066848 -0.345210 0.404819
vn 4.057193 -4.645192 1.016360
v 0.061117 -0.351643 0.401918
vn 4.605002 -4.166080 0.390023
v 0.068792 -0.345725 0.393312
vn 4.074036 -4.743805 0.168050
v 0.062242 -0.351947 0.391631
vn 3.360621 -5.185906 0.730065
v 0.054859 -0.357086 0.399001
vn 2.694644 -5.627973 0.523820
v 0.047886 -0.361022 0.396365
vn 3.405017 -5.226834 -0.050305
v 0.055522 -0.357170 0.389884
vn 2.793052 -5.597499 -0.194716
v 0.048303 -0.361090 0.388315
vn 2.220183 -5.834330 0.446209
v 0.040871 -0.364243 0.394282
vn 1.556411 -6.055218 0.270292
v 0.033950 -0.366552 0.392769
vn 2.211676 -5.817921 -0.363452
v 0.041020 -0.364369 0.387151
vn 1.455965 -6.019470 -0.621140
v 0.033808 -0.366572 0.386446
vn 1.081822 -6.179349 0.080924
v 0.027123 -0.367914 0.391666
vn 0.556708 -6.231935 -0.270221
v 0.020467 -0.368897 0.391026
vn 0.911259 -6.111348 -0.858716
v 0.026809 -0.367791 0.385987
vn 0.087720 -6.073175 -1.166657
v 0.019976 -0.368570 0.385922
vn -0.691713 -5.953484 -1.865266
v 0.006952 -0.368244 0.391401
vn -1.551698 -5.591030 -2.205631
v 0.000367 -0.367911 0.392281
vn -0.031609 -5.200946 -2.373574
v -0.006149 -0.365407 0.393759
vn -0.027041 -5.245087 -2.451058
v -0.006153 -0.364398 0.391359
vn -1.743931 -5.418979 -2.375488
v 0.000005 -0.366730 0.389512
vn -1.114149 -5.804948 -2.117839
v 0.006331 -0.367060 0.387982
vn -0.330285 -6.177743 -1.032708
v 0.013718 -0.368926 0.390955
vn -0.892169 -5.967895 -1.651650
v 0.013084 -0.368034 0.386711
vn 4.979861 -1.528087 -3.394695
v 0.008834 -0.373347 0.429939
vn 3.571059 -1.122572 -4.633778
v 0.011787 -0.371374 0.433771
vn 5.030015 -2.814962 -2.315188
v 0.006143 -0.373713 0.425922
vn 5.718831 -1.482518 -1.935429
v 0.007715 -0.369188 0.426578
vn 4.905513 -1.369132 -3.293989
v 0.009507 -0.368803 0.430498
vn 2.798452 -2.242295 -4.616348
v 0.011771 -0.368512 0.432872
vn 5.246359 -3.218857 -1.014404
v 0.005125 -0.373231 0.421540
vn 5.098886 -3.531204 0.098038
v 0.005280 -0.372542 0.417413
vn 5.630575 -2.612728 0.322572
v 0.006858 -0.368616 0.419027
vn 5.856576 -2.099336 -0.825001
v 0.007081 -0.369010 0.422620
vn 2.393881 -5.576337 0.912537
v 0.009022 -0.371336 0.409554
vn 2.909253 -5.304962 0.631574
v 0.006881 -0.372112 0.411388
vn 2.367895 -5.527396 1.565836
v 0.011952 -0.370200 0.408658
vn 3.140728 -4.425690 3.079367
v 0.010380 -0.369544 0.411666
vn 2.657583 -4.655318 3.160166
v 0.012256 -0.369195 0.410466
vn 3.895084 -3.844692 3.025205
v 0.008378 -0.369596 0.413564
vn 2.285978 -5.232325 2.514252
v 0.015150 -0.368697 0.408720
vn 1.844769 -5.033868 3.233872
v 0.018647 -0.366879 0.409289
vn 2.271960 -4.296703 3.946441
v 0.014420 -0.367477 0.410964
vn 1.405998 -4.404670 4.234189
v 0.017599 -0.365061 0.411950
vn 4.124509 -4.465390 0.650935
v 0.005823 -0.372426 0.414030
vn 4.955951 -3.125628 1.915332
v 0.007249 -0.368952 0.416003
vn -0.819323 -3.065804 -4.772990
v 0.015484 -0.369605 0.434269
vn -3.862260 -2.526016 -4.187198
v 0.018627 -0.368971 0.431485
vn -0.432798 -3.123424 -5.170660
v 0.014772 -0.366585 0.432329
vn -2.760502 -2.319757 -4.398717
v 0.017463 -0.364463 0.430741
vn 0.320487 -5.016125 -3.414282
v 0.026887 -0.368189 0.421543
vn -2.494581 -4.311266 -3.369233
v 0.024504 -0.367846 0.421763
vn 0.762532 -5.299532 3.263444
v 0.022718 -0.365210 0.410117
vn 0.183993 -5.181430 3.322516
v 0.021159 -0.363723 0.412410
vn 1.811962 -3.870665 4.524514
v 0.015354 -0.363406 0.413978
vn 2.777971 -3.773022 4.172887
v 0.012612 -0.366342 0.413002
vn 3.509069 -3.651845 3.519094
v 0.010658 -0.365255 0.415262
vn 2.641439 -4.273523 3.529443
v 0.014041 -0.361368 0.416517
vn -3.987552 -4.474366 -1.485644
v 0.022776 -0.363305 0.418141
vn -2.113250 -5.588492 1.520374
v 0.021771 -0.362823 0.415097
vn -3.202836 -4.627382 1.000074
v 0.020438 -0.360754 0.417410
vn -0.945309 -4.757827 3.693058
v 0.019471 -0.362096 0.414564
vn -4.846747 -2.944954 -2.577852
v 0.021761 -0.367257 0.424906
vn -4.478226 -3.369775 -2.736321
v 0.022570 -0.365427 0.421430
vn -4.906520 -3.286641 -2.058609
v 0.019911 -0.363218 0.424586
vn -4.415206 -3.950154 -1.679458
v 0.020490 -0.361620 0.420945
vn -4.888288 -2.443287 -3.063854
v 0.020532 -0.368156 0.428506
vn -4.685107 -2.916503 -2.539940
v 0.019015 -0.363680 0.428060
vn 4.955571 -1.932425 -2.977069
v 0.009908 -0.363677 0.428034
vn 2.425626 -2.332248 -5.092660
v 0.012405 -0.364515 0.430595
vn 2.912493 -2.977798 -3.879233
v 0.011797 -0.360560 0.428774
vn -0.231813 -2.750542 -3.810193
v 0.014455 -0.360741 0.430304
vn 5.230636 -3.084692 0.790326
v 0.008951 -0.363658 0.421397
vn 5.574348 -2.413066 -0.634044
v 0.008954 -0.363444 0.424787
vn 2.530061 -4.766306 0.996058
v 0.011848 -0.359195 0.423548
vn 2.122899 -3.613224 -1.195632
v 0.011457 -0.358868 0.426992
vn 4.516265 -3.586796 2.136642
v 0.009481 -0.364305 0.418163
vn 2.660801 -4.851129 1.824442
v 0.012806 -0.359861 0.419916
vn 0.079542 -3.856236 4.250354
v 0.017547 -0.361339 0.414861
vn -0.319819 -4.972170 2.351421
v 0.017447 -0.359531 0.417154
vn -2.069658 -5.184759 -0.725791
v 0.016321 -0.359049 0.424418
vn -0.986868 -5.334095 0.015295
v 0.016978 -0.358761 0.420618
vn -2.032562 -4.407831 -2.137371
v 0.015597 -0.359398 0.427914
vn 6.092095 -1.305076 0.374379
v 0.081667 -0.319438 0.386006
vn 5.830998 -2.157210 -0.057458
v 0.079102 -0.328946 0.383998
vn 5.264154 -3.198561 -0.510114
v 0.075101 -0.337416 0.382080
vn 5.611265 -2.273825 -1.363305
v 0.078698 -0.325945 0.370441
vn 5.019620 -3.149877 -1.801507
v 0.073853 -0.334525 0.368610
vn 5.970124 -1.371199 -0.861851
v 0.082136 -0.316517 0.372530
vn 6.211624 -0.765974 0.509038
v 0.084377 -0.297028 0.389625
vn 6.181128 -0.874012 0.519916
v 0.083258 -0.308658 0.387659
vn 6.139039 -0.837553 -0.525174
v 0.084066 -0.305903 0.374296
vn 6.215076 -0.664626 -0.282186
v 0.085286 -0.294519 0.376294
vn 6.196095 -0.978820 0.342997
v 0.087317 -0.272200 0.395922
vn 6.208345 -0.855221 0.429852
v 0.085651 -0.285036 0.392539
vn 6.229464 -0.734882 -0.098688
v 0.086540 -0.282756 0.379127
vn 6.210338 -0.935809 0.039293
v 0.088099 -0.270146 0.382730
vn 6.173453 -1.149982 0.187433
v 0.089532 -0.258028 0.399269
vn 6.137747 -1.332741 0.030373
v 0.092284 -0.243510 0.401999
vn 6.172641 -1.135314 0.229780
v 0.090150 -0.256198 0.387019
vn 6.100822 -1.399242 0.341112
v 0.092701 -0.241997 0.391132
vn 4.595770 -4.104114 -0.723845
v 0.069176 -0.344984 0.380757
vn 3.975025 -4.709132 -0.839783
v 0.062272 -0.351423 0.379852
vn 4.363039 -3.867397 -2.052644
v 0.067608 -0.342423 0.367695
vn 3.623594 -4.493891 -2.192526
v 0.060593 -0.349056 0.367527
vn 3.256690 -5.199035 -1.028561
v 0.055263 -0.356410 0.379121
vn 2.532847 -5.533449 -1.299119
v 0.047970 -0.360204 0.378704
vn 2.773020 -5.012429 -2.338739
v 0.053569 -0.353900 0.367863
vn 1.960737 -5.364756 -2.463374
v 0.046350 -0.357445 0.368720
vn 1.833522 -5.690928 -1.646121
v 0.040422 -0.363266 0.378762
vn 1.070737 -5.815791 -1.942554
v 0.032909 -0.365220 0.379279
vn 0.574778 -5.627609 -2.665047
v 0.031321 -0.362296 0.371919
vn 1.285373 -5.521400 -2.559668
v 0.038805 -0.360353 0.370082
vn 0.480565 -5.796844 -2.207328
v 0.025875 -0.366400 0.379968
vn -0.397771 -5.669401 -2.433098
v 0.019103 -0.367034 0.380974
vn -0.808073 -5.451787 -2.963563
v 0.017728 -0.364198 0.376071
vn -0.060920 -5.603512 -2.788520
v 0.024368 -0.363564 0.373908
vn -2.061620 -5.061482 -2.876841
v -0.000364 -0.365065 0.386456
vn -1.453621 -5.506657 -2.632272
v 0.005649 -0.365514 0.384545
vn -0.023558 -4.869313 -3.008432
v -0.006133 -0.362885 0.388574
vn -0.035708 -4.365705 -3.476288
v -0.006101 -0.360731 0.385651
vn -2.464666 -4.593298 -3.349440
v -0.000739 -0.362788 0.383244
vn -1.834660 -5.114647 -3.115877
v 0.004876 -0.363370 0.380932
vn -1.279571 -5.600728 -2.480754
v 0.012256 -0.366423 0.382643
vn -1.524359 -5.311329 -2.974183
v 0.011088 -0.363913 0.378484
vn 5.777775 -1.799276 -1.605620
v 0.079270 -0.312122 0.358309
vn 5.284049 -2.365832 -2.332996
v 0.075205 -0.321391 0.355932
vn 4.547363 -3.177505 -2.807591
v 0.069969 -0.329809 0.354719
vn 2.429928 -2.218156 -4.377609
v 0.065612 -0.324852 0.343038
vn 3.243238 -1.788453 -4.076394
v 0.071583 -0.316821 0.343426
vn 3.656788 -1.348007 -3.688433
v 0.077378 -0.306686 0.344192
vn 6.117168 -1.184411 -0.712327
v 0.082239 -0.301770 0.361919
vn 5.884054 -1.674305 -0.973879
v 0.082769 -0.297633 0.352446
vn 6.083385 -1.383412 0.324773
v 0.084703 -0.287391 0.358843
vn 6.192201 -0.917247 -0.500310
v 0.084490 -0.290686 0.366126
vn 6.210498 -0.908180 -0.248802
v 0.086324 -0.279422 0.369506
vn 6.171214 -1.139653 -0.025263
v 0.088193 -0.267494 0.372582
vn 6.074130 -1.295186 0.606110
v 0.086667 -0.276647 0.362863
vn 5.991855 -1.532039 0.842532
v 0.088960 -0.264943 0.365874
vn 5.982580 -1.673902 0.841410
v 0.093998 -0.240761 0.381210
vn 6.077806 -1.487322 0.368733
v 0.090852 -0.254380 0.376569
vn 5.879045 -1.904514 1.015159
v 0.092216 -0.252294 0.369260
vn 5.745005 -2.075726 1.409325
v 0.096016 -0.239157 0.373351
vn -2.962052 -3.685838 -3.962159
v -0.001114 -0.359757 0.379936
vn -2.579833 -4.081686 -3.794068
v 0.003899 -0.360385 0.377009
vn -0.076493 -3.643057 -4.164384
v -0.006088 -0.358056 0.382740
vn -0.143442 -1.689174 -5.395005
v -0.006117 -0.354745 0.380567
vn -3.336845 -1.436759 -4.865713
v -0.001599 -0.355657 0.377666
vn -3.546098 -1.532847 -4.640113
v 0.002764 -0.355886 0.374616
vn -2.244569 -4.416010 -3.600332
v 0.009203 -0.360589 0.373652
vn -1.612159 -4.704890 -3.566885
v 0.015209 -0.360517 0.370227
vn -3.475256 -1.790037 -4.392773
v 0.007275 -0.355699 0.370702
vn -3.054834 -2.120601 -4.453496
v 0.012553 -0.355214 0.366482
vn 5.297877 -1.771998 2.849540
v 0.084716 -0.232783 0.450297
vn 5.172081 -2.645285 2.362806
v 0.093180 -0.218316 0.446006
vn 5.630489 -1.824378 2.069228
v 0.090463 -0.233132 0.438114
vn 5.547255 -2.510420 1.496451
v 0.096631 -0.218692 0.436177
vn 5.206900 -3.255198 1.265462
v 0.108406 -0.192747 0.447898
vn 5.147468 -3.083343 1.834792
v 0.101062 -0.205115 0.445960
vn 5.484363 -2.861652 0.976075
v 0.103555 -0.205393 0.436591
vn 5.479406 -2.945712 0.601012
v 0.110415 -0.192705 0.437992
vn 5.637978 -2.714993 0.497464
v 0.121611 -0.167951 0.450993
vn 5.415616 -3.040074 0.843622
v 0.115434 -0.180558 0.449440
vn 5.602024 -2.787091 0.258623
v 0.116757 -0.180193 0.439020
vn 5.768276 -2.469723 0.010022
v 0.122494 -0.167360 0.439476
vn 5.943867 -1.971110 0.233478
v 0.132035 -0.142709 0.454980
vn 5.783957 -2.430741 0.228715
v 0.127252 -0.155154 0.453176
vn 5.866774 -2.220616 -0.159978
v 0.127876 -0.154096 0.439279
vn 5.973667 -1.906775 -0.248386
v 0.132381 -0.141115 0.438723
vn 6.079659 -1.580316 -0.006126
v 0.095628 -0.229684 0.403493
vn 6.029798 -1.747236 -0.099874
v 0.099325 -0.216082 0.404159
vn 5.963664 -1.958628 -0.135009
v 0.099422 -0.216725 0.413668
vn 6.057927 -1.648637 0.167844
v 0.095418 -0.230726 0.414027
vn 6.044487 -1.635145 0.348688
v 0.095939 -0.228730 0.394211
vn 6.023304 -1.716759 0.376461
v 0.099622 -0.215390 0.396391
vn 5.955123 -1.888788 -0.493417
v 0.103332 -0.202288 0.404486
vn 5.763768 -2.245598 -0.932685
v 0.107892 -0.188588 0.403839
vn 5.698611 -2.376184 -1.145856
v 0.108963 -0.190788 0.412882
vn 5.847458 -2.178865 -0.682551
v 0.103953 -0.203656 0.413361
vn 5.977937 -1.780234 0.332072
v 0.103507 -0.200917 0.397756
vn 5.873391 -2.040920 -0.165310
v 0.107860 -0.186444 0.396805
vn 5.641275 -2.532033 -1.112307
v 0.113555 -0.175455 0.401582
vn 5.727092 -2.301569 -1.150535
v 0.118891 -0.161891 0.397785
vn 5.716410 -2.355431 -1.105591
v 0.120538 -0.163851 0.410379
vn 5.629739 -2.523304 -1.185839
v 0.114852 -0.177599 0.412022
vn 5.798979 -2.265609 -0.712598
v 0.112756 -0.173155 0.391931
vn 5.867478 -1.945934 -1.084229
v 0.117119 -0.159708 0.384790
vn 5.821036 -1.863902 -1.432229
v 0.123028 -0.147127 0.392601
vn 5.825709 -1.566618 -1.726314
v 0.125990 -0.132493 0.387491
vn 5.904088 -1.687967 -1.283261
v 0.129464 -0.135426 0.404244
vn 5.817132 -2.060003 -1.171044
v 0.125440 -0.149472 0.407507
vn 5.885804 -1.361976 -1.698775
v 0.119266 -0.144769 0.377016
vn 5.733106 -1.373151 -2.168988
v 0.120609 -0.130471 0.370948
vn 5.933260 -1.767208 0.977232
v 0.094118 -0.232246 0.425841
vn 5.828003 -2.264191 0.490700
v 0.098911 -0.217987 0.424913
vn 5.640109 -2.657316 -0.430494
v 0.110787 -0.192379 0.425333
vn 5.717697 -2.569943 -0.030994
v 0.104655 -0.204956 0.424929
vn 5.674393 -2.549286 -0.627717
v 0.116812 -0.179484 0.425537
vn 5.769952 -2.349073 -0.688307
v 0.122349 -0.166037 0.425094
vn 5.850748 -2.117794 -0.752438
v 0.127533 -0.152159 0.423545
vn 5.951539 -1.775233 -0.822162
v 0.131812 -0.138611 0.421536
vn 5.918423 -1.816663 0.996123
v 0.097229 -0.227382 0.386113
vn 5.881836 -1.862031 1.128685
v 0.100845 -0.213811 0.390269
vn 5.576897 -2.209720 1.775432
v 0.099296 -0.225723 0.379535
vn 5.478344 -2.138949 2.129488
v 0.102792 -0.212178 0.385101
vn 5.824528 -1.737656 1.509786
v 0.104862 -0.199416 0.392533
vn 5.948507 -1.443599 1.085207
v 0.108901 -0.184711 0.390288
vn 5.519679 -1.571742 2.519162
v 0.107090 -0.198378 0.387733
vn 5.789977 -0.400909 2.362936
v 0.111133 -0.184116 0.384186
vn 6.039754 -1.214922 0.353366
v 0.112882 -0.170471 0.380806
vn 6.121829 -0.738742 -1.089186
v 0.115441 -0.156444 0.368752
vn 6.110111 0.512295 1.179890
v 0.114968 -0.169630 0.371188
vn 5.926877 1.231124 -1.297937
v 0.111899 -0.154132 0.351013
vn 5.924166 -0.577823 -1.944613
v 0.114018 -0.142023 0.359661
vn 5.707220 -1.007944 -2.417236
v 0.113746 -0.127994 0.353284
vn 5.763227 -0.326230 -2.468530
v 0.107420 -0.138731 0.340664
vn 5.634172 -0.780972 -2.665571
v 0.105783 -0.124097 0.333584
vn 5.344818 -0.793549 -3.162517
v 0.098494 -0.135956 0.321366
vn 5.341694 -1.199229 -3.069430
v 0.095347 -0.119566 0.311832
vn 5.346064 0.601631 -3.127405
v 0.103012 -0.148602 0.331489
vn 5.122321 0.101562 -3.393046
v 0.094160 -0.149837 0.319403
vn 5.013453 -0.806605 -3.649848
v 0.087808 -0.138741 0.306748
vn 4.680329 -3.021810 -2.705559
v 0.076802 -0.120222 0.282696
vn 3.770552 -2.095345 -4.460245
v 0.066237 -0.140613 0.286237
vn 4.208591 0.043758 -4.501686
v 0.080535 -0.148647 0.297783
vn 4.975685 0.384375 -3.782632
v 0.089632 -0.159093 0.309691
vn 3.605497 -0.108522 -5.038296
v 0.075758 -0.162208 0.294510
vn 4.446002 -0.190547 -4.348938
v 0.085470 -0.173372 0.303452
vn 2.822987 -1.037261 -5.472997
v 0.061609 -0.153689 0.286729
vn 1.855956 -0.713354 -5.896505
v 0.057841 -0.170574 0.286363
vn 3.000034 -0.748459 -5.277144
v 0.072304 -0.179620 0.292873
vn 4.133682 -1.243133 -4.482881
v 0.081388 -0.188537 0.302074
vn 2.452105 -1.826754 -5.293002
v 0.068549 -0.196425 0.295005
vn 3.765668 -1.829212 -4.627962
v 0.077789 -0.202424 0.303911
vn 1.337937 -1.612839 -5.857376
v 0.054833 -0.188954 0.288902
vn 1.893735 -2.226880 -5.556287
v 0.053708 -0.229662 0.305399
vn 1.356420 -2.328100 -5.670215
v 0.053792 -0.216340 0.300176
vn 2.506897 -2.662048 -5.008123
v 0.066874 -0.221159 0.305910
vn 3.143858 -2.541136 -4.675048
v 0.066466 -0.233336 0.312055
vn 3.800421 -2.947859 -4.024703
v 0.075476 -0.223643 0.314723
vn 4.258950 -2.298565 -3.989985
v 0.074904 -0.234888 0.321479
vn 3.124567 -1.681229 -5.144488
v 0.061748 -0.244862 0.315066
vn 4.095618 -1.302751 -4.570081
v 0.072378 -0.246683 0.323804
vn 2.109825 -1.743284 -5.645100
v 0.048200 -0.241292 0.307598
vn 1.062478 -2.405786 -5.693987
v 0.053006 -0.203536 0.294232
vn 2.108078 -2.412587 -5.323011
v 0.066557 -0.209623 0.300085
vn 3.373432 -2.451299 -4.556019
v 0.075541 -0.213433 0.306696
vn 2.301177 -0.788326 -5.776262
v 0.045571 -0.253416 0.309626
vn 3.159442 -0.803570 -5.323538
v 0.059461 -0.256767 0.315920
vn 4.103609 -1.013697 -4.627911
v 0.070363 -0.258449 0.324571
vn 4.140165 -1.094160 -4.569192
v 0.067381 -0.270201 0.324448
vn 3.226628 -0.700773 -5.278622
v 0.056385 -0.268791 0.315499
vn 2.416255 -0.309126 -5.785027
v 0.042220 -0.265677 0.308795
vn 3.127219 -1.040987 -5.265813
v 0.051722 -0.280467 0.314413
vn 2.278348 -0.623419 -5.789380
v 0.037970 -0.277371 0.307669
vn 4.061211 -1.434616 -4.520909
v 0.062479 -0.281987 0.323032
vn 3.876956 -1.824229 -4.550047
v 0.056146 -0.293597 0.321793
vn 3.062653 -1.328153 -5.285860
v 0.045952 -0.291482 0.313931
vn 2.224057 -0.812428 -5.802330
v 0.033152 -0.288073 0.307385
vn 5.474729 -2.192847 1.960231
v 0.105538 -0.211505 0.380447
vn 5.612271 -2.276361 1.312658
v 0.102009 -0.223996 0.375049
vn 5.794981 -2.006142 0.792381
v 0.098526 -0.236589 0.368827
vn 5.534540 -0.752548 -1.935535
v 0.099276 -0.233575 0.365502
vn 5.469800 -1.009946 -1.754150
v 0.102850 -0.222139 0.371349
vn 5.496578 -1.529983 -1.095982
v 0.106531 -0.211201 0.375997
vn 5.561177 -1.591101 1.987208
v 0.109884 -0.198475 0.382517
vn 5.753091 -0.385805 1.778404
v 0.113840 -0.185299 0.378788
vn 5.460888 -1.779802 -1.156712
v 0.110515 -0.199028 0.377074
vn 5.133073 -1.671097 -1.350717
v 0.114166 -0.187188 0.373810
vn 5.142666 0.093476 -0.831797
v 0.116058 -0.163178 0.352181
vn 5.803882 -0.127117 0.167254
v 0.116469 -0.172615 0.367517
vn 4.833674 -2.540282 -2.226537
v 0.115049 -0.176836 0.366336
vn 4.126640 -3.681277 -2.435140
v 0.113908 -0.169465 0.355292
vn 5.027834 0.630104 -3.659210
v 0.101482 -0.159087 0.326023
vn 5.026634 0.594417 -2.342688
v 0.110476 -0.158188 0.337245
vn 4.222493 -3.737884 -2.087422
v 0.109461 -0.165940 0.341912
vn 4.816790 -2.368683 -2.218624
v 0.103937 -0.166816 0.330033
vn 5.139419 0.128351 -3.387075
v 0.096430 -0.167557 0.316505
vn 5.102637 -1.271529 -3.042851
v 0.091534 -0.180587 0.311366
vn 5.107316 -2.277244 -1.185738
v 0.098358 -0.173611 0.321521
vn 5.223619 -2.858884 0.515459
v 0.091948 -0.183960 0.317779
vn 5.179603 -1.722491 -2.302797
v 0.087190 -0.193908 0.310435
vn 5.083051 -1.639993 -2.069329
v 0.084192 -0.206476 0.311764
vn 5.628636 -1.884147 1.598212
v 0.086560 -0.195742 0.317181
vn 5.693596 -1.343173 1.700201
v 0.083604 -0.207741 0.317915
vn 4.729681 -2.116486 -2.011270
v 0.081589 -0.216182 0.313892
vn 5.275383 -1.270383 -1.330309
v 0.080764 -0.225173 0.321647
vn 5.941922 -0.286182 1.786289
v 0.080709 -0.216272 0.319878
vn 5.940603 0.886168 1.564717
v 0.079868 -0.224464 0.327482
vn 4.494736 -0.443445 -4.312874
v 0.103387 -0.210629 0.371579
vn 4.508481 0.536729 -4.306249
v 0.099500 -0.220102 0.367213
vn 4.087558 0.818463 -4.439632
v 0.096016 -0.230376 0.361129
vn 4.005878 0.429319 -4.763894
v 0.095130 -0.218232 0.363840
vn 1.562551 -2.353907 -1.967341
v 0.087456 -0.221204 0.358869
vn 4.318021 -0.308010 -4.385371
v 0.099454 -0.210001 0.368458
vn 3.450802 -2.561160 -4.537263
v 0.109257 -0.188349 0.369748
vn 4.210579 -1.417117 -4.336394
v 0.106928 -0.199416 0.372239
vn 3.839897 -1.153872 -4.753641
v 0.102575 -0.199439 0.369386
vn 3.242205 -2.229524 -4.759577
v 0.104225 -0.188873 0.367281
vn 2.802017 -3.638156 -4.221227
v 0.109105 -0.179378 0.364040
vn 2.403226 -4.757694 -3.178964
v 0.106508 -0.173175 0.355518
vn 2.880318 -3.482687 -4.255875
v 0.104060 -0.180577 0.361983
vn 2.969577 -4.405900 -3.101820
v 0.101770 -0.174918 0.354335
vn 3.532272 -5.131876 0.165304
v 0.099027 -0.171519 0.333487
vn 2.732148 -5.346767 -1.409519
v 0.102051 -0.170296 0.344758
vn 3.415852 -4.758746 -1.508336
v 0.097912 -0.172528 0.344765
vn 3.376572 -4.979072 0.393119
v 0.093859 -0.173902 0.335214
vn 4.085532 -4.388517 1.751832
v 0.094199 -0.177017 0.325845
vn 4.320730 -3.164375 3.159219
v 0.087921 -0.185435 0.322401
vn 4.079206 -4.175847 1.781939
v 0.090205 -0.178938 0.328177
vn 4.630903 -2.257211 1.123175
v 0.085564 -0.186473 0.324231
vn 4.974937 -1.529116 3.496033
v 0.083772 -0.196531 0.321418
vn 5.266825 -0.983992 3.278033
v 0.081146 -0.207757 0.322045
vn 4.849070 -1.363487 3.680874
v 0.082152 -0.197094 0.323216
vn 4.155140 -1.504627 -0.840047
v 0.078995 -0.209290 0.324969
vn 5.276083 0.410225 3.118377
v 0.078572 -0.215322 0.323950
vn 5.400938 2.128341 2.200558
v 0.078028 -0.223132 0.331443
vn 4.614666 -0.705954 0.993466
v 0.076427 -0.215807 0.326912
vn 1.487985 -0.902439 0.167783
v 0.074286 -0.217366 0.330499
vn -0.333960 -4.041347 4.625965
v 0.107329 -0.218439 0.363306
vn -0.321145 -1.710063 5.920355
v 0.109845 -0.209972 0.367996
vn -0.318707 -1.724688 5.859244
v 0.102184 -0.209937 0.367850
vn -0.527868 -3.950805 4.570903
v 0.097779 -0.218139 0.363183
vn -0.356853 -5.633418 2.362478
v 0.105819 -0.224002 0.355644
vn -0.703252 -5.561649 2.308328
v 0.094736 -0.223423 0.355353
vn -0.563232 -5.657394 2.316683
v 0.124448 -0.225066 0.356385
vn -0.595387 -4.027049 4.558650
v 0.124849 -0.219497 0.364454
vn -0.558939 -1.625094 5.905083
v 0.125395 -0.210700 0.369115
vn 2.009800 0.017618 0.547117
v 0.103342 -0.189035 0.366602
vn 2.273921 -0.501846 0.883024
v 0.101825 -0.199423 0.368626
vn 2.493376 -1.432096 0.952464
v 0.098804 -0.209791 0.367565
vn -0.167754 0.358860 6.207318
v 0.104975 -0.199484 0.368743
vn -0.079470 2.284064 5.719984
v 0.106207 -0.189057 0.366728
vn 1.736408 0.390999 0.055717
v 0.103109 -0.180881 0.361498
vn 1.986218 0.687490 -0.464227
v 0.100971 -0.175396 0.354053
vn 0.013077 4.196464 4.500609
v 0.105984 -0.180914 0.361602
vn 0.095583 5.577833 2.561149
v 0.103888 -0.175445 0.354157
vn 2.386968 0.833701 -1.041867
v 0.097242 -0.173207 0.344755
vn 2.379294 0.199853 -1.263967
v 0.093157 -0.174526 0.335506
vn 0.106222 6.167521 0.268383
v 0.100534 -0.173275 0.344888
vn 0.104549 5.709441 -2.263412
v 0.097135 -0.174653 0.335622
vn 2.821857 -0.301138 -1.937421
v 0.089762 -0.179384 0.328565
vn 3.437332 -0.405785 -3.842695
v 0.085554 -0.186748 0.324480
vn 0.094659 4.012488 -4.609153
v 0.094166 -0.179403 0.328698
vn 0.227831 1.718625 -5.940235
v 0.090344 -0.186819 0.324814
vn 1.855971 -1.708215 -5.619661
v 0.080124 -0.208258 0.325308
vn 2.567923 -0.515353 -0.829495
v 0.081896 -0.197266 0.323481
vn 0.238380 -0.225323 -6.242657
v 0.086482 -0.197162 0.323792
vn 0.158546 -1.827049 -5.957161
v 0.085580 -0.208184 0.325493
vn -1.001105 -4.072069 4.493042
v 0.152271 -0.221528 0.366670
vn -0.961828 -1.553524 5.868898
v 0.152300 -0.211939 0.371883
vn -0.989878 -5.645576 2.358429
v 0.152158 -0.227796 0.357307
vn -2.007241 -3.891718 4.393601
v 0.180450 -0.226463 0.370208
vn -1.916533 -5.515690 1.879922
v 0.180353 -0.234235 0.359377
vn -1.755697 -1.532234 5.692968
v 0.180569 -0.214300 0.377310
vn -0.590950 1.951403 5.937920
v 0.152520 -0.188136 0.368080
vn -0.305439 2.303325 5.790414
v 0.126039 -0.188824 0.366980
vn -0.402042 0.646145 6.167706
v 0.125812 -0.199423 0.369742
vn -0.760223 1.076311 6.043750
v 0.152413 -0.199413 0.372206
vn -1.662929 1.512989 5.712325
v 0.181116 -0.199390 0.377572
vn -1.459724 2.146008 5.508717
v 0.182125 -0.186910 0.370447
vn -0.984939 5.570981 2.306284
v 0.152232 -0.170742 0.356139
vn -0.728649 5.615265 2.467165
v 0.125825 -0.174636 0.354606
vn -0.637498 3.935952 4.636204
v 0.126048 -0.180125 0.362391
vn -0.837986 3.329617 4.867661
v 0.152235 -0.177259 0.364936
vn -1.523729 3.009236 5.069241
v 0.181229 -0.174154 0.367394
vn -1.717638 5.358149 2.463325
v 0.180977 -0.166373 0.358300
vn -0.911089 5.669345 -2.255486
v 0.152429 -0.170869 0.334493
vn -0.495751 5.757700 -2.086041
v 0.124810 -0.173753 0.335700
vn -0.588645 6.174991 0.294028
v 0.125373 -0.172583 0.344972
vn -0.949423 6.135512 -0.056031
v 0.152368 -0.169025 0.344943
vn -1.922230 5.929707 0.131096
v 0.181184 -0.164190 0.344939
vn -2.178924 5.411103 -2.055374
v 0.181145 -0.165901 0.332394
vn -0.835740 2.180712 -5.780762
v 0.152458 -0.184720 0.321945
vn -0.448609 2.019327 -5.849982
v 0.123901 -0.186121 0.324448
vn -0.448586 4.171745 -4.467111
v 0.124331 -0.178317 0.328769
vn -0.879043 4.121201 -4.463774
v 0.152449 -0.176040 0.326764
vn -2.051563 3.858972 -4.399398
v 0.181041 -0.172453 0.323196
vn -1.777644 2.022848 -5.619205
v 0.180870 -0.182667 0.317365
vn -0.687075 -2.121703 -5.611409
v 0.152219 -0.210111 0.320360
vn -0.570202 -1.945563 -5.801950
v 0.123306 -0.208672 0.323898
vn -0.513132 0.173251 -6.230717
v 0.123455 -0.197107 0.322850
vn -0.784188 0.334433 -6.157096
v 0.152364 -0.197046 0.319209
vn -1.585049 -0.020783 -6.012175
v 0.180689 -0.196761 0.314759
vn -1.420427 -2.330941 -5.560490
v 0.180864 -0.211525 0.317511
vn -0.687647 -4.265078 -4.514256
v 0.152022 -0.219684 0.327618
vn -0.765971 -5.373079 -2.926693
v 0.151724 -0.226861 0.336181
vn -0.491301 -5.467357 -2.821672
v 0.124435 -0.223966 0.337174
vn -0.497387 -4.120742 -4.625787
v 0.123865 -0.217631 0.329416
vn -1.283412 -4.214179 -4.435162
v 0.181051 -0.222644 0.325328
vn -1.177780 -5.322673 -3.032224
v 0.180928 -0.230962 0.335638
vn -0.887426 -6.036615 -0.347049
v 0.151815 -0.230021 0.346411
vn -0.547799 -6.130740 -0.367666
v 0.124467 -0.226583 0.346592
vn -1.393893 -5.905851 -0.847342
v 0.180524 -0.235509 0.347077
vn -2.136117 -1.325824 5.585539
v 0.202390 -0.218064 0.385036
vn -2.055227 -3.873929 3.987071
v 0.201652 -0.234814 0.376711
vn -1.527775 -5.418227 1.250120
v 0.201640 -0.243044 0.363054
vn 0.026706 -5.820848 1.252394
v 0.219854 -0.244607 0.365185
vn -0.135547 -3.893433 3.569115
v 0.220786 -0.237928 0.382562
vn -0.288590 -1.237946 5.347036
v 0.221736 -0.220619 0.391889
vn -1.469653 2.204160 5.669957
v 0.203308 -0.183718 0.378092
vn -1.680383 1.320933 5.669116
v 0.202552 -0.199584 0.385466
vn -0.188010 1.579523 5.533628
v 0.221339 -0.200700 0.390566
vn 0.157373 1.846842 5.887402
v 0.220313 -0.182340 0.379988
vn -2.475178 4.958677 2.603699
v 0.198690 -0.159653 0.361650
vn -2.151976 2.752579 4.880086
v 0.200689 -0.168899 0.373186
vn -0.339191 2.284689 4.317646
v 0.218282 -0.163165 0.379186
vn -0.797346 5.071074 2.409614
v 0.216183 -0.152234 0.364199
vn -2.629327 5.587376 0.356817
v 0.199489 -0.154928 0.344095
vn -2.534077 4.931060 -2.179772
v 0.201617 -0.155785 0.325774
vn -0.969955 5.820197 0.193976
v 0.215718 -0.148016 0.342986
vn -1.211098 5.164140 -2.327689
v 0.219143 -0.150781 0.320703
vn -2.542383 1.485017 -5.464341
v 0.201866 -0.179180 0.308772
vn -2.621510 3.336197 -4.453181
v 0.202290 -0.165167 0.314943
vn -1.755518 3.659722 -4.521749
v 0.220216 -0.160975 0.308662
vn -1.758519 1.377551 -5.570602
v 0.220077 -0.175681 0.301010
vn -1.768370 -2.584488 -5.245213
v 0.201672 -0.214390 0.311117
vn -2.138721 -0.384151 -5.781019
v 0.201707 -0.196755 0.306829
vn -1.334788 -0.759219 -5.831250
v 0.219893 -0.197010 0.300147
vn -1.155573 -2.744749 -5.315854
v 0.218894 -0.216117 0.306654
vn -1.715150 -4.411673 -4.053505
v 0.202429 -0.227210 0.321570
vn -1.547892 -5.390175 -2.795690
v 0.202982 -0.235667 0.334251
vn -1.216110 -4.340772 -4.060098
v 0.218949 -0.231580 0.318200
vn -1.141588 -5.531655 -2.281503
v 0.219246 -0.240308 0.331877
vn -1.395669 -5.797666 -1.465776
v 0.202377 -0.241605 0.347452
vn -0.335104 -6.025385 -0.996733
v 0.218725 -0.244144 0.346540
vn 3.048502 -3.270265 2.623699
v 0.235701 -0.235228 0.379308
vn 2.783793 -1.111105 4.493042
v 0.235417 -0.219131 0.389011
vn 2.791781 -4.398357 0.678958
v 0.233512 -0.242909 0.363726
vn 5.758807 -1.997218 0.289316
v 0.241384 -0.229261 0.360968
vn 5.584995 -1.278946 1.151114
v 0.242787 -0.223184 0.374328
vn 5.232603 -0.410270 2.612758
v 0.241238 -0.214959 0.382384
vn 2.633760 1.737382 5.300329
v 0.232677 -0.183705 0.377222
vn 2.557893 1.621348 4.603844
v 0.234948 -0.200571 0.387979
vn 5.071164 1.213004 1.993804
v 0.241956 -0.200150 0.379613
vn 4.326272 1.307765 4.191503
v 0.237745 -0.186987 0.374309
vn 2.901581 4.131230 1.997623
v 0.235530 -0.154643 0.361763
vn 2.898812 2.057523 3.948798
v 0.235824 -0.166082 0.374593
vn 4.897240 0.393929 2.896749
v 0.242894 -0.177832 0.369729
vn 5.576308 1.296150 1.227165
v 0.245219 -0.170144 0.359137
vn 2.218632 5.131838 0.797800
v 0.233780 -0.149187 0.343022
vn 1.193787 4.977030 -1.135711
v 0.236856 -0.148708 0.320693
vn 5.664866 1.546825 1.456433
v 0.245860 -0.165558 0.342591
vn 4.504414 2.423463 0.820612
v 0.252538 -0.160422 0.324471
vn 0.397687 1.369120 -5.395487
v 0.237454 -0.173517 0.297770
vn 0.929034 3.674540 -3.257710
v 0.239236 -0.155552 0.307181
vn 3.985249 1.979966 -1.621382
v 0.254876 -0.164866 0.311314
vn 3.398409 0.850916 -4.051327
v 0.250552 -0.176027 0.301984
vn 0.904335 -0.983886 -5.701812
v 0.238644 -0.197007 0.298455
vn 0.702459 -2.773123 -5.188882
v 0.239883 -0.217311 0.305376
vn 4.258823 -0.515888 -3.675371
v 0.252418 -0.197414 0.305373
vn 3.016605 -1.652471 -3.347777
v 0.251924 -0.215600 0.307462
vn 1.341912 -5.008964 -1.253947
v 0.233690 -0.241877 0.331259
vn 1.058518 -4.423780 -3.528702
v 0.237027 -0.233252 0.317731
vn 3.712591 -2.133950 -0.849819
v 0.252926 -0.224875 0.317763
vn 4.171625 -2.603989 0.494276
v 0.248363 -0.232094 0.331159
vn 2.266704 -5.266766 -0.191291
v 0.231468 -0.243158 0.345822
vn 5.159544 -2.631217 1.227422
v 0.242467 -0.231964 0.345518
vn 6.201787 0.380571 0.667754
v 0.242380 -0.200199 0.369558
vn 6.260787 -0.271232 0.385916
v 0.242978 -0.200529 0.357384
vn 6.208363 -0.162695 0.822429
v 0.244146 -0.200490 0.342375
vn 5.523600 -0.125120 2.370483
v 0.246225 -0.200212 0.329196
vn 5.318231 -0.285555 1.050718
v 0.256206 -0.198740 0.317640
vn 5.539970 -0.911877 -1.457060
v 0.080069 -0.235710 0.328339
vn 5.266975 -0.799569 -2.742570
v 0.079235 -0.247608 0.330835
vn 5.983637 0.774052 1.265571
v 0.079606 -0.234801 0.334212
vn 6.031124 -0.168310 -0.341323
v 0.080855 -0.247233 0.337090
vn 5.056185 -1.475950 -3.072324
v 0.074209 -0.270955 0.331670
vn 5.162908 -1.194803 -3.022310
v 0.077048 -0.259270 0.331602
vn 6.041103 -1.172572 -0.868141
v 0.078943 -0.258973 0.337792
vn 5.862630 -1.671967 -1.121346
v 0.076392 -0.270622 0.337844
vn 4.684987 -2.266382 -3.339102
v 0.063132 -0.294690 0.329348
vn 4.880990 -1.906492 -3.209409
v 0.069374 -0.282669 0.330525
vn 5.603036 -2.279421 -1.369444
v 0.072084 -0.282446 0.336948
vn 5.423852 -2.605770 -1.464213
v 0.066330 -0.294752 0.336201
vn 5.708274 0.266776 1.917435
v 0.080269 -0.246803 0.341476
vn 5.804477 1.346236 1.901239
v 0.077685 -0.233662 0.338193
vn 4.048655 -1.607727 -0.703888
v 0.074021 -0.223734 0.345114
vn 5.035962 0.879224 -1.551508
v 0.075751 -0.235473 0.347501
vn 4.116739 0.229417 -1.306579
v 0.076599 -0.249784 0.347527
vn 5.404740 -1.487310 1.619063
v 0.076880 -0.269820 0.342168
vn 5.597058 -0.899243 1.822590
v 0.079047 -0.258455 0.342184
vn 2.948544 -0.279666 -1.389886
v 0.074286 -0.267957 0.346388
vn 5.045012 -2.515765 1.614039
v 0.066951 -0.294312 0.340894
vn 5.306475 -2.216588 1.311592
v 0.072750 -0.281932 0.341363
vn 2.562764 -0.668907 -1.541553
v 0.070687 -0.281159 0.344959
vn 1.566393 -0.696146 -1.119016
v 0.064031 -0.293982 0.344471
vn 5.067989 -1.086202 -2.560667
v 0.086091 -0.285072 0.349338
vn 5.894422 -1.532320 -0.170025
v 0.087281 -0.282611 0.352410
vn 5.910811 -1.917202 0.638571
v 0.086114 -0.285544 0.354121
vn 5.327394 -1.582546 -1.794823
v 0.084125 -0.292530 0.349144
vn 3.363546 -0.594908 -4.372445
v 0.080282 -0.295279 0.344451
vn 3.001285 0.075282 -5.200226
v 0.083112 -0.284305 0.346411
vn 5.957026 -1.556892 1.249680
v 0.088044 -0.275382 0.358089
vn 5.908578 -1.723236 1.255510
v 0.090544 -0.263164 0.361495
vn 6.051508 -1.266143 0.103357
v 0.088885 -0.274716 0.354700
vn 6.017983 -1.326232 -0.193192
v 0.091544 -0.261744 0.358186
vn 5.890762 -1.919589 0.925475
v 0.094141 -0.249930 0.364826
vn 5.856118 -1.259792 -1.216004
v 0.095056 -0.247427 0.361524
vn 3.016982 -4.194246 -3.409132
v 0.056664 -0.344130 0.355434
vn 3.782504 -3.733068 -3.191947
v 0.063559 -0.337523 0.354642
vn 0.864358 -2.706250 -4.933671
v 0.051088 -0.338089 0.345609
vn 1.538041 -2.541655 -4.736810
v 0.058297 -0.331857 0.343785
vn 1.412917 -5.078049 -3.330960
v 0.043103 -0.352878 0.358869
vn 2.203567 -4.691027 -3.400700
v 0.049914 -0.349137 0.356822
vn -0.395151 -3.092440 -4.619826
v 0.038271 -0.347820 0.350531
vn 0.269878 -2.864630 -4.866267
v 0.044655 -0.343451 0.347828
vn -0.069444 -5.132645 -3.476671
v 0.028844 -0.358257 0.364076
vn 0.681203 -5.189528 -3.373700
v 0.036053 -0.355977 0.361372
vn -1.921844 -3.003402 -4.412466
v 0.025205 -0.353089 0.358025
vn -1.213622 -3.243863 -4.397066
v 0.031745 -0.351016 0.354040
vn -0.835904 -4.944558 -3.534166
v 0.021809 -0.359800 0.366951
vn -2.502780 -2.553223 -4.468088
v 0.018682 -0.354457 0.362168
vn -0.139664 -3.927987 -4.798498
v 0.104205 -0.216868 0.330105
vn -0.208313 -5.435412 -2.891752
v 0.107740 -0.223016 0.337178
vn -0.137185 -5.414931 -2.870957
v 0.096350 -0.222611 0.336657
vn 0.078758 -3.857429 -4.752207
v 0.090919 -0.216932 0.329742
vn -0.169088 -1.933173 -5.905166
v 0.100522 -0.208097 0.325483
vn -0.355366 -6.092405 -0.280349
v 0.095997 -0.225157 0.345725
vn -0.287627 -6.118048 -0.353016
v 0.107074 -0.225629 0.346249
vn -0.248793 0.426883 6.213022
v 0.111660 -0.199481 0.368866
vn -0.087214 2.363513 5.738706
v 0.112873 -0.189167 0.366657
vn -0.160963 5.637609 2.564375
v 0.111986 -0.175675 0.354021
vn -0.188746 4.201607 4.544804
v 0.113096 -0.181059 0.361556
vn -0.105306 5.778849 -2.077970
v 0.106964 -0.174549 0.335910
vn -0.083319 6.203264 0.357072
v 0.109558 -0.173521 0.344797
vn -0.061207 1.906584 -5.887372
v 0.102572 -0.186444 0.325088
vn -0.084682 4.181856 -4.460458
v 0.104626 -0.178892 0.329231
vn 5.337116 -0.522468 -2.660003
v 0.088484 -0.273917 0.351398
vn 5.379954 -0.416084 -2.846921
v 0.090861 -0.260350 0.354474
vn 3.243620 0.261201 -5.056544
v 0.085822 -0.272038 0.348429
vn 3.531371 0.396246 -4.970686
v 0.087954 -0.258216 0.351188
vn 4.853266 -0.055122 -3.767699
v 0.093345 -0.244907 0.357316
vn 2.825612 0.985637 -5.310721
v 0.089060 -0.242268 0.353843
vn -0.086632 -4.864329 -3.479347
v 0.076825 -0.217366 0.329332
vn -0.987734 -5.665314 -2.287840
v 0.079817 -0.221486 0.336984
vn -0.991664 -5.768619 -2.241003
v 0.075800 -0.220370 0.336922
vn 0.327797 -6.056707 -0.339176
v 0.076793 -0.222737 0.345266
vn -1.121957 -5.737368 -0.051214
v 0.081508 -0.224274 0.344982
vn 0.968130 -1.891006 -1.339059
v 0.081550 -0.220373 0.356362
vn 3.797143 -4.039680 1.892616
v 0.051793 -0.317038 0.342540
vn 3.433168 -4.615413 -0.867917
v 0.050493 -0.318726 0.337569
vn 4.837276 -3.331434 -1.270357
v 0.060011 -0.307708 0.336563
vn 4.544976 -2.722346 1.897202
v 0.060913 -0.306530 0.341372
vn 1.028965 -0.476537 -0.786543
v 0.058717 -0.303694 0.344742
vn 0.740458 -0.940668 -1.099422
v 0.051990 -0.313658 0.345528
vn 3.270204 -4.328678 -2.781374
v 0.046622 -0.317442 0.329390
vn 2.826934 -3.703051 -3.982967
v 0.040768 -0.315004 0.321308
vn 3.608953 -2.506217 -4.349634
v 0.049684 -0.304981 0.321127
vn 4.215069 -3.027638 -3.229160
v 0.056418 -0.307070 0.329118
vn 2.854080 -1.892383 -5.118016
v 0.040331 -0.301967 0.313148
vn 1.899658 -1.308527 -5.749458
v 0.028262 -0.297679 0.306800
vn 2.135896 -3.047740 -4.905443
v 0.032586 -0.310360 0.313374
vn 1.256285 -2.260187 -5.581614
v 0.022081 -0.305424 0.307349
vn 1.556580 -3.697105 -4.784615
v 0.021528 -0.315722 0.313633
vn 0.948514 -2.560362 -5.611280
v 0.013925 -0.310822 0.308753
vn 1.808365 -4.665067 -3.550478
v 0.027757 -0.323894 0.323442
vn 1.394901 -5.147015 -3.018034
v 0.014103 -0.329195 0.324736
vn 1.266099 -4.136038 -4.364835
v 0.010173 -0.321391 0.313976
vn 1.045447 -2.840813 -5.192420
v 0.008255 -0.316660 0.309778
vn 2.403752 -5.165888 -1.607275
v 0.033773 -0.327080 0.332824
vn 2.693941 -5.576202 0.238299
v 0.037168 -0.325599 0.341767
vn 1.552742 -5.721075 -0.335755
v 0.019526 -0.332917 0.338649
vn 1.654542 -5.980050 0.889333
v 0.022324 -0.329800 0.348565
vn 2.836065 -4.854381 2.092968
v 0.038258 -0.324324 0.347097
vn 0.152553 -1.758016 -0.998764
v 0.038371 -0.322332 0.349228
vn 1.868627 -5.771248 1.062750
v 0.022980 -0.329227 0.354516
vn -0.808484 -2.861173 -2.067329
v 0.023100 -0.328147 0.358280
vn 0.824091 -6.092139 1.121384
v 0.007728 -0.332022 0.351262
vn 0.792121 -6.203391 0.392302
v 0.008026 -0.331634 0.357591
vn -1.014364 -3.548681 -2.761839
v 0.008123 -0.331168 0.366269
vn 0.002338 -6.272437 0.166315
v -0.005939 -0.332306 0.358500
vn 0.030653 -3.658443 -3.258404
v -0.005972 -0.332811 0.371252
vn -0.005152 -6.113153 1.256414
v -0.005939 -0.332727 0.351941
vn 0.912012 -5.816798 0.205066
v 0.006173 -0.335912 0.340654
vn 0.747576 -5.354581 -2.796311
v 0.003404 -0.332038 0.325693
vn 0.010855 -5.852214 0.265666
v -0.005949 -0.336970 0.340609
vn 0.041654 -5.426088 -2.756066
v -0.005962 -0.332985 0.326237
vn 0.310430 -4.443859 -4.349440
v 0.001493 -0.323406 0.314911
vn 0.186619 -2.738860 -5.480995
v 0.001308 -0.316401 0.309254
vn 0.115392 -4.523632 -4.326661
v -0.005981 -0.324160 0.315651
vn 0.195795 -2.882603 -5.438869
v -0.005968 -0.316695 0.309319
vn 3.048136 -4.888991 -2.117574
v 0.055176 -0.127560 0.263216
vn 2.375243 -3.907727 -4.184037
v 0.051185 -0.138508 0.274229
vn 1.752407 -2.278752 -5.444225
v 0.046402 -0.151574 0.280865
vn 1.536386 -4.524419 -3.946583
v 0.032741 -0.141713 0.268255
vn 1.132344 -3.043699 -5.327630
v 0.030144 -0.152977 0.276111
vn 1.639064 -5.695848 -1.718617
v 0.035221 -0.133702 0.255448
vn 0.888060 -1.280809 -6.068671
v 0.043022 -0.166525 0.283359
vn 0.368511 -1.231500 -6.048994
v 0.040593 -0.182143 0.284859
vn -0.149822 -1.574687 -6.069173
v 0.025506 -0.177330 0.284801
vn 0.486879 -2.259711 -5.836665
v 0.027725 -0.165044 0.280998
vn 0.926525 -1.797489 -5.896710
v 0.039144 -0.224739 0.299261
vn 0.443501 -2.062785 -5.899237
v 0.039471 -0.210322 0.295370
vn 0.930686 -1.496496 -6.000987
v 0.034096 -0.236909 0.302262
vn 0.022571 -1.252781 -6.150838
v 0.020050 -0.232087 0.300729
vn -0.021560 -1.534035 -6.087229
v 0.023621 -0.219338 0.297330
vn -0.303057 -1.959314 -5.931117
v 0.024119 -0.204329 0.293973
vn 0.209782 -2.236284 -5.811648
v 0.039119 -0.196767 0.289455
vn -0.449311 -1.966907 -5.916142
v 0.024258 -0.190697 0.287951
vn 1.421295 -0.623957 -6.062153
v 0.031945 -0.249328 0.304429
vn 1.590022 -0.167149 -6.041774
v 0.029028 -0.261777 0.303753
vn 0.634398 0.081738 -6.217098
v 0.016612 -0.257368 0.301521
vn 0.416929 -0.283735 -6.236583
v 0.018669 -0.244820 0.302566
vn 1.387999 -0.355700 -6.090091
v 0.024976 -0.273552 0.303326
vn 1.105178 -0.539938 -6.115649
v 0.020167 -0.284027 0.303003
vn 0.448093 -0.206632 -6.243810
v 0.013262 -0.269328 0.301508
vn 0.101930 -0.533541 -6.253565
v 0.008618 -0.279671 0.302023
vn 0.476909 -0.972228 -6.109281
v 0.014814 -0.292811 0.303174
vn 0.048188 -1.577040 -6.025474
v 0.009449 -0.300541 0.304678
vn -0.083631 -0.872308 -6.218845
v 0.002609 -0.287640 0.303109
vn 0.010309 -1.135535 -6.176822
v -0.005952 -0.295832 0.304594
vn 0.138908 -1.689208 -6.044416
v 0.004462 -0.307730 0.307100
vn 0.129132 -1.329209 -6.133786
v -0.005936 -0.306734 0.306589
vn 0.251335 -5.904493 -1.918205
v 0.014429 -0.135930 0.251305
vn 0.414624 -4.843414 -3.893722
v 0.013753 -0.143822 0.265513
vn 0.170430 -3.568426 -5.126308
v 0.012689 -0.153941 0.274711
vn -0.073086 -4.818092 -3.905721
v -0.006483 -0.143172 0.265361
vn -0.011570 -3.581664 -5.093631
v -0.006272 -0.153941 0.275150
vn -0.079320 -5.789494 -2.032043
v -0.006696 -0.134494 0.250739
vn -0.094617 -2.680169 -5.674081
v 0.011318 -0.164520 0.280435
vn -0.228574 -2.027336 -5.910090
v 0.010015 -0.175529 0.285273
vn 0.016832 -2.683445 -5.665960
v -0.006127 -0.164617 0.280888
vn 0.031891 -1.979508 -5.948982
v -0.006030 -0.175629 0.285322
vn -0.178232 -1.476824 -6.101186
v 0.008834 -0.215322 0.296761
vn -0.303427 -1.858976 -5.953145
v 0.009135 -0.200720 0.293789
vn -0.193150 -1.291432 -6.134935
v 0.007017 -0.227906 0.300279
vn 0.011109 -1.359436 -6.107369
v -0.005926 -0.225917 0.300299
vn 0.010721 -1.493787 -6.098856
v -0.005930 -0.213650 0.296661
vn 0.023745 -1.868291 -5.944652
v -0.005946 -0.199510 0.293882
vn -0.310452 -1.967107 -5.948205
v 0.009284 -0.187838 0.288472
vn 0.030095 -2.085132 -5.912535
v -0.005978 -0.187314 0.288491
vn 0.046094 -0.261131 -6.243734
v 0.006357 -0.240486 0.302139
vn 0.191673 0.197559 -6.269790
v 0.005286 -0.253006 0.301243
vn -0.004501 0.254877 -6.267796
v -0.005926 -0.250810 0.301095
vn -0.004062 -0.284095 -6.231339
v -0.005926 -0.238300 0.302146
vn 0.092214 -0.109592 -6.281418
v 0.003378 -0.265256 0.301373
vn 0.111547 -0.416693 -6.265007
v -0.000111 -0.275596 0.301622
vn 0.042220 -0.232700 -6.276374
v -0.005933 -0.271670 0.301340
vn 0.026066 -0.079438 -6.281725
v -0.005933 -0.263274 0.301175
vn 0.219689 -4.596815 4.254451
v 0.022259 -0.205396 0.568204
vn 0.150940 -3.971864 4.691150
v 0.028469 -0.196628 0.577609
vn 0.738436 -3.372049 5.144371
v 0.038281 -0.188356 0.582680
vn 1.319967 -2.963094 5.356458
v 0.050357 -0.180183 0.584604
vn 0.091823 -2.409972 5.686597
v 0.032860 -0.175746 0.589931
vn 0.936921 -2.234036 5.760777
v 0.046428 -0.168382 0.591066
vn 1.908611 -2.606086 5.321380
v 0.063665 -0.171787 0.585484
vn 2.799855 -2.243604 5.087890
v 0.076938 -0.162812 0.583614
vn 1.645303 -1.933000 5.699731
v 0.061295 -0.159966 0.590998
vn 2.511964 -1.784813 5.436877
v 0.075823 -0.150733 0.588521
vn 3.427987 -2.122870 4.793321
v 0.089399 -0.153534 0.579290
vn 4.042685 -2.025518 4.277485
v 0.101825 -0.145015 0.573631
vn 3.157175 -1.925605 5.067331
v 0.088927 -0.141487 0.584277
vn 4.003285 -1.686467 4.463597
v 0.101812 -0.133039 0.578618
vn 5.083873 -1.493551 3.199193
v 0.112145 -0.137602 0.564989
vn 5.782678 -1.119530 2.140434
v 0.118620 -0.131487 0.553117
vn 5.096204 -1.203200 3.328660
v 0.112510 -0.125452 0.569226
vn 5.768394 -1.020249 2.230636
v 0.119593 -0.119129 0.556370
vn 5.964591 -1.064017 1.633311
v 0.123296 -0.127767 0.540083
vn 6.025962 -1.045919 1.436576
v 0.126666 -0.126888 0.526619
vn 6.003026 -1.072693 1.509065
v 0.128451 -0.113964 0.527751
vn 5.967056 -0.989242 1.697411
v 0.124567 -0.115067 0.542237
vn 6.055670 -1.080227 1.276370
v 0.129493 -0.128405 0.513043
vn 6.051239 -1.346562 0.974538
v 0.131850 -0.130358 0.498939
vn 6.067741 -1.165957 1.139410
v 0.134228 -0.117056 0.499272
vn 6.030316 -1.159435 1.325823
v 0.131679 -0.115391 0.513534
vn 0.053435 -0.216928 6.260232
v 0.033304 -0.062606 0.615490
vn -0.012982 0.452216 6.249639
v 0.033705 -0.037823 0.614892
vn 0.510461 -0.160426 6.228838
v 0.047931 -0.059841 0.615115
vn 0.566731 0.527385 6.212447
v 0.048087 -0.035838 0.614193
vn 0.023388 1.022694 6.175823
v 0.033960 -0.010605 0.611719
vn 0.716649 1.127676 6.113038
v 0.048022 -0.009412 0.610700
vn 1.365411 0.003186 6.083169
v 0.063080 -0.055999 0.613080
vn 1.369954 0.629974 6.062153
v 0.062951 -0.033360 0.611790
vn 2.408031 0.112434 5.754498
v 0.077592 -0.051342 0.608362
vn 2.261230 0.655025 5.779999
v 0.077359 -0.030243 0.607084
vn 1.422144 1.231354 5.969920
v 0.062479 -0.008179 0.607873
vn 2.019483 1.193775 5.804130
v 0.076874 -0.006562 0.603284
vn 3.221714 0.124832 5.363406
v 0.090716 -0.046051 0.601363
vn 2.990115 0.534158 5.470875
v 0.090509 -0.026203 0.600280
vn 3.801648 0.070424 4.983004
v 0.102989 -0.040970 0.592757
vn 3.518320 0.215311 5.182303
v 0.102924 -0.022173 0.592220
vn 2.466821 0.927021 5.674484
v 0.090667 -0.004176 0.597424
vn 2.917805 0.475507 5.497596
v 0.103875 -0.001815 0.590917
vn 4.608144 -0.110620 4.174476
v 0.114939 -0.037002 0.582599
vn 4.349150 -0.236843 4.439812
v 0.115088 -0.019179 0.583023
vn 5.481622 -0.315449 2.981932
v 0.124473 -0.034599 0.568792
vn 5.306977 -0.844790 3.160016
v 0.125085 -0.017445 0.570154
vn 3.705820 -0.178250 4.946116
v 0.116589 -0.000599 0.583352
vn 4.321142 -1.633232 4.025054
v 0.129257 -0.000644 0.571781
vn 5.869920 -0.797330 2.056529
v 0.131967 -0.017209 0.552887
vn 5.877048 -0.293657 2.184466
v 0.131534 -0.034305 0.551913
vn 6.013175 -0.619620 1.663377
v 0.137245 -0.018309 0.535342
vn 6.027586 -0.183215 1.711375
v 0.137235 -0.035246 0.534941
vn 3.019234 -3.654216 1.479474
v 0.139037 -0.005841 0.537004
vn 4.040552 -3.551384 1.777735
v 0.134380 -0.004473 0.554229
vn 6.084270 -0.625399 1.313166
v 0.140874 -0.020640 0.518625
vn 6.146092 -0.123201 1.250683
v 0.141110 -0.036594 0.518305
vn 6.096358 -0.676078 1.124316
v 0.143506 -0.023891 0.502742
vn 6.199181 -0.092683 0.977285
v 0.143868 -0.038638 0.502292
vn 2.258364 -3.654882 1.469806
v 0.145388 -0.014101 0.504799
vn 2.497256 -3.625205 1.515320
v 0.142652 -0.009437 0.520730
vn 0.070098 -1.867103 5.987645
v 0.032579 -0.142871 0.600180
vn 0.182072 -1.608603 6.054686
v 0.032178 -0.125284 0.605509
vn 0.862792 -1.792999 5.939610
v 0.046078 -0.139051 0.600425
vn 0.787606 -1.545417 6.021174
v 0.045803 -0.121965 0.605289
vn 0.236120 -1.229092 6.150210
v 0.031777 -0.106257 0.609782
vn 0.582231 -1.255697 6.121378
v 0.045742 -0.103001 0.609491
vn 1.527789 -1.801848 5.813760
v 0.060829 -0.131994 0.599303
vn 1.259382 -1.650586 5.916972
v 0.060768 -0.115526 0.604322
vn 2.183577 -1.898695 5.547071
v 0.076123 -0.123505 0.597473
vn 2.172472 -1.488611 5.620885
v 0.076382 -0.107755 0.602686
vn 1.099673 -1.228607 6.030916
v 0.061036 -0.097212 0.608999
vn 2.278528 -0.917255 5.711091
v 0.076424 -0.090229 0.606266
vn 3.277541 -1.502300 5.085745
v 0.090441 -0.115032 0.593174
vn 3.408079 -1.058268 5.128671
v 0.090509 -0.100087 0.596726
vn 4.217169 -1.079045 4.505391
v 0.102679 -0.107069 0.585261
vn 4.135015 -0.956996 4.608902
v 0.102915 -0.093010 0.588236
vn 3.374510 -0.696447 5.222716
v 0.090457 -0.083699 0.599465
vn 3.988856 -0.659726 4.778493
v 0.103148 -0.077538 0.590878
vn 4.998322 -1.020783 3.577485
v 0.113562 -0.100536 0.575151
vn 4.881208 -0.919846 3.733732
v 0.114008 -0.086665 0.578524
vn 5.663775 -0.955229 2.475814
v 0.121669 -0.094867 0.562146
vn 5.623054 -0.785952 2.615170
v 0.122320 -0.081106 0.565529
vn 4.769876 -0.569116 3.912394
v 0.114341 -0.071413 0.581344
vn 5.571123 -0.515943 2.769965
v 0.122889 -0.066287 0.568149
vn 5.932658 -0.918339 1.835130
v 0.127630 -0.089986 0.546891
vn 5.908965 -0.789324 1.968663
v 0.128736 -0.076940 0.549268
vn 6.003260 -0.955860 1.584790
v 0.132361 -0.087703 0.530992
vn 6.004344 -0.910227 1.595751
v 0.134043 -0.075071 0.532379
vn 6.007957 -0.713071 1.664552
v 0.135482 -0.062726 0.533521
vn 5.881233 -0.589901 2.117438
v 0.129697 -0.063444 0.551066
vn 6.076257 -0.840166 1.357703
v 0.137656 -0.076254 0.516157
vn 6.050813 -0.873025 1.443741
v 0.136113 -0.088796 0.515465
vn 6.116089 -0.723416 1.239197
v 0.140773 -0.078091 0.500536
vn 6.086219 -0.954263 1.205352
v 0.139244 -0.090753 0.500268
vn 6.144193 -0.658605 1.130500
v 0.142122 -0.065592 0.500873
vn 6.098634 -0.749166 1.295316
v 0.139292 -0.063848 0.516733
vn -0.073864 -1.912171 5.961363
v 0.031945 -0.159801 0.594931
vn 0.797533 -1.852062 5.938336
v 0.045613 -0.154420 0.595636
vn 1.593740 -1.725350 5.819625
v 0.060622 -0.146571 0.594853
vn 2.309590 -1.855136 5.528072
v 0.075593 -0.137590 0.592553
vn 3.100497 -1.865722 5.105689
v 0.089603 -0.128738 0.588880
vn 4.126064 -1.342578 4.482263
v 0.102310 -0.120452 0.582366
vn 5.075714 -1.043769 3.440203
v 0.113041 -0.113282 0.572305
vn 5.715115 -1.028254 2.338224
v 0.120686 -0.107234 0.559229
vn 5.938861 -1.036962 1.761062
v 0.126178 -0.102590 0.544536
vn 5.986583 -1.057826 1.585073
v 0.130592 -0.100792 0.529359
vn 6.015180 -1.115472 1.395790
v 0.134341 -0.102040 0.514482
vn 6.061154 -1.207850 1.129050
v 0.136815 -0.103874 0.499783
vn 0.186358 -0.828946 6.215679
v 0.032366 -0.085413 0.613362
vn 0.487994 -0.824681 6.197453
v 0.046780 -0.082267 0.613068
vn 1.216592 -0.661954 6.088827
v 0.062107 -0.077273 0.611971
vn 2.394199 -0.411478 5.737849
v 0.077032 -0.071364 0.608097
vn 3.314461 -0.297192 5.305422
v 0.090606 -0.065469 0.601020
vn 3.902301 -0.236856 4.893581
v 0.103157 -0.059815 0.592427
vn 4.713319 -0.220763 4.045676
v 0.114616 -0.054612 0.582369
vn 5.530615 -0.325534 2.891882
v 0.123645 -0.050815 0.568699
vn 5.865415 -0.425086 2.199950
v 0.130680 -0.049469 0.551629
vn 6.011039 -0.464162 1.727619
v 0.136569 -0.049760 0.534349
vn 6.124367 -0.478640 1.287908
v 0.140495 -0.050850 0.517561
vn 6.175630 -0.456122 1.033232
v 0.143335 -0.052561 0.501510
vn 6.084129 -1.280913 0.885992
v 0.136488 -0.118253 0.485210
vn 6.028700 -1.607988 0.661654
v 0.133613 -0.131264 0.484767
vn 5.999657 -1.821415 0.328095
v 0.134693 -0.131212 0.470550
vn 6.084454 -1.465576 0.451854
v 0.138096 -0.118731 0.470857
vn 6.121639 -1.049532 0.913568
v 0.141653 -0.091975 0.485384
vn 6.093671 -1.196809 0.944271
v 0.139130 -0.105048 0.485323
vn 6.127591 -1.232381 0.531368
v 0.141019 -0.105640 0.470617
vn 6.169208 -1.012545 0.512866
v 0.143480 -0.092454 0.470132
vn 6.196453 -0.508897 0.849928
v 0.144687 -0.067027 0.485608
vn 6.161953 -0.726800 0.920135
v 0.143555 -0.079385 0.485397
vn 6.215759 -0.664821 0.431351
v 0.145295 -0.079912 0.469932
vn 6.251749 -0.366396 0.333606
v 0.146187 -0.067917 0.470013
vn 6.148829 -0.698077 0.839879
v 0.145673 -0.027665 0.487823
vn 6.239036 -0.103734 0.652130
v 0.145890 -0.041581 0.487241
vn 6.206503 -0.707990 0.308061
v 0.146876 -0.031472 0.472040
vn 6.272853 -0.075769 0.179957
v 0.146876 -0.044560 0.471442
vn 1.747758 -3.604485 1.058385
v 0.148781 -0.023328 0.472710
vn 2.045758 -3.694209 1.359394
v 0.147620 -0.018761 0.489252
vn 6.036583 -1.717805 0.146777
v 0.135560 -0.130646 0.455084
vn 6.101624 -1.478533 0.070932
v 0.138778 -0.118376 0.454909
vn 6.055361 -1.600409 -0.318638
v 0.135870 -0.129210 0.438024
vn 6.117917 -1.288828 -0.475554
v 0.138691 -0.117111 0.437180
vn 6.149652 -1.231970 -0.010115
v 0.141789 -0.105277 0.454411
vn 6.198171 -0.907499 -0.126570
v 0.144182 -0.091946 0.453748
vn 6.156057 -1.023628 -0.647045
v 0.141071 -0.103719 0.436329
vn 6.180951 -0.749179 -0.759904
v 0.142979 -0.090255 0.435640
vn 6.241918 -0.533794 -0.228610
v 0.145576 -0.079485 0.453302
vn 6.262061 -0.269670 -0.268950
v 0.146229 -0.068011 0.453137
vn 6.205074 -0.456749 -0.800884
v 0.144121 -0.078017 0.435346
vn 6.217437 -0.222067 -0.817789
v 0.144664 -0.067018 0.435178
vn 6.055685 -1.356254 -0.911094
v 0.134706 -0.126144 0.419699
vn 6.112944 -1.060187 -0.973808
v 0.136740 -0.113838 0.418082
vn 5.988058 -1.334647 -1.320197
v 0.132057 -0.122486 0.401414
vn 6.034243 -1.051033 -1.346418
v 0.134079 -0.110054 0.399166
vn 6.141441 -0.850345 -1.012036
v 0.138497 -0.100746 0.416701
vn 6.159341 -0.619758 -1.069271
v 0.139926 -0.087755 0.415964
vn 6.066906 -0.768722 -1.371854
v 0.135735 -0.097425 0.397791
vn 6.102395 -0.467006 -1.383655
v 0.136860 -0.084857 0.397620
vn 6.169943 -0.372487 -1.114964
v 0.141000 -0.075727 0.416284
vn 6.173501 -0.103429 -1.152196
v 0.141488 -0.064773 0.416656
vn 6.120160 -0.225029 -1.376456
v 0.137811 -0.072713 0.398901
vn 6.123198 0.104456 -1.371616
v 0.138212 -0.061400 0.399987
vn 5.844923 -1.267046 -1.865080
v 0.128193 -0.119294 0.383636
vn 5.863535 -0.928530 -2.020946
v 0.129703 -0.106759 0.381589
vn 5.684476 -1.049558 -2.409408
v 0.122219 -0.116868 0.366388
vn 5.700629 -0.754978 -2.530634
v 0.123054 -0.104291 0.364981
vn 5.874444 -0.705673 -2.042335
v 0.131656 -0.094171 0.381585
vn 5.940067 -0.373837 -1.957889
v 0.133267 -0.081478 0.383167
vn 5.708085 -0.654040 -2.529723
v 0.125463 -0.091610 0.366204
vn 5.762256 -0.290997 -2.471010
v 0.128002 -0.078308 0.369470
vn 5.985668 -0.104860 -1.858562
v 0.134561 -0.068735 0.385676
vn 5.991503 0.317757 -1.788625
v 0.134991 -0.056711 0.387387
vn 5.798578 0.052498 -2.387652
v 0.130263 -0.064010 0.373911
vn 5.793745 0.540682 -2.323338
v 0.131055 -0.050695 0.377439
vn 5.650300 -0.897119 -2.591630
v 0.114619 -0.115083 0.349584
vn 5.689443 -0.809210 -2.536909
v 0.115693 -0.103259 0.348652
vn 5.629853 -0.934392 -2.624487
v 0.106320 -0.110821 0.330179
vn 5.666270 -1.203844 -2.395061
v 0.108112 -0.099530 0.330467
vn 5.820568 -0.335165 -2.332200
v 0.120725 -0.075798 0.353093
vn 5.764089 -0.712185 -2.389665
v 0.117827 -0.090326 0.349445
vn 5.818461 -1.088463 -2.092732
v 0.111330 -0.088240 0.331728
vn 5.967324 -0.680071 -1.830363
v 0.114115 -0.073855 0.333720
vn 5.810070 0.200830 -2.369939
v 0.124312 -0.058725 0.360961
vn 5.749572 0.472986 -2.455639
v 0.126000 -0.043483 0.368778
vn 6.040993 -0.196175 -1.663961
v 0.118464 -0.056138 0.344985
vn 5.770448 -0.825493 -1.755256
v 0.121407 -0.036578 0.357695
vn 2.798129 -3.890066 3.202945
v 0.141592 -0.000181 0.560277
vn 1.393909 -5.748096 1.567539
v 0.139764 -0.002229 0.553666
vn -0.277436 -6.014141 1.231255
v 0.144845 -0.004421 0.541315
vn 1.577348 -4.736310 2.367530
v 0.150502 -0.004447 0.546888
vn -1.240743 -5.913738 1.491102
v 0.148778 -0.008661 0.526574
vn -1.827320 -5.762764 1.609827
v 0.151821 -0.014130 0.510106
vn 0.368173 -5.326101 2.023764
v 0.159991 -0.016148 0.514686
vn 0.945628 -5.074631 2.168517
v 0.156307 -0.009793 0.531778
vn -2.270705 -5.604581 1.603230
v 0.153833 -0.019813 0.492454
vn -2.795217 -5.378917 1.567870
v 0.154402 -0.025475 0.473797
vn -0.866026 -5.489917 1.799799
v 0.161937 -0.029942 0.474466
vn -0.230815 -5.488688 1.891890
v 0.161899 -0.023063 0.495022
vn 1.259141 -3.216208 0.722639
v 0.148157 -0.027678 0.453742
vn 6.215861 -0.665393 -0.199585
v 0.146575 -0.034809 0.453574
vn 6.267780 -0.020321 -0.320577
v 0.146666 -0.046824 0.453554
vn 6.143248 -0.897982 -0.556203
v 0.144874 -0.037219 0.434256
vn 6.221367 -0.079342 -0.838430
v 0.144832 -0.047632 0.434479
vn 0.802873 -2.942758 0.525764
v 0.146420 -0.031614 0.434453
vn 6.222368 -0.354415 0.727617
v 0.145479 -0.054566 0.486316
vn 6.265406 -0.214036 0.246850
v 0.146659 -0.056381 0.470611
vn 6.266395 -0.124942 -0.299211
v 0.146546 -0.057477 0.453302
vn 6.217042 -0.071687 -0.855455
v 0.144816 -0.057231 0.434842
vn -5.163139 -3.436511 -0.263961
v 0.132429 -0.033396 0.364571
vn -4.638958 -4.058581 0.693085
v 0.135942 -0.036171 0.370405
vn -2.507612 -5.108132 -1.310110
v 0.131941 -0.032542 0.372970
vn -2.535190 -5.023988 -0.953426
v 0.129690 -0.029958 0.368707
vn 2.104522 -3.109890 -1.337098
v 0.127526 -0.029951 0.370124
vn 3.319849 -3.336916 -2.977586
v 0.129865 -0.034033 0.375770
vn -4.999108 -2.730606 -2.410077
v 0.131039 -0.029062 0.359736
vn -5.201582 -3.350983 -0.044899
v 0.139674 -0.045297 0.358478
vn -2.359504 -4.646499 -0.659315
v 0.147468 -0.055672 0.351346
vn -2.437664 -4.912737 0.608183
v 0.149020 -0.055915 0.368629
vn -5.120039 -3.501257 0.960556
v 0.142400 -0.046630 0.369444
vn -5.350465 -1.965439 -1.923810
v 0.140405 -0.042730 0.345014
vn -4.217411 -3.838439 -1.894489
v 0.146158 -0.050068 0.340881
vn 5.968471 0.333200 -1.916823
v 0.133707 -0.046303 0.386802
vn 5.713541 0.005252 -2.558062
v 0.129946 -0.040411 0.377743
vn 5.327471 -1.770732 -2.313793
v 0.133193 -0.038784 0.385153
vn 5.934647 -0.717844 -1.806934
v 0.137193 -0.043240 0.398442
vn 6.095385 0.233791 -1.498499
v 0.137481 -0.051365 0.399299
vn -3.899733 -4.518024 0.524031
v 0.139405 -0.037354 0.383461
vn -1.782758 -4.853575 0.402682
v 0.142284 -0.037031 0.400311
vn 3.469079 -3.936362 -1.069656
v 0.138865 -0.037713 0.399046
vn 0.580141 -4.862145 -1.300639
v 0.135279 -0.035411 0.383849
vn -5.073309 -3.528767 1.110105
v 0.144984 -0.045802 0.384444
vn -2.496554 -4.848122 1.184845
v 0.150825 -0.053645 0.385153
vn -2.257719 -5.010743 1.345928
v 0.152717 -0.049987 0.401595
vn -4.827956 -3.819237 1.219666
v 0.147086 -0.043380 0.401414
vn 6.160349 0.012748 -1.233136
v 0.141313 -0.055052 0.416055
vn 6.136847 -0.359980 -1.279167
v 0.141307 -0.046294 0.415485
vn 0.212633 -3.639944 0.418846
v 0.144509 -0.034926 0.416983
vn 5.627478 -2.111544 -0.782684
v 0.142154 -0.038253 0.415967
vn -4.599483 -4.037233 1.389467
v 0.148810 -0.039968 0.418005
vn -2.114798 -5.092308 1.461249
v 0.154696 -0.046148 0.418448
vn -1.889476 -5.194504 1.611804
v 0.157177 -0.041737 0.436061
vn -4.270460 -4.353615 1.507346
v 0.150718 -0.035760 0.435272
vn -3.556666 -4.886844 1.682891
v 0.153021 -0.030876 0.454308
vn -1.445144 -5.332135 1.849106
v 0.160033 -0.036261 0.454786
vn -0.374159 1.523211 6.081303
v 0.006968 0.017791 0.604083
vn -0.336998 2.148014 5.884920
v 0.007075 0.044301 0.596331
vn -0.038247 2.122966 5.905815
v -0.005962 0.043680 0.595991
vn -0.039238 1.542906 6.087888
v -0.005965 0.017542 0.603627
vn -0.357784 1.540772 6.067911
v 0.020412 0.018518 0.605063
vn -0.192502 2.242991 5.840035
v 0.020564 0.045539 0.596806
vn 0.210962 1.634684 6.030732
v 0.034303 0.019495 0.605260
vn 0.961125 1.748336 5.931613
v 0.048274 0.020268 0.603592
vn 0.433121 2.372562 5.754907
v 0.034471 0.046597 0.596337
vn 1.206856 2.482857 5.598133
v 0.048413 0.047043 0.594106
vn 1.493249 1.841573 5.801715
v 0.062385 0.020760 0.600306
vn 1.721416 1.866062 5.726186
v 0.076906 0.021096 0.596101
vn 1.721094 2.579659 5.444637
v 0.062249 0.046794 0.590199
vn 1.790446 2.683349 5.384127
v 0.076702 0.045727 0.585665
vn 1.893130 1.748390 5.677990
v 0.091809 0.021351 0.591629
vn 2.371926 1.477440 5.520970
v 0.106314 0.020779 0.586684
vn 1.859485 2.785429 5.285428
v 0.092375 0.043880 0.581732
vn 2.278447 2.741625 5.090416
v 0.108267 0.040695 0.577644
vn 3.094366 0.913317 5.230295
v 0.119952 0.018357 0.580500
vn 3.506754 -0.112053 4.981785
v 0.133151 0.014298 0.572415
vn 2.880123 2.380843 4.964616
v 0.123620 0.035336 0.572411
vn 3.447119 1.605423 4.809251
v 0.138464 0.028845 0.566173
vn 3.955789 -1.156988 4.449342
v 0.145841 0.009046 0.561619
vn 4.502154 -2.036402 3.457698
v 0.156087 0.002956 0.548039
vn 4.365168 0.577545 4.217834
v 0.151275 0.022335 0.556946
vn 5.251346 -0.272795 3.197172
v 0.161009 0.015472 0.544084
vn 4.570788 -2.753392 2.727819
v 0.162824 -0.004049 0.532266
vn 4.300373 -3.364041 2.198189
v 0.167326 -0.011895 0.514650
vn 5.874602 -0.999960 1.592208
v 0.172435 -0.000660 0.510743
vn 5.702680 -0.734407 2.300612
v 0.167736 0.007778 0.528330
vn 3.893877 -3.925905 1.774771
v 0.169622 -0.020246 0.494537
vn 3.450244 -4.359387 1.499702
v 0.169738 -0.028244 0.473793
vn 5.836193 -1.639853 0.632408
v 0.175715 -0.018014 0.471866
vn 5.894468 -1.302462 1.029297
v 0.175123 -0.009502 0.491484
vn 2.423632 -4.843648 -0.090705
v 0.153707 -0.056103 0.366301
vn 1.401529 -4.440582 -1.185002
v 0.152798 -0.054728 0.344192
vn -0.548124 -2.960007 -2.109005
v 0.151740 -0.049127 0.326945
vn 4.919032 -3.622001 -0.983899
v 0.156695 -0.048111 0.337326
vn 1.251076 -2.758815 -3.182920
v 0.157504 -0.041245 0.320729
vn 5.398313 -3.176344 -0.411778
v 0.157348 -0.050116 0.363270
vn 2.526343 -5.062006 0.702176
v 0.158765 -0.050107 0.400091
vn 2.344594 -4.960778 0.549999
v 0.155925 -0.053984 0.383966
vn 5.341815 -3.176653 -0.362105
v 0.160388 -0.048114 0.382187
vn 5.390283 -2.955142 -0.308091
v 0.164088 -0.043700 0.398516
vn 2.509729 -5.089258 0.774064
v 0.161983 -0.045996 0.417710
vn 2.619461 -4.993156 0.990854
v 0.165320 -0.041164 0.436132
vn 5.395192 -2.741474 -0.358560
v 0.168409 -0.038603 0.416679
vn 5.473152 -2.466544 -0.105666
v 0.172461 -0.032616 0.435450
vn 2.979724 -4.731091 1.265639
v 0.168147 -0.035220 0.454592
vn 5.671916 -2.061940 0.285901
v 0.174871 -0.025718 0.453515
vn 1.315583 3.823381 4.766265
v 0.149939 0.111661 0.518078
vn 1.660275 3.253612 5.087721
v 0.141566 0.095342 0.532263
vn 2.086074 2.852560 5.173763
v 0.158412 0.091975 0.527997
vn 1.625637 3.331286 5.045310
v 0.166727 0.109892 0.514226
vn 2.720438 2.052505 5.189624
v 0.176604 0.089630 0.521493
vn 2.326950 2.635089 5.123558
v 0.185058 0.107945 0.509042
vn 1.114597 3.998118 4.627716
v 0.171333 0.125464 0.501908
vn 1.919799 3.474429 4.724333
v 0.189463 0.122935 0.498518
vn 0.456209 4.528164 4.202709
v 0.154680 0.126305 0.504133
vn 3.609220 0.877802 4.947925
v 0.191973 0.086296 0.512949
vn 2.996859 1.680470 5.210559
v 0.201242 0.103844 0.501849
vn 4.238521 -0.663745 4.376818
v 0.203402 0.082489 0.503677
vn 3.959008 0.255955 4.489878
v 0.216523 0.099003 0.493874
vn 2.978145 2.857819 4.367593
v 0.210071 0.117922 0.492060
vn 4.524969 1.869250 2.675611
v 0.225068 0.112117 0.482247
vn 4.699743 -2.205047 3.430842
v 0.209909 0.078796 0.494304
vn 5.092681 -1.067174 2.967410
v 0.224152 0.094507 0.484110
vn 4.806750 -2.964305 2.671515
v 0.213981 0.074637 0.484113
vn 5.539051 -1.680721 1.991995
v 0.227445 0.089504 0.472752
vn 5.750031 1.079662 1.444279
v 0.229747 0.107217 0.470090
vn 5.865961 0.534442 0.404051
v 0.233049 0.102453 0.456960
vn 4.859171 -3.348834 1.984278
v 0.217011 0.070290 0.472393
vn 5.604105 -2.067774 1.122114
v 0.229421 0.084093 0.460097
vn 4.913405 -3.655802 1.296122
v 0.217645 0.065584 0.459227
vn 5.573906 -2.385129 0.263770
v 0.228547 0.077767 0.446740
vn 5.982479 0.054302 -0.811209
v 0.232406 0.096755 0.444411
vn 5.784307 -0.556163 -1.614508
v 0.229809 0.088576 0.432513
vn 5.763790 -2.149277 -0.117773
v 0.184350 -0.001782 0.340761
vn 6.012622 -1.775546 0.260974
v 0.185779 0.007532 0.359910
vn 5.783733 -2.400906 0.349973
v 0.181536 -0.005340 0.357837
vn 5.422597 -3.146270 -0.294486
v 0.177982 -0.012814 0.333911
vn 4.456109 -0.183331 -2.190260
v 0.181847 -0.005586 0.327126
vn 4.887298 -2.027884 -2.500258
v 0.174027 -0.016517 0.319726
vn 4.871128 1.140203 -2.111762
v 0.185123 0.003932 0.337326
vn 5.349710 0.772645 -1.055003
v 0.187154 0.009679 0.348833
vn 5.646916 0.737928 -1.753068
v 0.187962 0.018360 0.362213
vn 5.897650 -1.994354 -0.417806
v 0.190883 0.021076 0.378536
vn 5.766129 -2.239112 -0.973452
v 0.197662 0.035992 0.395233
vn 5.617076 -2.796936 -0.173015
v 0.191856 0.023282 0.398804
vn 5.771521 -2.457803 0.251275
v 0.184997 0.008101 0.379402
vn 5.468150 0.072361 -2.378882
v 0.192937 0.031232 0.376711
vn 5.494546 -0.706886 -2.618485
v 0.198952 0.044692 0.389871
vn 5.508040 -2.644307 -1.342226
v 0.205993 0.048243 0.408849
vn 5.254945 -2.978605 -1.309556
v 0.215611 0.059161 0.421058
vn 5.117450 -3.609079 0.066562
v 0.209857 0.049880 0.431181
vn 5.422141 -3.111365 -0.402442
v 0.201261 0.037176 0.415822
vn 5.399455 -1.285682 -2.744322
v 0.205404 0.054782 0.399658
vn 5.263328 -1.423807 -2.859676
v 0.213237 0.064643 0.408823
vn 4.947365 -3.766052 0.805957
v 0.215452 0.059032 0.445579
vn 5.359773 -2.742126 -0.635409
v 0.224143 0.069213 0.433761
vn 5.392128 -1.204960 -2.661921
v 0.222487 0.076969 0.420236
vn 2.358485 3.287778 4.793319
v 0.109435 0.054776 0.567463
vn 2.743417 2.863326 4.865637
v 0.127860 0.048521 0.561225
vn 3.406237 2.043912 4.833924
v 0.144897 0.041972 0.554417
vn 2.322414 2.363221 5.327472
v 0.135528 0.061283 0.550892
vn 3.243273 1.327416 5.158674
v 0.154913 0.055688 0.543702
vn 1.961389 3.230275 5.008705
v 0.111382 0.069136 0.556632
vn 4.555388 0.807007 4.174671
v 0.157035 0.036225 0.545989
vn 5.453083 -0.275186 3.052245
v 0.165146 0.030368 0.534372
vn 4.412772 -0.076097 4.382072
v 0.166853 0.051041 0.534854
vn 5.106223 -1.430412 3.313456
v 0.174298 0.046510 0.524103
vn 5.832204 -0.802500 2.095562
v 0.170653 0.024084 0.519673
vn 5.995241 -0.995964 1.413093
v 0.174298 0.017613 0.503373
vn 5.331634 -2.251513 2.373031
v 0.179234 0.041736 0.510691
vn 5.388273 -2.578305 1.789648
v 0.182374 0.037005 0.496070
vn 6.068964 -1.090201 0.940182
v 0.176407 0.010779 0.486329
vn 6.093651 -1.138376 0.592178
v 0.176950 0.003043 0.468670
vn 5.392311 -2.792858 1.274871
v 0.185058 0.026539 0.466290
vn 5.379765 -2.743795 1.493300
v 0.184398 0.032409 0.481513
vn 6.122434 -1.227604 0.255456
v 0.176802 -0.005660 0.451319
vn 6.099659 -1.404620 -0.250552
v 0.175091 -0.014580 0.433910
vn 5.676189 -2.576358 0.472651
v 0.182316 0.007597 0.433018
vn 5.512481 -2.690671 1.055149
v 0.184434 0.017810 0.449838
vn 6.038803 -1.581019 -0.599627
v 0.171643 -0.023056 0.416139
vn 5.974110 -1.843685 -0.369134
v 0.167759 -0.030666 0.398393
vn 5.754110 -2.382893 0.122608
v 0.173380 -0.013600 0.398991
vn 5.761654 -2.451584 -0.009467
v 0.178231 -0.003241 0.416268
vn 5.758249 -2.484173 -0.294575
v 0.164958 -0.037303 0.381019
vn 5.518339 -2.988318 -0.305612
v 0.162070 -0.040996 0.360195
vn 5.396533 -3.204331 -0.117650
v 0.168063 -0.029793 0.357734
vn 5.702783 -2.604427 0.302387
v 0.170996 -0.023338 0.380353
vn 5.341365 -3.193680 -0.760141
v 0.160469 -0.040508 0.332226
vn 2.888196 -3.444059 -3.260189
v 0.161439 -0.034732 0.318649
vn 5.195597 -3.497308 -0.397094
v 0.165734 -0.031323 0.331608
vn 4.697005 -3.618545 -1.278283
v 0.165443 -0.030986 0.320063
vn 1.577111 2.917275 5.322109
v 0.128665 0.081509 0.544032
vn 2.139658 2.312900 5.367884
v 0.147245 0.075966 0.541121
vn 3.079216 1.410558 5.177418
v 0.166197 0.071891 0.533495
vn 4.002941 0.024128 4.683627
v 0.179667 0.068104 0.524469
vn 4.613388 -1.489937 3.795436
v 0.188946 0.064333 0.514427
vn 4.886548 -2.706022 2.784333
v 0.194586 0.060487 0.502997
vn 4.864171 -3.311061 2.191891
v 0.197856 0.056632 0.490630
vn 4.789044 -3.593092 1.899887
v 0.200259 0.052512 0.477723
vn 4.836050 -3.699993 1.543620
v 0.201229 0.047396 0.464139
vn 4.998448 -3.604529 1.201109
v 0.200162 0.040252 0.449366
vn 5.217899 -3.411146 0.628786
v 0.196792 0.030601 0.433616
vn 5.443338 -3.129302 0.103634
v 0.189812 0.018531 0.417332
vn 5.628802 -2.780808 0.193787
v 0.183050 0.005068 0.399509
vn 5.696737 -2.587350 0.525192
v 0.178668 -0.007610 0.379942
vn 5.467828 -3.004198 0.137683
v 0.175889 -0.018069 0.356951
vn 5.257995 -3.370283 -0.485616
v 0.171937 -0.022723 0.331139
vn 5.015715 -2.862710 -2.249977
v 0.167804 -0.025139 0.317339
vn -0.021316 4.972136 3.820006
v -0.005988 0.114306 0.541558
vn -0.024034 4.615137 4.257456
v -0.005975 0.102654 0.555073
vn 0.075752 4.664901 4.200517
v 0.008433 0.102638 0.555080
vn 0.221133 5.003098 3.777918
v 0.008634 0.114054 0.541425
vn 0.338028 4.733740 4.103618
v 0.022320 0.102567 0.554624
vn 0.442408 5.051811 3.698023
v 0.022702 0.113517 0.540804
vn 0.312787 5.361046 3.228559
v 0.008954 0.125749 0.524391
vn 0.543873 5.370726 3.194780
v 0.023507 0.124685 0.524000
vn -0.021151 5.359548 3.237691
v -0.006004 0.126205 0.524430
vn 0.681168 4.733027 4.055923
v 0.035212 0.102418 0.553275
vn 0.660911 5.062581 3.644570
v 0.035842 0.113016 0.539640
vn 1.034933 4.656816 4.065736
v 0.048090 0.101807 0.551293
vn 0.938814 5.027818 3.623905
v 0.049167 0.112123 0.538049
vn 0.752008 5.388651 3.118746
v 0.037463 0.123524 0.523172
vn 1.004603 5.401369 3.012187
v 0.051735 0.121962 0.521991
vn 1.352976 4.522302 4.123470
v 0.061880 0.100303 0.548935
vn 1.212776 4.949703 3.643556
v 0.063685 0.110396 0.536157
vn 1.583848 4.360075 4.216992
v 0.075735 0.098252 0.546163
vn 1.407964 4.864369 3.682591
v 0.078109 0.108485 0.533547
vn 1.228546 5.401222 2.920402
v 0.067065 0.119630 0.520491
vn 1.306109 5.417877 2.852016
v 0.082009 0.117359 0.518049
vn 1.524721 4.255551 4.351863
v 0.088824 0.096225 0.543094
vn 1.241946 4.883152 3.729788
v 0.091178 0.107292 0.529954
vn 0.960463 4.222816 4.534297
v 0.101353 0.096147 0.539362
vn 0.336660 4.989047 3.767363
v 0.103293 0.107757 0.526270
vn 0.877206 5.543821 2.783892
v 0.095221 0.116338 0.514207
vn -0.319559 5.672023 2.621878
v 0.107297 0.117240 0.510397
vn -0.037551 2.941579 5.537695
v -0.005965 0.062308 0.587929
vn -0.258796 2.986511 5.501276
v 0.007301 0.062962 0.588145
vn -0.027101 3.105389 5.423984
v 0.020781 0.064071 0.588168
vn -0.167559 3.756470 5.018912
v 0.007641 0.077166 0.578896
vn 0.118135 3.850735 4.935662
v 0.021166 0.077887 0.578679
vn -0.033698 3.713660 5.058667
v -0.005972 0.076690 0.578744
vn 0.589781 3.233399 5.301525
v 0.034348 0.064799 0.587191
vn 1.286763 3.302845 5.137228
v 0.048012 0.064760 0.584711
vn 0.704176 3.927120 4.821101
v 0.034313 0.078191 0.577415
vn 1.284685 3.922888 4.715322
v 0.047576 0.077735 0.574885
vn 1.765706 3.305999 5.010564
v 0.061945 0.063906 0.580846
vn 1.925273 3.345155 4.945597
v 0.076599 0.062011 0.576305
vn 1.700225 3.832645 4.665438
v 0.061583 0.076467 0.571351
vn 1.923618 3.722821 4.677292
v 0.076291 0.074242 0.567188
vn 2.052012 3.418022 4.841248
v 0.092381 0.059077 0.572107
vn 1.957977 3.638005 4.732806
v 0.091641 0.071134 0.563007
vn -0.029053 4.238928 4.632768
v -0.005968 0.090086 0.567580
vn -0.066116 4.284437 4.584760
v 0.008064 0.090361 0.567709
vn 0.236901 4.356446 4.497857
v 0.021748 0.090723 0.567376
vn 0.731760 4.370817 4.427585
v 0.034649 0.090778 0.565969
vn 1.186411 4.295265 4.408958
v 0.047572 0.090216 0.563628
vn 1.549136 4.154887 4.434141
v 0.061366 0.088792 0.560665
vn 1.790531 4.007207 4.486661
v 0.075548 0.086564 0.557230
vn 1.746687 3.894955 4.608099
v 0.089681 0.083783 0.553650
vn 1.409814 3.695662 4.873780
v 0.103743 0.083835 0.548831
vn -0.065530 5.249734 1.206242
v 0.157018 0.135713 0.492409
vn 0.665681 5.027781 1.154101
v 0.172439 0.134937 0.491937
vn 1.381226 4.877664 1.242106
v 0.190922 0.131687 0.489521
vn 0.178265 4.820815 -3.464766
v 0.188671 0.128647 0.479476
vn 0.180549 4.481805 -3.759671
v 0.170117 0.131341 0.481526
vn 0.160283 4.261196 -3.450666
v 0.154800 0.133022 0.481419
vn 2.291157 4.801322 1.371219
v 0.210136 0.126147 0.483159
vn 3.737611 4.271981 0.542303
v 0.222807 0.119956 0.472813
vn 0.936481 5.479227 -1.971950
v 0.217115 0.121667 0.467716
vn 0.047623 5.169781 -2.534132
v 0.205818 0.125684 0.473732
vn 4.072491 3.843837 -0.416034
v 0.228075 0.114856 0.459887
vn 3.529502 3.376417 -1.691445
v 0.229883 0.109963 0.446708
vn 0.125751 5.315274 -2.323122
v 0.219983 0.117159 0.456171
vn -0.924945 5.097172 -2.996857
v 0.220236 0.109429 0.442620
vn 3.094787 3.151916 -2.559466
v 0.228088 0.104009 0.435019
vn 3.180878 2.218123 -3.079036
v 0.225863 0.095610 0.423658
vn -1.450851 4.872051 -2.980812
v 0.217011 0.101664 0.430314
vn -0.850215 4.365674 -3.306850
v 0.213835 0.093152 0.417788
vn 2.393405 3.981568 -3.321524
v 0.182891 0.017962 0.351644
vn 2.791073 3.387565 -4.072260
v 0.183577 0.027286 0.362714
vn 1.867975 4.001787 -3.350409
v 0.182565 0.007529 0.337731
vn -2.291777 4.445031 -3.457612
v 0.171381 0.008874 0.341974
vn -1.759326 4.239536 -3.768985
v 0.173040 0.020692 0.354422
vn -1.443832 4.028774 -3.782034
v 0.175353 0.031038 0.364092
vn 3.233387 2.392198 -4.401901
v 0.188360 0.039171 0.373827
vn 3.689075 1.431470 -4.549433
v 0.194056 0.050947 0.383768
vn -1.338292 3.759804 -3.795718
v 0.180492 0.042234 0.373545
vn -1.158611 3.486601 -3.814541
v 0.186695 0.053528 0.382100
vn 4.175487 0.747311 -4.291760
v 0.206843 0.069708 0.399172
vn 4.235677 0.791136 -4.322890
v 0.199977 0.060015 0.391200
vn -0.196982 3.003956 -3.901483
v 0.193997 0.064378 0.388788
vn 0.819605 3.126612 -4.497267
v 0.201394 0.072483 0.396569
vn 3.738168 1.512226 -4.123820
v 0.216332 0.083020 0.410789
vn -0.267378 3.542648 -3.354748
v 0.205585 0.081965 0.403862
vn 0.609859 6.032648 1.566189
v 0.011263 0.156657 0.447147
vn -0.011076 6.054943 1.583588
v -0.005946 0.157780 0.446374
vn -0.015686 5.921319 2.055858
v -0.005968 0.149452 0.473172
vn 0.454525 5.910579 2.032947
v 0.010406 0.148504 0.474185
vn 1.096445 5.986112 1.507858
v 0.028582 0.153795 0.448186
vn 0.891454 5.880957 1.969468
v 0.027000 0.146146 0.475614
vn 1.200369 6.067153 1.011852
v 0.029778 0.159225 0.421685
vn 0.697055 6.131302 1.070507
v 0.011952 0.162201 0.421129
vn -0.006944 6.158102 1.094326
v -0.005943 0.163433 0.420692
vn 1.325421 5.841880 1.865706
v 0.044203 0.142621 0.475853
vn 1.537477 5.915644 1.414413
v 0.046363 0.149730 0.448360
vn 1.680185 5.804080 1.683644
v 0.061136 0.138365 0.475553
vn 2.053907 5.779732 1.259019
v 0.063559 0.144672 0.448496
vn 2.422634 5.692013 0.676053
v 0.064477 0.149452 0.422018
vn 1.708874 5.945541 0.899532
v 0.047624 0.155140 0.421730
vn 2.506384 5.653272 0.968887
v 0.078769 0.138404 0.449301
vn 1.887287 5.820014 1.386800
v 0.076670 0.133559 0.475320
vn 2.725676 5.612985 0.487870
v 0.092342 0.131748 0.450941
vn 1.733403 5.946652 0.981543
v 0.090619 0.129019 0.475310
vn 3.587579 5.113189 -0.024982
v 0.092485 0.133032 0.425621
vn 3.127640 5.380162 0.351848
v 0.079202 0.141784 0.423293
vn 3.123293 5.329991 -0.345537
v 0.104781 0.125710 0.453696
vn 1.289558 6.115973 0.422972
v 0.103070 0.126066 0.475352
vn 1.365903 5.392565 -1.806111
v 0.115922 0.123048 0.475300
vn 4.687246 3.977169 -1.029221
v 0.115761 0.116852 0.456452
vn 4.881589 3.802637 -0.634137
v 0.118054 0.110733 0.432038
vn 4.067643 4.718217 -0.420092
v 0.104797 0.123740 0.429198
vn 0.343563 5.692720 2.590192
v 0.009636 0.137990 0.501131
vn -0.018989 5.706778 2.587481
v -0.006001 0.138656 0.500572
vn 0.682258 5.672922 2.566528
v 0.025202 0.136295 0.501756
vn 1.038096 5.674196 2.453121
v 0.040813 0.133944 0.501519
vn 1.298613 5.691312 2.294976
v 0.056492 0.130965 0.500704
vn 1.456555 5.721654 2.120828
v 0.072100 0.127524 0.499708
vn 1.315833 5.821342 1.940034
v 0.086667 0.124303 0.498166
vn 0.589003 5.999147 1.716752
v 0.099529 0.122780 0.495640
vn -0.633341 6.100142 1.091215
v 0.111149 0.123488 0.492865
vn 5.716426 -1.329958 -2.162662
v 0.106786 -0.083078 0.313733
vn 5.972203 -1.193521 -1.526254
v 0.108209 -0.072089 0.311492
vn 5.638072 -1.914665 -1.988098
v 0.102536 -0.089349 0.307809
vn 5.773103 -2.293597 -0.461779
v 0.102410 -0.070401 0.282906
vn 6.114388 -1.046624 -0.947684
v 0.114723 -0.049191 0.322498
vn 6.046908 -0.910589 -1.435223
v 0.113309 -0.059152 0.323902
vn -3.858599 -0.095819 -3.471281
v 0.148661 -0.038490 0.324041
vn -4.167500 1.967016 -3.608946
v 0.146119 -0.028186 0.332912
vn -3.903548 3.112188 -3.445437
v 0.157419 -0.027506 0.326227
vn -1.970582 0.748349 -3.666974
v 0.157455 -0.032413 0.317074
vn 0.197069 -0.348606 -2.884625
v 0.163884 -0.029321 0.314937
vn 0.216057 0.114280 -3.220622
v 0.169130 -0.019690 0.314846
vn 2.026942 1.896361 -4.102585
v 0.177102 -0.006925 0.321722
vn -2.413197 3.260555 -3.747225
v 0.168480 -0.005964 0.323319
vn 1.656495 -5.880810 1.447736
v 0.067947 -0.137777 0.088131
vn 1.607600 -5.921582 0.981071
v 0.077925 -0.144459 0.056139
vn 2.492141 -5.546059 1.167416
v 0.103335 -0.132784 0.071058
vn 1.937754 -5.802585 1.405212
v 0.088594 -0.127780 0.106494
vn 2.042970 -5.823808 1.077631
v 0.062459 -0.133265 0.115207
vn 2.193960 -5.695714 1.436722
v 0.079781 -0.123861 0.136384
vn 1.514418 -6.006703 0.947325
v 0.043168 -0.142952 0.101090
vn 1.301810 -6.033148 1.150934
v 0.045454 -0.146959 0.075068
vn 1.349607 -6.087314 0.738162
v 0.050370 -0.150597 0.044887
vn -0.061029 -6.118438 1.043924
v 0.020231 -0.147851 0.093619
vn 0.302367 -6.056796 1.276323
v 0.020749 -0.153492 0.066931
vn -0.131965 -6.044265 1.279064
v -0.006001 -0.143615 0.090618
vn -0.158280 -6.053545 1.653435
v -0.006208 -0.151978 0.063419
vn 0.831454 -6.063582 0.877187
v 0.022660 -0.159168 0.037724
vn -0.193404 -6.102487 0.994264
v -0.005943 -0.160914 0.034179
vn 0.787966 6.176758 0.724990
v 0.012282 0.165383 0.397455
vn -0.002511 6.213961 0.769705
v -0.005949 0.166754 0.396964
vn 1.336534 6.094320 0.644237
v 0.030309 0.162100 0.398047
vn 1.517263 6.067706 0.540925
v 0.030674 0.163882 0.375098
vn 0.924551 6.163368 0.704742
v 0.012547 0.167760 0.374409
vn -0.002030 6.213965 0.785261
v -0.005949 0.169403 0.373801
vn 1.968340 5.924829 0.499639
v 0.047996 0.157440 0.397950
vn 2.837373 5.559235 0.222415
v 0.064400 0.150862 0.397808
vn 2.218686 5.857346 0.370569
v 0.048122 0.158540 0.374832
vn 3.108126 5.437928 0.225182
v 0.064105 0.151221 0.374137
vn 3.595960 5.126736 -0.074169
v 0.078555 0.142071 0.398280
vn 4.039329 4.794668 -0.328570
v 0.091175 0.132004 0.399599
vn 4.251094 4.622567 -0.042983
v 0.090185 0.131037 0.373338
vn 3.838461 4.964992 0.091662
v 0.077944 0.141716 0.373558
vn 4.429350 4.410739 -0.521289
v 0.102963 0.121609 0.402018
vn 4.954000 3.785435 -0.679444
v 0.113141 0.109895 0.401533
vn 4.604448 4.261787 -0.199764
v 0.101320 0.120183 0.373717
vn 5.109627 3.624553 -0.348518
v 0.111146 0.108213 0.372701
vn 3.058761 -5.423342 0.122406
v 0.057695 -0.124857 0.243834
vn 2.839250 -5.471836 0.362840
v 0.058365 -0.126940 0.219368
vn 4.271734 -4.535146 0.460589
v 0.073924 -0.114634 0.223126
vn 4.409256 -4.412109 -0.229362
v 0.074189 -0.111526 0.248537
vn 1.225098 -6.116214 0.042161
v 0.037524 -0.132344 0.235416
vn 0.957732 -6.099841 0.185205
v 0.039193 -0.133579 0.211820
vn -0.177503 -6.254210 -0.415870
v 0.015205 -0.132968 0.231425
vn 0.048273 -6.184837 -0.472343
v -0.006842 -0.131053 0.230733
vn -0.338440 -6.270309 0.124159
v 0.016227 -0.133004 0.208052
vn 0.249327 -6.203898 0.159613
v -0.006990 -0.130882 0.206991
vn 2.749102 -5.602212 0.123543
v 0.058659 -0.127114 0.194588
vn 2.668026 -5.666873 0.423568
v 0.059358 -0.126982 0.168900
vn 3.388776 -5.261899 0.395124
v 0.069070 -0.121383 0.176180
vn 3.946702 -4.837714 0.346709
v 0.072514 -0.117910 0.197425
vn 1.128233 -6.085093 0.230359
v 0.040347 -0.133909 0.186490
vn 1.507483 -5.996807 0.756533
v 0.041531 -0.135364 0.159330
vn -0.196977 -6.247307 0.554760
v 0.017589 -0.134417 0.181852
vn 0.269877 -6.169163 0.468885
v -0.006864 -0.132169 0.180197
vn -0.119218 -6.157059 0.939471
v 0.019403 -0.138776 0.153573
vn 0.040006 -6.110456 0.702906
v -0.006046 -0.134650 0.150895
vn 4.391243 4.473236 0.377642
v 0.090667 0.131489 0.347381
vn 4.830748 3.998129 0.218787
v 0.101744 0.119947 0.345958
vn 5.388929 3.203207 0.022858
v 0.111188 0.106810 0.343830
vn 5.068890 3.652737 0.570037
v 0.103762 0.120338 0.318549
vn 5.581997 2.816553 0.416225
v 0.113270 0.105581 0.315072
vn 4.577071 4.219487 0.815185
v 0.092569 0.133113 0.321482
vn 3.213877 5.348433 0.605361
v 0.064303 0.152828 0.349322
vn 3.961677 4.844027 0.495377
v 0.078222 0.142799 0.348432
vn 4.072753 4.668475 1.004029
v 0.079807 0.145351 0.323226
vn 3.304209 5.204196 1.139662
v 0.065638 0.155985 0.324396
vn 1.717062 5.986367 0.808476
v 0.031425 0.166111 0.350706
vn 2.365974 5.770391 0.698247
v 0.048630 0.160393 0.350237
vn 2.463095 5.635700 1.245440
v 0.050014 0.163763 0.325554
vn 1.879728 5.829536 1.370245
v 0.032789 0.169778 0.326356
vn 1.107657 6.094907 0.978866
v 0.013048 0.170839 0.350289
vn -0.003014 6.161060 1.075983
v -0.005952 0.172983 0.349829
vn 1.241470 5.959489 1.512139
v 0.013886 0.175266 0.326495
vn -0.003033 6.047681 1.570125
v -0.005959 0.177918 0.326382
vn 4.847798 3.800017 1.197122
v 0.095974 0.135778 0.295428
vn 5.281114 3.236983 1.007831
v 0.106886 0.120807 0.291318
vn 5.523270 2.767047 1.102223
v 0.116931 0.104168 0.286696
vn 5.247966 3.013171 1.675127
v 0.112475 0.122903 0.264927
vn 5.362760 2.768758 1.740855
v 0.123972 0.104879 0.259727
vn 4.930174 3.508770 1.662009
v 0.100881 0.139513 0.269610
vn 3.445853 4.993322 1.576056
v 0.068623 0.160690 0.300309
vn 4.231810 4.408530 1.417379
v 0.083125 0.149319 0.298252
vn 4.337389 4.193807 1.704425
v 0.087782 0.153928 0.273559
vn 3.625611 4.790415 1.799939
v 0.072841 0.165836 0.276822
vn 2.044046 5.598507 1.972045
v 0.034908 0.175790 0.303569
vn 2.635029 5.417776 1.760844
v 0.052634 0.169105 0.302113
vn 2.953010 5.150244 2.041053
v 0.056279 0.175347 0.279656
vn 2.349092 5.285326 2.439518
v 0.037909 0.183355 0.282130
vn 1.308544 5.739849 2.160649
v 0.015112 0.181799 0.304519
vn 1.483904 5.398193 2.820758
v 0.016939 0.190367 0.284222
vn 0.018874 5.468489 3.017821
v -0.006072 0.193688 0.285231
vn -0.000173 5.831387 2.253411
v -0.005988 0.184597 0.304830
vn 1.138483 3.635212 4.944900
v 0.129787 0.100254 0.532438
vn 1.042156 3.457332 5.127492
v 0.117798 0.089776 0.541697
vn 0.361108 4.146035 4.665105
v 0.113629 0.099944 0.534753
vn 0.484391 4.184158 4.608572
v 0.123206 0.104691 0.529905
vn -0.913641 5.674197 1.288529
v 0.143726 0.133902 0.491283
vn -0.204797 5.071158 3.467294
v 0.141527 0.126218 0.504986
vn -0.353768 3.979813 -2.933640
v 0.141915 0.133097 0.480197
vn -1.779368 4.887780 -2.010321
v 0.133319 0.131299 0.482251
vn -1.926895 5.725932 1.077832
v 0.132025 0.130542 0.490426
vn -0.950247 5.382846 2.810576
v 0.129965 0.124400 0.505944
vn 0.828498 4.328140 4.386034
v 0.137226 0.113650 0.519624
vn -0.012175 4.760632 3.932389
v 0.126275 0.113938 0.520724
vn -1.915739 5.850157 0.625881
v 0.121576 0.126574 0.491109
vn -1.226309 5.575623 2.526389
v 0.118726 0.120610 0.507790
vn -1.078979 4.802755 -2.777355
v 0.125751 0.127165 0.479062
vn -0.433674 4.961203 3.747441
v 0.114972 0.110914 0.523292
vn -0.891433 2.453110 -5.697725
v 0.163150 0.108656 0.471112
vn 0.091616 1.828747 -5.990559
v 0.145799 0.113307 0.474152
vn -1.709960 3.382149 -4.928712
v 0.183897 0.108475 0.466633
vn -2.574287 3.558968 -3.927649
v 0.175511 0.079876 0.454094
vn -0.505562 3.186170 -5.014593
v 0.154373 0.084297 0.463696
vn 1.681820 2.752364 -4.114498
v 0.136530 0.092356 0.468991
vn -3.332291 4.144441 -3.268878
v 0.199434 0.097496 0.446471
vn -2.129041 4.603257 -3.673360
v 0.204961 0.113537 0.460624
vn -3.853692 4.436211 -2.196061
v 0.195090 0.084362 0.430589
vn -4.095943 4.406250 -1.690948
v 0.190948 0.074598 0.413580
vn -3.589659 4.268845 -2.659232
v 0.173432 0.062926 0.431307
vn -4.171436 4.126434 -2.099697
v 0.170285 0.046794 0.406740
vn -4.081614 3.985555 -2.464267
v 0.165915 0.026410 0.369441
vn -4.096844 3.782472 -2.828596
v 0.160042 0.015262 0.362811
vn -3.621871 3.998710 -3.174255
v 0.154890 0.004146 0.356589
vn -2.162409 4.128520 -3.446040
v 0.147956 0.008454 0.373277
vn 1.800107 2.696857 -2.481432
v 0.137636 0.000656 0.366540
vn -3.799973 4.306929 -2.418960
v 0.155728 0.018829 0.377743
vn -4.383230 3.975037 -2.061139
v 0.179867 0.051348 0.390094
vn -4.261646 4.067180 -2.113932
v 0.172258 0.037926 0.379496
vn -4.096804 4.259416 -2.016449
v 0.162080 0.030074 0.388904
vn -3.601184 4.249055 -2.399898
v 0.190789 0.068618 0.397953
vn -3.387499 3.744927 -3.665126
v 0.150582 -0.007342 0.347769
vn -3.341692 3.130170 -4.170980
v 0.144418 -0.016899 0.343196
vn 1.593145 0.812529 -3.048091
v 0.133012 -0.006928 0.359800
vn 1.352067 -0.333369 -2.866972
v 0.126792 -0.015592 0.357701
vn 2.853515 2.482622 -3.852750
v 0.125537 0.107673 0.470821
vn 0.233371 2.398427 -5.692671
v 0.133681 0.121221 0.474993
vn 3.741153 3.602966 -2.061419
v 0.133733 0.084992 0.457409
vn 2.257800 4.031961 -3.528056
v 0.145560 0.073139 0.453150
vn 0.088996 4.226741 -3.895821
v 0.154535 0.062441 0.444379
vn 4.777043 3.101415 -2.160989
v 0.138157 0.072991 0.441410
vn 3.952373 2.791804 -3.006876
v 0.141003 0.058861 0.433318
vn 5.353710 3.033526 -0.839847
v 0.133273 0.084184 0.447141
vn -0.911842 4.278976 -3.609487
v 0.155172 0.048799 0.429777
vn -1.288851 4.495552 -3.263193
v 0.151986 0.034999 0.413154
vn 3.591990 2.753641 -2.849625
v 0.140754 0.046338 0.422481
vn 3.507069 2.692830 -2.467553
v 0.139169 0.035268 0.410117
vn -1.456050 4.747135 -2.944682
v 0.149192 0.024249 0.398073
vn -1.428352 5.025166 -2.789153
v 0.145793 0.016277 0.385819
vn 3.449112 2.705196 -2.245219
v 0.138063 0.025520 0.397442
vn 3.134964 2.671542 -2.036210
v 0.136837 0.016526 0.385482
vn 6.141027 -1.125696 -0.606524
v 0.117090 -0.035931 0.325367
vn 4.078697 -2.284429 -2.690949
v 0.123536 -0.026746 0.356207
vn 5.918167 -2.027817 0.216766
v 0.111184 -0.047283 0.278769
vn 5.963971 -1.836050 0.401202
v 0.117504 -0.026637 0.280800
vn 5.980439 -1.626786 -0.626490
v 0.120311 -0.020686 0.329351
vn 6.040646 -1.115143 -1.109593
v 0.131466 0.008062 0.334982
vn 5.850104 -2.074873 -0.894976
v 0.126029 -0.005954 0.331395
vn 6.031459 -1.612310 0.439861
v 0.123814 -0.004670 0.285810
vn 6.181267 -0.857896 0.343445
v 0.128096 0.017412 0.293210
vn 5.206595 3.117161 -1.093789
v 0.124645 0.101422 0.458221
vn 5.538377 2.869850 -0.342082
v 0.128147 0.095788 0.442610
vn -0.859383 4.955956 -3.662052
v 0.142956 0.011484 0.377041
vn 3.312231 2.449149 -2.065253
v 0.135864 0.008932 0.373908
vn 5.798931 2.285476 -0.740459
v 0.132197 0.083091 0.429932
vn 5.997244 1.595512 -0.956243
v 0.134800 0.069051 0.418186
vn 5.856750 2.049876 -0.773062
v 0.130421 0.081247 0.407762
vn 5.497162 2.881965 -0.794441
v 0.126042 0.093689 0.415417
vn 6.101346 1.229150 -0.824928
v 0.135188 0.060022 0.405010
vn 6.147702 1.065371 -0.656452
v 0.134713 0.053133 0.389994
vn 5.857723 2.024760 -0.771134
v 0.128856 0.079601 0.391262
vn 5.933792 1.881627 -0.757975
v 0.126876 0.076228 0.370631
vn 6.232064 0.100750 0.350750
v 0.128691 0.038457 0.302475
vn 6.215487 0.184743 -0.763794
v 0.133629 0.022668 0.343429
vn 6.144223 1.100015 0.316514
v 0.125867 0.062570 0.314484
vn 6.202207 0.625991 -0.592462
v 0.134095 0.035824 0.356223
vn 6.161913 0.906577 -0.586840
v 0.134574 0.045520 0.372737
vn 6.013416 1.713861 -0.520961
v 0.125961 0.070840 0.346870
vn 5.426119 3.071098 -0.702542
v 0.121265 0.095988 0.394092
vn 5.601897 2.754484 -0.536607
v 0.119464 0.094096 0.368277
vn 5.856495 2.241389 -0.178760
v 0.118768 0.090730 0.340645
vn 5.951679 1.879941 0.596725
v 0.120534 0.087437 0.311709
vn 5.442041 -1.926323 -2.435432
v 0.097384 -0.102059 0.306647
vn 5.345816 -3.010916 -1.076536
v 0.090725 -0.093932 0.278669
vn 1.554283 -4.547232 -1.908250
v 0.127905 -0.028836 0.363736
vn 5.432035 -1.136128 -2.355080
v 0.126569 -0.034211 0.371026
vn -4.282889 -0.655381 -4.289529
v 0.134108 -0.023309 0.351495
vn 5.258090 -3.318868 0.727148
v 0.102423 -0.076083 0.240975
vn 4.916137 -3.899313 0.095737
v 0.089234 -0.093605 0.246570
vn 4.611212 -4.197340 0.729950
v 0.087614 -0.100003 0.215406
vn 4.202895 -4.220578 1.843775
v 0.105466 -0.085730 0.197561
vn 5.487641 -2.615047 1.410632
v 0.112966 -0.055356 0.239691
vn 4.651553 -3.444470 2.312994
v 0.121799 -0.061468 0.204346
vn 4.820419 -3.089425 2.564640
v 0.135683 -0.038512 0.211807
vn 5.370893 -2.330923 1.968356
v 0.121831 -0.032131 0.242285
vn 5.438646 -2.002425 2.168696
v 0.129651 -0.007235 0.249151
vn 5.057456 -2.230418 2.832804
v 0.146398 -0.012552 0.221069
vn 5.422271 -1.126388 2.843944
v 0.150023 0.014498 0.229682
vn 5.747105 -1.305921 2.028786
v 0.134625 0.017956 0.258048
vn 5.984323 0.746452 1.653441
v 0.133361 0.064799 0.276363
vn 5.970609 -0.457077 1.816459
v 0.135369 0.042030 0.267498
vn 5.711308 -0.287573 2.541330
v 0.148597 0.040769 0.238217
vn 5.733318 0.859274 2.259819
v 0.144473 0.064951 0.247010
vn 5.745842 2.052612 1.423477
v 0.126650 0.085552 0.282265
vn 5.530802 2.183593 1.960029
v 0.135524 0.085982 0.254035
vn 5.154520 -2.654764 2.170386
v 0.151559 -0.042183 0.180611
vn 5.749565 -1.994936 1.524264
v 0.163716 -0.038017 0.142011
vn 5.948254 -1.415752 1.316483
v 0.169745 -0.009570 0.154896
vn 5.515605 -1.909087 1.947649
v 0.160476 -0.013846 0.191267
vn 6.100509 -0.414891 1.293590
v 0.171578 0.018454 0.167001
vn 5.773491 -0.676115 2.017770
v 0.163555 0.014527 0.201380
vn 5.900302 0.319800 1.984554
v 0.159971 0.042063 0.210675
vn 6.035448 0.597238 1.547243
v 0.168137 0.045255 0.179304
vn 5.854662 1.430083 1.738906
v 0.160285 0.070060 0.189398
vn 5.759858 1.287783 1.756030
v 0.154735 0.067273 0.219899
vn 5.477152 2.400578 1.780780
v 0.144360 0.088660 0.227509
vn 5.574142 2.071958 1.932250
v 0.149767 0.091748 0.198557
vn 5.376744 2.250769 2.217634
v 0.138102 0.111971 0.206930
vn 5.330838 2.740505 1.880951
v 0.131462 0.107974 0.233899
vn 5.217087 2.848425 2.030322
v 0.119668 0.127146 0.239514
vn 5.234810 2.398605 2.471777
v 0.126922 0.132456 0.213873
vn 4.903214 2.854790 2.672792
v 0.114541 0.150978 0.219941
vn 4.867972 3.318660 2.161358
v 0.107268 0.144471 0.244510
vn 4.323548 3.957722 2.237674
v 0.093523 0.158643 0.249378
vn 4.381258 3.420673 2.903277
v 0.101016 0.165719 0.226260
vn 3.810729 3.907633 3.084997
v 0.085286 0.177867 0.232279
vn 3.760795 4.469128 2.286905
v 0.078112 0.170664 0.253954
vn 3.285312 4.740576 2.458039
v 0.060874 0.181402 0.258022
vn 3.369008 4.226742 3.182182
v 0.066974 0.189662 0.237854
vn 2.975766 4.479455 3.241028
v 0.046337 0.201340 0.243048
vn 2.792419 4.868717 2.805938
v 0.041832 0.191647 0.261952
vn 1.797782 5.030095 3.265321
v 0.019562 0.200887 0.265506
vn 2.009204 4.803621 3.446517
v 0.022162 0.212430 0.247896
vn 0.112650 4.988892 3.629554
v -0.006153 0.217967 0.250574
vn 0.064283 5.116614 3.529414
v -0.006130 0.205370 0.267411
vn 2.695718 -5.354287 1.647631
v 0.108384 -0.114737 0.130265
vn 3.465524 -4.943241 1.129285
v 0.125482 -0.117001 0.089447
vn 4.531530 -3.993812 1.213747
v 0.143720 -0.095417 0.108729
vn 3.641831 -4.408286 2.025972
v 0.127481 -0.095818 0.153677
vn 2.925433 -5.212875 1.856331
v 0.093753 -0.108026 0.162917
vn 3.997730 -4.746053 0.894224
v 0.082773 -0.109731 0.186050
vn 3.002962 -5.408058 1.048598
v 0.074118 -0.120086 0.160960
vn 4.675410 -3.197210 2.390357
v 0.141032 -0.070197 0.169540
vn 5.331415 -2.765661 1.451869
v 0.157112 -0.068599 0.127105
vn 1.682212 -5.912035 0.873961
v 0.042650 -0.139844 0.130310
vn -0.158122 -6.102522 0.857034
v 0.020454 -0.144090 0.123554
vn -0.090203 -6.097318 0.830555
v -0.005716 -0.138705 0.120443
vn 2.410167 -5.718708 0.959644
v 0.060554 -0.129779 0.142399
vn 2.509358 -5.746486 -0.060012
v 0.099810 -0.137670 -0.024035
vn 3.367273 -5.271155 0.299781
v 0.132475 -0.119634 -0.012564
vn 3.225087 -5.211706 0.402318
v 0.118992 -0.131179 0.029794
vn 1.952084 -5.879989 0.048876
v 0.089509 -0.144640 0.017556
vn 1.626900 -6.058355 0.262929
v 0.057278 -0.151939 0.008031
vn 1.779665 -5.956601 -0.050268
v 0.064707 -0.151981 -0.032715
vn 0.926484 -6.143900 -0.053401
v 0.025739 -0.160817 0.001282
vn -0.220327 -6.183567 -0.119379
v -0.005338 -0.163058 -0.001758
vn 0.742526 -6.200260 -0.021526
v 0.028692 -0.155746 -0.037997
vn -0.092438 -6.219338 0.281638
v -0.005325 -0.160775 -0.039759
vn 0.122651 5.082556 3.445676
v -0.006162 0.230201 0.233676
vn 2.001177 4.809502 3.416962
v 0.024258 0.224373 0.230510
vn 2.871280 4.391193 3.441502
v 0.050797 0.213057 0.224727
vn 1.897426 4.888227 3.384377
v 0.026066 0.236501 0.211755
vn 2.838523 4.475873 3.358222
v 0.055150 0.225428 0.204818
vn 0.076934 5.194470 3.329995
v -0.006166 0.241986 0.215177
vn 3.328542 4.053861 3.425240
v 0.074102 0.201427 0.218482
vn 3.925241 3.673248 3.195847
v 0.094050 0.189180 0.211276
vn 3.515127 4.150368 3.112757
v 0.080231 0.213461 0.196632
vn 4.161574 3.787514 2.770767
v 0.101194 0.199962 0.187063
vn 4.486453 3.202747 2.959580
v 0.110227 0.176130 0.203650
vn 4.847869 2.685135 2.930930
v 0.124632 0.160761 0.195607
vn 4.497238 3.500868 2.622352
v 0.118484 0.186450 0.177108
vn 4.861524 2.994050 2.428386
v 0.135761 0.171968 0.166730
vn 5.192583 2.095926 2.820738
v 0.138419 0.140797 0.188136
vn 5.473452 1.733310 2.528400
v 0.150505 0.118391 0.179582
vn 5.419186 2.254496 2.042384
v 0.150929 0.153139 0.153499
vn 5.584761 2.028999 2.013242
v 0.162604 0.132579 0.138399
vn 4.971252 -3.605822 1.177987
v 0.160459 -0.084828 0.060702
vn 4.264320 -4.484083 0.775088
v 0.142795 -0.109252 0.044907
vn 4.145286 -4.621095 0.858624
v 0.158775 -0.098049 0.000913
vn 4.692710 -3.936735 1.347133
v 0.179059 -0.073577 0.014690
vn 5.441302 -2.710496 1.544439
v 0.171397 -0.056998 0.077145
vn 5.181578 -2.983784 1.851295
v 0.194036 -0.046772 0.029584
vn 5.531914 -1.759482 2.193363
v 0.202338 -0.018305 0.044684
vn 5.735531 -1.869225 1.719062
v 0.178260 -0.028648 0.093635
vn 6.035176 -0.463769 1.655589
v 0.180058 0.024463 0.124266
vn 5.932831 -1.177293 1.661117
v 0.181342 -0.001533 0.109191
vn 5.817283 -0.657760 2.259762
v 0.202642 0.014961 0.055670
vn 5.962539 -0.287482 1.926054
v 0.200129 0.043094 0.070143
vn 5.923431 0.780453 1.915926
v 0.170954 0.074022 0.153887
vn 6.038529 0.132935 1.692250
v 0.176449 0.049702 0.139130
vn 5.946638 0.282937 1.857474
v 0.195834 0.066015 0.086698
vn 5.867344 1.007706 1.856715
v 0.187940 0.090927 0.102940
vn 5.679423 1.446274 2.246680
v 0.161734 0.096603 0.167674
vn 5.644880 1.694913 2.013621
v 0.176591 0.112751 0.122380
vn 1.380370 -6.023683 -0.390503
v 0.034241 -0.158624 -0.076903
vn 2.025310 -5.907628 -0.620462
v 0.072427 -0.146234 -0.072013
vn 0.051494 -5.919508 -0.284628
v -0.006127 -0.166716 -0.079455
vn -0.050844 -5.717659 -2.008796
v -0.005199 -0.157405 -0.118814
vn 1.452041 -5.754137 -1.742371
v 0.037954 -0.150646 -0.116385
vn 2.252327 -5.412787 -1.902309
v 0.079610 -0.137890 -0.111573
vn 2.716769 -5.259720 -1.873022
v 0.120269 -0.121532 -0.104157
vn 3.641882 -4.841477 -1.424198
v 0.158471 -0.100627 -0.095325
vn 3.243192 -5.133822 -0.115736
v 0.149344 -0.117021 -0.053682
vn 2.400114 -5.702322 -0.427340
v 0.112197 -0.133883 -0.064529
vn 4.176282 -4.441948 0.274967
v 0.178648 -0.093473 -0.041409
vn 4.866184 -3.585497 0.549157
v 0.201449 -0.066743 -0.028213
vn 4.681043 -3.978606 -0.964391
v 0.187762 -0.076371 -0.083617
vn 5.457668 -2.955919 -0.626340
v 0.208198 -0.048884 -0.070111
vn 5.337894 -2.312657 0.956404
v 0.217914 -0.037801 -0.012939
vn 5.928675 -1.931206 -0.241471
v 0.221403 -0.020822 -0.055192
vn 5.832138 -0.894990 1.429922
v 0.223978 -0.000786 0.001502
vn 6.149297 -0.842101 0.296093
v 0.229637 0.013522 -0.042052
vn 5.902663 0.812961 1.746060
v 0.216158 0.065274 0.023180
vn 5.959647 0.041829 1.830388
v 0.221112 0.034983 0.012511
vn 6.055603 0.569818 0.778734
v 0.231174 0.054663 -0.033546
vn 6.080689 1.144873 0.993499
v 0.219744 0.101719 -0.041085
vn 5.828357 1.625562 1.675749
v 0.197105 0.108912 0.052711
vn 5.884568 1.280634 1.641742
v 0.207885 0.086936 0.037174
vn 5.985865 1.015471 1.428017
v 0.210588 0.109882 -0.010254
vn 5.925549 1.088823 1.680960
v 0.201319 0.125150 0.017213
vn 5.574251 2.106478 1.973517
v 0.171284 0.149423 0.090970
vn 5.714894 1.936999 1.743943
v 0.184641 0.129766 0.072927
vn 5.782482 1.365308 1.991943
v 0.190475 0.140209 0.042886
vn 5.672438 1.429765 2.199885
v 0.177995 0.157243 0.063383
vn 5.254485 2.470722 2.325723
v 0.143600 0.183517 0.125508
vn 5.475765 2.130368 2.134555
v 0.157138 0.166169 0.109091
vn 5.581940 1.394135 2.509286
v 0.167083 0.176360 0.080472
vn 5.359942 1.695055 2.796320
v 0.153988 0.194241 0.098134
vn 4.351637 3.482961 2.874883
v 0.107989 0.210916 0.159705
vn 4.776565 3.061376 2.637315
v 0.126637 0.197307 0.144317
vn 4.945601 2.328887 3.071252
v 0.138532 0.212042 0.113929
vn 4.296158 3.154862 3.262703
v 0.118891 0.227966 0.129806
vn 2.900907 4.540669 3.183650
v 0.060004 0.238885 0.182761
vn 3.710210 4.033079 3.042869
v 0.086295 0.225842 0.172169
vn 3.503172 4.018253 3.246076
v 0.094555 0.242908 0.142749
vn 2.753228 4.687438 3.103342
v 0.065334 0.255492 0.153522
vn 0.014109 5.277323 3.165510
v -0.006117 0.254952 0.194931
vn 1.802767 4.992955 3.234196
v 0.028624 0.249910 0.191202
vn 1.680830 5.168443 3.039737
v 0.031492 0.266145 0.162752
vn -0.013834 5.426075 2.992668
v -0.005936 0.270537 0.166726
vn 1.714182 -5.232696 -2.795362
v 0.040393 -0.134087 -0.153558
vn 2.157736 -5.309447 -2.413206
v 0.083216 -0.112988 -0.149334
vn -0.138884 -5.599154 -2.662177
v -0.004523 -0.139650 -0.155450
vn -0.074446 -5.557806 -2.648624
v -0.004946 -0.124155 -0.187623
vn 1.685805 -5.380972 -2.745105
v 0.042220 -0.112645 -0.185705
vn 1.217525 -5.988517 -1.374907
v 0.086075 -0.102422 -0.182711
vn 2.072718 -5.785663 -0.990779
v 0.126867 -0.094731 -0.179683
vn 3.463394 -5.133721 -0.819195
v 0.165045 -0.075003 -0.178115
vn 3.531445 -5.006222 -1.227352
v 0.162795 -0.083774 -0.136708
vn 2.306986 -5.561066 -1.695102
v 0.124037 -0.101542 -0.143904
vn 5.600670 -2.680974 -0.774490
v 0.209932 -0.031611 -0.116686
vn 4.752836 -3.965218 -0.814538
v 0.190165 -0.061352 -0.125632
vn 4.865804 -3.586655 -0.813390
v 0.195065 -0.049777 -0.176850
vn 5.907480 -1.963686 -0.543158
v 0.211232 -0.013816 -0.172348
vn 5.926318 -1.660390 -0.732740
v 0.224026 -0.003642 -0.101696
vn 6.156842 -1.051422 -0.604704
v 0.219450 0.020029 -0.161071
vn 6.197530 -0.051826 -0.818457
v 0.224505 0.050038 -0.147258
vn 6.189022 -0.505348 -0.386577
v 0.231064 0.029961 -0.085186
vn 6.188695 0.256396 0.064796
v 0.219498 0.120108 -0.085254
vn 6.057257 1.446290 0.052771
v 0.225177 0.099662 -0.083307
vn 6.026260 0.122634 -0.550604
v 0.217771 0.111467 -0.118300
vn 5.969273 1.408040 -0.948960
v 0.224595 0.090439 -0.120234
vn 5.957529 0.443982 -0.778530
v 0.213632 0.101380 -0.149095
vn 5.979200 -1.783550 -0.713111
v 0.218551 0.126001 -0.160922
vn 5.946988 -0.183344 -0.669427
v 0.210029 0.110503 -0.181779
vn 6.113896 -0.946639 -0.003894
v 0.225718 0.141049 -0.132200
vn 6.024189 0.518753 1.524451
v 0.214020 0.147647 -0.025348
vn 6.212135 0.109224 0.665074
v 0.220126 0.132531 -0.055775
vn 6.243546 -0.026716 0.572501
v 0.223376 0.153937 -0.098161
vn 6.173698 0.592405 0.954628
v 0.218835 0.169552 -0.066237
vn 5.764883 1.100500 2.219066
v 0.191727 0.178733 0.024542
vn 5.863803 0.919511 2.026199
v 0.203095 0.162682 0.001524
vn 5.999917 1.003002 1.530499
v 0.211416 0.186544 -0.040189
vn 5.821455 1.308530 1.954938
v 0.201410 0.204267 -0.019054
vn 5.387977 1.831632 2.563125
v 0.168435 0.214771 0.060518
vn 5.639414 1.316098 2.361495
v 0.180954 0.196369 0.043636
vn 5.645860 1.677423 2.169579
v 0.190239 0.222245 -0.000762
vn 5.374631 2.204219 2.367186
v 0.177115 0.240722 0.015764
vn 4.120160 3.454833 3.090569
v 0.131660 0.250819 0.091753
vn 4.922573 2.540507 2.820847
v 0.152552 0.233196 0.077070
vn 4.906161 2.881608 2.621153
v 0.160582 0.259596 0.031301
vn 4.105157 3.671040 2.957512
v 0.139215 0.278121 0.044897
vn 2.429138 4.919938 3.033977
v 0.071618 0.278341 0.112034
vn 3.113103 4.360161 3.176803
v 0.104364 0.266365 0.102998
vn 2.900248 4.425781 3.328822
v 0.111110 0.294518 0.054958
vn 2.121652 4.847774 3.369552
v 0.076068 0.305466 0.062035
vn 2.392241 -4.833463 -3.171650
v 0.136388 -0.058237 -0.262610
vn 1.706710 -5.545976 -2.069071
v 0.135777 -0.043260 -0.288279
vn 3.627731 -4.843373 -1.388351
v 0.164324 -0.030534 -0.279501
vn 3.871051 -4.014521 -2.802546
v 0.166430 -0.041782 -0.256083
vn 3.765275 -4.023001 -2.583992
v 0.169179 -0.055737 -0.237063
vn 2.103018 -5.124187 -2.627953
v 0.134690 -0.075873 -0.238848
vn 0.752882 -4.960917 -3.620811
v 0.099998 -0.067648 -0.267312
vn 0.670783 -5.500107 -2.799495
v 0.093649 -0.085184 -0.239457
vn -0.885382 -4.898797 -3.373390
v 0.098507 -0.040239 -0.296937
vn 0.559875 -5.427503 -3.060399
v 0.045079 -0.084210 -0.240077
vn 0.065687 -5.045645 -3.407812
v -0.005334 -0.094550 -0.244178
vn 0.073715 -4.670290 -4.055857
v -0.004985 -0.072558 -0.271914
vn 0.334370 -4.957373 -3.775931
v 0.045567 -0.068512 -0.268405
vn 0.386987 -3.895567 -4.888711
v 0.044144 -0.041190 -0.295213
vn -0.008579 -3.903025 -4.775738
v -0.004270 -0.044120 -0.300145
vn 4.805150 -3.936584 -0.509274
v 0.189780 -0.006488 -0.272548
vn 5.122302 -3.037113 -1.859973
v 0.192206 -0.011886 -0.248790
vn 5.746150 -2.315546 0.195974
v 0.210488 0.022542 -0.266083
vn 5.875181 -1.997199 -0.714673
v 0.209266 0.020481 -0.242018
vn 5.909188 -1.394998 -1.229652
v 0.212396 0.012273 -0.220091
vn 5.085248 -2.632814 -2.227811
v 0.196252 -0.022193 -0.232092
vn 6.192307 -1.004068 -0.009506
v 0.216025 0.047101 -0.234130
vn 6.189589 -0.230975 -0.434382
v 0.214369 0.043651 -0.210715
vn 6.197595 -0.930187 0.050083
v 0.216659 0.050688 -0.259983
vn 6.209772 -0.422591 0.331293
v 0.219424 0.071535 -0.229799
vn 6.260978 0.091920 -0.273421
v 0.218541 0.080740 -0.258612
vn 6.193041 -0.079817 -0.017547
v 0.214996 0.068366 -0.204153
vn 5.790657 1.237378 0.721872
v 0.219922 0.098605 -0.225019
vn 5.300780 2.247188 -0.338020
v 0.216675 0.117502 -0.259175
vn 5.510967 0.340836 -0.467135
v 0.205281 0.120548 -0.212426
vn 5.074808 0.450749 -1.810056
v 0.194764 0.144824 -0.254851
vn 6.138584 1.030512 0.197231
v 0.215524 0.090335 -0.195890
vn 1.260724 -6.011590 -0.385472
v 0.139075 -0.039602 -0.317392
vn 1.038952 -6.077489 -0.391583
v 0.141731 -0.036711 -0.352466
vn 3.179950 -5.306749 -0.099979
v 0.169800 -0.026210 -0.350697
vn 3.274880 -5.322314 -0.115443
v 0.167002 -0.027050 -0.311180
vn -2.172624 -5.235927 -0.695958
v 0.107281 -0.039343 -0.327609
vn -2.271193 -5.403449 -0.831226
v 0.110903 -0.035100 -0.358676
vn 5.532767 -2.194389 0.128588
v 0.214398 0.021151 -0.302318
vn 4.493958 -4.300333 0.142237
v 0.192859 -0.006798 -0.306267
vn 4.561986 -4.168500 -0.217619
v 0.192639 -0.007604 -0.348081
vn 5.633018 -2.180326 -0.441229
v 0.210773 0.018512 -0.345041
vn 6.222798 -0.543232 -0.080821
v 0.217988 0.051163 -0.298356
vn 6.242510 -0.440795 -0.527389
v 0.213826 0.045934 -0.341736
vn 6.199499 0.375245 -0.698550
v 0.215090 0.072111 -0.339394
vn 6.147000 0.634605 -0.203580
v 0.219049 0.080898 -0.295737
vn 3.747783 4.747213 -1.394357
v 0.192658 0.132414 -0.301956
vn 5.345466 2.783893 -0.790581
v 0.210582 0.114517 -0.295556
vn 5.594657 2.226681 -1.025835
v 0.210854 0.100306 -0.338168
vn 3.506884 4.512990 -1.583081
v 0.196585 0.119559 -0.343133
vn -5.742856 -0.050347 -2.302344
v 0.076262 0.057945 -0.375953
vn -6.008218 0.911511 -1.312555
v 0.080237 0.049928 -0.400930
vn -5.976122 -1.191032 -0.662160
v 0.078006 0.018722 -0.389950
vn -5.983534 -1.341355 -1.244260
v 0.074451 0.025840 -0.360523
vn -2.541914 -2.162328 -4.183494
v 0.066618 0.060365 -0.358847
vn -2.338834 -2.548337 -3.393183
v 0.067446 0.031351 -0.338375
vn -0.590008 -1.694966 -5.582317
v 0.070599 0.095862 -0.375888
vn -3.890638 2.104499 -4.015440
v 0.085670 0.085743 -0.384465
vn -4.788723 3.210005 -1.926554
v 0.091240 0.080248 -0.405917
vn -5.055528 -3.161551 -0.709051
v 0.081880 -0.011540 -0.342842
vn -5.017534 -3.442007 -0.805069
v 0.089218 -0.011886 -0.373977
vn -2.369007 -3.215960 -3.177547
v 0.076149 -0.002943 -0.317140
vn 4.278004 1.100551 -2.331897
v 0.171190 0.143485 -0.308615
vn 2.278535 5.338955 -2.336299
v 0.171802 0.133310 -0.328505
vn 1.134555 5.736870 -2.105650
v 0.173616 0.120839 -0.361047
vn 1.048854 4.630863 -3.506223
v 0.143264 0.121622 -0.360927
vn -0.484940 5.891469 -2.011097
v 0.145356 0.114077 -0.383831
vn 3.962663 0.035870 -4.215633
v 0.141753 0.135257 -0.353669
vn 1.542036 -0.318775 -5.519412
v 0.103419 0.117146 -0.377117
vn -1.179459 4.232595 -4.000121
v 0.109354 0.107450 -0.381544
vn -2.459720 5.173777 -2.090322
v 0.113875 0.102107 -0.400512
vn 1.338668 4.210941 -4.279853
v 0.155563 0.038140 -0.623266
vn 3.802406 3.526757 -3.324929
v 0.172646 0.033373 -0.617072
vn 3.292396 4.932907 -1.851429
v 0.173561 0.025504 -0.630970
vn 1.164904 5.575144 -2.522489
v 0.155841 0.031012 -0.635180
vn 0.994602 5.594281 -2.269790
v 0.158221 0.024896 -0.652764
vn 3.034836 5.024287 -1.698735
v 0.175657 0.019252 -0.650387
vn -1.247509 5.358339 -2.588743
v 0.138872 0.024870 -0.652515
vn -1.120043 5.338919 -2.929812
v 0.136446 0.031946 -0.634656
vn -1.280011 4.422044 -4.134115
v 0.136032 0.039650 -0.623036
vn -5.348893 2.364744 -1.772325
v 0.106508 0.013919 -0.624957
vn -5.063280 2.755166 -1.273241
v 0.104901 0.028971 -0.601678
vn -3.557065 4.107956 -2.860021
v 0.119955 0.036772 -0.616713
vn -3.535522 4.260560 -2.665941
v 0.119069 0.026422 -0.630720
vn -3.565834 4.287938 -2.539031
v 0.121123 0.016866 -0.650352
vn -5.328463 2.457350 -1.718642
v 0.108122 0.002425 -0.646264
vn -6.136151 0.337661 -0.463968
v 0.102902 -0.016084 -0.640707
vn -5.870552 -1.824550 0.713309
v 0.105683 -0.035540 -0.634356
vn -5.859494 -2.057541 -0.029976
v 0.104706 -0.027862 -0.612613
vn -6.146421 0.166411 -0.776964
v 0.101511 -0.006000 -0.619010
vn -5.800587 -1.828579 0.088180
v 0.100573 -0.021763 -0.587367
vn -6.086605 0.364345 -0.460224
v 0.098002 0.002762 -0.594747
vn -4.759315 -3.969051 0.411801
v 0.115496 -0.046352 -0.605478
vn -4.741188 -3.740655 1.497655
v 0.116679 -0.052862 -0.627871
vn -2.819616 -5.187848 1.895262
v 0.133354 -0.065330 -0.622836
vn -2.840981 -5.410574 0.926300
v 0.131721 -0.059123 -0.599767
vn -4.625667 -3.733667 0.721678
v 0.111220 -0.041714 -0.578994
vn -2.678036 -5.203113 1.401819
v 0.128529 -0.054143 -0.572526
vn -0.227718 -5.775444 2.200469
v 0.153205 -0.070184 -0.620824
vn 2.799722 -4.992240 2.221392
v 0.172477 -0.066238 -0.621623
vn 2.502770 -5.442776 1.167344
v 0.170133 -0.061251 -0.597849
vn -0.379704 -6.018740 1.278372
v 0.151071 -0.064295 -0.597522
vn 2.118022 -5.211002 1.818598
v 0.169289 -0.056614 -0.570271
vn -0.403359 -5.723500 1.803462
v 0.149050 -0.059201 -0.570048
vn 4.838067 -3.818171 0.716393
v 0.185414 -0.048561 -0.600113
vn 5.913379 -1.891110 0.329127
v 0.195200 -0.030398 -0.603056
vn 5.644686 -1.919076 0.866017
v 0.196125 -0.027050 -0.574864
vn 4.368454 -3.771209 1.430341
v 0.185624 -0.045229 -0.572215
vn 4.994506 -3.257470 1.784647
v 0.187332 -0.052328 -0.625009
vn 5.925225 -1.489615 1.246465
v 0.196539 -0.034214 -0.629356
vn 6.189007 0.278734 -0.064060
v 0.197979 -0.011582 -0.605394
vn 6.112000 0.158920 0.223243
v 0.198907 -0.006601 -0.576795
vn 6.176643 0.482093 0.524349
v 0.198903 -0.017646 -0.633098
vn 5.828038 2.141294 -0.578262
v 0.193952 0.005119 -0.610242
vn 5.769835 2.292300 -0.223548
v 0.195695 -0.002859 -0.637658
vn 5.995627 1.622358 -0.604568
v 0.193991 0.016157 -0.581022
vn 4.938825 3.627291 -1.173532
v 0.185741 0.017108 -0.620708
vn 5.376873 2.546258 -1.885926
v 0.184405 0.026642 -0.603771
vn 4.748018 3.808850 -0.950454
v 0.188050 0.009747 -0.644398
vn -6.008714 -1.345466 0.488704
v 0.100389 -0.007461 -0.554735
vn -6.157118 0.830015 -0.061467
v 0.099600 0.014961 -0.561067
vn -6.116887 -1.086006 -0.274019
v 0.099985 0.005653 -0.519832
vn -6.130014 0.947917 -0.687863
v 0.100405 0.026380 -0.525236
vn -5.376726 2.951478 -0.541264
v 0.106511 0.037541 -0.563716
vn -5.230762 3.096352 -1.034407
v 0.107087 0.046623 -0.528577
vn -2.853947 -5.105356 1.891494
v 0.126724 -0.040078 -0.540961
vn -4.950084 -3.510052 1.194389
v 0.110259 -0.026908 -0.547131
vn -2.771943 -5.442226 0.802305
v 0.123791 -0.027927 -0.506844
vn -5.089626 -3.492383 0.185943
v 0.107624 -0.014221 -0.512914
vn 2.348415 -5.135533 2.426548
v 0.165637 -0.041319 -0.538791
vn -0.300008 -5.696330 2.347018
v 0.146398 -0.044715 -0.538603
vn -0.050963 -6.061580 1.323380
v 0.144205 -0.031944 -0.504457
vn 2.464848 -5.539277 1.321100
v 0.164489 -0.027707 -0.504247
vn 5.682457 -2.212720 1.176216
v 0.191620 -0.012730 -0.541983
vn 5.626050 -2.623816 0.345411
v 0.192134 -0.000476 -0.505253
vn 4.410256 -4.303757 0.894782
v 0.180886 -0.016249 -0.504667
vn 4.462773 -3.854032 2.002860
v 0.180779 -0.029515 -0.540311
vn 6.209723 -0.301120 0.213872
v 0.195569 0.005705 -0.543024
vn 6.158546 -0.696790 -0.277555
v 0.197151 0.016736 -0.505550
vn 6.124773 1.195289 -0.432881
v 0.193826 0.025504 -0.542904
vn 6.082760 1.097657 -0.803017
v 0.196294 0.034634 -0.505560
vn 3.983733 4.673700 -0.647603
v 0.177063 0.059815 -0.540543
vn 3.898866 4.477157 -1.668365
v 0.179631 0.066487 -0.507905
vn 5.474354 2.683427 -1.281265
v 0.190485 0.052399 -0.505356
vn 5.561261 2.739782 -0.618218
v 0.187713 0.045342 -0.540828
vn 5.724221 2.400693 -0.521989
v 0.186730 0.043288 -0.570430
vn 4.120347 4.420028 -0.018489
v 0.177245 0.059721 -0.567409
vn 1.655774 5.766406 -1.596606
v 0.162406 0.072923 -0.515835
vn 1.562723 5.961708 -0.603895
v 0.161553 0.067244 -0.545036
vn 1.241054 5.950629 0.130954
v 0.161879 0.067525 -0.569544
vn -1.279429 6.010505 -0.678101
v 0.142908 0.067137 -0.552115
vn -1.843554 5.889521 -0.092349
v 0.143073 0.066005 -0.575715
vn -0.924861 5.911136 -1.410199
v 0.142863 0.072612 -0.524431
vn -3.716473 4.875329 -0.774132
v 0.122885 0.057046 -0.559696
vn -3.407583 5.001654 -1.266682
v 0.123005 0.063376 -0.528619
vn -4.070561 4.577312 -0.803591
v 0.123691 0.054058 -0.586348
vn 0.750669 5.694112 -2.342093
v 0.161258 0.010536 -0.681406
vn 3.051927 5.117286 -1.649715
v 0.179612 0.004890 -0.679747
vn 0.437786 5.967995 -1.561204
v 0.164311 -0.000220 -0.713297
vn 3.169197 5.095514 -0.943115
v 0.185139 -0.005683 -0.711519
vn -1.956921 5.655532 -1.647097
v 0.142080 -0.003260 -0.712473
vn -1.584295 5.368235 -2.623751
v 0.141313 0.009424 -0.681018
vn -3.841017 4.299768 -2.320407
v 0.122750 -0.000256 -0.678666
vn -5.426030 2.539378 -1.466701
v 0.108959 -0.015375 -0.673828
vn -4.143668 4.440541 -1.245106
v 0.121679 -0.014667 -0.709187
vn -5.636506 2.547712 -0.618788
v 0.108096 -0.032025 -0.702033
vn -6.174485 0.419613 0.252941
v 0.102834 -0.049812 -0.691047
vn -5.662317 -1.807960 1.461592
v 0.105864 -0.066397 -0.679048
vn -5.768010 -1.781516 1.174698
v 0.106036 -0.050252 -0.657098
vn -6.140229 0.388742 -0.214895
v 0.103316 -0.032794 -0.665995
vn -4.061410 -3.795848 2.657406
v 0.117950 -0.079508 -0.669203
vn -2.137880 -4.883330 3.270708
v 0.139813 -0.090003 -0.664562
vn -2.525817 -5.005858 2.683508
v 0.135110 -0.076212 -0.643460
vn -4.442511 -3.701514 2.228407
v 0.117378 -0.065491 -0.649084
vn -0.117797 -5.030404 3.582160
v 0.162345 -0.093069 -0.659621
vn 2.786487 -4.052433 3.625199
v 0.182351 -0.090084 -0.662311
vn 2.688263 -4.390509 3.243614
v 0.177274 -0.077674 -0.642878
vn -0.236901 -5.305897 3.113087
v 0.156300 -0.081190 -0.641066
vn 5.754464 -1.085966 2.073833
v 0.203050 -0.047448 -0.657011
vn 4.820651 -2.752736 2.788568
v 0.193260 -0.064346 -0.649097
vn 4.805618 -2.617065 2.920591
v 0.199156 -0.078075 -0.671089
vn 5.730717 -0.965065 2.069147
v 0.210094 -0.062671 -0.682373
vn 6.032842 0.846868 0.972371
v 0.205478 -0.033160 -0.664009
vn 6.017231 1.040468 1.009619
v 0.212571 -0.049321 -0.692858
vn 5.663390 2.642838 0.303718
v 0.208570 -0.036080 -0.701412
vn 5.701024 2.505796 -0.100078
v 0.201740 -0.019987 -0.670206
vn 4.847422 3.812715 -0.881812
v 0.193072 -0.006410 -0.675691
vn 5.007922 3.755286 -0.240584
v 0.199172 -0.020896 -0.707094
vn 5.596727 2.221890 -1.419182
v 0.196986 0.062001 -0.467265
vn 3.883983 4.263364 -1.822050
v 0.185851 0.078088 -0.471078
vn 3.867555 4.275594 -1.617970
v 0.191442 0.090021 -0.430160
vn 5.691574 2.038464 -1.184661
v 0.203059 0.072143 -0.426114
vn 6.168373 0.365930 -0.790190
v 0.206895 0.049262 -0.426373
vn 6.115415 0.599792 -0.974440
v 0.201546 0.041807 -0.466993
vn 1.269917 5.731421 -1.770275
v 0.170133 0.095849 -0.442184
vn 1.471543 5.641754 -1.906179
v 0.166349 0.084132 -0.481243
vn -0.878463 5.837774 -1.727426
v 0.143771 0.081884 -0.492090
vn -0.870343 5.913804 -1.690030
v 0.144706 0.091930 -0.455890
vn -3.196411 5.047526 -1.604405
v 0.121614 0.071648 -0.497546
vn -5.038302 3.219877 -1.411022
v 0.103901 0.054404 -0.498154
vn -4.937016 3.222167 -1.441902
v 0.099752 0.062535 -0.468406
vn -2.975422 5.146807 -1.656296
v 0.119376 0.080995 -0.465098
vn -5.994179 0.967158 -1.138213
v 0.095056 0.032163 -0.494722
vn -5.963179 -1.250278 -1.036671
v 0.094529 0.008641 -0.488345
vn -6.008241 1.042976 -1.111322
v 0.090091 0.036141 -0.464888
vn -5.860076 -1.264694 -0.912071
v 0.087970 0.008538 -0.457123
vn -4.712454 -3.791991 -0.709135
v 0.102213 -0.012371 -0.479839
vn -2.278415 -5.713298 -0.260770
v 0.120288 -0.025679 -0.472054
vn -4.531979 -3.906693 -0.574469
v 0.097423 -0.014243 -0.445738
vn -2.046396 -5.681933 -0.504015
v 0.117898 -0.028900 -0.435532
vn 0.249372 -6.225309 0.041965
v 0.143202 -0.028713 -0.468963
vn 2.513194 -5.651942 0.127524
v 0.165330 -0.024169 -0.468484
vn 0.568610 -6.170420 -0.432855
v 0.143277 -0.030941 -0.431748
vn 2.696168 -5.566935 -0.286720
v 0.166889 -0.024648 -0.431204
vn 5.562160 -2.812209 -0.220223
v 0.194628 0.005190 -0.467792
vn 5.581343 -2.717832 -0.239682
v 0.199081 0.008648 -0.428814
vn 4.494633 -4.233471 -0.180244
v 0.186164 -0.010718 -0.430140
vn 4.422915 -4.374060 0.014807
v 0.182662 -0.011750 -0.468148
vn 6.089490 -1.092816 -0.561220
v 0.200867 0.022878 -0.467294
vn 6.094322 -1.139374 -0.480077
v 0.205630 0.028483 -0.427417
vn 3.794715 4.331447 -1.699807
v 0.194854 0.102932 -0.386438
vn 5.724258 2.005516 -1.152727
v 0.206989 0.084404 -0.382236
vn 6.208697 0.354327 -0.684026
v 0.210637 0.059637 -0.383097
vn 1.239343 5.766797 -1.886894
v 0.172565 0.107583 -0.400309
vn -0.664910 5.933208 -1.873146
v 0.145330 0.102521 -0.417039
vn -2.716276 5.205860 -1.886976
v 0.117223 0.091435 -0.429749
vn -4.901405 3.245885 -1.579051
v 0.096049 0.071325 -0.435105
vn -6.035687 1.045562 -1.164596
v 0.085816 0.042153 -0.431631
vn -5.947965 -1.249208 -0.710273
v 0.083355 0.012487 -0.422809
vn -4.743240 -3.813603 -0.456381
v 0.094435 -0.013930 -0.408685
vn -2.112898 -5.573797 -0.562986
v 0.116572 -0.032477 -0.396066
vn 0.853173 -6.087560 -0.389018
v 0.144108 -0.034373 -0.391826
vn 3.136504 -5.288681 -0.154548
v 0.168917 -0.025796 -0.391396
vn 5.649175 -2.621511 -0.433992
v 0.202771 0.014831 -0.387401
vn 4.768396 -4.031464 -0.158305
v 0.188199 -0.007798 -0.389678
vn 6.156239 -0.902828 -0.543251
v 0.209667 0.037121 -0.385034
vn 5.538539 2.256140 -1.624176
v 0.182678 0.044996 -0.591989
vn 4.060981 2.734889 -3.330341
v 0.174424 0.049747 -0.606484
vn 3.570924 3.985985 -2.501415
v 0.171481 0.060167 -0.598709
vn 4.034597 3.964200 -0.875007
v 0.176239 0.061047 -0.586960
vn 1.162489 5.662165 -0.542661
v 0.161378 0.068683 -0.588192
vn 1.401497 4.946105 -2.685948
v 0.160088 0.065125 -0.601568
vn -1.797878 5.496863 -0.831122
v 0.143746 0.066962 -0.593961
vn -0.746714 5.097739 -2.703389
v 0.147604 0.064808 -0.603576
vn -3.641530 4.132418 -2.140408
v 0.128891 0.054886 -0.604023
vn -1.497671 3.872881 -3.985306
v 0.140427 0.056144 -0.612943
vn 1.474183 3.467941 -4.579014
v 0.158483 0.054265 -0.613867
vn -0.057906 5.450053 2.997921
v -0.005703 0.292325 0.126012
vn 1.541157 5.261100 2.980218
v 0.034429 0.288619 0.121627
vn 1.528236 5.113134 3.287563
v 0.036699 0.315226 0.071828
vn -0.081525 5.257105 3.336932
v -0.005748 0.319570 0.077248
vn -0.070239 4.877184 3.844457
v -0.005807 0.355966 0.027808
vn 1.414243 4.788990 3.800696
v 0.038724 0.351406 0.021958
vn 1.978004 4.627463 3.753679
v 0.080088 0.343564 0.012908
vn 1.471541 4.678177 3.916086
v 0.039435 0.392282 -0.027987
vn 2.078371 4.604368 3.727725
v 0.080939 0.383877 -0.037376
vn -0.051480 4.710020 3.999128
v -0.005774 0.397780 -0.021645
vn 2.930185 4.265501 3.469970
v 0.115263 0.332830 0.005105
vn 4.028697 3.659262 3.097064
v 0.143335 0.315689 -0.005474
vn 3.889166 3.831126 3.079207
v 0.144205 0.356397 -0.056150
vn 2.924758 4.327978 3.412354
v 0.115783 0.373298 -0.045985
vn 4.750514 2.976924 2.778918
v 0.166307 0.296064 -0.017337
vn 5.289393 2.314054 2.446260
v 0.184214 0.274518 -0.030933
vn 5.222035 2.539138 2.350633
v 0.188642 0.310404 -0.076289
vn 4.604132 3.226854 2.745639
v 0.168930 0.335129 -0.065658
vn 5.640628 1.741204 2.106245
v 0.198263 0.253186 -0.045416
vn 5.918402 1.221686 1.676197
v 0.208810 0.232132 -0.061570
vn 5.978875 1.215642 1.378026
v 0.214052 0.260557 -0.101547
vn 5.655066 1.874717 1.902522
v 0.203693 0.285366 -0.088022
vn 6.212244 0.443861 0.810577
v 0.221937 0.192139 -0.103869
vn 6.261091 0.102312 0.405597
v 0.226128 0.175021 -0.135117
vn 6.127566 -0.892682 -0.357302
v 0.226665 0.156266 -0.168493
vn 6.274183 0.013814 0.208794
v 0.227199 0.194399 -0.166796
vn 6.123371 -0.901815 -0.668507
v 0.226151 0.172113 -0.197529
vn 6.233009 0.404908 0.599886
v 0.224812 0.215020 -0.138096
vn 6.115448 0.780106 1.188196
v 0.216355 0.211359 -0.080192
vn 6.161819 0.727569 0.935740
v 0.220239 0.236744 -0.117362
vn 4.857676 -0.767785 -3.877273
v 0.184605 0.217000 -0.344714
vn 5.184560 -1.188205 -3.159596
v 0.199712 0.208009 -0.322706
vn 4.702684 -2.275485 -3.252365
v 0.182733 0.184535 -0.336820
vn 4.555878 -1.496552 -3.930735
v 0.165660 0.194399 -0.362706
vn 4.700572 -1.634681 -3.534986
v 0.163577 0.227443 -0.368799
vn 4.819763 -1.231356 -3.821588
v 0.145159 0.210971 -0.389759
vn 2.309739 -2.786728 0.342987
v 0.187303 0.251414 -0.347431
vn 5.354068 -0.023060 -3.251204
v 0.199641 0.246010 -0.326910
vn 5.583880 -0.095922 -2.576328
v 0.212784 0.237067 -0.306024
vn 5.924249 1.204261 -1.700334
v 0.204903 0.307296 -0.294631
vn 6.011062 1.198221 -1.240631
v 0.216006 0.294272 -0.267894
vn 5.922333 0.836692 -1.707118
v 0.216985 0.266624 -0.286481
vn 5.780165 0.832628 -2.288496
v 0.205391 0.278270 -0.310074
vn 3.663710 -1.083259 1.829590
v 0.199557 0.284864 -0.324300
vn 4.789690 -0.212920 1.813362
v 0.199182 0.315892 -0.311606
vn 5.969378 1.406075 -1.355003
v 0.201209 0.337729 -0.284045
vn 6.005028 1.576007 -0.900956
v 0.194631 0.370601 -0.277639
vn 5.914360 1.959609 -0.632196
v 0.204689 0.353292 -0.244524
vn 5.971777 1.497608 -0.998915
v 0.212703 0.322920 -0.254233
vn 5.217875 0.697072 1.621024
v 0.194628 0.347891 -0.303942
vn 5.317189 1.028396 1.593567
v 0.187678 0.382208 -0.300090
vn 6.030361 1.650504 -0.409655
v 0.186016 0.405853 -0.274181
vn 5.842928 2.190645 0.097535
v 0.175388 0.441338 -0.273809
vn 5.691661 2.418642 0.689550
v 0.180744 0.421881 -0.235197
vn 5.914281 2.100962 -0.106658
v 0.192364 0.386788 -0.238347
vn 5.237224 1.287468 1.935529
v 0.180382 0.417412 -0.298292
vn 4.962621 1.852745 2.334182
v 0.170854 0.451735 -0.300041
vn 5.194519 3.097156 1.271587
v 0.161223 0.473213 -0.276785
vn 3.973796 4.133413 2.300528
v 0.140114 0.502068 -0.279007
vn 3.750398 4.374895 2.465983
v 0.138264 0.476570 -0.234955
vn 4.684235 3.501734 1.617134
v 0.165689 0.452511 -0.235175
vn 4.846087 2.754065 2.706028
v 0.161621 0.485225 -0.304870
vn 3.369118 4.280084 3.070498
v 0.144082 0.522559 -0.322664
vn 2.821119 4.971661 2.583419
v 0.103730 0.525619 -0.278890
vn 2.155578 5.379342 2.419159
v 0.064936 0.542514 -0.276959
vn 2.582903 5.114920 2.543935
v 0.067747 0.517773 -0.224117
vn 3.151288 4.735036 2.652146
v 0.104344 0.499374 -0.230317
vn 2.378553 5.141362 2.626851
v 0.103591 0.552355 -0.328039
vn 1.787415 5.480992 2.495114
v 0.062589 0.567116 -0.331147
vn 1.709615 5.588435 2.296399
v 0.028769 0.554490 -0.274498
vn 0.169132 5.669765 2.335168
v -0.006166 0.562776 -0.271895
vn 0.082257 5.511393 2.595872
v -0.006091 0.539509 -0.215964
vn 1.811398 5.426095 2.515464
v 0.031027 0.531547 -0.219104
vn 1.551433 5.569728 2.455031
v 0.027104 0.577788 -0.330937
vn 0.216688 5.674408 2.428823
v -0.006214 0.585560 -0.328747
vn 5.501173 -2.039913 -1.988340
v 0.215740 0.152013 -0.222924
vn 5.789294 -1.975858 -1.213989
v 0.218172 0.137463 -0.194505
vn 3.773125 -2.740774 -4.146093
v 0.124199 0.152560 -0.384145
vn 3.625941 -2.980981 -4.116780
v 0.109467 0.180981 -0.415671
vn 4.553063 -2.052630 -3.788125
v 0.127213 0.196127 -0.405975
vn 4.399585 -2.188182 -3.894746
v 0.144751 0.174109 -0.374966
vn 4.660338 -2.754480 -3.142347
v 0.163813 0.162931 -0.343634
vn 1.429864 -3.425170 -5.055692
v 0.068070 0.132353 -0.397191
vn 1.395530 -4.095822 -4.545697
v 0.067605 0.166774 -0.424675
vn 2.276485 -3.777948 -4.437898
v 0.090476 0.171615 -0.420991
vn 2.296259 -3.246572 -4.821671
v 0.098439 0.138857 -0.392291
vn 0.788274 -3.486312 -5.165115
v 0.037857 -0.006721 -0.319142
vn 0.865109 -3.276519 -5.254160
v 0.031874 0.026164 -0.343673
vn -0.045410 -3.522059 -5.127588
v -0.004102 -0.008846 -0.324543
vn -0.030549 -3.086265 -5.440433
v -0.004335 0.025543 -0.346034
vn 0.520289 -2.946339 -5.504551
v 0.032427 0.056290 -0.360597
vn -0.065981 -2.868954 -5.587424
v -0.005018 0.055562 -0.360972
vn 0.038947 -3.023621 -5.504573
v -0.005409 0.087990 -0.377764
vn 0.394664 -3.092617 -5.441833
v 0.031321 0.090151 -0.376913
vn -0.046118 -3.917444 -4.841703
v -0.005923 0.127835 -0.401405
vn 0.560920 -3.727840 -4.993535
v 0.031932 0.127068 -0.402624
vn -0.008843 -4.430202 -4.428144
v -0.005816 0.160862 -0.435131
vn 1.082681 -4.256106 -4.461102
v 0.033336 0.162957 -0.430156
vn -0.021723 4.722399 3.944792
v -0.005829 0.440629 -0.071114
vn 1.590842 4.699166 3.824764
v 0.038491 0.434452 -0.077042
vn 2.271160 4.642482 3.548583
v 0.079086 0.424384 -0.086052
vn 2.558528 4.726731 3.188646
v 0.075363 0.461214 -0.132954
vn 1.742757 4.830976 3.549084
v 0.036360 0.473417 -0.124833
vn -0.017433 4.889605 3.693909
v -0.005917 0.480176 -0.119836
vn 2.959134 4.464482 3.196316
v 0.113882 0.412072 -0.094516
vn 3.783900 4.045551 2.921499
v 0.143435 0.393825 -0.103080
vn 3.681663 4.370472 2.573083
v 0.141006 0.425455 -0.148393
vn 3.142032 4.623278 2.822694
v 0.109616 0.445332 -0.141556
vn 4.518056 3.433029 2.618584
v 0.169528 0.370226 -0.109403
vn 5.214981 2.703695 2.128135
v 0.190272 0.342846 -0.116521
vn 5.262731 2.849368 1.736757
v 0.189444 0.372208 -0.155014
vn 4.445942 3.710153 2.254446
v 0.168687 0.401322 -0.151110
vn 5.705638 1.994036 1.580948
v 0.205501 0.314948 -0.126062
vn 6.027814 1.315175 1.051515
v 0.215582 0.287555 -0.137802
vn 6.044603 1.465335 0.743910
v 0.214874 0.312500 -0.172779
vn 5.758633 2.115980 1.202021
v 0.204560 0.342011 -0.162536
vn 6.181365 0.841953 0.691946
v 0.221416 0.261879 -0.151388
vn 6.237965 0.525380 0.454402
v 0.225718 0.238151 -0.169561
vn 6.179904 0.996481 0.440117
v 0.221067 0.285388 -0.184819
vn 6.229710 0.732049 0.201448
v 0.225329 0.259942 -0.201061
vn 6.254145 -0.003215 0.075587
v 0.228683 0.214668 -0.195599
vn 6.025620 -1.080060 -1.036296
v 0.225420 0.189558 -0.223723
vn 6.212713 0.204175 -0.313904
v 0.228551 0.234574 -0.224389
vn 5.992400 -1.060798 -1.145196
v 0.224356 0.207776 -0.249579
vn 5.315868 -2.391128 -2.248187
v 0.210705 0.166858 -0.247270
vn 5.034908 -2.743482 -2.126674
v 0.190799 0.157990 -0.272532
vn 5.348948 -2.664382 -1.725322
v 0.209744 0.181861 -0.271135
vn 4.916590 -3.589813 -1.464112
v 0.197539 0.170231 -0.284301
vn -0.007448 5.175657 3.183605
v -0.005981 0.513219 -0.166372
vn 1.871874 5.072029 3.059603
v 0.033821 0.505826 -0.170340
vn 2.776752 4.835728 2.858041
v 0.071078 0.491010 -0.177795
vn 3.285377 4.635522 2.675846
v 0.105754 0.472657 -0.186126
vn 3.668486 4.428607 2.524957
v 0.138581 0.451069 -0.192529
vn 4.510404 3.796873 2.003439
v 0.165780 0.427221 -0.193652
vn 5.359893 2.944218 1.095978
v 0.185928 0.398602 -0.195101
vn 5.751224 2.331511 0.469338
v 0.201652 0.366526 -0.200479
vn 5.997256 1.698846 0.144754
v 0.212859 0.334634 -0.209098
vn 6.144891 1.153981 -0.136660
v 0.219262 0.305734 -0.220259
vn 6.192870 0.895003 -0.441645
v 0.222445 0.278593 -0.235365
vn 6.180779 0.490092 -0.838694
v 0.224036 0.251582 -0.256180
vn 5.940164 -0.609173 -1.455050
v 0.221410 0.224758 -0.278609
vn 5.489553 -1.920820 -2.028063
v 0.209033 0.197766 -0.297949
vn 4.788636 -3.086150 -2.225487
v 0.193716 0.175101 -0.309346
vn 4.879410 -3.305086 -2.123247
v 0.179483 0.157595 -0.307480
vn -0.532842 5.854255 1.976322
v -0.003607 0.654570 -0.526876
vn -0.494345 5.967315 1.676570
v -0.006411 0.647248 -0.504127
vn 1.330908 5.832883 1.713639
v 0.021580 0.646138 -0.507316
vn 1.761339 5.662115 1.758732
v 0.023640 0.653221 -0.531093
vn 2.961100 5.425020 0.711311
v 0.052809 0.636646 -0.520702
vn 3.814306 4.843597 0.756057
v 0.046217 0.644275 -0.545188
vn 2.177413 5.515774 1.632986
v 0.024950 0.658354 -0.548467
vn 4.170052 4.500294 0.686182
v 0.045441 0.647988 -0.561103
vn -0.345273 5.785652 2.075109
v -0.001421 0.660973 -0.543470
vn 3.952164 4.717397 -1.101950
v 0.070839 0.619712 -0.566724
vn 2.597563 5.655456 -0.101173
v 0.088814 0.617306 -0.518535
vn 2.896517 5.298196 -1.655061
v 0.092297 0.604670 -0.566740
vn 2.382090 5.476898 -1.864772
v 0.122481 0.593503 -0.563079
vn 2.016952 5.850076 -0.412922
v 0.126116 0.603904 -0.513733
vn 2.881587 4.862445 -2.703024
v 0.093468 0.586145 -0.611943
vn 2.719795 4.782534 -2.950040
v 0.120389 0.572158 -0.612108
vn 3.551622 4.552352 -2.433403
v 0.074781 0.600059 -0.609750
vn 1.181758 5.894829 1.714932
v 0.022162 0.636006 -0.473335
vn -0.194273 6.029312 1.623128
v -0.006667 0.638063 -0.471634
vn 0.040492 5.874969 1.918653
v -0.006431 0.627549 -0.430609
vn 1.341023 5.772964 2.016709
v 0.023786 0.622727 -0.431502
vn 2.229752 5.669671 1.417508
v 0.054099 0.626449 -0.474124
vn 1.979572 5.626464 1.879513
v 0.056997 0.612652 -0.429817
vn 2.069193 5.797749 1.185589
v 0.090599 0.609221 -0.470829
vn 1.869181 5.683714 1.886602
v 0.094959 0.594748 -0.423788
vn 1.713245 5.865134 1.227270
v 0.131795 0.597733 -0.463313
vn 1.930939 5.495670 2.233187
v 0.137397 0.580363 -0.413520
vn 1.346285 5.639593 2.407579
v 0.025364 0.602905 -0.383763
vn 0.170290 5.722041 2.366635
v -0.006547 0.608930 -0.382453
vn 1.802843 5.507862 2.362408
v 0.060034 0.593241 -0.381981
vn 1.965205 5.452385 2.416378
v 0.099710 0.575631 -0.376444
vn 2.450400 5.000331 2.876318
v 0.140408 0.554846 -0.366904
vn 1.726761 -3.347556 -1.101881
v 0.142116 0.236495 -0.400752
vn 0.411099 -4.769059 0.146621
v 0.163086 0.237624 -0.383178
vn 4.819043 -2.500709 -2.760992
v 0.127100 0.231847 -0.422013
vn -0.391873 -3.985508 -0.290112
v 0.130469 0.240583 -0.430790
vn 0.276293 -3.260440 -0.456941
v 0.120476 0.243274 -0.449361
vn -3.371068 -4.905743 1.820283
v 0.145431 0.230748 -0.414717
vn 4.752745 -2.604694 -3.095850
v 0.116301 0.224587 -0.438782
vn 4.129592 -3.242935 -3.392627
v 0.102876 0.217287 -0.447986
vn 0.115534 -4.051431 -1.363777
v 0.114409 0.245191 -0.464134
vn 1.005426 -4.439649 -1.647980
v 0.106637 0.250541 -0.482721
vn 3.120977 -4.011521 -3.591113
v 0.087672 0.204642 -0.453491
vn 1.827440 -4.764515 -3.601305
v 0.064665 0.195561 -0.455179
vn 1.961296 -4.672816 -3.447515
v 0.063769 0.215376 -0.491103
vn 3.680641 -4.037719 -2.974029
v 0.088290 0.230256 -0.487523
vn 0.909780 -4.902295 -3.766011
v 0.031900 0.189202 -0.462905
vn -0.037549 -4.691309 -4.171895
v -0.005858 0.190192 -0.464978
vn 0.162449 -4.828930 -3.946849
v 0.030150 0.212685 -0.494690
vn -0.021996 -4.745976 -4.073370
v -0.005881 0.216815 -0.494596
vn 3.478020 3.239178 4.077732
v 0.168668 0.496673 -0.320051
vn 3.970967 2.189814 4.289793
v 0.167060 0.479704 -0.308537
vn 3.224391 1.500395 5.141749
v 0.174919 0.451577 -0.303324
vn 3.303109 1.984394 4.772789
v 0.184492 0.461975 -0.310617
vn 3.281931 0.771941 5.209166
v 0.183884 0.419533 -0.302034
vn 3.410054 0.324806 5.081510
v 0.191219 0.384715 -0.304246
vn 3.194649 0.331601 5.256304
v 0.205491 0.390462 -0.309711
vn 3.251215 1.055308 5.047760
v 0.196808 0.426438 -0.307871
vn 2.744755 -1.293521 5.481290
v 0.204117 0.317836 -0.314097
vn 1.348223 -2.389880 5.576191
v 0.206226 0.284706 -0.325549
vn -0.093108 -3.767514 4.629548
v 0.201843 0.252002 -0.343366
vn 3.061199 -1.858542 4.557639
v 0.224055 0.282963 -0.331309
vn 2.287074 -3.409457 3.916980
v 0.222335 0.248726 -0.349717
vn 3.419975 -0.779494 4.906900
v 0.219906 0.320391 -0.320048
vn 3.342080 -0.144087 5.220197
v 0.198464 0.350355 -0.307574
vn 3.303324 -0.163978 5.145041
v 0.213370 0.354780 -0.313237
vn -1.503050 -4.980352 3.149425
v 0.187012 0.230994 -0.373068
vn -1.986496 -5.380286 2.218300
v 0.169505 0.221207 -0.405567
vn 0.261413 -5.809745 1.450275
v 0.202335 0.212986 -0.410166
vn 1.087897 -5.049575 2.720230
v 0.214311 0.225289 -0.377877
vn -3.839832 -4.552938 1.530696
v 0.137623 0.226657 -0.440211
vn -4.673163 -3.797463 1.774672
v 0.126728 0.237038 -0.446146
vn -4.808890 -3.883372 0.981622
v 0.120835 0.238697 -0.460240
vn -3.593524 -4.743302 0.570870
v 0.130896 0.226029 -0.460822
vn 2.951005 5.200461 1.339556
v 0.172959 0.580314 -0.452866
vn 3.037005 4.805410 2.440702
v 0.176999 0.558678 -0.404746
vn 4.416496 4.042073 1.098930
v 0.208852 0.549694 -0.443148
vn 4.270369 3.808593 2.281628
v 0.210702 0.526809 -0.398232
vn 4.405141 4.314312 -0.064590
v 0.199360 0.563581 -0.485282
vn 2.862628 5.213951 -0.283017
v 0.165903 0.591640 -0.500644
vn 5.327044 3.108691 0.978635
v 0.233421 0.508989 -0.434535
vn 5.009693 2.800925 2.077291
v 0.236057 0.488216 -0.392298
vn 5.840233 2.103955 0.817189
v 0.252082 0.466315 -0.429358
vn 5.442352 1.648517 1.906368
v 0.254469 0.444640 -0.388035
vn 5.616618 2.601852 0.221613
v 0.248386 0.490008 -0.469674
vn 5.232917 3.447649 0.085862
v 0.225659 0.527207 -0.475198
vn 6.234394 0.365247 -0.197266
v 0.274782 0.332264 -0.440839
vn 6.220761 0.609324 -0.034561
v 0.272971 0.353276 -0.439749
vn 5.938355 0.608586 1.541507
v 0.270067 0.351681 -0.398617
vn 5.816208 0.181157 1.660901
v 0.275772 0.308949 -0.403737
vn 6.200739 0.884415 -0.201599
v 0.273951 0.324608 -0.455522
vn 5.495688 -1.122272 0.516572
v 0.280898 0.275951 -0.422841
vn 5.935645 0.052974 -1.792988
v 0.270051 0.352674 -0.464296
vn 5.657114 0.740021 -1.413606
v 0.267887 0.345100 -0.467219
vn 6.170504 0.314492 -1.033606
v 0.270627 0.359986 -0.459241
vn 6.154608 1.052978 0.597491
v 0.262810 0.423492 -0.429794
vn 5.880126 0.823489 1.717562
v 0.261746 0.399514 -0.389875
vn 6.214059 0.812282 0.435910
v 0.267729 0.389585 -0.437960
vn 6.188574 0.595251 -0.327932
v 0.266558 0.418285 -0.473300
vn 6.023192 1.447202 0.093488
v 0.261817 0.450881 -0.468769
vn 6.200681 0.639183 0.152890
v 0.275584 0.319628 -0.479483
vn 5.625050 -2.489303 -0.363517
v 0.270817 0.259354 -0.446770
vn 6.223447 -0.433298 0.049374
v 0.275989 0.297591 -0.491909
vn 5.033257 -3.205353 -0.078701
v 0.265087 0.246220 -0.470091
vn 5.994709 -1.344423 -0.469533
v 0.273566 0.278522 -0.510078
vn 6.117837 0.589018 -0.667817
v 0.274727 0.336824 -0.535990
vn 5.824954 -0.493983 -1.669511
v 0.272189 0.318438 -0.555660
vn 5.696400 1.986074 0.346722
v 0.272470 0.356057 -0.518348
vn 4.017372 -4.110758 -0.562794
v 0.257499 0.236860 -0.494748
vn 5.303219 -2.431106 -1.627475
v 0.266668 0.267018 -0.531478
vn 2.817903 -4.804988 -1.712389
v 0.244902 0.233345 -0.518833
vn 3.693387 -3.383881 -3.084832
v 0.252658 0.260489 -0.552856
vn 5.015629 -1.777483 -3.072792
v 0.261704 0.306349 -0.572833
vn 3.765797 -2.944907 -4.014196
v 0.244682 0.299056 -0.587238
vn 3.218404 4.175503 3.281284
v 0.175197 0.527986 -0.355523
vn 4.023245 3.027129 3.551249
v 0.201397 0.493594 -0.345746
vn 4.513994 2.124610 3.746068
v 0.218493 0.453572 -0.340633
vn 4.694703 1.206097 3.751090
v 0.232868 0.413201 -0.337399
vn 4.884492 0.335751 3.606800
v 0.242270 0.371642 -0.340167
vn 5.098658 -0.252602 3.513131
v 0.247179 0.331817 -0.349410
vn 5.010713 -0.898686 3.577377
v 0.251118 0.291921 -0.362117
vn 4.328199 -2.243002 3.088925
v 0.256354 0.256249 -0.377382
vn 3.572316 -3.984612 1.347159
v 0.253369 0.230664 -0.404772
vn 2.848382 -5.078023 -0.142519
v 0.239890 0.219309 -0.436858
vn 0.004324 -5.927450 0.003839
v 0.190592 0.207983 -0.442417
vn 2.215102 -5.739401 -0.862528
v 0.229159 0.220825 -0.465486
vn -0.147858 -6.018494 -1.150667
v 0.182251 0.212074 -0.468979
vn 1.319681 -5.985769 -1.004742
v 0.219049 0.220871 -0.489173
vn 6.198184 0.454184 -0.517872
v 0.270099 0.376506 -0.456159
vn 5.853254 -0.657681 -1.765035
v 0.265290 0.399494 -0.485111
vn 5.892119 -0.174556 -2.105245
v 0.266012 0.373269 -0.473604
vn 5.165560 -1.690744 -3.077401
v 0.256034 0.389288 -0.495832
vn 5.932076 1.951966 0.615382
v 0.269737 0.342057 -0.478662
vn 4.836444 3.675468 1.273475
v 0.262988 0.368884 -0.509237
vn 5.837090 1.493961 -0.784516
v 0.263094 0.360171 -0.481928
vn 4.868711 3.508282 0.254986
v 0.252946 0.376772 -0.504861
vn 5.769185 0.277206 -2.437155
v 0.262522 0.369019 -0.481100
vn 5.253830 0.537885 -2.070803
v 0.250691 0.382713 -0.501165
vn 4.884400 3.708705 -0.977016
v 0.213020 0.542601 -0.515722
vn 4.069592 4.575603 -1.248491
v 0.185838 0.568409 -0.526378
vn 5.332979 3.031794 -0.894333
v 0.235255 0.510444 -0.511265
vn 4.852568 3.258332 -2.209121
v 0.211727 0.526450 -0.552429
vn 4.317255 3.760160 -2.183975
v 0.192481 0.553005 -0.555488
vn 3.607755 4.677279 -1.987155
v 0.177044 0.566479 -0.555071
vn 4.323183 4.075479 0.956702
v 0.254511 0.390986 -0.545191
vn 4.313503 4.114316 1.121584
v 0.242710 0.395614 -0.537617
vn 5.563349 2.504010 -0.637150
v 0.260840 0.380924 -0.556155
vn 5.112411 3.372454 -0.634635
v 0.235054 0.417871 -0.585543
vn 5.387648 2.538500 -1.855145
v 0.239708 0.404527 -0.594990
vn 4.818398 3.883688 0.142076
v 0.227894 0.427806 -0.577613
vn 5.784687 1.936902 -1.065896
v 0.251694 0.474662 -0.509641
vn 5.914093 0.770729 -1.543827
v 0.259204 0.439895 -0.512746
vn 5.374543 0.929687 -2.706573
v 0.239168 0.469407 -0.554667
vn 5.175477 2.501182 -2.220561
v 0.230200 0.497948 -0.552387
vn 5.783051 1.438523 -1.672930
v 0.262253 0.365180 -0.572930
vn 5.558269 0.345509 -2.591582
v 0.258195 0.348871 -0.591979
vn 5.397992 1.854894 -2.529612
v 0.240717 0.389181 -0.607639
vn 5.312055 0.994416 -3.128613
v 0.237050 0.372661 -0.622884
vn 4.831057 -1.139857 -3.506082
v 0.247787 0.337341 -0.609110
vn 3.759983 -2.560093 -4.190031
v 0.231759 0.330889 -0.622939
vn 4.848298 -0.347429 -3.757471
v 0.228470 0.361131 -0.638282
vn 4.149961 -1.981840 -4.202349
v 0.221504 0.350827 -0.642299
vn 4.922497 -1.221584 -2.719398
v 0.257328 0.418615 -0.521934
vn 4.630735 -2.233989 -3.562495
v 0.244353 0.408149 -0.528066
vn 4.936683 -0.817811 -3.571540
v 0.235213 0.449979 -0.560808
vn 4.879679 -1.168128 -3.733524
v 0.226355 0.439711 -0.566484
vn 5.228658 0.890269 -1.382930
v 0.239036 0.401011 -0.532442
vn 5.131606 1.892076 -1.641112
v 0.222784 0.433026 -0.571135
vn 0.531779 -6.065299 -1.364215
v 0.202532 0.223096 -0.510327
vn 1.425415 -5.292450 -2.622008
v 0.221837 0.233312 -0.536769
vn -0.507799 -6.056031 -1.507923
v 0.175621 0.219826 -0.493228
vn -0.417943 -5.864093 -1.871103
v 0.180042 0.226094 -0.525928
vn -1.230022 -6.024947 -1.261957
v 0.168422 0.224244 -0.508361
vn 0.419274 -5.310255 -3.024200
v 0.190585 0.236149 -0.551142
vn 2.028618 -4.193875 -4.019290
v 0.227108 0.257533 -0.566627
vn 2.541871 -3.732612 -4.292385
v 0.222584 0.292688 -0.599240
vn 0.913314 -4.527329 -4.189063
v 0.193829 0.258066 -0.577438
vn 1.297233 -4.292527 -4.335584
v 0.192422 0.288412 -0.608476
vn 2.732761 -3.458372 -4.407925
v 0.211969 0.327147 -0.634556
vn 2.352029 -2.104242 -4.832075
v 0.207354 0.353502 -0.657580
vn 1.218751 -3.598598 -4.798681
v 0.185605 0.323793 -0.644947
vn 1.425710 -3.077005 -5.199072
v 0.181869 0.365077 -0.665235
vn -4.413370 -4.306990 -0.094695
v 0.116592 0.243778 -0.474668
vn -3.916512 -4.525668 -0.288622
v 0.112721 0.249561 -0.493144
vn -3.614542 -4.754685 -0.517464
v 0.121931 0.235842 -0.499457
vn -3.701773 -4.546345 -0.344412
v 0.125450 0.229638 -0.479047
vn 3.670325 3.945600 -3.070995
v 0.162500 0.556495 -0.592665
vn 2.980985 4.874225 -2.503770
v 0.151527 0.572229 -0.579857
vn 4.183936 3.465450 -3.147555
v 0.177849 0.535755 -0.594175
vn 3.869688 3.626479 -3.365472
v 0.154567 0.537711 -0.619569
vn 3.313469 4.083025 -3.381882
v 0.136702 0.552928 -0.623343
vn 4.401693 3.135728 -3.079006
v 0.193312 0.514416 -0.598974
vn 4.719450 1.554648 -3.563653
v 0.201193 0.494157 -0.604201
vn 3.766378 2.296671 -4.140717
v 0.159066 0.509377 -0.644892
vn 3.758805 3.581148 -3.517709
v 0.153901 0.524894 -0.635022
vn 2.848462 5.263523 -1.707759
v 0.154703 0.584706 -0.546145
vn 4.994671 3.341360 -1.496829
v 0.203593 0.446903 -0.634488
vn 4.046912 4.585939 -0.400752
v 0.194822 0.458627 -0.629605
vn 5.387825 2.173876 -2.311851
v 0.210863 0.429206 -0.638198
vn 5.515741 2.472339 -1.581944
v 0.187393 0.445351 -0.676723
vn 4.958701 3.725528 -0.509178
v 0.174492 0.465477 -0.677327
vn 3.144506 4.914361 1.940768
v 0.152455 0.488582 -0.678149
vn 5.349607 1.536629 -2.901701
v 0.214715 0.408818 -0.643120
vn 5.005561 1.064225 -3.584874
v 0.215148 0.389695 -0.650882
vn 4.993457 -0.209477 -3.630746
v 0.199870 0.400717 -0.670963
vn 5.641632 1.136811 -2.476783
v 0.195314 0.423786 -0.673317
vn 3.374088 -0.087500 -4.527086
v 0.211361 0.374207 -0.660678
vn 3.410761 -1.766052 -4.789886
v 0.197228 0.381904 -0.668566
vn 4.538969 -0.344807 -4.140009
v 0.198034 0.477524 -0.610239
vn 4.760208 0.767199 -3.373261
v 0.189660 0.466266 -0.615067
vn 3.964336 1.315452 -4.546552
v 0.157419 0.493620 -0.651306
vn 3.873012 3.597227 -2.503632
v 0.154366 0.483847 -0.657085
vn 4.237122 4.261378 -0.991838
v 0.188949 0.462143 -0.622266
vn 2.455171 5.550879 0.813920
v 0.153128 0.483724 -0.664831
vn 4.786534 3.414310 2.133495
v 0.165634 0.483413 -0.699067
vn 2.715571 4.173643 3.399209
v 0.146281 0.507805 -0.698608
vn 5.229364 2.919686 1.350416
v 0.179751 0.457159 -0.696454
vn 5.337475 2.691733 1.096596
v 0.182164 0.463808 -0.708385
vn 4.929841 3.183253 1.591282
v 0.165977 0.494801 -0.712576
vn 2.694175 4.389986 2.075158
v 0.146753 0.519222 -0.712563
vn 5.465431 1.959705 0.884310
v 0.189518 0.431124 -0.687437
vn 5.561915 0.635711 -0.177041
v 0.194599 0.405507 -0.678809
vn 5.335950 1.319782 2.964625
v 0.196665 0.406409 -0.682964
vn 4.764369 2.775457 2.913778
v 0.191821 0.433265 -0.692415
vn 1.010636 -1.416076 1.105702
v 0.176591 0.371707 -0.673841
vn 1.700200 1.082741 5.430859
v 0.186556 0.358007 -0.669559
vn 4.164052 -0.141956 4.323570
v 0.196653 0.381794 -0.677437
vn 4.320045 -2.246920 -0.099973
v 0.192785 0.384217 -0.673621
vn 5.049479 3.418814 -0.197568
v 0.162662 0.502902 -0.727152
vn 2.520050 4.967155 0.200489
v 0.143833 0.524180 -0.726936
vn 5.663121 2.569320 -0.540056
v 0.176536 0.474953 -0.726095
vn 5.593944 2.556662 -1.192340
v 0.172743 0.477456 -0.741179
vn 4.844827 3.543584 -1.480773
v 0.158587 0.504532 -0.740884
vn 2.521582 5.053779 -1.302889
v 0.140712 0.523711 -0.739950
vn 5.858234 2.002236 -0.903748
v 0.187946 0.447262 -0.722191
vn 5.699488 2.195113 0.296628
v 0.192219 0.440962 -0.705710
vn 6.023667 1.383531 -1.049664
v 0.197581 0.414071 -0.718511
vn 6.074992 1.327906 -0.017053
v 0.200514 0.411131 -0.700972
vn 5.991247 1.347263 -1.306665
v 0.193532 0.415141 -0.736250
vn 5.858504 1.889645 -1.205479
v 0.184149 0.448498 -0.739212
vn 6.099590 1.069492 -0.894046
v 0.205860 0.374320 -0.715943
vn 6.091156 0.835366 0.702388
v 0.206714 0.374825 -0.698928
vn 5.838312 1.101563 1.373113
v 0.212749 0.337972 -0.697460
vn 6.095106 1.121742 -0.783830
v 0.212875 0.335637 -0.714491
vn 6.000250 1.081546 -1.517158
v 0.208661 0.336442 -0.730826
vn 6.027615 1.062145 -1.418040
v 0.201627 0.375455 -0.733168
vn 4.979208 0.963991 3.612261
v 0.203706 0.346672 -0.683624
vn 2.151188 1.412098 5.200330
v 0.192843 0.315333 -0.663046
vn 5.046673 1.525123 3.356945
v 0.209081 0.311504 -0.679792
vn 2.556814 0.367360 4.660326
v 0.204075 0.275178 -0.655258
vn 5.276073 1.111763 2.865893
v 0.218722 0.278328 -0.676128
vn 5.876279 1.361465 1.251455
v 0.218428 0.307037 -0.696593
vn 5.965659 1.496688 0.899341
v 0.224831 0.278729 -0.697437
vn 5.958626 1.314850 -1.491390
v 0.214961 0.305116 -0.730044
vn 6.072464 1.255017 -0.741260
v 0.218816 0.305191 -0.714287
vn 5.957863 1.833041 -0.675292
v 0.224463 0.277245 -0.716030
vn 5.852749 1.861351 -1.293673
v 0.221895 0.276333 -0.731661
vn 2.725151 -0.669185 5.104856
v 0.209130 0.246831 -0.662645
vn 5.104198 0.902714 3.383407
v 0.225556 0.249952 -0.681234
vn 2.531688 0.085584 5.455122
v 0.216795 0.220295 -0.669585
vn 4.843254 1.336735 3.619163
v 0.234990 0.225428 -0.687065
vn 5.684849 1.913783 1.246505
v 0.234896 0.250890 -0.701884
vn 5.528455 2.341362 1.308465
v 0.245313 0.224419 -0.707285
vn 5.738370 2.308141 -0.839547
v 0.235562 0.248248 -0.720930
vn 5.608626 2.279518 -1.673229
v 0.232056 0.245544 -0.736541
vn 5.476727 2.826816 -1.058240
v 0.246435 0.220551 -0.725998
vn 5.315149 2.736490 -1.897792
v 0.242858 0.217223 -0.741470
vn -1.258907 -5.947078 -1.513991
v 0.149845 0.233452 -0.530786
vn -0.690488 -5.195412 -2.784659
v 0.151996 0.240136 -0.559942
vn -1.580599 -5.902774 -1.436071
v 0.147914 0.228607 -0.506171
vn -3.074311 -5.125412 -0.800440
v 0.118267 0.241036 -0.525670
vn -2.660983 -4.753078 -2.062819
v 0.115919 0.248597 -0.556048
vn -0.286141 -4.705168 -4.082589
v 0.152778 0.261854 -0.584916
vn -0.090834 -4.498286 -4.295515
v 0.152584 0.287775 -0.613977
vn -2.167776 -4.535151 -3.305240
v 0.113287 0.267604 -0.583800
vn -1.582770 -4.432308 -4.060407
v 0.113118 0.293836 -0.612541
vn 0.723414 -3.767549 -4.860241
v 0.150466 0.358667 -0.667169
vn 0.019617 -3.704129 -4.899119
v 0.151252 0.323612 -0.648835
vn -0.987813 -4.175271 -4.565063
v 0.115301 0.326969 -0.645384
vn 0.197625 -4.037178 -4.780371
v 0.117999 0.355879 -0.668217
vn -0.324551 -0.160624 5.832407
v 0.172646 0.269505 -0.651687
vn -0.714753 1.135968 6.127925
v 0.162972 0.311539 -0.663521
vn -0.706046 1.301016 6.059149
v 0.154580 0.350067 -0.669740
vn -2.298532 0.297988 5.678968
v 0.134910 0.306080 -0.667570
vn -2.014333 0.281110 5.779062
v 0.116078 0.351866 -0.676118
vn -2.555332 -0.554365 4.988412
v 0.143412 0.263985 -0.658162
vn 0.015109 -1.126157 6.146954
v 0.182148 0.223704 -0.665788
vn 0.018127 -1.802539 5.942500
v 0.177959 0.242866 -0.659381
vn -2.264915 -1.676111 5.373009
v 0.148681 0.238060 -0.664905
vn -2.423658 -1.093121 5.508632
v 0.150812 0.214115 -0.670904
vn 2.676611 3.429196 -4.422916
v 0.020674 0.586103 -0.682230
vn 3.780351 3.249970 -3.801085
v 0.042511 0.595434 -0.656118
vn 3.354076 3.378461 -4.085503
v 0.041379 0.578843 -0.671580
vn 2.562142 3.015135 -4.841705
v 0.018934 0.570172 -0.693634
vn 2.969119 3.196083 -4.501329
v 0.047705 0.553131 -0.686942
vn 2.264354 2.815201 -5.118262
v 0.019345 0.548846 -0.705564
vn 0.228098 2.810333 -5.291468
v -0.006395 0.567459 -0.705361
vn 0.074812 2.649773 -5.418641
v -0.006534 0.548701 -0.714581
vn 0.479446 3.389210 -4.864470
v -0.005079 0.581760 -0.697049
vn 3.238630 3.976599 -3.593915
v 0.065910 0.578772 -0.650542
vn 2.868674 4.113109 -3.751494
v 0.084674 0.565269 -0.649520
vn 2.659865 4.159523 -3.814655
v 0.107798 0.554955 -0.645251
vn 2.796757 2.848704 -4.740027
v 0.099829 0.534542 -0.667622
vn 2.895425 3.289756 -4.475909
v 0.073921 0.542976 -0.676936
vn 1.309133 -4.362790 -4.073604
v 0.054565 0.379246 -0.667583
vn 0.757568 -4.444663 -4.141608
v 0.055541 0.339912 -0.624336
vn 2.988344 -4.034737 -3.567980
v 0.044684 0.347221 -0.637447
vn 3.710537 -3.747365 -2.986793
v 0.045312 0.381775 -0.677259
vn 4.885565 -3.052824 -2.220870
v 0.037602 0.349544 -0.649993
vn 5.406873 -2.404331 -2.047999
v 0.039578 0.375905 -0.682722
vn 4.143737 -2.287963 -3.797467
v 0.035968 0.393754 -0.709581
vn 3.637404 -2.649007 -4.216042
v 0.041719 0.405080 -0.710160
vn 2.999454 -2.177715 -4.815330
v 0.053449 0.420355 -0.711994
vn -0.577177 -4.617119 -1.534723
v 0.100531 0.259279 -0.516410
vn 2.555394 -4.679983 -3.305184
v 0.083759 0.250663 -0.518817
vn 1.525323 -4.532323 -3.886687
v 0.060622 0.240829 -0.523493
vn 0.976336 -4.740804 -3.936901
v 0.079131 0.272109 -0.548596
vn 1.170427 -4.518073 -4.192103
v 0.056547 0.273267 -0.558321
vn -2.628675 -4.055757 -2.017343
v 0.096715 0.270886 -0.545563
vn 0.174940 -4.751703 -4.091653
v 0.028743 0.240896 -0.526873
vn -0.021277 -4.979970 -3.828302
v -0.005933 0.242695 -0.528467
vn 0.743248 -4.817061 -3.955663
v 0.025923 0.266352 -0.557050
vn -0.059850 -4.987979 -3.714035
v -0.005865 0.264463 -0.560285
vn -3.260359 -3.140971 -2.270532
v 0.094351 0.291294 -0.573202
vn 0.194928 -4.658762 -4.140082
v 0.074817 0.297549 -0.578515
vn 1.086334 -4.425365 -4.288931
v 0.057954 0.305466 -0.589712
vn -0.823565 -4.701556 -4.008661
v 0.072288 0.327526 -0.612435
vn -3.456478 -3.197709 -2.525577
v 0.091812 0.315841 -0.603793
vn 1.624788 -4.520415 -4.038653
v 0.038294 0.295052 -0.586607
vn 1.141841 -4.902220 -3.746100
v 0.019251 0.284418 -0.580947
vn -0.145653 -5.064077 -3.639762
v -0.005855 0.281391 -0.581814
vn 1.629820 -5.350613 -2.730515
v 0.012443 0.296675 -0.600882
vn -0.125877 -5.718247 -2.404480
v -0.005939 0.293186 -0.600494
vn 2.813274 -4.595501 -3.108069
v 0.027217 0.307160 -0.606736
vn -4.806609 -3.578424 -0.903433
v 0.102307 0.259965 -0.550091
vn -4.689319 -4.141838 -0.132457
v 0.107229 0.252054 -0.519955
vn -4.520448 -2.974310 -1.778334
v 0.098284 0.276417 -0.579738
vn -4.083080 -2.859209 -2.335221
v 0.096395 0.299961 -0.609854
vn -2.181037 -3.571548 -3.988578
v 0.098801 0.353269 -0.666855
vn -3.200348 -3.688258 -3.334001
v 0.098170 0.328447 -0.641315
vn -3.387771 -3.967872 -3.248569
v 0.087834 0.340676 -0.637929
vn -3.123045 -3.328672 -4.241592
v 0.088601 0.370203 -0.670080
vn -1.442861 -4.438651 -4.175578
v 0.069083 0.360869 -0.650714
vn 1.573100 -3.063804 -4.958101
v 0.074083 0.398382 -0.685801
vn 2.865844 -0.136666 -5.380682
v 0.051298 0.457589 -0.721075
vn 1.749884 -0.980179 -5.837321
v 0.024073 0.427172 -0.727113
vn 1.312380 0.012138 -6.029677
v 0.024429 0.460804 -0.730312
vn 0.055785 -0.083561 -6.214791
v -0.005904 0.459251 -0.733239
vn 0.115862 -0.601886 -6.186325
v -0.006062 0.423191 -0.730933
vn 1.611532 1.240089 -5.813976
v 0.023226 0.495354 -0.727411
vn 0.035213 0.975536 -5.907431
v -0.005981 0.498387 -0.732799
vn 2.789569 1.318723 -5.282505
v 0.048268 0.492123 -0.718818
vn 0.048190 1.048357 -6.161667
v 0.126527 0.497343 -0.757320
vn 0.060815 2.338921 -5.671571
v 0.122902 0.516634 -0.752912
vn 1.129350 2.316613 -5.603424
v 0.137830 0.513543 -0.752508
vn 1.483799 1.751335 -5.586917
v 0.148416 0.499439 -0.755739
vn 0.017529 0.343881 -6.240477
v 0.131453 0.471415 -0.760189
vn 1.670626 0.925608 -5.732369
v 0.160340 0.474106 -0.758261
vn -1.201072 0.144548 -6.055690
v 0.101660 0.469982 -0.758666
vn -0.972008 1.013786 -6.017715
v 0.102989 0.497417 -0.756431
vn -0.734509 1.942815 -5.862578
v 0.108109 0.512158 -0.753219
vn 0.059701 -0.208132 -6.255177
v 0.138248 0.442913 -0.760189
vn 1.801601 0.305475 -5.779707
v 0.170142 0.445979 -0.758012
vn 0.085275 -0.520121 -6.243151
v 0.145246 0.410271 -0.757931
vn 1.831620 -0.091785 -5.805449
v 0.178451 0.413505 -0.755671
vn -1.295776 -0.727701 -6.009287
v 0.111417 0.407661 -0.755978
vn -1.254229 -0.463201 -6.033995
v 0.105589 0.440736 -0.758436
vn 0.072010 -0.591944 -6.244161
v 0.150754 0.371801 -0.753995
vn 1.716466 -0.241684 -5.886993
v 0.185679 0.374973 -0.751800
vn 0.054860 -0.406209 -6.263602
v 0.156349 0.332671 -0.750338
vn 1.574584 -0.095266 -5.975048
v 0.192196 0.336659 -0.748248
vn -1.418884 -0.601365 -5.999207
v 0.119972 0.328822 -0.748320
vn -1.403268 -0.731569 -5.981071
v 0.115263 0.369084 -0.751926
vn 0.009918 0.017110 -6.277617
v 0.163635 0.298082 -0.748876
vn 1.474034 0.351476 -6.008127
v 0.198535 0.304887 -0.746900
vn -0.142177 0.620059 -6.244332
v 0.171378 0.266349 -0.750393
vn 1.319914 0.973929 -5.974078
v 0.205689 0.275599 -0.748459
vn -1.366431 -0.272703 -6.052323
v 0.128371 0.290847 -0.747071
vn -1.439488 0.324813 -6.048549
v 0.136925 0.256171 -0.748711
vn 1.155731 1.403991 -5.908989
v 0.214498 0.244735 -0.753349
vn -0.247276 1.016132 -6.188725
v 0.178347 0.235764 -0.755351
vn -0.158216 0.734889 -6.210223
v 0.184479 0.209361 -0.760208
vn 1.162774 1.143902 -5.863296
v 0.226296 0.212763 -0.759383
vn -1.545830 0.819793 -5.956302
v 0.142167 0.225683 -0.753607
vn -1.415391 0.667251 -5.898696
v 0.145107 0.195548 -0.759581
vn -3.652579 4.201588 0.332812
v 0.093394 0.518947 -0.730901
vn -3.136162 4.211173 -1.601733
v 0.097009 0.520415 -0.742644
vn -5.085220 1.660968 -2.265873
v 0.085861 0.500939 -0.745160
vn -5.696762 1.479722 -0.325907
v 0.082310 0.498132 -0.732366
vn -5.926540 -0.086913 -1.794633
v 0.084894 0.472686 -0.745525
vn -6.230992 -0.203521 -0.643089
v 0.082834 0.471273 -0.731709
vn -5.622077 0.862159 1.316620
v 0.081595 0.490215 -0.719096
vn -6.265496 0.037220 0.320507
v 0.082756 0.470108 -0.721942
vn -3.896653 3.743531 1.938058
v 0.092368 0.513501 -0.717230
vn -5.812542 -0.805741 -2.048902
v 0.087042 0.442709 -0.744290
vn -6.095028 -0.740528 -0.951973
v 0.083552 0.441383 -0.729807
vn -5.864782 -1.005344 -1.965678
v 0.092685 0.408799 -0.740425
vn -6.139435 -0.861780 -0.929512
v 0.089299 0.408113 -0.725432
vn -6.208728 -0.579276 0.423824
v 0.088180 0.408285 -0.706858
vn -6.012810 -0.305048 0.778818
v 0.081857 0.449096 -0.716150
vn -5.872392 -0.852635 -2.025906
v 0.096091 0.370924 -0.735202
vn -6.023502 -0.728631 -1.516681
v 0.091133 0.372098 -0.719604
vn -6.082883 -1.289023 -0.697673
v 0.097443 0.332338 -0.714714
vn -5.931782 -1.078510 -1.597301
v 0.100648 0.330074 -0.730917
vn -5.707691 -0.200631 0.668344
v 0.087433 0.371639 -0.703132
vn -5.726508 -1.475958 1.335516
v 0.096033 0.335452 -0.697987
vn -6.054328 -1.366951 -0.409238
v 0.106657 0.290175 -0.715377
vn -5.892313 -1.337902 -1.691151
v 0.110405 0.288590 -0.730600
vn -6.125975 -0.984085 -0.660322
v 0.115741 0.251381 -0.718834
vn -5.917018 -0.878779 -1.894316
v 0.119723 0.250457 -0.733226
vn -5.917336 -1.174585 1.453264
v 0.116029 0.254273 -0.700827
vn -5.731866 -1.322256 1.738181
v 0.107190 0.293554 -0.697919
vn -6.140241 -0.477824 -0.865316
v 0.119008 0.221650 -0.722450
vn -5.918429 -0.350703 -2.071030
v 0.123762 0.219690 -0.737605
vn -6.072269 0.803425 -1.025703
v 0.120884 0.197889 -0.725432
vn -5.671502 1.074190 -2.201626
v 0.125948 0.194904 -0.741272
vn -5.890164 -0.047754 1.625189
v 0.120440 0.203449 -0.706926
vn -5.832268 -0.802905 1.604154
v 0.118914 0.225971 -0.703488
vn -4.810025 -1.082792 3.619415
v 0.124706 0.258678 -0.678560
vn -4.343414 -0.873424 4.246886
v 0.116336 0.299324 -0.680403
vn -4.264802 -0.821172 4.116403
v 0.101702 0.340051 -0.684898
vn -4.606010 -1.314600 3.805402
v 0.128972 0.231986 -0.682120
vn -4.670377 -0.909252 4.016382
v 0.131317 0.210632 -0.687964
vn -6.123618 -0.033043 0.857341
v 0.086576 0.459465 -0.702424
vn -5.918439 0.349472 1.879364
v 0.084425 0.476133 -0.709714
vn -3.351301 4.284678 -1.389531
v 0.093009 0.500697 -0.694048
vn -4.155713 3.477532 2.435394
v 0.093445 0.505393 -0.705354
vn -5.393878 -0.578796 2.497610
v 0.097174 0.377017 -0.688472
vn -4.458947 0.384041 3.263850
v 0.091854 0.368282 -0.690768
vn -0.391164 1.582668 -5.618172
v 0.085043 0.492582 -0.692337
vn -3.643709 -0.356170 -3.171548
v 0.086848 0.442993 -0.694122
vn -5.671444 -1.657097 -1.528181
v 0.092388 0.393353 -0.688501
vn 1.630939 -1.029806 -5.558094
v 0.082811 0.435555 -0.692961
vn 3.357725 0.860725 -5.151057
v 0.077161 0.490030 -0.695762
vn -0.722348 5.445944 2.095001
v 0.118374 0.524283 -0.714371
vn -0.615107 5.961488 0.642552
v 0.118076 0.527087 -0.728407
vn -0.512708 5.798360 -0.748072
v 0.118202 0.527507 -0.740444
vn 3.156781 2.447813 -4.734880
v 0.091612 0.513433 -0.681050
vn 1.995798 4.490103 -2.549886
v 0.102261 0.505047 -0.678857
vn 3.229366 1.982864 -4.966074
v 0.082553 0.517954 -0.685982
vn 2.851857 2.038254 -5.084301
v 0.106443 0.515011 -0.669595
vn 2.473185 3.597518 -4.016273
v 0.110777 0.505842 -0.671787
vn 1.972926 2.299687 -5.464288
v 0.021172 0.523956 -0.717654
vn 0.026760 2.068276 -5.540692
v -0.006298 0.526938 -0.725121
vn 2.743521 2.431072 -5.028167
v 0.046463 0.521631 -0.707770
vn 2.844394 2.651804 -4.717535
v 0.127601 0.526049 -0.657839
vn 3.131170 3.759824 -3.860993
v 0.127830 0.541696 -0.644333
vn -0.762977 4.729538 3.414438
v 0.118274 0.516858 -0.701127
vn 0.258794 5.298599 3.061006
v 0.118917 0.506107 -0.688472
vn 2.246337 5.471014 0.971184
v 0.122006 0.498976 -0.677250
vn 2.894392 3.822250 -3.028324
v 0.125670 0.498349 -0.668479
vn 4.028987 -0.516792 -4.569997
v 0.071592 0.445448 -0.705807
vn 3.875727 1.075082 -4.734564
v 0.065949 0.489794 -0.706599
vn 3.247126 2.166256 -4.847939
v 0.067314 0.519341 -0.695791
vn 2.640490 1.911703 -5.353721
v 0.127067 0.509371 -0.663692
vn 6.117870 0.764854 -0.911449
v 0.225808 0.073544 -0.130043
vn 6.125889 1.256852 -0.475168
v 0.217099 0.084546 -0.168432
vn 6.210202 0.506727 -0.754960
v 0.218700 0.064744 -0.181789
vn 1.073249 -5.546330 -2.696684
v 0.043672 -0.098777 -0.213881
vn 0.749487 -5.812912 -1.747046
v 0.090040 -0.097984 -0.212203
vn -0.020253 -5.270031 -2.796883
v -0.005215 -0.111823 -0.217468
vn 3.577910 -4.707363 -1.466219
v 0.167471 -0.068237 -0.213076
vn 2.124006 -5.613742 -1.530903
v 0.130799 -0.087367 -0.210621
vn 5.164003 -3.077246 -1.443038
v 0.196471 -0.034832 -0.210207
vn 5.908314 -1.631541 -0.880009
v 0.213295 0.000676 -0.200637
vn 6.170765 -0.205764 -0.936927
v 0.218535 0.036917 -0.192804
vn 6.180897 0.733697 0.005120
v 0.230714 0.068498 -0.073866
vn 4.784232 -1.717825 3.585532
v 0.203308 -0.088625 -0.688165
vn 5.835291 -0.457835 2.057859
v 0.215165 -0.073085 -0.701502
vn 3.302454 -2.943127 4.342973
v 0.187487 -0.100371 -0.677777
vn 4.255685 -0.034845 4.505329
v 0.209285 -0.099566 -0.696732
vn 2.855604 -1.431332 5.354027
v 0.190521 -0.114407 -0.685746
vn 5.652722 0.864699 2.427313
v 0.218357 -0.085905 -0.712256
vn 6.098571 1.137437 0.695225
v 0.220585 -0.069392 -0.727317
vn 5.640728 2.330041 -0.646679
v 0.215908 -0.048354 -0.743320
vn 5.598598 2.529328 0.087602
v 0.213780 -0.041174 -0.724749
vn 6.026700 1.019420 0.787327
v 0.217849 -0.057399 -0.714368
vn 2.830467 5.030343 -1.144500
v 0.187823 -0.009690 -0.734047
vn 4.848137 3.769703 -0.403491
v 0.203438 -0.024722 -0.730470
vn 4.681289 3.880241 -1.213025
v 0.201905 -0.026831 -0.745794
vn 2.575391 5.280499 -1.835303
v 0.186113 -0.014172 -0.747178
vn -2.449122 -3.607937 4.383320
v 0.135185 -0.099572 -0.680251
vn -4.202897 -2.871825 3.468709
v 0.116796 -0.091746 -0.686231
vn -5.727973 -1.515191 1.757803
v 0.104393 -0.078489 -0.698223
vn -5.809574 -0.176686 2.215275
v 0.103532 -0.092942 -0.710862
vn -4.132456 -0.898090 4.430166
v 0.113332 -0.105355 -0.695539
vn -1.928041 -1.446639 5.728239
v 0.135288 -0.114731 -0.687107
vn -6.095004 0.323369 0.580652
v 0.099519 -0.060572 -0.712084
vn -5.506370 2.533977 -0.384872
v 0.103798 -0.040191 -0.724966
vn -5.657084 2.019267 -0.713926
v 0.100851 -0.052248 -0.743213
vn -6.215353 0.110434 0.710541
v 0.099196 -0.075543 -0.726111
vn 0.334045 5.817633 -1.763090
v 0.165346 -0.004881 -0.735606
vn 0.126674 5.875134 -2.081351
v 0.164990 -0.010282 -0.747779
vn -1.828057 5.391133 -1.851588
v 0.141368 -0.007668 -0.735742
vn -2.027758 5.376746 -2.407349
v 0.142196 -0.014104 -0.747828
vn -3.920968 4.098051 -1.412663
v 0.118419 -0.019777 -0.733300
vn -4.053935 4.154968 -2.084735
v 0.119658 -0.026818 -0.746673
vn -2.799983 0.359058 5.565932
v 0.126340 -0.136703 -0.691548
vn -3.920429 -1.778261 4.286232
v 0.125085 -0.148844 -0.693084
vn -2.477353 -1.907757 4.458539
v 0.131110 -0.152357 -0.688631
vn -2.048136 0.206749 5.911667
v 0.134687 -0.133353 -0.688330
vn -2.821499 -0.064715 5.580854
v 0.122391 -0.128861 -0.694614
vn -1.754194 -2.074760 5.189070
v 0.115589 -0.145921 -0.697030
vn -2.729876 -2.316053 5.001404
v 0.120919 -0.146263 -0.695665
vn -4.044340 -3.272625 3.460836
v 0.122339 -0.150875 -0.697799
vn 4.943574 1.884225 3.056104
v 0.227299 -0.106244 -0.713087
vn 3.460912 0.494237 4.910265
v 0.217833 -0.114899 -0.699892
vn 2.920521 -0.238189 5.543929
v 0.204615 -0.122920 -0.694620
vn 2.350111 -2.111757 5.117163
v 0.214088 -0.135791 -0.700222
vn 3.769673 -1.152651 4.370691
v 0.225093 -0.132095 -0.705338
vn 5.025817 -0.034404 3.206036
v 0.234107 -0.126112 -0.715306
vn 5.674345 2.275033 0.786282
v 0.224764 -0.085226 -0.744584
vn 5.612585 2.384687 1.388894
v 0.227089 -0.094469 -0.729914
vn 5.583329 1.118454 1.960286
v 0.239944 -0.119805 -0.729410
vn 5.723421 1.644626 1.130738
v 0.242441 -0.114576 -0.744765
vn -3.463650 0.085370 5.175719
v 0.110754 -0.123127 -0.700396
vn -5.081338 1.344071 3.173167
v 0.099089 -0.115759 -0.711835
vn -4.389304 -0.332657 3.045606
v 0.091301 -0.139588 -0.710150
vn -2.643801 -1.194806 4.711136
v 0.103927 -0.144080 -0.700370
vn -5.872397 1.276751 1.553792
v 0.097866 -0.103728 -0.729093
vn -6.091453 0.959320 1.092873
v 0.095903 -0.092305 -0.744549
vn -5.975388 0.822902 -0.017301
v 0.085260 -0.127890 -0.744639
vn -5.682754 0.640621 1.307152
v 0.085842 -0.133078 -0.727175
vn 1.147202 0.211356 -6.102071
v 0.208580 -0.075139 -0.761628
vn 0.282610 0.072739 -6.260123
v 0.217277 -0.115682 -0.761803
vn 0.092949 -0.116935 -6.280830
v 0.196556 -0.120876 -0.761867
vn 0.156606 0.075020 -6.274938
v 0.190197 -0.071746 -0.762530
vn 1.987671 1.458331 -5.271915
v 0.201006 -0.039107 -0.760842
vn 0.805509 1.451457 -5.843969
v 0.185501 -0.029027 -0.761227
vn 3.314294 1.273785 -4.348205
v 0.212497 -0.053037 -0.759228
vn 3.273392 1.016500 -5.043877
v 0.219612 -0.079246 -0.757918
vn 2.363142 0.653923 -5.111117
v 0.238321 -0.116878 -0.760726
vn -0.136396 -0.042951 -6.277219
v 0.118063 -0.123418 -0.762194
vn -2.187136 0.197151 -5.400939
v 0.093882 -0.128857 -0.761547
vn -2.616360 0.585004 -5.280095
v 0.101136 -0.085682 -0.759966
vn -0.452998 0.129995 -6.238983
v 0.119794 -0.080297 -0.762543
vn -2.473388 0.856968 -5.420993
v 0.107413 -0.057810 -0.759503
vn -1.498064 1.336717 -5.634202
v 0.121320 -0.041695 -0.761091
vn -0.001658 0.045331 -6.282069
v 0.140932 -0.079327 -0.762475
vn -0.530721 1.317025 -5.949704
v 0.144658 -0.030437 -0.761712
vn -0.001233 -0.105190 -6.282006
v 0.140932 -0.126225 -0.762123
vn -5.013499 -2.775960 2.285288
v 0.124638 -0.163472 -0.707951
vn -2.793764 -3.844159 3.406555
v 0.130738 -0.170377 -0.705988
vn -1.968040 -3.598965 2.433960
v 0.122284 -0.158388 -0.709371
vn -2.024586 -3.698449 2.458190
v 0.122494 -0.171260 -0.727330
vn -5.287721 -2.701507 1.977234
v 0.125017 -0.177207 -0.727175
vn -3.626527 -3.710386 3.079208
v 0.131120 -0.186716 -0.726405
vn 4.011656 -2.769283 3.780171
v 0.227053 -0.147492 -0.716515
vn 4.904482 -1.887995 3.036987
v 0.235472 -0.143104 -0.723951
vn 1.564979 -3.710985 4.209868
v 0.218897 -0.151383 -0.712641
vn 4.069102 -3.092253 3.602420
v 0.228234 -0.161396 -0.731033
vn 1.282420 -4.232598 3.795346
v 0.221254 -0.165979 -0.728708
vn 4.707878 -2.665051 3.180547
v 0.233344 -0.154426 -0.732563
vn 5.963743 -0.726018 0.460497
v 0.244446 -0.140940 -0.747388
vn 5.563280 -1.167835 2.081341
v 0.241510 -0.141639 -0.735153
vn 5.158065 -2.366890 2.291628
v 0.237153 -0.158763 -0.740726
vn 5.486513 -2.505339 0.082362
v 0.238373 -0.160969 -0.749519
vn -0.162035 -4.285444 4.015679
v 0.113804 -0.161703 -0.709943
vn -2.602580 -3.834745 3.888267
v 0.104047 -0.160222 -0.712508
vn -4.413990 -2.783885 2.836469
v 0.094221 -0.157541 -0.719387
vn -3.755364 -4.136215 2.451788
v 0.097743 -0.168129 -0.729248
vn -2.330109 -4.865336 3.074899
v 0.105421 -0.172541 -0.728821
vn 0.295672 -4.957451 3.215529
v 0.114486 -0.174717 -0.727663
vn -5.498483 -1.968055 1.276939
v 0.088248 -0.156092 -0.732414
vn -5.802591 -1.494148 -0.507632
v 0.086961 -0.154714 -0.747259
vn -4.473839 -3.780867 1.356457
v 0.095945 -0.171713 -0.739665
vn -4.765036 -3.496877 -0.404555
v 0.096123 -0.173841 -0.750150
vn 1.432041 -1.819206 -4.858817
v 0.226759 -0.170451 -0.760807
vn -0.255621 -3.078617 -4.711261
v 0.221080 -0.174811 -0.759261
vn -1.292836 -2.166777 -5.403262
v 0.217878 -0.172418 -0.759464
vn 0.205757 -0.203208 -6.115150
v 0.227839 -0.158618 -0.761486
vn 0.655760 -1.080532 -5.986845
v 0.210410 -0.170807 -0.758902
vn -0.111505 0.044998 -6.278628
v 0.226468 -0.145898 -0.760745
vn 2.452427 -0.573044 -5.022603
v 0.238738 -0.144795 -0.760748
vn 2.986762 -1.369491 -5.105214
v 0.234262 -0.159397 -0.759639
vn -0.098580 -0.221400 -6.277557
v 0.135437 -0.156050 -0.761373
vn -0.346005 -0.951382 -6.044975
v 0.126317 -0.176787 -0.759940
vn 0.166134 0.161483 -6.273797
v 0.108057 -0.155400 -0.761596
vn 0.004108 -0.048301 -6.281580
v 0.117882 -0.147868 -0.761427
vn -0.381127 -4.458313 4.362158
v 0.213169 -0.150271 -0.711907
vn 2.621739 -2.425924 5.004839
v 0.208402 -0.136464 -0.698346
vn 2.922471 -3.207653 4.042993
v 0.207374 -0.140704 -0.701871
vn 2.441280 -2.901191 3.100122
v 0.209738 -0.149766 -0.712068
vn 2.714119 -3.206526 3.036295
v 0.212257 -0.164572 -0.728436
vn -0.601320 -4.881084 3.902993
v 0.215727 -0.164805 -0.728317
vn -0.948325 -5.509680 2.660083
v 0.218037 -0.173359 -0.739684
vn 1.061045 -4.869508 2.347541
v 0.223742 -0.174682 -0.740212
vn 2.673465 -3.846706 2.418061
v 0.214505 -0.172706 -0.739500
vn 2.529865 -4.198825 0.705824
v 0.214906 -0.175050 -0.747679
vn -1.176105 -6.019380 1.345783
v 0.217985 -0.175691 -0.748345
vn 1.045180 -5.596076 0.867568
v 0.223282 -0.177001 -0.749283
vn 3.972060 -3.625914 2.243235
v 0.231109 -0.170196 -0.741195
vn 4.108738 -4.224061 0.148112
v 0.230847 -0.172770 -0.749865
vn 0.275562 -5.291571 2.186949
v 0.113743 -0.182489 -0.740962
vn -2.768433 -4.962897 1.947881
v 0.105088 -0.180057 -0.741654
vn -2.992244 -5.046659 0.224005
v 0.105871 -0.182877 -0.751159
vn 0.181369 -5.653880 1.110555
v 0.114082 -0.185228 -0.750571
vn -5.500780 -2.466081 1.507243
v 0.124118 -0.185102 -0.739963
vn -4.087865 -3.729212 2.099222
v 0.129878 -0.196001 -0.739901
vn -2.026845 -3.895790 1.976816
v 0.121815 -0.178556 -0.739772
vn -1.734340 -4.050673 0.837242
v 0.121608 -0.181273 -0.748552
vn -5.669232 -2.326749 0.093901
v 0.123623 -0.187712 -0.748853
vn -4.345773 -3.974371 0.360202
v 0.129405 -0.198501 -0.749202
vn 5.401978 -1.502396 2.627731
v 0.208350 -0.155503 -0.710962
vn 4.191570 -1.950073 4.159467
v 0.204030 -0.139317 -0.697111
vn 3.644796 -1.594927 4.436707
v 0.199457 -0.144620 -0.693136
vn 3.744911 -2.799537 3.599501
v 0.204059 -0.163831 -0.708925
vn 5.444551 -1.954396 2.414294
v 0.210356 -0.171098 -0.728187
vn 4.300179 -2.916043 3.283072
v 0.205559 -0.180991 -0.727256
vn 5.614194 -2.022307 1.715285
v 0.212451 -0.179232 -0.739617
vn 5.856359 -1.957880 0.071698
v 0.213114 -0.181380 -0.747951
vn 4.739005 -2.970981 2.115415
v 0.208008 -0.190277 -0.739293
vn 5.067524 -3.267366 0.195368
v 0.208603 -0.192379 -0.748303
vn 0.101394 -0.058579 -6.280672
v 0.169580 -0.160238 -0.761906
vn 0.031634 -0.031739 -6.282956
v 0.166760 -0.120940 -0.762139
vn 0.062141 -0.065803 -6.282444
v 0.179919 -0.120682 -0.762019
vn 0.316678 -0.117220 -6.273157
v 0.186475 -0.157525 -0.761263
vn 0.223435 -0.315705 -6.270206
v 0.202577 -0.150995 -0.760706
vn 0.350281 0.132132 -6.268544
v 0.190142 -0.181557 -0.761017
vn 0.161731 -0.973953 -6.063676
v 0.169686 -0.196279 -0.761382
vn 1.273109 -4.700898 3.910061
v 0.119296 -0.159468 -0.709500
vn 1.945116 -5.003008 3.253050
v 0.119580 -0.172324 -0.727385
vn 2.238970 -5.371871 2.299676
v 0.118895 -0.179866 -0.740254
vn 2.520696 -5.539183 1.558633
v 0.118979 -0.182638 -0.749429
vn -3.549904 -4.932146 1.004844
v 0.174289 -0.207049 -0.747466
vn -0.057389 -5.602869 0.601635
v 0.182025 -0.210726 -0.747459
vn -0.084186 -4.775280 2.247038
v 0.182283 -0.208740 -0.737165
vn -3.302544 -4.358743 2.192240
v 0.174680 -0.204956 -0.737071
vn 0.011891 -3.947344 4.214373
v 0.180666 -0.196894 -0.723844
vn -2.925611 -3.793966 3.723704
v 0.174017 -0.193708 -0.723857
vn 0.090076 -3.955830 2.262942
v 0.171232 -0.200826 -0.737207
vn 0.160056 -3.378143 3.502347
v 0.170747 -0.190160 -0.724083
vn 0.128745 -4.118735 0.693392
v 0.170754 -0.203287 -0.747737
vn 0.466157 -4.135331 4.650569
v 0.178380 -0.172521 -0.705642
vn -1.368058 -4.096302 4.476799
v 0.172380 -0.170817 -0.704568
vn 0.188696 -3.690536 4.686594
v 0.179479 -0.157030 -0.690429
vn -1.373893 -2.130499 4.886353
v 0.173228 -0.148514 -0.685471
vn 0.038737 -3.830340 4.584641
v 0.169677 -0.168893 -0.704096
vn 0.066852 -0.735997 6.108980
v 0.167882 -0.139980 -0.684617
vn 3.085221 -4.202130 2.413357
v 0.196520 -0.203038 -0.737948
vn 3.299380 -4.925178 0.147243
v 0.196623 -0.205173 -0.747844
vn 2.816252 -3.542209 4.229355
v 0.193703 -0.191253 -0.725374
vn -2.177254 -4.847042 2.546486
v 0.144612 -0.205904 -0.738637
vn 0.713983 -4.904499 2.247547
v 0.160831 -0.209267 -0.737482
vn 0.534344 -4.074602 4.163861
v 0.161304 -0.198026 -0.724109
vn -1.868824 -4.204728 4.158303
v 0.146016 -0.194565 -0.725406
vn -2.309120 -5.497130 0.513416
v 0.144117 -0.208326 -0.748627
vn 0.729028 -5.680882 0.798099
v 0.160130 -0.211489 -0.747957
vn -0.775017 -4.497730 4.280797
v 0.145330 -0.173213 -0.705390
vn 0.435619 -4.356739 4.481794
v 0.160282 -0.173097 -0.705138
vn 1.048815 -3.405027 4.557427
v 0.156178 -0.158909 -0.688378
vn -0.848603 -1.994881 5.129844
v 0.144564 -0.153149 -0.684740
vn 2.369558 -0.301743 5.798621
v 0.193072 -0.129824 -0.689138
vn 2.929714 -0.103742 5.302795
v 0.201623 -0.129980 -0.692256
vn -0.411679 -2.417702 5.449550
v 0.160505 -0.113854 -0.684323
vn -0.359647 0.202519 6.251209
v 0.153461 -0.126723 -0.685044
vn -0.016890 -0.524074 6.193075
v 0.164263 -0.121367 -0.685464
vn -0.166468 -0.370451 6.190920
v 0.176352 -0.124103 -0.685400
vn -0.151561 -2.797226 5.496078
v 0.176711 -0.114485 -0.682922
vn 1.798799 -3.973307 4.474448
v 0.166941 -0.170791 -0.704368
vn 3.227957 -3.510611 3.705713
v 0.167892 -0.194044 -0.723921
vn 1.603142 -1.726878 5.335141
v 0.161038 -0.148763 -0.684986
vn 3.621208 -4.119864 1.946246
v 0.168322 -0.204934 -0.737256
vn 3.991442 -4.639741 0.617405
v 0.167620 -0.207181 -0.747728
vn -0.151118 -0.064717 -6.279817
v 0.152400 -0.159953 -0.761812
vn -0.200604 0.126259 -6.274300
v 0.148083 -0.184740 -0.761673
vn -0.015476 -0.057576 -6.282797
v 0.155928 -0.127415 -0.762107
vn -0.887680 0.532035 6.036446
v 0.147529 -0.135707 -0.684294
vn 1.159860 0.185716 5.928053
v 0.182115 -0.134439 -0.684423
vn 0.351481 0.353095 6.199835
v 0.178975 -0.127117 -0.684966
vn 2.030827 -1.978183 4.950616
v 0.188292 -0.149291 -0.687379
vn 0.393876 -0.725737 6.158640
v 0.181801 -0.121959 -0.685209
vn 1.504593 -2.604850 5.434723
v 0.184030 -0.113547 -0.682447
vn 2.119917 -3.848359 4.439880
v 0.191556 -0.169853 -0.707127
vn -4.953625 0.684326 -2.509640
v 0.086906 -0.125025 -0.755286
vn -5.244555 0.971986 -1.711562
v 0.094762 -0.087972 -0.754063
vn -4.260279 2.029200 -2.930938
v 0.103516 -0.052419 -0.755318
vn -4.876415 -1.008504 -2.829776
v 0.088976 -0.153838 -0.756702
vn -4.136869 -2.989267 -2.800918
v 0.098785 -0.174187 -0.757708
vn -2.337374 -0.661027 -5.155362
v 0.095176 -0.157130 -0.761657
vn -2.772364 -1.612210 -5.139332
v 0.100932 -0.171253 -0.760933
vn -2.313933 -4.498685 -2.152767
v 0.108730 -0.183692 -0.758219
vn 0.830196 -4.276941 -1.428326
v 0.116511 -0.186066 -0.757647
vn -0.913205 -2.047131 -4.828050
v 0.110043 -0.180154 -0.762310
vn 1.132519 -2.969238 -4.622538
v 0.116184 -0.182984 -0.760622
vn 1.904178 -1.890256 -5.288836
v 0.118843 -0.179905 -0.760745
vn -1.564816 -3.508096 -2.398583
v 0.123173 -0.182072 -0.755111
vn 3.154224 -4.123696 -1.300061
v 0.121048 -0.183537 -0.756162
vn -4.897949 -1.695061 -2.438145
v 0.124609 -0.188119 -0.755849
vn -3.792744 -3.278026 -2.189791
v 0.130120 -0.198378 -0.756673
vn -2.349264 -0.870211 -5.252173
v 0.130612 -0.190610 -0.760545
vn -2.339303 -2.482513 -4.755976
v 0.134325 -0.198288 -0.759992
vn -2.136444 -5.166751 -1.698449
v 0.145104 -0.208184 -0.756544
vn 0.816988 -4.666390 -1.419398
v 0.160844 -0.212136 -0.756052
vn -1.096954 -2.762112 -4.438885
v 0.146142 -0.205348 -0.761537
vn -0.151824 -3.552083 -4.571565
v 0.157736 -0.208886 -0.759937
vn 1.543604 -2.264573 -4.957540
v 0.162659 -0.206163 -0.760910
vn 0.284644 -4.047576 -2.813099
v 0.170265 -0.204138 -0.755486
vn 3.508230 -3.484375 -1.622684
v 0.167749 -0.208177 -0.755668
vn -1.129656 -2.491380 -4.912648
v 0.177730 -0.205293 -0.760570
vn 0.815549 -3.468065 -4.612449
v 0.183105 -0.207304 -0.759380
vn -0.239407 -4.688578 -1.477285
v 0.180576 -0.211072 -0.755583
vn -3.068899 -3.911456 -1.466145
v 0.173247 -0.207870 -0.755461
vn 3.013985 -4.604662 -1.970142
v 0.195323 -0.204765 -0.755758
vn 1.628652 -2.469035 -4.519046
v 0.193768 -0.201829 -0.760803
vn 2.812170 -2.010371 -4.792552
v 0.203878 -0.192563 -0.759193
vn 4.394951 -2.685888 -2.299036
v 0.207911 -0.192062 -0.755807
vn 5.140176 -1.397993 -2.391629
v 0.212260 -0.181574 -0.754794
vn 2.531188 -0.643908 -5.207873
v 0.206727 -0.184575 -0.759600
vn 2.376371 -3.556146 -2.476402
v 0.213499 -0.175681 -0.754034
vn 0.045632 -4.382441 -1.616570
v 0.220947 -0.177961 -0.756318
vn -2.059190 -4.738524 -1.623121
v 0.215983 -0.176522 -0.754962
vn 4.717821 -2.350048 -2.594576
v 0.236558 -0.161842 -0.756460
vn 3.251169 -3.921430 -2.182112
v 0.228509 -0.173889 -0.756683
vn 5.061655 -0.507306 -2.240949
v 0.243981 -0.140439 -0.756149
vn 4.431359 1.558369 -1.513098
v 0.243483 -0.112079 -0.754794
vn 5.349597 2.159181 -1.480459
v 0.224621 -0.081115 -0.752666
vn 4.887745 2.537860 -2.428131
v 0.213033 -0.048224 -0.755111
vn 3.345110 3.237646 -3.075079
v 0.199735 -0.027607 -0.755613
vn 1.627607 3.860252 -3.235798
v 0.184525 -0.015860 -0.755794
vn -0.030704 4.177366 -3.371918
v 0.164619 -0.012274 -0.755710
vn -1.474779 3.897343 -3.570226
v 0.142914 -0.016569 -0.755774
vn 0.042789 1.455286 -5.967392
v 0.166449 -0.025298 -0.761243
vn -2.827391 3.323949 -3.478340
v 0.121317 -0.029402 -0.755680
vn 0.759704 -4.202105 4.516397
v 0.173697 -0.104327 -0.674601
vn -0.620204 -4.534141 4.274407
v 0.162558 -0.104893 -0.675959
vn -0.885400 -4.066416 4.681742
v 0.152934 -0.106830 -0.679190
vn -1.706995 -5.812413 -1.364407
v 0.147494 0.221586 -0.483409
vn -1.942431 -5.758572 -0.235245
v 0.150673 0.216282 -0.460350
vn -2.056636 -5.551423 1.060935
v 0.157908 0.215117 -0.435105
vn 0.017446 -1.520678 1.104729
v 0.150466 0.365549 -0.675452
vn -0.280147 -2.120222 0.922571
v 0.119047 0.364647 -0.676897
vn -4.024365 -3.687286 -2.617123
v 0.100386 0.371028 -0.681263
vn 5.699256 1.198828 1.908065
v 0.200006 0.406648 -0.689316
vn 5.382207 0.399082 2.794652
v 0.202933 0.377819 -0.685639
vn 5.092465 2.151442 1.916504
v 0.195314 0.429782 -0.694374
vn 3.234833 -1.375882 5.048239
v 0.231235 0.169109 -0.680442
vn 2.613856 -2.154997 4.680061
v 0.236219 0.164817 -0.683433
vn 1.687245 -2.171539 5.594225
v 0.236604 0.170726 -0.681926
vn 2.794884 -0.422273 5.592304
v 0.228945 0.185551 -0.675623
vn 2.313077 -1.255555 4.907001
v 0.245785 0.173064 -0.682175
vn 3.585633 0.730006 5.007934
v 0.233664 0.196236 -0.677948
vn 2.336899 -0.077565 5.734266
v 0.221309 0.191243 -0.670901
vn 3.614389 -0.900068 4.913459
v 0.226332 0.167666 -0.675811
vn 5.113876 3.398445 -1.093940
v 0.258466 0.199661 -0.729212
vn 5.118787 2.934329 1.284884
v 0.258259 0.202372 -0.710270
vn 5.491288 1.212470 1.161074
v 0.268486 0.184425 -0.713708
vn 5.148611 2.347434 -0.888868
v 0.269611 0.184477 -0.732899
vn 4.846110 3.156263 -2.436563
v 0.254120 0.197061 -0.743886
vn 4.771937 2.459943 -3.134502
v 0.263812 0.181502 -0.745622
vn 0.188055 -0.225430 6.272133
v 0.186575 0.204086 -0.667159
vn 0.357739 -0.043069 6.229867
v 0.202843 0.194545 -0.667395
vn -0.674293 -0.460510 6.183141
v 0.174754 0.192294 -0.667826
vn -0.033289 -1.675586 5.957803
v 0.193600 0.169212 -0.670309
vn -0.089286 0.027907 -6.278214
v 0.170084 0.175971 -0.760978
vn -0.008307 0.132359 -6.270203
v 0.189680 0.190195 -0.761253
vn 0.130657 0.089707 -6.275565
v 0.213994 0.184865 -0.760894
vn 0.026675 -0.111000 -6.280883
v 0.195922 0.162052 -0.760260
vn -5.571836 0.263496 1.964661
v 0.116621 0.180519 -0.710283
vn -5.654321 0.854921 -0.745081
v 0.113571 0.176893 -0.729607
vn -4.917894 0.719098 -3.279286
v 0.120395 0.174852 -0.746593
vn -5.879313 -0.664535 -0.646857
v 0.114626 0.158284 -0.731910
vn -5.057045 -0.043948 -3.523511
v 0.121624 0.156897 -0.747527
vn -5.350018 -1.362648 2.180681
v 0.116744 0.160567 -0.714808
vn -4.561375 -0.380502 4.119934
v 0.128633 0.185409 -0.692402
vn -4.248151 -1.887671 3.869983
v 0.128393 0.161573 -0.697444
vn -1.792878 -2.346683 4.659872
v 0.141588 0.162511 -0.685500
vn -3.433573 -0.885320 5.154273
v 0.144279 0.186961 -0.680193
vn 0.498693 -4.565125 3.833361
v 0.242529 0.154183 -0.694556
vn 2.701427 -3.658660 3.102294
v 0.251118 0.154329 -0.696920
vn 2.885931 -2.874920 2.658998
v 0.238437 0.154791 -0.694462
vn 3.740210 -2.820544 2.113179
v 0.240637 0.143601 -0.713572
vn 1.481609 -5.216985 3.136885
v 0.244893 0.144073 -0.714863
vn 2.871230 -4.356153 3.295002
v 0.251613 0.144345 -0.717861
vn 5.439624 0.632045 -0.598367
v 0.273327 0.170305 -0.736505
vn 5.256083 1.112481 -3.109589
v 0.268172 0.165868 -0.747602
vn 5.827017 -0.752398 1.763168
v 0.269543 0.170887 -0.721903
vn 5.340820 -1.852460 2.479124
v 0.269003 0.160267 -0.727495
vn 5.483500 -0.986181 0.053063
v 0.272648 0.157398 -0.738633
vn 5.470681 -0.814124 -2.051903
v 0.269000 0.151502 -0.749245
vn 5.437736 -1.015119 2.485594
v 0.237441 0.148999 -0.692686
vn 3.697712 -2.244035 3.635541
v 0.233606 0.140309 -0.689782
vn 6.020674 -0.643630 1.624563
v 0.239851 0.133824 -0.712870
vn 4.145768 -2.534944 3.131433
v 0.237092 0.119232 -0.711596
vn -1.513770 0.314447 -6.046980
v 0.137944 0.139484 -0.759387
vn -1.275885 0.042980 -6.117853
v 0.140563 0.156551 -0.759329
vn -0.261080 0.051024 -6.261532
v 0.150042 0.143388 -0.760674
vn -0.291377 -0.196776 -6.203391
v 0.145017 0.130167 -0.760829
vn -0.514032 -0.836580 -6.097748
v 0.158868 0.122156 -0.759730
vn 0.688125 -2.811233 -5.149023
v 0.149603 0.119410 -0.759144
vn -0.920827 -1.792105 -5.617588
v 0.140958 0.120584 -0.759694
vn 0.396507 -3.562330 -4.755279
v 0.145049 0.116577 -0.758015
vn -1.707005 -0.198211 -5.940011
v 0.135780 0.127954 -0.759396
vn -5.085975 -2.350766 2.422078
v 0.119897 0.145842 -0.721826
vn -5.720356 -1.187004 -0.177075
v 0.117145 0.142046 -0.735289
vn -5.044555 -0.467651 -3.131211
v 0.121925 0.139067 -0.748899
vn -4.890058 -2.616555 0.549436
v 0.120803 0.129688 -0.737780
vn -4.592377 -2.422405 -1.886488
v 0.125379 0.124306 -0.750053
vn -4.522442 -3.004282 2.742476
v 0.122116 0.135978 -0.727515
vn 1.235870 -4.212526 4.383897
v 0.146672 0.146544 -0.699368
vn -1.790402 -2.560794 3.089065
v 0.149603 0.147650 -0.699808
vn -1.588090 -3.373381 4.890042
v 0.151689 0.158546 -0.689265
vn -0.156531 -3.383610 5.260680
v 0.150443 0.163229 -0.685613
vn -1.397176 -3.854624 4.151155
v 0.140314 0.143989 -0.700982
vn -0.182054 -4.796060 4.043269
v 0.143755 0.131810 -0.714484
vn -1.739955 -4.345993 3.748063
v 0.138425 0.130063 -0.716800
vn -3.278534 -2.788576 2.983751
v 0.146414 0.132143 -0.713879
vn -2.721858 -2.590246 4.687650
v 0.154767 0.163362 -0.684989
vn -2.586533 -1.823887 5.402493
v 0.152432 0.178662 -0.678084
vn -3.357954 -2.080774 4.803714
v 0.159130 0.163203 -0.680655
vn -2.378600 -1.287376 5.548146
v 0.156963 0.185784 -0.672916
vn 0.861677 -0.287607 5.960292
v 0.210647 0.182912 -0.667421
vn 1.708952 -1.109187 5.507990
v 0.216264 0.162834 -0.670568
vn -1.247072 -1.974275 5.683127
v 0.201743 0.163701 -0.671519
vn -0.458188 -2.102530 4.363166
v 0.208797 0.150859 -0.671655
vn 3.263382 -3.421769 3.984486
v 0.191636 0.137744 -0.688938
vn 4.517725 -2.832985 3.265712
v 0.191798 0.115442 -0.711409
vn 0.201718 -2.822981 2.642465
v 0.195957 0.124167 -0.711001
vn -0.055658 -3.427174 4.565283
v 0.195627 0.142369 -0.688320
vn 0.681127 -2.059663 5.598200
v 0.186585 0.162123 -0.671820
vn 0.443406 -2.292933 4.819178
v 0.182190 0.150131 -0.674776
vn 1.329747 -3.753350 4.470244
v 0.184004 0.131286 -0.689336
vn 1.495675 -3.587294 4.111883
v 0.183820 0.104006 -0.712052
vn 0.021448 -0.060788 -6.282484
v 0.216775 0.149199 -0.760215
vn 0.223675 0.118975 -6.271332
v 0.231089 0.173656 -0.760600
vn 1.648818 1.020753 -5.759506
v 0.241665 0.192925 -0.759115
vn 1.729053 0.883051 -5.810425
v 0.250261 0.177815 -0.758905
vn 0.221451 0.141764 -6.266179
v 0.242797 0.160451 -0.760506
vn 0.725698 -0.788386 -6.071301
v 0.236157 0.134568 -0.759688
vn 0.490264 -0.425394 -6.141637
v 0.222209 0.105183 -0.760674
vn -1.351910 -2.251871 -5.222306
v 0.207826 0.093256 -0.758630
vn 0.038781 -1.259953 -6.008212
v 0.199392 0.101551 -0.759222
vn 0.009064 -0.039272 -6.274685
v 0.214618 0.117599 -0.760470
vn 2.591255 -0.398315 -5.220431
v 0.237079 0.115982 -0.758785
vn 2.656829 -1.651977 -5.198783
v 0.235310 0.104549 -0.757294
vn 1.651120 -2.296942 -4.946341
v 0.225025 0.094679 -0.758814
vn 0.067893 -3.110188 -5.085485
v 0.213962 0.088825 -0.757158
vn -0.178873 -0.016242 -6.275787
v 0.157652 0.159516 -0.760739
vn -1.349131 0.151844 -6.017450
v 0.141152 0.173310 -0.759907
vn 0.021042 -0.061241 -6.282353
v 0.177843 0.142178 -0.760247
vn 0.218321 -5.330494 3.248010
v 0.247878 0.133427 -0.730322
vn 2.050318 -4.128630 2.797775
v 0.256050 0.132049 -0.731906
vn 3.579130 -2.615292 2.062941
v 0.243318 0.133540 -0.729351
vn 3.238020 -3.134084 0.601510
v 0.244036 0.127696 -0.743342
vn -0.461044 -5.960836 1.430916
v 0.248777 0.127165 -0.743649
vn 2.155917 -4.539267 0.667851
v 0.256788 0.126489 -0.744846
vn 5.987453 -0.486884 1.081322
v 0.243952 0.121509 -0.728313
vn 4.580244 -2.568205 1.988279
v 0.240915 0.106195 -0.728304
vn 6.180373 -0.647417 -0.181434
v 0.244007 0.117162 -0.743038
vn 5.045451 -2.856878 0.170938
v 0.241115 0.101845 -0.742828
vn -3.178611 -2.979942 1.537830
v 0.146837 0.120917 -0.728973
vn 0.788483 -5.286481 3.227901
v 0.143781 0.120396 -0.729455
vn -0.964304 -4.710661 2.773742
v 0.137801 0.117990 -0.731043
vn 1.478876 -5.836791 1.632734
v 0.146171 0.114669 -0.743692
vn -0.448754 -5.377000 0.951888
v 0.140159 0.112395 -0.744772
vn -2.849589 -3.191105 0.077865
v 0.149506 0.115338 -0.743388
vn 0.031937 -2.712612 2.587893
v 0.197762 0.106800 -0.728701
vn 4.679386 -2.849318 2.901960
v 0.193603 0.097858 -0.728527
vn 1.446609 -4.166528 2.810544
v 0.185065 0.086839 -0.728232
vn 4.617404 -3.631914 1.719761
v 0.195265 0.089084 -0.742796
vn 1.172365 -5.052426 1.138734
v 0.186759 0.081377 -0.742640
vn 0.123442 -3.566047 1.712517
v 0.199133 0.095736 -0.743019
vn 0.516424 -0.090783 -6.190295
v 0.250669 0.149080 -0.760661
vn 0.109552 -2.519057 -5.410051
v 0.246723 0.133417 -0.758966
vn 1.986039 0.673979 -5.707937
v 0.256697 0.163549 -0.759112
vn 2.255776 0.179423 -5.772238
v 0.259608 0.152307 -0.758623
vn 1.721349 -0.951580 -5.668314
v 0.256338 0.140568 -0.759532
vn 0.963867 -2.677788 -5.309260
v 0.252309 0.132101 -0.757883
vn -0.274979 -0.537661 -6.129606
v 0.175695 0.099772 -0.760667
vn 1.682453 -2.075932 -5.066744
v 0.192086 0.091580 -0.758623
vn 0.366026 -3.029512 -5.081303
v 0.185967 0.086535 -0.757223
vn -1.081368 -2.592933 -4.975036
v 0.173554 0.090429 -0.758847
vn -2.202212 -2.197928 -5.207736
v 0.161355 0.097719 -0.757307
vn -2.404801 -0.674439 -5.304418
v 0.158619 0.106858 -0.758785
vn 0.044293 -0.102991 -6.272243
v 0.182455 0.112777 -0.760467
vn 4.670634 -2.884938 2.949333
v 0.262173 0.152178 -0.722220
vn 4.909753 -2.645903 1.920620
v 0.265753 0.141677 -0.735441
vn 4.871386 -2.680680 -0.622256
v 0.265187 0.136185 -0.747712
vn 5.201528 -2.478838 2.221621
v 0.261587 0.162915 -0.707460
vn 4.035203 0.205702 3.096556
v 0.262011 0.179814 -0.692722
vn 1.369682 -3.819149 4.578232
v 0.220569 0.133579 -0.688650
vn -1.430709 -4.123059 4.214478
v 0.206581 0.132421 -0.689345
vn 1.777069 -3.997544 4.400215
v 0.223493 0.109307 -0.712563
vn -1.367330 -3.889098 4.130246
v 0.209854 0.106341 -0.712654
vn 2.464771 -4.254392 2.795330
v 0.227370 0.092877 -0.728038
vn 3.069242 -5.000572 0.527054
v 0.227771 0.088708 -0.742747
vn -1.121736 -4.107613 2.628935
v 0.211352 0.088291 -0.728207
vn -0.553838 -5.128699 0.982346
v 0.212299 0.083081 -0.742624
vn 4.433952 1.997953 3.892283
v 0.246115 0.201253 -0.691399
vn -3.937843 -3.232001 3.557210
v 0.129418 0.145050 -0.709639
vn -3.768915 -3.656243 3.421278
v 0.129234 0.133026 -0.722602
vn -3.707222 -4.180566 2.071693
v 0.129444 0.121325 -0.734859
vn -3.385267 -4.583432 -0.310082
v 0.132678 0.115529 -0.747359
vn -5.386047 -1.534130 1.986682
v 0.147358 0.124885 -0.712932
vn -3.432397 -3.286913 3.464919
v 0.153050 0.114678 -0.712440
vn -3.598699 -2.310062 4.156290
v 0.155647 0.136373 -0.694242
vn -5.313223 -1.215190 2.981742
v 0.150987 0.143226 -0.697938
vn -5.962469 -1.281513 -0.887348
v 0.149738 0.107285 -0.743080
vn -4.446996 -3.656797 -0.157701
v 0.154046 0.095309 -0.742877
vn -3.997993 -3.207790 1.820784
v 0.151824 0.100170 -0.728433
vn -5.777161 -1.319125 0.466356
v 0.147122 0.112415 -0.728643
vn -1.242469 -1.086611 5.861278
v 0.171543 0.179645 -0.669103
vn -2.124346 -1.914108 5.498966
v 0.171407 0.160548 -0.675034
vn -3.326694 -3.599126 3.792596
v 0.199476 0.138048 -0.688828
vn -4.158669 -3.424355 3.115520
v 0.201190 0.115894 -0.711357
vn -4.382444 -4.139139 1.210815
v 0.203583 0.089672 -0.742822
vn -4.580043 -3.296799 2.504058
v 0.202419 0.098524 -0.728666
vn -1.556855 -3.466007 4.818020
v 0.169376 0.131328 -0.690655
vn -1.622960 -4.066696 4.492243
v 0.168461 0.106832 -0.713643
vn -2.217367 -5.489014 0.418676
v 0.169609 0.084960 -0.742838
vn -1.897044 -4.590099 2.765715
v 0.167620 0.089488 -0.728135
vn 0.558711 -0.354924 -6.144970
v 0.192600 -0.195700 -0.761706
vn -0.357722 -0.401271 -6.154707
v 0.146381 -0.199177 -0.762401
vn -0.010449 0.062613 -6.281715
v 0.172558 -0.068709 -0.762466
vn -0.011849 0.024113 -6.282879
v 0.159182 -0.072509 -0.762388
vn 0.027290 -0.037652 -6.283001
v 0.153157 -0.089747 -0.762323
vn 0.000451 -0.040936 -6.282365
v 0.198341 0.129067 -0.760241
vn 0.078578 -0.122308 -6.280430
v 0.218117 -0.139947 -0.760774
vn -0.145877 -0.111983 -6.089937
v 0.107265 -0.168838 -0.762893
vn 4.228795 1.540201 -3.550915
v 0.219071 0.277351 -0.742230
vn 3.991879 1.988144 -3.627506
v 0.228732 0.246184 -0.747104
vn 3.939807 2.192178 -3.706288
v 0.239071 0.217815 -0.751919
vn 4.388455 0.623809 -3.606817
v 0.205685 0.337370 -0.741754
vn 4.332358 1.008793 -3.655877
v 0.211879 0.306129 -0.740642
vn 4.481472 0.548482 -3.471368
v 0.198781 0.375953 -0.744811
vn 4.539993 0.787051 -3.332769
v 0.190867 0.415054 -0.748349
vn 4.443128 1.269825 -3.258249
v 0.181853 0.447896 -0.750930
vn 4.177348 1.956730 -3.241033
v 0.170783 0.476392 -0.751900
vn 2.108231 3.840646 -3.396883
v 0.139515 0.520658 -0.748339
vn 3.675761 2.828696 -3.365980
v 0.156511 0.502343 -0.750386
vn -1.933491 3.376655 -3.926602
v 0.101945 0.518743 -0.749665
vn -0.169836 4.389989 -3.228997
v 0.119962 0.525399 -0.747915
vn -3.237780 1.316070 -4.407256
v 0.091065 0.499733 -0.752834
vn -3.813377 0.053000 -4.048608
v 0.088504 0.471454 -0.754212
vn -3.837137 -0.765919 -4.225503
v 0.091595 0.441600 -0.753349
vn -3.972133 -0.939138 -4.167460
v 0.097097 0.408000 -0.750296
vn -4.131557 -0.838591 -4.025020
v 0.100593 0.369401 -0.745606
vn -4.178591 -0.935879 -3.838849
v 0.104959 0.328476 -0.741819
vn -4.147431 -0.920169 -3.896889
v 0.114121 0.288267 -0.740988
vn -4.200113 -0.381002 -4.048024
v 0.123219 0.251491 -0.743029
vn -4.187603 0.145248 -4.053532
v 0.127743 0.220716 -0.747763
vn -4.153875 0.845466 -4.242858
v 0.130385 0.195570 -0.752016
vn -3.148887 0.099914 -5.290455
v 0.130761 0.158688 -0.756036
vn -3.282388 0.456158 -5.193990
v 0.130431 0.175971 -0.755344
vn -3.360583 0.134418 -5.130601
v 0.129768 0.140215 -0.756233
vn -3.374878 -1.483362 -4.019884
v 0.130272 0.124484 -0.757097
vn -2.433101 -3.873434 -3.008249
v 0.136624 0.115523 -0.755441
vn 0.170650 -4.624424 -1.750586
v 0.143484 0.112292 -0.754157
vn 1.733678 -5.335254 -1.707787
v 0.149114 0.114349 -0.753494
vn -2.240086 -3.011069 -3.397431
v 0.152219 0.115060 -0.753132
vn -3.685319 -2.869668 -2.458860
v 0.155654 0.095781 -0.752922
vn -4.917401 -0.758696 -2.811320
v 0.151786 0.107369 -0.752931
vn -1.983463 -4.779687 -2.305935
v 0.171553 0.085348 -0.752957
vn 1.115842 -3.865925 -1.529839
v 0.188797 0.080882 -0.752715
vn 0.275675 -3.859564 -2.673823
v 0.199725 0.093663 -0.752702
vn 3.718106 -3.043307 -1.442332
v 0.196727 0.087528 -0.752650
vn -3.346462 -3.453461 -1.838422
v 0.203460 0.088032 -0.752669
vn -0.462319 -3.950653 -1.678995
v 0.211675 0.082573 -0.752676
vn 2.776643 -4.290544 -2.228209
v 0.226930 0.089223 -0.752886
vn 4.201844 -2.233813 -2.307692
v 0.240362 0.102628 -0.752918
vn 5.226254 -0.374172 -2.462946
v 0.243023 0.117618 -0.752970
vn 2.716271 -2.907364 -3.411688
v 0.242606 0.127680 -0.753132
vn 1.256141 -3.766784 -2.066585
v 0.254372 0.126289 -0.754054
vn -0.703120 -5.109200 -2.248267
v 0.247069 0.126991 -0.753345
vn 4.051773 -0.156946 -4.183519
v 0.264805 0.151483 -0.756023
vn 3.788576 -2.187481 -3.465612
v 0.261529 0.136114 -0.755577
vn 4.015344 1.259719 -4.391932
v 0.262726 0.166437 -0.754969
vn 3.807736 2.018928 -4.241522
v 0.257328 0.182029 -0.754041
vn 3.953877 2.336244 -3.865846
v 0.248858 0.197705 -0.753514
vn 1.368500 0.708511 -6.039916
v 0.080347 -0.268633 0.347000
vn 2.185227 0.691257 -5.832958
v 0.082811 -0.254716 0.349448
vn 0.955868 0.720819 -6.146735
v 0.076990 -0.280703 0.345334
vn 2.621761 1.132712 -5.488686
v 0.083597 -0.239413 0.353054
vn -3.289431 -1.199728 -4.844430
v 0.001816 -0.349454 0.375816
vn -2.728455 -1.567141 -5.172267
v -0.002146 -0.350068 0.378086
vn -0.092779 -1.544777 -5.159730
v -0.006127 -0.350223 0.380069
vn -3.854091 1.912293 -4.115834
v 0.011147 -0.347914 0.367704
vn -3.692065 -0.810392 -4.854660
v 0.006208 -0.348807 0.372064
vn -3.723998 -0.386977 -5.036547
v 0.016392 -0.346672 0.363400
vn -3.756629 -0.293901 -5.007048
v 0.021839 -0.345065 0.359040
vn -2.859574 -0.539500 -5.384349
v 0.033207 -0.339868 0.350480
vn -3.638214 0.379560 -4.759922
v 0.027479 -0.343011 0.354535
vn -2.382461 -0.471709 -5.555573
v 0.038753 -0.335395 0.347342
vn -1.854938 -0.284284 -5.731634
v 0.044710 -0.330104 0.344681
vn -1.336468 0.009364 -5.777406
v 0.051913 -0.324302 0.342417
vn -0.757763 0.199676 -5.753688
v 0.059054 -0.317843 0.341036
vn -0.255702 0.325620 -5.840785
v 0.064843 -0.310298 0.340958
vn 0.070370 0.473417 -5.970330
v 0.069590 -0.301753 0.341696
vn 0.351037 0.767932 -6.097603
v 0.073614 -0.292051 0.343141
vn -0.134484 -0.073902 -6.238665
v 0.100586 -0.197062 0.323821
vn -0.533340 -5.833376 2.084269
v 0.089859 -0.222640 0.355137
vn 1.930967 -3.339760 -0.120447
v 0.094173 -0.217773 0.362844
vn -0.367050 -6.076859 -0.241787
v 0.087672 -0.224616 0.345227
vn -0.332732 -5.540724 -2.746631
v 0.086259 -0.221916 0.336498
vn 0.249468 -3.994409 -4.529914
v 0.082100 -0.216952 0.329312
vn -1.145322 -1.909654 5.838048
v -0.016347 -0.315262 0.487610
vn -1.648062 -1.975837 5.726834
v -0.026547 -0.312378 0.485750
vn -1.702709 -2.291687 5.591588
v -0.025748 -0.323865 0.481672
vn -1.183454 -2.388861 5.665405
v -0.015981 -0.326197 0.483467
vn -1.573274 -1.807633 5.775561
v -0.024917 -0.336168 0.476500
vn -1.030562 -1.919319 5.864439
v -0.015609 -0.337882 0.478117
vn -0.700640 -2.405113 5.751498
v -0.017113 -0.291120 0.494877
vn -1.374797 -2.614553 5.534073
v -0.027912 -0.289700 0.493554
vn -1.526933 -2.018085 5.746080
v -0.027281 -0.300838 0.489369
vn -0.920599 -1.815254 5.932148
v -0.016722 -0.303173 0.490957
vn -0.367803 -3.329408 5.310512
v -0.017789 -0.269238 0.507011
vn -0.955179 -3.449785 5.153225
v -0.029011 -0.269037 0.505831
vn -1.142275 -3.205420 5.272836
v -0.028475 -0.279357 0.499162
vn -0.541003 -3.060591 5.455076
v -0.017437 -0.280111 0.500365
vn -0.186760 -3.600975 5.138890
v -0.018074 -0.257491 0.514317
vn -0.032609 -4.440572 4.373068
v -0.018122 -0.245693 0.523434
vn -0.613547 -4.415734 4.393847
v -0.029781 -0.246877 0.522088
vn -0.779897 -3.661545 5.037489
v -0.029438 -0.257954 0.513195
vn -0.026742 -4.788589 4.056400
v -0.017957 -0.235561 0.536687
vn 0.146297 -4.405879 4.474765
v -0.017621 -0.224342 0.548427
vn -0.989586 -4.429317 4.146623
v -0.032000 -0.224840 0.548557
vn -0.799381 -4.748688 3.925377
v -0.030276 -0.237356 0.534414
vn 0.758280 -4.202621 4.585840
v -0.017524 -0.205671 0.566574
vn 0.442000 -4.463139 4.379272
v -0.024675 -0.206027 0.567289
vn 0.017522 -4.489873 4.377845
v -0.027705 -0.212818 0.560193
vn 0.462269 -4.315206 4.536983
v -0.017517 -0.214445 0.557499
vn 1.110213 -3.394287 5.155674
v -0.017569 -0.194672 0.575109
vn 0.937546 -2.762253 5.553646
v -0.017699 -0.180565 0.582987
vn 0.810425 -2.754287 5.498358
v -0.031007 -0.183618 0.584798
vn 0.678480 -3.849747 4.843907
v -0.027737 -0.198650 0.574624
vn 0.186503 -2.144782 5.901415
v -0.018782 -0.145290 0.597838
vn 0.305539 -1.992531 5.950427
v -0.031615 -0.144514 0.598630
vn 0.691107 -2.151340 5.860355
v -0.030907 -0.162657 0.592298
vn 0.382863 -2.434658 5.774666
v -0.018307 -0.163475 0.590490
vn 0.119542 -1.814703 6.010615
v -0.018517 -0.126636 0.604255
vn 0.012068 -1.382056 6.123041
v -0.018174 -0.107108 0.609494
vn -0.001980 -1.322059 6.137965
v -0.030667 -0.107444 0.609406
vn 0.150483 -1.738768 6.031604
v -0.031204 -0.126435 0.604636
vn -0.025839 -0.806462 6.221927
v -0.018239 -0.086355 0.613278
vn 0.038632 -0.090662 6.273677
v -0.018478 -0.063774 0.614901
vn 0.051559 -0.173268 6.269986
v -0.031450 -0.064033 0.615037
vn -0.062927 -0.827935 6.220859
v -0.030887 -0.086752 0.613116
vn 0.235912 1.069214 6.184629
v -0.018840 -0.011591 0.610063
vn 0.122927 0.552678 6.254338
v -0.018666 -0.038807 0.613721
vn 0.331984 1.017989 6.184138
v -0.032223 -0.011556 0.610943
vn 0.206453 0.476491 6.255920
v -0.031854 -0.039001 0.614222
vn -3.712605 -2.535128 -4.372513
v -0.070845 -0.192152 0.523327
vn -3.003336 -3.078958 -4.531051
v -0.073733 -0.193288 0.526083
vn -2.463075 -3.474562 -4.300506
v -0.073911 -0.191732 0.525442
vn -2.830760 -3.404208 -4.021410
v -0.071113 -0.190623 0.522829
vn -0.243387 -5.414382 -2.388146
v -0.074399 -0.191075 0.524825
vn -0.193967 -5.389774 -2.339430
v -0.071712 -0.190086 0.522409
vn -0.622416 -5.239908 -2.204573
v -0.069561 -0.189161 0.520006
vn -3.541568 -3.272425 -3.605061
v -0.068904 -0.189714 0.520242
vn -4.376349 -2.241124 -3.888873
v -0.068558 -0.191101 0.520610
vn -3.759765 -4.654043 1.829795
v -0.051220 -0.213352 0.548223
vn -4.486422 -4.028628 1.640055
v -0.049467 -0.217479 0.541471
vn -3.134666 -4.238112 3.307237
v -0.042740 -0.221638 0.545549
vn -2.315326 -4.822771 3.155377
v -0.045214 -0.214756 0.553547
vn -1.138945 -4.736740 3.938440
v -0.039451 -0.212301 0.559181
vn -2.186244 -5.095209 2.835120
v -0.051919 -0.207508 0.560481
vn -1.138853 -4.843885 3.780403
v -0.047171 -0.204109 0.567745
vn -3.183359 -5.154510 1.594499
v -0.056172 -0.207883 0.553725
vn -4.106118 -4.712257 0.287528
v -0.057905 -0.209106 0.541128
vn -3.313555 -5.287218 0.428970
v -0.061951 -0.205855 0.545979
vn -3.513418 -5.107331 -0.984074
v -0.066446 -0.202139 0.538964
vn -3.980885 -4.685327 -1.253957
v -0.063031 -0.203643 0.534449
vn -4.769695 -4.057855 -0.169035
v -0.056033 -0.210868 0.535342
vn -4.454735 -4.223192 -1.248390
v -0.060958 -0.204015 0.529501
vn -2.835632 -5.402854 -1.232298
v -0.068794 -0.199203 0.534013
vn -3.411502 -4.950224 -1.671847
v -0.065868 -0.199788 0.530038
vn -2.061373 -5.611737 -1.888416
v -0.070890 -0.197641 0.530500
vn -2.976283 -5.040895 -2.203670
v -0.068067 -0.197353 0.526904
vn -4.030457 -4.592543 -1.275581
v -0.064095 -0.199814 0.525931
vn -4.156388 -4.191162 -2.036717
v -0.066521 -0.197055 0.523308
vn -2.329777 -4.712848 -3.293827
v -0.072776 -0.195733 0.527735
vn -3.303100 -3.901673 -3.551962
v -0.069975 -0.194898 0.524595
vn -4.368117 -2.781509 -3.510315
v -0.067902 -0.193863 0.521555
vn -4.944600 -2.772579 2.650023
v -0.046524 -0.225451 0.535491
vn -5.707462 -1.202587 2.298161
v -0.051928 -0.225499 0.524110
vn -4.794152 -2.356086 3.002067
v -0.050263 -0.233607 0.523463
vn -3.193572 -3.771190 3.528501
v -0.042824 -0.232146 0.534789
vn -5.460299 -2.676628 1.283918
v -0.051046 -0.218307 0.532069
vn -5.813120 -1.345187 1.583118
v -0.053652 -0.216877 0.521820
vn -4.724403 -4.059928 -0.656993
v -0.063416 -0.199762 0.521522
vn -5.100524 -2.849814 -2.134000
v -0.065463 -0.196528 0.519789
vn -5.635817 -2.601251 -0.497982
v -0.063355 -0.199112 0.517186
vn -5.760651 -1.702877 -1.603891
v -0.064347 -0.195328 0.516383
vn -5.128428 -3.467150 0.857697
v -0.060764 -0.203152 0.518101
vn -4.788242 -3.882461 -0.343151
v -0.060001 -0.203420 0.523689
vn -5.033076 -2.105267 -3.037604
v -0.066269 -0.192877 0.518754
vn -5.025908 -2.166236 -3.045168
v -0.067064 -0.190477 0.518227
vn -5.512826 -2.089011 -1.865350
v -0.065205 -0.192091 0.516018
vn -5.539183 -2.209105 -1.910889
v -0.066204 -0.190050 0.515957
vn -1.078409 -5.199679 -1.879231
v -0.068144 -0.188550 0.517913
vn -4.209762 -3.097029 -2.863691
v -0.067449 -0.189138 0.518039
vn -1.369956 -5.274422 -1.431079
v -0.067323 -0.188126 0.515947
vn -4.682201 -3.001314 -1.892058
v -0.066582 -0.188734 0.515979
vn -5.331478 -3.188539 -0.078817
v -0.055787 -0.210105 0.527473
vn -5.450402 -2.534024 1.038218
v -0.056683 -0.208798 0.519537
vn -2.028196 -3.592544 -4.556982
v -0.077019 -0.192728 0.527781
vn -2.122696 -3.869922 -4.386063
v -0.077045 -0.194212 0.528670
vn -1.305177 -3.951475 -4.641893
v -0.080900 -0.193362 0.529588
vn -1.268234 -4.665529 -3.856246
v -0.081158 -0.194704 0.530685
vn -0.504386 -5.235588 -2.746618
v -0.081158 -0.192343 0.528628
vn -0.483009 -5.297411 -2.589808
v -0.077394 -0.191865 0.526975
vn -1.582988 -5.400243 -2.623434
v -0.076450 -0.196159 0.530879
vn -1.413593 -6.037945 -0.661352
v -0.075075 -0.197375 0.534161
vn -1.131026 -5.871749 -1.498856
v -0.081091 -0.196108 0.533353
vn -1.164753 -6.073962 0.724249
v -0.080314 -0.196373 0.537017
vn -2.304998 -5.672790 -0.401686
v -0.073173 -0.197621 0.538033
vn -3.092384 -5.413142 -0.729605
v -0.071573 -0.199756 0.543560
vn -2.008368 -5.759805 0.384556
v -0.078898 -0.195529 0.541225
vn -2.857853 -5.579597 -0.076926
v -0.078005 -0.196680 0.547389
vn -2.748923 -5.362604 1.730300
v -0.063811 -0.202275 0.558637
vn -2.867590 -5.465379 0.707694
v -0.068325 -0.202065 0.550930
vn -2.774493 -5.230737 2.057168
v -0.072966 -0.196276 0.562318
vn -2.917501 -5.381056 1.234982
v -0.075939 -0.197214 0.554763
vn -2.179929 -5.061510 2.874009
v -0.060492 -0.200959 0.566056
vn -1.421552 -4.445404 4.091749
v -0.056492 -0.196874 0.573750
vn -2.387997 -4.824360 3.119687
v -0.070318 -0.194219 0.569643
vn -1.773388 -3.913526 4.459070
v -0.067019 -0.189559 0.577030
vn -0.731910 -4.556623 -4.254340
v -0.086042 -0.193394 0.530565
vn -0.960399 -5.247258 -3.090440
v -0.086391 -0.194432 0.531736
vn -0.740541 -4.840563 -3.931462
v -0.091812 -0.192473 0.530293
vn -1.270716 -5.389668 -2.591706
v -0.092216 -0.193268 0.531403
vn -0.516164 -5.410037 -2.689124
v -0.086188 -0.192453 0.529517
vn -1.083447 -5.395446 -2.681041
v -0.091783 -0.191632 0.529275
vn -1.389101 -5.907195 -0.416402
v -0.086718 -0.195332 0.534553
vn -1.778903 -5.640553 1.713917
v -0.086437 -0.194872 0.538311
vn -2.639973 -4.983751 2.375179
v -0.092785 -0.192641 0.537748
vn -2.028998 -5.558712 0.256250
v -0.092801 -0.193805 0.534100
vn -2.364866 -5.595728 1.188760
v -0.085557 -0.193068 0.542874
vn -2.998436 -5.434101 0.798032
v -0.085402 -0.192835 0.549591
vn -3.158741 -5.087851 1.706662
v -0.092371 -0.189943 0.542467
vn -3.292767 -5.208069 1.202765
v -0.092908 -0.188294 0.549439
vn -3.136569 -5.194149 1.590381
v -0.084308 -0.191722 0.556891
vn -2.997807 -5.032653 2.215363
v -0.082759 -0.189934 0.564485
vn -3.320813 -5.071821 1.626243
v -0.092963 -0.186218 0.556939
vn -3.373942 -4.597300 2.480946
v -0.092746 -0.183653 0.564413
vn -2.728785 -4.355734 3.417916
v -0.080951 -0.187220 0.571710
vn -2.306047 -3.341445 4.675857
v -0.078432 -0.181596 0.578462
vn -3.338465 -3.641008 3.738764
v -0.091669 -0.179614 0.571079
vn -3.091662 -2.836130 4.610383
v -0.090068 -0.172896 0.577198
vn -1.416567 -5.190013 -2.895238
v -0.097908 -0.190661 0.529368
vn -0.643589 -4.640314 -4.185320
v -0.097410 -0.189908 0.528437
vn -0.813070 -4.958933 -3.428877
v -0.102898 -0.187476 0.526286
vn 0.336730 -4.232468 -4.603817
v -0.102290 -0.186667 0.525594
vn -1.612541 -5.091267 -2.709536
v -0.097158 -0.189141 0.527561
vn -1.376208 -4.713312 -2.936265
v -0.101821 -0.185959 0.524964
vn -3.595809 -4.244625 2.480557
v -0.099001 -0.189804 0.535115
vn -2.795666 -5.256079 -0.047397
v -0.098681 -0.191092 0.531642
vn -4.151747 -3.973197 2.076809
v -0.104502 -0.186654 0.531096
vn -2.986771 -5.115701 -0.576008
v -0.103801 -0.187896 0.528023
vn -3.331170 -5.206970 1.074691
v -0.100214 -0.184158 0.546946
vn -3.651809 -4.547568 1.786948
v -0.098532 -0.186105 0.539637
vn -3.365234 -5.227384 0.695086
v -0.107274 -0.180490 0.542907
vn -3.790097 -4.331155 1.575125
v -0.104347 -0.182385 0.535620
vn -3.442389 -4.935181 1.767644
v -0.101488 -0.181250 0.554436
vn -3.757487 -4.096931 2.796801
v -0.102365 -0.177389 0.561490
vn -3.665307 -4.683722 1.820416
v -0.109835 -0.177078 0.550183
vn -4.084758 -3.666244 2.943330
v -0.111537 -0.171726 0.556700
vn -3.852651 -3.152826 3.778879
v -0.102274 -0.171684 0.567580
vn -3.684404 -2.587044 4.346213
v -0.101812 -0.163990 0.573327
vn -4.229258 -2.898352 3.604208
v -0.112429 -0.164472 0.562237
vn -4.167175 -2.487758 3.931782
v -0.113260 -0.155862 0.567703
vn 0.215145 -4.681904 -3.663366
v -0.106656 -0.184711 0.522784
vn 1.923686 -3.574257 -4.769671
v -0.105951 -0.183795 0.522373
vn 1.094477 -4.347051 -3.612840
v -0.109357 -0.182427 0.519349
vn 3.286515 -2.829786 -4.529058
v -0.108613 -0.181360 0.519197
vn -0.576099 -4.226836 -3.333137
v -0.105301 -0.183048 0.522076
vn 0.332133 -3.835102 -3.540133
v -0.107833 -0.180503 0.519233
vn -4.389343 -4.074681 1.427433
v -0.108836 -0.183786 0.526697
vn -2.805800 -5.118628 -1.042185
v -0.107665 -0.185063 0.524061
vn -4.409654 -4.299870 0.664936
v -0.112038 -0.181376 0.522415
vn -2.571470 -5.160239 -1.441464
v -0.110418 -0.182683 0.520245
vn -3.500770 -5.161290 0.558534
v -0.113593 -0.176871 0.537722
vn -3.836372 -4.448447 1.417478
v -0.109703 -0.179420 0.531037
vn -3.759222 -4.875854 0.713894
v -0.118771 -0.174216 0.531933
vn -3.888795 -4.632197 1.076371
v -0.114049 -0.177220 0.526254
vn -4.127292 -4.320295 1.426695
v -0.117400 -0.173042 0.544507
vn -4.696520 -3.093916 2.466300
v -0.119971 -0.166742 0.550471
vn -4.764948 -3.758598 1.172566
v -0.122675 -0.169271 0.537392
vn -5.428550 -2.515830 1.752610
v -0.125430 -0.162075 0.542231
vn -4.962551 -2.400695 2.878743
v -0.121517 -0.158427 0.555225
vn -5.030884 -1.985895 3.014494
v -0.123053 -0.149122 0.559869
vn -5.634315 -1.903890 1.977358
v -0.127335 -0.153168 0.546076
vn -5.736454 -1.451790 2.019971
v -0.129182 -0.143421 0.549462
vn 1.570926 -3.979959 -3.463943
v -0.111145 -0.180694 0.516477
vn 4.214030 -2.244848 -4.054345
v -0.110466 -0.179433 0.516497
vn 1.624836 -3.588222 -3.425322
v -0.112138 -0.179239 0.514239
vn 4.703083 -2.425122 -3.252652
v -0.111549 -0.177993 0.514388
vn 0.837820 -3.789105 -2.211821
v -0.110725 -0.177046 0.514744
vn 0.816857 -3.645143 -3.216114
v -0.109641 -0.178424 0.516759
vn -4.266417 -4.514322 -0.239275
v -0.114069 -0.179520 0.518699
vn -2.521361 -5.010252 -1.884499
v -0.112187 -0.180839 0.517063
vn -2.521048 -4.627109 -2.678853
v -0.113144 -0.179232 0.514556
vn -3.694708 -4.817172 -1.402038
v -0.115136 -0.177993 0.515588
vn -4.072209 -4.614524 0.501207
v -0.121821 -0.172550 0.525911
vn -3.985944 -4.732221 0.745058
v -0.116866 -0.175930 0.521707
vn -4.240315 -4.574670 0.170232
v -0.123027 -0.171664 0.519909
vn -4.015790 -4.814106 0.289925
v -0.118390 -0.175348 0.517506
vn -5.619749 -2.325935 1.450787
v -0.129095 -0.159323 0.533094
vn -5.073776 -3.454885 1.025631
v -0.125935 -0.166923 0.529776
vn -5.616863 -2.492015 1.126794
v -0.131627 -0.158634 0.523521
vn -5.089275 -3.565992 0.641125
v -0.127714 -0.166037 0.521946
vn -5.851624 -1.623062 1.598893
v -0.131291 -0.149915 0.535707
vn -5.936595 -1.293635 1.588515
v -0.133231 -0.139776 0.537735
vn -5.982698 -1.211996 1.474695
v -0.136533 -0.139016 0.525526
vn -5.883735 -1.623708 1.444303
v -0.134350 -0.149675 0.524627
vn 2.026790 -4.565695 -2.384688
v -0.112394 -0.177854 0.512745
vn 3.935925 -3.598232 -0.674759
v -0.111899 -0.177020 0.512968
vn 0.334786 -5.417774 2.247850
v -0.111766 -0.177457 0.511429
vn 1.167696 -4.704673 2.883526
v -0.111223 -0.176984 0.511739
vn 0.507071 -4.175292 -0.717751
v -0.111071 -0.176451 0.513292
vn -1.853943 -4.966237 1.752277
v -0.110405 -0.176865 0.512047
vn -2.072548 -5.301855 -2.502906
v -0.113432 -0.177641 0.512739
vn -2.520124 -5.499154 -1.349950
v -0.115453 -0.176706 0.513059
vn -1.859808 -5.604974 0.708087
v -0.114712 -0.176619 0.510763
vn -1.690961 -5.522190 0.390222
v -0.112817 -0.177195 0.511128
vn -4.299545 -4.570161 0.131923
v -0.122778 -0.171742 0.514281
vn -3.582640 -5.123899 0.079478
v -0.118762 -0.175183 0.513754
vn -4.207012 -4.569527 0.580364
v -0.121611 -0.173498 0.509236
vn -2.759292 -5.538152 0.826200
v -0.117730 -0.175920 0.510313
vn -5.463737 -2.984746 0.492427
v -0.132532 -0.159785 0.513903
vn -4.826520 -3.955848 0.155530
v -0.127963 -0.166600 0.514204
vn -5.171994 -3.529764 0.263117
v -0.130919 -0.162816 0.505161
vn -4.735102 -4.099604 0.296699
v -0.126087 -0.168349 0.507205
vn -6.019955 -1.351869 1.101313
v -0.139046 -0.141082 0.512936
vn -5.830266 -2.042891 0.818395
v -0.136274 -0.151584 0.513447
vn -5.892215 -2.050471 0.595005
v -0.139635 -0.145934 0.497480
vn -5.620371 -2.774266 0.347434
v -0.134961 -0.155872 0.502794
vn -5.596416 -0.504083 2.795191
v -0.056207 -0.224908 0.514045
vn -5.561670 -0.807138 2.597489
v -0.056660 -0.216376 0.513783
vn -5.110658 -1.014489 3.401026
v -0.060758 -0.215994 0.506969
vn -5.188611 -0.352605 3.484346
v -0.061136 -0.224296 0.505245
vn -5.210233 -1.147474 3.243943
v -0.056029 -0.233607 0.512929
vn -5.088606 -0.602417 3.621364
v -0.062258 -0.233203 0.503295
vn -5.613426 -1.504441 1.429330
v -0.063416 -0.198029 0.513550
vn -5.570134 -1.107674 1.261654
v -0.064108 -0.194465 0.513366
vn -4.439028 -1.671669 4.036188
v -0.065457 -0.198009 0.510898
vn -4.607199 -0.239455 4.100065
v -0.065690 -0.194410 0.510944
vn -4.733214 -1.930013 3.349779
v -0.063895 -0.202265 0.509770
vn -5.480540 -2.353749 1.818669
v -0.062207 -0.202809 0.513735
vn -5.348667 -1.922401 0.681399
v -0.064804 -0.191460 0.513253
vn -5.711758 -2.306482 0.256709
v -0.065832 -0.189646 0.513547
vn -4.560073 -1.180426 3.322016
v -0.065893 -0.191396 0.510666
vn -4.700967 -2.293228 3.092600
v -0.066582 -0.189523 0.511079
vn -1.551719 -5.282169 -0.518968
v -0.066954 -0.187777 0.513929
vn -4.624002 -2.978955 -0.098999
v -0.066162 -0.188365 0.513796
vn -3.699302 -3.340662 2.296287
v -0.066864 -0.188239 0.511529
vn -0.955432 -5.434662 0.877735
v -0.067721 -0.187667 0.511875
vn -5.038570 -2.258766 2.499212
v -0.058714 -0.208533 0.513495
vn -4.819890 -2.137051 3.405765
v -0.062339 -0.208650 0.508741
vn -4.743921 -1.225150 3.843956
v -0.066133 -0.214571 0.500119
vn -4.832785 -0.582715 3.958829
v -0.067685 -0.222838 0.496917
vn -4.334733 -1.745018 4.096504
v -0.072643 -0.211625 0.493716
vn -4.748554 -1.273156 3.897850
v -0.074913 -0.219283 0.489246
vn -5.077518 -0.723346 3.622096
v -0.069509 -0.231715 0.493483
vn -5.112476 -1.187009 3.427180
v -0.076605 -0.227155 0.483741
vn -3.397927 -0.422099 5.192750
v -0.068824 -0.194872 0.508709
vn -3.677781 -2.161788 4.589201
v -0.068364 -0.198152 0.507955
vn -2.638452 -1.686491 5.398906
v -0.073306 -0.195293 0.506041
vn -2.954828 -2.915931 4.698247
v -0.072953 -0.198245 0.504744
vn -3.881703 -2.673672 4.127725
v -0.067627 -0.202382 0.506193
vn -3.405396 -3.703989 3.711762
v -0.072575 -0.201712 0.502454
vn -2.984274 -2.038932 4.958724
v -0.069069 -0.189940 0.508673
vn -3.093953 -0.348850 5.217087
v -0.068739 -0.191874 0.508356
vn -1.817724 -1.658171 5.649391
v -0.073283 -0.190526 0.506681
vn -2.196027 -0.686819 5.811174
v -0.073274 -0.192573 0.506400
vn -2.296519 -3.714739 3.963633
v -0.069341 -0.188592 0.509243
vn -0.220071 -5.544262 1.542256
v -0.070276 -0.187971 0.509799
vn -1.264753 -3.691603 4.523993
v -0.073474 -0.189122 0.507257
vn 0.106463 -5.590734 1.520475
v -0.074360 -0.188459 0.508020
vn -4.511527 -2.488990 3.448678
v -0.066379 -0.207611 0.503234
vn -3.894946 -3.144745 3.493289
v -0.071860 -0.205622 0.497926
vn -3.850327 -2.909139 3.801051
v -0.080204 -0.207023 0.488240
vn -4.505816 -2.285330 3.691657
v -0.082397 -0.212860 0.482671
vn -3.488248 -4.296962 2.712384
v -0.088785 -0.201573 0.485084
vn -4.041862 -3.410549 3.280826
v -0.090567 -0.204979 0.478742
vn -4.763772 -2.109469 3.467407
v -0.084528 -0.218782 0.476022
vn -4.262259 -3.079312 3.354836
v -0.093270 -0.208960 0.471617
vn -1.948523 -3.108446 5.049303
v -0.079509 -0.195070 0.503544
vn -2.480221 -4.190045 3.933548
v -0.079354 -0.197256 0.501756
vn -1.616652 -4.396860 4.069054
v -0.086563 -0.193789 0.502053
vn -2.082992 -5.149768 2.918961
v -0.086753 -0.195134 0.499767
vn -2.924364 -4.646622 3.035403
v -0.079192 -0.199659 0.498628
vn -2.327597 -5.174938 2.663015
v -0.087151 -0.196719 0.496293
vn -1.143142 -2.259198 5.691209
v -0.079124 -0.190891 0.505174
vn -1.511009 -2.023759 5.737804
v -0.079328 -0.192819 0.504534
vn -0.838457 -3.194238 5.306235
v -0.085699 -0.190361 0.504391
vn -1.095343 -3.230153 5.260247
v -0.086126 -0.192029 0.503466
vn -0.683461 -4.022787 4.404432
v -0.079173 -0.189523 0.505863
vn 0.049982 -5.837152 0.982256
v -0.079755 -0.188921 0.506846
vn -0.740574 -4.702288 3.706642
v -0.085547 -0.189261 0.505219
vn -0.664151 -6.049752 0.342851
v -0.085689 -0.188850 0.506335
vn -3.254210 -4.035443 3.309408
v -0.079208 -0.202599 0.493564
vn -2.652554 -4.979085 2.706623
v -0.087924 -0.199028 0.491241
vn -3.605671 -4.557711 2.199005
v -0.099512 -0.197240 0.478366
vn -3.097983 -5.290070 1.358367
v -0.098416 -0.196121 0.485203
vn -3.691045 -4.996161 0.911452
v -0.109392 -0.189940 0.480488
vn -3.479342 -5.098536 0.963492
v -0.107898 -0.190147 0.487044
vn -3.999660 -4.488013 1.709584
v -0.111207 -0.190112 0.473114
vn -4.014670 -3.842939 2.902165
v -0.102171 -0.199552 0.471187
vn -1.504897 -4.725484 3.651666
v -0.093762 -0.191551 0.502186
vn -2.008945 -5.405692 2.471277
v -0.094574 -0.192482 0.499786
vn -1.766583 -4.757309 3.505703
v -0.100295 -0.188598 0.503198
vn -2.461684 -5.234884 2.368097
v -0.101763 -0.189190 0.500853
vn -2.201505 -5.407590 2.318358
v -0.095693 -0.193459 0.496270
vn -2.807394 -5.238851 1.989984
v -0.103665 -0.189568 0.497441
vn -0.763328 -3.668831 4.997673
v -0.092264 -0.188540 0.504673
vn -0.859863 -3.659264 5.008130
v -0.092969 -0.190018 0.503699
vn -0.773181 -3.908398 4.810397
v -0.098322 -0.186127 0.505604
vn -0.889023 -3.909096 4.803582
v -0.099221 -0.187356 0.504679
vn -1.694884 -5.938867 -0.186588
v -0.091401 -0.187686 0.506503
vn -1.306074 -5.030341 2.961592
v -0.091744 -0.187783 0.505462
vn -2.436647 -5.686566 -0.230722
v -0.096669 -0.185801 0.507150
vn -1.674570 -5.027093 2.836911
v -0.097455 -0.185642 0.506290
vn -2.600893 -5.339264 1.980553
v -0.097261 -0.194985 0.491397
vn -3.161358 -5.171747 1.580349
v -0.105854 -0.189966 0.492742
vn -4.192708 -4.521260 1.026060
v -0.115844 -0.183297 0.489641
vn -4.421121 -4.355597 0.822225
v -0.118538 -0.181810 0.483651
vn -4.652277 -4.122512 0.892039
v -0.122112 -0.175487 0.493156
vn -4.909601 -3.843950 0.755096
v -0.125812 -0.172094 0.487959
vn -4.578321 -4.196756 0.839056
v -0.120916 -0.180574 0.476494
vn -5.117905 -3.555844 0.744815
v -0.128875 -0.169323 0.481235
vn -2.402329 -4.810588 3.132925
v -0.105460 -0.185309 0.504576
vn -3.054645 -4.958857 2.321869
v -0.107371 -0.185338 0.502360
vn -2.945735 -4.762175 2.818691
v -0.109470 -0.181910 0.506335
vn -3.293071 -4.845460 2.246071
v -0.111689 -0.181441 0.504424
vn -3.400889 -4.898807 1.933895
v -0.109962 -0.185015 0.499171
vn -3.739228 -4.778230 1.604820
v -0.114725 -0.180303 0.501623
vn -0.806315 -4.068797 4.714187
v -0.103387 -0.183815 0.506785
vn -1.327011 -4.319781 4.302104
v -0.104286 -0.184639 0.505957
vn -1.108988 -4.204583 4.496416
v -0.107381 -0.181489 0.508204
vn -2.129643 -4.584115 3.635121
v -0.108222 -0.181855 0.507509
vn -2.751943 -5.424448 0.669979
v -0.101275 -0.183563 0.508085
vn -1.570144 -4.762506 3.548052
v -0.102387 -0.183401 0.507363
vn -2.808190 -5.068244 1.783683
v -0.105214 -0.181169 0.509259
vn -1.319938 -4.379465 4.218138
v -0.106446 -0.181079 0.508686
vn -3.825102 -4.715406 1.497403
v -0.112937 -0.184400 0.494867
vn -4.263338 -4.464391 1.146476
v -0.118309 -0.178268 0.497781
vn -4.928788 -3.848712 0.585680
v -0.127481 -0.168136 0.498149
vn -5.238476 -3.422046 0.523159
v -0.131556 -0.163045 0.494230
vn -5.517450 -2.930023 0.492481
v -0.134965 -0.158511 0.488014
vn -2.549636 -5.028728 2.751552
v -0.112623 -0.178650 0.508447
vn -2.832926 -5.197702 2.022450
v -0.115230 -0.178090 0.507127
vn -3.791603 -4.875930 1.016462
v -0.118807 -0.176412 0.504977
vn -1.230052 -4.560884 4.053752
v -0.110162 -0.178977 0.509831
vn -2.358987 -4.892550 3.140749
v -0.111077 -0.178964 0.509297
vn -2.791409 -4.783143 2.244545
v -0.108377 -0.178676 0.510636
vn -0.955008 -4.410302 4.224995
v -0.109438 -0.178605 0.510226
vn -4.604706 -4.206264 0.680055
v -0.123154 -0.172825 0.501723
vn -3.372370 -4.842067 -1.623023
v -0.108328 -0.179093 0.516872
vn -3.517936 -4.868739 -1.481094
v -0.106773 -0.180927 0.518919
vn -3.442357 -4.922444 -1.154889
v -0.109208 -0.177929 0.515054
vn -4.331444 -4.512992 -0.583414
v -0.107057 -0.180128 0.515420
vn -4.286139 -4.541442 -0.689544
v -0.106485 -0.180930 0.517140
vn -4.228896 -4.604622 -0.619372
v -0.105777 -0.181800 0.518579
vn 1.444170 -6.044977 -0.865780
v -0.069267 -0.188207 0.513829
vn 1.392123 -6.048729 -0.862077
v -0.070117 -0.188119 0.511949
vn 1.547251 -6.026855 -0.815257
v -0.069509 -0.188540 0.515766
vn 1.704435 -5.943429 -1.085845
v -0.072410 -0.189128 0.513528
vn 1.786209 -5.957399 -0.861810
v -0.072488 -0.189475 0.515556
vn 1.656276 -5.903222 -1.364274
v -0.072520 -0.188866 0.512160
vn -3.452826 -5.187837 -0.706152
v -0.101385 -0.185911 0.523431
vn -3.672008 -4.933617 -1.077621
v -0.104519 -0.183246 0.521170
vn -4.046982 -4.767201 -0.512212
v -0.103978 -0.183598 0.519760
vn -3.642160 -5.088652 -0.370669
v -0.101110 -0.186014 0.521319
vn -1.852914 -5.937729 -0.688147
v -0.092355 -0.191056 0.526846
vn -2.913027 -5.521485 -0.637184
v -0.097177 -0.188776 0.525478
vn -3.035367 -5.462836 -0.402697
v -0.097384 -0.188504 0.522671
vn -2.091823 -5.864337 -0.489089
v -0.093183 -0.190539 0.523550
vn 0.039957 -6.247048 -0.590552
v -0.082785 -0.192013 0.526393
vn -0.649513 -6.206960 -0.657608
v -0.087374 -0.191962 0.527069
vn -1.004652 -6.165531 -0.473050
v -0.088891 -0.191577 0.523702
vn -0.235123 -6.255300 -0.384679
v -0.084787 -0.191916 0.523253
vn 1.159550 -6.143013 -0.579012
v -0.076126 -0.191185 0.523324
vn 0.549850 -6.229039 -0.546518
v -0.079131 -0.191748 0.525064
vn 0.335602 -6.248496 -0.366339
v -0.081146 -0.191848 0.522325
vn 0.960957 -6.176532 -0.442112
v -0.077963 -0.191447 0.521121
vn 1.606628 -6.030234 -0.677509
v -0.073503 -0.190361 0.521403
vn 1.533125 -6.056759 -0.519877
v -0.075246 -0.190781 0.519854
vn 1.865261 -5.976954 -0.510358
v -0.073232 -0.190076 0.518913
vn 1.704635 -5.991136 -0.731708
v -0.071456 -0.189529 0.519449
vn 1.296511 -6.020657 -1.193849
v -0.075722 -0.189905 0.513078
vn 1.335830 -6.052574 -0.978177
v -0.075625 -0.190299 0.515455
vn 0.710972 -6.155302 -0.964130
v -0.079027 -0.190898 0.515501
vn 0.731291 -6.102471 -1.211708
v -0.079224 -0.190461 0.512745
vn 0.874603 -5.917492 -1.820185
v -0.078639 -0.189840 0.510465
vn 1.391103 -5.888323 -1.619704
v -0.075065 -0.189335 0.511177
vn 0.020158 -6.207202 -0.892590
v -0.082824 -0.191156 0.515724
vn -0.706757 -6.166224 -0.884164
v -0.086799 -0.190985 0.516005
vn -0.825773 -6.087617 -1.170506
v -0.086909 -0.190513 0.512991
vn 0.002729 -6.153141 -1.141837
v -0.082960 -0.190720 0.512790
vn -0.825392 -5.947782 -1.686417
v -0.086624 -0.189976 0.510413
vn 0.123634 -5.971191 -1.801885
v -0.082475 -0.190157 0.510307
vn -1.631896 -5.907579 -1.282131
v -0.091048 -0.189665 0.513123
vn -1.515475 -6.005764 -0.951931
v -0.090741 -0.190306 0.516228
vn -2.329860 -5.735818 -0.943933
v -0.094538 -0.189112 0.516429
vn -2.395549 -5.650180 -1.239323
v -0.095017 -0.188330 0.513324
vn -1.669260 -5.791217 -1.684540
v -0.091139 -0.188983 0.510491
vn -2.434191 -5.523084 -1.643406
v -0.095466 -0.187476 0.510698
vn -3.092493 -5.337847 -1.093950
v -0.098455 -0.186677 0.513712
vn -3.067401 -5.399194 -0.845237
v -0.098083 -0.187408 0.516632
vn -3.672611 -5.024776 -0.781556
v -0.101372 -0.185248 0.516594
vn -3.652893 -5.013129 -0.933327
v -0.101530 -0.184694 0.514010
vn -3.119840 -5.228393 -1.456336
v -0.099040 -0.185742 0.511183
vn -3.637114 -4.970284 -1.183022
v -0.102093 -0.183812 0.511736
vn -4.033297 -4.753896 -0.732919
v -0.104418 -0.182376 0.513945
vn -4.093705 -4.710071 -0.704839
v -0.104399 -0.182693 0.516060
vn -4.287448 -4.552917 -0.560166
v -0.107073 -0.179940 0.513719
vn -4.014130 -4.737505 -0.907391
v -0.104871 -0.181696 0.512156
vn -4.217775 -4.604230 -0.698731
v -0.106863 -0.179960 0.512648
vn 1.638363 -6.009443 -0.755157
v -0.070182 -0.188954 0.517606
vn 1.817358 -5.969669 -0.665727
v -0.072915 -0.189859 0.517451
vn -3.832741 -4.896177 -0.414719
v -0.109399 -0.177625 0.513525
vn -4.093391 -4.730907 0.063274
v -0.108600 -0.178297 0.512254
vn 0.745442 -6.176697 -0.753677
v -0.078768 -0.191289 0.518402
vn 1.362189 -6.071003 -0.765746
v -0.075709 -0.190674 0.517790
vn 0.092848 -6.230691 -0.703739
v -0.082297 -0.191590 0.519052
vn -0.540402 -6.210374 -0.685993
v -0.086110 -0.191512 0.519605
vn -1.303883 -6.086488 -0.727039
v -0.090017 -0.190985 0.519922
vn -2.222322 -5.806373 -0.718180
v -0.093917 -0.189869 0.519957
vn -3.028886 -5.449750 -0.631585
v -0.097704 -0.188032 0.519669
vn -3.632539 -5.075168 -0.618792
v -0.101168 -0.185739 0.519032
vn -4.062241 -4.738336 -0.690903
v -0.104092 -0.183259 0.518026
vn 0.988993 -5.995944 -1.536417
v -0.076553 -0.188925 0.508994
vn 1.308981 -6.023454 -1.110265
v -0.072717 -0.188440 0.510271
vn -0.706084 -5.956199 -1.816607
v -0.086129 -0.189251 0.508127
vn 0.339988 -5.990759 -1.837826
v -0.081133 -0.189345 0.508331
vn -1.683657 -5.778767 -1.767498
v -0.091226 -0.188204 0.508230
vn -2.510267 -5.489942 -1.714126
v -0.096006 -0.186519 0.508631
vn -3.168879 -5.243286 -1.367665
v -0.100062 -0.184520 0.509333
vn -3.628675 -5.056606 -0.783081
v -0.103529 -0.182347 0.510216
vn -3.985910 -4.827575 -0.184552
v -0.106508 -0.180079 0.511167
vn -3.611431 -2.417269 4.479322
v -0.050974 -0.320948 0.471035
vn -2.828643 -2.392725 5.025233
v -0.043394 -0.321482 0.475908
vn -2.842444 -1.941456 5.203614
v -0.045299 -0.310702 0.479443
vn -3.730832 -1.936589 4.626028
v -0.052811 -0.310450 0.474434
vn -4.330868 -1.931820 4.104103
v -0.059732 -0.310848 0.467597
vn -4.216292 -2.445208 3.903091
v -0.058034 -0.320980 0.464324
vn -3.897629 -1.809252 4.513967
v -0.048491 -0.332080 0.466080
vn -4.587863 -1.904139 3.702701
v -0.055124 -0.331226 0.459392
vn -3.066133 -1.777719 5.149187
v -0.041220 -0.333137 0.471096
vn -2.875515 -1.860472 5.252820
v -0.046385 -0.300149 0.482251
vn -2.767494 -2.492425 5.042801
v -0.046916 -0.290010 0.485743
vn -3.488087 -2.365028 4.644283
v -0.054852 -0.290104 0.480721
vn -3.679003 -1.846809 4.730399
v -0.054079 -0.300111 0.477215
vn -4.165132 -2.192049 4.151555
v -0.062281 -0.290305 0.474207
vn -4.292760 -1.866737 4.182938
v -0.061197 -0.300479 0.470553
vn -2.588620 -3.136842 4.781164
v -0.047284 -0.280518 0.491384
vn -2.576572 -3.249703 4.692612
v -0.047365 -0.271168 0.498001
vn -3.424891 -2.866418 4.369984
v -0.055289 -0.271304 0.492787
vn -3.348575 -2.902640 4.432259
v -0.055302 -0.280622 0.486338
vn -4.211543 -2.402090 3.938280
v -0.062989 -0.271278 0.485747
vn -4.108662 -2.559097 3.984382
v -0.062840 -0.280690 0.479586
vn -2.743335 -3.146572 4.654250
v -0.047281 -0.261595 0.504676
vn -3.094553 -3.163169 4.415350
v -0.047401 -0.251735 0.511274
vn -3.951392 -2.435315 4.179112
v -0.054891 -0.252430 0.504789
vn -3.653126 -2.664698 4.310297
v -0.054952 -0.261925 0.499029
vn -4.619498 -1.846585 3.789055
v -0.062498 -0.251893 0.496814
vn -4.422007 -2.110910 3.891803
v -0.062617 -0.261570 0.491565
vn -1.880715 -3.931654 4.477362
v -0.039370 -0.249419 0.517551
vn -1.744085 -3.493248 4.891736
v -0.039018 -0.259839 0.509731
vn -1.764029 -3.437261 4.939156
v -0.038736 -0.270046 0.502584
vn -1.908096 -3.236419 5.029315
v -0.038371 -0.279787 0.495892
vn -2.128733 -2.616585 5.287427
v -0.037892 -0.289606 0.490265
vn -2.172896 -1.982412 5.544785
v -0.037317 -0.300117 0.486390
vn -2.092728 -1.983403 5.565376
v -0.036376 -0.311100 0.483130
vn -2.110620 -2.304354 5.430161
v -0.034940 -0.322378 0.479311
vn -2.184567 -1.767583 5.591851
v -0.033413 -0.334541 0.474392
vn -2.425172 -4.241537 3.755580
v -0.040677 -0.239972 0.527279
vn -3.844772 -3.141888 3.719215
v -0.048471 -0.242100 0.518195
vn -4.522875 -1.992322 3.795135
v -0.055483 -0.242844 0.509679
vn -4.861491 -1.306943 3.707045
v -0.062669 -0.242443 0.500701
vn -4.722550 -1.969282 3.626688
v -0.066893 -0.312413 0.458418
vn -4.493122 -2.722782 3.342711
v -0.064939 -0.321815 0.455401
vn -5.061805 -1.964843 3.137559
v -0.073545 -0.314279 0.447733
vn -4.547675 -2.978454 2.880582
v -0.071475 -0.323325 0.445084
vn -4.808083 -2.172327 3.006160
v -0.060939 -0.330582 0.450608
vn -4.605546 -2.727316 2.784287
v -0.066738 -0.330903 0.440365
vn -4.661966 -1.976960 3.709572
v -0.069881 -0.291100 0.465326
vn -4.710578 -1.853292 3.711786
v -0.068578 -0.301773 0.461555
vn -5.055435 -1.805507 3.250153
v -0.077012 -0.292417 0.454748
vn -5.077791 -1.831117 3.199295
v -0.075476 -0.303442 0.450980
vn -4.777134 -2.021235 3.504120
v -0.070867 -0.271915 0.475656
vn -4.667483 -2.169403 3.589331
v -0.070476 -0.281446 0.470123
vn -5.113459 -1.756998 3.183775
v -0.078461 -0.272947 0.463509
vn -5.058256 -1.838572 3.229711
v -0.077792 -0.282747 0.458913
vn -5.061237 -1.427020 3.420938
v -0.070635 -0.250570 0.486057
vn -4.935272 -1.647763 3.492930
v -0.070855 -0.261311 0.481102
vn -5.238841 -1.235101 3.239542
v -0.080667 -0.246440 0.471591
vn -5.195349 -1.447376 3.212737
v -0.079118 -0.261308 0.468240
vn -5.135688 -1.083017 3.429021
v -0.070431 -0.240845 0.490106
vn -5.209708 -1.026272 3.356323
v -0.078374 -0.235726 0.478952
vn -4.926039 -1.722694 3.447599
v -0.087032 -0.225124 0.469052
vn -4.464352 -2.822001 3.335983
v -0.096909 -0.213042 0.463383
vn -5.098135 -1.661458 3.244743
v -0.090893 -0.230441 0.460860
vn -4.791730 -2.713382 2.992504
v -0.101081 -0.216599 0.454689
vn -4.351431 -3.864905 2.343241
v -0.114434 -0.191518 0.465074
vn -4.281382 -3.536217 2.930668
v -0.106016 -0.202207 0.462969
vn -4.786945 -3.540013 1.875273
v -0.117824 -0.192802 0.456465
vn -4.734144 -3.319791 2.439367
v -0.109793 -0.204267 0.454217
vn -5.234820 -3.339989 0.747030
v -0.131032 -0.168598 0.472005
vn -4.771424 -3.862385 1.275224
v -0.122989 -0.180351 0.467726
vn -5.446678 -3.044916 0.599685
v -0.132267 -0.168492 0.461313
vn -5.133552 -3.339186 1.272879
v -0.125411 -0.180885 0.458441
vn -5.873257 -2.148828 0.424639
v -0.141643 -0.144304 0.482655
vn -5.640532 -2.683973 0.508414
v -0.136941 -0.156347 0.478211
vn -5.916653 -2.080948 0.352025
v -0.142351 -0.143518 0.469191
vn -5.731854 -2.494691 0.434549
v -0.138153 -0.156011 0.466161
vn -5.316130 -1.911192 2.740543
v -0.079208 -0.315686 0.436472
vn -4.910704 -2.461885 2.946472
v -0.077003 -0.324997 0.433907
vn -5.532423 -1.780911 2.353805
v -0.084386 -0.317339 0.424648
vn -5.361371 -2.145103 2.422644
v -0.082148 -0.327035 0.422102
vn -4.201152 -3.031710 3.276260
v -0.074690 -0.332355 0.431569
vn -4.902219 -2.975132 2.429432
v -0.078882 -0.336462 0.419703
vn -5.356391 -1.733168 2.775603
v -0.083135 -0.294147 0.443092
vn -5.353459 -1.807904 2.740028
v -0.081285 -0.304971 0.439589
vn -5.640223 -1.615967 2.203065
v -0.088367 -0.296074 0.430653
vn -5.602335 -1.674499 2.269758
v -0.086411 -0.306766 0.427516
vn -5.366060 -1.640746 2.815471
v -0.085583 -0.274079 0.450362
vn -5.359287 -1.669753 2.810707
v -0.084334 -0.284322 0.446704
vn -5.663456 -1.543517 2.196185
v -0.091734 -0.274920 0.436873
vn -5.663610 -1.537958 2.195840
v -0.089959 -0.285838 0.433897
vn -5.381522 -1.332384 2.946518
v -0.090469 -0.247941 0.454570
vn -5.382845 -1.464689 2.872494
v -0.087355 -0.261880 0.453881
vn -5.653494 -1.511745 2.229143
v -0.094334 -0.262220 0.439227
vn -5.648161 -1.462861 2.266402
v -0.097782 -0.248158 0.439913
vn -1.408481 -1.571981 5.881920
v -0.025066 -0.351701 0.473551
vn -0.799743 -1.740600 5.946996
v -0.015690 -0.353535 0.474799
vn -1.336582 -2.559661 5.522850
v -0.024717 -0.365802 0.468716
vn -0.731253 -2.711552 5.563588
v -0.015470 -0.367836 0.469479
vn -3.134984 -1.317267 5.212071
v -0.041692 -0.348018 0.468121
vn -2.163795 -1.428517 5.664052
v -0.033701 -0.349790 0.471526
vn -3.223174 -2.111806 4.840818
v -0.041453 -0.361607 0.463874
vn -2.130169 -2.338373 5.347493
v -0.033420 -0.363693 0.467037
vn -4.031966 -1.215657 4.569234
v -0.049238 -0.346669 0.462985
vn -4.901488 -1.144538 3.595323
v -0.055978 -0.345505 0.456099
vn -4.260736 -2.088779 3.960108
v -0.048701 -0.359651 0.458664
vn -5.094282 -2.260535 2.684900
v -0.054661 -0.357642 0.451520
vn -5.477054 -1.342427 2.564487
v -0.061372 -0.344211 0.447290
vn -5.754513 -1.786573 1.633036
v -0.064632 -0.343415 0.438506
vn -5.478869 -2.515731 1.567545
v -0.058930 -0.355472 0.442594
vn -5.546033 -2.784214 0.361355
v -0.061411 -0.353477 0.433988
vn -3.635576 -3.810186 3.333213
v -0.072223 -0.337054 0.429133
vn -4.030567 -3.667870 2.940624
v -0.074176 -0.340295 0.423044
vn -3.498652 -4.082022 3.219040
v -0.069548 -0.341061 0.426533
vn -3.295548 -4.164618 3.350348
v -0.070974 -0.342490 0.423519
vn -4.536036 -3.161444 2.405419
v -0.067549 -0.340844 0.429023
vn -4.537734 -2.759208 2.713628
v -0.067714 -0.337086 0.432917
vn -4.376042 -3.926257 2.106697
v -0.075605 -0.344722 0.413490
vn -3.828556 -4.574005 1.805926
v -0.070783 -0.351200 0.409687
vn -3.335613 -4.625832 2.516214
v -0.067601 -0.351336 0.414696
vn -3.763924 -4.217519 2.668246
v -0.071954 -0.345544 0.418364
vn -3.210114 -4.337076 3.196634
v -0.068510 -0.346359 0.421074
vn -2.874392 -4.672136 3.038710
v -0.064402 -0.351375 0.417892
vn -4.974653 -3.543798 1.005783
v -0.065405 -0.345463 0.426840
vn -4.631059 -3.965017 -0.139730
v -0.061324 -0.350783 0.423597
vn -5.315438 -3.124275 -0.917340
v -0.061854 -0.351957 0.427875
vn -5.706618 -2.363734 0.785681
v -0.065764 -0.344412 0.431856
vn -3.416695 -4.660397 2.253702
v -0.062223 -0.350854 0.420544
vn -3.677465 -4.308564 2.573863
v -0.066178 -0.346100 0.423538
vn -1.291609 -3.715691 4.826322
v -0.023611 -0.376057 0.462868
vn -0.734199 -3.903856 4.728778
v -0.014885 -0.378004 0.463434
vn -1.152461 -5.257914 2.303208
v -0.022129 -0.382927 0.456403
vn -0.496857 -5.419987 2.005633
v -0.014080 -0.384266 0.456481
vn -3.124244 -3.192190 4.206449
v -0.039843 -0.371526 0.459456
vn -1.974006 -3.474293 4.731768
v -0.032022 -0.373946 0.461843
vn -2.716458 -4.614635 2.323487
v -0.037320 -0.378273 0.454803
vn -1.754686 -4.967686 2.565681
v -0.029998 -0.380837 0.456232
vn -5.026109 -2.981434 1.806120
v -0.052171 -0.365980 0.448082
vn -4.268441 -3.011221 3.163163
v -0.046760 -0.368865 0.454851
vn -4.186414 -4.259459 0.453824
v -0.048681 -0.371847 0.445126
vn -3.656279 -4.386674 1.517782
v -0.043736 -0.375175 0.451080
vn -5.192218 -3.304188 0.522839
v -0.055654 -0.363053 0.439285
vn -4.971393 -3.565824 -0.934482
v -0.057355 -0.360032 0.430796
vn -4.068167 -4.175036 -1.777682
v -0.052976 -0.364887 0.428865
vn -4.246120 -4.274586 -0.647549
v -0.051676 -0.368493 0.436976
vn -4.680014 -3.601719 -2.043183
v -0.057530 -0.357038 0.425000
vn -4.158324 -4.354136 -0.725799
v -0.057313 -0.354722 0.421100
vn -3.673887 -4.649408 -1.259624
v -0.053005 -0.358082 0.419091
vn -3.968803 -3.947824 -2.684938
v -0.053135 -0.361135 0.423076
vn -3.097042 -4.950905 2.000821
v -0.058355 -0.354444 0.418221
vn -2.617346 -4.933891 2.838392
v -0.060337 -0.355252 0.415385
vn -2.722927 -5.260424 1.703565
v -0.054063 -0.357652 0.416197
vn -2.288850 -5.243959 2.522170
v -0.055748 -0.358668 0.413173
vn -2.922219 -5.074605 2.177957
v -0.062802 -0.355925 0.411469
vn -3.197327 -5.156173 1.458361
v -0.065108 -0.356485 0.406038
vn -2.524504 -5.471310 1.708374
v -0.057368 -0.359686 0.408610
vn -2.595426 -5.598783 1.105496
v -0.058723 -0.360479 0.402804
vn -0.942196 -6.080793 -0.702958
v -0.020147 -0.383616 0.448522
vn -0.389620 -6.178053 -0.697011
v -0.013087 -0.384240 0.447930
vn -1.188514 -5.903345 -1.726422
v -0.018219 -0.381963 0.440847
vn -0.732164 -6.079482 -1.339473
v -0.012158 -0.382636 0.439673
vn -2.005365 -5.727551 -0.468452
v -0.033465 -0.380624 0.449107
vn -1.446116 -5.945514 -0.527468
v -0.027052 -0.382425 0.449360
vn -1.719376 -5.418314 -2.514983
v -0.029348 -0.379925 0.443218
vn -1.522662 -5.708033 -2.060618
v -0.024018 -0.381151 0.442451
vn -2.664268 -5.424563 -1.154217
v -0.043284 -0.375039 0.441769
vn -2.491769 -5.516179 -0.822006
v -0.039015 -0.378033 0.446510
vn -0.963468 -5.816629 -2.093300
v -0.037575 -0.375427 0.438406
vn -1.209890 -5.327478 -2.866054
v -0.033979 -0.377969 0.441798
vn -2.874152 -4.970604 -2.366261
v -0.047097 -0.368467 0.427788
vn -2.869967 -5.264864 -1.615706
v -0.045829 -0.371911 0.434994
vn -1.917930 -5.361279 -2.544641
v -0.041469 -0.370640 0.427070
vn -1.460226 -5.727921 -1.917900
v -0.040040 -0.373535 0.433079
vn -2.931577 -5.100542 -1.513567
v -0.047627 -0.361161 0.417164
vn -2.966068 -4.598769 -3.032050
v -0.047533 -0.364528 0.421753
vn -2.027568 -5.468666 -1.994128
v -0.042553 -0.363448 0.416207
vn -2.072116 -4.966222 -3.183242
v -0.042239 -0.366944 0.421155
vn -2.223186 -5.519056 1.581485
v -0.048571 -0.360818 0.413988
vn -1.979980 -5.471355 2.247777
v -0.049943 -0.362054 0.410806
vn -1.392725 -5.811158 1.380805
v -0.043177 -0.363034 0.412778
vn -1.136911 -5.607560 2.181370
v -0.042963 -0.365078 0.409108
vn -2.217391 -5.710033 1.341807
v -0.051152 -0.362975 0.406016
vn -2.214299 -5.806073 0.893607
v -0.052077 -0.363655 0.400220
vn -1.667567 -5.934229 1.006562
v -0.044639 -0.365776 0.403859
vn -1.634843 -6.023165 0.622409
v -0.045425 -0.366155 0.398267
vn -1.972029 -5.450783 -2.226192
v -0.016450 -0.380155 0.433755
vn -1.231968 -5.853069 -1.733965
v -0.011253 -0.381015 0.431976
vn -3.165004 -4.855045 -2.192800
v -0.015357 -0.377425 0.426844
vn -1.559150 -5.788635 -1.759692
v -0.010525 -0.378836 0.424871
vn -2.498259 -4.230095 -3.590135
v -0.026317 -0.378286 0.438134
vn -2.336277 -4.898170 -2.928864
v -0.021563 -0.379317 0.436307
vn -3.524065 -2.577277 -4.382257
v -0.024445 -0.375297 0.434641
vn -3.547681 -3.882758 -3.303182
v -0.020266 -0.376688 0.431714
vn -0.595327 -4.550887 -3.941183
v -0.030548 -0.375436 0.438344
vn 0.829227 -5.697314 -2.088511
v -0.033843 -0.374725 0.435353
vn 0.015024 -3.400248 -4.285736
v -0.028423 -0.372500 0.435999
vn 2.951648 -4.315965 -2.996336
v -0.031534 -0.372739 0.432862
vn 0.327443 -5.552689 -2.278863
v -0.036182 -0.373515 0.431041
vn -0.101279 -5.343923 -2.798339
v -0.037769 -0.371242 0.426168
vn 3.114551 -4.095625 -3.095223
v -0.033756 -0.371708 0.429295
vn 2.858718 -4.225080 -2.994377
v -0.035331 -0.370107 0.425294
vn -0.328525 -6.142658 -0.564578
v -0.039244 -0.363606 0.413755
vn -0.321969 -5.734447 2.299539
v -0.038009 -0.363981 0.411339
vn 0.238238 -5.925546 1.809989
v -0.035771 -0.363528 0.412859
vn 1.394714 -5.893414 -0.826873
v -0.036275 -0.363347 0.415042
vn -0.272497 -5.317707 -3.144544
v -0.039218 -0.364977 0.417031
vn 2.357717 -4.734718 -3.207664
v -0.036819 -0.365171 0.418089
vn -1.274324 -6.082716 0.845802
v -0.038196 -0.367358 0.402290
vn -1.230129 -6.145721 0.438142
v -0.038834 -0.367636 0.396886
vn -1.393478 -6.091205 0.594636
v -0.032271 -0.368716 0.401184
vn -1.023521 -6.193420 0.099429
v -0.032566 -0.368887 0.395977
vn -1.626884 -5.735956 1.852644
v -0.031573 -0.368085 0.405867
vn -0.934248 -5.732452 2.190859
v -0.036851 -0.366669 0.406905
vn -0.730328 -5.804361 -2.227331
v -0.010402 -0.374803 0.412297
vn -2.719827 -5.309243 -1.159796
v -0.014629 -0.374851 0.415301
vn -1.660065 -5.776653 -1.437925
v -0.015102 -0.373577 0.411084
vn -0.055924 -5.875585 -2.177715
v -0.010826 -0.372464 0.406983
vn -0.991246 -6.048907 -1.144332
v -0.016489 -0.372471 0.407866
vn 0.668777 -5.922333 -1.844234
v -0.012579 -0.371361 0.402798
vn 0.012637 -6.067984 -1.478375
v -0.016411 -0.371070 0.400689
vn -1.140843 -6.121784 -0.615439
v -0.019270 -0.371704 0.405912
vn -0.525263 -6.170403 -0.976064
v -0.021550 -0.370608 0.400224
vn -1.495733 -6.072793 -0.000780
v -0.022983 -0.370841 0.405091
vn 0.224203 -6.073443 -1.570196
v -0.019998 -0.369502 0.395227
vn 1.142647 -5.781868 -1.996746
v -0.013649 -0.369305 0.395689
vn -1.086861 -6.155470 -0.134113
v -0.026835 -0.370039 0.400427
vn -1.827135 -5.907122 0.965183
v -0.027071 -0.369667 0.405149
vn -0.327062 -6.219185 -0.729944
v -0.026337 -0.369609 0.395366
vn -3.308117 -4.985600 -1.298602
v -0.014367 -0.376064 0.420285
vn -1.214240 -5.836856 -1.830296
v -0.010322 -0.376950 0.418267
vn -5.805156 -1.549850 1.768250
v -0.088426 -0.319557 0.412041
vn -5.605043 -2.034380 1.842791
v -0.086378 -0.329205 0.409674
vn -6.011460 -1.333909 1.169687
v -0.091327 -0.320764 0.398910
vn -5.802888 -2.005947 1.029135
v -0.089363 -0.330295 0.396763
vn -5.156568 -2.995268 1.728515
v -0.083387 -0.337795 0.407277
vn -5.259242 -3.138006 0.696582
v -0.086094 -0.338606 0.394806
vn -5.939148 -1.344952 1.468066
v -0.092106 -0.297763 0.417636
vn -5.889620 -1.394211 1.622100
v -0.090282 -0.308875 0.414699
vn -6.128534 -1.027512 0.892959
v -0.094435 -0.298299 0.403875
vn -6.086485 -1.079302 1.076498
v -0.092950 -0.309910 0.401233
vn -5.969902 -1.378715 1.316942
v -0.095757 -0.274862 0.423616
vn -5.968224 -1.310686 1.384436
v -0.093791 -0.286695 0.420802
vn -6.137096 -1.161787 0.647493
v -0.097889 -0.273875 0.410016
vn -6.141663 -1.061734 0.759433
v -0.096000 -0.286492 0.407022
vn -5.953002 -1.488928 1.242944
v -0.098632 -0.261515 0.425543
vn -5.958538 -1.496394 1.179650
v -0.102119 -0.247165 0.426329
vn -6.114978 -1.347638 0.471518
v -0.100544 -0.259917 0.412245
vn -6.109567 -1.415696 0.312320
v -0.103752 -0.245312 0.413574
vn -4.581138 -3.996163 1.393957
v -0.078723 -0.345256 0.404551
vn -4.594423 -4.177452 0.387920
v -0.080638 -0.345793 0.393066
vn -4.045928 -4.656353 1.014394
v -0.072966 -0.351672 0.401650
vn -4.067245 -4.750500 0.173101
v -0.074060 -0.352005 0.391394
vn -3.355266 -5.188704 0.741389
v -0.066670 -0.357131 0.398723
vn -3.402882 -5.227432 -0.039200
v -0.067303 -0.357261 0.389658
vn -2.694363 -5.626201 0.545477
v -0.059687 -0.361077 0.396100
vn -2.792139 -5.597864 -0.182775
v -0.060078 -0.361184 0.388125
vn -2.220467 -5.831673 0.470429
v -0.052685 -0.364305 0.394053
vn -2.211390 -5.818025 -0.348955
v -0.052815 -0.364460 0.387002
vn -1.558640 -6.054070 0.291706
v -0.045787 -0.366607 0.392552
vn -1.456066 -6.020368 -0.607345
v -0.045641 -0.366649 0.386304
vn -1.085122 -6.178267 0.098423
v -0.039018 -0.367969 0.391472
vn -0.914827 -6.112748 -0.845038
v -0.038714 -0.367859 0.385851
vn -0.559636 -6.232662 -0.249533
v -0.032449 -0.368942 0.390877
vn -0.089346 -6.076788 -1.140468
v -0.031984 -0.368642 0.385838
vn 0.799953 -5.958211 -1.812090
v -0.019070 -0.368289 0.391362
vn 1.615328 -5.606761 -2.194457
v -0.012511 -0.367768 0.392403
vn 1.820546 -5.441967 -2.316808
v -0.012133 -0.366620 0.389619
vn 1.216043 -5.804991 -2.059262
v -0.018455 -0.367131 0.387944
vn 0.345618 -6.179545 -1.017422
v -0.025787 -0.368971 0.390838
vn 0.905025 -5.971341 -1.630149
v -0.025176 -0.368105 0.386637
vn -4.919781 -1.616207 -3.451184
v -0.020710 -0.373389 0.429677
vn -3.491998 -1.218591 -4.742093
v -0.023876 -0.371245 0.433432
vn -4.784717 -1.422482 -3.422040
v -0.021563 -0.368642 0.430343
vn -2.630197 -2.257347 -4.711740
v -0.023908 -0.368296 0.432584
vn -5.694050 -1.507895 -1.985932
v -0.019649 -0.369146 0.426371
vn -5.006300 -2.851999 -2.316815
v -0.018015 -0.373732 0.425689
vn -5.231843 -3.242436 -0.999337
v -0.017016 -0.373250 0.421326
vn -5.853603 -2.106703 -0.826962
v -0.018973 -0.369010 0.422364
vn -5.634053 -2.604466 0.337654
v -0.018759 -0.368619 0.418784
vn -5.091518 -3.536379 0.100081
v -0.017181 -0.372565 0.417216
vn -2.390928 -5.560024 0.932099
v -0.020926 -0.371361 0.409337
vn -2.883594 -5.304494 0.634092
v -0.018782 -0.372128 0.411178
vn -3.155821 -4.407383 3.097009
v -0.022272 -0.369541 0.411436
vn -3.912261 -3.826551 3.025507
v -0.020276 -0.369592 0.413335
vn -2.392443 -5.513689 1.583065
v -0.023850 -0.370217 0.408406
vn -2.662005 -4.649538 3.162721
v -0.024154 -0.369204 0.410220
vn -2.297355 -5.232195 2.506853
v -0.027058 -0.368710 0.408435
vn -2.288485 -4.295905 3.937648
v -0.026317 -0.367490 0.410699
vn -1.849348 -5.038348 3.224784
v -0.030548 -0.366889 0.409011
vn -1.408969 -4.413789 4.223600
v -0.029497 -0.365068 0.411689
vn -4.113829 -4.468162 0.627855
v -0.017721 -0.372438 0.413826
vn -4.966329 -3.113231 1.916349
v -0.019157 -0.368955 0.415767
vn 0.888499 -3.048297 -4.774033
v -0.027517 -0.369512 0.433907
vn 3.884715 -2.529722 -4.166892
v -0.030522 -0.368955 0.431226
vn 0.481446 -3.136509 -5.168504
v -0.026754 -0.366520 0.432018
vn 2.769305 -2.312083 -4.393055
v -0.029390 -0.364460 0.430466
vn -0.312704 -5.016745 -3.411342
v -0.038766 -0.368195 0.421294
vn 2.504411 -4.306511 -3.372535
v -0.036389 -0.367846 0.421514
vn -0.766632 -5.304133 3.255264
v -0.034619 -0.365213 0.409852
vn -0.191039 -5.192029 3.307009
v -0.033057 -0.363729 0.412154
vn -1.816360 -3.879798 4.513004
v -0.027236 -0.363409 0.413732
vn -2.786129 -3.766536 4.173752
v -0.024513 -0.366349 0.412749
vn -3.510694 -3.643974 3.523525
v -0.022556 -0.365259 0.415010
vn -2.657051 -4.285043 3.507914
v -0.025904 -0.361381 0.416297
vn 3.972702 -4.486217 -1.487374
v -0.034674 -0.363318 0.417895
vn 2.095858 -5.600421 1.505377
v -0.033662 -0.362833 0.414851
vn 0.939008 -4.771354 3.681346
v -0.031343 -0.362102 0.414328
vn 3.193749 -4.641396 0.986671
v -0.032310 -0.360757 0.417196
vn 4.849485 -2.941963 -2.573307
v -0.033646 -0.367251 0.424648
vn 4.475033 -3.368286 -2.742935
v -0.034461 -0.365427 0.421174
vn 4.418321 -3.942063 -1.690528
v -0.032385 -0.361653 0.420738
vn 4.917591 -3.278766 -2.049186
v -0.031812 -0.363254 0.424337
vn 4.896859 -2.435392 -3.056470
v -0.032420 -0.368147 0.428247
vn 4.705025 -2.905350 -2.513970
v -0.030933 -0.363687 0.427788
vn -4.937715 -1.934443 -3.020438
v -0.021848 -0.363668 0.427756
vn -2.391207 -2.341574 -5.117228
v -0.024390 -0.364460 0.430291
vn 0.247542 -2.737006 -3.797513
v -0.026414 -0.360715 0.430026
vn -2.886026 -2.953917 -3.907096
v -0.023737 -0.360537 0.428506
vn -5.226358 -3.086310 0.786975
v -0.020842 -0.363658 0.421145
vn -5.568088 -2.410294 -0.667771
v -0.020855 -0.363448 0.424525
vn -2.114533 -3.597986 -1.188843
v -0.023361 -0.358868 0.426737
vn -2.527275 -4.765318 1.010085
v -0.023727 -0.359224 0.423312
vn -4.513674 -3.583434 2.140038
v -0.021376 -0.364301 0.417914
vn -2.672880 -4.862226 1.813485
v -0.024668 -0.359900 0.419703
vn -0.087248 -3.877288 4.226386
v -0.029403 -0.361332 0.414635
vn 0.297573 -4.980916 2.313979
v -0.029290 -0.359518 0.416960
vn 2.087086 -5.187001 -0.706323
v -0.028229 -0.359082 0.424205
vn 0.974723 -5.334721 -0.017437
v -0.028850 -0.358778 0.420450
vn 2.049633 -4.399559 -2.094645
v -0.027540 -0.359395 0.427652
vn -6.077545 -1.347364 0.303113
v -0.093503 -0.319586 0.385770
vn -5.841989 -2.100367 -0.110441
v -0.090929 -0.329088 0.383765
vn -5.622018 -2.242711 -1.311784
v -0.090515 -0.326097 0.370269
vn -5.946931 -1.436245 -0.830876
v -0.093969 -0.316653 0.372329
vn -5.257361 -3.207543 -0.517368
v -0.086925 -0.337536 0.381873
vn -5.009715 -3.157634 -1.812268
v -0.085667 -0.334670 0.368500
vn -6.210673 -0.770496 0.512121
v -0.096233 -0.297135 0.389392
vn -6.180095 -0.878038 0.523350
v -0.095101 -0.308791 0.387429
vn -6.136732 -0.847081 -0.528341
v -0.095916 -0.306016 0.374085
vn -6.214978 -0.668907 -0.279161
v -0.097145 -0.294606 0.376068
vn -6.195806 -0.980626 0.343070
v -0.099189 -0.272258 0.395667
vn -6.207842 -0.858141 0.430567
v -0.097517 -0.285117 0.392297
vn -6.209906 -0.938761 0.038981
v -0.099975 -0.270179 0.382478
vn -6.229322 -0.738006 -0.096683
v -0.098406 -0.282818 0.378885
vn -6.172878 -1.152584 0.190584
v -0.101414 -0.258051 0.399004
vn -6.137076 -1.336217 0.037740
v -0.104182 -0.243507 0.401737
vn -6.100321 -1.402970 0.341128
v -0.104612 -0.241971 0.390864
vn -6.171754 -1.139606 0.231273
v -0.102038 -0.256204 0.386757
vn -4.585737 -4.114545 -0.725760
v -0.080990 -0.345087 0.380596
vn -4.353467 -3.877820 -2.054160
v -0.079422 -0.342562 0.367659
vn -3.970061 -4.714881 -0.834710
v -0.074063 -0.351527 0.379735
vn -3.615347 -4.501204 -2.189649
v -0.072404 -0.349201 0.367546
vn -3.252799 -5.202043 -1.024348
v -0.067035 -0.356530 0.379040
vn -2.769628 -5.015563 -2.336936
v -0.065369 -0.354052 0.367921
vn -2.533674 -5.534948 -1.293717
v -0.059736 -0.360327 0.378662
vn -1.967068 -5.366182 -2.457098
v -0.058154 -0.357604 0.368798
vn -1.836091 -5.690674 -1.639669
v -0.052207 -0.363393 0.378723
vn -1.294432 -5.523216 -2.552665
v -0.050632 -0.360511 0.370149
vn -0.584494 -5.632126 -2.656483
v -0.043193 -0.362435 0.371951
vn -1.072912 -5.816713 -1.938273
v -0.044752 -0.365323 0.379221
vn -0.483661 -5.797491 -2.200153
v -0.037808 -0.366501 0.379910
vn 0.058607 -5.611039 -2.774423
v -0.036334 -0.363693 0.373911
vn 0.820220 -5.458378 -2.949505
v -0.029768 -0.364308 0.376052
vn 0.403777 -5.668906 -2.421577
v -0.031133 -0.367144 0.380938
vn 2.142809 -5.074950 -2.841732
v -0.011754 -0.364974 0.386569
vn 1.555681 -5.496384 -2.582964
v -0.017776 -0.365614 0.384506
vn 2.535967 -4.584013 -3.344409
v -0.011379 -0.362717 0.383367
vn 1.939215 -5.092648 -3.073554
v -0.017010 -0.363477 0.380906
vn 1.292715 -5.599774 -2.474847
v -0.024358 -0.366517 0.382601
vn 1.533615 -5.317219 -2.962364
v -0.023197 -0.363994 0.378442
vn -5.786099 -1.800322 -1.585865
v -0.091078 -0.312164 0.358157
vn -5.295744 -2.382735 -2.299392
v -0.087019 -0.321475 0.355816
vn -3.274335 -1.833767 -4.015885
v -0.083565 -0.317151 0.343374
vn -3.678840 -1.359118 -3.636293
v -0.089218 -0.307145 0.344037
vn -2.451228 -2.270192 -4.329147
v -0.077607 -0.325081 0.343002
vn -4.553952 -3.198009 -2.786028
v -0.081783 -0.329919 0.354671
vn -6.111666 -1.198588 -0.751591
v -0.094108 -0.301821 0.361702
vn -6.191900 -0.918487 -0.506254
v -0.096362 -0.290754 0.365871
vn -6.076960 -1.404563 0.315476
v -0.096556 -0.287443 0.358623
vn -5.896848 -1.689606 -0.969971
v -0.094477 -0.297798 0.352223
vn -6.209783 -0.913962 -0.242987
v -0.098199 -0.279474 0.369250
vn -6.169823 -1.143819 -0.017303
v -0.100068 -0.267517 0.372326
vn -6.071884 -1.307582 0.616681
v -0.098564 -0.276692 0.362611
vn -5.991376 -1.530804 0.852690
v -0.100854 -0.264969 0.365638
vn -5.983711 -1.672939 0.837583
v -0.105903 -0.240742 0.380955
vn -6.078634 -1.487303 0.365659
v -0.102749 -0.254370 0.376359
vn -5.747835 -2.072559 1.402452
v -0.107905 -0.239147 0.373105
vn -5.879878 -1.898600 1.012991
v -0.104098 -0.252288 0.369001
vn 3.050138 -3.622013 -3.984825
v -0.010997 -0.359690 0.380123
vn 2.697345 -4.071173 -3.692851
v -0.016026 -0.360488 0.376944
vn 3.488672 -1.413742 -4.832036
v -0.010519 -0.355605 0.377982
vn 3.688168 -1.609679 -4.467628
v -0.014875 -0.356012 0.374490
vn 2.235969 -4.458345 -3.562371
v -0.021356 -0.360692 0.373542
vn 1.587342 -4.741571 -3.540440
v -0.027394 -0.360666 0.370166
vn 3.449456 -1.863793 -4.368917
v -0.019442 -0.355841 0.370476
vn 2.997997 -2.195263 -4.467025
v -0.024807 -0.355388 0.366285
vn -5.296953 -1.773250 2.850145
v -0.096559 -0.232870 0.450071
vn -5.169419 -2.648487 2.364851
v -0.104991 -0.218446 0.445825
vn -5.629736 -1.823238 2.072190
v -0.102281 -0.233261 0.437933
vn -5.546109 -2.509983 1.501546
v -0.108412 -0.218866 0.436035
vn -5.204813 -3.256388 1.270221
v -0.120168 -0.192945 0.447797
vn -5.145109 -3.085587 1.836702
v -0.112856 -0.205289 0.445815
vn -5.479501 -2.945495 0.605829
v -0.122138 -0.192964 0.437924
vn -5.484590 -2.861417 0.977719
v -0.115308 -0.205616 0.436478
vn -5.624822 -2.749690 0.445553
v -0.133354 -0.168188 0.451002
vn -5.434745 -3.007345 0.808112
v -0.127183 -0.180778 0.449408
vn -5.750857 -2.505799 0.043308
v -0.134195 -0.167641 0.439518
vn -5.614739 -2.751972 0.302076
v -0.128464 -0.180467 0.439010
vn -5.943137 -1.974036 0.232808
v -0.143778 -0.142971 0.455000
vn -5.784577 -2.429732 0.221798
v -0.138994 -0.155422 0.453221
vn -5.865127 -2.225947 -0.158871
v -0.139589 -0.154394 0.439347
vn -5.970755 -1.916466 -0.245752
v -0.144120 -0.141399 0.438761
vn -6.078969 -1.582693 0.003177
v -0.107526 -0.229668 0.403238
vn -6.057391 -1.649460 0.177896
v -0.107284 -0.230781 0.413813
vn -5.964444 -1.957630 -0.123137
v -0.111294 -0.216783 0.413467
vn -6.029952 -1.747458 -0.087904
v -0.111236 -0.216053 0.403901
vn -6.023197 -1.718589 0.381223
v -0.111562 -0.215328 0.396113
vn -6.043816 -1.638712 0.349609
v -0.107859 -0.228685 0.393943
vn -5.953288 -1.896103 -0.473569
v -0.115233 -0.202249 0.404214
vn -5.849387 -2.178768 -0.665940
v -0.115809 -0.203731 0.413166
vn -5.702697 -2.382071 -1.114426
v -0.120825 -0.190898 0.412704
vn -5.766793 -2.253847 -0.902115
v -0.119839 -0.188575 0.403561
vn -5.974573 -1.792251 0.344200
v -0.115453 -0.200836 0.397455
vn -5.878296 -2.046827 -0.165514
v -0.119864 -0.186383 0.396498
vn -5.650495 -2.520889 -1.090145
v -0.125469 -0.175455 0.401307
vn -5.637025 -2.518547 -1.160487
v -0.126701 -0.177741 0.411879
vn -5.723388 -2.348293 -1.084063
v -0.132364 -0.164025 0.410295
vn -5.735224 -2.288479 -1.135163
v -0.130783 -0.161930 0.397546
vn -5.800859 -2.260671 -0.740276
v -0.124722 -0.173094 0.391576
vn -5.851762 -1.948324 -1.157352
v -0.129043 -0.159685 0.384457
vn -5.826660 -1.861526 -1.415567
v -0.134877 -0.147185 0.392397
vn -5.821634 -2.057620 -1.152545
v -0.137258 -0.149662 0.407458
vn -5.907183 -1.691987 -1.263554
v -0.141297 -0.135601 0.404182
vn -5.831191 -1.569963 -1.701965
v -0.137901 -0.132583 0.387310
vn -5.867925 -1.424491 -1.718935
v -0.131168 -0.144821 0.376786
vn -5.744015 -1.375888 -2.138512
v -0.132594 -0.130562 0.370748
vn -5.932906 -1.765349 0.984165
v -0.105938 -0.232375 0.425666
vn -5.828155 -2.261645 0.501872
v -0.110718 -0.218145 0.424771
vn -5.642561 -2.658000 -0.411102
v -0.122533 -0.192631 0.425272
vn -5.719629 -2.566872 -0.019017
v -0.116430 -0.205154 0.424822
vn -5.677917 -2.549900 -0.604426
v -0.128545 -0.179766 0.425537
vn -5.773340 -2.347394 -0.667816
v -0.134085 -0.166338 0.425149
vn -5.853198 -2.120498 -0.736702
v -0.139256 -0.152460 0.423629
vn -5.950833 -1.786075 -0.808717
v -0.143574 -0.138880 0.421582
vn -5.919728 -1.817342 0.987604
v -0.109140 -0.227336 0.385861
vn -5.883282 -1.863307 1.120100
v -0.112778 -0.213743 0.390004
vn -5.587142 -2.204093 1.753861
v -0.111191 -0.225677 0.379292
vn -5.483816 -2.135134 2.119539
v -0.114709 -0.212104 0.384865
vn -5.830764 -1.745893 1.482006
v -0.116805 -0.199322 0.392268
vn -5.969031 -1.457514 0.994432
v -0.120873 -0.184607 0.390023
vn -5.542465 -1.562819 2.475775
v -0.118965 -0.198245 0.387533
vn -5.824383 -0.404646 2.275599
v -0.122927 -0.183925 0.383975
vn -6.038307 -1.200860 0.281683
v -0.124683 -0.170422 0.380473
vn -6.120028 -0.738388 -1.097898
v -0.126853 -0.156477 0.368503
vn -6.067562 0.689352 1.280772
v -0.126808 -0.169446 0.370657
vn -5.901081 1.289641 -1.132180
v -0.123571 -0.154433 0.350861
vn -5.934657 -0.703928 -1.882198
v -0.125980 -0.142192 0.359467
vn -5.751046 -0.995923 -2.315515
v -0.125880 -0.128272 0.353119
vn -5.817793 -0.430083 -2.324710
v -0.119845 -0.139197 0.340425
vn -5.721479 -0.755222 -2.482452
v -0.118422 -0.124812 0.333277
vn -5.402977 -0.961317 -3.000756
v -0.111456 -0.137030 0.320997
vn -5.435010 -1.280443 -2.860426
v -0.108784 -0.120908 0.311078
vn -5.093301 -1.052464 -3.482158
v -0.101022 -0.140183 0.306133
vn -4.784277 -3.119059 -2.379945
v -0.090790 -0.122768 0.281577
vn -5.131065 -0.097684 -3.325779
v -0.106550 -0.150681 0.319144
vn -5.377939 0.466770 -3.069452
v -0.115375 -0.148935 0.331165
vn -3.879197 -2.373514 -4.217962
v -0.080030 -0.142754 0.285157
vn -4.352161 -0.257382 -4.367087
v -0.093526 -0.150351 0.297278
vn -2.884609 -1.326551 -5.371651
v -0.074852 -0.155267 0.285817
vn -3.705378 -0.300005 -4.952909
v -0.088358 -0.163149 0.293979
vn -5.037990 0.223681 -3.707972
v -0.101721 -0.159578 0.309442
vn -4.492482 -0.272227 -4.288628
v -0.097555 -0.173650 0.303064
vn -1.904004 -0.921717 -5.848775
v -0.070437 -0.171286 0.285771
vn -3.050975 -0.855629 -5.267887
v -0.084402 -0.179872 0.292683
vn -1.358533 -1.666865 -5.846244
v -0.066990 -0.189261 0.288621
vn -2.479579 -1.818214 -5.271884
v -0.080596 -0.196654 0.294642
vn -4.167918 -1.279776 -4.436322
v -0.093354 -0.188660 0.301757
vn -3.809981 -1.828619 -4.593807
v -0.089764 -0.202508 0.303653
vn -2.491454 -2.680517 -5.003285
v -0.078688 -0.221224 0.305548
vn -1.339451 -2.371694 -5.654755
v -0.065719 -0.216457 0.299946
vn -1.887923 -2.233085 -5.556092
v -0.065586 -0.229752 0.305157
vn -3.123757 -2.558064 -4.674521
v -0.078199 -0.233384 0.311660
vn -3.115358 -1.693073 -5.145831
v -0.073429 -0.244920 0.314726
vn -2.116413 -1.752879 -5.639933
v -0.060082 -0.241389 0.307353
vn -4.245892 -2.319978 -3.991766
v -0.086766 -0.234927 0.321214
vn -4.083479 -1.314566 -4.577738
v -0.084150 -0.246709 0.323507
vn -3.782857 -2.972200 -4.022507
v -0.087358 -0.223682 0.314432
vn -1.042033 -2.435838 -5.678432
v -0.065108 -0.203786 0.293821
vn -2.122850 -2.448996 -5.294796
v -0.078506 -0.209775 0.299720
vn -3.383050 -2.463849 -4.544186
v -0.087507 -0.213507 0.306418
vn -2.301491 -0.793812 -5.774666
v -0.057420 -0.253510 0.309403
vn -3.152633 -0.802559 -5.327488
v -0.071149 -0.256832 0.315593
vn -3.221898 -0.698571 -5.280535
v -0.068106 -0.268866 0.315182
vn -2.420791 -0.307560 -5.783854
v -0.054079 -0.265793 0.308575
vn -4.139946 -1.095047 -4.569105
v -0.079140 -0.270231 0.324157
vn -4.099030 -1.018090 -4.631260
v -0.082132 -0.258474 0.324286
vn -3.126341 -1.042206 -5.266320
v -0.063465 -0.280541 0.314122
vn -2.284688 -0.624279 -5.786702
v -0.049836 -0.277494 0.307433
vn -3.068075 -1.329368 -5.282174
v -0.057760 -0.291527 0.313666
vn -2.225831 -0.823162 -5.800328
v -0.045101 -0.288160 0.307184
vn -3.882292 -1.827202 -4.544411
v -0.067918 -0.293629 0.321521
vn -4.065176 -1.437990 -4.514333
v -0.074250 -0.282022 0.322744
vn -5.459825 -2.190437 2.035790
v -0.117449 -0.211405 0.380230
vn -5.614601 -2.297280 1.320657
v -0.113907 -0.223886 0.374752
vn -5.422882 -1.476459 -1.057647
v -0.118500 -0.211159 0.376113
vn -5.432106 -0.968978 -1.746799
v -0.114793 -0.222068 0.371178
vn -5.547736 -0.739418 -1.936480
v -0.111168 -0.233433 0.365208
vn -5.799215 -1.992836 0.777693
v -0.110411 -0.236573 0.368574
vn -5.573232 -1.554980 2.008677
v -0.121718 -0.198313 0.382358
vn -5.761929 -0.352325 1.847536
v -0.125589 -0.185057 0.378600
vn -5.424486 -1.758722 -1.161847
v -0.122374 -0.198870 0.377193
vn -5.069955 -1.665781 -1.358693
v -0.126035 -0.186881 0.373713
vn -5.102953 0.282579 -0.750052
v -0.127985 -0.162906 0.351864
vn -5.720654 0.017102 0.276824
v -0.128571 -0.172305 0.366915
vn -4.167428 -3.631469 -2.373875
v -0.126093 -0.169142 0.354981
vn -4.681487 -2.635968 -2.178040
v -0.127238 -0.176506 0.365987
vn -5.022029 0.541324 -3.687865
v -0.113752 -0.159290 0.326046
vn -4.944989 0.644376 -2.218747
v -0.122707 -0.158000 0.336919
vn -4.766332 -2.446989 -2.252614
v -0.116216 -0.166299 0.330088
vn -4.229628 -3.756819 -2.108602
v -0.121630 -0.165675 0.341825
vn -5.149384 0.081078 -3.372753
v -0.108587 -0.167638 0.316447
vn -5.129617 -1.329532 -2.995484
v -0.103435 -0.180497 0.311078
vn -5.099518 -2.318480 -1.173644
v -0.110573 -0.172955 0.321566
vn -5.224212 -2.895428 0.442824
v -0.103998 -0.183504 0.317517
vn -5.218801 -1.737963 -2.299892
v -0.098869 -0.193847 0.310066
vn -5.087530 -1.607026 -2.064021
v -0.096003 -0.206554 0.311350
vn -5.665032 -1.907791 1.491532
v -0.098351 -0.195551 0.316744
vn -5.705101 -1.348019 1.674553
v -0.095427 -0.207751 0.317550
vn -4.707271 -2.122800 -2.013209
v -0.093409 -0.216211 0.313413
vn -5.263998 -1.267566 -1.346906
v -0.092607 -0.225205 0.321259
vn -5.952048 -0.303902 1.754053
v -0.092497 -0.216243 0.319458
vn -5.949586 0.889171 1.534931
v -0.091728 -0.224484 0.327132
vn -4.510500 -0.338476 -4.321727
v -0.115414 -0.210710 0.372093
vn -4.555145 0.645120 -4.249892
v -0.111485 -0.220011 0.367206
vn -4.424628 -0.266534 -4.256552
v -0.111449 -0.210089 0.368772
vn -4.099935 0.496534 -4.677680
v -0.107054 -0.218064 0.363639
vn -4.082364 0.839057 -4.413563
v -0.107937 -0.230111 0.360793
vn -1.513024 -2.371106 -2.175367
v -0.099354 -0.221204 0.358571
vn -3.579741 -2.544397 -4.462222
v -0.121145 -0.188087 0.369768
vn -4.247411 -1.465189 -4.333626
v -0.118810 -0.199290 0.372721
vn -3.389812 -2.330668 -4.625151
v -0.116116 -0.188766 0.367129
vn -4.053846 -1.240903 -4.536121
v -0.114470 -0.199387 0.369600
vn -2.544104 -4.781060 -3.083353
v -0.118661 -0.173068 0.355221
vn -2.984024 -3.636823 -4.135067
v -0.121142 -0.179190 0.363820
vn -2.917202 -3.504879 -4.209797
v -0.115951 -0.180513 0.361731
vn -2.900438 -4.456135 -3.098438
v -0.113697 -0.174872 0.354069
vn -3.535000 -5.136749 0.086678
v -0.110835 -0.171273 0.333526
vn -2.746734 -5.350358 -1.482195
v -0.114082 -0.170257 0.344464
vn -3.401878 -4.753285 -1.556943
v -0.109806 -0.172492 0.344503
vn -3.508312 -4.894634 0.283604
v -0.105744 -0.173821 0.335027
vn -4.127775 -4.379907 1.687894
v -0.106178 -0.176580 0.325832
vn -4.392539 -3.197677 3.044041
v -0.100010 -0.185205 0.322094
vn -4.196004 -4.102153 1.662377
v -0.102209 -0.178757 0.327983
vn -4.706812 -2.341890 1.213965
v -0.097604 -0.186370 0.323956
vn -5.072576 -1.574496 3.328169
v -0.095680 -0.196383 0.321017
vn -5.300741 -1.020335 3.210697
v -0.092999 -0.207734 0.321748
vn -5.028071 -1.437040 3.378522
v -0.094121 -0.196994 0.322867
vn -4.202211 -1.606753 -0.816991
v -0.090871 -0.209264 0.324687
vn -5.304205 0.330337 3.078559
v -0.090408 -0.215283 0.323633
vn -5.476582 2.106884 1.981277
v -0.089884 -0.223129 0.331156
vn -2.642634 -1.905614 -0.460638
v -0.085644 -0.222029 0.345234
vn -2.543179 -2.162474 -0.403113
v -0.087478 -0.220370 0.337145
vn -1.575256 -0.660729 0.136073
v -0.085602 -0.217366 0.329817
vn -4.695514 -3.084023 0.429646
v -0.088335 -0.215803 0.326625
vn 0.641664 -4.266982 4.166028
v -0.119315 -0.218889 0.363950
vn 0.824014 -4.170145 4.330410
v -0.109738 -0.217967 0.363106
vn 0.778768 -1.653694 5.748008
v -0.114218 -0.210102 0.368471
vn 0.330699 -1.652682 5.899529
v -0.121899 -0.210170 0.368862
vn 0.681815 -4.067145 4.476614
v -0.136569 -0.220105 0.364710
vn 0.503407 -1.435200 5.968754
v -0.137196 -0.210593 0.369490
vn 0.740692 -5.795261 1.685786
v -0.136177 -0.225399 0.356175
vn 0.669094 -5.905851 1.694603
v -0.119289 -0.223278 0.355256
vn 0.325003 -5.723818 1.709365
v -0.106702 -0.222970 0.354959
vn -1.935137 0.094636 0.594583
v -0.115230 -0.188954 0.366417
vn -2.054254 -0.409453 1.007468
v -0.113723 -0.199397 0.368756
vn 0.582134 0.593236 6.129266
v -0.116879 -0.199439 0.369221
vn 0.305307 2.498254 5.643454
v -0.118128 -0.188934 0.366650
vn -2.269161 -1.450696 0.996219
v -0.110786 -0.209882 0.367801
vn -1.740141 0.409647 0.070470
v -0.114997 -0.180833 0.361236
vn -1.946830 0.655246 -0.468299
v -0.112859 -0.175358 0.353785
vn -0.073632 5.590881 2.543313
v -0.115877 -0.175403 0.353869
vn 0.085298 4.247807 4.463416
v -0.117924 -0.180833 0.361353
vn -2.415842 0.851923 -1.053256
v -0.109140 -0.173175 0.344490
vn -2.452182 0.266850 -1.300652
v -0.105065 -0.174468 0.335292
vn -0.120716 5.720322 -2.236729
v -0.109011 -0.174585 0.335428
vn -0.120509 6.173348 0.261730
v -0.112449 -0.173262 0.344600
vn -2.884354 -0.227915 -2.014533
v -0.101757 -0.179261 0.328361
vn -3.454780 -0.443851 -3.655561
v -0.097572 -0.186671 0.324228
vn -0.230563 1.748225 -5.929415
v -0.102342 -0.186703 0.324555
vn -0.103144 4.038124 -4.576533
v -0.106142 -0.179245 0.328504
vn -1.947727 -1.865483 -5.553006
v -0.092019 -0.208239 0.325027
vn -2.731602 -0.566817 -0.991856
v -0.093872 -0.197191 0.323158
vn -0.162490 -2.165559 -5.784470
v -0.097494 -0.208174 0.325221
vn -0.245901 -0.217698 -6.238985
v -0.098445 -0.197101 0.323465
vn 1.192901 -4.061288 4.400615
v -0.163800 -0.223507 0.367213
vn 1.126197 -1.139427 5.891581
v -0.164162 -0.212091 0.373067
vn 1.600902 -1.131788 5.605975
v -0.192150 -0.215312 0.379703
vn 1.532868 -4.173218 4.324785
v -0.192225 -0.228342 0.371307
vn 1.151625 -5.714448 1.299217
v -0.163703 -0.229733 0.357359
vn 1.496833 -5.364831 1.224627
v -0.191782 -0.237090 0.359687
vn 0.869588 0.878372 6.143662
v -0.164269 -0.199280 0.372313
vn 0.356691 0.695912 6.203372
v -0.137720 -0.199293 0.369648
vn 0.444095 2.397094 5.711986
v -0.137975 -0.188611 0.367206
vn 0.866799 2.240408 5.761261
v -0.164282 -0.187408 0.369480
vn 1.170825 1.898516 5.849707
v -0.193276 -0.185409 0.374108
vn 1.402169 1.244683 5.988683
v -0.193273 -0.199594 0.377287
vn 0.568399 4.194240 4.508331
v -0.138047 -0.180267 0.361974
vn 0.610026 5.611290 2.527379
v -0.137791 -0.174743 0.354225
vn 0.931254 5.563607 2.456188
v -0.164169 -0.171483 0.355690
vn 0.962654 4.013576 4.564316
v -0.164188 -0.177693 0.364153
vn 1.647133 5.673844 1.995964
v -0.193117 -0.166807 0.357404
vn 1.600899 3.758984 4.351695
v -0.192778 -0.173013 0.368843
vn 0.551573 6.170452 0.333278
v -0.137248 -0.172573 0.344703
vn 0.492323 5.756540 -2.091484
v -0.136698 -0.173747 0.335441
vn 0.883262 5.689109 -2.173172
v -0.164317 -0.170830 0.334348
vn 0.905088 6.136364 0.164205
v -0.164243 -0.169297 0.344830
vn 1.503130 5.650315 -2.056107
v -0.193218 -0.166263 0.332705
vn 1.531640 6.047499 0.089960
v -0.193269 -0.164559 0.344813
vn 0.442417 4.169380 -4.469215
v -0.136223 -0.178310 0.328513
vn 0.400378 1.949653 -5.864964
v -0.135789 -0.186114 0.324193
vn 0.880888 1.939506 -5.827534
v -0.164356 -0.184724 0.321773
vn 0.890114 4.127622 -4.458422
v -0.164347 -0.176011 0.326596
vn 1.511116 2.159489 -5.618119
v -0.192778 -0.182366 0.316968
vn 1.468995 4.196865 -4.279217
v -0.193020 -0.172292 0.323132
vn 0.388163 -0.036769 -6.223179
v -0.135353 -0.197049 0.322740
vn 0.407640 -2.008117 -5.843564
v -0.135246 -0.208388 0.324400
vn 0.820238 -1.981803 -5.818731
v -0.164279 -0.209481 0.321948
vn 0.842691 -0.040930 -6.183845
v -0.164376 -0.196881 0.320118
vn 1.763806 -1.977964 -5.644452
v -0.192622 -0.211211 0.317388
vn 1.758299 -0.058006 -5.985082
v -0.192616 -0.196615 0.314833
vn 0.841259 -4.034500 -4.606364
v -0.163942 -0.219439 0.327621
vn 0.440474 -4.035274 -4.655057
v -0.135776 -0.217353 0.329435
vn 0.490300 -5.536450 -2.694650
v -0.136358 -0.223168 0.336945
vn 0.747045 -5.535882 -2.661980
v -0.163729 -0.225800 0.336091
vn 1.594549 -4.211177 -4.146940
v -0.192448 -0.222792 0.323824
vn 1.322122 -5.519506 -2.670763
v -0.193214 -0.229131 0.334881
vn 0.868118 -6.093147 -1.163316
v -0.163871 -0.228578 0.346117
vn 0.581555 -6.155608 -0.738025
v -0.136358 -0.225635 0.346185
vn 1.594433 -5.730591 -1.978838
v -0.192768 -0.233750 0.345829
vn 1.434707 -1.468796 5.487482
v -0.213631 -0.218620 0.385644
vn 1.488590 -4.357409 4.052745
v -0.213932 -0.233067 0.375411
vn 0.080447 -1.707536 5.335586
v -0.231804 -0.221040 0.388768
vn 0.073832 -4.362850 4.071861
v -0.232477 -0.235173 0.378293
vn -0.173620 -5.219267 1.316473
v -0.230678 -0.245651 0.362814
vn 1.430510 -5.671931 1.701482
v -0.213964 -0.241059 0.362077
vn 1.236505 1.752174 5.893970
v -0.215533 -0.183563 0.378054
vn 1.447988 1.490263 5.834687
v -0.214731 -0.199212 0.384008
vn 0.123939 1.689199 5.999498
v -0.232260 -0.182916 0.380337
vn 0.249991 1.446535 5.808644
v -0.232027 -0.199031 0.387665
vn 1.722886 5.618090 1.844529
v -0.214789 -0.159481 0.360169
vn 1.596606 3.203909 4.284195
v -0.214585 -0.166907 0.374461
vn 0.267139 5.738601 1.635442
v -0.232279 -0.155762 0.361511
vn 0.288158 2.961253 4.186669
v -0.232331 -0.163928 0.377999
vn 1.545294 5.606692 -1.932056
v -0.214912 -0.159307 0.331279
vn 1.528288 5.945873 -0.060224
v -0.214841 -0.157075 0.344998
vn 0.116846 6.136445 -0.146611
v -0.232383 -0.154446 0.344205
vn 0.379846 5.721632 -1.758073
v -0.232454 -0.156137 0.329089
vn 1.549304 2.474560 -5.504992
v -0.214298 -0.179446 0.311612
vn 1.669315 4.130120 -4.103469
v -0.214653 -0.166512 0.319083
vn 0.709689 2.392156 -5.673007
v -0.231484 -0.177657 0.308271
vn 0.449172 3.979665 -3.895445
v -0.232011 -0.162935 0.315283
vn 2.128139 -1.783940 -5.512062
v -0.213230 -0.213873 0.309322
vn 1.799319 0.358052 -5.804427
v -0.213301 -0.196444 0.306570
vn 0.368419 0.553083 -5.845844
v -0.231467 -0.196363 0.301861
vn -0.206344 -2.053762 -4.941603
v -0.232570 -0.217689 0.303449
vn 1.372678 -5.573552 -2.510190
v -0.215148 -0.234998 0.332453
vn 1.744065 -4.295445 -3.437387
v -0.213877 -0.229312 0.317430
vn -0.635137 -5.662224 -2.400898
v -0.231516 -0.236861 0.331916
vn -0.533336 -4.545427 -3.039709
v -0.231500 -0.231799 0.315221
vn 1.346833 -5.695994 -1.438855
v -0.214537 -0.241731 0.345670
vn -0.362958 -5.543808 -1.427543
v -0.229850 -0.244548 0.346152
vn -2.143089 -1.187598 5.039158
v -0.249161 -0.218313 0.386508
vn -2.148435 -3.505502 2.626645
v -0.251141 -0.234962 0.377100
vn -4.744736 -0.970575 1.237226
v -0.260358 -0.224054 0.373474
vn -4.860324 0.135444 2.996469
v -0.256726 -0.214067 0.380476
vn -4.817718 -1.843938 -1.025901
v -0.258207 -0.229429 0.360078
vn -2.643634 -5.046874 0.274413
v -0.245866 -0.240975 0.361113
vn -2.468103 1.494202 5.385022
v -0.247353 -0.184442 0.378626
vn -2.213625 1.420596 4.849949
v -0.248641 -0.198782 0.386136
vn -4.957279 0.423178 3.562619
v -0.253168 -0.187243 0.373755
vn -5.052275 1.084369 1.517596
v -0.256787 -0.199083 0.377410
vn -2.224054 2.530458 3.260486
v -0.250216 -0.164805 0.375573
vn -2.576996 4.767913 0.869373
v -0.248505 -0.157395 0.360108
vn -5.072154 1.446047 -0.128619
v -0.258595 -0.169125 0.359234
vn -4.753190 0.190382 2.174134
v -0.257787 -0.176444 0.370835
vn -2.785208 4.929678 -0.145356
v -0.246496 -0.156195 0.344002
vn -2.446827 4.233809 -1.275659
v -0.246949 -0.156891 0.329102
vn -5.640615 1.386250 -0.483512
v -0.254779 -0.169695 0.331511
vn -5.663573 1.519084 -0.631135
v -0.255015 -0.168365 0.344428
vn -2.501973 1.778524 -4.444664
v -0.246998 -0.178236 0.308138
vn -2.721807 3.479989 -3.101975
v -0.247130 -0.164135 0.317686
vn -5.395099 0.794107 -1.329037
v -0.254789 -0.175283 0.321537
vn -5.545615 0.169776 -2.203712
v -0.252476 -0.182660 0.314733
vn -3.073169 -0.022463 -4.538823
v -0.246826 -0.196991 0.304613
vn -3.399289 -2.292166 -4.093494
v -0.245937 -0.216179 0.309096
vn -5.517059 -0.714432 -2.059227
v -0.251112 -0.212838 0.315053
vn -5.682665 -0.263665 -0.722789
v -0.252386 -0.197806 0.314477
vn -3.197040 -4.414301 -2.330249
v -0.244100 -0.228504 0.320473
vn -3.127276 -4.894122 -2.019722
v -0.242111 -0.233937 0.333481
vn -5.470050 -2.180556 -0.836261
v -0.250193 -0.225160 0.333649
vn -4.824963 -1.783712 -0.948073
v -0.252489 -0.220765 0.322145
vn -2.856616 -5.056387 -1.617096
v -0.241338 -0.240383 0.346308
vn -5.054318 -2.134150 -1.705682
v -0.252379 -0.229413 0.345441
vn -6.113281 0.502230 -1.108700
v -0.255222 -0.199723 0.366136
vn -5.987271 -0.033480 -1.416542
v -0.252166 -0.199109 0.357462
vn -6.196214 -0.357243 -0.470590
v -0.250578 -0.198944 0.345072
vn -6.245182 -0.394551 0.029789
v -0.250546 -0.199141 0.332194
vn -6.110812 -0.290623 0.382552
v -0.250154 -0.198627 0.322291
vn -5.530144 -0.924509 -1.441485
v -0.091947 -0.235768 0.328074
vn -5.259053 -0.819427 -2.749886
v -0.091013 -0.247634 0.330502
vn -5.980515 0.759061 1.278172
v -0.091466 -0.234840 0.333960
vn -6.035448 -0.188672 -0.347686
v -0.092633 -0.247255 0.336760
vn -5.049488 -1.482475 -3.081651
v -0.085935 -0.270987 0.331337
vn -5.161548 -1.204698 -3.022970
v -0.088817 -0.259293 0.331311
vn -5.858071 -1.680225 -1.138663
v -0.088131 -0.270657 0.337504
vn -6.039055 -1.180535 -0.872341
v -0.090719 -0.258995 0.337504
vn -4.690936 -2.268076 -3.330795
v -0.074887 -0.294716 0.329083
vn -4.884224 -1.910871 -3.207488
v -0.081100 -0.282695 0.330231
vn -5.425687 -2.604263 -1.463060
v -0.078073 -0.294774 0.335926
vn -5.599913 -2.282514 -1.383669
v -0.083817 -0.282472 0.336644
vn -5.728533 0.250487 1.893131
v -0.092051 -0.246822 0.341175
vn -5.815738 1.311923 1.884074
v -0.089532 -0.233685 0.337947
vn -5.027789 0.883825 -1.567423
v -0.087623 -0.235486 0.347245
vn -4.118801 0.220204 -1.338308
v -0.088438 -0.249801 0.347258
vn -5.430324 -1.500392 1.573689
v -0.088639 -0.269849 0.341861
vn -5.611042 -0.905387 1.796390
v -0.090828 -0.258478 0.341903
vn -5.068204 -2.527387 1.576249
v -0.078697 -0.294334 0.340619
vn -5.329947 -2.225923 1.258579
v -0.084503 -0.281957 0.341071
vn -2.619442 -0.695413 -1.588925
v -0.082514 -0.281184 0.344687
vn -1.623991 -0.725272 -1.165403
v -0.075855 -0.294001 0.344215
vn -2.991198 -0.293527 -1.422568
v -0.086116 -0.267970 0.346117
vn -5.901038 -1.939197 0.651968
v -0.097976 -0.285625 0.353930
vn -5.901570 -1.529452 -0.163932
v -0.099143 -0.282688 0.352210
vn -5.075278 -1.111731 -2.526142
v -0.097969 -0.285172 0.349144
vn -5.345590 -1.622456 -1.748023
v -0.095913 -0.292691 0.348950
vn -3.017191 0.051054 -5.181436
v -0.095013 -0.284428 0.346201
vn -3.368885 -0.602303 -4.337286
v -0.092093 -0.295557 0.344222
vn -5.955568 -1.562533 1.248573
v -0.099939 -0.275450 0.357857
vn -5.909118 -1.717306 1.260997
v -0.102436 -0.263206 0.361275
vn -6.046815 -1.263158 0.068353
v -0.100770 -0.274797 0.354474
vn -6.015275 -1.321319 -0.206210
v -0.103432 -0.261799 0.357960
vn -5.889210 -1.920005 0.940863
v -0.106026 -0.249923 0.364574
vn -5.858949 -1.271152 -1.191165
v -0.106954 -0.247436 0.361275
vn -3.017395 -4.214655 -3.389436
v -0.068513 -0.344276 0.355496
vn -3.788781 -3.745822 -3.177152
v -0.075395 -0.337659 0.354658
vn -1.557589 -2.580679 -4.718186
v -0.070259 -0.331993 0.343759
vn -0.886870 -2.748057 -4.906605
v -0.063041 -0.338276 0.345615
vn -1.444322 -5.082360 -3.316388
v -0.054988 -0.353040 0.358979
vn -2.216948 -4.704275 -3.386427
v -0.061776 -0.349269 0.356928
vn -0.300377 -2.916530 -4.851105
v -0.056615 -0.343629 0.347889
vn 0.343232 -3.120658 -4.613970
v -0.050276 -0.347995 0.350560
vn 0.031791 -5.154754 -3.453098
v -0.040900 -0.358431 0.364144
vn -0.715696 -5.202255 -3.352878
v -0.047996 -0.356151 0.361472
vn 1.171139 -3.267776 -4.384584
v -0.043827 -0.351190 0.353992
vn 1.888279 -3.048934 -4.391338
v -0.037404 -0.353276 0.357921
vn 0.801262 -4.972959 -3.507390
v -0.033973 -0.359987 0.366964
vn 2.455920 -2.632822 -4.463901
v -0.030975 -0.354677 0.362045
vn 0.325090 -4.065306 -4.626406
v -0.116611 -0.216551 0.329991
vn 0.113595 -4.279205 -4.437567
v -0.104334 -0.215962 0.330240
vn 0.489286 -5.592582 -2.485933
v -0.108387 -0.221182 0.337087
vn 0.454458 -5.510005 -2.570348
v -0.119696 -0.222269 0.336906
vn 0.139773 -2.092522 -5.811412
v -0.112400 -0.208087 0.325224
vn 0.367489 -6.226905 -0.571833
v -0.109538 -0.222899 0.345806
vn 0.660793 -6.145892 -0.435254
v -0.120130 -0.224264 0.345919
vn 0.204645 0.639500 6.157660
v -0.123567 -0.199355 0.369580
vn 0.157918 2.535649 5.652804
v -0.124948 -0.188915 0.366815
vn 0.169940 5.661568 2.508804
v -0.124253 -0.175532 0.353685
vn 0.213139 4.312701 4.434980
v -0.125295 -0.180833 0.361391
vn 0.101948 5.775396 -2.087171
v -0.118875 -0.174526 0.335661
vn 0.096241 6.205923 0.330333
v -0.121598 -0.173482 0.344490
vn 0.045509 1.895981 -5.890804
v -0.114450 -0.186451 0.324833
vn 0.074008 4.176832 -4.468320
v -0.116530 -0.178896 0.328973
vn -5.327844 -0.511706 -2.692946
v -0.100337 -0.273992 0.351175
vn -5.390449 -0.435312 -2.845200
v -0.102730 -0.260412 0.354254
vn -3.251209 0.258590 -5.065561
v -0.097662 -0.272103 0.348222
vn -3.546021 0.362238 -4.955432
v -0.099852 -0.258267 0.350932
vn -4.880988 -0.089803 -3.734829
v -0.105259 -0.244949 0.357038
vn -2.815348 0.963033 -5.302830
v -0.101009 -0.242288 0.353513
vn -0.078325 -5.640481 -2.070436
v -0.092708 -0.221486 0.337300
vn -0.737621 -4.895504 -3.398786
v -0.089150 -0.217366 0.329338
vn 0.568737 -6.027558 0.089225
v -0.090282 -0.222737 0.345169
vn -1.179930 -2.039928 -1.685377
v -0.093438 -0.220373 0.356097
vn 0.051143 -6.158842 -0.213989
v -0.095709 -0.222737 0.345505
vn -4.837745 -3.331420 -1.264737
v -0.071760 -0.307730 0.336285
vn -3.441895 -4.617659 -0.868477
v -0.062239 -0.318733 0.337284
vn -3.814734 -4.068890 1.847886
v -0.063545 -0.317051 0.342255
vn -4.571313 -2.738655 1.870277
v -0.072659 -0.306546 0.341091
vn -0.781251 -0.995463 -1.171205
v -0.063820 -0.313684 0.345279
vn -1.082374 -0.509708 -0.832351
v -0.070538 -0.303710 0.344487
vn -3.601942 -2.516737 -4.345856
v -0.061472 -0.305007 0.320855
vn -2.821240 -3.726723 -3.981506
v -0.052588 -0.315120 0.321269
vn -3.272335 -4.323659 -2.783728
v -0.058387 -0.317471 0.329121
vn -4.219406 -3.029311 -3.221975
v -0.068180 -0.307096 0.328850
vn -2.853083 -1.905270 -5.109347
v -0.052152 -0.301983 0.312880
vn -1.900854 -1.309051 -5.753116
v -0.040240 -0.297711 0.306635
vn -2.153696 -3.055182 -4.886614
v -0.044374 -0.310360 0.313087
vn -1.243564 -2.228841 -5.593449
v -0.033986 -0.305424 0.307110
vn -1.575235 -3.698183 -4.769193
v -0.033332 -0.315741 0.313300
vn -0.973750 -2.503729 -5.632512
v -0.025790 -0.310828 0.308488
vn -1.314729 -4.144534 -4.339832
v -0.022042 -0.321427 0.313653
vn -1.132976 -2.824851 -5.181072
v -0.020114 -0.316682 0.309409
vn -1.414624 -5.163610 -2.999773
v -0.025949 -0.329279 0.324691
vn -1.808501 -4.679492 -3.551642
v -0.039548 -0.323975 0.323391
vn -2.397957 -5.150650 -1.620937
v -0.045567 -0.327132 0.332520
vn -1.554465 -5.715850 -0.345826
v -0.031356 -0.332960 0.338348
vn -2.704977 -5.571253 0.241488
v -0.048953 -0.325628 0.341463
vn -1.659799 -5.976941 0.901022
v -0.034147 -0.329835 0.348277
vn -2.840742 -4.907017 2.029018
v -0.050049 -0.324350 0.346799
vn -1.859136 -5.789352 1.036179
v -0.034797 -0.329244 0.354218
vn -0.166430 -1.855405 -1.083783
v -0.050240 -0.322378 0.348985
vn 0.807103 -2.902052 -2.098317
v -0.034978 -0.328173 0.358038
vn -0.833324 -6.089114 1.128091
v -0.019594 -0.332031 0.351078
vn -0.791445 -6.204486 0.383161
v -0.019888 -0.331643 0.357407
vn 1.026879 -3.569246 -2.763487
v -0.020017 -0.331197 0.366065
vn -0.913247 -5.813793 0.205516
v -0.018041 -0.335958 0.340438
vn -0.711759 -5.368856 -2.765352
v -0.015289 -0.332170 0.325664
vn -0.196451 -4.462660 -4.300521
v -0.013404 -0.323467 0.314503
vn -0.051722 -2.685873 -5.440658
v -0.013197 -0.316436 0.308730
vn -2.826622 -5.159673 -1.837501
v -0.070470 -0.131994 0.261874
vn -2.053947 -4.306493 -3.953178
v -0.065386 -0.141286 0.273084
vn -0.840412 -5.915955 -1.543770
v -0.049189 -0.135801 0.254581
vn -0.966146 -4.723898 -3.890297
v -0.046172 -0.142987 0.267427
vn -1.574978 -2.544524 -5.379276
v -0.059671 -0.153091 0.279875
vn -0.793971 -3.150215 -5.329311
v -0.043090 -0.153828 0.275454
vn -0.828783 -1.439626 -6.042607
v -0.055648 -0.167369 0.282660
vn -0.286606 -2.323140 -5.824860
v -0.040234 -0.165626 0.280435
vn 0.252376 -1.633827 -6.051907
v -0.037708 -0.177628 0.284406
vn -0.349228 -1.336767 -6.027761
v -0.052879 -0.182553 0.284442
vn -0.931430 -1.798095 -5.893798
v -0.051084 -0.224869 0.298996
vn -0.420836 -2.087976 -5.891305
v -0.051453 -0.210461 0.295115
vn 0.070292 -1.524785 -6.087399
v -0.035528 -0.219393 0.297068
vn 0.351403 -1.971558 -5.925303
v -0.036049 -0.204384 0.293717
vn 0.042039 -1.261860 -6.149466
v -0.031932 -0.232120 0.300464
vn -0.925164 -1.505823 -5.998035
v -0.046000 -0.237026 0.301990
vn -0.178193 -2.268504 -5.802166
v -0.051165 -0.196984 0.289161
vn 0.502539 -2.000321 -5.901501
v -0.036237 -0.190784 0.287663
vn -1.417234 -0.628769 -6.061519
v -0.043843 -0.249435 0.304190
vn -0.347422 -0.279932 -6.240102
v -0.030544 -0.244881 0.302372
vn -0.583962 0.102589 -6.216534
v -0.028497 -0.257436 0.301295
vn -1.593480 -0.166168 -6.039818
v -0.040965 -0.261899 0.303523
vn -1.383558 -0.357945 -6.088957
v -0.036935 -0.273675 0.303090
vn -0.411513 -0.205484 -6.244368
v -0.025176 -0.269396 0.301298
vn -1.098855 -0.557667 -6.113466
v -0.032226 -0.284111 0.302812
vn -0.020047 -0.580917 -6.245789
v -0.020528 -0.279710 0.301838
vn -0.413187 -0.989869 -6.104534
v -0.026858 -0.292850 0.303022
vn 0.133152 -0.904756 -6.209360
v -0.014516 -0.287649 0.303219
vn -0.029580 -1.494704 -6.057495
v -0.021411 -0.300537 0.304616
vn -0.130541 -1.561252 -6.075392
v -0.016327 -0.307753 0.306738
vn 0.098662 -5.893969 -1.810603
v -0.027750 -0.135293 0.251315
vn -0.165815 -4.808974 -3.929122
v -0.026773 -0.143272 0.265467
vn -0.012839 -3.517982 -5.152235
v -0.025386 -0.153650 0.274649
vn 0.206208 -2.632728 -5.691223
v -0.023682 -0.164439 0.280325
vn 0.309990 -2.002349 -5.915546
v -0.022110 -0.175561 0.285108
vn 0.232854 -1.479138 -6.099990
v -0.020748 -0.215341 0.296735
vn 0.355530 -1.875465 -5.944375
v -0.021062 -0.200752 0.293688
vn 0.250669 -1.295923 -6.132158
v -0.018924 -0.227915 0.300221
vn 0.378990 -1.977798 -5.940789
v -0.021246 -0.187857 0.288323
vn 0.005900 -0.271397 -6.234937
v -0.018255 -0.240522 0.302191
vn -0.132760 0.237058 -6.272076
v -0.017181 -0.253038 0.301243
vn -0.021812 -0.080154 -6.282323
v -0.015263 -0.265289 0.301259
vn -0.039170 -0.445054 -6.262150
v -0.011770 -0.275619 0.301538
vn -0.232284 -4.632026 4.209125
v -0.034209 -0.205778 0.567819
vn -0.198028 -3.969202 4.704009
v -0.040383 -0.197016 0.577017
vn -0.698789 -3.379701 5.146120
v -0.049998 -0.188660 0.582220
vn -0.064462 -2.427562 5.688052
v -0.044619 -0.176008 0.589429
vn -1.295372 -2.955179 5.361189
v -0.062055 -0.180522 0.584294
vn -0.929475 -2.229507 5.763673
v -0.058186 -0.168614 0.590694
vn -1.912349 -2.576226 5.337328
v -0.075350 -0.172078 0.585092
vn -1.651239 -1.948009 5.699562
v -0.073057 -0.160122 0.590571
vn -2.776421 -2.251641 5.102358
v -0.088636 -0.163016 0.583252
vn -2.494250 -1.812980 5.436245
v -0.087588 -0.150901 0.588207
vn -3.409988 -2.133876 4.798700
v -0.101145 -0.153763 0.579051
vn -3.142858 -1.935113 5.073010
v -0.100644 -0.141739 0.584028
vn -4.032623 -2.041192 4.282545
v -0.113477 -0.145342 0.573420
vn -3.987343 -1.706490 4.467771
v -0.113464 -0.133463 0.578446
vn -5.076772 -1.499749 3.204213
v -0.123823 -0.137987 0.564824
vn -5.095375 -1.209016 3.328304
v -0.124176 -0.125869 0.569067
vn -5.778703 -1.117802 2.155861
v -0.130327 -0.131739 0.552935
vn -5.764333 -1.030137 2.240236
v -0.131304 -0.119391 0.556170
vn -5.960229 -1.061833 1.647868
v -0.135078 -0.127994 0.539918
vn -5.963417 -0.993232 1.707399
v -0.136339 -0.115300 0.542056
vn -6.001725 -1.072102 1.514527
v -0.140236 -0.114191 0.527564
vn -6.026000 -1.047300 1.435538
v -0.138444 -0.127127 0.526445
vn -6.055324 -1.083743 1.275593
v -0.141261 -0.128641 0.512881
vn -6.028509 -1.164665 1.329451
v -0.143483 -0.115623 0.513350
vn -6.065766 -1.175578 1.140138
v -0.146028 -0.117279 0.499110
vn -6.051163 -1.348266 0.977189
v -0.143600 -0.130623 0.498825
vn -0.057592 -0.220413 6.259873
v -0.045276 -0.062710 0.615251
vn 0.006806 0.456061 6.249532
v -0.045738 -0.037953 0.614646
vn -0.035283 1.028124 6.175927
v -0.046059 -0.010770 0.611437
vn -0.569439 0.529472 6.211278
v -0.060111 -0.036064 0.613957
vn -0.720008 1.130508 6.112309
v -0.060127 -0.009651 0.610425
vn -0.510518 -0.166528 6.228590
v -0.059862 -0.060058 0.614869
vn -1.363531 -0.005425 6.083218
v -0.074907 -0.056361 0.612857
vn -1.377756 0.628675 6.060205
v -0.074868 -0.033729 0.611564
vn -1.429905 1.228600 5.968146
v -0.074490 -0.008509 0.607628
vn -2.270387 0.649990 5.777489
v -0.089105 -0.030750 0.606897
vn -2.032051 1.187390 5.801109
v -0.088720 -0.006986 0.603074
vn -2.410353 0.108337 5.753389
v -0.089286 -0.051850 0.608187
vn -3.228159 0.122726 5.359761
v -0.102310 -0.046636 0.601227
vn -2.996784 0.528273 5.467886
v -0.102145 -0.026769 0.600138
vn -2.475383 0.922281 5.672253
v -0.102378 -0.004622 0.597237
vn -3.516949 0.210067 5.183607
v -0.114554 -0.022691 0.592072
vn -2.914101 0.472238 5.501035
v -0.115566 -0.002190 0.590723
vn -3.801601 0.065821 4.984030
v -0.114567 -0.041520 0.592612
vn -4.598392 -0.115330 4.187980
v -0.126608 -0.037413 0.582405
vn -4.340521 -0.243132 4.447375
v -0.126805 -0.019557 0.582841
vn -3.698420 -0.179447 4.951254
v -0.128325 -0.000844 0.583165
vn -5.303171 -0.846462 3.164894
v -0.136899 -0.017626 0.569931
vn -4.327710 -1.627096 4.018815
v -0.141067 -0.000702 0.571567
vn -5.474082 -0.316737 2.997271
v -0.136245 -0.034799 0.568556
vn -5.869003 -0.792298 2.063206
v -0.143832 -0.017241 0.552641
vn -5.872240 -0.296360 2.195707
v -0.143389 -0.034356 0.551668
vn -4.051253 -3.535834 1.780137
v -0.146219 -0.004460 0.553941
vn -3.021414 -3.651746 1.483977
v -0.150899 -0.005851 0.536749
vn -6.012928 -0.618848 1.664769
v -0.149111 -0.018325 0.535093
vn -6.026711 -0.183991 1.714020
v -0.149101 -0.035281 0.534695
vn -6.084072 -0.624757 1.314731
v -0.152746 -0.020657 0.518376
vn -6.145656 -0.124380 1.252438
v -0.152982 -0.036623 0.518055
vn -2.500188 -3.626052 1.515504
v -0.154524 -0.009447 0.520481
vn -2.260762 -3.654016 1.469011
v -0.157264 -0.014101 0.504543
vn -6.097095 -0.674664 1.123865
v -0.155385 -0.023904 0.502490
vn -6.199075 -0.094153 0.977318
v -0.155744 -0.038667 0.502043
vn -0.067198 -1.864828 5.989748
v -0.044535 -0.142858 0.599850
vn -0.173986 -1.617808 6.054869
v -0.044157 -0.125206 0.605199
vn -0.232488 -1.236589 6.149252
v -0.043733 -0.106251 0.609510
vn -0.757726 -1.553339 6.022119
v -0.057776 -0.121949 0.605063
vn -0.577197 -1.248630 6.123277
v -0.057663 -0.103088 0.609232
vn -0.843728 -1.806930 5.937452
v -0.058080 -0.138967 0.600176
vn -1.522315 -1.826268 5.806064
v -0.072769 -0.132017 0.599116
vn -1.252759 -1.639032 5.919765
v -0.072627 -0.115717 0.604125
vn -1.102128 -1.219947 6.035594
v -0.072840 -0.097444 0.608672
vn -2.168552 -1.474084 5.625813
v -0.088122 -0.108075 0.602440
vn -2.265960 -0.927233 5.718281
v -0.088115 -0.090591 0.605972
vn -2.190031 -1.907697 5.540401
v -0.087918 -0.123725 0.597262
vn -3.271639 -1.503636 5.090024
v -0.102138 -0.115368 0.592958
vn -3.397972 -1.058484 5.134815
v -0.102209 -0.100449 0.596509
vn -3.363544 -0.705524 5.228557
v -0.102112 -0.084123 0.599268
vn -4.131196 -0.958796 4.610590
v -0.114622 -0.093376 0.588055
vn -3.985532 -0.656552 4.782349
v -0.114813 -0.077962 0.590691
vn -4.213246 -1.076668 4.510190
v -0.114347 -0.107454 0.585076
vn -4.998250 -1.023220 3.578727
v -0.125298 -0.100843 0.574918
vn -4.880976 -0.920397 3.732267
v -0.125763 -0.086976 0.578304
vn -4.764215 -0.563315 3.917436
v -0.126058 -0.071785 0.581153
vn -5.621002 -0.785062 2.623153
v -0.134085 -0.081316 0.565287
vn -5.564522 -0.522159 2.784431
v -0.134651 -0.066510 0.567916
vn -5.660143 -0.957038 2.484972
v -0.133441 -0.095074 0.561917
vn -5.929208 -0.921255 1.842898
v -0.139454 -0.090148 0.546690
vn -5.912117 -0.771220 1.963237
v -0.140563 -0.077079 0.549055
vn -5.881689 -0.608504 2.107295
v -0.141536 -0.063560 0.550837
vn -5.998309 -0.894385 1.622374
v -0.145896 -0.075165 0.532160
vn -5.998464 -0.732856 1.686021
v -0.147335 -0.062810 0.533291
vn -6.001925 -0.963448 1.585094
v -0.144191 -0.087836 0.530782
vn -6.075562 -0.844963 1.357784
v -0.149512 -0.076338 0.515924
vn -6.049458 -0.878272 1.446337
v -0.147946 -0.088926 0.515245
vn -6.098267 -0.749488 1.296212
v -0.151161 -0.063910 0.516490
vn -6.144146 -0.660344 1.129691
v -0.153984 -0.065669 0.500633
vn -6.115610 -0.726543 1.239543
v -0.152626 -0.078195 0.500313
vn -6.085387 -0.956168 1.208147
v -0.151080 -0.090902 0.500058
vn 0.077347 -1.924232 5.956495
v -0.043791 -0.159960 0.594588
vn -0.803492 -1.862128 5.933311
v -0.057507 -0.154488 0.595328
vn -1.597529 -1.764372 5.807037
v -0.072533 -0.146577 0.594559
vn -2.311017 -1.880792 5.519412
v -0.087407 -0.137719 0.592288
vn -3.088690 -1.879860 5.109426
v -0.101320 -0.129029 0.588637
vn -4.114223 -1.345582 4.487988
v -0.113988 -0.120898 0.582211
vn -5.074550 -1.043352 3.440310
v -0.124751 -0.113667 0.572120
vn -5.710599 -1.036946 2.345700
v -0.132445 -0.107473 0.559016
vn -5.936016 -1.044650 1.764763
v -0.137982 -0.102787 0.544346
vn -5.985374 -1.062844 1.586678
v -0.142384 -0.100989 0.529162
vn -6.013652 -1.116222 1.401718
v -0.146155 -0.102234 0.514278
vn -6.060276 -1.210214 1.131070
v -0.148638 -0.104058 0.499595
vn -0.190072 -0.833676 6.215542
v -0.044325 -0.085462 0.613093
vn -0.489315 -0.833010 6.196061
v -0.058688 -0.082422 0.612802
vn -1.212760 -0.680945 6.087614
v -0.073908 -0.077577 0.611706
vn -2.385680 -0.429711 5.738555
v -0.088723 -0.071801 0.607903
vn -3.316791 -0.300859 5.302784
v -0.102229 -0.065983 0.600878
vn -3.902215 -0.233126 4.895298
v -0.114755 -0.060326 0.592262
vn -4.701193 -0.219274 4.062571
v -0.126271 -0.055026 0.582191
vn -5.518283 -0.326378 2.910150
v -0.135443 -0.051041 0.568501
vn -5.862859 -0.423543 2.206824
v -0.142526 -0.049550 0.551383
vn -6.010144 -0.465078 1.730303
v -0.148428 -0.049819 0.534110
vn -6.124061 -0.478794 1.289682
v -0.152361 -0.050896 0.517315
vn -6.175565 -0.457440 1.033032
v -0.155204 -0.052613 0.501264
vn -6.082325 -1.287829 0.887663
v -0.148279 -0.118498 0.485093
vn -6.027146 -1.612680 0.663874
v -0.145372 -0.131538 0.484712
vn -6.082669 -1.472909 0.452336
v -0.149880 -0.118980 0.470773
vn -5.997422 -1.828588 0.327208
v -0.146459 -0.131471 0.470511
vn -6.121182 -1.051712 0.912818
v -0.153486 -0.092153 0.485203
vn -6.092935 -1.200479 0.944346
v -0.150944 -0.105252 0.485168
vn -6.169035 -1.015156 0.511784
v -0.155294 -0.092664 0.469980
vn -6.126790 -1.235358 0.532323
v -0.152827 -0.105866 0.470495
vn -6.196342 -0.511622 0.849041
v -0.156539 -0.067144 0.485388
vn -6.161849 -0.729170 0.919260
v -0.155394 -0.079537 0.485197
vn -6.251417 -0.371882 0.333137
v -0.158034 -0.068066 0.469812
vn -6.215515 -0.670471 0.430256
v -0.157121 -0.080097 0.469754
vn -6.149111 -0.696906 0.839411
v -0.157545 -0.027684 0.487571
vn -6.239047 -0.105640 0.650994
v -0.157762 -0.041630 0.486992
vn -2.050380 -3.692386 1.361382
v -0.159492 -0.018765 0.488994
vn -1.751583 -3.605390 1.061913
v -0.160656 -0.023347 0.472454
vn -6.206479 -0.708805 0.308669
v -0.158748 -0.031504 0.471791
vn -6.272847 -0.079774 0.179271
v -0.158742 -0.044628 0.471203
vn -6.033984 -1.727527 0.147239
v -0.147319 -0.130901 0.455068
vn -6.099127 -1.488029 0.072014
v -0.150569 -0.118625 0.454848
vn -6.052670 -1.611496 -0.315841
v -0.147639 -0.129465 0.438017
vn -6.115950 -1.299755 -0.473188
v -0.150485 -0.117344 0.437128
vn -6.148754 -1.235985 -0.008966
v -0.153596 -0.105513 0.454311
vn -6.197863 -0.911650 -0.124394
v -0.155996 -0.092163 0.453619
vn -6.155187 -1.031666 -0.642267
v -0.152891 -0.103929 0.436232
vn -6.181171 -0.754702 -0.754205
v -0.154809 -0.090446 0.435518
vn -6.241454 -0.541345 -0.226569
v -0.157406 -0.079673 0.453140
vn -6.261825 -0.276491 -0.267717
v -0.158076 -0.068163 0.452949
vn -6.205173 -0.463657 -0.796867
v -0.155964 -0.078188 0.435201
vn -6.217525 -0.229985 -0.815227
v -0.156520 -0.067160 0.435016
vn -6.054891 -1.367482 -0.901741
v -0.146501 -0.126361 0.419677
vn -6.111762 -1.073975 -0.966550
v -0.148564 -0.114006 0.417995
vn -5.991847 -1.337250 -1.303127
v -0.143894 -0.122625 0.401320
vn -6.035531 -1.060938 -1.334338
v -0.145941 -0.110200 0.399085
vn -6.141365 -0.859251 -1.004263
v -0.150352 -0.100905 0.416591
vn -6.160164 -0.621833 -1.063210
v -0.151788 -0.087913 0.415854
vn -6.067104 -0.770126 -1.367448
v -0.147626 -0.097593 0.397737
vn -6.100570 -0.459913 -1.391459
v -0.148745 -0.085042 0.397578
vn -6.170242 -0.374802 -1.112497
v -0.152865 -0.075879 0.416171
vn -6.173526 -0.109774 -1.151775
v -0.153357 -0.064912 0.416527
vn -6.117999 -0.227907 -1.384624
v -0.149686 -0.072881 0.398839
vn -6.123475 0.092651 -1.371822
v -0.150091 -0.061552 0.399890
vn -5.853491 -1.258322 -1.845675
v -0.140094 -0.119401 0.383506
vn -5.868268 -0.918895 -2.010732
v -0.141617 -0.106898 0.381521
vn -5.702924 -1.022908 -2.380800
v -0.134172 -0.116966 0.366243
vn -5.710249 -0.739592 -2.513380
v -0.134990 -0.104404 0.364897
vn -5.880031 -0.687812 -2.035328
v -0.143548 -0.094378 0.381605
vn -5.943207 -0.358692 -1.959729
v -0.145107 -0.081730 0.383238
vn -5.780159 -0.290275 -2.431147
v -0.139887 -0.078454 0.369448
vn -5.719292 -0.646885 -2.505364
v -0.137400 -0.091730 0.366142
vn -5.981583 -0.136173 -1.870219
v -0.146423 -0.068913 0.385654
vn -5.993037 0.296822 -1.783740
v -0.146895 -0.056843 0.387281
vn -5.812272 0.014517 -2.357147
v -0.142148 -0.064126 0.373833
vn -5.801826 0.525616 -2.307369
v -0.142969 -0.050792 0.377294
vn -5.704503 -0.832625 -2.493899
v -0.126688 -0.115374 0.349458
vn -5.722861 -0.768709 -2.468199
v -0.127649 -0.103398 0.348562
vn -5.748473 -0.848197 -2.385268
v -0.118907 -0.111332 0.329959
vn -5.772768 -1.087461 -2.168523
v -0.120434 -0.099860 0.330215
vn -5.827746 -0.337246 -2.314651
v -0.132694 -0.075895 0.352963
vn -5.777447 -0.714601 -2.355295
v -0.129806 -0.090449 0.349325
vn -5.991528 -0.628027 -1.769566
v -0.126126 -0.073929 0.333533
vn -5.871645 -1.038536 -1.964110
v -0.123500 -0.088431 0.331518
vn -5.814683 0.188131 -2.359189
v -0.136320 -0.058803 0.360822
vn -5.758008 0.470808 -2.435974
v -0.137940 -0.043535 0.368591
vn -5.771428 -0.827403 -1.762887
v -0.133373 -0.036556 0.357494
vn -6.037779 -0.180254 -1.677139
v -0.130408 -0.056112 0.344888
vn -2.813712 -3.885526 3.205798
v -0.153448 -0.000120 0.560012
vn -1.403123 -5.734240 1.581617
v -0.151604 -0.002187 0.553372
vn -1.570060 -4.733905 2.377462
v -0.162361 -0.004447 0.546613
vn 0.274760 -6.013806 1.241915
v -0.156691 -0.004431 0.541040
vn 1.235936 -5.915591 1.489594
v -0.160650 -0.008668 0.526325
vn -0.948408 -5.073914 2.168208
v -0.168185 -0.009796 0.531529
vn -0.376316 -5.327836 2.021959
v -0.171879 -0.016132 0.514430
vn 1.819407 -5.765735 1.608829
v -0.163700 -0.014127 0.509851
vn 2.262925 -5.606148 1.607640
v -0.165715 -0.019806 0.492195
vn 0.223615 -5.489217 1.895923
v -0.173784 -0.023043 0.494760
vn 0.861343 -5.486841 1.805759
v -0.173819 -0.029955 0.474211
vn 2.791368 -5.379028 1.573194
v -0.166284 -0.025488 0.473541
vn -1.260852 -3.216030 0.724580
v -0.160032 -0.027707 0.453493
vn -6.216083 -0.667519 -0.199690
v -0.158451 -0.034851 0.453331
vn -0.803842 -2.940541 0.528212
v -0.158292 -0.031649 0.434221
vn -6.143535 -0.898028 -0.556156
v -0.156746 -0.037267 0.434033
vn -6.267872 -0.025641 -0.320110
v -0.158528 -0.046902 0.453325
vn -6.221404 -0.081667 -0.837277
v -0.156704 -0.047710 0.434276
vn -6.222378 -0.357230 0.726383
v -0.157341 -0.054647 0.486077
vn -6.265341 -0.217981 0.246222
v -0.158515 -0.056491 0.470388
vn -6.266402 -0.129948 -0.297739
v -0.158402 -0.057594 0.453095
vn -6.217091 -0.078236 -0.853279
v -0.156685 -0.057344 0.434657
vn 2.512643 -5.100741 -1.330734
v -0.143852 -0.032571 0.372750
vn 4.652000 -4.048264 0.669423
v -0.147859 -0.036210 0.370185
vn 5.168336 -3.433082 -0.278973
v -0.144376 -0.033406 0.364341
vn 2.535765 -5.019252 -0.969277
v -0.141620 -0.029971 0.368474
vn 4.990457 -2.744611 -2.412691
v -0.142979 -0.029059 0.359503
vn -2.104236 -3.112806 -1.343148
v -0.139457 -0.029968 0.369891
vn -3.331452 -3.332385 -2.970448
v -0.141772 -0.034075 0.375560
vn 5.208825 -3.341415 -0.062246
v -0.151611 -0.045323 0.358261
vn 5.128747 -3.492997 0.942230
v -0.154308 -0.046695 0.369247
vn 2.436903 -4.907151 0.593387
v -0.160909 -0.055983 0.368442
vn 2.361186 -4.643256 -0.664996
v -0.159389 -0.055698 0.351120
vn 5.366555 -1.950894 -1.917074
v -0.152351 -0.042684 0.344749
vn 4.224425 -3.824616 -1.873352
v -0.158034 -0.050071 0.340596
vn -5.971619 0.330946 -1.908222
v -0.145611 -0.046407 0.386647
vn -5.721056 0.002083 -2.542314
v -0.141856 -0.040475 0.377552
vn -6.096897 0.226977 -1.493663
v -0.149369 -0.051491 0.399163
vn -5.936551 -0.716071 -1.802361
v -0.149078 -0.043338 0.398277
vn -5.333796 -1.762219 -2.305554
v -0.145081 -0.038855 0.384968
vn -3.473094 -3.933577 -1.069861
v -0.150744 -0.037791 0.398862
vn 1.783294 -4.851548 0.403057
v -0.154166 -0.037105 0.400123
vn 3.906946 -4.515804 0.514563
v -0.151290 -0.037422 0.383267
vn -0.581142 -4.855461 -1.308601
v -0.147160 -0.035469 0.383652
vn 5.077454 -3.524706 1.104110
v -0.156882 -0.045892 0.384270
vn 4.830047 -3.815691 1.221100
v -0.158971 -0.043470 0.401236
vn 2.249164 -5.006220 1.350454
v -0.164602 -0.050084 0.401423
vn 2.489753 -4.843872 1.179229
v -0.162717 -0.053748 0.384991
vn -6.160407 0.007314 -1.232944
v -0.153192 -0.055165 0.415903
vn -6.137034 -0.359782 -1.278434
v -0.153182 -0.046384 0.415311
vn -0.215405 -3.636998 0.423433
v -0.156381 -0.034984 0.416776
vn -5.629289 -2.108454 -0.780679
v -0.154026 -0.038321 0.415773
vn 4.597369 -4.037214 1.396345
v -0.160685 -0.040026 0.417801
vn 4.269257 -4.352843 1.513067
v -0.162594 -0.035796 0.435039
vn 1.885248 -5.193086 1.616945
v -0.169055 -0.041775 0.435831
vn 2.106454 -5.091258 1.470094
v -0.166581 -0.046209 0.418247
vn 3.555295 -4.886275 1.686933
v -0.164903 -0.030906 0.454059
vn 1.441652 -5.329628 1.852599
v -0.171914 -0.036294 0.454541
vn 0.307527 1.524125 6.084862
v -0.018928 0.017710 0.603938
vn 0.272278 2.146875 5.888923
v -0.019018 0.044197 0.596202
vn 0.319815 1.540504 6.071213
v -0.032433 0.018357 0.604817
vn 0.155307 2.240040 5.843437
v -0.032550 0.045345 0.596590
vn -0.222238 1.633130 6.031810
v -0.046379 0.019262 0.604989
vn -0.444850 2.367881 5.757080
v -0.046485 0.046341 0.596095
vn -0.962319 1.746720 5.932065
v -0.060363 0.019993 0.603326
vn -1.207944 2.478133 5.600668
v -0.060434 0.046781 0.593857
vn -1.497155 1.838322 5.801320
v -0.074419 0.020472 0.600060
vn -1.721931 2.574656 5.446918
v -0.074244 0.046565 0.589947
vn -1.728952 1.859766 5.725834
v -0.088810 0.020818 0.595868
vn -1.791214 2.676196 5.387508
v -0.088633 0.045546 0.585409
vn -1.893662 1.740777 5.680985
v -0.103603 0.021109 0.591396
vn -1.827830 2.756766 5.315429
v -0.104244 0.043748 0.581473
vn -2.361654 1.471893 5.527457
v -0.118089 0.020601 0.586460
vn -2.299995 2.700230 5.110882
v -0.120123 0.040588 0.577382
vn -3.082226 0.912806 5.236679
v -0.131750 0.018272 0.580286
vn -2.868914 2.377303 4.976120
v -0.135488 0.035281 0.572140
vn -3.505440 -0.103462 4.979023
v -0.144997 0.014369 0.572201
vn -3.430424 1.592543 4.832070
v -0.150365 0.028916 0.565885
vn -3.958052 -1.156660 4.451146
v -0.157720 0.009152 0.561351
vn -4.353623 0.538157 4.245115
v -0.163205 0.022435 0.556671
vn -4.491922 -2.051435 3.470382
v -0.167959 0.002959 0.547758
vn -5.238040 -0.316198 3.217812
v -0.172965 0.015517 0.543848
vn -4.564452 -2.764991 2.732087
v -0.174718 -0.004043 0.532014
vn -5.696863 -0.765739 2.305946
v -0.179686 0.007813 0.528110
vn -5.872706 -1.015436 1.589259
v -0.184369 -0.000637 0.510478
vn -4.300378 -3.370136 2.198933
v -0.179223 -0.011863 0.514398
vn -3.893906 -3.933153 1.778215
v -0.181513 -0.020214 0.494275
vn -5.889626 -1.307425 1.028982
v -0.187060 -0.009486 0.491206
vn -5.832983 -1.645982 0.629950
v -0.187626 -0.018008 0.471604
vn -3.451842 -4.360866 1.504423
v -0.181620 -0.028244 0.473541
vn -2.430544 -4.841092 -0.100231
v -0.165598 -0.056158 0.366091
vn -1.418654 -4.434909 -1.186392
v -0.164718 -0.054738 0.343956
vn -5.406750 -3.161009 -0.414383
v -0.169243 -0.050142 0.363021
vn -4.928523 -3.614985 -0.978607
v -0.168583 -0.048108 0.337113
vn 0.558794 -2.999942 -2.093647
v -0.163612 -0.049149 0.326702
vn -1.268875 -2.825211 -3.147398
v -0.169369 -0.041297 0.320270
vn -2.539427 -5.054561 0.704295
v -0.170660 -0.050191 0.399900
vn -2.356062 -4.952224 0.541876
v -0.167813 -0.054078 0.383781
vn -5.350767 -3.161687 -0.368671
v -0.172260 -0.048182 0.381964
vn -5.397096 -2.938122 -0.308182
v -0.175970 -0.043774 0.398283
vn -2.527123 -5.077045 0.780506
v -0.173868 -0.046044 0.417494
vn -2.634329 -4.980545 0.989185
v -0.177202 -0.041193 0.435893
vn -5.407813 -2.727913 -0.355713
v -0.180239 -0.038638 0.416430
vn -5.482426 -2.466311 -0.113605
v -0.184288 -0.032623 0.435191
vn -2.986084 -4.725934 1.263403
v -0.180032 -0.035243 0.454343
vn -5.671063 -2.066297 0.280427
v -0.186753 -0.025731 0.453260
vn -2.025495 2.790012 5.229650
v -0.171504 0.092932 0.527412
vn -1.590356 3.207978 5.138113
v -0.154253 0.095901 0.531810
vn -1.231946 3.785430 4.816665
v -0.163069 0.112738 0.517570
vn -1.584024 3.304955 5.070809
v -0.180258 0.111350 0.513615
vn -0.416567 4.522843 4.199502
v -0.167856 0.127595 0.503719
vn -1.154039 4.018610 4.594035
v -0.184780 0.126955 0.501238
vn -2.393975 2.645800 5.061133
v -0.198696 0.109588 0.508369
vn -2.164532 3.578670 4.508650
v -0.202955 0.124549 0.497237
vn -2.691310 1.986990 5.226219
v -0.189967 0.090882 0.520840
vn -3.658098 0.818323 4.902946
v -0.205333 0.087528 0.512347
vn -3.227686 1.784446 5.018304
v -0.214530 0.105432 0.500769
vn -3.294430 3.036694 4.026676
v -0.222735 0.118533 0.489970
vn -4.146776 0.398607 4.302518
v -0.229061 0.099827 0.492422
vn -4.607574 2.018497 2.767602
v -0.237069 0.111810 0.480061
vn -4.343357 -0.663558 4.260003
v -0.216299 0.083508 0.503043
vn -4.788834 -2.156115 3.336561
v -0.222318 0.079585 0.493693
vn -5.124835 -1.015638 3.018396
v -0.236260 0.094737 0.482597
vn -5.625170 1.021040 1.555114
v -0.242680 0.107305 0.468405
vn -5.511576 -1.749393 1.931174
v -0.239695 0.089976 0.471882
vn -5.901193 0.351183 0.084919
v -0.244850 0.103899 0.456966
vn -4.856218 -2.933117 2.625120
v -0.225989 0.075199 0.483625
vn -4.912700 -3.310165 1.962188
v -0.228718 0.070711 0.471979
vn -5.665352 -2.024454 0.956491
v -0.241121 0.085403 0.460278
vn -5.974249 0.106889 -1.119211
v -0.243447 0.099142 0.445915
vn -5.671682 -2.154242 0.229459
v -0.240067 0.078767 0.447160
vn -5.877356 -0.237896 -1.590750
v -0.240698 0.090047 0.433668
vn -4.987943 -3.528545 1.352196
v -0.229407 0.065730 0.458871
vn -5.775141 -2.153931 0.022747
v -0.196371 -0.001828 0.340467
vn -5.348491 -3.242927 -0.277861
v -0.190210 -0.013098 0.333352
vn -5.796238 -2.386130 0.374206
v -0.193198 -0.005240 0.357520
vn -5.998152 -1.816278 0.274753
v -0.197655 0.007558 0.359687
vn -5.393040 0.804016 -1.027349
v -0.199013 0.009770 0.348588
vn -5.655380 0.727549 -1.737534
v -0.199883 0.018460 0.362151
vn -4.871691 1.099536 -2.015260
v -0.197289 0.003826 0.337048
vn -4.385865 -0.199224 -2.186175
v -0.194123 -0.005822 0.326887
vn -4.885199 -2.109383 -2.503437
v -0.185989 -0.016488 0.319542
vn -5.895437 -1.994827 -0.424013
v -0.202800 0.021238 0.378490
vn -5.785510 -2.426252 0.231181
v -0.196908 0.008188 0.379254
vn -5.588316 -2.844763 -0.180117
v -0.203657 0.023395 0.398678
vn -5.704064 -2.365851 -1.014252
v -0.209773 0.035937 0.395052
vn -5.463759 0.062937 -2.439151
v -0.204831 0.031481 0.376750
vn -5.431274 -0.840542 -2.722135
v -0.211093 0.044608 0.389525
vn -5.430615 -2.791690 -1.325751
v -0.218376 0.047687 0.408082
vn -5.346642 -3.246986 -0.369565
v -0.213305 0.036924 0.415408
vn -5.088123 -3.642457 0.158708
v -0.222137 0.049540 0.430469
vn -5.294725 -2.917644 -1.153822
v -0.227991 0.058570 0.420256
vn -5.294798 -1.385314 -2.752032
v -0.225720 0.063877 0.407730
vn -5.316998 -1.423591 -2.808836
v -0.217819 0.054220 0.398697
vn -4.995650 -3.667804 0.891322
v -0.227561 0.058883 0.445032
vn -5.469833 -2.497712 -0.469924
v -0.235963 0.069068 0.433629
vn -5.562620 -0.904404 -2.375351
v -0.234388 0.076542 0.419990
vn -2.376800 3.292608 4.782406
v -0.121336 0.054737 0.567224
vn -2.708446 2.850939 4.892568
v -0.139809 0.048524 0.560963
vn -1.949259 3.229908 5.013839
v -0.123348 0.069168 0.556341
vn -2.285680 2.376894 5.338349
v -0.147697 0.061509 0.550568
vn -3.368218 2.011067 4.870286
v -0.157047 0.042169 0.554216
vn -3.217816 1.328625 5.168216
v -0.167419 0.056138 0.543340
vn -4.547895 0.743247 4.191969
v -0.169246 0.036481 0.545720
vn -4.412002 -0.122557 4.374311
v -0.179460 0.051584 0.534404
vn -5.451682 -0.338277 3.048531
v -0.177302 0.030643 0.534051
vn -5.103000 -1.489507 3.294816
v -0.186795 0.047072 0.523615
vn -5.826451 -0.850086 2.088796
v -0.182729 0.024343 0.519365
vn -5.320054 -2.294542 2.360887
v -0.191604 0.042224 0.510313
vn -5.992867 -1.027627 1.393918
v -0.186284 0.017758 0.503052
vn -5.382017 -2.613168 1.763399
v -0.194534 0.037315 0.495805
vn -6.068911 -1.090557 0.932943
v -0.188318 0.010763 0.485950
vn -5.374006 -2.757508 1.482992
v -0.196358 0.032558 0.481290
vn -5.392584 -2.787583 1.282008
v -0.196956 0.026539 0.466031
vn -6.093106 -1.139670 0.592466
v -0.188864 0.003011 0.468308
vn -6.119460 -1.237038 0.256735
v -0.188690 -0.005702 0.450996
vn -5.518192 -2.684476 1.059040
v -0.196377 0.017749 0.449567
vn -5.677114 -2.586105 0.443769
v -0.194259 0.007503 0.432720
vn -6.098006 -1.412888 -0.272187
v -0.186979 -0.014622 0.433613
vn -6.041332 -1.573937 -0.597923
v -0.183467 -0.023105 0.415838
vn -5.752499 -2.455746 -0.011256
v -0.189925 -0.003221 0.415948
vn -5.750006 -2.387472 0.175429
v -0.185252 -0.013694 0.398661
vn -5.970415 -1.851092 -0.350719
v -0.179579 -0.030744 0.398092
vn -5.749447 -2.503713 -0.291788
v -0.176804 -0.037332 0.380751
vn -5.685768 -2.641637 0.313161
v -0.183030 -0.023393 0.380056
vn -5.393795 -3.210819 -0.132428
v -0.179987 -0.029845 0.357459
vn -5.515161 -2.994362 -0.304022
v -0.173939 -0.040973 0.359930
vn -5.345805 -3.189719 -0.749261
v -0.172370 -0.040504 0.332003
vn -5.217325 -3.465199 -0.399624
v -0.177581 -0.031332 0.331301
vn -3.244532 -3.512872 -3.119894
v -0.173360 -0.034744 0.318368
vn -4.713056 -3.616904 -1.242712
v -0.177344 -0.030986 0.319791
vn -1.553854 2.905465 5.337197
v -0.140880 0.081723 0.543589
vn -2.102374 2.303138 5.397590
v -0.159712 0.076377 0.540552
vn -3.045027 1.380977 5.211343
v -0.178971 0.072551 0.532916
vn -3.993268 -0.037176 4.691188
v -0.192516 0.068854 0.523929
vn -4.622258 -1.545289 3.769678
v -0.201701 0.065054 0.513877
vn -4.900460 -2.713896 2.749689
v -0.207176 0.061095 0.502493
vn -4.887453 -3.292728 2.166071
v -0.210206 0.057056 0.490239
vn -4.813525 -3.565905 1.889453
v -0.212396 0.052761 0.477480
vn -4.839982 -3.692113 1.551385
v -0.213175 0.047460 0.463968
vn -4.975042 -3.630437 1.226945
v -0.212027 0.040222 0.449085
vn -5.194241 -3.449645 0.656942
v -0.208586 0.030527 0.433351
vn -5.432292 -3.148106 0.092894
v -0.201642 0.018424 0.417060
vn -5.635452 -2.763463 0.222691
v -0.194987 0.005051 0.399253
vn -5.707245 -2.557897 0.497916
v -0.190766 -0.007714 0.379680
vn -5.482047 -2.979971 0.131542
v -0.187791 -0.018043 0.356653
vn -5.211692 -3.460154 -0.479773
v -0.183712 -0.022665 0.330916
vn -5.015645 -2.870091 -2.213914
v -0.179757 -0.025152 0.317065
vn -0.116523 4.661949 4.202967
v -0.020393 0.102609 0.554954
vn -0.255853 5.002045 3.777586
v -0.020609 0.114019 0.541309
vn -0.345756 5.360709 3.227192
v -0.020955 0.125691 0.524288
vn -0.457852 5.049930 3.698911
v -0.034681 0.113472 0.540607
vn -0.556790 5.371944 3.191333
v -0.035502 0.124610 0.523822
vn -0.360013 4.728436 4.108488
v -0.034296 0.102521 0.554401
vn -0.684020 4.726495 4.063451
v -0.047190 0.102363 0.553033
vn -0.662197 5.060565 3.646894
v -0.047818 0.112968 0.539430
vn -0.752713 5.390964 3.114154
v -0.049448 0.123453 0.522988
vn -0.938289 5.026307 3.625606
v -0.061126 0.112072 0.537852
vn -1.002482 5.403227 3.009456
v -0.063710 0.121887 0.521814
vn -1.032182 4.650745 4.073093
v -0.060059 0.101755 0.551063
vn -1.351458 4.517590 4.128850
v -0.073830 0.100261 0.548708
vn -1.211131 4.948731 3.645361
v -0.075625 0.110351 0.535953
vn -1.223285 5.402268 2.920700
v -0.079034 0.119572 0.520303
vn -1.402261 4.863347 3.685985
v -0.090049 0.108459 0.533333
vn -1.294983 5.419416 2.854425
v -0.093979 0.117330 0.517845
vn -1.580816 4.356828 4.221512
v -0.087666 0.098230 0.545927
vn -1.522061 4.251580 4.356631
v -0.100760 0.096221 0.542852
vn -1.237580 4.880510 3.734428
v -0.103131 0.107292 0.529734
vn -0.850033 5.541613 2.796649
v -0.107187 0.116354 0.513997
vn -0.321506 4.981781 3.777953
v -0.115262 0.107783 0.526011
vn 0.375844 5.656050 2.646657
v -0.119353 0.117340 0.510213
vn -0.955840 4.217944 4.539593
v -0.113322 0.096163 0.539097
vn 0.195649 2.984656 5.505482
v -0.019251 0.062871 0.588016
vn 0.110180 3.753181 5.023219
v -0.019597 0.077111 0.578760
vn -0.008832 3.100775 5.428516
v -0.032763 0.063916 0.587945
vn -0.152282 3.844492 4.940899
v -0.033151 0.077784 0.578446
vn -0.600095 3.226235 5.305777
v -0.046356 0.064605 0.586946
vn -0.713781 3.919467 4.827111
v -0.046311 0.078062 0.577149
vn -1.286587 3.295100 5.142419
v -0.060023 0.064572 0.584458
vn -1.281927 3.914584 4.723238
v -0.059574 0.077615 0.574617
vn -1.764315 3.298304 5.016235
v -0.073930 0.063760 0.580581
vn -1.696140 3.824789 4.673277
v -0.073562 0.076386 0.571076
vn -1.922241 3.336681 4.952677
v -0.088539 0.061920 0.576027
vn -1.918810 3.715997 4.684620
v -0.088238 0.074210 0.566904
vn -2.021523 3.434232 4.844531
v -0.104299 0.059019 0.571836
vn -1.952207 3.632702 4.739284
v -0.103581 0.071134 0.562722
vn 0.017107 4.280960 4.588737
v -0.020021 0.090322 0.567573
vn -0.265629 4.349777 4.503708
v -0.033733 0.090659 0.567140
vn -0.738122 4.362539 4.435525
v -0.046641 0.090697 0.565704
vn -1.183205 4.287130 4.417711
v -0.059561 0.090144 0.563366
vn -1.545988 4.148263 4.441532
v -0.073332 0.088741 0.560403
vn -1.786493 4.002460 4.492580
v -0.087488 0.086545 0.556962
vn -1.744294 3.890859 4.612521
v -0.101621 0.083789 0.553379
vn -1.405615 3.692270 4.877522
v -0.115712 0.083857 0.548537
vn 0.128293 5.253022 1.184910
v -0.169980 0.136919 0.491985
vn -0.683514 4.990363 1.097133
v -0.185714 0.136389 0.491264
vn -0.073706 4.471670 -3.757798
v -0.183214 0.132689 0.480883
vn -0.059476 4.240611 -3.487161
v -0.167603 0.134096 0.480957
vn -1.560218 4.871852 0.998227
v -0.204084 0.132893 0.487868
vn -0.133585 4.716668 -3.534719
v -0.201526 0.129588 0.477632
vn -2.521753 4.902474 1.148541
v -0.222211 0.126253 0.480711
vn -0.085855 5.069211 -2.679340
v -0.218266 0.125723 0.471297
vn -1.017804 5.499572 -1.750052
v -0.230051 0.121635 0.465579
vn -3.810821 4.359860 0.854585
v -0.235158 0.119585 0.470414
vn -4.057048 3.655144 -0.316960
v -0.241050 0.115510 0.458700
vn -0.192449 5.382979 -2.173425
v -0.232684 0.118136 0.455627
vn -3.481244 3.291652 -1.917096
v -0.241241 0.111900 0.447406
vn 1.063692 5.056486 -2.966111
v -0.231241 0.111515 0.443758
vn -2.947777 3.221039 -2.763803
v -0.238595 0.106613 0.436911
vn 1.660087 4.663814 -3.059892
v -0.227583 0.103653 0.431941
vn -3.232220 2.430221 -3.095779
v -0.236535 0.096858 0.424761
vn 0.967469 4.295971 -3.385433
v -0.225197 0.093294 0.418011
vn -2.419260 3.979557 -3.295249
v -0.194899 0.018033 0.351547
vn -2.799739 3.384441 -4.073893
v -0.195540 0.027486 0.362795
vn 1.740644 4.266580 -3.762509
v -0.185029 0.020827 0.354406
vn 1.434317 4.024967 -3.798015
v -0.187335 0.031306 0.364208
vn 2.261160 4.432954 -3.469545
v -0.183311 0.008945 0.341676
vn -1.905215 3.983449 -3.340010
v -0.194699 0.007483 0.337449
vn -3.206964 2.359076 -4.450334
v -0.200294 0.039498 0.373920
vn -3.618170 1.305360 -4.649058
v -0.206190 0.050937 0.383442
vn 1.195301 3.481958 -3.819418
v -0.198832 0.053612 0.381902
vn 1.361190 3.757431 -3.787877
v -0.192448 0.042587 0.373678
vn -4.219736 0.693736 -4.241444
v -0.219304 0.068886 0.397918
vn -4.152326 0.636921 -4.429787
v -0.212286 0.059569 0.390317
vn -0.886910 3.052017 -4.465227
v -0.213939 0.071645 0.395195
vn 0.227823 2.957876 -3.913367
v -0.206335 0.063974 0.387947
vn -3.917790 1.631615 -3.864721
v -0.228579 0.082334 0.410230
vn 0.149739 3.498245 -3.360629
v -0.218117 0.081157 0.402704
vn -0.627377 6.031040 1.567457
v -0.023161 0.156628 0.447005
vn -0.481277 5.908603 2.034094
v -0.022346 0.148465 0.474036
vn -0.708356 6.129933 1.074150
v -0.023843 0.162178 0.420993
vn -1.200577 6.067138 1.014965
v -0.041670 0.159199 0.421452
vn -1.099891 5.985246 1.510970
v -0.040483 0.153756 0.447943
vn -0.900309 5.879718 1.972637
v -0.038943 0.146075 0.475372
vn -1.321389 5.841446 1.869317
v -0.056152 0.142566 0.475621
vn -1.535300 5.915166 1.418236
v -0.058264 0.149707 0.448114
vn -1.705839 5.945375 0.901525
v -0.059522 0.155140 0.421491
vn -2.423763 5.691353 0.679372
v -0.076382 0.149436 0.421802
vn -2.052625 5.779606 1.262317
v -0.075466 0.144633 0.448305
vn -1.677274 5.804815 1.684842
v -0.073089 0.138294 0.475365
vn -2.501615 5.655222 0.970880
v -0.090683 0.138362 0.449149
vn -1.878152 5.823315 1.386007
v -0.088629 0.133498 0.475158
vn -3.126519 5.380557 0.355277
v -0.091100 0.141771 0.423098
vn -3.581043 5.118663 -0.023984
v -0.104363 0.133032 0.425411
vn -2.713637 5.619203 0.487899
v -0.104250 0.131732 0.450779
vn -1.702241 5.956762 0.973557
v -0.102562 0.128996 0.475148
vn -3.103867 5.339453 -0.364408
v -0.116669 0.125746 0.453499
vn -1.219191 6.131967 0.400263
v -0.115088 0.126147 0.475171
vn -4.062020 4.721338 -0.419248
v -0.116669 0.123802 0.428952
vn -4.881478 3.805227 -0.636203
v -0.129903 0.110785 0.431811
vn -4.678536 3.974672 -1.084483
v -0.127633 0.116936 0.456232
vn -1.286195 5.379171 -1.864456
v -0.128095 0.123275 0.475123
vn -0.376479 5.691458 2.589379
v -0.021631 0.137935 0.501021
vn -0.698907 5.673524 2.563447
v -0.037191 0.136198 0.501562
vn -1.035220 5.676251 2.451517
v -0.052798 0.133844 0.501309
vn -1.291073 5.693089 2.294988
v -0.068477 0.130885 0.500517
vn -1.446563 5.724242 2.120805
v -0.084089 0.127463 0.499527
vn -1.284786 5.827151 1.942769
v -0.098645 0.124284 0.497975
vn -0.524337 6.002439 1.723122
v -0.111592 0.122867 0.495472
vn 0.720681 6.089032 1.088752
v -0.123393 0.123724 0.492726
vn -5.851522 -1.122532 -1.927889
v -0.119373 -0.083428 0.313329
vn -6.032905 -1.015733 -1.416481
v -0.120479 -0.072280 0.311237
vn -5.833125 -1.585418 -1.701563
v -0.115786 -0.090129 0.307450
vn -5.906269 -1.933885 -0.406892
v -0.115068 -0.070957 0.282527
vn -6.125268 -0.992911 -0.935486
v -0.126566 -0.049146 0.322440
vn -6.067395 -0.829964 -1.398138
v -0.125291 -0.059143 0.323775
vn 3.837943 -0.086894 -3.439947
v -0.160660 -0.038457 0.323426
vn 1.637127 0.619423 -3.515116
v -0.169541 -0.032474 0.316178
vn 3.883653 3.149297 -3.428518
v -0.169401 -0.027519 0.325894
vn 4.194719 1.969867 -3.589485
v -0.157995 -0.028176 0.332737
vn -0.254324 -0.307120 -2.898459
v -0.175824 -0.029324 0.314662
vn -0.227816 0.129221 -3.200922
v -0.181106 -0.019709 0.314620
vn -2.005670 1.910357 -4.165506
v -0.189194 -0.007047 0.321563
vn 2.397231 3.269323 -3.780240
v -0.180549 -0.006142 0.323077
vn -1.699086 -5.877169 1.412454
v -0.080124 -0.137926 0.088157
vn -1.991261 -5.804192 1.328349
v -0.100680 -0.127735 0.106491
vn -2.512569 -5.538344 1.139109
v -0.115485 -0.132887 0.070479
vn -1.614438 -5.926538 0.934727
v -0.090072 -0.144485 0.055660
vn -1.133966 -6.070045 1.080076
v -0.057530 -0.147211 0.074884
vn -1.199468 -6.126500 0.680347
v -0.062320 -0.150468 0.044593
vn -1.341735 -6.041740 0.870770
v -0.055256 -0.143414 0.100957
vn -2.087627 -5.830420 0.920975
v -0.074619 -0.133722 0.115217
vn -2.346428 -5.696986 1.157930
v -0.092245 -0.124879 0.136332
vn 0.129687 -6.169263 0.980003
v -0.032210 -0.146804 0.093157
vn -0.297604 -6.109993 1.228300
v -0.032905 -0.152195 0.066627
vn -0.851518 -6.112700 0.791208
v -0.034561 -0.157596 0.037520
vn -0.793446 6.175710 0.727542
v -0.024180 0.165383 0.397329
vn -0.928842 6.162635 0.705363
v -0.024445 0.167763 0.374283
vn -1.520457 6.066908 0.541521
v -0.042566 0.163882 0.374875
vn -1.338882 6.093395 0.647428
v -0.042197 0.162100 0.397824
vn -1.966904 5.925314 0.499782
v -0.059884 0.157440 0.397701
vn -2.218958 5.857357 0.370908
v -0.060007 0.158536 0.374580
vn -2.837174 5.559042 0.222647
v -0.076294 0.150865 0.397568
vn -3.107126 5.438517 0.224950
v -0.075987 0.151224 0.373891
vn -3.595014 5.127522 -0.073272
v -0.090444 0.142075 0.398053
vn -3.837280 4.965984 0.091084
v -0.089819 0.141725 0.373319
vn -4.247854 4.625542 -0.043449
v -0.102054 0.131062 0.373102
vn -4.036857 4.796813 -0.326852
v -0.103053 0.132026 0.399379
vn -4.423537 4.416828 -0.521662
v -0.114835 0.121648 0.401805
vn -4.599403 4.267340 -0.197682
v -0.113196 0.120222 0.373487
vn -4.950862 3.789794 -0.676409
v -0.125029 0.109957 0.401317
vn -5.102899 3.635680 -0.330569
v -0.123037 0.108262 0.372475
vn -2.799435 -5.464414 0.195769
v -0.073377 -0.129954 0.243039
vn -4.566246 -4.264231 -0.076798
v -0.089709 -0.115785 0.247596
vn -4.430838 -4.354311 0.300974
v -0.089066 -0.119255 0.222935
vn -2.624701 -5.519885 0.265699
v -0.073222 -0.131846 0.219152
vn -0.470743 -6.203099 0.171122
v -0.051592 -0.135413 0.234873
vn -0.441441 -6.116902 0.278757
v -0.053080 -0.137350 0.211590
vn 0.559180 -6.215164 -0.179611
v -0.028617 -0.132855 0.231406
vn 0.791317 -6.221067 0.358332
v -0.029807 -0.134617 0.207929
vn -2.677816 -5.604447 -0.054449
v -0.072944 -0.131687 0.194553
vn -4.121194 -4.679002 0.118254
v -0.086951 -0.122111 0.197425
vn -3.563115 -5.151430 0.052748
v -0.082885 -0.125038 0.176251
vn -2.677766 -5.672647 0.028352
v -0.072886 -0.130581 0.168987
vn -0.836976 -6.091405 0.109666
v -0.054082 -0.137874 0.186435
vn -1.264477 -6.061254 0.351334
v -0.054529 -0.138107 0.159307
vn 0.680462 -6.209010 0.433567
v -0.031182 -0.137001 0.181856
vn 0.457289 -6.192087 0.649427
v -0.031825 -0.139588 0.153366
vn -4.384661 4.479579 0.379645
v -0.102542 0.131509 0.347139
vn -4.800762 4.035843 0.230052
v -0.113661 0.119986 0.345719
vn -4.572896 4.223866 0.816074
v -0.104464 0.133123 0.321233
vn -5.051969 3.678783 0.560706
v -0.115683 0.120354 0.318303
vn -5.325748 3.311151 0.059596
v -0.123344 0.106955 0.343601
vn -5.523038 2.948874 0.383120
v -0.125295 0.105646 0.314823
vn -3.214526 5.347907 0.606130
v -0.076191 0.152831 0.349076
vn -3.960931 4.844653 0.496040
v -0.090098 0.142806 0.348187
vn -3.304979 5.203372 1.141336
v -0.077533 0.155988 0.324154
vn -4.072048 4.668689 1.006100
v -0.091695 0.145357 0.322983
vn -1.742088 5.975292 0.834933
v -0.043322 0.166114 0.350486
vn -2.366722 5.769925 0.699996
v -0.060518 0.160396 0.349988
vn -1.907760 5.824099 1.351385
v -0.044700 0.169781 0.326143
vn -2.465637 5.634117 1.247650
v -0.061919 0.163766 0.325312
vn -1.087629 6.095617 1.005006
v -0.024949 0.170842 0.350163
vn -1.227570 5.967006 1.494572
v -0.025806 0.175266 0.326372
vn -4.847337 3.801584 1.194274
v -0.107879 0.135788 0.295183
vn -5.278710 3.243880 0.997494
v -0.118800 0.120817 0.291065
vn -4.934221 3.507476 1.653966
v -0.112766 0.139481 0.269361
vn -5.242616 3.024692 1.671165
v -0.124392 0.122845 0.264669
vn -5.516706 2.794998 1.053894
v -0.128846 0.104168 0.286428
vn -5.354548 2.776464 1.754504
v -0.136006 0.104811 0.259455
vn -3.446827 4.991957 1.578138
v -0.080528 0.160697 0.300076
vn -4.231806 4.408245 1.418485
v -0.095026 0.149326 0.298012
vn -3.631594 4.785924 1.800660
v -0.084761 0.165829 0.276593
vn -4.341717 4.190483 1.700397
v -0.099690 0.153924 0.273330
vn -2.058760 5.583816 1.995860
v -0.046857 0.175803 0.303365
vn -2.644016 5.410839 1.769153
v -0.064554 0.169105 0.301871
vn -2.391550 5.240546 2.491574
v -0.049891 0.183458 0.282068
vn -2.983370 5.126965 2.056476
v -0.068228 0.175347 0.279442
vn -1.309804 5.728413 2.188173
v -0.027084 0.181828 0.304429
vn -1.459219 5.363033 2.893812
v -0.029011 0.190544 0.284313
vn -1.067205 3.609101 4.982548
v -0.142167 0.100565 0.532075
vn -1.024614 3.442534 5.141330
v -0.129897 0.089895 0.541344
vn -0.335806 4.137568 4.674927
v -0.125689 0.100038 0.534452
vn -0.415502 4.166790 4.637998
v -0.135411 0.104895 0.529579
vn 0.988032 5.662784 1.247329
v -0.156578 0.134918 0.490934
vn 0.288075 5.044028 3.483324
v -0.154486 0.127233 0.504686
vn 2.009726 5.697805 1.060522
v -0.144719 0.131295 0.490190
vn 1.045808 5.344603 2.836421
v -0.142620 0.125079 0.505743
vn 1.871881 4.853419 -2.038666
v -0.145931 0.131991 0.481950
vn 0.440819 3.952102 -2.971431
v -0.154570 0.133934 0.479799
vn -0.726140 4.288495 4.442290
v -0.149964 0.114365 0.519249
vn 0.107401 4.719376 3.982900
v -0.138638 0.114319 0.520458
vn 2.005566 5.819115 0.619918
v -0.134046 0.127046 0.490937
vn 1.311315 5.543094 2.551830
v -0.131029 0.120930 0.507642
vn 1.173165 4.770929 -2.801063
v -0.138182 0.127641 0.478822
vn 0.484027 4.937884 3.775596
v -0.127015 0.111027 0.523039
vn 0.991108 2.392765 -5.704478
v -0.175905 0.109675 0.470786
vn -0.028903 1.782401 -6.007068
v -0.158438 0.114077 0.473806
vn -1.634883 2.730409 -4.148513
v -0.148622 0.092593 0.468822
vn 0.544270 3.153462 -5.036823
v -0.166536 0.084698 0.463519
vn 2.582513 3.505078 -3.969465
v -0.187784 0.080067 0.453745
vn 1.803127 3.266822 -4.989697
v -0.196439 0.109264 0.465546
vn 3.439799 3.990740 -3.341552
v -0.211099 0.098459 0.446876
vn 2.115287 4.551862 -3.729887
v -0.217690 0.114504 0.459987
vn 3.966778 4.277275 -2.295937
v -0.207519 0.083915 0.430097
vn 3.531513 4.297684 -2.687125
v -0.185908 0.062716 0.430631
vn 4.105656 4.409984 -1.717660
v -0.203890 0.073754 0.412096
vn 4.118400 4.191272 -2.086150
v -0.182383 0.046891 0.406549
vn 4.073805 3.983535 -2.477931
v -0.177875 0.026671 0.369483
vn 4.087155 3.792932 -2.827653
v -0.171973 0.015407 0.362708
vn 3.797546 4.302659 -2.427272
v -0.167655 0.018984 0.377666
vn 2.157625 4.129447 -3.447181
v -0.159851 0.008502 0.373070
vn 3.619312 4.003940 -3.169292
v -0.166772 0.004168 0.356379
vn -1.801356 2.710696 -2.495015
v -0.149470 0.000679 0.366294
vn 4.346493 4.043066 -2.005363
v -0.192034 0.051464 0.389923
vn 4.254560 4.081386 -2.089393
v -0.184168 0.038263 0.379648
vn 4.094626 4.269511 -2.007182
v -0.173971 0.030310 0.388933
vn 3.556941 4.322369 -2.357052
v -0.203479 0.067978 0.396660
vn 3.377958 3.743668 -3.677547
v -0.162425 -0.007348 0.347533
vn -1.600183 0.812980 -3.049387
v -0.144822 -0.006931 0.359558
vn 3.351235 3.116296 -4.172165
v -0.156284 -0.016908 0.342960
vn -1.352684 -0.326187 -2.869012
v -0.138697 -0.015618 0.357465
vn -2.801456 2.452708 -3.906097
v -0.137626 0.107864 0.470647
vn -0.140383 2.363166 -5.709577
v -0.146190 0.121793 0.474712
vn -3.709584 3.596830 -2.097423
v -0.145689 0.085093 0.457215
vn -2.221572 4.016068 -3.557754
v -0.157516 0.073285 0.452962
vn -5.346460 3.038845 -0.861427
v -0.145194 0.084265 0.446934
vn -4.765988 3.104897 -2.177083
v -0.150087 0.073052 0.441216
vn -0.099838 4.218439 -3.917640
v -0.166442 0.062557 0.444162
vn -3.942398 2.797353 -3.012980
v -0.152956 0.058896 0.433124
vn 0.890559 4.290151 -3.624099
v -0.167066 0.048877 0.429563
vn -3.591029 2.757532 -2.842660
v -0.152717 0.046364 0.422267
vn 1.277513 4.498588 -3.263200
v -0.163878 0.035048 0.412960
vn -3.514318 2.694538 -2.461101
v -0.151171 0.035294 0.409881
vn 1.461888 4.744498 -2.927031
v -0.161132 0.024327 0.397905
vn -3.446593 2.703643 -2.251625
v -0.150052 0.025559 0.397216
vn 1.452977 5.030030 -2.793118
v -0.157730 0.016400 0.385589
vn -3.107220 2.666601 -2.058448
v -0.148752 0.016555 0.385253
vn -6.134764 -1.145961 -0.613126
v -0.128943 -0.035870 0.325292
vn -4.077121 -2.289865 -2.696718
v -0.135492 -0.026753 0.355990
vn -5.978631 -1.643809 -0.624687
v -0.132274 -0.020647 0.329228
vn -5.942222 -1.870384 0.461537
v -0.129434 -0.026675 0.280558
vn -5.940004 -1.941170 0.233602
v -0.123076 -0.047354 0.278666
vn -6.059400 -1.106975 -1.041329
v -0.143215 0.008117 0.334752
vn -5.861115 -2.056757 -0.864959
v -0.137940 -0.005938 0.331207
vn -6.168209 -0.948779 0.367968
v -0.140501 0.017364 0.293022
vn -6.003407 -1.672748 0.505063
v -0.135854 -0.004699 0.285551
vn -5.186496 3.116129 -1.142286
v -0.136549 0.101499 0.458004
vn -5.533393 2.878177 -0.354131
v -0.140039 0.095862 0.442393
vn 0.871542 4.939776 -3.683678
v -0.154864 0.011562 0.376821
vn -3.299939 2.452761 -2.088672
v -0.147707 0.008942 0.373681
vn -5.795575 2.292417 -0.747959
v -0.144088 0.083139 0.429764
vn -5.497252 2.883937 -0.790975
v -0.137917 0.093741 0.415243
vn -5.855689 2.060531 -0.765491
v -0.142325 0.081263 0.407623
vn -5.993603 1.612062 -0.950070
v -0.146733 0.069055 0.418044
vn -6.099240 1.247378 -0.809000
v -0.147209 0.060009 0.404861
vn -5.855854 2.036564 -0.767667
v -0.140779 0.079621 0.391090
vn -6.144421 1.065667 -0.669770
v -0.146782 0.053107 0.389819
vn -5.935397 1.887607 -0.738218
v -0.138797 0.076260 0.370418
vn -6.247361 0.009691 0.318950
v -0.141572 0.038453 0.302346
vn -6.232938 0.133363 -0.692479
v -0.145236 0.022690 0.343180
vn -6.217535 0.566083 -0.563738
v -0.145763 0.035782 0.355990
vn -6.160289 1.087521 0.303596
v -0.139340 0.062842 0.314348
vn -6.162413 0.872427 -0.626065
v -0.146507 0.045475 0.372549
vn -6.044174 1.660872 -0.339572
v -0.138056 0.070947 0.346631
vn -5.425863 3.071836 -0.697233
v -0.133186 0.096043 0.393885
vn -5.605788 2.759493 -0.474118
v -0.131384 0.094148 0.368051
vn -5.823724 2.310665 -0.060996
v -0.131510 0.091076 0.340425
vn -5.903994 2.050234 0.495998
v -0.133338 0.087709 0.311479
vn -5.599716 -1.828759 -2.137162
v -0.111271 -0.103612 0.306078
vn -5.542602 -2.742968 -0.874998
v -0.105534 -0.096287 0.277385
vn -1.555275 -4.538689 -1.914183
v -0.139829 -0.028832 0.363500
vn -5.440133 -1.135861 -2.346187
v -0.138496 -0.034243 0.370800
vn 4.287211 -0.670863 -4.284756
v -0.146028 -0.023309 0.351269
vn -5.523221 -2.878768 0.659962
v -0.115165 -0.076940 0.240814
vn -5.271074 -3.399048 0.051778
v -0.104292 -0.096730 0.245917
vn -4.974953 -3.790691 0.518013
v -0.101896 -0.103023 0.215348
vn -4.477499 -3.955166 1.742301
v -0.117992 -0.086474 0.197567
vn -5.523273 -2.533926 1.382652
v -0.124958 -0.055508 0.239507
vn -5.358951 -2.405625 1.956602
v -0.134217 -0.032367 0.242114
vn -4.820083 -3.114085 2.533732
v -0.147726 -0.038596 0.211584
vn -4.704080 -3.357002 2.291152
v -0.133561 -0.061487 0.204145
vn -5.457664 -2.037398 2.166210
v -0.142500 -0.007549 0.249032
vn -5.772990 -1.265476 2.019931
v -0.147393 0.017736 0.257880
vn -5.471567 -1.093739 2.781217
v -0.162092 0.014485 0.229255
vn -5.095114 -2.223492 2.779134
v -0.158567 -0.012562 0.220701
vn -5.999638 0.818412 1.572104
v -0.145246 0.064750 0.276066
vn -5.987515 -0.366083 1.785085
v -0.147755 0.041940 0.267282
vn -5.742604 0.861405 2.248646
v -0.156488 0.064808 0.246645
vn -5.739147 -0.254086 2.493615
v -0.160614 0.040617 0.237809
vn -5.758102 2.089039 1.324320
v -0.138464 0.085523 0.281965
vn -5.525483 2.171402 1.982325
v -0.147600 0.085921 0.253737
vn -5.953238 -1.405568 1.307088
v -0.181659 -0.009774 0.154482
vn -5.749312 -2.003367 1.509584
v -0.175708 -0.038221 0.141584
vn -5.150781 -2.659820 2.166961
v -0.163580 -0.042380 0.180200
vn -5.522645 -1.903913 1.930702
v -0.172548 -0.014043 0.190698
vn -5.779388 -0.673774 2.004360
v -0.175647 0.014392 0.200759
vn -6.106611 -0.421793 1.272156
v -0.183486 0.018263 0.166552
vn -5.899448 0.321200 1.989837
v -0.172070 0.041752 0.210041
vn -5.775337 1.260928 1.754513
v -0.166814 0.066859 0.219252
vn -5.859275 1.423138 1.731794
v -0.172396 0.069782 0.188974
vn -6.038476 0.590035 1.526771
v -0.180236 0.045009 0.178880
vn -5.485343 2.371840 1.776015
v -0.156636 0.088398 0.227088
vn -5.318206 2.759474 1.889310
v -0.143590 0.107770 0.233631
vn -5.381757 2.273428 2.195529
v -0.150243 0.111823 0.206684
vn -5.585029 2.066581 1.914461
v -0.161927 0.091532 0.198191
vn -5.207739 2.862053 2.036275
v -0.131614 0.126955 0.239265
vn -4.872293 3.310434 2.165530
v -0.119163 0.144351 0.244268
vn -4.904843 2.845649 2.680605
v -0.126472 0.150907 0.219795
vn -5.233499 2.411471 2.464568
v -0.138904 0.132304 0.213679
vn -4.329567 3.950447 2.237873
v -0.105427 0.158598 0.249167
vn -3.771321 4.463438 2.280987
v -0.090030 0.170632 0.253750
vn -3.804983 3.914834 3.083184
v -0.097103 0.177831 0.232182
vn -4.375099 3.419406 2.913870
v -0.112892 0.165716 0.226183
vn -3.338183 4.702922 2.457439
v -0.072798 0.181437 0.257893
vn -2.878770 4.792820 2.848416
v -0.053765 0.191958 0.262136
vn -3.105783 4.402545 3.225850
v -0.058248 0.201718 0.243323
vn -3.426306 4.196319 3.160121
v -0.078846 0.189629 0.237745
vn -1.737676 4.970151 3.367252
v -0.031660 0.201395 0.265975
vn -1.947078 4.753096 3.494607
v -0.034244 0.213368 0.248711
vn -2.781662 -5.352918 1.548385
v -0.120411 -0.115051 0.129922
vn -3.740212 -4.384736 1.984383
v -0.139272 -0.096057 0.153334
vn -4.535855 -3.972682 1.210806
v -0.155779 -0.095795 0.108176
vn -3.467508 -4.951473 1.095762
v -0.137487 -0.117163 0.088745
vn -3.229027 -5.094668 1.633952
v -0.106582 -0.109508 0.162778
vn -4.342056 -4.477126 0.618345
v -0.096708 -0.112784 0.186096
vn -3.247094 -5.327525 0.635844
v -0.087416 -0.122683 0.161031
vn -4.700793 -3.185373 2.366215
v -0.152985 -0.070381 0.169168
vn -5.343697 -2.765054 1.445809
v -0.168890 -0.068767 0.126458
vn -1.496127 -5.984944 0.619205
v -0.054852 -0.140714 0.130097
vn 0.300436 -6.159883 0.720191
v -0.032246 -0.143605 0.123150
vn -2.450396 -5.754626 0.559416
v -0.073099 -0.131519 0.142357
vn -3.240295 -5.210603 0.387180
v -0.130754 -0.131050 0.029270
vn -3.372047 -5.268531 0.300497
v -0.144227 -0.119617 -0.012716
vn -2.515179 -5.743432 -0.065151
v -0.111669 -0.137657 -0.024371
vn -1.962268 -5.877823 0.046617
v -0.101572 -0.144478 0.017207
vn -1.422107 -6.107133 0.215625
v -0.069212 -0.151855 0.007883
vn -1.650125 -5.969501 0.004112
v -0.076540 -0.152004 -0.032922
vn -0.947028 -6.194531 -0.098225
v -0.037126 -0.158236 0.001376
vn -0.716020 -6.127303 0.227929
v -0.040124 -0.153715 -0.037469
vn -1.980873 4.814272 3.349174
v -0.036350 0.225369 0.231360
vn -1.926158 4.944357 3.258095
v -0.038116 0.237045 0.212176
vn -3.004430 4.351378 3.377473
v -0.062698 0.213364 0.224937
vn -2.914008 4.469599 3.302302
v -0.066974 0.225551 0.204847
vn -3.368651 4.043865 3.406224
v -0.085877 0.201308 0.218359
vn -3.524682 4.147077 3.112858
v -0.092012 0.213351 0.196448
vn -3.902677 3.691319 3.203167
v -0.105757 0.189170 0.211286
vn -4.150747 3.802364 2.763860
v -0.113008 0.199943 0.187017
vn -4.480190 3.205150 2.961423
v -0.122002 0.176166 0.203747
vn -4.499565 3.511041 2.601351
v -0.130508 0.186201 0.177059
vn -4.858171 2.665630 2.931615
v -0.136533 0.160571 0.195575
vn -4.872447 2.962527 2.419726
v -0.148254 0.171020 0.166788
vn -5.204525 2.081909 2.817376
v -0.150188 0.140623 0.187913
vn -5.437488 2.192913 2.071818
v -0.163981 0.150739 0.152988
vn -5.467622 1.747133 2.539990
v -0.162131 0.118637 0.179362
vn -5.598824 1.954487 2.049129
v -0.175553 0.128947 0.139139
vn -4.966485 -3.614449 1.153688
v -0.172332 -0.084977 0.060327
vn -4.263174 -4.498519 0.744724
v -0.154402 -0.109230 0.044373
vn -4.690911 -3.947761 1.323092
v -0.190815 -0.073583 0.014610
vn -4.144761 -4.623042 0.855477
v -0.170391 -0.098072 0.000949
vn -5.443831 -2.702426 1.548510
v -0.183146 -0.056969 0.076876
vn -5.728147 -1.892824 1.717238
v -0.190155 -0.028710 0.093347
vn -5.534384 -1.782585 2.184045
v -0.214275 -0.018318 0.044254
vn -5.183337 -2.982471 1.839262
v -0.206041 -0.046782 0.029367
vn -6.025690 -0.473605 1.681501
v -0.191849 0.024540 0.124211
vn -5.925004 -1.185557 1.685014
v -0.193182 -0.001559 0.108959
vn -5.963511 -0.312611 1.906564
v -0.212900 0.041969 0.068878
vn -5.824347 -0.683474 2.226994
v -0.215132 0.014117 0.054667
vn -5.915370 0.782500 1.940512
v -0.182545 0.074401 0.154055
vn -6.030209 0.117642 1.713397
v -0.188176 0.049896 0.139220
vn -5.867371 0.891930 1.914110
v -0.201403 0.087741 0.101093
vn -5.949480 0.184463 1.886644
v -0.208466 0.063728 0.085492
vn -5.672736 1.454237 2.258552
v -0.173402 0.097040 0.167706
vn -5.650668 1.643880 2.047520
v -0.190032 0.109404 0.120834
vn -1.414257 -5.935023 -0.424208
v -0.046065 -0.159656 -0.077023
vn -2.058275 -5.888722 -0.680373
v -0.084208 -0.146063 -0.072269
vn -1.518780 -5.705279 -1.964588
v -0.049289 -0.149126 -0.115910
vn -2.121680 -5.418673 -1.960334
v -0.091440 -0.137706 -0.111828
vn -3.247817 -5.127252 -0.127885
v -0.161290 -0.116862 -0.054119
vn -3.641450 -4.835337 -1.445581
v -0.170414 -0.100281 -0.095784
vn -2.715102 -5.256090 -1.885544
v -0.131905 -0.121471 -0.104286
vn -2.399940 -5.701971 -0.442571
v -0.124075 -0.133705 -0.065040
vn -4.186087 -4.435731 0.268679
v -0.190685 -0.093130 -0.041845
vn -4.875576 -3.585207 0.545897
v -0.213421 -0.066377 -0.028847
vn -4.656297 -4.010028 -0.965895
v -0.199741 -0.076128 -0.084060
vn -5.453443 -2.969774 -0.594240
v -0.220184 -0.048913 -0.070519
vn -5.349162 -2.323280 0.944695
v -0.229776 -0.037633 -0.013725
vn -5.838008 -0.886474 1.418205
v -0.235927 -0.001006 0.000483
vn -5.922171 -1.958535 -0.232344
v -0.233298 -0.021019 -0.055833
vn -6.138352 -0.840713 0.313286
v -0.241813 0.013218 -0.043107
vn -5.951966 0.734122 1.675972
v -0.227696 0.064656 0.022682
vn -5.976543 0.084643 1.799555
v -0.232719 0.034763 0.011692
vn -6.068084 0.571297 0.788716
v -0.243097 0.054727 -0.036396
vn -6.105748 1.094696 0.892470
v -0.232975 0.100380 -0.045781
vn -5.853997 1.584573 1.575196
v -0.212134 0.105940 0.048885
vn -5.931454 1.163078 1.541909
v -0.220627 0.085966 0.036116
vn -5.920626 1.120901 1.649363
v -0.213599 0.124924 0.015712
vn -6.000017 1.032659 1.411263
v -0.223515 0.107689 -0.011399
vn -5.568339 2.169014 1.930234
v -0.185789 0.142893 0.091032
vn -5.697219 1.975598 1.736229
v -0.199938 0.125141 0.070350
vn -5.666550 1.490368 2.144254
v -0.190274 0.156457 0.062436
vn -5.774798 1.437479 1.931640
v -0.202897 0.140108 0.040997
vn -5.273949 2.486575 2.280584
v -0.157988 0.179830 0.124489
vn -5.516311 2.142790 2.062463
v -0.171986 0.161033 0.108396
vn -5.373459 1.755527 2.732674
v -0.166193 0.193662 0.097565
vn -5.600301 1.447285 2.427229
v -0.179340 0.175160 0.079952
vn -4.355406 3.481472 2.867678
v -0.119803 0.210777 0.159414
vn -4.773937 3.074636 2.622324
v -0.139156 0.196029 0.144211
vn -4.289735 3.153889 3.271319
v -0.130780 0.227918 0.129599
vn -4.945959 2.348899 3.055333
v -0.150550 0.211476 0.114020
vn -2.915662 4.543811 3.163755
v -0.071786 0.238946 0.182661
vn -3.720510 4.026718 3.038528
v -0.098176 0.225777 0.171937
vn -2.732241 4.705565 3.088211
v -0.077184 0.255486 0.153318
vn -3.507019 4.011397 3.250893
v -0.106414 0.242860 0.142519
vn -1.834417 5.035433 3.157218
v -0.040567 0.249952 0.191154
vn -1.702256 5.194538 2.988643
v -0.043267 0.266003 0.162564
vn -1.718568 -5.308421 -2.803497
v -0.051799 -0.131386 -0.152459
vn -2.037927 -5.364153 -2.428453
v -0.094907 -0.112703 -0.149535
vn -1.633685 -5.467125 -2.611384
v -0.054031 -0.111726 -0.185207
vn -1.178115 -5.999129 -1.366683
v -0.097643 -0.102150 -0.182782
vn -3.531511 -4.994177 -1.283965
v -0.174139 -0.083541 -0.137132
vn -3.544982 -5.063791 -0.932589
v -0.177128 -0.073664 -0.177277
vn -2.108427 -5.762869 -1.012762
v -0.138299 -0.094508 -0.179732
vn -2.309780 -5.554395 -1.712731
v -0.135592 -0.101364 -0.144098
vn -4.709097 -4.007603 -0.891652
v -0.202082 -0.060805 -0.126130
vn -5.587930 -2.703503 -0.771050
v -0.222163 -0.031475 -0.117672
vn -4.843474 -3.468636 -1.120014
v -0.208182 -0.047267 -0.175951
vn -5.824736 -1.994942 -0.766973
v -0.224314 -0.012655 -0.172704
vn -5.930711 -1.681883 -0.699892
v -0.236128 -0.003674 -0.102055
vn -6.186488 -0.503956 -0.380752
v -0.243220 0.029469 -0.085774
vn -6.203174 -0.061473 -0.715914
v -0.236244 0.045520 -0.151931
vn -6.148871 -1.119094 -0.596912
v -0.231545 0.019033 -0.162374
vn -6.068606 1.380472 -0.195904
v -0.237347 0.097851 -0.088947
vn -6.193478 0.294382 0.089800
v -0.231762 0.118702 -0.085561
vn -6.044025 -0.065571 -0.263137
v -0.229996 0.108388 -0.121822
vn -6.193967 -0.596218 0.412323
v -0.238324 0.139736 -0.132695
vn -5.965722 -1.426713 -0.302160
v -0.237725 0.124581 -0.160689
vn -6.046852 -0.022141 -0.469737
v -0.228159 0.095597 -0.150192
vn -5.962493 -0.832081 -1.154219
v -0.227337 0.108391 -0.180334
vn -6.079897 1.152482 -0.935554
v -0.235711 0.085174 -0.124040
vn -6.029281 0.534118 1.530035
v -0.225995 0.146551 -0.025581
vn -6.213773 0.195594 0.676592
v -0.232227 0.132676 -0.056292
vn -6.175653 0.582520 0.948280
v -0.230895 0.169403 -0.066589
vn -6.245081 0.025309 0.600641
v -0.235284 0.153876 -0.098009
vn -5.760850 1.094866 2.231974
v -0.203683 0.178517 0.024283
vn -5.863226 0.898054 2.032841
v -0.215184 0.162336 0.001204
vn -5.812540 1.324435 1.967573
v -0.213521 0.204160 -0.019362
vn -6.000616 0.991403 1.528413
v -0.223589 0.186392 -0.040522
vn -5.386970 1.829858 2.564214
v -0.180378 0.214710 0.060262
vn -5.639898 1.313174 2.361106
v -0.192884 0.196259 0.043400
vn -5.375064 2.204599 2.365207
v -0.189039 0.240677 0.015467
vn -5.640720 1.687261 2.177861
v -0.202157 0.222161 -0.001092
vn -4.120581 3.456775 3.088649
v -0.143564 0.250780 0.091494
vn -4.922990 2.540703 2.819054
v -0.164499 0.233138 0.076782
vn -4.102360 3.673336 2.958256
v -0.151006 0.278173 0.044668
vn -4.904605 2.885008 2.620747
v -0.172454 0.259583 0.031029
vn -2.359778 4.943868 3.038144
v -0.083464 0.278364 0.111869
vn -3.116382 4.358436 3.175839
v -0.116203 0.266365 0.102798
vn -2.052233 4.870289 3.381953
v -0.087931 0.305475 0.061812
vn -2.899585 4.426408 3.329445
v -0.122875 0.294551 0.054722
vn -1.555632 5.294490 2.948806
v -0.046036 0.287791 0.121090
vn -1.527488 5.118842 3.289515
v -0.048445 0.314253 0.071094
vn -1.411878 4.784655 3.814705
v -0.050596 0.350672 0.021243
vn -1.465304 4.666480 3.938622
v -0.051246 0.391742 -0.028569
vn -1.922153 4.638340 3.764956
v -0.091951 0.343596 0.012650
vn -2.043555 4.607042 3.740368
v -0.092788 0.383916 -0.037609
vn -2.931728 4.264694 3.469004
v -0.127064 0.332927 0.004807
vn -2.929091 4.327098 3.410497
v -0.127584 0.373379 -0.046318
vn -3.887852 3.830852 3.082377
v -0.156064 0.356387 -0.056473
vn -4.030582 3.659049 3.095245
v -0.155200 0.315692 -0.005778
vn -4.749094 2.978604 2.780315
v -0.178198 0.296032 -0.017644
vn -4.600417 3.228380 2.750933
v -0.180779 0.335155 -0.065949
vn -5.219837 2.540870 2.352442
v -0.200510 0.310472 -0.076547
vn -5.288984 2.313361 2.446922
v -0.196125 0.274502 -0.031224
vn -5.639606 1.746717 2.106645
v -0.210158 0.253154 -0.045726
vn -5.654372 1.876440 1.904631
v -0.215559 0.285408 -0.088287
vn -5.975647 1.227419 1.383722
v -0.225957 0.260583 -0.101786
vn -5.914145 1.241504 1.679920
v -0.220750 0.232096 -0.061868
vn -6.213658 0.439362 0.802672
v -0.233945 0.192074 -0.104151
vn -6.259283 0.172505 0.464367
v -0.238104 0.174943 -0.135198
vn -6.233364 0.408024 0.599063
v -0.236762 0.214965 -0.138277
vn -6.273519 0.113027 0.292045
v -0.239187 0.194180 -0.166339
vn -6.264810 -0.200641 -0.021435
v -0.239744 0.155794 -0.167594
vn -6.213910 -0.397512 -0.518832
v -0.239605 0.172010 -0.195679
vn -6.113883 0.789467 1.185839
v -0.228424 0.211317 -0.080448
vn -6.160874 0.734958 0.933235
v -0.232215 0.236747 -0.117530
vn -4.937309 -0.893223 -3.725297
v -0.197238 0.218096 -0.348721
vn -4.494484 -1.696292 -3.913695
v -0.178292 0.197511 -0.366405
vn -4.734196 -2.352474 -3.194312
v -0.195795 0.186010 -0.338075
vn -5.267584 -1.293756 -2.962785
v -0.212095 0.208119 -0.324653
vn -5.460692 0.012722 -3.052822
v -0.212179 0.245631 -0.329553
vn -5.658010 -0.116090 -2.421077
v -0.225041 0.236828 -0.306969
vn -2.251027 -2.903009 0.256873
v -0.199828 0.251993 -0.351477
vn -4.695745 -1.773505 -3.518615
v -0.176180 0.230211 -0.374355
vn -4.732722 -1.380468 -3.872881
v -0.157953 0.215467 -0.394377
vn -5.936846 0.851260 -1.663549
v -0.229045 0.266831 -0.286675
vn -6.013614 1.201322 -1.223931
v -0.228020 0.294298 -0.268143
vn -5.928597 1.251632 -1.653684
v -0.216878 0.307371 -0.295148
vn -5.817152 0.845093 -2.198061
v -0.217548 0.278108 -0.310869
vn -4.804027 -0.156782 1.773562
v -0.211044 0.315986 -0.312169
vn -3.698879 -1.140599 1.738112
v -0.211639 0.284667 -0.325500
vn -5.966687 1.424855 -1.347365
v -0.213023 0.337739 -0.284495
vn -5.966910 1.512979 -0.991744
v -0.224679 0.322927 -0.254518
vn -5.909429 1.976032 -0.629113
v -0.216510 0.353298 -0.244806
vn -6.012622 1.566703 -0.875656
v -0.206400 0.370591 -0.277981
vn -5.232733 0.686574 1.623913
v -0.206510 0.347949 -0.304440
vn -5.319505 1.018499 1.629483
v -0.199689 0.382321 -0.300484
vn -6.026752 1.659091 -0.407928
v -0.197888 0.405982 -0.274605
vn -5.918700 2.088843 -0.106588
v -0.204120 0.386846 -0.238674
vn -5.680381 2.438821 0.682772
v -0.192535 0.422201 -0.235708
vn -5.837990 2.205709 0.118416
v -0.187008 0.441667 -0.274291
vn -5.180240 1.286945 1.976184
v -0.192095 0.417560 -0.298676
vn -4.934616 1.859968 2.386892
v -0.182710 0.452088 -0.300245
vn -5.191308 3.105578 1.289600
v -0.172859 0.473420 -0.277315
vn -4.702930 3.514176 1.610698
v -0.177196 0.452618 -0.235776
vn -3.764266 4.369107 2.447057
v -0.150191 0.476796 -0.235288
vn -3.994685 4.133205 2.287149
v -0.152057 0.501677 -0.279476
vn -4.841854 2.755345 2.713737
v -0.173551 0.485115 -0.305384
vn -3.331650 4.299948 3.085690
v -0.155333 0.523248 -0.323767
vn -2.844145 4.960536 2.577277
v -0.115793 0.525405 -0.278952
vn -3.155289 4.737753 2.643216
v -0.116249 0.499345 -0.230495
vn -2.636150 5.085979 2.552972
v -0.079755 0.517744 -0.224233
vn -2.295292 5.328625 2.407532
v -0.076854 0.542485 -0.277086
vn -2.390558 5.143141 2.611498
v -0.115489 0.552261 -0.328346
vn -1.990619 5.427495 2.450338
v -0.074506 0.567100 -0.331312
vn -1.722440 5.546168 2.333509
v -0.040755 0.556391 -0.273923
vn -1.839425 5.369393 2.576197
v -0.043018 0.532417 -0.218845
vn -1.553095 5.557641 2.443728
v -0.039150 0.580191 -0.330112
vn -5.654652 -1.613119 -1.399148
v -0.237069 0.138627 -0.192348
vn -5.281785 -1.889902 -2.248678
v -0.232195 0.152964 -0.221155
vn -4.472374 -2.150887 -3.830219
v -0.140298 0.201337 -0.409183
vn -3.607294 -3.048243 -4.087838
v -0.122410 0.185263 -0.417760
vn -3.731417 -2.778517 -4.170642
v -0.137135 0.157172 -0.385765
vn -4.306524 -2.315403 -3.938279
v -0.157458 0.178740 -0.377353
vn -2.311186 -3.271659 -4.803866
v -0.111456 0.142660 -0.393110
vn -2.321522 -3.827691 -4.378208
v -0.103260 0.174419 -0.421838
vn -1.539360 -4.115274 -4.481409
v -0.080440 0.167925 -0.424594
vn -1.484661 -3.465347 -5.010118
v -0.080796 0.134775 -0.397485
vn -1.106697 -4.286066 -4.439697
v -0.045658 0.162974 -0.430587
vn -0.662570 -3.712651 -4.998715
v -0.044277 0.128077 -0.402288
vn -1.588867 4.688855 3.840029
v -0.050266 0.434329 -0.077288
vn -1.749351 4.832451 3.547322
v -0.048106 0.473300 -0.125011
vn -2.546369 4.731026 3.191708
v -0.087190 0.461179 -0.133122
vn -2.262894 4.643095 3.550957
v -0.090974 0.424407 -0.086250
vn -2.960554 4.462648 3.200884
v -0.125644 0.412169 -0.094859
vn -3.132683 4.627558 2.826295
v -0.121339 0.445510 -0.141825
vn -3.672400 4.373626 2.578997
v -0.152781 0.425733 -0.148675
vn -3.775028 4.047674 2.931453
v -0.155236 0.393929 -0.103384
vn -4.514510 3.431539 2.622802
v -0.181394 0.370391 -0.109671
vn -4.446243 3.704825 2.255737
v -0.180553 0.401577 -0.151404
vn -5.271460 2.840012 1.729922
v -0.201254 0.372308 -0.155314
vn -5.215986 2.703106 2.125953
v -0.202111 0.342975 -0.116790
vn -5.704294 1.998540 1.580859
v -0.217351 0.315048 -0.126317
vn -5.757263 2.123805 1.197022
v -0.216377 0.342076 -0.162818
vn -6.042011 1.475031 0.745268
v -0.226752 0.312542 -0.173028
vn -6.025312 1.323497 1.055184
v -0.227477 0.287620 -0.138025
vn -6.180281 0.847218 0.692021
v -0.233363 0.261899 -0.151547
vn -6.178850 1.001895 0.441351
v -0.232984 0.285421 -0.185017
vn -6.237215 0.534244 0.460989
v -0.237658 0.238118 -0.169706
vn -6.228587 0.743040 0.205260
v -0.237263 0.259949 -0.201239
vn -6.256541 0.069719 0.095385
v -0.240756 0.214512 -0.195320
vn -6.212082 0.224635 -0.312208
v -0.240588 0.234567 -0.224554
vn -6.069065 -0.855978 -1.094632
v -0.237800 0.189400 -0.222319
vn -5.991913 -1.047998 -1.161299
v -0.236509 0.207737 -0.249094
vn -5.229620 -2.360731 -2.441062
v -0.223570 0.166851 -0.245734
vn -5.395635 -2.597613 -1.738926
v -0.221817 0.181777 -0.270158
vn -1.900351 5.051174 3.099548
v -0.045625 0.505600 -0.170579
vn -2.763894 4.838757 2.863927
v -0.083047 0.490910 -0.177956
vn -3.277193 4.639403 2.679415
v -0.117539 0.472767 -0.186375
vn -3.671575 4.430207 2.516865
v -0.150314 0.451376 -0.192882
vn -4.506874 3.808293 1.987001
v -0.177619 0.427466 -0.193998
vn -5.367703 2.927694 1.087249
v -0.197826 0.398738 -0.195408
vn -5.756752 2.328024 0.466509
v -0.213408 0.366461 -0.200728
vn -5.992908 1.714493 0.149493
v -0.224715 0.334618 -0.209360
vn -6.144245 1.157223 -0.131616
v -0.231183 0.305737 -0.220505
vn -6.193776 0.900788 -0.431763
v -0.234352 0.278597 -0.235563
vn -6.181359 0.498022 -0.828930
v -0.236053 0.251663 -0.256371
vn -5.947375 -0.629424 -1.426622
v -0.233463 0.224894 -0.278722
vn -5.553936 -1.931688 -1.935753
v -0.220953 0.198222 -0.298182
vn -4.947786 -2.959670 -2.187078
v -0.206639 0.176014 -0.308971
vn -5.046349 -3.419824 -1.437970
v -0.210345 0.170017 -0.283059
vn -3.538416 5.147208 -0.284740
v -0.086356 0.621911 -0.568444
vn -2.597734 5.665868 0.730270
v -0.065053 0.630194 -0.520589
vn -3.213160 5.255101 1.154921
v -0.055754 0.639660 -0.546135
vn -4.026899 4.768682 0.121755
v -0.074868 0.630935 -0.576517
vn -3.430553 5.036778 1.261653
v -0.051825 0.647286 -0.562875
vn -4.230126 4.555405 -0.163749
v -0.068416 0.637102 -0.587234
vn -4.166073 4.013714 -2.011842
v -0.082873 0.617419 -0.614576
vn -4.033994 4.203395 -2.123807
v -0.074393 0.624415 -0.616723
vn -4.106747 4.004628 -2.245381
v -0.093979 0.606452 -0.612868
vn -2.273569 5.830402 0.120243
v -0.101178 0.615155 -0.518859
vn -3.171244 5.298335 -1.032075
v -0.107623 0.607888 -0.567480
vn -3.569985 4.337166 -2.725080
v -0.110007 0.589764 -0.612584
vn -2.673678 5.394678 -1.641234
v -0.136090 0.594787 -0.563716
vn -3.122503 4.512569 -2.999184
v -0.134295 0.572763 -0.612577
vn -1.942544 5.869394 -0.352792
v -0.138157 0.604127 -0.514153
vn -1.514787 5.907902 1.376477
v -0.035202 0.634088 -0.472924
vn -1.370374 5.797095 1.793769
v -0.036372 0.623567 -0.430971
vn -1.938505 5.836803 1.213641
v -0.034432 0.640957 -0.506815
vn -2.180625 5.779610 1.090798
v -0.066065 0.623593 -0.474043
vn -2.099365 5.636677 1.741777
v -0.069147 0.612073 -0.429869
vn -1.914305 5.874029 1.087381
v -0.102167 0.609033 -0.471239
vn -1.871925 5.682567 1.893278
v -0.106760 0.594771 -0.424225
vn -1.724271 5.858759 1.246670
v -0.143474 0.597565 -0.463613
vn -1.922707 5.508581 2.232981
v -0.148900 0.580059 -0.414215
vn -1.362883 5.627207 2.341302
v -0.037983 0.604722 -0.382741
vn -2.027387 5.465221 2.322811
v -0.072236 0.592578 -0.381965
vn -1.968624 5.458725 2.402228
v -0.111543 0.575295 -0.376894
vn -2.412542 5.030118 2.855514
v -0.151876 0.555179 -0.367715
vn -0.146155 -4.892624 0.043565
v -0.175559 0.240427 -0.389206
vn -1.615808 -3.383888 -1.232731
v -0.154499 0.240592 -0.405820
vn 3.346764 -4.967092 1.742993
v -0.157917 0.235201 -0.419681
vn 0.290188 -3.974235 -0.260237
v -0.142652 0.245185 -0.434665
vn -4.732660 -2.548487 -2.856288
v -0.139492 0.236508 -0.425900
vn -0.437279 -3.358134 -0.316609
v -0.132481 0.246828 -0.452540
vn -4.807436 -2.598029 -3.042721
v -0.128519 0.228426 -0.441447
vn -0.252834 -4.188725 -1.219516
v -0.126397 0.247488 -0.466741
vn -4.196980 -3.244302 -3.327231
v -0.115527 0.219441 -0.449991
vn -1.052294 -4.510542 -1.861967
v -0.118209 0.251905 -0.484102
vn -3.099589 -4.066163 -3.559654
v -0.100062 0.205848 -0.454247
vn -3.747540 -3.848581 -3.091860
v -0.100149 0.230916 -0.488587
vn -1.921680 -4.696138 -3.439947
v -0.075502 0.215654 -0.491268
vn -1.853485 -4.762455 -3.600122
v -0.076779 0.195771 -0.455069
vn -0.908156 -4.888612 -3.796838
v -0.043720 0.189729 -0.462740
vn -0.175752 -4.842973 -3.935065
v -0.041909 0.213064 -0.494700
vn -3.429947 3.244507 4.107516
v -0.180637 0.496990 -0.320649
vn -3.972100 2.199053 4.265174
v -0.178832 0.479701 -0.309061
vn -3.327899 2.024089 4.749219
v -0.196280 0.462249 -0.311018
vn -3.209551 1.515049 5.160420
v -0.186837 0.451939 -0.303437
vn -3.244682 0.758367 5.249924
v -0.195675 0.419789 -0.302338
vn -3.281765 1.059028 5.035909
v -0.208715 0.426768 -0.308347
vn -3.219717 0.330479 5.243901
v -0.217415 0.390594 -0.310132
vn -3.414291 0.322403 5.094839
v -0.203198 0.384850 -0.304553
vn -2.764705 -1.330049 5.460268
v -0.215860 0.317849 -0.314663
vn -1.372323 -2.584724 5.455598
v -0.218159 0.284347 -0.326830
vn -3.417102 -0.830751 4.881351
v -0.231801 0.320320 -0.320626
vn -3.074361 -2.030951 4.455140
v -0.236202 0.282319 -0.333217
vn 0.163813 -4.068961 4.292874
v -0.214233 0.251964 -0.347111
vn -2.090236 -3.647982 3.729974
v -0.234611 0.248468 -0.353815
vn -3.355567 -0.168554 5.207127
v -0.210320 0.350388 -0.308078
vn -3.313626 -0.180721 5.137239
v -0.225245 0.354731 -0.313747
vn 1.632764 -5.085224 2.953127
v -0.199670 0.232782 -0.378989
vn -0.808589 -5.107828 2.620344
v -0.226843 0.225910 -0.383572
vn 0.036349 -5.866560 1.212631
v -0.214204 0.215874 -0.414798
vn 2.147853 -5.402048 2.060414
v -0.181555 0.225208 -0.411062
vn 3.764540 -4.609516 1.673574
v -0.149741 0.231876 -0.444011
vn 4.433045 -3.990048 1.970351
v -0.138810 0.241424 -0.449522
vn 3.407942 -4.865864 0.879308
v -0.143082 0.230023 -0.464105
vn 4.560121 -4.100719 1.262039
v -0.132940 0.241834 -0.463261
vn -2.923825 5.218801 1.333810
v -0.184612 0.580201 -0.453229
vn -2.991030 4.841933 2.422838
v -0.188706 0.558853 -0.405218
vn -2.878417 5.237277 -0.249971
v -0.177577 0.591301 -0.500883
vn -4.387674 4.337960 -0.057949
v -0.211005 0.563607 -0.485622
vn -4.399504 4.055822 1.080552
v -0.220682 0.549939 -0.443555
vn -4.256845 3.819312 2.267738
v -0.222570 0.527320 -0.398546
vn -5.334348 3.107475 0.967286
v -0.245248 0.508947 -0.434710
vn -4.983913 2.825249 2.088262
v -0.247428 0.489309 -0.392071
vn -5.228041 3.452092 0.081289
v -0.237564 0.527310 -0.475460
vn -5.614880 2.605621 0.225747
v -0.260274 0.490069 -0.469933
vn -5.837083 2.115846 0.807913
v -0.263945 0.466512 -0.429487
vn -5.416240 1.688663 1.924230
v -0.265972 0.446208 -0.387783
vn -6.232035 0.351087 -0.160752
v -0.286787 0.332484 -0.441359
vn -5.818283 0.122500 1.635761
v -0.287512 0.308583 -0.404662
vn -5.939817 0.574478 1.574542
v -0.281632 0.351216 -0.398346
vn -6.221678 0.628517 0.031841
v -0.284873 0.353428 -0.440050
vn -5.939104 0.046201 -1.749552
v -0.282373 0.352464 -0.464331
vn -6.178966 0.366524 -0.938388
v -0.282854 0.359931 -0.459283
vn -6.214765 0.783456 -0.201307
v -0.285911 0.324709 -0.456101
vn -5.656424 0.670879 -1.450682
v -0.280063 0.344925 -0.467378
vn -5.504743 -1.182347 0.636955
v -0.291454 0.274949 -0.420884
vn -6.152402 1.064110 0.597104
v -0.274766 0.423712 -0.429972
vn -5.868298 0.810477 1.729244
v -0.273679 0.400212 -0.389491
vn -6.023610 1.459224 0.098147
v -0.273695 0.450962 -0.469021
vn -6.183418 0.606056 -0.340694
v -0.278566 0.418391 -0.473432
vn -6.215803 0.795515 0.441912
v -0.279685 0.389621 -0.438009
vn -5.635918 -2.474581 -0.351059
v -0.282098 0.260081 -0.446938
vn -6.203629 0.597465 0.190003
v -0.287502 0.319754 -0.480114
vn -6.221655 -0.436939 0.096134
v -0.287909 0.297920 -0.492206
vn -6.123348 0.542359 -0.685267
v -0.286790 0.336905 -0.536297
vn -5.721007 1.905653 0.335724
v -0.284850 0.356099 -0.518600
vn -5.975674 -1.375075 -0.465773
v -0.285688 0.279376 -0.509625
vn -5.816554 -0.536912 -1.688268
v -0.284122 0.318570 -0.555718
vn -4.910744 -3.278215 -0.030030
v -0.276946 0.247006 -0.470062
vn -3.904828 -4.199148 -0.556647
v -0.269400 0.238555 -0.493869
vn -5.286839 -2.484603 -1.623139
v -0.278802 0.268409 -0.530369
vn -5.001896 -1.827640 -3.056335
v -0.273653 0.306594 -0.572710
vn -3.695896 -3.448356 -3.039105
v -0.264957 0.262222 -0.551782
vn -3.770452 -3.008532 -3.957260
v -0.256645 0.299386 -0.587173
vn -2.792240 -4.828538 -1.684537
v -0.257266 0.235479 -0.517727
vn -3.187872 4.176313 3.290869
v -0.187105 0.528390 -0.355846
vn -4.027421 3.017834 3.569747
v -0.213269 0.493620 -0.346225
vn -4.498252 2.127569 3.767223
v -0.230481 0.453394 -0.340985
vn -4.688308 1.192493 3.768050
v -0.244938 0.413097 -0.337906
vn -4.889655 0.312182 3.612265
v -0.254333 0.371662 -0.340966
vn -5.103845 -0.290940 3.498039
v -0.259317 0.331976 -0.350422
vn -5.006994 -1.013616 3.545834
v -0.263398 0.291595 -0.364355
vn -4.260206 -2.361664 3.085987
v -0.268505 0.255576 -0.380910
vn -3.387118 -4.012164 1.173456
v -0.265578 0.230441 -0.408291
vn -2.584560 -5.201783 -0.332115
v -0.250811 0.221210 -0.438711
vn 0.231033 -6.001031 -0.043778
v -0.201212 0.213248 -0.445276
vn -1.922950 -5.850243 -0.881971
v -0.239462 0.223400 -0.465538
vn -1.208893 -6.036899 -0.863199
v -0.230129 0.223562 -0.488869
vn 0.227238 -6.085885 -0.942780
v -0.192981 0.216760 -0.470612
vn -6.208920 0.493135 -0.457850
v -0.282020 0.376542 -0.456110
vn -5.892368 -0.545364 -1.700889
v -0.277486 0.399537 -0.485001
vn -5.917207 -0.135822 -2.027369
v -0.278323 0.373204 -0.473626
vn -5.241485 -1.614120 -3.007314
v -0.268754 0.389436 -0.496048
vn -5.951659 1.889455 0.619691
v -0.281771 0.341911 -0.479073
vn -4.883352 3.594696 1.276474
v -0.275671 0.369029 -0.509489
vn -5.864866 1.495161 -0.701097
v -0.275484 0.359951 -0.482174
vn -4.909852 3.489011 0.300024
v -0.265694 0.377101 -0.505262
vn -5.796220 0.295048 -2.345422
v -0.274779 0.368741 -0.481236
vn -5.306373 0.534947 -2.047245
v -0.263453 0.383020 -0.501592
vn -4.885776 3.715751 -0.967628
v -0.224724 0.542721 -0.516077
vn -4.069103 4.576221 -1.210886
v -0.197871 0.568629 -0.526524
vn -4.353059 3.737785 -2.195364
v -0.204265 0.552992 -0.555834
vn -3.637484 4.632966 -1.986736
v -0.189256 0.566689 -0.555547
vn -4.832962 3.233203 -2.258687
v -0.223576 0.526718 -0.552891
vn -5.331050 3.040002 -0.892345
v -0.247085 0.510525 -0.511608
vn -4.334307 4.060620 0.975100
v -0.266952 0.391396 -0.545440
vn -4.301507 4.120157 1.140657
v -0.255070 0.396105 -0.538018
vn -5.088377 3.353257 -0.668425
v -0.247874 0.418518 -0.586041
vn -4.755468 3.929214 0.097216
v -0.240769 0.428243 -0.578593
vn -5.578528 2.454283 -0.641673
v -0.273268 0.381325 -0.556384
vn -5.412361 2.411453 -1.942053
v -0.252114 0.405145 -0.595446
vn -5.781260 1.951828 -1.054480
v -0.263624 0.474808 -0.509994
vn -5.128184 2.509897 -2.289267
v -0.241885 0.498329 -0.552891
vn -5.332350 1.019158 -2.734867
v -0.251141 0.469820 -0.555207
vn -5.927373 0.771849 -1.496436
v -0.271225 0.440157 -0.512879
vn -5.782210 1.376608 -1.719243
v -0.274459 0.365472 -0.573114
vn -5.417834 1.739577 -2.600369
v -0.252444 0.389530 -0.608072
vn -5.547157 0.316475 -2.625941
v -0.270093 0.349023 -0.592144
vn -5.323386 0.971717 -3.128578
v -0.248718 0.372874 -0.623178
vn -4.836071 -1.146234 -3.502426
v -0.259575 0.337435 -0.609294
vn -4.855690 -0.323444 -3.748408
v -0.240310 0.361261 -0.638560
vn -3.781614 -2.562137 -4.165951
v -0.243602 0.330989 -0.623233
vn -4.119332 -1.920722 -4.234457
v -0.233392 0.350831 -0.642716
vn -4.994236 -1.156653 -2.639525
v -0.269617 0.418854 -0.521857
vn -4.957938 -0.652808 -3.549579
v -0.247606 0.450396 -0.561549
vn -4.667143 -2.202949 -3.544098
v -0.256755 0.408427 -0.528490
vn -4.917574 -1.007790 -3.733852
v -0.238971 0.440128 -0.567675
vn -5.194740 0.881870 -1.371426
v -0.251370 0.401438 -0.532940
vn -5.117054 2.035470 -1.687200
v -0.235565 0.433530 -0.572364
vn -0.552125 -6.082765 -1.210336
v -0.214372 0.225224 -0.510023
vn -1.485768 -5.322208 -2.591745
v -0.234223 0.235528 -0.535631
vn 0.281051 -5.885165 -1.772261
v -0.192073 0.227624 -0.525909
vn -0.572409 -5.346993 -2.961709
v -0.202803 0.237840 -0.550896
vn 0.425980 -6.139170 -1.195834
v -0.187157 0.223128 -0.494422
vn 1.000903 -6.104039 -0.970159
v -0.180190 0.226071 -0.509211
vn -2.100438 -4.283623 -3.916966
v -0.239440 0.259202 -0.565692
vn -2.572894 -3.786355 -4.218176
v -0.234582 0.293037 -0.599427
vn -1.032006 -4.596558 -4.085204
v -0.205924 0.259114 -0.577425
vn -1.305866 -4.314499 -4.302708
v -0.204340 0.288703 -0.608903
vn -2.713764 -3.460029 -4.412186
v -0.223874 0.327416 -0.635048
vn -2.340681 -2.136372 -4.861404
v -0.218292 0.353871 -0.658447
vn -1.190609 -3.623427 -4.800661
v -0.197082 0.324418 -0.645568
vn -1.375516 -3.011431 -5.277979
v -0.194291 0.364653 -0.666073
vn 4.256718 -4.470932 0.109173
v -0.128393 0.245825 -0.476835
vn 3.484741 -4.668794 -0.126727
v -0.137490 0.232051 -0.481615
vn 3.541973 -4.822388 -0.439049
v -0.133781 0.237510 -0.500803
vn 3.768636 -4.655227 -0.327380
v -0.124036 0.251297 -0.493985
vn -3.746168 3.864382 -3.093874
v -0.174725 0.556136 -0.593250
vn -3.127457 4.806761 -2.486730
v -0.164046 0.572206 -0.580155
vn -3.462694 3.925655 -3.430367
v -0.148936 0.552468 -0.624359
vn -3.991737 3.485085 -3.369567
v -0.165443 0.537006 -0.621144
vn -4.226200 3.294962 -3.266319
v -0.189579 0.534920 -0.595488
vn -4.444118 3.005505 -3.196022
v -0.203599 0.513326 -0.599751
vn -3.844633 3.522690 -3.483073
v -0.163596 0.524891 -0.637127
vn -3.786227 2.249071 -4.127606
v -0.167632 0.510046 -0.647460
vn -4.717687 1.573676 -3.618137
v -0.211144 0.493627 -0.604631
vn -2.953032 5.249490 -1.629709
v -0.167018 0.584525 -0.546443
vn -4.809442 3.663337 -1.404166
v -0.214524 0.447104 -0.634307
vn -3.958044 4.734065 -0.378603
v -0.203916 0.459180 -0.630662
vn -4.875453 3.825937 -0.249605
v -0.182506 0.467864 -0.679433
vn -3.076210 4.847042 2.205755
v -0.160695 0.490632 -0.680235
vn -5.420829 2.745705 -1.438865
v -0.196921 0.447508 -0.677858
vn -5.273372 2.386408 -2.287046
v -0.224000 0.429345 -0.637040
vn -5.332907 1.496159 -2.948042
v -0.227538 0.408922 -0.642693
vn -5.587194 1.307441 -2.507529
v -0.206720 0.425093 -0.673401
vn -5.020103 -0.105597 -3.619739
v -0.211765 0.401099 -0.671283
vn -5.026838 1.005209 -3.585839
v -0.227011 0.389808 -0.651167
vn -3.431478 -0.110669 -4.510805
v -0.222819 0.374488 -0.661390
vn -3.451312 -1.696352 -4.772243
v -0.209278 0.381953 -0.669316
vn -4.500547 -0.284888 -4.189548
v -0.207926 0.477482 -0.611067
vn -3.954431 1.290988 -4.569065
v -0.165259 0.494830 -0.654003
vn -4.650107 0.850595 -3.427801
v -0.198884 0.466528 -0.616403
vn -3.804573 3.678692 -2.337164
v -0.162096 0.485386 -0.659818
vn -4.176804 4.302599 -1.056731
v -0.197884 0.462896 -0.623563
vn -2.402915 5.538682 1.011622
v -0.160967 0.485593 -0.667250
vn -4.659412 3.354795 2.479760
v -0.174857 0.485826 -0.700322
vn -2.615020 4.076039 3.529385
v -0.156404 0.509600 -0.699319
vn -4.885583 3.150122 1.774968
v -0.176355 0.496515 -0.713191
vn -2.614101 4.393991 2.006886
v -0.157930 0.519991 -0.712731
vn -5.230667 2.763804 1.310805
v -0.192697 0.465623 -0.708847
vn -5.034798 3.078957 1.661289
v -0.189508 0.459420 -0.697308
vn -5.398737 2.153445 0.986760
v -0.200643 0.432570 -0.687790
vn -4.672451 2.849056 2.973527
v -0.203072 0.434527 -0.692673
vn -5.348420 1.322506 2.940902
v -0.208483 0.406593 -0.683346
vn -5.582168 0.707968 -0.182839
v -0.206452 0.405743 -0.679197
vn -4.187469 -0.140010 4.313349
v -0.208654 0.381759 -0.678100
vn -1.880494 1.045193 5.469834
v -0.199184 0.357309 -0.670788
vn -1.105090 -1.469261 1.039713
v -0.188881 0.371493 -0.674080
vn -4.361056 -2.192652 -0.001357
v -0.204857 0.384200 -0.674349
vn -5.039628 3.421840 -0.170730
v -0.174065 0.503436 -0.727482
vn -2.545285 4.997685 0.150048
v -0.155631 0.524086 -0.727185
vn -4.852824 3.546122 -1.468123
v -0.170336 0.504497 -0.741243
vn -2.533527 5.045519 -1.276744
v -0.152545 0.523740 -0.740170
vn -5.595184 2.564292 -1.168763
v -0.184518 0.477518 -0.741521
vn -5.649895 2.598886 -0.452429
v -0.187920 0.475781 -0.726392
vn -5.848412 2.035233 -0.865536
v -0.199721 0.447395 -0.722498
vn -5.650748 2.272651 0.354180
v -0.203706 0.441849 -0.705852
vn -5.857177 1.899420 -1.193298
v -0.195989 0.448582 -0.739461
vn -5.991827 1.350649 -1.300287
v -0.205384 0.415203 -0.736515
vn -6.021348 1.394565 -1.048887
v -0.209411 0.414148 -0.718786
vn -6.066064 1.337200 0.001523
v -0.212386 0.411263 -0.701228
vn -6.099190 1.073503 -0.892088
v -0.217716 0.374362 -0.716240
vn -6.090906 0.840003 0.712744
v -0.218528 0.374918 -0.699290
vn -6.027855 1.064139 -1.415463
v -0.213499 0.375478 -0.733439
vn -5.998813 1.082563 -1.522161
v -0.220549 0.336439 -0.731098
vn -6.094074 1.120851 -0.795333
v -0.224776 0.335614 -0.714804
vn -5.824664 1.106126 1.383751
v -0.224695 0.338017 -0.697731
vn -2.180295 1.430787 5.189584
v -0.204951 0.315323 -0.663482
vn -4.957696 0.985925 3.638758
v -0.215510 0.346895 -0.684048
vn -5.043093 1.531111 3.360077
v -0.220889 0.311691 -0.680018
vn -5.879133 1.365246 1.245136
v -0.230310 0.307044 -0.696907
vn -5.268088 1.121544 2.859233
v -0.230662 0.278571 -0.676344
vn -5.968915 1.495602 0.879542
v -0.236762 0.278710 -0.697809
vn -2.558851 0.376287 4.679645
v -0.216060 0.275269 -0.655740
vn -5.958065 1.313025 -1.495221
v -0.226846 0.305113 -0.730309
vn -6.071753 1.255349 -0.743875
v -0.230714 0.305165 -0.714578
vn -5.956204 1.834517 -0.685803
v -0.236357 0.277141 -0.716366
vn -5.852880 1.860519 -1.293388
v -0.233770 0.276304 -0.731919
vn -2.751038 -0.649375 5.091853
v -0.221432 0.246808 -0.663175
vn -5.119335 0.891999 3.368963
v -0.237444 0.249949 -0.681532
vn -5.681917 1.909257 1.251907
v -0.246797 0.250900 -0.702136
vn -4.843863 1.335570 3.626970
v -0.246716 0.225476 -0.687276
vn -5.539558 2.306080 1.307243
v -0.257208 0.224422 -0.707550
vn -2.537703 0.113856 5.453856
v -0.228783 0.220230 -0.669924
vn -5.737093 2.309621 -0.842459
v -0.247451 0.248264 -0.721182
vn -5.607506 2.280637 -1.675651
v -0.243935 0.245554 -0.736803
vn -5.486474 2.813531 -1.035773
v -0.258314 0.220551 -0.726260
vn -5.312272 2.738836 -1.901590
v -0.254740 0.217229 -0.741722
vn 1.238699 -5.951362 -1.463622
v -0.161769 0.234296 -0.530974
vn 0.670117 -5.180826 -2.735283
v -0.164178 0.240935 -0.560595
vn 2.706805 -4.785811 -2.070990
v -0.128409 0.250175 -0.556546
vn 3.103959 -5.107870 -0.812157
v -0.130404 0.242352 -0.526080
vn 1.520898 -5.965597 -1.210465
v -0.159738 0.230107 -0.507219
vn 0.301418 -4.720273 -4.045358
v -0.164693 0.262303 -0.585378
vn 0.115375 -4.499421 -4.293803
v -0.164379 0.288267 -0.614388
vn 2.236198 -4.523764 -3.266526
v -0.125437 0.269383 -0.585142
vn 1.826509 -4.267155 -4.070942
v -0.126077 0.296100 -0.614902
vn -0.596234 -3.906766 -4.782891
v -0.162510 0.359010 -0.667696
vn 0.107966 -3.601111 -4.946579
v -0.162878 0.324330 -0.649443
vn 1.112938 -4.059140 -4.566667
v -0.128829 0.330262 -0.648282
vn -0.369088 -4.283856 -4.572001
v -0.131569 0.360071 -0.672631
vn 0.290994 -0.169720 5.836691
v -0.184899 0.269535 -0.652049
vn 0.681033 1.128847 6.131995
v -0.174929 0.311484 -0.663657
vn 2.523517 -0.551893 5.028581
v -0.155744 0.264257 -0.658395
vn 2.378162 0.419398 5.623244
v -0.146704 0.306410 -0.667771
vn 0.822731 1.321583 6.009434
v -0.167037 0.349563 -0.669740
vn 2.287241 0.563907 5.722913
v -0.129321 0.355543 -0.680115
vn -0.018123 -1.095582 6.152434
v -0.193952 0.223697 -0.666053
vn -0.020219 -1.787579 5.946286
v -0.189783 0.242966 -0.659714
vn 2.277620 -1.647990 5.381218
v -0.160521 0.238244 -0.665261
vn 2.426241 -1.034999 5.516295
v -0.162577 0.213879 -0.671140
vn -3.943469 3.096935 -3.762701
v -0.072113 0.595498 -0.650064
vn -4.129607 3.090417 -3.533997
v -0.067016 0.608774 -0.644909
vn -3.339346 2.897133 -4.395702
v -0.051172 0.595492 -0.669785
vn -3.365028 2.776447 -4.508124
v -0.052912 0.578160 -0.678828
vn -3.611606 3.321623 -3.901395
v -0.081453 0.580916 -0.652949
vn -3.047338 2.869933 -4.671866
v -0.060560 0.553681 -0.688608
vn -3.182779 3.729395 -3.906780
v -0.099253 0.566886 -0.649724
vn -3.046429 3.067233 -4.548206
v -0.086601 0.543623 -0.677379
vn -2.846599 2.772766 -4.785722
v -0.111291 0.534681 -0.668382
vn -2.872842 3.949762 -3.908566
v -0.120873 0.555276 -0.645675
vn -2.088178 -1.259638 -5.526230
v -0.034231 0.408524 -0.725894
vn -1.946489 -2.017033 -5.420948
v -0.031408 0.397337 -0.723381
vn -4.151473 -2.301600 -3.784997
v -0.049985 0.395277 -0.710487
vn -3.629778 -2.572566 -4.280294
v -0.055101 0.406021 -0.711179
vn -1.670470 -0.875898 -5.860699
v -0.036324 0.427402 -0.728100
vn -3.003629 -2.086842 -4.862741
v -0.065719 0.420468 -0.712942
vn 0.140837 -1.228178 -6.024045
v -0.006224 0.404384 -0.728727
vn 0.125203 -1.964656 -5.852139
v -0.006269 0.394252 -0.725839
vn -2.880488 -4.632678 -3.050278
v -0.095754 0.251601 -0.519305
vn 0.641600 -4.848837 -1.320954
v -0.112368 0.260608 -0.516669
vn 2.524357 -4.060144 -2.014884
v -0.108956 0.272371 -0.546184
vn -1.059112 -4.772902 -3.884367
v -0.091453 0.273199 -0.549557
vn -1.526871 -4.531650 -3.881626
v -0.072491 0.241197 -0.523778
vn -1.111931 -4.525057 -4.196879
v -0.068694 0.273593 -0.558667
vn -0.179368 -4.750856 -4.094171
v -0.040703 0.241194 -0.526957
vn -0.716303 -4.770798 -4.018046
v -0.037915 0.266659 -0.556837
vn 3.240872 -3.217205 -2.454409
v -0.106462 0.293244 -0.575770
vn -0.153059 -4.652162 -4.175576
v -0.087497 0.299276 -0.580944
vn 3.336246 -3.164899 -2.752998
v -0.105832 0.319790 -0.607432
vn 0.709781 -4.694470 -4.061017
v -0.086973 0.330799 -0.615908
vn -0.896402 -4.447142 -4.316483
v -0.070509 0.306439 -0.590627
vn -0.562346 -4.527090 -4.160564
v -0.069483 0.341549 -0.626225
vn -1.427603 -4.532184 -4.099614
v -0.050590 0.295081 -0.585478
vn -1.870064 -4.362359 -4.088536
v -0.057676 0.317280 -0.605811
vn -2.674386 -4.187009 -3.583747
v -0.058633 0.348347 -0.637671
vn -3.552986 -4.086693 -3.020672
v -0.047630 0.325831 -0.622276
vn -4.738821 -3.288187 -2.271770
v -0.051705 0.350307 -0.649465
vn -2.629764 -4.602433 -3.242012
v -0.039461 0.307102 -0.604463
vn 4.808878 -3.564061 -0.940759
v -0.114396 0.261740 -0.550747
vn 4.660132 -4.175642 -0.194862
v -0.119169 0.253577 -0.520230
vn 4.543968 -2.936773 -1.887220
v -0.110751 0.278826 -0.581866
vn 4.238784 -2.743228 -2.603134
v -0.110770 0.304017 -0.612716
vn 2.148028 -3.687552 -3.912676
v -0.113914 0.359576 -0.673023
vn 3.428600 -3.707909 -3.287607
v -0.113542 0.334198 -0.645232
vn 3.239269 -3.968292 -3.281311
v -0.103953 0.346850 -0.643521
vn 3.041567 -3.384628 -4.240545
v -0.103005 0.376012 -0.676153
vn 1.318462 -4.505845 -4.153335
v -0.085405 0.365766 -0.656982
vn -1.485970 -2.923613 -5.050083
v -0.086631 0.400177 -0.688605
vn -1.034142 -4.454638 -4.135059
v -0.069205 0.381548 -0.671031
vn -2.870209 -0.092962 -5.377238
v -0.063271 0.457709 -0.721700
vn -1.247626 0.076110 -6.047627
v -0.036301 0.460982 -0.730716
vn -2.764916 1.305865 -5.300899
v -0.060256 0.492362 -0.719310
vn -1.552948 1.232263 -5.833124
v -0.035240 0.495490 -0.727705
vn -0.043781 1.048609 -6.161861
v -0.138399 0.497343 -0.757569
vn -1.482790 1.749286 -5.588210
v -0.160265 0.499451 -0.755997
vn -1.127887 2.315746 -5.603063
v -0.149677 0.513559 -0.752773
vn -0.055041 2.325990 -5.678205
v -0.134767 0.516638 -0.753171
vn 0.754992 1.932619 -5.863499
v -0.119926 0.512042 -0.753472
vn 0.986831 1.021187 -6.013262
v -0.114803 0.497291 -0.756670
vn 1.198678 0.145994 -6.056256
v -0.113538 0.469976 -0.758928
vn -0.017329 0.344862 -6.240439
v -0.143325 0.471408 -0.760448
vn -1.672109 0.926780 -5.731149
v -0.172199 0.474132 -0.758520
vn -0.060302 -0.207698 -6.255187
v -0.150123 0.442906 -0.760451
vn -1.803671 0.306880 -5.778104
v -0.182018 0.445998 -0.758274
vn 1.254264 -0.461969 -6.034061
v -0.117471 0.440730 -0.758701
vn 1.292968 -0.725717 -6.010258
v -0.123302 0.407667 -0.756253
vn -0.086563 -0.519854 -6.243299
v -0.157128 0.410267 -0.758190
vn -1.832174 -0.091185 -5.804990
v -0.190329 0.413514 -0.755933
vn -0.073859 -0.591681 -6.244229
v -0.162636 0.371798 -0.754257
vn -1.716438 -0.241979 -5.887147
v -0.197561 0.374977 -0.752058
vn 1.395530 -0.730678 -5.983935
v -0.127151 0.369097 -0.752207
vn 1.411889 -0.601276 -6.001399
v -0.131860 0.328839 -0.748604
vn -0.057196 -0.406444 -6.263632
v -0.168227 0.332668 -0.750596
vn -1.574451 -0.095615 -5.975227
v -0.204074 0.336659 -0.748504
vn -0.011342 0.017626 -6.277653
v -0.175504 0.298079 -0.749131
vn -1.473218 0.351569 -6.008356
v -0.210410 0.304884 -0.747159
vn 1.362549 -0.272145 -6.053379
v -0.140246 0.290857 -0.747346
vn 0.141452 0.620380 -6.244327
v -0.183243 0.266346 -0.750651
vn 1.434235 0.325338 -6.050399
v -0.148797 0.256171 -0.748976
vn -1.318739 0.973666 -5.974584
v -0.217558 0.275599 -0.748717
vn -1.154568 1.403822 -5.909503
v -0.226367 0.244735 -0.753607
vn 0.246805 1.016004 -6.188754
v -0.190216 0.235757 -0.755613
vn 1.544855 0.817967 -5.956809
v -0.154039 0.225670 -0.753873
vn 0.158172 0.734298 -6.210305
v -0.196355 0.209354 -0.760467
vn 1.419881 0.667055 -5.897609
v -0.156982 0.195528 -0.759836
vn -1.162760 1.143555 -5.863274
v -0.238175 0.212763 -0.759642
vn 5.062722 1.640462 -2.299631
v -0.097433 0.500622 -0.745331
vn 3.157676 4.201958 -1.630300
v -0.108678 0.520198 -0.742873
vn 3.667305 4.192214 0.317193
v -0.104926 0.518704 -0.731049
vn 5.694265 1.445688 -0.323369
v -0.093849 0.497831 -0.732511
vn 3.916744 3.700572 1.950390
v -0.103901 0.513329 -0.717460
vn 5.598793 0.817891 1.376218
v -0.093293 0.490150 -0.719419
vn 6.230431 -0.247343 -0.613468
v -0.094616 0.471499 -0.732104
vn 6.263705 -0.013385 0.362155
v -0.094667 0.470396 -0.722424
vn 5.907879 -0.115655 -1.833143
v -0.096673 0.472751 -0.745852
vn 5.814240 -0.818658 -2.047552
v -0.098985 0.442709 -0.744597
vn 6.094868 -0.755840 -0.935570
v -0.095524 0.441541 -0.730335
vn 6.027032 -0.337010 0.766245
v -0.093875 0.449326 -0.716751
vn 6.150003 -0.729603 0.662324
v -0.100285 0.408825 -0.707854
vn 6.142824 -0.854618 -0.903794
v -0.101297 0.408159 -0.725988
vn 5.868933 -1.000380 -1.958284
v -0.104645 0.408825 -0.740781
vn 5.870325 -0.852462 -2.031518
v -0.107979 0.371028 -0.735555
vn 6.042528 -0.796360 -1.310162
v -0.103170 0.373140 -0.720940
vn 5.681644 -0.286990 0.930601
v -0.100596 0.374624 -0.706580
vn 5.645433 -1.064335 1.641976
v -0.108299 0.336914 -0.699543
vn 6.106027 -1.169638 -0.538450
v -0.109263 0.332509 -0.715060
vn 5.930011 -1.082418 -1.605689
v -0.112542 0.330158 -0.731240
vn 6.056967 -1.370421 -0.403998
v -0.118574 0.290230 -0.715522
vn 5.894914 -1.335677 -1.680815
v -0.122296 0.288616 -0.730914
vn 5.728091 -1.278494 1.755295
v -0.119072 0.293590 -0.697945
vn 5.918325 -1.176407 1.450572
v -0.127924 0.254396 -0.701153
vn 6.129124 -0.979657 -0.650282
v -0.127646 0.251440 -0.719115
vn 5.920435 -0.877515 -1.884413
v -0.131575 0.250476 -0.733511
vn 6.141564 -0.469668 -0.869292
v -0.130886 0.221653 -0.722734
vn 5.917063 -0.353356 -2.074459
v -0.135637 0.219661 -0.737880
vn 5.837227 -0.784259 1.598500
v -0.130770 0.226039 -0.703795
vn 5.897175 -0.032521 1.604622
v -0.132245 0.203290 -0.707224
vn 6.073553 0.789714 -1.041122
v -0.132723 0.197818 -0.725700
vn 5.676908 1.040569 -2.212583
v -0.137849 0.194855 -0.741518
vn 4.792208 -1.089920 3.636863
v -0.136627 0.258820 -0.678805
vn 4.335239 -0.683578 4.247233
v -0.128199 0.299405 -0.680458
vn 4.201806 -0.303362 4.389868
v -0.114758 0.343208 -0.688181
vn 4.619629 -1.287720 3.806005
v -0.140815 0.232138 -0.682479
vn 4.686215 -0.867166 4.007680
v -0.143131 0.210554 -0.688133
vn 6.138743 -0.050872 0.812861
v -0.098335 0.459497 -0.702990
vn 5.917474 0.327694 1.883508
v -0.096259 0.476227 -0.710296
vn 4.270751 3.397438 2.475430
v -0.105172 0.505127 -0.706001
vn 3.462190 4.209863 -1.461936
v -0.104823 0.500635 -0.694902
vn 5.237387 -0.852339 2.596080
v -0.110773 0.381723 -0.693340
vn 4.505425 0.594876 3.571849
v -0.105592 0.372946 -0.695752
vn 0.439475 1.535482 -5.648156
v -0.096795 0.492398 -0.693178
vn 3.804386 -0.413762 -3.166505
v -0.098645 0.442693 -0.694459
vn -3.332789 0.824020 -5.164114
v -0.089076 0.490030 -0.696363
vn -1.372971 -0.876998 -5.449188
v -0.094797 0.434915 -0.692961
vn 5.587161 -1.841614 -1.384765
v -0.105586 0.396639 -0.691302
vn 0.766379 5.544716 1.982813
v -0.130007 0.524212 -0.714798
vn 0.626465 5.942150 0.670137
v -0.129822 0.527132 -0.728688
vn 0.532989 5.777781 -0.759836
v -0.130016 0.527569 -0.740749
vn -3.168159 2.450221 -4.740393
v -0.103186 0.513811 -0.682027
vn -1.970730 4.487642 -2.599991
v -0.113192 0.505745 -0.679989
vn -2.844136 2.076596 -5.054777
v -0.117099 0.515625 -0.670778
vn -2.447545 3.626071 -4.024951
v -0.121122 0.506786 -0.673159
vn -3.257721 1.951919 -4.964255
v -0.094457 0.518086 -0.686723
vn -1.903874 2.224330 -5.525830
v -0.033578 0.524089 -0.717958
vn -2.112905 2.588910 -5.294276
v -0.031893 0.548862 -0.706848
vn -2.729064 2.330514 -5.089374
v -0.058788 0.521958 -0.708339
vn -2.834711 2.640326 -4.729866
v -0.137756 0.526560 -0.659436
vn -3.221570 3.685908 -3.861672
v -0.139234 0.541615 -0.645669
vn 0.879928 4.729002 3.302001
v -0.129363 0.517585 -0.701700
vn -0.073189 5.258147 3.083131
v -0.129311 0.507133 -0.689704
vn -2.240206 5.461280 0.986641
v -0.131818 0.500179 -0.678686
vn -2.908761 3.810032 -3.055281
v -0.135139 0.499739 -0.670138
vn -4.088037 -0.455904 -4.543183
v -0.083581 0.445157 -0.706189
vn -3.883939 1.051853 -4.735293
v -0.077918 0.490056 -0.707130
vn -3.292541 2.084830 -4.859125
v -0.079486 0.519768 -0.696396
vn -2.603146 1.927966 -5.363176
v -0.136588 0.510460 -0.665452
vn -6.176156 0.692420 -0.814415
v -0.236762 0.066441 -0.134548
vn -6.210327 0.814852 -0.355728
v -0.230032 0.078314 -0.169519
vn -6.214650 0.697281 -0.058601
v -0.228405 0.087172 -0.194761
vn -6.211710 0.493716 -0.689798
v -0.232043 0.059275 -0.181026
vn -6.212389 0.096378 -0.105891
v -0.228237 0.065704 -0.202558
vn -1.051883 -5.573536 -2.645012
v -0.055269 -0.098547 -0.213286
vn -0.752762 -5.794095 -1.765730
v -0.101259 -0.097855 -0.212190
vn -0.676651 -5.442076 -2.997601
v -0.055991 -0.084184 -0.239554
vn -0.857109 -5.332591 -2.988068
v -0.104519 -0.084324 -0.240246
vn -3.702709 -4.062637 -2.205822
v -0.179418 -0.065679 -0.211585
vn -3.936846 -3.464710 -3.443228
v -0.174165 -0.048464 -0.232552
vn -2.618787 -4.412146 -3.228003
v -0.146077 -0.072166 -0.238189
vn -2.283275 -5.425422 -1.759000
v -0.143376 -0.086477 -0.210954
vn -4.940350 -3.011825 -2.285449
v -0.205730 -0.030401 -0.207985
vn -5.691104 -2.141772 -1.008610
v -0.224896 0.001073 -0.200540
vn -4.602475 -3.490308 -2.414125
v -0.202341 -0.018131 -0.229101
vn -5.513739 -2.126088 -1.132566
v -0.225937 0.010727 -0.220171
vn -6.201147 -0.376898 -0.677541
v -0.231438 0.034864 -0.191744
vn -6.261994 -0.166290 -0.251484
v -0.229246 0.041700 -0.209709
vn -6.174030 0.712258 -0.100880
v -0.242923 0.067793 -0.077699
vn 1.564940 -5.918960 -1.057746
v -0.159557 0.224820 -0.485654
vn 1.896430 -5.808233 0.024837
v -0.162467 0.221142 -0.463313
vn 2.131347 -5.570328 1.071156
v -0.169612 0.220612 -0.439267
vn 0.131919 -1.563156 1.056819
v -0.162377 0.365995 -0.676031
vn 0.591669 -1.990046 0.902179
v -0.132355 0.368188 -0.680992
vn 4.264912 -3.565527 -2.227118
v -0.114153 0.376144 -0.686312
vn -5.705761 1.190352 1.919363
v -0.211785 0.406800 -0.689666
vn -5.392123 0.396630 2.782112
v -0.214805 0.377823 -0.686179
vn -5.039956 2.155013 1.966932
v -0.206904 0.430613 -0.694604
vn -1.732113 -2.013997 5.655581
v -0.248712 0.170286 -0.681803
vn -2.447987 -2.081329 4.795033
v -0.248269 0.164254 -0.683194
vn -2.813995 -1.465760 5.328835
v -0.243139 0.168601 -0.680455
vn -2.744545 -0.488739 5.612968
v -0.240775 0.185360 -0.675659
vn -3.113918 -1.243579 5.207920
v -0.237758 0.167382 -0.676506
vn -2.337106 -0.113738 5.712608
v -0.233220 0.191036 -0.670901
vn -3.606190 0.761054 4.990258
v -0.245507 0.196230 -0.678078
vn -2.477819 -1.162975 4.919158
v -0.258013 0.172944 -0.682466
vn -5.099640 3.419055 -1.057492
v -0.270416 0.199723 -0.729442
vn -5.163493 2.346701 -0.937826
v -0.281393 0.184506 -0.733304
vn -5.426208 1.268310 1.143249
v -0.280500 0.184784 -0.713640
vn -5.133769 3.007701 1.310586
v -0.269679 0.202291 -0.710691
vn -4.844601 3.149780 -2.448950
v -0.265963 0.197148 -0.744122
vn -4.766832 2.466580 -3.145085
v -0.275600 0.181547 -0.745917
vn -0.176632 -0.200469 6.272738
v -0.198369 0.203866 -0.667337
vn -0.333014 -0.014386 6.230927
v -0.214637 0.194254 -0.667522
vn 0.668998 -0.441442 6.187038
v -0.186474 0.191773 -0.668033
vn -0.001919 -1.701788 5.957364
v -0.205223 0.168501 -0.670507
vn 0.085963 0.027042 -6.278356
v -0.181963 0.175962 -0.761233
vn 0.008363 0.132313 -6.270158
v -0.201555 0.190189 -0.761512
vn -0.026247 -0.111083 -6.280898
v -0.207803 0.162052 -0.760519
vn -0.130785 0.089829 -6.275594
v -0.225876 0.184865 -0.761149
vn 5.603889 0.307630 1.931580
v -0.128322 0.179684 -0.710684
vn 5.650115 0.846763 -0.803714
v -0.125362 0.176220 -0.730057
vn 5.388830 -1.343304 2.088292
v -0.128318 0.159891 -0.714953
vn 5.867598 -0.679222 -0.692145
v -0.126359 0.157883 -0.732049
vn 4.920137 0.698047 -3.324065
v -0.132368 0.174267 -0.746754
vn 5.045735 -0.035870 -3.537697
v -0.133477 0.156382 -0.747682
vn 4.628490 -0.310301 4.073345
v -0.139942 0.184076 -0.693188
vn 3.458904 -0.818687 5.142981
v -0.155802 0.185955 -0.680319
vn 1.874746 -2.285776 4.633990
v -0.152571 0.161224 -0.685616
vn 4.309231 -1.819339 3.798495
v -0.139505 0.160561 -0.697622
vn -0.939037 -4.386415 3.732558
v -0.254688 0.153708 -0.693728
vn -3.057858 -3.676689 3.057729
v -0.262997 0.154322 -0.697311
vn -1.665669 -5.204207 3.067212
v -0.256784 0.143934 -0.714827
vn -2.970545 -4.336461 3.255100
v -0.263437 0.144439 -0.717857
vn -3.779219 -2.830329 2.004213
v -0.252583 0.143365 -0.713546
vn -3.007131 -2.911761 2.774387
v -0.250691 0.154258 -0.693501
vn -5.415327 0.662048 -0.625976
v -0.285215 0.170406 -0.736916
vn -5.250110 1.117567 -3.130613
v -0.279989 0.165875 -0.747893
vn -5.488736 -0.973608 0.007558
v -0.284526 0.157543 -0.739044
vn -5.478728 -0.801733 -2.051615
v -0.280862 0.151522 -0.749507
vn -5.318477 -1.870028 2.457076
v -0.280975 0.160312 -0.727776
vn -5.847633 -0.763744 1.724037
v -0.281344 0.170884 -0.722113
vn -5.097566 -1.257813 2.711742
v -0.249682 0.148517 -0.691991
vn -5.995338 -0.736139 1.647979
v -0.251823 0.133617 -0.712848
vn -3.615779 -2.343320 3.839144
v -0.245180 0.140044 -0.690067
vn -4.225909 -2.551744 3.128588
v -0.248825 0.119239 -0.711829
vn 0.256004 0.044160 -6.262713
v -0.161908 0.143368 -0.760907
vn 1.287293 0.027810 -6.110843
v -0.152493 0.156483 -0.759649
vn 1.559424 0.294840 -6.030993
v -0.149796 0.139458 -0.759620
vn 0.314183 -0.198099 -6.199395
v -0.156895 0.130154 -0.761072
vn 1.770316 -0.206875 -5.925157
v -0.147607 0.127857 -0.759529
vn 0.941522 -1.774872 -5.615935
v -0.152856 0.120558 -0.759927
vn -0.686547 -2.810648 -5.148566
v -0.161478 0.119391 -0.759390
vn -0.396652 -3.557817 -4.757776
v -0.156937 0.116561 -0.758261
vn 0.515893 -0.835143 -6.097605
v -0.170747 0.122146 -0.759982
vn 5.121532 -2.431508 2.300021
v -0.131675 0.145474 -0.721890
vn 5.716722 -1.229584 -0.212926
v -0.128972 0.142091 -0.735380
vn 4.535050 -3.066514 2.672690
v -0.133998 0.135826 -0.727666
vn 4.914991 -2.633785 0.544537
v -0.132772 0.129636 -0.737987
vn 5.049828 -0.481723 -3.126858
v -0.133810 0.138954 -0.748995
vn 4.591899 -2.424522 -1.845592
v -0.137232 0.124148 -0.750124
vn -1.242377 -4.249895 4.313157
v -0.158008 0.145309 -0.699326
vn 0.213808 -3.327727 5.293659
v -0.161669 0.161806 -0.685671
vn 1.504660 -3.454275 4.956974
v -0.162746 0.157049 -0.689258
vn 1.750012 -2.635297 3.015747
v -0.160938 0.146434 -0.699824
vn 3.325212 -2.874210 2.868157
v -0.158108 0.131674 -0.713873
vn 0.220930 -4.900784 3.917038
v -0.155472 0.131399 -0.714494
vn 1.431654 -3.908165 4.046976
v -0.151633 0.142867 -0.700946
vn 1.757385 -4.454343 3.614102
v -0.150204 0.129724 -0.716832
vn 2.626589 -2.600350 4.770900
v -0.166009 0.161910 -0.685086
vn 2.543654 -1.759505 5.445289
v -0.163884 0.177469 -0.678214
vn 2.353134 -1.230519 5.573458
v -0.168509 0.184881 -0.673078
vn 3.210348 -2.130763 4.870105
v -0.170472 0.161770 -0.680862
vn -0.896657 -0.448059 5.900321
v -0.222438 0.182734 -0.667457
vn -1.781348 -1.297789 5.729860
v -0.227105 0.163168 -0.672599
vn 0.738666 -1.944500 5.815689
v -0.213386 0.163329 -0.672156
vn 0.212719 -1.770426 4.340244
v -0.220087 0.149083 -0.672379
vn -2.720900 -3.782833 4.096405
v -0.203392 0.136344 -0.689058
vn 0.937511 -3.518813 4.607778
v -0.207642 0.139914 -0.687903
vn -0.131025 -2.863684 2.455508
v -0.207761 0.124028 -0.711273
vn -4.543072 -2.861613 3.229839
v -0.203589 0.115645 -0.711671
vn -1.260303 -3.826268 4.426198
v -0.195756 0.130484 -0.689378
vn -1.570236 -3.601503 4.080813
v -0.195682 0.104213 -0.712046
vn -0.400923 -2.236593 4.831310
v -0.193648 0.148546 -0.675400
vn -0.467882 -2.087393 5.708626
v -0.198033 0.161256 -0.672463
vn -0.021838 -0.060936 -6.282484
v -0.228657 0.149199 -0.760473
vn -0.222920 0.119055 -6.271350
v -0.242965 0.173656 -0.760858
vn -0.221241 0.140769 -6.266300
v -0.254672 0.160451 -0.760761
vn -0.726272 -0.789628 -6.070804
v -0.248036 0.134568 -0.759943
vn -1.731098 0.885727 -5.807539
v -0.262127 0.177844 -0.759170
vn -1.651447 1.022587 -5.757702
v -0.253534 0.192947 -0.759371
vn -0.491929 -0.427485 -6.140780
v -0.234090 0.105183 -0.760929
vn -0.009682 -0.039673 -6.274686
v -0.226500 0.117599 -0.760726
vn -0.038936 -1.261842 -6.007470
v -0.211274 0.101551 -0.759477
vn 1.350801 -2.258512 -5.217553
v -0.219708 0.093249 -0.758879
vn -1.653176 -2.302254 -4.941066
v -0.236907 0.094672 -0.759060
vn -0.069423 -3.121445 -5.079924
v -0.225843 0.088818 -0.757391
vn -2.659794 -1.655562 -5.195946
v -0.247192 0.104546 -0.757540
vn -2.593646 -0.399036 -5.218149
v -0.248961 0.115982 -0.759037
vn 0.167667 -0.025998 -6.276765
v -0.169521 0.159500 -0.760978
vn 1.364938 0.158464 -6.003746
v -0.153111 0.173210 -0.760250
vn -0.018461 -0.060950 -6.282370
v -0.189725 0.142172 -0.760499
vn -0.344942 -5.342589 3.215347
v -0.259785 0.133407 -0.730438
vn -2.105545 -4.152769 2.806468
v -0.267916 0.132159 -0.732152
vn 0.449547 -5.960098 1.432691
v -0.260668 0.127156 -0.743892
vn -2.154159 -4.526053 0.681672
v -0.268686 0.126480 -0.745098
vn -3.230388 -3.139967 0.596021
v -0.255917 0.127693 -0.743578
vn -3.648140 -2.635500 2.027280
v -0.255232 0.133427 -0.729426
vn -5.989865 -0.507302 1.086700
v -0.255801 0.121509 -0.728553
vn -6.180811 -0.645729 -0.176772
v -0.255885 0.117156 -0.743271
vn -4.596570 -2.556280 1.975064
v -0.252803 0.106144 -0.728546
vn -5.048450 -2.856787 0.165430
v -0.252994 0.101839 -0.743064
vn 3.211522 -3.025195 1.483448
v -0.158667 0.120823 -0.729122
vn -0.742007 -5.337593 3.164362
v -0.155592 0.120348 -0.729636
vn 2.853095 -3.198391 0.074607
v -0.161371 0.115306 -0.743624
vn -1.476399 -5.839321 1.628682
v -0.158027 0.114640 -0.743937
vn 0.979867 -4.748678 2.738751
v -0.149660 0.117955 -0.731295
vn 0.439776 -5.375691 0.952066
v -0.152034 0.112356 -0.745027
vn -0.026925 -2.741903 2.621192
v -0.209602 0.106726 -0.728863
vn -4.674378 -2.851772 2.908674
v -0.205455 0.097787 -0.728795
vn -0.120563 -3.569435 1.704672
v -0.211012 0.095730 -0.743255
vn -4.618365 -3.632685 1.717566
v -0.207144 0.089080 -0.743042
vn -1.445570 -4.173996 2.798078
v -0.196930 0.086739 -0.728572
vn -1.175531 -5.056035 1.127682
v -0.198641 0.081367 -0.742906
vn -0.516052 -0.091362 -6.190053
v -0.262544 0.149080 -0.760920
vn -0.109641 -2.521231 -5.407947
v -0.258605 0.133414 -0.759222
vn -1.724759 -0.954632 -5.666858
v -0.268217 0.140564 -0.759785
vn -0.967129 -2.678448 -5.307548
v -0.264194 0.132097 -0.758135
vn -2.208354 0.101800 -5.805100
v -0.271490 0.152311 -0.758882
vn -1.940627 0.705743 -5.732507
v -0.268576 0.163552 -0.759367
vn 0.274962 -0.538889 -6.128627
v -0.187580 0.099772 -0.760926
vn 1.080768 -2.596395 -4.971519
v -0.185436 0.090426 -0.759099
vn -0.365644 -3.035182 -5.079243
v -0.197849 0.086535 -0.757466
vn -1.682126 -2.079836 -5.063196
v -0.203968 0.091577 -0.758876
vn -0.043847 -0.102765 -6.272229
v -0.194337 0.112777 -0.760722
vn 2.405569 -0.674313 -5.304123
v -0.170501 0.106855 -0.759037
vn 2.203164 -2.200027 -5.206702
v -0.173234 0.097715 -0.757556
vn -4.694260 -2.884770 2.920456
v -0.274009 0.152327 -0.722405
vn -4.914204 -2.631995 1.915114
v -0.277686 0.141745 -0.735752
vn -4.857750 -2.673438 -0.628887
v -0.277104 0.136185 -0.748019
vn -5.188409 -2.488807 2.209186
v -0.273650 0.163003 -0.707641
vn -4.008679 0.253126 3.078934
v -0.274067 0.180063 -0.692922
vn -1.798399 -3.586280 4.606209
v -0.232334 0.132634 -0.688498
vn -1.848075 -4.067760 4.292823
v -0.235381 0.109274 -0.712311
vn 1.022585 -4.140922 4.154956
v -0.218767 0.130723 -0.687987
vn 1.420275 -4.036697 4.028330
v -0.221817 0.106787 -0.712285
vn -2.459842 -4.284949 2.761732
v -0.239246 0.092787 -0.728336
vn -3.068176 -5.003066 0.517563
v -0.239650 0.088695 -0.742999
vn 1.132414 -4.135344 2.617062
v -0.223214 0.088239 -0.728585
vn 0.552007 -5.127012 0.978330
v -0.224181 0.083065 -0.742883
vn -4.455539 2.024276 3.849983
v -0.257948 0.201291 -0.691674
vn 3.993179 -3.301874 3.397297
v -0.140805 0.144212 -0.709646
vn 3.809216 -3.744602 3.285849
v -0.141126 0.132770 -0.722747
vn 3.717636 -4.202765 2.053460
v -0.141355 0.121263 -0.735160
vn 3.367632 -4.597348 -0.303802
v -0.144576 0.115461 -0.747602
vn 3.524737 -2.414383 4.160545
v -0.167189 0.135406 -0.694436
vn 3.460535 -3.356772 3.428523
v -0.164858 0.114678 -0.712550
vn 5.358160 -1.632373 1.952868
v -0.159104 0.124542 -0.712900
vn 5.259317 -1.352251 2.987047
v -0.162364 0.142075 -0.697993
vn 4.018185 -3.219052 1.796312
v -0.163722 0.100070 -0.728750
vn 4.447425 -3.657195 -0.169672
v -0.165925 0.095280 -0.743138
vn 5.962630 -1.284869 -0.886589
v -0.161617 0.107250 -0.743323
vn 5.784600 -1.344787 0.446496
v -0.159017 0.112343 -0.728902
vn 1.200483 -1.100804 5.862854
v -0.183140 0.178763 -0.669284
vn 2.030682 -1.960635 5.539776
v -0.182949 0.159503 -0.675629
vn 3.311295 -3.478873 3.670089
v -0.211594 0.135606 -0.687518
vn 4.225056 -3.513479 2.959403
v -0.213052 0.115885 -0.711460
vn 4.382653 -4.141297 1.204391
v -0.215462 0.089662 -0.743071
vn 4.564039 -3.319654 2.502260
v -0.214278 0.098475 -0.728918
vn 1.565231 -3.494924 4.788419
v -0.181044 0.130571 -0.690794
vn 1.608483 -4.111849 4.449125
v -0.180313 0.106645 -0.713617
vn 2.215211 -5.493771 0.397777
v -0.181491 0.084941 -0.743113
vn 1.892841 -4.612543 2.734399
v -0.179498 0.089368 -0.728469
vn 0.000011 -0.041223 -6.282365
v -0.210223 0.129067 -0.760499
vn -4.228509 1.538902 -3.549469
v -0.230947 0.277355 -0.742492
vn -3.990291 1.988742 -3.628875
v -0.240607 0.246187 -0.747366
vn -3.940495 2.191209 -3.706362
v -0.250950 0.217821 -0.752175
vn -4.387742 0.623839 -3.609021
v -0.217567 0.337374 -0.742010
vn -4.331428 1.008168 -3.657433
v -0.223761 0.306129 -0.740901
vn -4.481057 0.548873 -3.469916
v -0.210662 0.375966 -0.745073
vn -4.540428 0.788559 -3.329645
v -0.202739 0.415086 -0.748611
vn -4.444231 1.274448 -3.253270
v -0.193706 0.447971 -0.751185
vn -4.179117 1.962534 -3.228448
v -0.182606 0.476489 -0.752149
vn -2.111693 3.839683 -3.393541
v -0.151336 0.520680 -0.748604
vn -3.676039 2.835945 -3.346804
v -0.168308 0.502411 -0.750648
vn 1.957346 3.363256 -3.943123
v -0.113726 0.518575 -0.749914
vn 0.180608 4.369438 -3.242018
v -0.131805 0.525425 -0.748213
vn 3.236414 1.313951 -4.439526
v -0.102814 0.499442 -0.753028
vn 3.799505 0.042920 -4.078500
v -0.100376 0.471450 -0.754484
vn 3.840826 -0.766376 -4.218555
v -0.103490 0.441603 -0.753617
vn 3.975218 -0.934991 -4.160991
v -0.108991 0.408026 -0.750583
vn 4.123938 -0.838352 -4.030493
v -0.112494 0.369443 -0.745936
vn 4.173244 -0.935624 -3.841022
v -0.116857 0.328538 -0.742146
vn 4.144677 -0.918281 -3.901350
v -0.126016 0.288302 -0.741285
vn 4.196548 -0.380283 -4.048030
v -0.135071 0.251495 -0.743313
vn 4.187896 0.140761 -4.054084
v -0.139618 0.220690 -0.748029
vn 4.162133 0.816720 -4.230416
v -0.142254 0.195535 -0.752275
vn 3.165416 0.099286 -5.286333
v -0.142807 0.158481 -0.756314
vn 3.308083 0.448898 -5.187266
v -0.142532 0.175729 -0.755622
vn 3.398691 0.123350 -5.114876
v -0.141656 0.140102 -0.756363
vn 3.404203 -1.492863 -3.996943
v -0.142080 0.124323 -0.757158
vn 2.422344 -3.874246 -3.016954
v -0.148522 0.115468 -0.755664
vn -0.178308 -4.622823 -1.754939
v -0.155369 0.112266 -0.754403
vn -1.740273 -5.333016 -1.705763
v -0.160990 0.114323 -0.753734
vn 2.232972 -3.008214 -3.399811
v -0.164098 0.115044 -0.753375
vn 3.685114 -2.870253 -2.464406
v -0.167532 0.095778 -0.753171
vn 4.916566 -0.757989 -2.812783
v -0.163661 0.107356 -0.753177
vn 1.982376 -4.782364 -2.311120
v -0.183434 0.085351 -0.753203
vn -1.118046 -3.867899 -1.532018
v -0.200682 0.080888 -0.752957
vn -0.275473 -3.860084 -2.672574
v -0.211607 0.093666 -0.752948
vn -3.718983 -3.044477 -1.441683
v -0.208609 0.087531 -0.752896
vn 3.347901 -3.456458 -1.838271
v -0.215339 0.088036 -0.752906
vn 0.462802 -3.956461 -1.681955
v -0.223557 0.082577 -0.752902
vn -2.777936 -4.294011 -2.229664
v -0.238809 0.089223 -0.753119
vn -4.203021 -2.234831 -2.306381
v -0.252243 0.102625 -0.753158
vn -5.227704 -0.374597 -2.459359
v -0.254908 0.117612 -0.753210
vn -2.715299 -2.907914 -3.407674
v -0.254488 0.127673 -0.753371
vn -1.255904 -3.766733 -2.068988
v -0.266257 0.126282 -0.754303
vn 0.705296 -5.109648 -2.245642
v -0.258951 0.126981 -0.753588
vn -4.081867 -0.186087 -4.169465
v -0.276693 0.151492 -0.756279
vn -3.786039 -2.194070 -3.479683
v -0.273408 0.136104 -0.755816
vn -4.032442 1.290778 -4.368575
v -0.274620 0.166453 -0.755221
vn -3.812326 2.024507 -4.237016
v -0.269158 0.182094 -0.754293
vn -3.957056 2.336615 -3.866184
v -0.260707 0.197750 -0.753756
vn -1.402340 0.690618 -6.036207
v -0.092264 -0.268691 0.346780
vn -2.176370 0.678267 -5.838536
v -0.094748 -0.254726 0.349209
vn -0.989618 0.699175 -6.144613
v -0.088914 -0.280832 0.345104
vn -2.577831 1.138966 -5.508756
v -0.095579 -0.239380 0.352795
vn 3.485034 -1.313374 -4.731877
v -0.013866 -0.349557 0.375667
vn 1.845711 -2.794842 -3.505417
v -0.009972 -0.350068 0.378513
vn 3.723310 2.091215 -3.962871
v -0.023219 -0.347985 0.367465
vn 3.721524 -0.845296 -4.846611
v -0.018274 -0.348917 0.371799
vn 3.691569 -0.460010 -5.055350
v -0.028478 -0.346727 0.363228
vn 3.746360 -0.369148 -5.009722
v -0.033889 -0.345107 0.358898
vn 2.834871 -0.597719 -5.389157
v -0.045143 -0.339897 0.350379
vn 3.643896 0.404984 -4.720390
v -0.039467 -0.343014 0.354419
vn 2.345609 -0.540434 -5.564130
v -0.050680 -0.335476 0.347236
vn 1.822898 -0.350506 -5.744927
v -0.056666 -0.330168 0.344558
vn 1.312868 -0.049916 -5.781439
v -0.063837 -0.324318 0.342255
vn 0.720801 0.148686 -5.756743
v -0.070958 -0.317921 0.340848
vn 0.213155 0.288088 -5.844336
v -0.076754 -0.310424 0.340755
vn -0.109446 0.455072 -5.976971
v -0.081475 -0.301973 0.341489
vn -0.370984 0.756878 -6.109789
v -0.085450 -0.292232 0.342960
vn 0.071533 -0.100010 -6.236614
v -0.112458 -0.197059 0.323565
vn -1.887477 -3.399915 -0.126662
v -0.106077 -0.217595 0.362591
vn 0.532957 -5.840457 1.503615
v -0.101763 -0.222640 0.354826
vn 0.148665 -6.193350 -0.745348
v -0.101789 -0.222737 0.345800
vn -0.179411 -5.716621 -2.483110
v -0.099422 -0.220370 0.337498
vn -0.775856 -4.259656 -4.383149
v -0.095515 -0.216124 0.329930
vn -0.006799 -0.802105 -6.207182
v -0.005943 -0.282510 0.301997
vn 3.076498 -4.422853 -2.829000
v 0.011095 0.317526 -0.664915
vn 2.844652 -3.854057 -3.777909
v 0.012650 0.334712 -0.684669
vn 4.684944 -3.242915 -2.340845
v 0.026693 0.339401 -0.672085
vn 4.685781 -3.627932 -1.783934
v 0.023860 0.322079 -0.649527
vn 2.834607 -5.059063 -1.658894
v 0.009795 0.305715 -0.643068
vn 4.311186 -4.270136 -1.379699
v 0.019397 0.312231 -0.637092
vn -0.151832 -5.238204 -2.100131
v -0.005622 0.302979 -0.650604
vn -0.162012 -4.561427 -3.378688
v -0.005638 0.315618 -0.672735
vn -0.137078 -3.900879 -4.415993
v -0.005826 0.333286 -0.690814
vn -0.145260 -3.299798 -5.059317
v -0.005871 0.353036 -0.705044
vn -0.074696 -2.955735 -5.363966
v -0.005991 0.371147 -0.715484
vn 2.024522 -2.950252 -5.063399
v 0.014982 0.373211 -0.711955
vn 2.388857 -3.367308 -4.574902
v 0.013879 0.354686 -0.700590
vn 3.566534 -3.076471 -4.054066
v 0.026554 0.373269 -0.704792
vn 4.291782 -2.907259 -3.263870
v 0.028967 0.360200 -0.692479
vn -2.913097 -3.924367 -3.736768
v -0.024755 0.335462 -0.683779
vn -4.493687 -3.460458 -2.378593
v -0.039425 0.339958 -0.671499
vn -4.084181 -3.085817 -3.393978
v -0.041932 0.361503 -0.692741
vn -2.373186 -3.427094 -4.590728
v -0.026133 0.355782 -0.700170
vn -3.370094 -3.216950 -4.121381
v -0.039509 0.374721 -0.705351
vn -1.942234 -3.170389 -4.977222
v -0.027307 0.374356 -0.712324
vn -1.147160 -4.864224 -3.799241
v -0.031304 0.285016 -0.579728
vn -1.728568 -5.312363 -2.737134
v -0.024390 0.296821 -0.599230
vn -3.205949 -4.486433 -2.750535
v -0.022310 0.318098 -0.663463
vn -2.946981 -5.055824 -1.681772
v -0.020525 0.305854 -0.641387
vn -4.512416 -3.882376 -1.797007
v -0.035215 0.322199 -0.647758
vn -4.233542 -4.371199 -1.427062
v -0.030308 0.312280 -0.634925
vn 2.185494 -4.254754 -4.047359
v 0.044843 0.316960 -0.606384
vn 3.888423 -3.855899 -2.897110
v 0.034655 0.325592 -0.623880
vn 2.194668 -1.363988 -5.505599
v 0.021493 0.408052 -0.724594
vn 2.092090 -2.007637 -5.429958
v 0.018365 0.396613 -0.721961
vn -3.410832 -3.878518 -3.066136
v -0.059762 0.383463 -0.678657
vn -5.281593 -2.582590 -2.176937
v -0.054154 0.377574 -0.683288
vn 5.080628 -3.280213 -1.646743
v 0.029659 0.325973 -0.637143
vn 5.521003 -2.566344 -1.504725
v 0.033219 0.345669 -0.661060
vn 4.065742 -4.381142 -1.857462
v 0.022547 0.310815 -0.621778
vn 2.466016 -5.520809 -1.385831
v 0.009665 0.301381 -0.621545
vn -0.068602 -5.932134 -1.189307
v -0.005881 0.297849 -0.624931
vn 1.999987 -2.448194 -5.295964
v 0.016334 0.386034 -0.718359
vn 0.055027 -2.526776 -5.600091
v -0.006166 0.384045 -0.721958
vn 3.988268 -2.418930 -3.687674
v 0.032269 0.383547 -0.707916
vn 5.358586 -2.214304 -2.139991
v 0.035791 0.368062 -0.687156
vn -5.337440 -2.872380 -1.590405
v -0.046738 0.346322 -0.660394
vn -5.172657 -2.463780 -2.320468
v -0.049703 0.369556 -0.687508
vn -3.872761 -2.673115 -3.727851
v -0.045839 0.385261 -0.708770
vn -1.829453 -2.714532 -5.202926
v -0.029105 0.386982 -0.719481
vn -2.544876 -5.457428 -1.458374
v -0.021014 0.301155 -0.619886
vn -3.933204 -4.424393 -2.052787
v -0.033707 0.310695 -0.619146
vn -4.787258 -3.640423 -1.775218
v -0.041867 0.326128 -0.635167
vn -2.171306 5.649712 1.614651
v -0.031573 0.647898 -0.530860
vn -2.244819 5.520751 1.873389
v -0.028358 0.655145 -0.548328
vn 1.050896 -3.058577 -3.619601
v 0.292224 0.300139 -0.757944
vn 3.558356 -3.639372 -2.497672
v 0.298689 0.301601 -0.752838
vn 1.929922 -5.385765 0.088177
v 0.292784 0.296630 -0.746648
vn -0.893935 -4.449238 -2.606390
v 0.285704 0.296669 -0.753122
vn -1.068634 -1.487231 -5.586511
v 0.283262 0.312189 -0.761634
vn -3.242044 -2.348983 -4.179798
v 0.275264 0.309984 -0.757398
vn 2.294270 -0.949086 -5.293224
v 0.297298 0.317471 -0.761146
vn 0.309737 -0.175642 -6.190592
v 0.289064 0.324874 -0.762647
vn 4.044285 -0.834980 -4.452331
v 0.303754 0.320776 -0.756958
vn -2.105169 -4.274136 -0.120747
v 0.281458 0.295877 -0.747624
vn -0.449710 -4.904486 2.627935
v 0.287004 0.296850 -0.741719
vn -3.771635 -3.925603 2.300795
v 0.273363 0.307584 -0.737922
vn -1.985817 -3.932942 4.264356
v 0.277826 0.309955 -0.732039
vn -4.547739 -3.262364 -1.529576
v 0.271894 0.307487 -0.750386
vn -5.181945 -3.315012 0.586492
v 0.266843 0.315530 -0.740791
vn 4.790808 3.975967 -0.539014
v 0.061178 0.629311 -0.571358
vn 4.397539 3.937042 -2.097123
v 0.064687 0.611630 -0.605061
vn 5.038534 3.285470 -1.768482
v 0.060405 0.618626 -0.603001
vn 5.119648 3.465522 -0.704774
v 0.057404 0.633454 -0.579699
vn 3.527394 -4.072985 1.920125
v 0.300277 0.301979 -0.741311
vn 4.360108 -2.550066 3.280786
v 0.307411 0.321581 -0.731075
vn 2.415294 -3.188365 4.641327
v 0.300183 0.317729 -0.728019
vn 1.398713 -4.136355 3.582878
v 0.294171 0.300585 -0.737495
vn -0.116062 -3.697503 4.949961
v 0.285584 0.311934 -0.728831
vn 1.264396 -3.339078 5.142030
v 0.291516 0.324152 -0.721470
vn 5.187363 -1.055959 -2.608301
v 0.308886 0.321643 -0.751140
vn 6.036748 -0.736087 -1.014976
v 0.312764 0.333454 -0.742359
vn 5.559490 -1.873602 0.855569
v 0.310982 0.322251 -0.738365
vn 4.169168 -2.942819 -0.799050
v 0.304692 0.304783 -0.747647
vn -2.157826 2.640252 -5.187521
v -0.030777 0.569635 -0.697796
vn -1.854100 3.163368 -4.852961
v -0.029768 0.585751 -0.689911
vn 4.915478 2.663685 -2.778313
v 0.055318 0.606268 -0.629078
vn 3.785954 3.853875 -3.193061
v 0.057521 0.594341 -0.640332
vn 0.943745 3.921347 -4.662007
v -0.001745 0.589942 -0.689242
vn -1.440447 3.552196 -4.904731
v -0.026751 0.596210 -0.682525
vn -3.396617 2.878782 -4.393781
v -0.048106 0.607549 -0.663825
vn -3.482863 2.277092 -4.670399
v -0.040952 0.615980 -0.663851
vn -1.428392 2.426852 -5.504235
v -0.020341 0.602824 -0.679145
vn 1.411527 1.960198 -5.616667
v 0.003805 0.594421 -0.683951
vn -4.237017 3.202492 -3.294495
v -0.061822 0.618664 -0.642092
vn -4.170488 4.166662 -2.101322
v -0.066773 0.630239 -0.618735
vn -4.570868 3.735086 -2.078948
v -0.056673 0.637869 -0.625750
vn -4.406865 2.893337 -3.345916
v -0.053028 0.627264 -0.645439
vn 5.665948 2.163301 -1.518868
v 0.058022 0.618846 -0.608783
vn 4.888400 -1.772923 -0.033713
v 0.055008 0.609531 -0.627645
vn 3.724752 -1.982502 -1.753595
v 0.044610 0.601950 -0.648854
vn 2.084932 -5.291117 2.106989
v 0.055758 0.608364 -0.631681
vn 0.701927 -5.917418 1.508716
v 0.046770 0.602785 -0.648036
vn 5.930323 -1.462105 0.746195
v 0.057501 0.616426 -0.617215
vn 2.971947 3.344668 -4.364800
v 0.023905 0.593542 -0.673731
vn 3.080128 -3.833982 -2.581319
v 0.027831 0.596155 -0.669517
vn -0.142148 5.799382 2.025596
v 0.000154 0.666167 -0.557966
vn 2.562912 5.409051 1.526862
v 0.025813 0.661940 -0.563195
vn 4.521581 4.233162 0.424120
v 0.045338 0.649486 -0.575149
vn 3.157987 4.904190 2.119946
v 0.028148 0.664473 -0.575734
vn 5.165598 3.341784 1.014753
v 0.046282 0.649605 -0.586743
vn 0.241490 5.719315 2.235813
v 0.004358 0.670960 -0.571494
vn 5.414310 3.044490 -0.849501
v 0.055438 0.633208 -0.590760
vn 5.988652 1.769370 0.125684
v 0.054975 0.631252 -0.601371
vn -2.230145 5.554389 1.733817
v -0.025076 0.661507 -0.563186
vn -3.414246 5.125511 0.844909
v -0.046954 0.653473 -0.576652
vn -2.096676 5.616072 1.614770
v -0.018494 0.668535 -0.577600
vn -3.394550 5.176167 0.586956
v -0.038310 0.661028 -0.590763
vn -4.183711 4.591193 -0.537873
v -0.061744 0.642374 -0.595905
vn -4.250442 4.501408 -0.721932
v -0.051916 0.649845 -0.607192
vn -2.107731 -0.487918 -5.830259
v -0.008992 0.607597 -0.681816
vn 0.403573 -4.020703 -4.325039
v 0.011742 0.597588 -0.683036
vn -3.599693 0.864352 -5.040472
v -0.026676 0.622422 -0.672049
vn -3.626198 -0.248723 -5.058557
v -0.008103 0.628603 -0.685458
vn -2.633874 -2.424037 -5.045647
v 0.005594 0.611562 -0.689818
vn -1.121587 -5.158295 -2.743347
v 0.021839 0.599431 -0.687023
vn -4.396972 2.141303 -3.857163
v -0.036958 0.636831 -0.658666
vn -4.655516 3.354168 -2.414803
v -0.040024 0.649974 -0.642797
vn -4.349928 3.124117 -3.027699
v -0.018915 0.663648 -0.663731
vn -4.188924 1.490468 -4.323904
v -0.016230 0.646902 -0.676687
vn 4.412246 -3.501163 2.601796
v 0.058501 0.615055 -0.622790
vn 0.938714 -5.510962 2.540133
v 0.056615 0.606536 -0.636535
vn -0.669119 -5.829474 2.240965
v 0.048054 0.601359 -0.651535
vn 0.303079 -5.565025 2.763933
v 0.058740 0.604573 -0.641367
vn -0.681291 -5.868562 2.089366
v 0.050603 0.598865 -0.656962
vn 2.649771 -4.323639 3.590204
v 0.061360 0.614218 -0.626953
vn 0.243662 -6.217559 0.238293
v 0.031890 0.596925 -0.669986
vn -0.752195 -6.171794 0.242524
v 0.037563 0.596152 -0.674103
vn 5.386087 1.671545 2.638440
v 0.049080 0.648978 -0.595126
vn 4.752345 0.252125 4.007137
v 0.053970 0.648108 -0.602011
vn 3.786242 2.708359 4.046762
v 0.042537 0.667658 -0.596132
vn 3.699478 3.767074 3.246259
v 0.034067 0.666203 -0.586387
vn 1.311429 4.912417 3.221453
v 0.026651 0.681675 -0.598195
vn 0.864577 5.345624 2.805998
v 0.014138 0.676180 -0.584974
vn 5.706206 -0.400561 2.327568
v 0.056253 0.630168 -0.608221
vn 4.291336 -2.070853 4.031589
v 0.059542 0.629246 -0.613234
vn -3.241173 5.267678 0.511702
v -0.023682 0.672331 -0.608748
vn -1.657775 5.723521 1.704062
v -0.005748 0.677393 -0.593651
vn -1.170736 5.751921 1.914661
v 0.009678 0.686562 -0.610255
vn -2.900318 5.416404 0.430148
v -0.006327 0.684611 -0.628246
vn -4.238523 4.418427 -0.888341
v -0.036013 0.662403 -0.625840
vn -3.935803 4.483956 -1.317388
v -0.016298 0.676503 -0.647024
vn -2.914274 -2.573310 4.828187
v 0.153160 0.555030 -0.655885
vn -2.930517 -2.708839 4.664362
v 0.173593 0.529746 -0.656128
vn -1.452302 -1.397482 5.801489
v 0.187193 0.549383 -0.642768
vn -1.603368 -1.129365 5.873038
v 0.165537 0.573173 -0.644249
vn 0.094511 0.140459 6.129426
v 0.203671 0.569260 -0.638718
vn -0.219333 0.453130 6.165661
v 0.180472 0.591330 -0.640892
vn -0.153454 0.230470 6.211689
v 0.157287 0.608176 -0.643385
vn -1.409211 -1.403936 5.894531
v 0.144266 0.588956 -0.647004
vn -2.535960 -2.914943 4.851270
v 0.133613 0.572814 -0.657195
vn -3.824757 -1.401811 -4.356778
v 0.258385 0.345245 -0.755376
vn -3.952737 -1.360081 -4.323959
v 0.238541 0.391228 -0.750926
vn -1.699394 -0.423456 -5.943152
v 0.254964 0.397596 -0.759720
vn -1.639907 -0.430174 -5.938259
v 0.270339 0.349149 -0.761427
vn 0.267341 0.070055 -6.199108
v 0.284572 0.353680 -0.762957
vn 0.235650 0.115451 -6.208571
v 0.274191 0.404824 -0.762023
vn 2.200599 0.272861 -5.753012
v 0.296567 0.359171 -0.760499
vn 2.174039 0.479401 -5.774107
v 0.290698 0.411141 -0.758594
vn 3.993903 0.303119 -4.674206
v 0.306186 0.363680 -0.754548
vn 3.926983 0.657718 -4.738191
v 0.304265 0.416309 -0.750111
vn -2.890764 -3.531723 4.103625
v 0.262402 0.343260 -0.710985
vn -3.090715 -2.951836 4.411917
v 0.243554 0.390200 -0.689016
vn -4.618158 -2.985851 2.710552
v 0.233751 0.387389 -0.701819
vn -4.389151 -3.429178 2.601821
v 0.255753 0.340983 -0.720564
vn -5.471502 -2.760162 0.634197
v 0.229424 0.386435 -0.717020
vn -5.296080 -3.067411 0.589511
v 0.252787 0.339831 -0.731716
vn -5.426229 -2.273951 -1.726590
v 0.230465 0.387522 -0.734937
vn -5.302969 -2.431614 -1.806917
v 0.253085 0.341604 -0.744325
vn 4.638828 -1.796965 3.468915
v 0.312234 0.364763 -0.710846
vn 4.398767 -1.068373 3.841621
v 0.314281 0.418945 -0.688944
vn 2.619951 -1.750007 5.311925
v 0.298155 0.412256 -0.680435
vn 3.030788 -2.387381 4.837868
v 0.301483 0.358625 -0.704840
vn 1.107493 -2.105535 5.689945
v 0.278544 0.403447 -0.676729
vn 1.408923 -2.893441 5.185713
v 0.287470 0.350692 -0.702211
vn -0.959446 -2.582542 5.431258
v 0.259446 0.395407 -0.679181
vn -0.831488 -3.335495 4.998247
v 0.273524 0.345753 -0.704193
vn 5.896107 -1.101974 1.259416
v 0.317295 0.366338 -0.721751
vn 6.044792 -0.417164 -1.000445
v 0.317483 0.365772 -0.734432
vn 5.923604 0.297286 -1.225081
v 0.322069 0.422256 -0.721318
vn 5.810513 -0.252734 1.355102
v 0.322211 0.422127 -0.704022
vn 5.343145 0.082084 -3.045986
v 0.313482 0.365365 -0.745629
vn 5.191705 0.600058 -3.276506
v 0.315183 0.420148 -0.737210
vn 1.256565 2.124130 5.611215
v 0.196856 0.609984 -0.645859
vn 2.749501 3.798981 3.600533
v 0.210482 0.624709 -0.659530
vn 2.472871 4.130148 3.553723
v 0.182636 0.643464 -0.661496
vn 1.226150 2.151208 5.641237
v 0.171252 0.628017 -0.647939
vn 1.675236 1.652871 5.610208
v 0.221788 0.586417 -0.643663
vn 3.318676 3.190338 3.683276
v 0.236688 0.599991 -0.657311
vn 3.672718 4.736781 1.011799
v 0.217380 0.630585 -0.682764
vn 3.769955 4.678273 -1.156959
v 0.218211 0.629075 -0.709057
vn 3.065538 5.198974 -1.200361
v 0.188765 0.648522 -0.710154
vn 3.104670 5.218182 0.924174
v 0.188192 0.649715 -0.684439
vn 4.355819 4.123334 1.105086
v 0.244152 0.605388 -0.680636
vn 4.443308 4.117295 -1.084866
v 0.244893 0.603930 -0.707088
vn 2.671255 3.109994 -4.563303
v 0.205184 0.610269 -0.749904
vn 2.050805 3.563304 -4.560280
v 0.177555 0.629405 -0.750095
vn 2.713552 4.626129 -3.018357
v 0.184861 0.641148 -0.732608
vn 3.414244 4.123220 -3.000200
v 0.213713 0.621714 -0.732023
vn 4.022671 3.588855 -2.965182
v 0.239980 0.597196 -0.730218
vn 3.156737 2.683349 -4.566959
v 0.230093 0.586346 -0.748517
vn -0.042656 -0.130284 -6.167004
v 0.180104 0.580570 -0.764167
vn -0.262953 -0.009506 -6.149102
v 0.156184 0.598441 -0.763982
vn 1.004628 1.931423 -5.707871
v 0.167969 0.615168 -0.760845
vn 1.462755 1.610702 -5.716086
v 0.193959 0.596566 -0.760907
vn 1.752313 1.389849 -5.723786
v 0.217315 0.573458 -0.759937
vn 0.024880 -0.100822 -6.180508
v 0.201892 0.558571 -0.763536
vn -3.311673 -3.518991 -3.615523
v 0.149218 0.547064 -0.743769
vn -2.882650 -3.862151 -3.654158
v 0.130182 0.563115 -0.743889
vn -1.564748 -1.946716 -5.627790
v 0.142235 0.579173 -0.758620
vn -1.636758 -1.822362 -5.656795
v 0.163606 0.562151 -0.758824
vn -1.784454 -1.540933 -5.698536
v 0.183626 0.541372 -0.758581
vn -3.725014 -3.004550 -3.713297
v 0.167756 0.527504 -0.743721
vn -4.207112 -4.447206 -1.278693
v 0.142074 0.541838 -0.718064
vn -4.501330 -4.234262 0.465948
v 0.141184 0.538930 -0.692482
vn -3.929780 -4.769987 0.789870
v 0.123435 0.556304 -0.692677
vn -3.618017 -4.923521 -1.132589
v 0.124250 0.556197 -0.719048
vn -4.820240 -3.719108 -1.472288
v 0.160650 0.522226 -0.718595
vn -4.898739 -3.771192 0.315214
v 0.160408 0.516217 -0.694307
vn -3.529685 -4.085841 3.031385
v 0.126656 0.561644 -0.672434
vn -4.014712 -3.662016 2.901297
v 0.145120 0.542679 -0.672518
vn -4.227678 -3.581432 2.696595
v 0.164958 0.518141 -0.674776
vn 2.392996 4.154947 3.576879
v 0.148015 0.662008 -0.659546
vn 1.545416 1.857667 5.673505
v 0.141417 0.643975 -0.646655
vn 2.315077 1.740468 5.467158
v 0.111750 0.656229 -0.640898
vn 2.537650 4.192505 3.534517
v 0.112271 0.676513 -0.652942
vn 1.728952 -0.606875 5.954906
v 0.109338 0.631691 -0.638495
vn 0.485523 -0.329147 6.198412
v 0.132792 0.621549 -0.643114
vn 2.439673 5.520217 -1.230544
v 0.149645 0.669201 -0.707482
vn 2.681926 5.436805 0.888414
v 0.150492 0.669971 -0.682094
vn 1.608600 5.786339 -1.205160
v 0.107928 0.686597 -0.699051
vn 2.240161 5.620645 0.938254
v 0.110735 0.686358 -0.674436
vn 1.258478 3.974866 -4.480543
v 0.141139 0.649350 -0.747278
vn 1.958487 5.015437 -2.981987
v 0.146320 0.661704 -0.729743
vn -0.016387 4.188203 -4.350782
v 0.101495 0.666329 -0.738650
vn 0.849155 5.276500 -2.928605
v 0.104765 0.679246 -0.721001
vn -0.792491 0.282344 -6.046381
v 0.127255 0.615249 -0.761877
vn 0.286527 2.306715 -5.606812
v 0.134742 0.633868 -0.758281
vn -1.893229 0.454963 -5.721423
v 0.095632 0.629130 -0.754526
vn -0.981991 2.479527 -5.362761
v 0.098390 0.649618 -0.750111
vn -2.692106 -3.891354 -3.684641
v 0.111873 0.574933 -0.743352
vn -1.796731 -1.789501 -5.547986
v 0.118785 0.593432 -0.757213
vn -2.995195 -3.782592 -3.469046
v 0.092543 0.584076 -0.738559
vn -2.602304 -1.612724 -5.214990
v 0.093394 0.604816 -0.751072
vn -3.286433 -5.235942 0.843053
v 0.109700 0.565971 -0.693559
vn -3.224483 -5.189083 -1.141315
v 0.109176 0.566482 -0.719449
vn -3.050450 -5.319747 -0.947014
v 0.094008 0.574561 -0.715868
vn -2.830374 -5.470105 0.998331
v 0.096621 0.573788 -0.690594
vn -2.816646 -4.705422 2.893039
v 0.112449 0.571398 -0.673314
vn -1.792888 -3.572222 4.754253
v 0.117410 0.582921 -0.658117
vn -2.081292 -5.073366 2.892178
v 0.099422 0.579389 -0.670545
vn -0.691205 -4.075993 4.643513
v 0.102517 0.591394 -0.655242
vn -0.597006 -2.063943 5.849738
v 0.124460 0.600466 -0.647573
vn 0.748341 -2.542573 5.640871
v 0.106065 0.609515 -0.643974
vn 2.431625 -0.930127 5.562985
v 0.289223 0.464264 -0.663320
vn 4.365462 0.040886 3.955428
v 0.307551 0.470872 -0.673964
vn 4.201396 1.246982 3.863294
v 0.292654 0.519558 -0.664546
vn 2.428298 0.033673 5.606279
v 0.273680 0.512097 -0.652134
vn 0.576618 -1.000291 6.040322
v 0.250226 0.502139 -0.647218
vn 0.820136 -1.509437 5.974296
v 0.266364 0.455674 -0.659511
vn 5.750403 0.913034 1.365571
v 0.316567 0.473798 -0.692525
vn 5.804797 1.323609 -1.202287
v 0.316503 0.473197 -0.713621
vn 5.420435 2.414624 -1.244664
v 0.302159 0.520561 -0.709336
vn 5.387088 2.173567 1.237637
v 0.302230 0.522239 -0.685390
vn 5.078731 1.324593 -3.224078
v 0.308957 0.469730 -0.732757
vn 3.859626 1.061117 -4.698248
v 0.296606 0.464578 -0.748158
vn 3.668731 1.673776 -4.644980
v 0.281600 0.509335 -0.747760
vn 4.782914 2.192664 -3.170066
v 0.294404 0.515816 -0.730726
vn 2.145297 0.601858 -5.758707
v 0.280727 0.458682 -0.758222
vn 0.229959 0.022589 -6.204808
v 0.261309 0.451729 -0.762113
vn 0.177866 0.013505 -6.195940
v 0.245019 0.493536 -0.762711
vn 2.055374 0.900622 -5.729868
v 0.265106 0.501961 -0.758711
vn -4.038575 -1.550062 -4.174058
v 0.219278 0.436622 -0.748025
vn -4.065381 -1.909244 -4.041530
v 0.201093 0.476328 -0.746095
vn -1.828944 -0.873190 -5.840442
v 0.221407 0.483866 -0.758966
vn -1.745088 -0.637910 -5.904225
v 0.238686 0.443462 -0.759083
vn -5.536954 -2.709791 0.759182
v 0.208480 0.434640 -0.705600
vn -5.347018 -3.074803 0.604926
v 0.191264 0.468837 -0.700933
vn -5.354658 -2.740171 -1.578450
v 0.191313 0.473058 -0.723504
vn -5.503654 -2.329686 -1.491121
v 0.209644 0.434022 -0.727883
vn -3.123792 -2.463046 4.667436
v 0.225336 0.439818 -0.672143
vn -3.131418 -2.506871 4.735845
v 0.209686 0.475574 -0.665655
vn -4.588340 -2.940094 2.918436
v 0.197697 0.468963 -0.682062
vn -4.694555 -2.769459 2.865863
v 0.213793 0.436030 -0.687001
vn -1.283637 -1.853102 5.761682
v 0.228292 0.488452 -0.652224
vn -1.018908 -1.926148 5.710294
v 0.244346 0.447110 -0.661322
vn 1.689917 5.722759 1.087255
v 0.076469 0.696351 -0.659721
vn 0.594004 5.945049 -1.076514
v 0.071146 0.697289 -0.682851
vn -0.721902 5.916881 -0.727538
v 0.039125 0.700679 -0.663916
vn 0.643614 5.782038 1.290852
v 0.047204 0.699967 -0.642127
vn 2.725974 4.209586 3.389731
v 0.081592 0.685436 -0.640281
vn 2.320072 4.435617 3.209126
v 0.056851 0.689647 -0.624660
vn -0.462424 5.362554 -2.833551
v 0.066997 0.689831 -0.704086
vn -1.470046 4.147912 -4.163871
v 0.064312 0.676620 -0.721522
vn -2.672974 3.804034 -3.911541
v 0.031366 0.679780 -0.701118
vn -1.802713 5.180679 -2.523444
v 0.033695 0.693311 -0.684219
vn -2.358717 2.362732 -5.047376
v 0.063145 0.659401 -0.733310
vn -3.013858 0.298136 -5.317696
v 0.063733 0.638228 -0.738595
vn -3.600173 0.000842 -5.004384
v 0.034785 0.641041 -0.719083
vn -3.311300 2.003747 -4.747675
v 0.031712 0.661982 -0.712925
vn -3.378304 -1.797781 -4.771486
v 0.066327 0.613189 -0.736573
vn -3.303957 -3.998424 -2.998147
v 0.070599 0.592135 -0.725775
vn -3.061723 -4.429941 -2.648231
v 0.049846 0.597853 -0.710050
vn -3.565015 -2.172587 -4.502371
v 0.041230 0.617264 -0.718721
vn -2.367544 -5.611829 1.400828
v 0.081586 0.583183 -0.680723
vn -1.677899 -5.765608 1.774104
v 0.067488 0.591689 -0.669598
vn -2.166653 -5.851668 -0.001702
v 0.059332 0.590595 -0.691412
vn -2.830237 -5.532171 -0.445673
v 0.076243 0.583286 -0.704698
vn 0.294526 -4.220824 4.513682
v 0.087769 0.601190 -0.646228
vn 0.863247 -4.297115 4.362733
v 0.075066 0.609489 -0.636584
vn -0.767207 -5.292748 3.199195
v 0.072685 0.598222 -0.651406
vn -1.367304 -5.199783 3.089789
v 0.085328 0.589334 -0.661393
vn 2.855023 -0.481695 5.513052
v 0.088212 0.639253 -0.628757
vn 3.594754 -0.380371 5.048854
v 0.071395 0.644741 -0.617658
vn 2.478931 -2.552785 5.039751
v 0.074225 0.624738 -0.624902
vn 1.904859 -2.580336 5.317887
v 0.088850 0.618043 -0.634863
vn 3.195980 1.775189 5.027950
v 0.085648 0.664165 -0.630184
vn 3.665163 1.956881 4.584424
v 0.065768 0.668900 -0.616875
vn 2.146746 0.911365 5.605065
v 0.249430 0.553355 -0.645397
vn 3.863425 2.375528 3.742964
v 0.266694 0.563862 -0.658819
vn 0.393018 -0.486325 6.110804
v 0.228292 0.539409 -0.640876
vn 4.902893 3.341829 1.131174
v 0.275458 0.567882 -0.681431
vn 4.944766 3.419608 -1.213501
v 0.275662 0.566042 -0.707178
vn 4.425145 3.003774 -3.088751
v 0.268900 0.559955 -0.729947
vn 3.438695 2.270322 -4.585913
v 0.257386 0.551259 -0.747915
vn 1.922054 1.202067 -5.713287
v 0.242529 0.541101 -0.759270
vn 0.069731 0.002162 -6.186670
v 0.224385 0.529367 -0.763138
vn -3.941413 -2.445560 -3.937366
v 0.184473 0.505241 -0.744562
vn -1.881306 -1.171831 -5.761167
v 0.202972 0.515891 -0.758711
vn -5.137184 -3.143735 -1.629263
v 0.175967 0.499215 -0.720959
vn -5.136227 -3.382578 0.477741
v 0.176100 0.493184 -0.697599
vn -2.965043 -2.769600 4.659905
v 0.192481 0.503530 -0.660504
vn -4.376829 -3.321591 2.818793
v 0.182002 0.494455 -0.678155
vn -1.318067 -1.806313 5.785256
v 0.208651 0.520722 -0.646655
vn -0.571915 5.710905 1.768671
v 0.025645 0.695604 -0.626070
vn -2.120779 5.649707 -0.107743
v 0.013220 0.695391 -0.646205
vn 1.628093 4.636091 3.339751
v 0.039869 0.687202 -0.611080
vn -3.093398 4.817111 -1.971456
v 0.006480 0.688017 -0.665872
vn -3.661911 3.357541 -3.520852
v 0.004255 0.674731 -0.682538
vn -3.868946 1.557520 -4.539854
v 0.005998 0.656694 -0.694410
vn -3.726552 -0.361295 -4.937278
v 0.011693 0.636300 -0.701208
vn -3.241578 -2.586477 -4.535948
v 0.021667 0.615747 -0.702618
vn -2.351642 -4.921817 -2.476285
v 0.034067 0.599903 -0.696570
vn -0.964731 -5.890340 1.911004
v 0.057126 0.596300 -0.662353
vn -1.448984 -6.061615 0.194088
v 0.046547 0.594441 -0.681237
vn 1.504082 -4.413748 4.108099
v 0.066570 0.613089 -0.630898
vn -0.158295 -5.443787 3.055385
v 0.063957 0.602578 -0.645549
vn 4.139754 -0.227300 4.610097
v 0.060991 0.647293 -0.609032
vn 3.185327 -2.503128 4.712868
v 0.064982 0.628017 -0.618269
vn 3.719964 2.246534 4.366605
v 0.052543 0.669369 -0.605905
vn -2.847708 -4.546416 -3.183787
v -0.141155 -0.053166 -0.260291
vn -3.815790 -4.318074 -2.354446
v -0.170854 -0.034955 -0.251850
vn -3.571890 -5.017529 -1.095047
v -0.171811 -0.026844 -0.276639
vn -1.907579 -5.493776 -2.172213
v -0.141126 -0.040372 -0.285300
vn -1.013332 -4.833110 -3.735219
v -0.104625 -0.065640 -0.267593
vn 0.341939 -4.582457 -4.053846
v -0.103057 -0.040233 -0.295963
vn -0.524494 -4.903565 -3.848585
v -0.054868 -0.068098 -0.267946
vn -0.476163 -3.832986 -4.912606
v -0.051608 -0.041255 -0.295504
vn -4.524043 -3.974638 -1.715538
v -0.200333 -0.009583 -0.247293
vn -4.575187 -4.197740 -0.798223
v -0.199886 -0.003577 -0.270954
vn -5.557447 -2.435056 -1.218600
v -0.223010 0.019459 -0.242160
vn -5.526143 -2.750638 -0.664105
v -0.221131 0.023910 -0.266083
vn -6.210887 -0.713919 -0.233395
v -0.229909 0.046063 -0.233195
vn -6.257007 -0.101095 0.054316
v -0.231157 0.070701 -0.228480
vn -6.163936 -0.771480 -0.369241
v -0.229217 0.049595 -0.258952
vn -6.228611 0.366507 -0.641941
v -0.228925 0.079161 -0.256620
vn -5.891306 1.198275 0.402655
v -0.231396 0.097289 -0.223590
vn -5.352819 2.208027 -0.660879
v -0.226429 0.115096 -0.257070
vn -5.291138 -0.136570 -1.163845
v -0.218418 0.120894 -0.209075
vn -4.838826 0.238201 -1.720537
v -0.204495 0.142308 -0.251779
vn -3.357454 -5.225832 -0.354707
v -0.175375 -0.021413 -0.311089
vn -3.261959 -5.253256 -0.111576
v -0.178767 -0.018286 -0.350891
vn -0.979043 -6.027838 -0.491470
v -0.152658 -0.028658 -0.352424
vn -1.096679 -5.974329 -0.886803
v -0.146944 -0.033302 -0.316849
vn 2.158493 -5.278129 -1.768245
v -0.119412 -0.029858 -0.326280
vn 2.278484 -5.520503 -0.788188
v -0.126287 -0.025831 -0.358226
vn -5.505776 -2.889326 -0.366502
v -0.218977 0.026057 -0.302519
vn -4.638103 -4.176098 -0.260747
v -0.200116 0.000016 -0.306548
vn -5.561648 -2.846105 -0.131879
v -0.216241 0.025294 -0.345364
vn -4.729106 -4.068648 0.002864
v -0.200352 0.001267 -0.348391
vn -6.098680 -0.871965 -0.193024
v -0.228224 0.051118 -0.297768
vn -6.201786 0.898333 -0.037423
v -0.226429 0.078036 -0.293056
vn -6.208174 0.193916 -0.275454
v -0.228072 0.073667 -0.339313
vn -6.069876 -1.398258 -0.310919
v -0.225290 0.049100 -0.342179
vn -4.476774 4.201736 -0.922580
v -0.205899 0.128909 -0.298822
vn -5.782280 2.207492 -0.678304
v -0.218411 0.109352 -0.290995
vn -5.739137 2.009752 -0.239269
v -0.224592 0.100112 -0.337211
vn -3.902658 4.243174 -0.796629
v -0.212794 0.120293 -0.342085
vn 5.586002 -0.245754 -2.571153
v -0.089606 0.060513 -0.375927
vn 5.739110 -1.850022 -1.570327
v -0.088118 0.028337 -0.360125
vn 5.906684 -1.346676 -0.761480
v -0.092251 0.023098 -0.390396
vn 5.966778 0.921916 -1.464779
v -0.094502 0.053806 -0.401295
vn 3.873947 1.982699 -4.149652
v -0.098891 0.089779 -0.385383
vn 4.799845 3.081212 -2.269886
v -0.106029 0.083705 -0.406357
vn 0.510688 -1.735027 -5.569374
v -0.082944 0.099168 -0.376544
vn 2.181091 -2.274501 -4.463125
v -0.077430 0.063560 -0.359022
vn 2.068317 -2.946212 -3.802579
v -0.077992 0.031979 -0.338401
vn 4.828413 -3.667055 -1.392664
v -0.098839 -0.004531 -0.341538
vn 4.817370 -3.732038 -0.594907
v -0.104292 -0.005731 -0.373614
vn 1.875440 -3.298364 -3.866254
v -0.086145 -0.000683 -0.315475
vn -4.687513 1.146729 -2.061923
v -0.186529 0.142857 -0.306985
vn -2.589639 5.417199 -1.719318
v -0.188282 0.133866 -0.327185
vn -3.957449 0.109616 -4.200805
v -0.156041 0.138663 -0.354229
vn -1.119911 4.780742 -3.289753
v -0.158050 0.125590 -0.361532
vn -1.304582 5.831642 -1.595442
v -0.190274 0.124552 -0.360840
vn 0.528412 5.963067 -1.771713
v -0.160223 0.118922 -0.384817
vn -1.492553 -0.307822 -5.511781
v -0.116598 0.121383 -0.378161
vn 1.224355 4.292882 -3.935181
v -0.122950 0.111891 -0.382757
vn 2.562257 5.059267 -2.158135
v -0.127853 0.106819 -0.401871
vn -3.274534 4.939935 -1.875793
v -0.185355 0.025572 -0.631299
vn -3.792548 3.314762 -3.497905
v -0.185443 0.032797 -0.618039
vn -1.334357 4.049722 -4.403200
v -0.167222 0.037955 -0.624243
vn -1.164871 5.587654 -2.491381
v -0.167746 0.031057 -0.635533
vn 1.113646 5.311123 -2.985655
v -0.148428 0.031966 -0.635057
vn 1.362534 4.138181 -4.366157
v -0.147655 0.039812 -0.623709
vn 1.315297 5.343662 -2.558418
v -0.150821 0.024990 -0.653029
vn -0.970365 5.589562 -2.230256
v -0.170200 0.025210 -0.653376
vn -3.073562 4.992388 -1.657483
v -0.187762 0.019463 -0.650895
vn 3.746640 3.915533 -2.884107
v -0.131827 0.036888 -0.617234
vn 5.265882 2.603389 -1.236951
v -0.118047 0.028800 -0.601895
vn 5.368618 2.336455 -1.619347
v -0.118357 0.014000 -0.625326
vn 3.531780 4.231089 -2.723391
v -0.130990 0.026474 -0.631131
vn 3.596416 4.278831 -2.546990
v -0.133111 0.016720 -0.650659
vn 5.330980 2.451424 -1.731172
v -0.120126 0.002377 -0.646542
vn 5.851749 -1.954953 0.261724
v -0.116462 -0.027853 -0.612836
vn 5.871738 -1.838493 0.680171
v -0.117652 -0.035427 -0.634592
vn 6.136518 0.347403 -0.477904
v -0.114897 -0.016042 -0.640950
vn 6.148924 0.231848 -0.525610
v -0.113490 -0.005964 -0.619298
vn 6.164811 0.254954 -0.345738
v -0.112015 0.002768 -0.594890
vn 5.856795 -1.865580 0.317713
v -0.114881 -0.020566 -0.587758
vn 4.751648 -3.879579 0.776735
v -0.127319 -0.046122 -0.605692
vn 2.866199 -5.299488 1.216032
v -0.143564 -0.058768 -0.599974
vn 2.822678 -5.181274 1.908188
v -0.145252 -0.065132 -0.623178
vn 4.731019 -3.766098 1.467552
v -0.128619 -0.052697 -0.628159
vn 4.765506 -3.752142 0.937052
v -0.125576 -0.039263 -0.579654
vn 2.825068 -5.145612 1.539383
v -0.141669 -0.051795 -0.573130
vn -2.598600 -5.290565 1.509042
v -0.181468 -0.060297 -0.598334
vn -2.803970 -4.960823 2.269077
v -0.184191 -0.066051 -0.621988
vn 0.188520 -5.764298 2.226915
v -0.165006 -0.069980 -0.621186
vn 0.283405 -5.921193 1.540474
v -0.162736 -0.063771 -0.597810
vn 0.327921 -5.717003 1.957468
v -0.160744 -0.056636 -0.570718
vn -2.313840 -5.207477 1.950133
v -0.179582 -0.053515 -0.571125
vn -4.502500 -3.836742 1.454741
v -0.194932 -0.042147 -0.573063
vn -5.717905 -2.041768 0.769253
v -0.204983 -0.025278 -0.575446
vn -5.896206 -1.799441 0.718397
v -0.205727 -0.029741 -0.603515
vn -4.864691 -3.665883 1.133956
v -0.196316 -0.047529 -0.600637
vn -4.966519 -3.246793 1.898904
v -0.199045 -0.052173 -0.625358
vn -5.898316 -1.458304 1.403198
v -0.208301 -0.034111 -0.629699
vn -6.212177 0.213226 0.265675
v -0.208185 -0.011203 -0.605805
vn -6.211611 -0.120167 0.084494
v -0.207913 -0.005705 -0.577199
vn -5.922137 1.911790 -0.398564
v -0.205029 0.005385 -0.610620
vn -6.146156 0.994982 -0.684607
v -0.205061 0.016500 -0.581439
vn -6.154350 0.480001 0.670662
v -0.210688 -0.017587 -0.633434
vn -5.787471 2.256878 -0.157021
v -0.207503 -0.002866 -0.637988
vn -4.992912 3.529114 -1.183737
v -0.197600 0.017325 -0.621060
vn -5.525909 2.031591 -1.988180
v -0.197195 0.026070 -0.604181
vn -4.779552 3.770683 -0.923168
v -0.200035 0.009793 -0.644789
vn 5.972749 -1.588703 0.329542
v -0.113451 -0.006566 -0.555000
vn 6.155981 0.607026 -0.290264
v -0.111682 0.015449 -0.561307
vn 5.469047 2.800852 -0.674588
v -0.118428 0.038149 -0.564072
vn 6.078295 1.008531 -0.576029
v -0.110912 0.027192 -0.525514
vn 5.263347 3.161830 -0.910762
v -0.119024 0.047541 -0.528674
vn 6.028536 -1.375804 -0.151094
v -0.111233 0.006484 -0.520101
vn 2.892851 -5.087237 1.773991
v -0.138991 -0.038535 -0.541397
vn 4.953993 -3.555705 1.057090
v -0.123299 -0.025472 -0.547536
vn 5.017252 -3.632869 0.384660
v -0.120388 -0.012620 -0.513076
vn 2.818166 -5.362660 1.006837
v -0.136122 -0.026161 -0.507054
vn -2.353321 -5.211005 2.281225
v -0.177564 -0.039321 -0.539250
vn 0.251947 -5.710565 2.277272
v -0.158273 -0.042988 -0.539082
vn -0.000498 -6.010689 1.504337
v -0.156132 -0.030026 -0.504748
vn -2.547601 -5.443399 1.551917
v -0.176342 -0.025382 -0.504651
vn -4.448390 -4.205210 1.156648
v -0.192710 -0.013409 -0.505246
vn -5.639889 -2.583137 0.496758
v -0.204071 0.002985 -0.506035
vn -5.669860 -2.234369 0.972394
v -0.203961 -0.011637 -0.542222
vn -4.394758 -3.960933 1.798387
v -0.193315 -0.028021 -0.540566
vn -6.201458 -0.481880 0.060938
v -0.207930 0.007225 -0.543402
vn -6.169278 -0.844505 -0.225433
v -0.209252 0.020912 -0.506533
vn -6.211723 0.668355 -0.501195
v -0.206995 0.028033 -0.543645
vn -6.178582 0.639821 -0.732850
v -0.209268 0.039805 -0.506850
vn -5.676682 2.282233 -1.075474
v -0.205016 0.059155 -0.507109
vn -3.917276 4.463153 -1.344297
v -0.194789 0.074297 -0.509829
vn -4.100695 4.346151 -0.776537
v -0.193347 0.068194 -0.542794
vn -5.864446 1.982728 -0.694188
v -0.202939 0.050306 -0.542487
vn -4.398577 4.006808 -0.245661
v -0.193479 0.065122 -0.569350
vn -6.018627 1.550864 -0.642287
v -0.201526 0.044569 -0.571947
vn -1.142325 5.892221 -1.320162
v -0.176914 0.080659 -0.517562
vn -1.092641 5.945720 -0.758361
v -0.175818 0.075953 -0.547555
vn 1.693675 5.810061 -1.156442
v -0.155631 0.077926 -0.525557
vn 2.013140 5.768192 -0.697733
v -0.154660 0.073075 -0.554395
vn -1.050065 5.956724 -0.083852
v -0.175676 0.074265 -0.571662
vn 2.437977 5.627378 -0.062142
v -0.154098 0.071050 -0.578030
vn 4.198158 4.516444 -0.779189
v -0.134140 0.058942 -0.560854
vn 3.856990 4.766841 -1.075868
v -0.135149 0.065646 -0.528965
vn 4.597159 4.108912 -0.854623
v -0.134748 0.054821 -0.587778
vn -0.776177 5.463063 -2.733799
v -0.173211 0.010692 -0.681936
vn -3.054406 4.896431 -2.089373
v -0.191607 0.004877 -0.680170
vn 1.599779 5.161015 -2.928632
v -0.153124 0.009482 -0.681486
vn 1.796870 5.335756 -2.582658
v -0.154825 -0.006666 -0.710959
vn -0.578826 5.657259 -2.462115
v -0.175698 -0.004612 -0.711496
vn -2.924983 5.115303 -1.846509
v -0.194987 -0.010058 -0.710047
vn 3.803023 4.145549 -2.585017
v -0.134612 -0.000301 -0.679003
vn 5.374787 2.510296 -1.621624
v -0.120928 -0.015443 -0.674061
vn 3.876744 4.374996 -2.114088
v -0.135220 -0.017102 -0.708152
vn 5.433633 2.677728 -1.171677
v -0.120634 -0.032594 -0.701991
vn 5.751397 -1.823995 1.177289
v -0.118073 -0.050152 -0.657415
vn 5.588169 -1.995607 1.346603
v -0.117956 -0.066387 -0.679533
vn 6.139648 0.386909 0.004787
v -0.114797 -0.049828 -0.691321
vn 6.131975 0.388853 -0.245117
v -0.115291 -0.032762 -0.666202
vn 2.497715 -4.975849 2.737043
v -0.147290 -0.076474 -0.644210
vn 2.217782 -5.054054 2.770318
v -0.149175 -0.088919 -0.663557
vn 4.079077 -3.956715 2.340167
v -0.130372 -0.079802 -0.670034
vn 4.439957 -3.730489 2.217006
v -0.129644 -0.065491 -0.649731
vn -2.632387 -4.418514 3.285675
v -0.188748 -0.077031 -0.643463
vn -2.368657 -4.212870 3.289961
v -0.194385 -0.092292 -0.664265
vn 0.227436 -5.316977 3.127402
v -0.171497 -0.092564 -0.660791
vn 0.084399 -5.351745 3.076443
v -0.168292 -0.080769 -0.641904
vn -5.735943 -1.145583 2.085377
v -0.214747 -0.047351 -0.657402
vn -4.811439 -2.783282 2.797925
v -0.204734 -0.063916 -0.649543
vn -4.871562 -2.698519 2.752065
v -0.210527 -0.077629 -0.671467
vn -5.685633 -1.110488 2.033709
v -0.221827 -0.062678 -0.682770
vn -6.034348 0.825734 0.948662
v -0.217250 -0.033224 -0.664317
vn -5.712759 2.453306 -0.192815
v -0.213580 -0.020071 -0.670461
vn -5.599830 2.763430 -0.106790
v -0.219766 -0.036581 -0.701554
vn -5.999335 1.077905 0.838608
v -0.224320 -0.049531 -0.693149
vn -4.797613 3.741905 -1.166828
v -0.205054 -0.006384 -0.676040
vn -4.657233 4.024357 -0.944121
v -0.209834 -0.022089 -0.706952
vn -5.639952 2.167153 -1.316661
v -0.210446 0.068308 -0.468588
vn -5.712450 2.004324 -1.233595
v -0.216261 0.078278 -0.427307
vn -3.876319 4.256024 -1.706345
v -0.205096 0.095778 -0.431088
vn -3.866074 4.329983 -1.680712
v -0.199686 0.084051 -0.472200
vn -6.148015 0.447164 -0.932502
v -0.214450 0.048004 -0.468368
vn -6.164644 0.296755 -0.785364
v -0.220083 0.055678 -0.427825
vn -1.172919 5.734130 -1.859688
v -0.184346 0.101118 -0.442870
vn -1.168898 5.774889 -1.705032
v -0.180440 0.089711 -0.482116
vn 1.166016 5.842186 -1.778865
v -0.159295 0.096247 -0.456133
vn 1.409935 5.819080 -1.505287
v -0.157348 0.086141 -0.492494
vn 3.536111 4.914524 -1.394397
v -0.135120 0.074116 -0.497423
vn 3.242703 5.027946 -1.660727
v -0.134722 0.083747 -0.464668
vn 4.950306 3.392630 -1.357906
v -0.114890 0.064343 -0.467779
vn 5.085201 3.296815 -1.224718
v -0.117397 0.055911 -0.497863
vn 6.000899 1.105461 -0.942436
v -0.107769 0.033502 -0.494648
vn 5.913704 -1.447486 -0.678824
v -0.107177 0.010595 -0.488396
vn 5.964827 1.166229 -0.990003
v -0.103519 0.038499 -0.464813
vn 5.832239 -1.492209 -0.665936
v -0.102310 0.012111 -0.457022
vn 4.735504 -3.940318 -0.295815
v -0.116692 -0.008965 -0.479739
vn 2.410687 -5.642947 0.135013
v -0.133613 -0.021957 -0.472203
vn 4.541803 -4.038094 -0.331826
v -0.112814 -0.009027 -0.445599
vn 2.154872 -5.692872 -0.149378
v -0.131507 -0.022280 -0.435574
vn -0.319132 -6.177864 0.445049
v -0.155175 -0.025003 -0.469435
vn -2.662549 -5.586055 0.485481
v -0.176924 -0.019431 -0.469163
vn -0.545588 -6.158967 -0.045100
v -0.154877 -0.024703 -0.432145
vn -2.794021 -5.527382 0.043797
v -0.178354 -0.017875 -0.431854
vn -4.441790 -4.347915 0.026761
v -0.197399 -0.003580 -0.431133
vn -5.472916 -2.931359 -0.129134
v -0.211105 0.015009 -0.430114
vn -5.521992 -2.869387 -0.092978
v -0.207024 0.010394 -0.468963
vn -4.417713 -4.381866 0.276091
v -0.194505 -0.006653 -0.469066
vn -6.081733 -1.168439 -0.538057
v -0.213483 0.028667 -0.468617
vn -6.043187 -1.309404 -0.422354
v -0.218508 0.034686 -0.428889
vn -5.767640 1.857408 -0.992886
v -0.221649 0.090070 -0.383152
vn -3.865773 4.231643 -1.465787
v -0.210504 0.108618 -0.387165
vn -6.205911 0.091667 -0.612562
v -0.224375 0.065471 -0.384458
vn -1.225059 5.750045 -1.784815
v -0.187959 0.113863 -0.401340
vn 0.814448 5.867585 -1.943135
v -0.159602 0.108433 -0.418197
vn 2.958031 4.984476 -2.115180
v -0.132044 0.095435 -0.430299
vn 4.929729 3.278093 -1.733229
v -0.111727 0.073916 -0.434797
vn 5.975972 1.172254 -1.147677
v -0.099852 0.045737 -0.431913
vn 5.903704 -1.423397 -0.671745
v -0.098099 0.016872 -0.423003
vn 4.652701 -3.967574 -0.379572
v -0.109496 -0.007465 -0.408779
vn 2.187299 -5.647234 -0.365334
v -0.129809 -0.023322 -0.396053
vn -0.764841 -6.102527 -0.222296
v -0.154683 -0.025828 -0.392004
vn -3.052314 -5.382597 -0.004091
v -0.179421 -0.017248 -0.391819
vn -5.550608 -2.847447 0.000407
v -0.213968 0.020986 -0.388488
vn -4.636162 -4.164675 0.078853
v -0.199463 -0.000314 -0.390467
vn -6.067714 -1.374819 -0.261249
v -0.222027 0.042671 -0.386363
vn -5.655887 1.434027 -1.892755
v -0.198172 0.045782 -0.593441
vn -4.050855 3.382842 -1.144251
v -0.193230 0.065950 -0.588806
vn -3.657014 3.290731 -3.227769
v -0.186668 0.064119 -0.600776
vn -3.980522 2.129431 -3.844386
v -0.189013 0.050623 -0.607723
vn -1.129271 5.543291 -0.571846
v -0.175171 0.075474 -0.590433
vn 2.282362 4.926630 -1.016491
v -0.153904 0.072657 -0.596617
vn -1.247763 3.980088 -3.012185
v -0.173554 0.071859 -0.604945
vn 1.251090 4.430291 -3.637532
v -0.158541 0.069171 -0.606064
vn 4.143773 3.562685 -2.285014
v -0.139424 0.055931 -0.605672
vn 1.764889 3.297221 -4.218214
v -0.150417 0.057793 -0.614931
vn -1.408162 2.864556 -5.214481
v -0.170016 0.055384 -0.615200
vn -4.611918 -2.748903 -3.226506
v -0.178234 0.165409 -0.343760
vn -0.923248 -3.496695 -5.132110
v -0.047210 -0.006122 -0.318204
vn -0.854382 -3.276408 -5.237750
v -0.041175 0.025960 -0.343631
vn -0.567697 -3.003982 -5.471397
v -0.043423 0.057422 -0.360665
vn -0.478694 -3.116140 -5.427401
v -0.042954 0.090856 -0.378178
vn -5.107644 -2.933067 -1.882227
v -0.203664 0.157020 -0.270766
vn -5.052026 -3.045705 -2.099947
v -0.193871 0.157476 -0.306186
vn -4.872256 -2.325347 3.156616
v -0.213631 -0.088075 -0.689268
vn -5.685423 -0.615071 2.321882
v -0.226432 -0.073256 -0.701942
vn -3.912904 -0.302086 4.622578
v -0.217923 -0.099294 -0.700209
vn -5.098114 0.804176 3.409413
v -0.231474 -0.085349 -0.712945
vn -3.771889 -3.371259 3.641226
v -0.200388 -0.099666 -0.681254
vn -2.726171 -1.043919 5.088213
v -0.201471 -0.111830 -0.691771
vn -5.448812 3.049489 0.058493
v -0.222732 -0.042717 -0.724804
vn -5.328393 3.173841 -0.003652
v -0.227179 -0.048664 -0.743417
vn -5.701025 2.030968 1.515043
v -0.233874 -0.068958 -0.727417
vn -5.953938 1.519892 0.845337
v -0.228508 -0.057949 -0.714672
vn -2.641895 5.528392 -0.957284
v -0.196151 -0.016857 -0.731551
vn -4.441724 4.345209 -0.426878
v -0.211759 -0.028005 -0.729707
vn -4.309399 4.439270 -0.212583
v -0.211853 -0.028587 -0.745338
vn -2.456934 5.696260 -0.103270
v -0.196112 -0.018231 -0.745868
vn 1.980800 -4.736478 3.505281
v -0.150352 -0.098534 -0.681506
vn 3.970725 -3.601912 3.127731
v -0.130734 -0.090879 -0.688540
vn 3.556077 -1.371876 4.738822
v -0.129159 -0.103644 -0.700865
vn 1.620883 -1.309552 5.478398
v -0.150074 -0.112438 -0.694374
vn 5.344742 -0.416098 3.077619
v -0.115715 -0.092713 -0.711648
vn 5.616533 -1.648363 1.905482
v -0.117465 -0.078424 -0.699077
vn 6.134724 0.626953 0.517411
v -0.113386 -0.060873 -0.712560
vn 6.093798 0.691211 1.144964
v -0.110621 -0.075540 -0.726276
vn 5.487113 2.533717 -0.386728
v -0.113897 -0.052700 -0.743274
vn 5.345651 3.010748 -0.512078
v -0.118923 -0.042096 -0.724429
vn -0.333156 6.032337 -1.478551
v -0.176607 -0.012338 -0.732453
vn 1.911932 5.687542 -1.649399
v -0.155333 -0.015139 -0.732088
vn -0.088859 6.218186 -0.255127
v -0.176607 -0.014467 -0.746146
vn 2.048932 5.858746 -0.537609
v -0.155187 -0.017966 -0.746059
vn 3.827917 4.737344 -1.262365
v -0.134509 -0.025944 -0.730163
vn 3.920869 4.740092 -0.680668
v -0.133587 -0.029363 -0.745486
vn 2.602218 -0.193725 5.392865
v -0.139479 -0.136823 -0.693508
vn 1.757416 0.451374 5.908598
v -0.147820 -0.133291 -0.691053
vn 2.346550 -2.346347 4.804576
v -0.146064 -0.150558 -0.693585
vn 3.592439 -2.711810 4.164032
v -0.139780 -0.147826 -0.696962
vn 2.397171 -3.275373 4.681004
v -0.135825 -0.145804 -0.699035
vn 3.520198 -3.775188 3.427394
v -0.137801 -0.149902 -0.701946
vn 1.963015 -2.481698 5.025805
v -0.130521 -0.145591 -0.700351
vn 2.612903 0.481776 5.665148
v -0.135695 -0.128854 -0.696781
vn -4.491006 1.480881 3.873624
v -0.239627 -0.105112 -0.713934
vn -3.326436 1.165376 5.156065
v -0.227114 -0.115316 -0.701706
vn -4.796400 -0.045082 3.264499
v -0.246128 -0.126833 -0.714345
vn -3.677584 -0.693652 4.407573
v -0.235682 -0.133113 -0.703631
vn -2.316066 -1.746174 4.815911
v -0.225161 -0.137227 -0.697550
vn -2.466592 1.007946 5.630618
v -0.215161 -0.123702 -0.693808
vn -5.710608 2.335643 0.741018
v -0.244139 -0.082435 -0.744830
vn -5.484982 1.934078 2.171451
v -0.244187 -0.092706 -0.729788
vn -5.974763 0.801908 0.701432
v -0.255073 -0.114682 -0.744875
vn -5.719166 0.490203 1.923223
v -0.252340 -0.120122 -0.729756
vn 3.380125 0.275574 5.244250
v -0.124117 -0.122958 -0.702799
vn 3.195237 -1.503043 4.589152
v -0.120188 -0.143608 -0.704416
vn 4.716742 -0.920645 3.040537
v -0.109848 -0.139566 -0.713278
vn 4.816758 0.450690 3.661737
v -0.111896 -0.115597 -0.713039
vn 5.921159 0.589330 1.775689
v -0.106168 -0.103292 -0.728831
vn 5.909024 -0.562137 1.340762
v -0.104250 -0.133350 -0.728701
vn 6.137769 -0.413483 0.202864
v -0.102151 -0.127615 -0.744497
vn 6.144257 0.846959 0.510508
v -0.104641 -0.092040 -0.744481
vn -0.463777 0.273177 -6.226838
v -0.220953 -0.075148 -0.762589
vn -0.003884 0.113314 -6.280062
v -0.201895 -0.072024 -0.762521
vn -0.044432 -0.141930 -6.280873
v -0.207810 -0.120824 -0.762126
vn -0.209817 -0.060192 -6.274342
v -0.228605 -0.115678 -0.762097
vn -2.465117 1.102760 -5.196168
v -0.236290 -0.077668 -0.760697
vn -2.544389 0.264587 -5.102406
v -0.249640 -0.116991 -0.760955
vn -2.907137 1.695829 -4.846938
v -0.224763 -0.053024 -0.759409
vn -1.869073 1.623658 -5.218115
v -0.212768 -0.039256 -0.760916
vn -0.777058 1.628541 -5.771858
v -0.197134 -0.029476 -0.760900
vn 2.334792 0.517414 -5.422603
v -0.112659 -0.085782 -0.760677
vn 2.398521 -0.220180 -5.270647
v -0.109195 -0.128848 -0.760955
vn 0.189107 -0.111783 -6.274508
v -0.131553 -0.123414 -0.762133
vn 0.349979 0.156818 -6.252198
v -0.132099 -0.080556 -0.762521
vn 0.009577 0.064879 -6.281794
v -0.153131 -0.079540 -0.762459
vn 0.038413 -0.126634 -6.281186
v -0.153845 -0.126083 -0.762168
vn 1.510220 1.415702 -5.586321
v -0.133571 -0.042063 -0.760949
vn 0.540493 1.462863 -5.884825
v -0.156675 -0.030867 -0.761427
vn 2.354154 0.972041 -5.491321
v -0.119738 -0.058143 -0.759461
vn 5.185198 -2.615564 2.115551
v -0.141223 -0.163314 -0.711360
vn 3.364357 -3.412703 3.441258
v -0.146779 -0.170173 -0.708698
vn 5.509139 -2.467229 1.568955
v -0.142545 -0.177359 -0.728478
vn 4.055998 -3.587038 2.645942
v -0.147982 -0.186467 -0.727210
vn 2.220943 -3.509773 2.334713
v -0.140453 -0.171490 -0.728925
vn 1.990035 -3.399788 2.486344
v -0.139010 -0.158356 -0.712900
vn -3.869166 -3.063129 3.535645
v -0.237848 -0.149452 -0.715645
vn -5.044575 -2.155880 2.599086
v -0.246066 -0.144523 -0.723384
vn -4.839409 -3.230368 2.292929
v -0.243097 -0.155335 -0.732088
vn -3.948912 -3.912541 2.760550
v -0.237360 -0.161897 -0.730800
vn -1.365481 -3.977914 3.958894
v -0.228964 -0.152994 -0.711619
vn -1.247599 -4.727440 3.078382
v -0.229905 -0.166315 -0.728663
vn -5.930763 -1.304976 0.375407
v -0.253951 -0.140875 -0.747563
vn -5.678434 -1.620253 1.609187
v -0.251406 -0.141952 -0.735357
vn -5.141278 -3.037474 1.681118
v -0.245436 -0.158010 -0.741292
vn -5.344936 -2.908889 0.392248
v -0.246613 -0.159953 -0.750412
vn 2.863442 -3.880369 3.612516
v -0.121889 -0.160128 -0.715707
vn 0.173731 -4.182141 4.081397
v -0.130970 -0.161865 -0.713271
vn 2.984459 -4.672190 2.707035
v -0.125120 -0.171735 -0.730267
vn 0.012937 -4.821701 3.079496
v -0.133024 -0.174662 -0.729115
vn 4.211542 -4.111526 2.012123
v -0.118490 -0.166480 -0.731033
vn 4.566733 -3.029839 2.315436
v -0.113406 -0.156868 -0.722113
vn 5.510340 -2.450155 0.996137
v -0.109017 -0.154856 -0.734280
vn 4.685400 -3.800364 1.284838
v -0.117167 -0.169219 -0.740357
vn 5.764885 -2.116460 -0.129322
v -0.107681 -0.153757 -0.747191
vn 4.965612 -3.545427 0.114836
v -0.116905 -0.171202 -0.750082
vn 1.319121 -2.070258 -5.426318
v -0.226697 -0.171234 -0.760131
vn 0.294127 -3.054935 -4.630305
v -0.229857 -0.173601 -0.760004
vn -1.415292 -1.834001 -4.787594
v -0.235669 -0.169294 -0.761508
vn -0.176015 -0.089109 -6.106205
v -0.237140 -0.158003 -0.762010
vn -3.009591 -1.395906 -5.017653
v -0.243450 -0.158786 -0.760244
vn -2.652359 -0.671285 -4.900184
v -0.248544 -0.144653 -0.760719
vn 0.010582 0.043467 -6.277621
v -0.236513 -0.145814 -0.761133
vn -0.660759 -1.151634 -5.950326
v -0.219589 -0.169976 -0.759432
vn -0.007517 0.068338 -6.277839
v -0.125495 -0.155219 -0.761162
vn 0.436081 -1.071681 -5.998524
v -0.143415 -0.176043 -0.759442
vn 0.146538 -0.295265 -6.273413
v -0.150977 -0.155807 -0.761146
vn 0.065752 -0.123947 -6.281007
v -0.134195 -0.147771 -0.761227
vn 0.761512 -4.679219 4.072659
v -0.222667 -0.151377 -0.710778
vn -2.125410 -2.367654 5.073064
v -0.219242 -0.137541 -0.695762
vn 0.630803 -5.229243 3.383339
v -0.224275 -0.165193 -0.728126
vn -2.702165 -3.541509 2.777371
v -0.220720 -0.164837 -0.728177
vn -2.100874 -3.387587 2.898548
v -0.218854 -0.150516 -0.711017
vn -2.475150 -3.931622 4.033143
v -0.217745 -0.141710 -0.699504
vn 0.596217 -5.827089 2.210942
v -0.225575 -0.171609 -0.740516
vn -1.123969 -5.223108 2.069534
v -0.230992 -0.172757 -0.741227
vn 0.957349 -6.034315 1.443853
v -0.225837 -0.173938 -0.749241
vn -1.053145 -5.579316 1.191859
v -0.231108 -0.175280 -0.750286
vn -2.770087 -4.021909 0.896808
v -0.222797 -0.173469 -0.748439
vn -3.020969 -3.862198 1.909041
v -0.222192 -0.171331 -0.740102
vn -4.036488 -4.173310 1.981409
v -0.238224 -0.168281 -0.742317
vn -4.066666 -4.357542 0.687978
v -0.238631 -0.171056 -0.750978
vn 3.256382 -4.816376 1.863150
v -0.125615 -0.177932 -0.741871
vn -0.055133 -5.268801 2.017112
v -0.133118 -0.180982 -0.741298
vn 3.385988 -4.867690 0.638918
v -0.125702 -0.180707 -0.750836
vn -0.041542 -5.608532 1.206990
v -0.133189 -0.183440 -0.750364
vn 5.630766 -2.408625 1.153524
v -0.142484 -0.183983 -0.740331
vn 4.353884 -3.805760 1.735886
v -0.147827 -0.193896 -0.739969
vn 5.733863 -2.271158 0.327936
v -0.142054 -0.186189 -0.748698
vn 4.508574 -3.945332 0.598370
v -0.147312 -0.196082 -0.749034
vn 2.021526 -3.964485 0.810842
v -0.140304 -0.179973 -0.748562
vn 2.323218 -3.852090 1.661527
v -0.140456 -0.177731 -0.740357
vn -5.181575 -2.156832 2.735399
v -0.216707 -0.155985 -0.710383
vn -3.371000 -2.720586 4.455399
v -0.214527 -0.139973 -0.695193
vn -5.521155 -2.027914 2.136215
v -0.218677 -0.171186 -0.728032
vn -3.900291 -2.903101 3.585394
v -0.212024 -0.164045 -0.708621
vn -4.456829 -2.981094 2.868078
v -0.214133 -0.181160 -0.727110
vn -2.730989 -1.816708 4.799485
v -0.208169 -0.143786 -0.690904
vn -5.717748 -2.024458 1.468297
v -0.220274 -0.177971 -0.740144
vn -5.866003 -1.932814 0.462488
v -0.221215 -0.179940 -0.748611
vn -4.770193 -3.282137 1.816123
v -0.215733 -0.188595 -0.739911
vn -4.932500 -3.478220 0.583381
v -0.216639 -0.190490 -0.749008
vn -0.057946 -0.062572 -6.282340
v -0.191491 -0.120633 -0.762233
vn -0.014163 -0.023172 -6.282967
v -0.178661 -0.120889 -0.762320
vn -0.010620 -0.074483 -6.280416
v -0.181287 -0.159960 -0.762052
vn -0.284936 -0.101487 -6.274834
v -0.196662 -0.157282 -0.761615
vn -0.309716 0.143207 -6.269561
v -0.200132 -0.181059 -0.761350
vn -0.057952 -0.944803 -6.066231
v -0.181646 -0.195629 -0.761502
vn -0.184973 -0.284883 -6.272692
v -0.212477 -0.150849 -0.761104
vn -1.479996 -4.419813 4.180995
v -0.136226 -0.159481 -0.712980
vn -1.927888 -4.905321 3.373408
v -0.137862 -0.172450 -0.728960
vn -2.053514 -5.508698 2.157691
v -0.137859 -0.178669 -0.740784
vn -2.352351 -5.639744 1.439348
v -0.137846 -0.181017 -0.749384
vn -0.232038 -4.960353 1.949711
v -0.191901 -0.206279 -0.737996
vn -0.313029 -5.535985 0.859110
v -0.191817 -0.208323 -0.748248
vn 3.671858 -4.765614 1.026286
v -0.185000 -0.205293 -0.748045
vn 3.391415 -4.516264 1.834603
v -0.185313 -0.203216 -0.737738
vn -0.303431 -3.577876 0.638570
v -0.182128 -0.201777 -0.748142
vn -0.307233 -3.685323 1.623502
v -0.182451 -0.199601 -0.737657
vn 2.998628 -3.922830 3.239633
v -0.184809 -0.194164 -0.723252
vn -0.216164 -3.271871 3.151818
v -0.182179 -0.190778 -0.723233
vn -0.293530 -4.263107 3.624132
v -0.190879 -0.196945 -0.723611
vn -0.263779 -3.727058 4.764572
v -0.188218 -0.173217 -0.703870
vn 2.459851 -3.448924 4.276810
v -0.182642 -0.171108 -0.703517
vn 0.190917 -2.934128 4.410942
v -0.180446 -0.168779 -0.703770
vn 1.963034 -2.599377 4.670155
v -0.183205 -0.148708 -0.687457
vn 0.651892 -0.294340 5.982046
v -0.179524 -0.140290 -0.686202
vn -0.376680 -3.520171 5.107846
v -0.188661 -0.155966 -0.692111
vn -3.404750 -4.574261 2.053790
v -0.204272 -0.199788 -0.738912
vn -3.543037 -5.001184 0.540182
v -0.204670 -0.201735 -0.748808
vn -3.070001 -3.876037 3.618530
v -0.202807 -0.191214 -0.725199
vn 2.681506 -4.993556 2.148149
v -0.160663 -0.203278 -0.738814
vn 2.378265 -4.327541 3.616957
v -0.160957 -0.194549 -0.725095
vn -0.414194 -4.254576 3.649453
v -0.174152 -0.198249 -0.723440
vn -0.580587 -4.907068 1.937861
v -0.173968 -0.207806 -0.737838
vn -0.529132 -5.486652 0.875395
v -0.173502 -0.209943 -0.748181
vn 2.815785 -5.402698 0.695464
v -0.160184 -0.205425 -0.748756
vn 1.522586 -3.879512 4.565297
v -0.159744 -0.173876 -0.705865
vn 1.069497 -2.231531 5.480684
v -0.158858 -0.151005 -0.690099
vn -0.331465 -3.092244 5.321933
v -0.168761 -0.156512 -0.692583
vn -0.370089 -3.640559 4.860530
v -0.172713 -0.174242 -0.703909
vn -1.229867 0.874812 6.082052
v -0.204087 -0.127894 -0.690128
vn -2.053616 0.330967 5.333441
v -0.212396 -0.130678 -0.690658
vn 0.384533 1.250554 6.115398
v -0.166180 -0.125678 -0.689316
vn 0.449418 -2.657460 5.005967
v -0.174825 -0.110038 -0.690238
vn -0.257531 0.243847 6.052768
v -0.176031 -0.119423 -0.691263
vn 0.267191 -2.496491 5.275586
v -0.191533 -0.111872 -0.689355
vn 0.269135 0.856560 6.195679
v -0.187794 -0.123861 -0.689452
vn -2.629466 -3.035839 4.542412
v -0.178399 -0.171202 -0.703566
vn -3.551682 -3.413485 3.168234
v -0.180029 -0.194510 -0.723139
vn -0.483694 -2.292450 5.664451
v -0.172817 -0.147095 -0.688401
vn -4.088232 -3.937245 1.581673
v -0.180132 -0.203698 -0.737653
vn -4.413776 -4.166705 0.708350
v -0.179744 -0.205842 -0.748022
vn 0.260323 -0.118977 -6.275834
v -0.166400 -0.159649 -0.761641
vn 0.328011 0.127629 -6.268798
v -0.163095 -0.183999 -0.761356
vn 0.056344 -0.074427 -6.282092
v -0.168289 -0.127273 -0.762255
vn 1.011046 0.399803 5.791734
v -0.160728 -0.135581 -0.686820
vn -1.345720 0.741997 5.812098
v -0.194754 -0.137900 -0.685849
vn -0.653922 1.088780 6.129929
v -0.196513 -0.126121 -0.689397
vn -1.485867 -1.894454 5.531924
v -0.197060 -0.113104 -0.689801
vn -0.629516 0.032112 4.617763
v -0.191070 -0.141894 -0.683469
vn -1.662298 -2.860327 5.139302
v -0.196516 -0.149753 -0.689300
vn -2.322279 -3.609645 4.496902
v -0.200268 -0.170338 -0.705972
vn 5.097072 -0.172378 -2.268754
v -0.102416 -0.124934 -0.754794
vn 4.943123 0.852018 -2.283854
v -0.105143 -0.087907 -0.754814
vn 4.177081 2.266965 -2.723987
v -0.115886 -0.052726 -0.755279
vn 5.093189 -1.577531 -2.312191
v -0.108516 -0.153074 -0.755894
vn 4.398537 -3.077311 -2.241296
v -0.118467 -0.172123 -0.757133
vn 2.598061 -0.951210 -4.876073
v -0.113807 -0.156431 -0.760732
vn 2.919872 -1.728622 -4.963278
v -0.120097 -0.169530 -0.760250
vn 2.631166 -4.374488 -1.792453
v -0.127507 -0.181952 -0.757563
vn -0.698011 -4.188335 -1.337676
v -0.134855 -0.184559 -0.757139
vn -0.874834 -2.960128 -4.586421
v -0.134198 -0.181667 -0.760024
vn 1.136965 -1.995113 -4.736186
v -0.128457 -0.178546 -0.761537
vn 1.851648 -3.545850 -2.040010
v -0.141177 -0.180859 -0.754778
vn -1.819909 -1.817567 -5.363807
v -0.136776 -0.178666 -0.760147
vn -3.101723 -4.081061 -1.430116
v -0.139237 -0.182101 -0.755774
vn 5.083158 -1.732754 -1.965441
v -0.142422 -0.186748 -0.755376
vn 3.976046 -3.239270 -1.823791
v -0.147403 -0.196315 -0.756369
vn 2.583529 -0.905640 -5.075652
v -0.147594 -0.189222 -0.760008
vn 2.580055 -2.394608 -4.671727
v -0.151129 -0.196231 -0.759710
vn 2.651265 -5.070653 -1.348920
v -0.160521 -0.205768 -0.756570
vn -0.580892 -4.465343 -1.261161
v -0.174000 -0.210859 -0.756146
vn 0.487348 -3.538974 -4.487246
v -0.171190 -0.207466 -0.759907
vn 1.383875 -2.668411 -4.251595
v -0.161196 -0.203336 -0.761360
vn -0.360882 -3.719967 -2.643297
v -0.181937 -0.202980 -0.755755
vn -1.577686 -2.229628 -4.861446
v -0.175598 -0.205076 -0.760907
vn -3.695759 -3.173984 -1.455634
v -0.180032 -0.207117 -0.755865
vn -0.080260 -4.552144 -1.288148
v -0.190992 -0.209290 -0.756185
vn -1.042580 -3.433897 -4.496743
v -0.193389 -0.205500 -0.759927
vn 1.209633 -2.440236 -4.857284
v -0.188522 -0.203918 -0.760916
vn 3.114436 -3.648206 -1.333126
v -0.184343 -0.206609 -0.755868
vn -3.304311 -4.708118 -1.413912
v -0.204201 -0.202049 -0.756589
vn -4.347157 -2.862952 -1.837447
v -0.216639 -0.190597 -0.756350
vn -2.837058 -2.149186 -4.638120
v -0.212868 -0.191117 -0.759707
vn -1.721527 -2.490225 -4.276937
v -0.203211 -0.199743 -0.761369
vn -5.216940 -1.461367 -1.926682
v -0.221002 -0.180448 -0.755334
vn -2.659221 -3.604223 -2.043034
v -0.222066 -0.174462 -0.754733
vn -2.639065 -0.741286 -5.068588
v -0.215928 -0.183673 -0.759988
vn 1.954929 -4.681925 -1.581933
v -0.224491 -0.175199 -0.755713
vn -0.048183 -4.287859 -1.442394
v -0.229475 -0.176638 -0.757094
vn -4.688043 -2.563844 -2.188812
v -0.245426 -0.161069 -0.757194
vn -3.236095 -4.014357 -1.822083
v -0.237008 -0.172544 -0.757579
vn -5.178356 -0.884888 -2.137572
v -0.253579 -0.140368 -0.755981
vn -4.988654 0.936691 -1.950257
v -0.254928 -0.112234 -0.754917
vn -4.869643 2.122519 -2.061107
v -0.242771 -0.078745 -0.754917
vn -4.571727 3.061509 -2.234591
v -0.225410 -0.048085 -0.755299
vn -3.176083 3.543356 -2.391081
v -0.210995 -0.028186 -0.755383
vn -1.590601 3.990931 -2.184251
v -0.195805 -0.017283 -0.755157
vn 1.440086 4.088046 -2.444921
v -0.155107 -0.017765 -0.755092
vn 0.038430 4.283539 -2.244591
v -0.176426 -0.013700 -0.754959
vn -0.050771 1.641179 -5.885158
v -0.178299 -0.025767 -0.760855
vn 2.818217 3.488884 -2.592252
v -0.133768 -0.030036 -0.755334
vn -0.807763 -4.709215 3.894762
v -0.191824 -0.103020 -0.679003
vn 0.580955 -5.302229 3.290251
v -0.173509 -0.101691 -0.678505
vn -2.117491 -3.577611 4.346817
v -0.197021 -0.105235 -0.682554
vn -0.506314 -0.271584 -6.147229
v -0.202092 -0.193967 -0.762145
vn 0.477993 -0.325591 -6.144562
v -0.161704 -0.197298 -0.762142
vn 0.013634 0.101174 -6.281060
v -0.184408 -0.069013 -0.762424
vn 0.017072 0.057520 -6.282616
v -0.171177 -0.072800 -0.762359
vn -0.015295 -0.016477 -6.283120
v -0.165284 -0.089864 -0.762378
vn 0.015699 -0.170486 -6.278900
v -0.228382 -0.139876 -0.761178
vn 0.195590 -0.139278 -6.092621
v -0.125770 -0.167544 -0.762048
# 7540 vertices, 0 vertices normals

f 1//1 2//2 3//3
f 1//1 3//3 4//4
f 4//4 3//3 5//5
f 4//4 5//5 6//6
f 7//7 4//4 6//6
f 7//7 6//6 8//8
f 9//9 1//1 4//4
f 9//9 4//4 7//7
f 10//10 11//11 12//12
f 10//10 12//12 13//13
f 13//13 12//12 14//14
f 13//13 14//14 15//15
f 3//3 13//13 15//15
f 3//3 15//15 5//5
f 2//2 10//10 13//13
f 2//2 13//13 3//3
f 16//16 17//17 18//18
f 16//16 18//18 19//19
f 19//19 18//18 20//20
f 19//19 20//20 21//21
f 12//12 19//19 21//21
f 12//12 21//21 14//14
f 11//11 16//16 19//19
f 11//11 19//19 12//12
f 22//22 23//23 24//24
f 22//22 24//24 25//25
f 22//22 25//25 26//26
f 22//22 26//26 27//27
f 18//18 22//22 27//27
f 18//18 27//27 20//20
f 18//18 17//17 23//23
f 18//18 23//23 22//22
f 28//28 29//29 30//30
f 28//28 30//30 31//31
f 32//32 28//28 31//31
f 32//32 31//31 33//33
f 25//25 28//28 32//32
f 25//25 32//32 26//26
f 25//25 24//24 29//29
f 25//25 29//29 28//28
f 34//34 35//35 36//36
f 34//34 36//36 37//37
f 37//37 36//36 38//38
f 37//37 38//38 39//39
f 33//33 31//31 37//37
f 33//33 37//37 39//39
f 31//31 30//30 34//34
f 31//31 34//34 37//37
f 40//40 41//41 42//42
f 40//40 42//42 43//43
f 40//40 43//43 44//44
f 40//40 44//44 45//45
f 36//36 40//40 45//45
f 36//36 45//45 38//38
f 36//36 35//35 41//41
f 36//36 41//41 40//40
f 46//46 47//47 48//48
f 46//46 48//48 49//49
f 49//49 48//48 50//50
f 49//49 50//50 51//51
f 43//43 49//49 51//51
f 43//43 51//51 44//44
f 42//42 46//46 49//49
f 42//42 49//49 43//43
f 52//52 53//53 54//54
f 52//52 54//54 55//55
f 56//56 52//52 55//55
f 56//56 55//55 57//57
f 48//48 52//52 56//56
f 48//48 56//56 50//50
f 47//47 53//53 52//52
f 47//47 52//52 48//48
f 58//58 59//59 60//60
f 58//58 60//60 61//61
f 62//62 58//58 61//61
f 62//62 61//61 63//63
f 57//57 55//55 58//58
f 57//57 58//58 62//62
f 55//55 54//54 59//59
f 55//55 59//59 58//58
f 64//64 65//65 66//66
f 64//64 66//66 67//67
f 67//67 66//66 63//63
f 67//67 63//63 61//61
f 68//68 67//67 61//61
f 68//68 61//61 60//60
f 69//69 64//64 67//67
f 69//69 67//67 68//68
f 70//70 71//71 72//72
f 70//70 72//72 73//73
f 73//73 72//72 74//74
f 73//73 74//74 75//75
f 76//76 77//77 73//73
f 76//76 73//73 75//75
f 78//78 70//70 73//73
f 78//78 73//73 77//77
f 79//79 80//80 81//81
f 79//79 81//81 82//82
f 82//82 81//81 83//83
f 82//82 83//83 84//84
f 85//85 82//82 84//84
f 85//85 84//84 86//86
f 85//85 30//30 79//79
f 85//85 79//79 82//82
f 87//87 88//88 83//83
f 87//87 83//83 81//81
f 87//87 81//81 80//80
f 87//87 80//80 89//89
f 90//90 87//87 89//89
f 90//90 89//89 91//91
f 92//92 88//88 87//87
f 92//92 87//87 90//90
f 93//93 92//92 90//90
f 93//93 90//90 94//94
f 94//94 90//90 91//91
f 94//94 91//91 95//95
f 96//96 94//94 95//95
f 96//96 95//95 97//97
f 98//98 93//93 94//94
f 98//98 94//94 96//96
f 99//99 98//98 96//96
f 99//99 96//96 100//100
f 100//100 96//96 97//97
f 100//100 97//97 101//101
f 72//72 100//100 101//101
f 72//72 101//101 74//74
f 71//71 99//99 100//100
f 71//71 100//100 72//72
f 102//102 103//103 104//104
f 102//102 104//104 105//105
f 106//106 102//102 105//105
f 106//106 105//105 107//107
f 80//80 79//79 102//102
f 80//80 102//102 106//106
f 79//79 30//30 103//103
f 79//79 103//103 102//102
f 108//108 109//109 97//97
f 108//108 97//97 95//95
f 110//110 108//108 95//95
f 110//110 95//95 91//91
f 111//111 112//112 108//108
f 111//111 108//108 110//110
f 112//112 113//113 109//109
f 112//112 109//109 108//108
f 114//114 115//115 74//74
f 114//114 74//74 101//101
f 109//109 114//114 101//101
f 109//109 101//101 97//97
f 113//113 116//116 114//114
f 113//113 114//114 109//109
f 116//116 117//117 115//115
f 116//116 115//115 114//114
f 118//118 76//76 75//75
f 118//118 75//75 119//119
f 115//115 119//119 75//75
f 115//115 75//75 74//74
f 117//117 120//120 119//119
f 117//117 119//119 115//115
f 121//121 118//118 119//119
f 121//121 119//119 120//120
f 122//122 110//110 91//91
f 122//122 91//91 89//89
f 106//106 122//122 89//89
f 106//106 89//89 80//80
f 107//107 123//123 122//122
f 107//107 122//122 106//106
f 123//123 111//111 110//110
f 123//123 110//110 122//122
f 124//124 125//125 71//71
f 124//124 71//71 70//70
f 126//126 124//124 70//70
f 126//126 70//70 78//78
f 127//127 128//128 124//124
f 127//127 124//124 126//126
f 128//128 129//129 125//125
f 128//128 125//125 124//124
f 130//130 131//131 98//98
f 130//130 98//98 99//99
f 125//125 130//130 99//99
f 125//125 99//99 71//71
f 129//129 132//132 130//130
f 129//129 130//130 125//125
f 132//132 133//133 131//131
f 132//132 131//131 130//130
f 134//134 135//135 92//92
f 134//134 92//92 93//93
f 131//131 134//134 93//93
f 131//131 93//93 98//98
f 133//133 136//136 134//134
f 133//133 134//134 131//131
f 136//136 137//137 135//135
f 136//136 135//135 134//134
f 138//138 83//83 88//88
f 138//138 88//88 139//139
f 135//135 139//139 88//88
f 135//135 88//88 92//92
f 137//137 140//140 139//139
f 137//137 139//139 135//135
f 141//141 138//138 139//139
f 141//141 139//139 140//140
f 142//142 143//143 86//86
f 142//142 86//86 84//84
f 138//138 142//142 84//84
f 138//138 84//84 83//83
f 141//141 144//144 142//142
f 141//141 142//142 138//138
f 144//144 145//145 143//143
f 144//144 143//143 142//142
f 146//146 147//147 129//129
f 146//146 129//129 128//128
f 146//146 128//128 127//127
f 146//146 127//127 148//148
f 149//149 146//146 148//148
f 149//149 148//148 150//150
f 149//149 151//151 147//147
f 149//149 147//147 146//146
f 152//152 153//153 133//133
f 152//152 133//133 132//132
f 147//147 152//152 132//132
f 147//147 132//132 129//129
f 151//151 154//154 152//152
f 151//151 152//152 147//147
f 155//155 153//153 152//152
f 155//155 152//152 154//154
f 156//156 157//157 137//137
f 156//156 137//137 136//136
f 153//153 156//156 136//136
f 153//153 136//136 133//133
f 158//158 156//156 153//153
f 158//158 153//153 155//155
f 158//158 159//159 157//157
f 158//158 157//157 156//156
f 160//160 161//161 141//141
f 160//160 141//141 140//140
f 157//157 160//160 140//140
f 157//157 140//140 137//137
f 159//159 162//162 160//160
f 159//159 160//160 157//157
f 162//162 163//163 161//161
f 162//162 161//161 160//160
f 164//164 165//165 145//145
f 164//164 145//145 144//144
f 161//161 164//164 144//144
f 161//161 144//144 141//141
f 163//163 166//166 164//164
f 163//163 164//164 161//161
f 166//166 167//167 165//165
f 166//166 165//165 164//164
f 168//168 151//151 149//149
f 168//168 149//149 169//169
f 169//169 149//149 150//150
f 169//169 150//150 170//170
f 171//171 169//169 170//170
f 171//171 170//170 172//172
f 173//173 168//168 169//169
f 173//173 169//169 171//171
f 174//174 155//155 154//154
f 174//174 154//154 175//175
f 175//175 154//154 151//151
f 175//175 151//151 168//168
f 176//176 175//175 168//168
f 176//176 168//168 173//173
f 177//177 174//174 175//175
f 177//177 175//175 176//176
f 178//178 159//159 158//158
f 178//178 158//158 179//179
f 179//179 158//158 155//155
f 179//179 155//155 174//174
f 180//180 179//179 174//174
f 180//180 174//174 177//177
f 181//181 178//178 179//179
f 181//181 179//179 180//180
f 182//182 183//183 163//163
f 182//182 163//163 162//162
f 182//182 162//162 159//159
f 182//182 159//159 178//178
f 184//184 182//182 178//178
f 184//184 178//178 181//181
f 184//184 185//185 183//183
f 184//184 183//183 182//182
f 186//186 187//187 167//167
f 186//186 167//167 166//166
f 183//183 186//186 166//166
f 183//183 166//166 163//163
f 185//185 188//188 186//186
f 185//185 186//186 183//183
f 188//188 189//189 187//187
f 188//188 187//187 186//186
f 190//190 173//173 171//171
f 190//190 171//171 191//191
f 191//191 171//171 172//172
f 191//191 172//172 192//192
f 193//193 191//191 192//192
f 193//193 192//192 194//194
f 195//195 190//190 191//191
f 195//195 191//191 193//193
f 196//196 177//177 176//176
f 196//196 176//176 197//197
f 197//197 176//176 173//173
f 197//197 173//173 190//190
f 198//198 197//197 190//190
f 198//198 190//190 195//195
f 199//199 196//196 197//197
f 199//199 197//197 198//198
f 200//200 181//181 180//180
f 200//200 180//180 201//201
f 201//201 180//180 177//177
f 201//201 177//177 196//196
f 202//202 201//201 196//196
f 202//202 196//196 199//199
f 203//203 200//200 201//201
f 203//203 201//201 202//202
f 204//204 205//205 185//185
f 204//204 185//185 184//184
f 204//204 184//184 181//181
f 204//204 181//181 200//200
f 206//206 204//204 200//200
f 206//206 200//200 203//203
f 206//206 207//207 205//205
f 206//206 205//205 204//204
f 208//208 209//209 189//189
f 208//208 189//189 188//188
f 205//205 208//208 188//188
f 205//205 188//188 185//185
f 207//207 210//210 208//208
f 207//207 208//208 205//205
f 210//210 211//211 209//209
f 210//210 209//209 208//208
f 212//212 195//195 193//193
f 212//212 193//193 213//213
f 213//213 193//193 194//194
f 213//213 194//194 214//214
f 215//215 216//216 213//213
f 215//215 213//213 214//214
f 217//217 212//212 213//213
f 217//217 213//213 216//216
f 218//218 199//199 198//198
f 218//218 198//198 219//219
f 219//219 198//198 195//195
f 219//219 195//195 212//212
f 220//220 219//219 212//212
f 220//220 212//212 217//217
f 220//220 221//221 218//218
f 220//220 218//218 219//219
f 222//222 203//203 202//202
f 222//222 202//202 223//223
f 223//223 202//202 199//199
f 223//223 199//199 218//218
f 224//224 223//223 218//218
f 224//224 218//218 221//221
f 225//225 222//222 223//223
f 225//225 223//223 224//224
f 226//226 207//207 206//206
f 226//226 206//206 227//227
f 227//227 206//206 203//203
f 227//227 203//203 222//222
f 228//228 227//227 222//222
f 228//228 222//222 225//225
f 229//229 226//226 227//227
f 229//229 227//227 228//228
f 230//230 231//231 211//211
f 230//230 211//211 210//210
f 226//226 230//230 210//210
f 226//226 210//210 207//207
f 232//232 230//230 226//226
f 232//232 226//226 229//229
f 233//233 231//231 230//230
f 233//233 230//230 232//232
f 234//234 217//217 216//216
f 234//234 216//216 235//235
f 236//236 235//235 216//216
f 236//236 216//216 215//215
f 237//237 235//235 236//236
f 237//237 236//236 238//238
f 239//239 234//234 235//235
f 239//239 235//235 237//237
f 240//240 241//241 221//221
f 240//240 221//221 220//220
f 234//234 240//240 220//220
f 234//234 220//220 217//217
f 242//242 240//240 234//234
f 242//242 234//234 239//239
f 243//243 241//241 240//240
f 243//243 240//240 242//242
f 244//244 225//225 224//224
f 244//244 224//224 245//245
f 245//245 224//224 221//221
f 245//245 221//221 241//241
f 246//246 245//245 241//241
f 246//246 241//241 243//243
f 247//247 244//244 245//245
f 247//247 245//245 246//246
f 248//248 229//229 228//228
f 248//248 228//228 249//249
f 249//249 228//228 225//225
f 249//249 225//225 244//244
f 250//250 249//249 244//244
f 250//250 244//244 247//247
f 251//251 248//248 249//249
f 251//251 249//249 250//250
f 252//252 233//233 232//232
f 252//252 232//232 253//253
f 253//253 232//232 229//229
f 253//253 229//229 248//248
f 254//254 253//253 248//248
f 254//254 248//248 251//251
f 255//255 252//252 253//253
f 255//255 253//253 254//254
f 256//256 257//257 107//107
f 256//256 107//107 105//105
f 256//256 105//105 104//104
f 256//256 104//104 258//258
f 259//259 256//256 258//258
f 259//259 258//258 260//260
f 261//261 257//257 256//256
f 261//261 256//256 259//259
f 262//262 263//263 113//113
f 262//262 113//113 112//112
f 264//264 262//262 112//112
f 264//264 112//112 111//111
f 265//265 266//266 262//262
f 265//265 262//262 264//264
f 266//266 267//267 263//263
f 266//266 263//263 262//262
f 268//268 269//269 117//117
f 268//268 117//117 116//116
f 263//263 268//268 116//116
f 263//263 116//116 113//113
f 267//267 270//270 268//268
f 267//267 268//268 263//263
f 270//270 271//271 269//269
f 270//270 269//269 268//268
f 272//272 121//121 120//120
f 272//272 120//120 273//273
f 269//269 273//273 120//120
f 269//269 120//120 117//117
f 274//274 273//273 269//269
f 274//274 269//269 271//271
f 274//274 275//275 272//272
f 274//274 272//272 273//273
f 276//276 264//264 111//111
f 276//276 111//111 123//123
f 257//257 276//276 123//123
f 257//257 123//123 107//107
f 261//261 277//277 276//276
f 261//261 276//276 257//257
f 277//277 265//265 264//264
f 277//277 264//264 276//276
f 278//278 261//261 259//259
f 278//278 259//259 279//279
f 279//279 259//259 260//260
f 279//279 260//260 280//280
f 281//281 279//279 280//280
f 281//281 280//280 282//282
f 283//283 278//278 279//279
f 283//283 279//279 281//281
f 284//284 267//267 266//266
f 284//284 266//266 285//285
f 285//285 266//266 265//265
f 285//285 265//265 286//286
f 287//287 285//285 286//286
f 287//287 286//286 288//288
f 289//289 284//284 285//285
f 289//289 285//285 287//287
f 290//290 271//271 270//270
f 290//290 270//270 291//291
f 291//291 270//270 267//267
f 291//291 267//267 284//284
f 292//292 291//291 284//284
f 292//292 284//284 289//289
f 293//293 290//290 291//291
f 293//293 291//291 292//292
f 294//294 295//295 275//275
f 294//294 275//275 274//274
f 294//294 274//274 271//271
f 294//294 271//271 290//290
f 296//296 294//294 290//290
f 296//296 290//290 293//293
f 296//296 297//297 295//295
f 296//296 295//295 294//294
f 286//286 265//265 277//277
f 286//286 277//277 298//298
f 298//298 277//277 261//261
f 298//298 261//261 278//278
f 299//299 298//298 278//278
f 299//299 278//278 283//283
f 288//288 286//286 298//298
f 288//288 298//298 299//299
f 300//300 283//283 281//281
f 300//300 281//281 301//301
f 301//301 281//281 282//282
f 301//301 282//282 302//302
f 303//303 301//301 302//302
f 303//303 302//302 304//304
f 305//305 300//300 301//301
f 305//305 301//301 303//303
f 306//306 289//289 287//287
f 306//306 287//287 307//307
f 307//307 287//287 288//288
f 307//307 288//288 308//308
f 309//309 307//307 308//308
f 309//309 308//308 310//310
f 311//311 306//306 307//307
f 311//311 307//307 309//309
f 312//312 293//293 292//292
f 312//312 292//292 313//313
f 313//313 292//292 289//289
f 313//313 289//289 306//306
f 314//314 313//313 306//306
f 314//314 306//306 311//311
f 315//315 312//312 313//313
f 315//315 313//313 314//314
f 316//316 317//317 297//297
f 316//316 297//297 296//296
f 316//316 296//296 293//293
f 316//316 293//293 312//312
f 318//318 316//316 312//312
f 318//318 312//312 315//315
f 318//318 319//319 317//317
f 318//318 317//317 316//316
f 308//308 288//288 299//299
f 308//308 299//299 320//320
f 320//320 299//299 283//283
f 320//320 283//283 300//300
f 321//321 320//320 300//300
f 321//321 300//300 305//305
f 310//310 308//308 320//320
f 310//310 320//320 321//321
f 322//322 305//305 303//303
f 322//322 303//303 323//323
f 323//323 303//303 304//304
f 323//323 304//304 324//324
f 325//325 326//326 323//323
f 325//325 323//323 324//324
f 326//326 327//327 322//322
f 326//326 322//322 323//323
f 328//328 311//311 309//309
f 328//328 309//309 329//329
f 329//329 309//309 310//310
f 329//329 310//310 330//330
f 331//331 329//329 330//330
f 331//331 330//330 332//332
f 333//333 328//328 329//329
f 333//333 329//329 331//331
f 334//334 315//315 314//314
f 334//334 314//314 335//335
f 335//335 314//314 311//311
f 335//335 311//311 328//328
f 336//336 335//335 328//328
f 336//336 328//328 333//333
f 337//337 334//334 335//335
f 337//337 335//335 336//336
f 338//338 319//319 318//318
f 338//338 318//318 339//339
f 339//339 318//318 315//315
f 339//339 315//315 334//334
f 340//340 339//339 334//334
f 340//340 334//334 337//337
f 341//341 338//338 339//339
f 341//341 339//339 340//340
f 330//330 310//310 321//321
f 330//330 321//321 342//342
f 342//342 321//321 305//305
f 342//342 305//305 322//322
f 343//343 342//342 322//322
f 343//343 322//322 327//327
f 332//332 330//330 342//342
f 332//332 342//342 343//343
f 344//344 327//327 326//326
f 344//344 326//326 345//345
f 345//345 326//326 325//325
f 345//345 325//325 346//346
f 347//347 345//345 346//346
f 347//347 346//346 348//348
f 349//349 344//344 345//345
f 349//349 345//345 347//347
f 350//350 333//333 331//331
f 350//350 331//331 351//351
f 351//351 331//331 332//332
f 351//351 332//332 352//352
f 353//353 351//351 352//352
f 353//353 352//352 354//354
f 355//355 350//350 351//351
f 355//355 351//351 353//353
f 356//356 337//337 336//336
f 356//356 336//336 357//357
f 357//357 336//336 333//333
f 357//357 333//333 350//350
f 358//358 357//357 350//350
f 358//358 350//350 355//355
f 359//359 356//356 357//357
f 359//359 357//357 358//358
f 360//360 341//341 340//340
f 360//360 340//340 361//361
f 361//361 340//340 337//337
f 361//361 337//337 356//356
f 362//362 361//361 356//356
f 362//362 356//356 359//359
f 363//363 360//360 361//361
f 363//363 361//361 362//362
f 352//352 332//332 343//343
f 352//352 343//343 364//364
f 364//364 343//343 327//327
f 364//364 327//327 344//344
f 365//365 364//364 344//344
f 365//365 344//344 349//349
f 354//354 352//352 364//364
f 354//354 364//364 365//365
f 366//366 349//349 347//347
f 366//366 347//347 367//367
f 367//367 347//347 348//348
f 367//367 348//348 368//368
f 254//254 367//367 368//368
f 254//254 368//368 255//255
f 251//251 366//366 367//367
f 251//251 367//367 254//254
f 369//369 355//355 353//353
f 369//369 353//353 370//370
f 370//370 353//353 354//354
f 370//370 354//354 371//371
f 246//246 370//370 371//371
f 246//246 371//371 247//247
f 243//243 369//369 370//370
f 243//243 370//370 246//246
f 372//372 359//359 358//358
f 372//372 358//358 373//373
f 373//373 358//358 355//355
f 373//373 355//355 369//369
f 242//242 373//373 369//369
f 242//242 369//369 243//243
f 239//239 372//372 373//373
f 239//239 373//373 242//242
f 374//374 363//363 362//362
f 374//374 362//362 375//375
f 375//375 362//362 359//359
f 375//375 359//359 372//372
f 239//239 237//237 375//375
f 239//239 375//375 372//372
f 238//238 374//374 375//375
f 238//238 375//375 237//237
f 371//371 354//354 365//365
f 371//371 365//365 376//376
f 376//376 365//365 349//349
f 376//376 349//349 366//366
f 250//250 376//376 366//366
f 250//250 366//366 251//251
f 247//247 371//371 376//376
f 247//247 376//376 250//250
f 377//377 214//214 194//194
f 377//377 194//194 378//378
f 379//379 377//377 378//378
f 379//379 378//378 380//380
f 381//381 382//382 377//377
f 381//381 377//377 379//379
f 382//382 215//215 214//214
f 382//382 214//214 377//377
f 383//383 272//272 275//275
f 383//383 275//275 384//384
f 385//385 383//383 384//384
f 385//385 384//384 386//386
f 387//387 383//383 385//385
f 387//387 385//385 388//388
f 121//121 272//272 383//383
f 121//121 383//383 387//387
f 192//192 172//172 389//389
f 192//192 389//389 390//390
f 390//390 389//389 391//391
f 390//390 391//391 392//392
f 380//380 378//378 390//390
f 380//380 390//390 392//392
f 378//378 194//194 192//192
f 378//378 192//192 390//390
f 170//170 150//150 393//393
f 170//170 393//393 394//394
f 394//394 393//393 395//395
f 394//394 395//395 396//396
f 389//389 394//394 396//396
f 389//389 396//396 391//391
f 172//172 170//170 394//394
f 172//172 394//394 389//389
f 148//148 127//127 397//397
f 148//148 397//397 398//398
f 398//398 397//397 399//399
f 398//398 399//399 400//400
f 393//393 398//398 400//400
f 393//393 400//400 395//395
f 150//150 148//148 398//398
f 150//150 398//398 393//393
f 126//126 78//78 401//401
f 126//126 401//401 402//402
f 402//402 401//401 403//403
f 402//402 403//403 404//404
f 397//397 402//402 404//404
f 397//397 404//404 399//399
f 127//127 126//126 402//402
f 127//127 402//402 397//397
f 405//405 401//401 78//78
f 405//405 78//78 77//77
f 406//406 405//405 77//77
f 406//406 77//77 76//76
f 407//407 408//408 405//405
f 407//407 405//405 406//406
f 408//408 403//403 401//401
f 408//408 401//401 405//405
f 409//409 410//410 411//411
f 409//409 411//411 412//412
f 385//385 409//409 412//412
f 385//385 412//412 388//388
f 386//386 413//413 409//409
f 386//386 409//409 385//385
f 414//414 410//410 409//409
f 414//414 409//409 413//413
f 415//415 416//416 417//417
f 415//415 417//417 418//418
f 410//410 418//418 417//417
f 410//410 417//417 411//411
f 419//419 418//418 410//410
f 419//419 410//410 414//414
f 420//420 415//415 418//418
f 420//420 418//418 419//419
f 421//421 422//422 423//423
f 421//421 423//423 424//424
f 415//415 421//421 424//424
f 415//415 424//424 416//416
f 425//425 421//421 415//415
f 425//425 415//415 420//420
f 425//425 426//426 422//422
f 425//425 422//422 421//421
f 427//427 428//428 429//429
f 427//427 429//429 430//430
f 422//422 427//427 430//430
f 422//422 430//430 423//423
f 426//426 431//431 427//427
f 426//426 427//427 422//422
f 431//431 432//432 428//428
f 431//431 428//428 427//427
f 433//433 434//434 381//381
f 433//433 381//381 435//435
f 428//428 433//433 435//435
f 428//428 435//435 429//429
f 432//432 436//436 433//433
f 432//432 433//433 428//428
f 436//436 437//437 434//434
f 436//436 434//434 433//433
f 118//118 121//121 387//387
f 118//118 387//387 438//438
f 438//438 387//387 388//388
f 438//438 388//388 439//439
f 406//406 438//438 439//439
f 406//406 439//439 407//407
f 76//76 118//118 438//438
f 76//76 438//438 406//406
f 440//440 236//236 215//215
f 440//440 215//215 382//382
f 434//434 440//440 382//382
f 434//434 382//382 381//381
f 441//441 440//440 434//434
f 441//441 434//434 437//437
f 238//238 236//236 440//440
f 238//238 440//440 441//441
f 442//442 403//403 408//408
f 442//442 408//408 443//443
f 443//443 408//408 407//407
f 443//443 407//407 439//439
f 412//412 443//443 439//439
f 412//412 439//439 388//388
f 411//411 442//442 443//443
f 411//411 443//443 412//412
f 444//444 445//445 399//399
f 444//444 399//399 404//404
f 442//442 444//444 404//404
f 442//442 404//404 403//403
f 417//417 444//444 442//442
f 417//417 442//442 411//411
f 417//417 416//416 445//445
f 417//417 445//445 444//444
f 446//446 447//447 395//395
f 446//446 395//395 400//400
f 445//445 446//446 400//400
f 445//445 400//400 399//399
f 416//416 424//424 446//446
f 416//416 446//446 445//445
f 424//424 423//423 447//447
f 424//424 447//447 446//446
f 448//448 449//449 391//391
f 448//448 391//391 396//396
f 447//447 448//448 396//396
f 447//447 396//396 395//395
f 423//423 430//430 448//448
f 423//423 448//448 447//447
f 430//430 429//429 449//449
f 430//430 449//449 448//448
f 450//450 379//379 380//380
f 450//450 380//380 392//392
f 449//449 450//450 392//392
f 449//449 392//392 391//391
f 429//429 435//435 450//450
f 429//429 450//450 449//449
f 435//435 381//381 379//379
f 435//435 379//379 450//450
f 451//451 414//414 413//413
f 451//451 413//413 452//452
f 452//452 413//413 386//386
f 452//452 386//386 384//384
f 295//295 452//452 384//384
f 295//295 384//384 275//275
f 297//297 451//451 452//452
f 297//297 452//452 295//295
f 453//453 420//420 419//419
f 453//453 419//419 454//454
f 454//454 419//419 414//414
f 454//454 414//414 451//451
f 317//317 454//454 451//451
f 317//317 451//451 297//297
f 319//319 453//453 454//454
f 319//319 454//454 317//317
f 455//455 456//456 426//426
f 455//455 426//426 425//425
f 455//455 425//425 420//420
f 455//455 420//420 453//453
f 338//338 455//455 453//453
f 338//338 453//453 319//319
f 338//338 341//341 456//456
f 338//338 456//456 455//455
f 457//457 458//458 432//432
f 457//457 432//432 431//431
f 456//456 457//457 431//431
f 456//456 431//431 426//426
f 341//341 360//360 457//457
f 341//341 457//457 456//456
f 360//360 363//363 458//458
f 360//360 458//458 457//457
f 459//459 441//441 437//437
f 459//459 437//437 436//436
f 458//458 459//459 436//436
f 458//458 436//436 432//432
f 363//363 374//374 459//459
f 363//363 459//459 458//458
f 374//374 238//238 441//441
f 374//374 441//441 459//459
f 460//460 461//461 462//462
f 460//460 462//462 463//463
f 464//464 460//460 463//463
f 464//464 463//463 465//465
f 466//466 460//460 464//464
f 466//466 464//464 467//467
f 468//468 461//461 460//460
f 468//468 460//460 466//466
f 469//469 470//470 471//471
f 469//469 471//471 472//472
f 472//472 471//471 462//462
f 472//472 462//462 461//461
f 473//473 472//472 461//461
f 473//473 461//461 468//468
f 474//474 469//469 472//472
f 474//474 472//472 473//473
f 475//475 476//476 477//477
f 475//475 477//477 478//478
f 478//478 477//477 470//470
f 478//478 470//470 469//469
f 479//479 478//478 469//469
f 479//479 469//469 474//474
f 480//480 475//475 478//478
f 480//480 478//478 479//479
f 481//481 482//482 483//483
f 481//481 483//483 484//484
f 484//484 483//483 476//476
f 484//484 476//476 475//475
f 485//485 484//484 475//475
f 485//485 475//475 480//480
f 486//486 481//481 484//484
f 486//486 484//484 485//485
f 487//487 24//24 23//23
f 487//487 23//23 488//488
f 488//488 23//23 17//17
f 488//488 17//17 489//489
f 483//483 488//488 489//489
f 483//483 489//489 476//476
f 482//482 487//487 488//488
f 482//482 488//488 483//483
f 489//489 17//17 16//16
f 489//489 16//16 490//490
f 490//490 16//16 11//11
f 490//490 11//11 491//491
f 477//477 490//490 491//491
f 477//477 491//491 470//470
f 476//476 489//489 490//490
f 476//476 490//490 477//477
f 491//491 11//11 10//10
f 491//491 10//10 492//492
f 493//493 492//492 10//10
f 493//493 10//10 2//2
f 471//471 492//492 493//493
f 471//471 493//493 462//462
f 470//470 491//491 492//492
f 470//470 492//492 471//471
f 494//494 493//493 2//2
f 494//494 2//2 1//1
f 495//495 494//494 1//1
f 495//495 1//1 9//9
f 465//465 463//463 494//494
f 465//465 494//494 495//495
f 463//463 462//462 493//493
f 463//463 493//493 494//494
f 496//496 29//29 24//24
f 496//496 24//24 487//487
f 497//497 496//496 487//487
f 497//497 487//487 482//482
f 104//104 103//103 496//496
f 104//104 496//496 497//497
f 103//103 30//30 29//29
f 103//103 29//29 496//496
f 498//498 497//497 482//482
f 498//498 482//482 481//481
f 499//499 498//498 481//481
f 499//499 481//481 486//486
f 260//260 258//258 498//498
f 260//260 498//498 499//499
f 258//258 104//104 497//497
f 258//258 497//497 498//498
f 500//500 468//468 466//466
f 500//500 466//466 501//501
f 501//501 466//466 467//467
f 501//501 467//467 502//502
f 503//503 501//501 502//502
f 503//503 502//502 504//504
f 505//505 500//500 501//501
f 505//505 501//501 503//503
f 506//506 474//474 473//473
f 506//506 473//473 507//507
f 507//507 473//473 468//468
f 507//507 468//468 500//500
f 508//508 507//507 500//500
f 508//508 500//500 505//505
f 509//509 506//506 507//507
f 509//509 507//507 508//508
f 510//510 480//480 479//479
f 510//510 479//479 511//511
f 511//511 479//479 474//474
f 511//511 474//474 506//506
f 512//512 511//511 506//506
f 512//512 506//506 509//509
f 513//513 510//510 511//511
f 513//513 511//511 512//512
f 514//514 486//486 485//485
f 514//514 485//485 515//515
f 515//515 485//485 480//480
f 515//515 480//480 510//510
f 516//516 515//515 510//510
f 516//516 510//510 513//513
f 517//517 514//514 515//515
f 517//517 515//515 516//516
f 280//280 260//260 499//499
f 280//280 499//499 518//518
f 518//518 499//499 486//486
f 518//518 486//486 514//514
f 519//519 518//518 514//514
f 519//519 514//514 517//517
f 282//282 280//280 518//518
f 282//282 518//518 519//519
f 520//520 521//521 304//304
f 520//520 304//304 302//302
f 520//520 302//302 282//282
f 520//520 282//282 519//519
f 517//517 522//522 520//520
f 517//517 520//520 519//519
f 522//522 523//523 521//521
f 522//522 521//521 520//520
f 524//524 325//325 324//324
f 524//524 324//324 525//525
f 521//521 525//525 324//324
f 521//521 324//324 304//304
f 523//523 526//526 525//525
f 523//523 525//525 521//521
f 527//527 524//524 525//525
f 527//527 525//525 526//526
f 528//528 348//348 346//346
f 528//528 346//346 529//529
f 529//529 346//346 325//325
f 529//529 325//325 524//524
f 530//530 529//529 524//524
f 530//530 524//524 527//527
f 531//531 528//528 529//529
f 531//531 529//529 530//530
f 532//532 255//255 368//368
f 532//532 368//368 533//533
f 533//533 368//368 348//348
f 533//533 348//348 528//528
f 534//534 533//533 528//528
f 534//534 528//528 531//531
f 535//535 532//532 533//533
f 535//535 533//533 534//534
f 536//536 505//505 503//503
f 536//536 503//503 537//537
f 537//537 503//503 504//504
f 537//537 504//504 538//538
f 539//539 537//537 538//538
f 539//539 538//538 540//540
f 541//541 536//536 537//537
f 541//541 537//537 539//539
f 542//542 509//509 508//508
f 542//542 508//508 543//543
f 543//543 508//508 505//505
f 543//543 505//505 536//536
f 544//544 543//543 536//536
f 544//544 536//536 541//541
f 545//545 542//542 543//543
f 545//545 543//543 544//544
f 546//546 513//513 512//512
f 546//546 512//512 547//547
f 547//547 512//512 509//509
f 547//547 509//509 542//542
f 548//548 547//547 542//542
f 548//548 542//542 545//545
f 549//549 546//546 547//547
f 549//549 547//547 548//548
f 550//550 517//517 516//516
f 550//550 516//516 551//551
f 551//551 516//516 513//513
f 551//551 513//513 546//546
f 552//552 551//551 546//546
f 552//552 546//546 549//549
f 552//552 553//553 550//550
f 552//552 550//550 551//551
f 554//554 9//9 7//7
f 554//554 7//7 555//555
f 555//555 7//7 8//8
f 555//555 8//8 556//556
f 557//557 555//555 556//556
f 557//557 556//556 558//558
f 559//559 554//554 555//555
f 559//559 555//555 557//557
f 560//560 465//465 495//495
f 560//560 495//495 561//561
f 561//561 495//495 9//9
f 561//561 9//9 554//554
f 562//562 561//561 554//554
f 562//562 554//554 559//559
f 563//563 560//560 561//561
f 563//563 561//561 562//562
f 564//564 565//565 467//467
f 564//564 467//467 464//464
f 560//560 564//564 464//464
f 560//560 464//464 465//465
f 566//566 564//564 560//560
f 566//566 560//560 563//563
f 566//566 567//567 565//565
f 566//566 565//565 564//564
f 568//568 569//569 504//504
f 568//568 504//504 502//502
f 565//565 568//568 502//502
f 565//565 502//502 467//467
f 567//567 570//570 568//568
f 567//567 568//568 565//565
f 570//570 571//571 569//569
f 570//570 569//569 568//568
f 572//572 573//573 540//540
f 572//572 540//540 538//538
f 574//574 572//572 538//538
f 574//574 538//538 504//504
f 575//575 576//576 572//572
f 575//575 572//572 574//574
f 576//576 577//577 573//573
f 576//576 573//573 572//572
f 578//578 579//579 580//580
f 578//578 580//580 581//581
f 573//573 581//581 580//580
f 573//573 580//580 540//540
f 577//577 582//582 581//581
f 577//577 581//581 573//573
f 582//582 583//583 578//578
f 582//582 578//578 581//581
f 584//584 585//585 586//586
f 584//584 586//586 587//587
f 587//587 586//586 575//575
f 587//587 575//575 574//574
f 569//569 587//587 574//574
f 569//569 574//574 504//504
f 571//571 584//584 587//587
f 571//571 587//587 569//569
f 588//588 583//583 582//582
f 588//588 582//582 589//589
f 589//589 582//582 577//577
f 589//589 577//577 576//576
f 586//586 589//589 576//576
f 586//586 576//576 575//575
f 585//585 588//588 589//589
f 585//585 589//589 586//586
f 590//590 559//559 557//557
f 590//590 557//557 591//591
f 591//591 557//557 558//558
f 591//591 558//558 592//592
f 593//593 591//591 592//592
f 593//593 592//592 594//594
f 595//595 590//590 591//591
f 595//595 591//591 593//593
f 596//596 563//563 562//562
f 596//596 562//562 597//597
f 597//597 562//562 559//559
f 597//597 559//559 590//590
f 598//598 597//597 590//590
f 598//598 590//590 595//595
f 599//599 596//596 597//597
f 599//599 597//597 598//598
f 600//600 567//567 566//566
f 600//600 566//566 601//601
f 601//601 566//566 563//563
f 601//601 563//563 596//596
f 602//602 601//601 596//596
f 602//602 596//596 599//599
f 603//603 600//600 601//601
f 603//603 601//601 602//602
f 604//604 605//605 571//571
f 604//604 571//571 570//570
f 604//604 570//570 567//567
f 604//604 567//567 600//600
f 606//606 604//604 600//600
f 606//606 600//600 603//603
f 607//607 605//605 604//604
f 607//607 604//604 606//606
f 608//608 609//609 585//585
f 608//608 585//585 584//584
f 605//605 608//608 584//584
f 605//605 584//584 571//571
f 610//610 608//608 605//605
f 610//610 605//605 607//607
f 611//611 609//609 608//608
f 611//611 608//608 610//610
f 612//612 613//613 583//583
f 612//612 583//583 588//588
f 609//609 612//612 588//588
f 609//609 588//588 585//585
f 611//611 614//614 612//612
f 611//611 612//612 609//609
f 614//614 615//615 613//613
f 614//614 613//613 612//612
f 616//616 617//617 579//579
f 616//616 579//579 578//578
f 616//616 578//578 583//583
f 616//616 583//583 613//613
f 615//615 618//618 616//616
f 615//615 616//616 613//613
f 618//618 619//619 617//617
f 618//618 617//617 616//616
f 620//620 595//595 593//593
f 620//620 593//593 621//621
f 621//621 593//593 594//594
f 621//621 594//594 622//622
f 623//623 621//621 622//622
f 623//623 622//622 624//624
f 625//625 620//620 621//621
f 625//625 621//621 623//623
f 626//626 599//599 598//598
f 626//626 598//598 627//627
f 627//627 598//598 595//595
f 627//627 595//595 620//620
f 628//628 627//627 620//620
f 628//628 620//620 625//625
f 629//629 626//626 627//627
f 629//629 627//627 628//628
f 630//630 603//603 602//602
f 630//630 602//602 631//631
f 631//631 602//602 599//599
f 631//631 599//599 626//626
f 632//632 631//631 626//626
f 632//632 626//626 629//629
f 633//633 630//630 631//631
f 633//633 631//631 632//632
f 634//634 607//607 606//606
f 634//634 606//606 635//635
f 635//635 606//606 603//603
f 635//635 603//603 630//630
f 636//636 635//635 630//630
f 636//636 630//630 633//633
f 637//637 634//634 635//635
f 637//637 635//635 636//636
f 638//638 611//611 610//610
f 638//638 610//610 639//639
f 639//639 610//610 607//607
f 639//639 607//607 634//634
f 640//640 639//639 634//634
f 640//640 634//634 637//637
f 641//641 638//638 639//639
f 641//641 639//639 640//640
f 642//642 643//643 615//615
f 642//642 615//615 614//614
f 642//642 614//614 611//611
f 642//642 611//611 638//638
f 644//644 642//642 638//638
f 644//644 638//638 641//641
f 644//644 645//645 643//643
f 644//644 643//643 642//642
f 646//646 647//647 619//619
f 646//646 619//619 618//618
f 643//643 646//646 618//618
f 643//643 618//618 615//615
f 645//645 648//648 646//646
f 645//645 646//646 643//643
f 648//648 649//649 647//647
f 648//648 647//647 646//646
f 650//650 625//625 623//623
f 650//650 623//623 651//651
f 651//651 623//623 624//624
f 651//651 624//624 652//652
f 653//653 651//651 652//652
f 653//653 652//652 654//654
f 655//655 650//650 651//651
f 655//655 651//651 653//653
f 656//656 629//629 628//628
f 656//656 628//628 657//657
f 657//657 628//628 625//625
f 657//657 625//625 650//650
f 658//658 657//657 650//650
f 658//658 650//650 655//655
f 659//659 656//656 657//657
f 659//659 657//657 658//658
f 660//660 661//661 633//633
f 660//660 633//633 632//632
f 660//660 632//632 629//629
f 660//660 629//629 656//656
f 662//662 660//660 656//656
f 662//662 656//656 659//659
f 662//662 663//663 661//661
f 662//662 661//661 660//660
f 664//664 665//665 637//637
f 664//664 637//637 636//636
f 661//661 664//664 636//636
f 661//661 636//636 633//633
f 663//663 666//666 664//664
f 663//663 664//664 661//661
f 666//666 667//667 665//665
f 666//666 665//665 664//664
f 668//668 669//669 670//670
f 668//668 670//670 671//671
f 644//644 668//668 671//671
f 644//644 671//671 645//645
f 641//641 672//672 668//668
f 641//641 668//668 644//644
f 672//672 673//673 669//669
f 672//672 669//669 668//668
f 674//674 675//675 649//649
f 674//674 649//649 648//648
f 676//676 674//674 648//648
f 676//676 648//648 645//645
f 677//677 674//674 676//676
f 677//677 676//676 678//678
f 677//677 679//679 675//675
f 677//677 675//675 674//674
f 680//680 681//681 682//682
f 680//680 682//682 683//683
f 683//683 682//682 684//684
f 683//683 684//684 685//685
f 686//686 683//683 685//685
f 686//686 685//685 687//687
f 688//688 680//680 683//683
f 688//688 683//683 686//686
f 689//689 690//690 688//688
f 689//689 688//688 686//686
f 691//691 689//689 686//686
f 691//691 686//686 687//687
f 692//692 693//693 689//689
f 692//692 689//689 691//691
f 693//693 694//694 690//690
f 693//693 690//690 689//689
f 695//695 696//696 694//694
f 695//695 694//694 693//693
f 697//697 695//695 693//693
f 697//697 693//693 692//692
f 679//679 677//677 695//695
f 679//679 695//695 697//697
f 677//677 678//678 696//696
f 677//677 696//696 695//695
f 698//698 655//655 653//653
f 698//698 653//653 699//699
f 699//699 653//653 654//654
f 699//699 654//654 700//700
f 682//682 699//699 700//700
f 682//682 700//700 684//684
f 681//681 698//698 699//699
f 681//681 699//699 682//682
f 701//701 541//541 539//539
f 701//701 539//539 702//702
f 702//702 539//539 540//540
f 702//702 540//540 703//703
f 704//704 702//702 703//703
f 704//704 703//703 705//705
f 706//706 701//701 702//702
f 706//706 702//702 704//704
f 707//707 545//545 544//544
f 707//707 544//544 708//708
f 708//708 544//544 541//541
f 708//708 541//541 701//701
f 709//709 708//708 701//701
f 709//709 701//701 706//706
f 710//710 707//707 708//708
f 710//710 708//708 709//709
f 711//711 549//549 548//548
f 711//711 548//548 712//712
f 712//712 548//548 545//545
f 712//712 545//545 707//707
f 713//713 712//712 707//707
f 713//713 707//707 710//710
f 714//714 711//711 712//712
f 714//714 712//712 713//713
f 715//715 716//716 553//553
f 715//715 553//553 552//552
f 715//715 552//552 549//549
f 715//715 549//549 711//711
f 717//717 715//715 711//711
f 717//717 711//711 714//714
f 717//717 718//718 716//716
f 717//717 716//716 715//715
f 703//703 540//540 580//580
f 703//703 580//580 719//719
f 719//719 580//580 579//579
f 719//719 579//579 720//720
f 721//721 719//719 720//720
f 721//721 720//720 722//722
f 705//705 703//703 719//719
f 705//705 719//719 721//721
f 720//720 579//579 617//617
f 720//720 617//617 723//723
f 723//723 617//617 619//619
f 723//723 619//619 724//724
f 725//725 723//723 724//724
f 725//725 724//724 726//726
f 722//722 720//720 723//723
f 722//722 723//723 725//725
f 724//724 619//619 647//647
f 724//724 647//647 727//727
f 727//727 647//647 649//649
f 727//727 649//649 728//728
f 729//729 727//727 728//728
f 729//729 728//728 730//730
f 726//726 724//724 727//727
f 726//726 727//727 729//729
f 728//728 649//649 675//675
f 728//728 675//675 731//731
f 731//731 675//675 679//679
f 731//731 679//679 732//732
f 733//733 731//731 732//732
f 733//733 732//732 734//734
f 730//730 728//728 731//731
f 730//730 731//731 733//733
f 735//735 692//692 691//691
f 735//735 691//691 736//736
f 736//736 691//691 687//687
f 736//736 687//687 737//737
f 738//738 739//739 736//736
f 738//738 736//736 737//737
f 739//739 740//740 735//735
f 739//739 735//735 736//736
f 732//732 679//679 697//697
f 732//732 697//697 741//741
f 741//741 697//697 692//692
f 741//741 692//692 735//735
f 742//742 741//741 735//735
f 742//742 735//735 740//740
f 734//734 732//732 741//741
f 734//734 741//741 742//742
f 743//743 744//744 659//659
f 743//743 659//659 658//658
f 745//745 743//743 658//658
f 745//745 658//658 655//655
f 746//746 747//747 743//743
f 746//746 743//743 745//745
f 747//747 748//748 744//744
f 747//747 744//744 743//743
f 745//745 655//655 698//698
f 745//745 698//698 749//749
f 750//750 749//749 698//698
f 750//750 698//698 681//681
f 751//751 752//752 749//749
f 751//751 749//749 750//750
f 752//752 746//746 745//745
f 752//752 745//745 749//749
f 753//753 754//754 688//688
f 753//753 688//688 690//690
f 753//753 690//690 694//694
f 753//753 694//694 755//755
f 756//756 753//753 755//755
f 756//756 755//755 757//757
f 756//756 758//758 754//754
f 756//756 754//754 753//753
f 755//755 694//694 696//696
f 755//755 696//696 759//759
f 759//759 696//696 678//678
f 759//759 678//678 760//760
f 761//761 759//759 760//760
f 761//761 760//760 762//762
f 757//757 755//755 759//759
f 757//757 759//759 761//761
f 763//763 750//750 681//681
f 763//763 681//681 680//680
f 754//754 763//763 680//680
f 754//754 680//680 688//688
f 758//758 764//764 763//763
f 758//758 763//763 754//754
f 764//764 751//751 750//750
f 764//764 750//750 763//763
f 765//765 766//766 663//663
f 765//765 663//663 662//662
f 744//744 765//765 662//662
f 744//744 662//662 659//659
f 748//748 767//767 765//765
f 748//748 765//765 744//744
f 767//767 768//768 766//766
f 767//767 766//766 765//765
f 672//672 641//641 640//640
f 672//672 640//640 769//769
f 769//769 640//640 637//637
f 769//769 637//637 665//665
f 667//667 770//770 769//769
f 667//667 769//769 665//665
f 673//673 672//672 769//769
f 673//673 769//769 770//770
f 771//771 760//760 678//678
f 771//771 678//678 676//676
f 671//671 771//771 676//676
f 671//671 676//676 645//645
f 670//670 772//772 771//771
f 670//670 771//771 671//671
f 772//772 762//762 760//760
f 772//772 760//760 771//771
f 761//761 762//762 773//773
f 761//761 773//773 774//774
f 775//775 774//774 773//773
f 775//775 773//773 776//776
f 758//758 756//756 774//774
f 758//758 774//774 775//775
f 757//757 761//761 774//774
f 757//757 774//774 756//756
f 669//669 673//673 777//777
f 669//669 777//777 778//778
f 778//778 777//777 779//779
f 778//778 779//779 780//780
f 772//772 778//778 780//780
f 772//772 780//780 762//762
f 670//670 669//669 778//778
f 670//670 778//778 772//772
f 770//770 667//667 781//781
f 770//770 781//781 782//782
f 782//782 781//781 783//783
f 782//782 783//783 784//784
f 777//777 782//782 784//784
f 777//777 784//784 779//779
f 673//673 770//770 782//782
f 673//673 782//782 777//777
f 666//666 663//663 766//766
f 666//666 766//766 785//785
f 785//785 766//766 768//768
f 785//785 768//768 786//786
f 781//781 785//785 786//786
f 781//781 786//786 783//783
f 667//667 666//666 785//785
f 667//667 785//785 781//781
f 747//747 746//746 787//787
f 747//747 787//787 788//788
f 788//788 787//787 789//789
f 788//788 789//789 790//790
f 768//768 767//767 788//788
f 768//768 788//788 790//790
f 748//748 747//747 788//788
f 748//748 788//788 767//767
f 752//752 751//751 791//791
f 752//752 791//791 792//792
f 792//792 791//791 793//793
f 792//792 793//793 794//794
f 787//787 792//792 794//794
f 787//787 794//794 789//789
f 746//746 752//752 792//792
f 746//746 792//792 787//787
f 764//764 758//758 775//775
f 764//764 775//775 795//795
f 795//795 775//775 776//776
f 795//795 776//776 796//796
f 791//791 795//795 796//796
f 791//791 796//796 793//793
f 751//751 764//764 795//795
f 751//751 795//795 791//791
f 773//773 762//762 780//780
f 773//773 780//780 797//797
f 797//797 780//780 779//779
f 797//797 779//779 798//798
f 776//776 773//773 797//797
f 776//776 797//797 798//798
f 799//799 793//793 796//796
f 799//799 796//796 800//800
f 798//798 800//800 796//796
f 798//798 796//796 776//776
f 779//779 784//784 800//800
f 779//779 800//800 798//798
f 784//784 783//783 799//799
f 784//784 799//799 800//800
f 801//801 790//790 789//789
f 801//801 789//789 794//794
f 799//799 801//801 794//794
f 799//799 794//794 793//793
f 786//786 801//801 799//799
f 786//786 799//799 783//783
f 786//786 768//768 790//790
f 786//786 790//790 801//801
f 802//802 706//706 704//704
f 802//802 704//704 803//803
f 803//803 704//704 705//705
f 803//803 705//705 804//804
f 805//805 803//803 804//804
f 805//805 804//804 806//806
f 807//807 802//802 803//803
f 807//807 803//803 805//805
f 808//808 710//710 709//709
f 808//808 709//709 809//809
f 809//809 709//709 706//706
f 809//809 706//706 802//802
f 807//807 810//810 809//809
f 807//807 809//809 802//802
f 810//810 811//811 808//808
f 810//810 808//808 809//809
f 812//812 714//714 713//713
f 812//812 713//713 813//813
f 813//813 713//713 710//710
f 813//813 710//710 808//808
f 814//814 813//813 808//808
f 814//814 808//808 811//811
f 815//815 812//812 813//813
f 815//815 813//813 814//814
f 816//816 817//817 718//718
f 816//816 718//718 717//717
f 816//816 717//717 714//714
f 816//816 714//714 812//812
f 818//818 816//816 812//812
f 818//818 812//812 815//815
f 819//819 817//817 816//816
f 819//819 816//816 818//818
f 804//804 705//705 721//721
f 804//804 721//721 820//820
f 820//820 721//721 722//722
f 820//820 722//722 821//821
f 822//822 820//820 821//821
f 822//822 821//821 823//823
f 806//806 804//804 820//820
f 806//806 820//820 822//822
f 821//821 722//722 725//725
f 821//821 725//725 824//824
f 824//824 725//725 726//726
f 824//824 726//726 825//825
f 826//826 824//824 825//825
f 826//826 825//825 827//827
f 823//823 821//821 824//824
f 823//823 824//824 826//826
f 825//825 726//726 729//729
f 825//825 729//729 828//828
f 828//828 729//729 730//730
f 828//828 730//730 829//829
f 830//830 831//831 828//828
f 830//830 828//828 829//829
f 831//831 827//827 825//825
f 831//831 825//825 828//828
f 829//829 730//730 733//733
f 829//829 733//733 832//832
f 832//832 733//733 734//734
f 832//832 734//734 833//833
f 834//834 835//835 832//832
f 834//834 832//832 833//833
f 835//835 830//830 829//829
f 835//835 829//829 832//832
f 836//836 837//837 740//740
f 836//836 740//740 739//739
f 838//838 836//836 739//739
f 838//838 739//739 738//738
f 839//839 840//840 836//836
f 839//839 836//836 838//838
f 840//840 841//841 837//837
f 840//840 837//837 836//836
f 833//833 734//734 742//742
f 833//833 742//742 842//842
f 842//842 742//742 740//740
f 842//842 740//740 837//837
f 841//841 843//843 842//842
f 841//841 842//842 837//837
f 834//834 833//833 842//842
f 834//834 842//842 843//843
f 844//844 807//807 805//805
f 844//844 805//805 845//845
f 845//845 805//805 806//806
f 845//845 806//806 846//846
f 847//847 848//848 845//845
f 847//847 845//845 846//846
f 848//848 849//849 844//844
f 848//848 844//844 845//845
f 850//850 851//851 852//852
f 850//850 852//852 853//853
f 850//850 853//853 811//811
f 850//850 811//811 810//810
f 844//844 850//850 810//810
f 844//844 810//810 807//807
f 844//844 849//849 851//851
f 844//844 851//851 850//850
f 854//854 855//855 815//815
f 854//854 815//815 814//814
f 853//853 854//854 814//814
f 853//853 814//814 811//811
f 852//852 856//856 854//854
f 852//852 854//854 853//853
f 856//856 857//857 855//855
f 856//856 855//855 854//854
f 858//858 819//819 818//818
f 858//858 818//818 859//859
f 859//859 818//818 815//815
f 859//859 815//815 855//855
f 857//857 860//860 859//859
f 857//857 859//859 855//855
f 861//861 858//858 859//859
f 861//861 859//859 860//860
f 862//862 863//863 841//841
f 862//862 841//841 840//840
f 864//864 862//862 840//840
f 864//864 840//840 839//839
f 865//865 866//866 862//862
f 865//865 862//862 864//864
f 866//866 867//867 863//863
f 866//866 863//863 862//862
f 868//868 869//869 834//834
f 868//868 834//834 843//843
f 863//863 868//868 843//843
f 863//863 843//843 841//841
f 867//867 870//870 868//868
f 867//867 868//868 863//863
f 870//870 871//871 869//869
f 870//870 869//869 868//868
f 872//872 873//873 523//523
f 872//872 523//523 522//522
f 550//550 872//872 522//522
f 550//550 522//522 517//517
f 553//553 874//874 872//872
f 553//553 872//872 550//550
f 874//874 875//875 873//873
f 874//874 873//873 872//872
f 876//876 527//527 526//526
f 876//876 526//526 877//877
f 873//873 877//877 526//526
f 873//873 526//526 523//523
f 875//875 878//878 877//877
f 875//875 877//877 873//873
f 879//879 876//876 877//877
f 879//879 877//877 878//878
f 880//880 531//531 530//530
f 880//880 530//530 881//881
f 881//881 530//530 527//527
f 881//881 527//527 876//876
f 882//882 881//881 876//876
f 882//882 876//876 879//879
f 882//882 883//883 880//880
f 882//882 880//880 881//881
f 884//884 535//535 534//534
f 884//884 534//534 885//885
f 885//885 534//534 531//531
f 885//885 531//531 880//880
f 883//883 886//886 885//885
f 883//883 885//885 880//880
f 886//886 887//887 884//884
f 886//886 884//884 885//885
f 888//888 889//889 890//890
f 888//888 890//890 891//891
f 817//817 888//888 891//891
f 817//817 891//891 718//718
f 892//892 888//888 817//817
f 892//892 817//817 819//819
f 893//893 889//889 888//888
f 893//893 888//888 892//892
f 894//894 895//895 896//896
f 894//894 896//896 897//897
f 889//889 894//894 897//897
f 889//889 897//897 890//890
f 893//893 898//898 894//894
f 893//893 894//894 889//889
f 898//898 899//899 895//895
f 898//898 895//895 894//894
f 900//900 901//901 902//902
f 900//900 902//902 903//903
f 895//895 900//900 903//903
f 895//895 903//903 896//896
f 899//899 904//904 900//900
f 899//899 900//900 895//895
f 904//904 905//905 901//901
f 904//904 901//901 900//900
f 906//906 907//907 908//908
f 906//906 908//908 909//909
f 901//901 906//906 909//909
f 901//901 909//909 902//902
f 905//905 910//910 906//906
f 905//905 906//906 901//901
f 910//910 911//911 907//907
f 910//910 907//907 906//906
f 912//912 913//913 875//875
f 912//912 875//875 874//874
f 716//716 912//912 874//874
f 716//716 874//874 553//553
f 718//718 891//891 912//912
f 718//718 912//912 716//716
f 891//891 890//890 913//913
f 891//891 913//913 912//912
f 914//914 879//879 878//878
f 914//914 878//878 915//915
f 913//913 915//915 878//878
f 913//913 878//878 875//875
f 890//890 897//897 915//915
f 890//890 915//915 913//913
f 897//897 896//896 914//914
f 897//897 914//914 915//915
f 916//916 917//917 883//883
f 916//916 883//883 882//882
f 916//916 882//882 879//879
f 916//916 879//879 914//914
f 896//896 903//903 916//916
f 896//896 916//916 914//914
f 903//903 902//902 917//917
f 903//903 917//917 916//916
f 918//918 919//919 887//887
f 918//918 887//887 886//886
f 917//917 918//918 886//886
f 917//917 886//886 883//883
f 902//902 909//909 918//918
f 902//902 918//918 917//917
f 909//909 908//908 919//919
f 909//909 919//919 918//918
f 920//920 921//921 893//893
f 920//920 893//893 892//892
f 920//920 892//892 819//819
f 920//920 819//819 858//858
f 922//922 920//920 858//858
f 922//922 858//858 861//861
f 922//922 923//923 921//921
f 922//922 921//921 920//920
f 924//924 925//925 899//899
f 924//924 899//899 898//898
f 921//921 924//924 898//898
f 921//921 898//898 893//893
f 923//923 926//926 924//924
f 923//923 924//924 921//921
f 926//926 927//927 925//925
f 926//926 925//925 924//924
f 928//928 929//929 905//905
f 928//928 905//905 904//904
f 925//925 928//928 904//904
f 925//925 904//904 899//899
f 927//927 930//930 928//928
f 927//927 928//928 925//925
f 930//930 931//931 929//929
f 930//930 929//929 928//928
f 932//932 933//933 911//911
f 932//932 911//911 910//910
f 929//929 932//932 910//910
f 929//929 910//910 905//905
f 931//931 934//934 932//932
f 931//931 932//932 929//929
f 934//934 935//935 933//933
f 934//934 933//933 932//932
f 936//936 937//937 935//935
f 936//936 935//935 934//934
f 938//938 936//936 934//934
f 938//938 934//934 931//931
f 939//939 940//940 936//936
f 939//939 936//936 938//938
f 940//940 941//941 937//937
f 940//940 937//937 936//936
f 942//942 941//941 940//940
f 942//942 940//940 943//943
f 944//944 943//943 940//940
f 944//944 940//940 939//939
f 945//945 943//943 944//944
f 945//945 944//944 946//946
f 947//947 942//942 943//943
f 947//947 943//943 945//945
f 948//948 947//947 945//945
f 948//948 945//945 949//949
f 949//949 945//945 946//946
f 949//949 946//946 950//950
f 951//951 949//949 950//950
f 951//951 950//950 952//952
f 953//953 948//948 949//949
f 953//953 949//949 951//951
f 954//954 955//955 956//956
f 954//954 956//956 957//957
f 957//957 956//956 958//958
f 957//957 958//958 959//959
f 960//960 957//957 959//959
f 960//960 959//959 961//961
f 960//960 962//962 954//954
f 960//960 954//954 957//957
f 963//963 953//953 951//951
f 963//963 951//951 964//964
f 964//964 951//951 952//952
f 964//964 952//952 965//965
f 956//956 964//964 965//965
f 956//956 965//965 958//958
f 955//955 963//963 964//964
f 955//955 964//964 956//956
f 966//966 962//962 960//960
f 966//966 960//960 967//967
f 967//967 960//960 961//961
f 967//967 961//961 968//968
f 969//969 970//970 967//967
f 969//969 967//967 968//968
f 970//970 971//971 966//966
f 970//970 966//966 967//967
f 972//972 973//973 971//971
f 972//972 971//971 970//970
f 974//974 972//972 970//970
f 974//974 970//970 969//969
f 975//975 976//976 972//972
f 975//975 972//972 974//974
f 976//976 977//977 973//973
f 976//976 973//973 972//972
f 978//978 923//923 922//922
f 978//978 922//922 979//979
f 980//980 979//979 922//922
f 980//980 922//922 861//861
f 981//981 982//982 979//979
f 981//981 979//979 980//980
f 983//983 978//978 979//979
f 983//983 979//979 982//982
f 984//984 985//985 927//927
f 984//984 927//927 926//926
f 978//978 984//984 926//926
f 978//978 926//926 923//923
f 986//986 984//984 978//978
f 986//986 978//978 983//983
f 986//986 987//987 985//985
f 986//986 985//985 984//984
f 988//988 931//931 930//930
f 988//988 930//930 989//989
f 985//985 989//989 930//930
f 985//985 930//930 927//927
f 990//990 989//989 985//985
f 990//990 985//985 987//987
f 991//991 988//988 989//989
f 991//991 989//989 990//990
f 992//992 939//939 938//938
f 992//992 938//938 993//993
f 993//993 938//938 931//931
f 993//993 931//931 988//988
f 994//994 993//993 988//988
f 994//994 988//988 991//991
f 995//995 992//992 993//993
f 995//995 993//993 994//994
f 996//996 997//997 946//946
f 996//996 946//946 944//944
f 996//996 944//944 939//939
f 996//996 939//939 992//992
f 998//998 996//996 992//992
f 998//998 992//992 995//995
f 998//998 999//999 997//997
f 998//998 997//997 996//996
f 1000//1000 1001//1001 952//952
f 1000//1000 952//952 950//950
f 997//997 1000//1000 950//950
f 997//997 950//950 946//946
f 999//999 1002//1002 1000//1000
f 999//999 1000//1000 997//997
f 1002//1002 1003//1003 1001//1001
f 1002//1002 1001//1001 1000//1000
f 1004//1004 1005//1005 958//958
f 1004//1004 958//958 965//965
f 1001//1001 1004//1004 965//965
f 1001//1001 965//965 952//952
f 1003//1003 1006//1006 1004//1004
f 1003//1003 1004//1004 1001//1001
f 1006//1006 1007//1007 1005//1005
f 1006//1006 1005//1005 1004//1004
f 1008//1008 983//983 982//982
f 1008//1008 982//982 1009//1009
f 1009//1009 982//982 981//981
f 1009//1009 981//981 1010//1010
f 1011//1011 1009//1009 1010//1010
f 1011//1011 1010//1010 1012//1012
f 1013//1013 1008//1008 1009//1009
f 1013//1013 1009//1009 1011//1011
f 1014//1014 987//987 986//986
f 1014//1014 986//986 1015//1015
f 1015//1015 986//986 983//983
f 1015//1015 983//983 1008//1008
f 1016//1016 1015//1015 1008//1008
f 1016//1016 1008//1008 1013//1013
f 1017//1017 1014//1014 1015//1015
f 1017//1017 1015//1015 1016//1016
f 1018//1018 1019//1019 991//991
f 1018//1018 991//991 990//990
f 1014//1014 1018//1018 990//990
f 1014//1014 990//990 987//987
f 1017//1017 1020//1020 1018//1018
f 1017//1017 1018//1018 1014//1014
f 1020//1020 1021//1021 1019//1019
f 1020//1020 1019//1019 1018//1018
f 1022//1022 995//995 994//994
f 1022//1022 994//994 1023//1023
f 1019//1019 1023//1023 994//994
f 1019//1019 994//994 991//991
f 1021//1021 1024//1024 1023//1023
f 1021//1021 1023//1023 1019//1019
f 1024//1024 1025//1025 1022//1022
f 1024//1024 1022//1022 1023//1023
f 1026//1026 1027//1027 999//999
f 1026//1026 999//999 998//998
f 1022//1022 1026//1026 998//998
f 1022//1022 998//998 995//995
f 1025//1025 1028//1028 1026//1026
f 1025//1025 1026//1026 1022//1022
f 1028//1028 1029//1029 1027//1027
f 1028//1028 1027//1027 1026//1026
f 1030//1030 1031//1031 1003//1003
f 1030//1030 1003//1003 1002//1002
f 1027//1027 1030//1030 1002//1002
f 1027//1027 1002//1002 999//999
f 1029//1029 1032//1032 1030//1030
f 1029//1029 1030//1030 1027//1027
f 1032//1032 1033//1033 1031//1031
f 1032//1032 1031//1031 1030//1030
f 1034//1034 1035//1035 1007//1007
f 1034//1034 1007//1007 1006//1006
f 1031//1031 1034//1034 1006//1006
f 1031//1031 1006//1006 1003//1003
f 1033//1033 1036//1036 1034//1034
f 1033//1033 1034//1034 1031//1031
f 1034//1034 1036//1036 1037//1037
f 1034//1034 1037//1037 1035//1035
f 1038//1038 1039//1039 1040//1040
f 1038//1038 1040//1040 1041//1041
f 1042//1042 1038//1038 1041//1041
f 1042//1042 1041//1041 1043//1043
f 1044//1044 1045//1045 1038//1038
f 1044//1044 1038//1038 1042//1042
f 1045//1045 1046//1046 1039//1039
f 1045//1045 1039//1039 1038//1038
f 1047//1047 1017//1017 1016//1016
f 1047//1047 1016//1016 1048//1048
f 1048//1048 1016//1016 1013//1013
f 1048//1048 1013//1013 1049//1049
f 1040//1040 1050//1050 1048//1048
f 1040//1040 1048//1048 1049//1049
f 1050//1050 1051//1051 1047//1047
f 1050//1050 1047//1047 1048//1048
f 1052//1052 1053//1053 1021//1021
f 1052//1052 1021//1021 1020//1020
f 1047//1047 1052//1052 1020//1020
f 1047//1047 1020//1020 1017//1017
f 1054//1054 1052//1052 1047//1047
f 1054//1054 1047//1047 1051//1051
f 1055//1055 1053//1053 1052//1052
f 1055//1055 1052//1052 1054//1054
f 1056//1056 1057//1057 1025//1025
f 1056//1056 1025//1025 1024//1024
f 1053//1053 1056//1056 1024//1024
f 1053//1053 1024//1024 1021//1021
f 1058//1058 1056//1056 1053//1053
f 1058//1058 1053//1053 1055//1055
f 1059//1059 1057//1057 1056//1056
f 1059//1059 1056//1056 1058//1058
f 1060//1060 1061//1061 1029//1029
f 1060//1060 1029//1029 1028//1028
f 1057//1057 1060//1060 1028//1028
f 1057//1057 1028//1028 1025//1025
f 1062//1062 1060//1060 1057//1057
f 1062//1062 1057//1057 1059//1059
f 1063//1063 1061//1061 1060//1060
f 1063//1063 1060//1060 1062//1062
f 1064//1064 1033//1033 1032//1032
f 1064//1064 1032//1032 1065//1065
f 1061//1061 1065//1065 1032//1032
f 1061//1061 1032//1032 1029//1029
f 1066//1066 1065//1065 1061//1061
f 1066//1066 1061//1061 1063//1063
f 1067//1067 1064//1064 1065//1065
f 1067//1067 1065//1065 1066//1066
f 1068//1068 1069//1069 1046//1046
f 1068//1068 1046//1046 1045//1045
f 1070//1070 1068//1068 1045//1045
f 1070//1070 1045//1045 1044//1044
f 1071//1071 1068//1068 1070//1070
f 1071//1071 1070//1070 1072//1072
f 1073//1073 1069//1069 1068//1068
f 1073//1073 1068//1068 1071//1071
f 1074//1074 1075//1075 1076//1076
f 1074//1074 1076//1076 1077//1077
f 1077//1077 1076//1076 1046//1046
f 1077//1077 1046//1046 1069//1069
f 1078//1078 1077//1077 1069//1069
f 1078//1078 1069//1069 1073//1073
f 1079//1079 1074//1074 1077//1077
f 1079//1079 1077//1077 1078//1078
f 1080//1080 1081//1081 1082//1082
f 1080//1080 1082//1082 1083//1083
f 1074//1074 1083//1083 1082//1082
f 1074//1074 1082//1082 1075//1075
f 1084//1084 1083//1083 1074//1074
f 1084//1084 1074//1074 1079//1079
f 1085//1085 1080//1080 1083//1083
f 1085//1085 1083//1083 1084//1084
f 1086//1086 1087//1087 1088//1088
f 1086//1086 1088//1088 1089//1089
f 1089//1089 1088//1088 1081//1081
f 1089//1089 1081//1081 1080//1080
f 1090//1090 1089//1089 1080//1080
f 1090//1090 1080//1080 1085//1085
f 1090//1090 1091//1091 1086//1086
f 1090//1090 1086//1086 1089//1089
f 1092//1092 1093//1093 1094//1094
f 1092//1092 1094//1094 1095//1095
f 1095//1095 1094//1094 1087//1087
f 1095//1095 1087//1087 1086//1086
f 1096//1096 1095//1095 1086//1086
f 1096//1096 1086//1086 1091//1091
f 1097//1097 1092//1092 1095//1095
f 1097//1097 1095//1095 1096//1096
f 1098//1098 1099//1099 1100//1100
f 1098//1098 1100//1100 1101//1101
f 1101//1101 1100//1100 1093//1093
f 1101//1101 1093//1093 1092//1092
f 1102//1102 1101//1101 1092//1092
f 1102//1102 1092//1092 1097//1097
f 1103//1103 1098//1098 1101//1101
f 1103//1103 1101//1101 1102//1102
f 1104//1104 1105//1105 1106//1106
f 1104//1104 1106//1106 1107//1107
f 1098//1098 1104//1104 1107//1107
f 1098//1098 1107//1107 1099//1099
f 1103//1103 1108//1108 1104//1104
f 1103//1103 1104//1104 1098//1098
f 1108//1108 1109//1109 1105//1105
f 1108//1108 1105//1105 1104//1104
f 1110//1110 1070//1070 1044//1044
f 1110//1110 1044//1044 1111//1111
f 1105//1105 1110//1110 1111//1111
f 1105//1105 1111//1111 1106//1106
f 1109//1109 1112//1112 1110//1110
f 1109//1109 1110//1110 1105//1105
f 1112//1112 1072//1072 1070//1070
f 1112//1112 1070//1070 1110//1110
f 1113//1113 1073//1073 1071//1071
f 1113//1113 1071//1071 1114//1114
f 1114//1114 1071//1071 1072//1072
f 1114//1114 1072//1072 1115//1115
f 1116//1116 1117//1117 1114//1114
f 1116//1116 1114//1114 1115//1115
f 1117//1117 1118//1118 1113//1113
f 1117//1117 1113//1113 1114//1114
f 1119//1119 1079//1079 1078//1078
f 1119//1119 1078//1078 1120//1120
f 1120//1120 1078//1078 1073//1073
f 1120//1120 1073//1073 1113//1113
f 1121//1121 1120//1120 1113//1113
f 1121//1121 1113//1113 1118//1118
f 1122//1122 1119//1119 1120//1120
f 1122//1122 1120//1120 1121//1121
f 1123//1123 1085//1085 1084//1084
f 1123//1123 1084//1084 1124//1124
f 1124//1124 1084//1084 1079//1079
f 1124//1124 1079//1079 1119//1119
f 1122//1122 1125//1125 1124//1124
f 1122//1122 1124//1124 1119//1119
f 1126//1126 1123//1123 1124//1124
f 1126//1126 1124//1124 1125//1125
f 1127//1127 1128//1128 1091//1091
f 1127//1127 1091//1091 1090//1090
f 1123//1123 1127//1127 1090//1090
f 1123//1123 1090//1090 1085//1085
f 1126//1126 1129//1129 1127//1127
f 1126//1126 1127//1127 1123//1123
f 1129//1129 1130//1130 1128//1128
f 1129//1129 1128//1128 1127//1127
f 1131//1131 1097//1097 1096//1096
f 1131//1131 1096//1096 1132//1132
f 1128//1128 1132//1132 1096//1096
f 1128//1128 1096//1096 1091//1091
f 1130//1130 1133//1133 1132//1132
f 1130//1130 1132//1132 1128//1128
f 1134//1134 1131//1131 1132//1132
f 1134//1134 1132//1132 1133//1133
f 1135//1135 1103//1103 1102//1102
f 1135//1135 1102//1102 1136//1136
f 1136//1136 1102//1102 1097//1097
f 1136//1136 1097//1097 1131//1131
f 1137//1137 1136//1136 1131//1131
f 1137//1137 1131//1131 1134//1134
f 1138//1138 1135//1135 1136//1136
f 1138//1138 1136//1136 1137//1137
f 1139//1139 1140//1140 1109//1109
f 1139//1139 1109//1109 1108//1108
f 1135//1135 1139//1139 1108//1108
f 1135//1135 1108//1108 1103//1103
f 1138//1138 1141//1141 1139//1139
f 1138//1138 1139//1139 1135//1135
f 1141//1141 1142//1142 1140//1140
f 1141//1141 1140//1140 1139//1139
f 1143//1143 1115//1115 1072//1072
f 1143//1143 1072//1072 1112//1112
f 1140//1140 1143//1143 1112//1112
f 1140//1140 1112//1112 1109//1109
f 1144//1144 1143//1143 1140//1140
f 1144//1144 1140//1140 1142//1142
f 1144//1144 1116//1116 1115//1115
f 1144//1144 1115//1115 1143//1143
f 1145//1145 1146//1146 1118//1118
f 1145//1145 1118//1118 1117//1117
f 1145//1145 1117//1117 1116//1116
f 1145//1145 1116//1116 1147//1147
f 1148//1148 1149//1149 1145//1145
f 1148//1148 1145//1145 1147//1147
f 1149//1149 1150//1150 1146//1146
f 1149//1149 1146//1146 1145//1145
f 1151//1151 1122//1122 1121//1121
f 1151//1151 1121//1121 1152//1152
f 1146//1146 1152//1152 1121//1121
f 1146//1146 1121//1121 1118//1118
f 1150//1150 1153//1153 1152//1152
f 1150//1150 1152//1152 1146//1146
f 1153//1153 1154//1154 1151//1151
f 1153//1153 1151//1151 1152//1152
f 1155//1155 1126//1126 1125//1125
f 1155//1155 1125//1125 1156//1156
f 1156//1156 1125//1125 1122//1122
f 1156//1156 1122//1122 1151//1151
f 1157//1157 1156//1156 1151//1151
f 1157//1157 1151//1151 1154//1154
f 1158//1158 1155//1155 1156//1156
f 1158//1158 1156//1156 1157//1157
f 1159//1159 1160//1160 1130//1130
f 1159//1159 1130//1130 1129//1129
f 1159//1159 1129//1129 1126//1126
f 1159//1159 1126//1126 1155//1155
f 1161//1161 1159//1159 1155//1155
f 1161//1161 1155//1155 1158//1158
f 1162//1162 1160//1160 1159//1159
f 1162//1162 1159//1159 1161//1161
f 1163//1163 1134//1134 1133//1133
f 1163//1163 1133//1133 1164//1164
f 1160//1160 1164//1164 1133//1133
f 1160//1160 1133//1133 1130//1130
f 1162//1162 1165//1165 1164//1164
f 1162//1162 1164//1164 1160//1160
f 1165//1165 1166//1166 1163//1163
f 1165//1165 1163//1163 1164//1164
f 1167//1167 1168//1168 1138//1138
f 1167//1167 1138//1138 1137//1137
f 1167//1167 1137//1137 1134//1134
f 1167//1167 1134//1134 1163//1163
f 1166//1166 1169//1169 1167//1167
f 1166//1166 1167//1167 1163//1163
f 1169//1169 1170//1170 1168//1168
f 1169//1169 1168//1168 1167//1167
f 1171//1171 1142//1142 1141//1141
f 1171//1171 1141//1141 1172//1172
f 1172//1172 1141//1141 1138//1138
f 1172//1172 1138//1138 1168//1168
f 1173//1173 1172//1172 1168//1168
f 1173//1173 1168//1168 1170//1170
f 1174//1174 1171//1171 1172//1172
f 1174//1174 1172//1172 1173//1173
f 1147//1147 1116//1116 1144//1144
f 1147//1147 1144//1144 1175//1175
f 1175//1175 1144//1144 1142//1142
f 1175//1175 1142//1142 1171//1171
f 1176//1176 1175//1175 1171//1171
f 1176//1176 1171//1171 1174//1174
f 1148//1148 1147//1147 1175//1175
f 1148//1148 1175//1175 1176//1176
f 1177//1177 1153//1153 1150//1150
f 1177//1177 1150//1150 1149//1149
f 1178//1178 1177//1177 1149//1149
f 1178//1178 1149//1149 1148//1148
f 1157//1157 1177//1177 1178//1178
f 1157//1157 1178//1178 1158//1158
f 1154//1154 1153//1153 1177//1177
f 1154//1154 1177//1177 1157//1157
f 1179//1179 1161//1161 1158//1158
f 1179//1179 1158//1158 1178//1178
f 1176//1176 1179//1179 1178//1178
f 1176//1176 1178//1178 1148//1148
f 1174//1174 1180//1180 1179//1179
f 1174//1174 1179//1179 1176//1176
f 1180//1180 1162//1162 1161//1161
f 1180//1180 1161//1161 1179//1179
f 1181//1181 1165//1165 1162//1162
f 1181//1181 1162//1162 1180//1180
f 1173//1173 1181//1181 1180//1180
f 1173//1173 1180//1180 1174//1174
f 1170//1170 1169//1169 1181//1181
f 1170//1170 1181//1181 1173//1173
f 1166//1166 1165//1165 1181//1181
f 1166//1166 1181//1181 1169//1169
f 1182//1182 1183//1183 961//961
f 1182//1182 961//961 959//959
f 1005//1005 1182//1182 959//959
f 1005//1005 959//959 958//958
f 1007//1007 1184//1184 1182//1182
f 1007//1007 1182//1182 1005//1005
f 1184//1184 1185//1185 1183//1183
f 1184//1184 1183//1183 1182//1182
f 1186//1186 969//969 968//968
f 1186//1186 968//968 1187//1187
f 1183//1183 1187//1187 968//968
f 1183//1183 968//968 961//961
f 1188//1188 1187//1187 1183//1183
f 1188//1188 1183//1183 1185//1185
f 1189//1189 1186//1186 1187//1187
f 1189//1189 1187//1187 1188//1188
f 1190//1190 975//975 974//974
f 1190//1190 974//974 1191//1191
f 1191//1191 974//974 969//969
f 1191//1191 969//969 1186//1186
f 1192//1192 1191//1191 1186//1186
f 1192//1192 1186//1186 1189//1189
f 1193//1193 1190//1190 1191//1191
f 1193//1193 1191//1191 1192//1192
f 1194//1194 1185//1185 1184//1184
f 1194//1194 1184//1184 1195//1195
f 1035//1035 1195//1195 1184//1184
f 1035//1035 1184//1184 1007//1007
f 1196//1196 1197//1197 1195//1195
f 1196//1196 1195//1195 1035//1035
f 1197//1197 1198//1198 1194//1194
f 1197//1197 1194//1194 1195//1195
f 1199//1199 1189//1189 1188//1188
f 1199//1199 1188//1188 1200//1200
f 1200//1200 1188//1188 1185//1185
f 1200//1200 1185//1185 1194//1194
f 1200//1200 1201//1201 1199//1199
f 1202//1202 1193//1193 1192//1192
f 1202//1202 1192//1192 1203//1203
f 1203//1203 1192//1192 1189//1189
f 1203//1203 1189//1189 1199//1199
f 1204//1204 1203//1203 1199//1199
f 1204//1204 1199//1199 1201//1201
f 1204//1204 1205//1205 1202//1202
f 1204//1204 1202//1202 1203//1203
f 1206//1206 1207//1207 1208//1208
f 1206//1206 1208//1208 1209//1209
f 1209//1209 1208//1208 852//852
f 1209//1209 852//852 851//851
f 1210//1210 1209//1209 851//851
f 1210//1210 851//851 849//849
f 1211//1211 1206//1206 1209//1209
f 1211//1211 1209//1209 1210//1210
f 1212//1212 1213//1213 857//857
f 1212//1212 857//857 856//856
f 1212//1212 856//856 852//852
f 1212//1212 852//852 1208//1208
f 1207//1207 1214//1214 1212//1212
f 1207//1207 1212//1212 1208//1208
f 1214//1214 1215//1215 1213//1213
f 1214//1214 1213//1213 1212//1212
f 1216//1216 980//980 861//861
f 1216//1216 861//861 860//860
f 1213//1213 1216//1216 860//860
f 1213//1213 860//860 857//857
f 1215//1215 1217//1217 1216//1216
f 1215//1215 1216//1216 1213//1213
f 1217//1217 981//981 980//980
f 1217//1217 980//980 1216//1216
f 822//822 823//823 1218//1218
f 822//822 1218//1218 1219//1219
f 1219//1219 1218//1218 1220//1220
f 1219//1219 1220//1220 1221//1221
f 846//846 1219//1219 1221//1221
f 846//846 1221//1221 847//847
f 806//806 822//822 1219//1219
f 806//806 1219//1219 846//846
f 826//826 827//827 1222//1222
f 826//826 1222//1222 1223//1223
f 1223//1223 1222//1222 1224//1224
f 1223//1223 1224//1224 1225//1225
f 1218//1218 1223//1223 1225//1225
f 1218//1218 1225//1225 1220//1220
f 823//823 826//826 1223//1223
f 823//823 1223//1223 1218//1218
f 831//831 830//830 1226//1226
f 831//831 1226//1226 1227//1227
f 1227//1227 1226//1226 1228//1228
f 1227//1227 1228//1228 1229//1229
f 1222//1222 1227//1227 1229//1229
f 1222//1222 1229//1229 1224//1224
f 827//827 831//831 1227//1227
f 827//827 1227//1227 1222//1222
f 835//835 834//834 869//869
f 835//835 869//869 1230//1230
f 1230//1230 869//869 871//871
f 1230//1230 871//871 1231//1231
f 1226//1226 1230//1230 1231//1231
f 1226//1226 1231//1231 1228//1228
f 830//830 835//835 1230//1230
f 830//830 1230//1230 1226//1226
f 1232//1232 1233//1233 1234//1234
f 1232//1232 1234//1234 1235//1235
f 1236//1236 1232//1232 1235//1235
f 1236//1236 1235//1235 1067//1067
f 1099//1099 1107//1107 1232//1232
f 1099//1099 1232//1232 1236//1236
f 1107//1107 1106//1106 1233//1233
f 1107//1107 1233//1233 1232//1232
f 1042//1042 1043//1043 1237//1237
f 1042//1042 1237//1237 1238//1238
f 1238//1238 1237//1237 1234//1234
f 1238//1238 1234//1234 1233//1233
f 1111//1111 1238//1238 1233//1233
f 1111//1111 1233//1233 1106//1106
f 1044//1044 1042//1042 1238//1238
f 1044//1044 1238//1238 1111//1111
f 1239//1239 1240//1240 1051//1051
f 1239//1239 1051//1051 1050//1050
f 1039//1039 1239//1239 1050//1050
f 1039//1039 1050//1050 1040//1040
f 1046//1046 1076//1076 1239//1239
f 1046//1046 1239//1239 1039//1039
f 1076//1076 1075//1075 1240//1240
f 1076//1076 1240//1240 1239//1239
f 1241//1241 1055//1055 1054//1054
f 1241//1241 1054//1054 1242//1242
f 1242//1242 1054//1054 1051//1051
f 1242//1242 1051//1051 1240//1240
f 1075//1075 1082//1082 1242//1242
f 1075//1075 1242//1242 1240//1240
f 1081//1081 1241//1241 1242//1242
f 1081//1081 1242//1242 1082//1082
f 1243//1243 1059//1059 1058//1058
f 1243//1243 1058//1058 1244//1244
f 1244//1244 1058//1058 1055//1055
f 1244//1244 1055//1055 1241//1241
f 1088//1088 1244//1244 1241//1241
f 1088//1088 1241//1241 1081//1081
f 1087//1087 1243//1243 1244//1244
f 1087//1087 1244//1244 1088//1088
f 1245//1245 1063//1063 1062//1062
f 1245//1245 1062//1062 1246//1246
f 1246//1246 1062//1062 1059//1059
f 1246//1246 1059//1059 1243//1243
f 1094//1094 1246//1246 1243//1243
f 1094//1094 1243//1243 1087//1087
f 1093//1093 1245//1245 1246//1246
f 1093//1093 1246//1246 1094//1094
f 1247//1247 1248//1248 1215//1215
f 1247//1247 1215//1215 1214//1214
f 1247//1247 1214//1214 1207//1207
f 1247//1247 1207//1207 1206//1206
f 1211//1211 1249//1249 1247//1247
f 1211//1211 1247//1247 1206//1206
f 1249//1249 1250//1250 1248//1248
f 1249//1249 1248//1248 1247//1247
f 1251//1251 1010//1010 981//981
f 1251//1251 981//981 1217//1217
f 1248//1248 1251//1251 1217//1217
f 1248//1248 1217//1217 1215//1215
f 1250//1250 1252//1252 1251//1251
f 1250//1250 1251//1251 1248//1248
f 1252//1252 1012//1012 1010//1010
f 1252//1252 1010//1010 1251//1251
f 1253//1253 1254//1254 1255//1255
f 1253//1253 1255//1255 1037//1037
f 1255//1255 1256//1256 1196//1196
f 1255//1255 1196//1196 1037//1037
f 1036//1036 1033//1033 1253//1253
f 1036//1036 1253//1253 1037//1037
f 1254//1254 1257//1257 1256//1256
f 1254//1254 1256//1256 1255//1255
f 1257//1257 1012//1012 1258//1258
f 1257//1257 1258//1258 1256//1256
f 1259//1259 1260//1260 1261//1261
f 1259//1259 1261//1261 1262//1262
f 1262//1262 1261//1261 1193//1193
f 1262//1262 1193//1193 1202//1202
f 1263//1263 1262//1262 1202//1202
f 1263//1263 1202//1202 1205//1205
f 1264//1264 1259//1259 1262//1262
f 1264//1264 1262//1262 1263//1263
f 1265//1265 1266//1266 1267//1267
f 1265//1265 1267//1267 1268//1268
f 1268//1268 1267//1267 975//975
f 1268//1268 975//975 1190//1190
f 1261//1261 1268//1268 1190//1190
f 1261//1261 1190//1190 1193//1193
f 1260//1260 1265//1265 1268//1268
f 1260//1260 1268//1268 1261//1261
f 1269//1269 1270//1270 977//977
f 1269//1269 977//977 976//976
f 1267//1267 1269//1269 976//976
f 1267//1267 976//976 975//975
f 1266//1266 1271//1271 1269//1269
f 1266//1266 1269//1269 1267//1267
f 1271//1271 1272//1272 1270//1270
f 1271//1271 1270//1270 1269//1269
f 1273//1273 1274//1274 1272//1272
f 1273//1273 1272//1272 1271//1271
f 1275//1275 1273//1273 1271//1271
f 1275//1275 1271//1271 1266//1266
f 1276//1276 1277//1277 1273//1273
f 1276//1276 1273//1273 1275//1275
f 1277//1277 1278//1278 1274//1274
f 1277//1277 1274//1274 1273//1273
f 1279//1279 1275//1275 1266//1266
f 1279//1279 1266//1266 1265//1265
f 1280//1280 1279//1279 1265//1265
f 1280//1280 1265//1265 1260//1260
f 1281//1281 1279//1279 1280//1280
f 1281//1281 1280//1280 1282//1282
f 1281//1281 1276//1276 1275//1275
f 1281//1281 1275//1275 1279//1279
f 1283//1283 1280//1280 1260//1260
f 1283//1283 1260//1260 1259//1259
f 1284//1284 1283//1283 1259//1259
f 1284//1284 1259//1259 1264//1264
f 1285//1285 1283//1283 1284//1284
f 1285//1285 1284//1284 1286//1286
f 1282//1282 1280//1280 1283//1283
f 1282//1282 1283//1283 1285//1285
f 1287//1287 1282//1282 1285//1285
f 1287//1287 1285//1285 1288//1288
f 1288//1288 1285//1285 1286//1286
f 1288//1288 1286//1286 1289//1289
f 1290//1290 1288//1288 1289//1289
f 1290//1290 1289//1289 1291//1291
f 1292//1292 1287//1287 1288//1288
f 1292//1292 1288//1288 1290//1290
f 1293//1293 1294//1294 1276//1276
f 1293//1293 1276//1276 1281//1281
f 1287//1287 1293//1293 1281//1281
f 1287//1287 1281//1281 1282//1282
f 1292//1292 1295//1295 1293//1293
f 1292//1292 1293//1293 1287//1287
f 1295//1295 1296//1296 1294//1294
f 1295//1295 1294//1294 1293//1293
f 1297//1297 1298//1298 1278//1278
f 1297//1297 1278//1278 1277//1277
f 1297//1297 1277//1277 1276//1276
f 1297//1297 1276//1276 1294//1294
f 1299//1299 1297//1297 1294//1294
f 1299//1299 1294//1294 1296//1296
f 1300//1300 1298//1298 1297//1297
f 1300//1300 1297//1297 1299//1299
f 1301//1301 941//941 942//942
f 1301//1301 942//942 1302//1302
f 1302//1302 942//942 947//947
f 1302//1302 947//947 1303//1303
f 1304//1304 1302//1302 1303//1303
f 1304//1304 1303//1303 1305//1305
f 1306//1306 1301//1301 1302//1302
f 1306//1306 1302//1302 1304//1304
f 1303//1303 947//947 948//948
f 1303//1303 948//948 1307//1307
f 1308//1308 1307//1307 948//948
f 1308//1308 948//948 953//953
f 1309//1309 1310//1310 1307//1307
f 1309//1309 1307//1307 1308//1308
f 1305//1305 1303//1303 1307//1307
f 1305//1305 1307//1307 1310//1310
f 1311//1311 1312//1312 955//955
f 1311//1311 955//955 954//954
f 1311//1311 954//954 962//962
f 1311//1311 962//962 1313//1313
f 1314//1314 1315//1315 1311//1311
f 1314//1314 1311//1311 1313//1313
f 1315//1315 1316//1316 1312//1312
f 1315//1315 1312//1312 1311//1311
f 1317//1317 1308//1308 953//953
f 1317//1317 953//953 963//963
f 1312//1312 1317//1317 963//963
f 1312//1312 963//963 955//955
f 1316//1316 1318//1318 1317//1317
f 1316//1316 1317//1317 1312//1312
f 1318//1318 1309//1309 1308//1308
f 1318//1318 1308//1308 1317//1317
f 1319//1319 1313//1313 962//962
f 1319//1319 962//962 966//966
f 1320//1320 1319//1319 966//966
f 1320//1320 966//966 971//971
f 1321//1321 1322//1322 1319//1319
f 1321//1321 1319//1319 1320//1320
f 1322//1322 1314//1314 1313//1313
f 1322//1322 1313//1313 1319//1319
f 1320//1320 971//971 973//973
f 1320//1320 973//973 1323//1323
f 1323//1323 973//973 977//977
f 1323//1323 977//977 1324//1324
f 1325//1325 1323//1323 1324//1324
f 1325//1325 1324//1324 1326//1326
f 1325//1325 1321//1321 1320//1320
f 1325//1325 1320//1320 1323//1323
f 1324//1324 977//977 1270//1270
f 1324//1324 1270//1270 1327//1327
f 1327//1327 1270//1270 1272//1272
f 1327//1327 1272//1272 1328//1328
f 1329//1329 1327//1327 1328//1328
f 1329//1329 1328//1328 1330//1330
f 1326//1326 1324//1324 1327//1327
f 1326//1326 1327//1327 1329//1329
f 1328//1328 1272//1272 1274//1274
f 1328//1328 1274//1274 1331//1331
f 1331//1331 1274//1274 1278//1278
f 1331//1331 1278//1278 1298//1298
f 1332//1332 1331//1331 1298//1298
f 1332//1332 1298//1298 1300//1300
f 1330//1330 1328//1328 1331//1331
f 1330//1330 1331//1331 1332//1332
f 1333//1333 1306//1306 1304//1304
f 1333//1333 1304//1304 1334//1334
f 1334//1334 1304//1304 1305//1305
f 1334//1334 1305//1305 1335//1335
f 1336//1336 1334//1334 1335//1335
f 1336//1336 1335//1335 1337//1337
f 1336//1336 1338//1338 1333//1333
f 1336//1336 1333//1333 1334//1334
f 1335//1335 1305//1305 1310//1310
f 1335//1335 1310//1310 1339//1339
f 1339//1339 1310//1310 1309//1309
f 1339//1339 1309//1309 1340//1340
f 1341//1341 1339//1339 1340//1340
f 1341//1341 1340//1340 1342//1342
f 1337//1337 1335//1335 1339//1339
f 1337//1337 1339//1339 1341//1341
f 1343//1343 1344//1344 1316//1316
f 1343//1343 1316//1316 1315//1315
f 1345//1345 1343//1343 1315//1315
f 1345//1345 1315//1315 1314//1314
f 1346//1346 1347//1347 1343//1343
f 1346//1346 1343//1343 1345//1345
f 1347//1347 1348//1348 1344//1344
f 1347//1347 1344//1344 1343//1343
f 1349//1349 1340//1340 1309//1309
f 1349//1349 1309//1309 1318//1318
f 1344//1344 1349//1349 1318//1318
f 1344//1344 1318//1318 1316//1316
f 1348//1348 1350//1350 1349//1349
f 1348//1348 1349//1349 1344//1344
f 1342//1342 1340//1340 1349//1349
f 1342//1342 1349//1349 1350//1350
f 1351//1351 1345//1345 1314//1314
f 1351//1351 1314//1314 1322//1322
f 1352//1352 1351//1351 1322//1322
f 1352//1352 1322//1322 1321//1321
f 1353//1353 1354//1354 1351//1351
f 1353//1353 1351//1351 1352//1352
f 1354//1354 1346//1346 1345//1345
f 1354//1354 1345//1345 1351//1351
f 1355//1355 1352//1352 1321//1321
f 1355//1355 1321//1321 1325//1325
f 1356//1356 1355//1355 1325//1325
f 1356//1356 1325//1325 1326//1326
f 1357//1357 1358//1358 1355//1355
f 1357//1357 1355//1355 1356//1356
f 1358//1358 1353//1353 1352//1352
f 1358//1358 1352//1352 1355//1355
f 34//34 30//30 85//85
f 34//34 85//85 1359//1359
f 1359//1359 85//85 86//86
f 1359//1359 86//86 1360//1360
f 41//41 1359//1359 1360//1360
f 41//41 1360//1360 42//42
f 35//35 34//34 1359//1359
f 35//35 1359//1359 41//41
f 1360//1360 86//86 143//143
f 1360//1360 143//143 1361//1361
f 1361//1361 143//143 145//145
f 1361//1361 145//145 1362//1362
f 1363//1363 1361//1361 1362//1362
f 1363//1363 1362//1362 1364//1364
f 42//42 1360//1360 1361//1361
f 42//42 1361//1361 1363//1363
f 1362//1362 145//145 165//165
f 1362//1362 165//165 1365//1365
f 1365//1365 165//165 167//167
f 1365//1365 167//167 1366//1366
f 1367//1367 1365//1365 1366//1366
f 1367//1367 1366//1366 1368//1368
f 1364//1364 1362//1362 1365//1365
f 1364//1364 1365//1365 1367//1367
f 1366//1366 167//167 187//187
f 1366//1366 187//187 1369//1369
f 1369//1369 187//187 189//189
f 1369//1369 189//189 1370//1370
f 1371//1371 1369//1369 1370//1370
f 1371//1371 1370//1370 1372//1372
f 1368//1368 1366//1366 1369//1369
f 1368//1368 1369//1369 1371//1371
f 1370//1370 189//189 209//209
f 1370//1370 209//209 1373//1373
f 1373//1373 209//209 211//211
f 1373//1373 211//211 1374//1374
f 1375//1375 1373//1373 1374//1374
f 1375//1375 1374//1374 1376//1376
f 1372//1372 1370//1370 1373//1373
f 1372//1372 1373//1373 1375//1375
f 1374//1374 211//211 231//231
f 1374//1374 231//231 1377//1377
f 1378//1378 1377//1377 231//231
f 1378//1378 231//231 233//233
f 1379//1379 1380//1380 1377//1377
f 1379//1379 1377//1377 1378//1378
f 1376//1376 1374//1374 1377//1377
f 1376//1376 1377//1377 1380//1380
f 1381//1381 1378//1378 233//233
f 1381//1381 233//233 252//252
f 1382//1382 1381//1381 252//252
f 1382//1382 252//252 255//255
f 1383//1383 1384//1384 1381//1381
f 1383//1383 1381//1381 1382//1382
f 1384//1384 1379//1379 1378//1378
f 1384//1384 1378//1378 1381//1381
f 68//68 60//60 1385//1385
f 68//68 1385//1385 1386//1386
f 1386//1386 1385//1385 1387//1387
f 1386//1386 1387//1387 1388//1388
f 1389//1389 1386//1386 1388//1388
f 1389//1389 1388//1388 1390//1390
f 69//69 68//68 1386//1386
f 69//69 1386//1386 1389//1389
f 1388//1388 1387//1387 1391//1391
f 1388//1388 1391//1391 1392//1392
f 1392//1392 1391//1391 1393//1393
f 1392//1392 1393//1393 1394//1394
f 1395//1395 1392//1392 1394//1394
f 1395//1395 1394//1394 1396//1396
f 1390//1390 1388//1388 1392//1392
f 1390//1390 1392//1392 1395//1395
f 1394//1394 1393//1393 1397//1397
f 1394//1394 1397//1397 1398//1398
f 1398//1398 1397//1397 1399//1399
f 1398//1398 1399//1399 1400//1400
f 1401//1401 1398//1398 1400//1400
f 1401//1401 1400//1400 1402//1402
f 1396//1396 1394//1394 1398//1398
f 1396//1396 1398//1398 1401//1401
f 1400//1400 1399//1399 1403//1403
f 1400//1400 1403//1403 1404//1404
f 1404//1404 1403//1403 1405//1405
f 1404//1404 1405//1405 1406//1406
f 1407//1407 1404//1404 1406//1406
f 1407//1407 1406//1406 1408//1408
f 1402//1402 1400//1400 1404//1404
f 1402//1402 1404//1404 1407//1407
f 1409//1409 1406//1406 1405//1405
f 1409//1409 1405//1405 1410//1410
f 1411//1411 1409//1409 1410//1410
f 1411//1411 1410//1410 1412//1412
f 1413//1413 1414//1414 1409//1409
f 1413//1413 1409//1409 1411//1411
f 1414//1414 1408//1408 1406//1406
f 1414//1414 1406//1406 1409//1409
f 1415//1415 1411//1411 1412//1412
f 1415//1415 1412//1412 1416//1416
f 1417//1417 1415//1415 1416//1416
f 1417//1417 1416//1416 1418//1418
f 1419//1419 1420//1420 1415//1415
f 1419//1419 1415//1415 1417//1417
f 1420//1420 1413//1413 1411//1411
f 1420//1420 1411//1411 1415//1415
f 53//53 47//47 1421//1421
f 53//53 1421//1421 1422//1422
f 1422//1422 1421//1421 1423//1423
f 1422//1422 1423//1423 1424//1424
f 1425//1425 1422//1422 1424//1424
f 1425//1425 1424//1424 1426//1426
f 54//54 53//53 1422//1422
f 54//54 1422//1422 1425//1425
f 1424//1424 1423//1423 1427//1427
f 1424//1424 1427//1427 1428//1428
f 1428//1428 1427//1427 1429//1429
f 1428//1428 1429//1429 1430//1430
f 1431//1431 1428//1428 1430//1430
f 1431//1431 1430//1430 1432//1432
f 1426//1426 1424//1424 1428//1428
f 1426//1426 1428//1428 1431//1431
f 1430//1430 1429//1429 1433//1433
f 1430//1430 1433//1433 1434//1434
f 1434//1434 1433//1433 1435//1435
f 1434//1434 1435//1435 1436//1436
f 1437//1437 1434//1434 1436//1436
f 1437//1437 1436//1436 1438//1438
f 1432//1432 1430//1430 1434//1434
f 1432//1432 1434//1434 1437//1437
f 1436//1436 1435//1435 1439//1439
f 1436//1436 1439//1439 1440//1440
f 1440//1440 1439//1439 1441//1441
f 1440//1440 1441//1441 1442//1442
f 1443//1443 1440//1440 1442//1442
f 1443//1443 1442//1442 1444//1444
f 1438//1438 1436//1436 1440//1440
f 1438//1438 1440//1440 1443//1443
f 1442//1442 1441//1441 1445//1445
f 1442//1442 1445//1445 1446//1446
f 1446//1446 1445//1445 1447//1447
f 1446//1446 1447//1447 1448//1448
f 1449//1449 1450//1450 1446//1446
f 1449//1449 1446//1446 1448//1448
f 1444//1444 1442//1442 1446//1446
f 1444//1444 1446//1446 1450//1450
f 1451//1451 1448//1448 1447//1447
f 1451//1451 1447//1447 1452//1452
f 1453//1453 1451//1451 1452//1452
f 1453//1453 1452//1452 1454//1454
f 1455//1455 1456//1456 1451//1451
f 1455//1455 1451//1451 1453//1453
f 1456//1456 1449//1449 1448//1448
f 1456//1456 1448//1448 1451//1451
f 46//46 42//42 1363//1363
f 46//46 1363//1363 1457//1457
f 1457//1457 1363//1363 1364//1364
f 1457//1457 1364//1364 1458//1458
f 1421//1421 1457//1457 1458//1458
f 1421//1421 1458//1458 1423//1423
f 47//47 46//46 1457//1457
f 47//47 1457//1457 1421//1421
f 1458//1458 1364//1364 1367//1367
f 1458//1458 1367//1367 1459//1459
f 1459//1459 1367//1367 1368//1368
f 1459//1459 1368//1368 1460//1460
f 1427//1427 1459//1459 1460//1460
f 1427//1427 1460//1460 1429//1429
f 1423//1423 1458//1458 1459//1459
f 1423//1423 1459//1459 1427//1427
f 1460//1460 1368//1368 1371//1371
f 1460//1460 1371//1371 1461//1461
f 1461//1461 1371//1371 1372//1372
f 1461//1461 1372//1372 1462//1462
f 1433//1433 1461//1461 1462//1462
f 1433//1433 1462//1462 1435//1435
f 1429//1429 1460//1460 1461//1461
f 1429//1429 1461//1461 1433//1433
f 1462//1462 1372//1372 1375//1375
f 1462//1462 1375//1375 1463//1463
f 1463//1463 1375//1375 1376//1376
f 1463//1463 1376//1376 1464//1464
f 1439//1439 1463//1463 1464//1464
f 1439//1439 1464//1464 1441//1441
f 1435//1435 1462//1462 1463//1463
f 1435//1435 1463//1463 1439//1439
f 1464//1464 1376//1376 1380//1380
f 1464//1464 1380//1380 1465//1465
f 1466//1466 1465//1465 1380//1380
f 1466//1466 1380//1380 1379//1379
f 1445//1445 1465//1465 1466//1466
f 1445//1445 1466//1466 1447//1447
f 1441//1441 1464//1464 1465//1465
f 1441//1441 1465//1465 1445//1445
f 1467//1467 1466//1466 1379//1379
f 1467//1467 1379//1379 1384//1384
f 1468//1468 1467//1467 1384//1384
f 1468//1468 1384//1384 1383//1383
f 1454//1454 1452//1452 1467//1467
f 1454//1454 1467//1467 1468//1468
f 1452//1452 1447//1447 1466//1466
f 1452//1452 1466//1466 1467//1467
f 59//59 54//54 1425//1425
f 59//59 1425//1425 1469//1469
f 1469//1469 1425//1425 1426//1426
f 1469//1469 1426//1426 1470//1470
f 1385//1385 1469//1469 1470//1470
f 1385//1385 1470//1470 1387//1387
f 60//60 59//59 1469//1469
f 60//60 1469//1469 1385//1385
f 1470//1470 1426//1426 1431//1431
f 1470//1470 1431//1431 1471//1471
f 1471//1471 1431//1431 1432//1432
f 1471//1471 1432//1432 1472//1472
f 1391//1391 1471//1471 1472//1472
f 1391//1391 1472//1472 1393//1393
f 1387//1387 1470//1470 1471//1471
f 1387//1387 1471//1471 1391//1391
f 1472//1472 1432//1432 1437//1437
f 1472//1472 1437//1437 1473//1473
f 1473//1473 1437//1437 1438//1438
f 1473//1473 1438//1438 1474//1474
f 1397//1397 1473//1473 1474//1474
f 1397//1397 1474//1474 1399//1399
f 1393//1393 1472//1472 1473//1473
f 1393//1393 1473//1473 1397//1397
f 1474//1474 1438//1438 1443//1443
f 1474//1474 1443//1443 1475//1475
f 1475//1475 1443//1443 1444//1444
f 1475//1475 1444//1444 1476//1476
f 1403//1403 1475//1475 1476//1476
f 1403//1403 1476//1476 1405//1405
f 1399//1399 1474//1474 1475//1475
f 1399//1399 1475//1475 1403//1403
f 1476//1476 1444//1444 1450//1450
f 1476//1476 1450//1450 1477//1477
f 1478//1478 1477//1477 1450//1450
f 1478//1478 1450//1450 1449//1449
f 1412//1412 1410//1410 1477//1477
f 1412//1412 1477//1477 1478//1478
f 1405//1405 1476//1476 1477//1477
f 1405//1405 1477//1477 1410//1410
f 1479//1479 1478//1478 1449//1449
f 1479//1479 1449//1449 1456//1456
f 1480//1480 1479//1479 1456//1456
f 1480//1480 1456//1456 1455//1455
f 1418//1418 1416//1416 1479//1479
f 1418//1418 1479//1479 1480//1480
f 1416//1416 1412//1412 1478//1478
f 1416//1416 1478//1478 1479//1479
f 1481//1481 1383//1383 1382//1382
f 1481//1481 1382//1382 1482//1482
f 1482//1482 1382//1382 255//255
f 1482//1482 255//255 532//532
f 1483//1483 1482//1482 532//532
f 1483//1483 532//532 535//535
f 1484//1484 1481//1481 1482//1482
f 1484//1484 1482//1482 1483//1483
f 1485//1485 1454//1454 1468//1468
f 1485//1485 1468//1468 1486//1486
f 1486//1486 1468//1468 1383//1383
f 1486//1486 1383//1383 1481//1481
f 1487//1487 1486//1486 1481//1481
f 1487//1487 1481//1481 1484//1484
f 1488//1488 1485//1485 1486//1486
f 1488//1488 1486//1486 1487//1487
f 1489//1489 1455//1455 1453//1453
f 1489//1489 1453//1453 1490//1490
f 1490//1490 1453//1453 1454//1454
f 1490//1490 1454//1454 1485//1485
f 1491//1491 1490//1490 1485//1485
f 1491//1491 1485//1485 1488//1488
f 1492//1492 1489//1489 1490//1490
f 1492//1492 1490//1490 1491//1491
f 1493//1493 1417//1417 1418//1418
f 1493//1493 1418//1418 1494//1494
f 1495//1495 1493//1493 1494//1494
f 1495//1495 1494//1494 1496//1496
f 1497//1497 1498//1498 1493//1493
f 1497//1497 1493//1493 1495//1495
f 1498//1498 1419//1419 1417//1417
f 1498//1498 1417//1417 1493//1493
f 1499//1499 1500//1500 1484//1484
f 1499//1499 1484//1484 1483//1483
f 1499//1499 1483//1483 535//535
f 1499//1499 535//535 884//884
f 887//887 1501//1501 1499//1499
f 887//887 1499//1499 884//884
f 1501//1501 1502//1502 1500//1500
f 1501//1501 1500//1500 1499//1499
f 1503//1503 1504//1504 1488//1488
f 1503//1503 1488//1488 1487//1487
f 1500//1500 1503//1503 1487//1487
f 1500//1500 1487//1487 1484//1484
f 1502//1502 1505//1505 1503//1503
f 1502//1502 1503//1503 1500//1500
f 1505//1505 1506//1506 1504//1504
f 1505//1505 1504//1504 1503//1503
f 1507//1507 1508//1508 1492//1492
f 1507//1507 1492//1492 1491//1491
f 1504//1504 1507//1507 1491//1491
f 1504//1504 1491//1491 1488//1488
f 1506//1506 1509//1509 1507//1507
f 1506//1506 1507//1507 1504//1504
f 1509//1509 1510//1510 1508//1508
f 1509//1509 1508//1508 1507//1507
f 1511//1511 1512//1512 1502//1502
f 1511//1511 1502//1502 1501//1501
f 919//919 1511//1511 1501//1501
f 919//919 1501//1501 887//887
f 908//908 1513//1513 1511//1511
f 908//908 1511//1511 919//919
f 1513//1513 1514//1514 1512//1512
f 1513//1513 1512//1512 1511//1511
f 1515//1515 1516//1516 1506//1506
f 1515//1515 1506//1506 1505//1505
f 1512//1512 1515//1515 1505//1505
f 1512//1512 1505//1505 1502//1502
f 1514//1514 1517//1517 1515//1515
f 1514//1514 1515//1515 1512//1512
f 1517//1517 1518//1518 1516//1516
f 1517//1517 1516//1516 1515//1515
f 1519//1519 1520//1520 1510//1510
f 1519//1519 1510//1510 1509//1509
f 1516//1516 1519//1519 1509//1509
f 1516//1516 1509//1509 1506//1506
f 1518//1518 1521//1521 1519//1519
f 1518//1518 1519//1519 1516//1516
f 1521//1521 1522//1522 1520//1520
f 1521//1521 1520//1520 1519//1519
f 1523//1523 1524//1524 1514//1514
f 1523//1523 1514//1514 1513//1513
f 907//907 1523//1523 1513//1513
f 907//907 1513//1513 908//908
f 911//911 1525//1525 1523//1523
f 911//911 1523//1523 907//907
f 1525//1525 1526//1526 1524//1524
f 1525//1525 1524//1524 1523//1523
f 1527//1527 1528//1528 1518//1518
f 1527//1527 1518//1518 1517//1517
f 1524//1524 1527//1527 1517//1517
f 1524//1524 1517//1517 1514//1514
f 1526//1526 1529//1529 1527//1527
f 1526//1526 1527//1527 1524//1524
f 1530//1530 1528//1528 1527//1527
f 1530//1530 1527//1527 1529//1529
f 1531//1531 1532//1532 1522//1522
f 1531//1531 1522//1522 1521//1521
f 1528//1528 1531//1531 1521//1521
f 1528//1528 1521//1521 1518//1518
f 1533//1533 1531//1531 1528//1528
f 1533//1533 1528//1528 1530//1530
f 1533//1533 1534//1534 1532//1532
f 1533//1533 1532//1532 1531//1531
f 1535//1535 1536//1536 1526//1526
f 1535//1535 1526//1526 1525//1525
f 933//933 1535//1535 1525//1525
f 933//933 1525//1525 911//911
f 935//935 1537//1537 1535//1535
f 935//935 1535//1535 933//933
f 1537//1537 1538//1538 1536//1536
f 1537//1537 1536//1536 1535//1535
f 1539//1539 1530//1530 1529//1529
f 1539//1539 1529//1529 1540//1540
f 1540//1540 1529//1529 1526//1526
f 1540//1540 1526//1526 1536//1536
f 1541//1541 1540//1540 1536//1536
f 1541//1541 1536//1536 1538//1538
f 1542//1542 1539//1539 1540//1540
f 1542//1542 1540//1540 1541//1541
f 1543//1543 1544//1544 1534//1534
f 1543//1543 1534//1534 1533//1533
f 1543//1543 1533//1533 1530//1530
f 1543//1543 1530//1530 1539//1539
f 1545//1545 1543//1543 1539//1539
f 1545//1545 1539//1539 1542//1542
f 1546//1546 1544//1544 1543//1543
f 1546//1546 1543//1543 1545//1545
f 1547//1547 1408//1408 1414//1414
f 1547//1547 1414//1414 1548//1548
f 1549//1549 1548//1548 1414//1414
f 1549//1549 1414//1414 1413//1413
f 1550//1550 1547//1547 1548//1548
f 1550//1550 1548//1548 1549//1549
f 1551//1551 1549//1549 1413//1413
f 1551//1551 1413//1413 1420//1420
f 1552//1552 1551//1551 1420//1420
f 1552//1552 1420//1420 1419//1419
f 1553//1553 1554//1554 1551//1551
f 1553//1553 1551//1551 1552//1552
f 1554//1554 1550//1550 1549//1549
f 1554//1554 1549//1549 1551//1551
f 1555//1555 1552//1552 1419//1419
f 1555//1555 1419//1419 1498//1498
f 1556//1556 1555//1555 1498//1498
f 1556//1556 1498//1498 1497//1497
f 1557//1557 1558//1558 1555//1555
f 1557//1557 1555//1555 1556//1556
f 1558//1558 1553//1553 1552//1552
f 1558//1558 1552//1552 1555//1555
f 1559//1559 1497//1497 1495//1495
f 1559//1559 1495//1495 1560//1560
f 1560//1560 1495//1495 1496//1496
f 1560//1560 1496//1496 1561//1561
f 1562//1562 1560//1560 1561//1561
f 1562//1562 1561//1561 1563//1563
f 1564//1564 1559//1559 1560//1560
f 1564//1564 1560//1560 1562//1562
f 1494//1494 1418//1418 1480//1480
f 1494//1494 1480//1480 1565//1565
f 1565//1565 1480//1480 1455//1455
f 1565//1565 1455//1455 1489//1489
f 1566//1566 1565//1565 1489//1489
f 1566//1566 1489//1489 1492//1492
f 1496//1496 1494//1494 1565//1565
f 1496//1496 1565//1565 1566//1566
f 1567//1567 1508//1508 1510//1510
f 1567//1567 1510//1510 1568//1568
f 1567//1567 1568//1568 1563//1563
f 1567//1567 1563//1563 1561//1561
f 1566//1566 1567//1567 1561//1561
f 1566//1566 1561//1561 1496//1496
f 1492//1492 1508//1508 1567//1567
f 1492//1492 1567//1567 1566//1566
f 1569//1569 1570//1570 1571//1571
f 1569//1569 1571//1571 1572//1572
f 1573//1573 1572//1572 1571//1571
f 1573//1573 1571//1571 1574//1574
f 1572//1572 1573//1573 1575//1575
f 1572//1572 1575//1575 1569//1569
f 1576//1576 1577//1577 1578//1578
f 1576//1576 1578//1578 1579//1579
f 1576//1576 1579//1579 1570//1570
f 1576//1576 1570//1570 1569//1569
f 1575//1575 1580//1580 1576//1576
f 1575//1575 1576//1576 1569//1569
f 1580//1580 1581//1581 1577//1577
f 1580//1580 1577//1577 1576//1576
f 1582//1582 1532//1532 1534//1534
f 1582//1582 1534//1534 1583//1583
f 1584//1584 1582//1582 1583//1583
f 1584//1584 1583//1583 1574//1574
f 1585//1585 1586//1586 1582//1582
f 1585//1585 1582//1582 1584//1584
f 1586//1586 1522//1522 1532//1532
f 1586//1586 1532//1532 1582//1582
f 1587//1587 1588//1588 1589//1589
f 1587//1587 1589//1589 1590//1590
f 1584//1584 1590//1590 1589//1589
f 1584//1584 1589//1589 1585//1585
f 1574//1574 1571//1571 1590//1590
f 1574//1574 1590//1590 1584//1584
f 1570//1570 1587//1587 1590//1590
f 1570//1570 1590//1590 1571//1571
f 1591//1591 1592//1592 1593//1593
f 1591//1591 1593//1593 1594//1594
f 1591//1591 1594//1594 1588//1588
f 1591//1591 1588//1588 1587//1587
f 1579//1579 1591//1591 1587//1587
f 1579//1579 1587//1587 1570//1570
f 1578//1578 1592//1592 1591//1591
f 1578//1578 1591//1591 1579//1579
f 1595//1595 1520//1520 1522//1522
f 1595//1595 1522//1522 1586//1586
f 1596//1596 1595//1595 1586//1586
f 1596//1596 1586//1586 1585//1585
f 1563//1563 1568//1568 1595//1595
f 1563//1563 1595//1595 1596//1596
f 1568//1568 1510//1510 1520//1520
f 1568//1568 1520//1520 1595//1595
f 1597//1597 1564//1564 1562//1562
f 1597//1597 1562//1562 1598//1598
f 1598//1598 1562//1562 1563//1563
f 1598//1598 1563//1563 1596//1596
f 1589//1589 1598//1598 1596//1596
f 1589//1589 1596//1596 1585//1585
f 1588//1588 1597//1597 1598//1598
f 1588//1588 1598//1598 1589//1589
f 1599//1599 1600//1600 1601//1601
f 1599//1599 1601//1601 1602//1602
f 1599//1599 1602//1602 1564//1564
f 1599//1599 1564//1564 1597//1597
f 1594//1594 1599//1599 1597//1597
f 1594//1594 1597//1597 1588//1588
f 1594//1594 1593//1593 1600//1600
f 1594//1594 1600//1600 1599//1599
f 1603//1603 1604//1604 1557//1557
f 1603//1603 1557//1557 1556//1556
f 1603//1603 1556//1556 1497//1497
f 1603//1603 1497//1497 1559//1559
f 1602//1602 1603//1603 1559//1559
f 1602//1602 1559//1559 1564//1564
f 1601//1601 1604//1604 1603//1603
f 1601//1601 1603//1603 1602//1602
f 1605//1605 1606//1606 1607//1607
f 1605//1605 1607//1607 1608//1608
f 1605//1605 1608//1608 65//65
f 1605//1605 65//65 64//64
f 69//69 1609//1609 1605//1605
f 69//69 1605//1605 64//64
f 1609//1609 1610//1610 1606//1606
f 1609//1609 1606//1606 1605//1605
f 1609//1609 69//69 1389//1389
f 1609//1609 1389//1389 1611//1611
f 1611//1611 1389//1389 1390//1390
f 1611//1611 1390//1390 1612//1612
f 1613//1613 1611//1611 1612//1612
f 1613//1613 1612//1612 1614//1614
f 1610//1610 1609//1609 1611//1611
f 1610//1610 1611//1611 1613//1613
f 1612//1612 1390//1390 1395//1395
f 1612//1612 1395//1395 1615//1615
f 1615//1615 1395//1395 1396//1396
f 1615//1615 1396//1396 1616//1616
f 1617//1617 1615//1615 1616//1616
f 1617//1617 1616//1616 1618//1618
f 1614//1614 1612//1612 1615//1615
f 1614//1614 1615//1615 1617//1617
f 1616//1616 1396//1396 1401//1401
f 1616//1616 1401//1401 1619//1619
f 1619//1619 1401//1401 1402//1402
f 1619//1619 1402//1402 1620//1620
f 1621//1621 1619//1619 1620//1620
f 1621//1621 1620//1620 1622//1622
f 1618//1618 1616//1616 1619//1619
f 1618//1618 1619//1619 1621//1621
f 1620//1620 1402//1402 1407//1407
f 1620//1620 1407//1407 1623//1623
f 1623//1623 1407//1407 1408//1408
f 1623//1623 1408//1408 1624//1624
f 1625//1625 1623//1623 1624//1624
f 1625//1625 1624//1624 1626//1626
f 1622//1622 1620//1620 1623//1623
f 1622//1622 1623//1623 1625//1625
f 1624//1624 1408//1408 1547//1547
f 1624//1624 1547//1547 1627//1627
f 1628//1628 1627//1627 1547//1547
f 1628//1628 1547//1547 1550//1550
f 1629//1629 1627//1627 1628//1628
f 1629//1629 1628//1628 1630//1630
f 1626//1626 1624//1624 1627//1627
f 1626//1626 1627//1627 1629//1629
f 1631//1631 1628//1628 1550//1550
f 1631//1631 1550//1550 1554//1554
f 1632//1632 1631//1631 1554//1554
f 1632//1632 1554//1554 1553//1553
f 1633//1633 1634//1634 1631//1631
f 1633//1633 1631//1631 1632//1632
f 1630//1630 1628//1628 1631//1631
f 1630//1630 1631//1631 1634//1634
f 1635//1635 1632//1632 1553//1553
f 1635//1635 1553//1553 1558//1558
f 1636//1636 1635//1635 1558//1558
f 1636//1636 1558//1558 1557//1557
f 1637//1637 1638//1638 1635//1635
f 1637//1637 1635//1635 1636//1636
f 1638//1638 1633//1633 1632//1632
f 1638//1638 1632//1632 1635//1635
f 1639//1639 1578//1578 1577//1577
f 1639//1639 1577//1577 1640//1640
f 1640//1640 1577//1577 1581//1581
f 1640//1640 1581//1581 1641//1641
f 1642//1642 1640//1640 1641//1641
f 1642//1642 1641//1641 1643//1643
f 1644//1644 1639//1639 1640//1640
f 1644//1644 1640//1640 1642//1642
f 1645//1645 1593//1593 1592//1592
f 1645//1645 1592//1592 1646//1646
f 1646//1646 1592//1592 1578//1578
f 1646//1646 1578//1578 1639//1639
f 1647//1647 1646//1646 1639//1639
f 1647//1647 1639//1639 1644//1644
f 1647//1647 1648//1648 1645//1645
f 1647//1647 1645//1645 1646//1646
f 1649//1649 1650//1650 1601//1601
f 1649//1649 1601//1601 1600//1600
f 1649//1649 1600//1600 1593//1593
f 1649//1649 1593//1593 1645//1645
f 1648//1648 1651//1651 1649//1649
f 1648//1648 1649//1649 1645//1645
f 1651//1651 1652//1652 1650//1650
f 1651//1651 1650//1650 1649//1649
f 1653//1653 1636//1636 1557//1557
f 1653//1653 1557//1557 1604//1604
f 1650//1650 1653//1653 1604//1604
f 1650//1650 1604//1604 1601//1601
f 1652//1652 1654//1654 1653//1653
f 1652//1652 1653//1653 1650//1650
f 1654//1654 1637//1637 1636//1636
f 1654//1654 1636//1636 1653//1653
f 1655//1655 1656//1656 1657//1657
f 1655//1655 1657//1657 1658//1658
f 1658//1658 1657//1657 1659//1659
f 1658//1658 1659//1659 1660//1660
f 1661//1661 1658//1658 1660//1660
f 1661//1661 1660//1660 1662//1662
f 1663//1663 1655//1655 1658//1658
f 1663//1663 1658//1658 1661//1661
f 1660//1660 1659//1659 1664//1664
f 1660//1660 1664//1664 1665//1665
f 1665//1665 1664//1664 1666//1666
f 1665//1665 1666//1666 1667//1667
f 1668//1668 1665//1665 1667//1667
f 1668//1668 1667//1667 1669//1669
f 1662//1662 1660//1660 1665//1665
f 1662//1662 1665//1665 1668//1668
f 1667//1667 1666//1666 1670//1670
f 1667//1667 1670//1670 1671//1671
f 1671//1671 1670//1670 1672//1672
f 1671//1671 1672//1672 1673//1673
f 1674//1674 1671//1671 1673//1673
f 1674//1674 1673//1673 1675//1675
f 1669//1669 1667//1667 1671//1671
f 1669//1669 1671//1671 1674//1674
f 1673//1673 1672//1672 1676//1676
f 1673//1673 1676//1676 1677//1677
f 1677//1677 1676//1676 1678//1678
f 1677//1677 1678//1678 1679//1679
f 1680//1680 1677//1677 1679//1679
f 1680//1680 1679//1679 1681//1681
f 1675//1675 1673//1673 1677//1677
f 1675//1675 1677//1677 1680//1680
f 1682//1682 1683//1683 1684//1684
f 1682//1682 1684//1684 1685//1685
f 1686//1686 1682//1682 1685//1685
f 1686//1686 1685//1685 1687//1687
f 1688//1688 1689//1689 1682//1682
f 1688//1688 1682//1682 1686//1686
f 1689//1689 1690//1690 1683//1683
f 1689//1689 1683//1683 1682//1682
f 1691//1691 1692//1692 1693//1693
f 1691//1691 1693//1693 1694//1694
f 1683//1683 1691//1691 1694//1694
f 1683//1683 1694//1694 1684//1684
f 1690//1690 1695//1695 1691//1691
f 1690//1690 1691//1691 1683//1683
f 1695//1695 1696//1696 1692//1692
f 1695//1695 1692//1692 1691//1691
f 1697//1697 1698//1698 1699//1699
f 1697//1697 1699//1699 1700//1700
f 1692//1692 1697//1697 1700//1700
f 1692//1692 1700//1700 1693//1693
f 1696//1696 1701//1701 1697//1697
f 1696//1696 1697//1697 1692//1692
f 1702//1702 1698//1698 1697//1697
f 1702//1702 1697//1697 1701//1701
f 1679//1679 1678//1678 1703//1703
f 1679//1679 1703//1703 1704//1704
f 1704//1704 1703//1703 1699//1699
f 1704//1704 1699//1699 1698//1698
f 1705//1705 1704//1704 1698//1698
f 1705//1705 1698//1698 1702//1702
f 1681//1681 1679//1679 1704//1704
f 1681//1681 1704//1704 1705//1705
f 1706//1706 1622//1622 1625//1625
f 1706//1706 1625//1625 1707//1707
f 1707//1707 1625//1625 1626//1626
f 1707//1707 1626//1626 1708//1708
f 1709//1709 1707//1707 1708//1708
f 1709//1709 1708//1708 1710//1710
f 1711//1711 1706//1706 1707//1707
f 1711//1711 1707//1707 1709//1709
f 1708//1708 1626//1626 1629//1629
f 1708//1708 1629//1629 1712//1712
f 1712//1712 1629//1629 1630//1630
f 1712//1712 1630//1630 1713//1713
f 1714//1714 1712//1712 1713//1713
f 1714//1714 1713//1713 1715//1715
f 1710//1710 1708//1708 1712//1712
f 1710//1710 1712//1712 1714//1714
f 1713//1713 1630//1630 1634//1634
f 1713//1713 1634//1634 1716//1716
f 1716//1716 1634//1634 1633//1633
f 1716//1716 1633//1633 1717//1717
f 1718//1718 1716//1716 1717//1717
f 1718//1718 1717//1717 1719//1719
f 1715//1715 1713//1713 1716//1716
f 1715//1715 1716//1716 1718//1718
f 1720//1720 1717//1717 1633//1633
f 1720//1720 1633//1633 1638//1638
f 1721//1721 1720//1720 1638//1638
f 1721//1721 1638//1638 1637//1637
f 1722//1722 1723//1723 1720//1720
f 1722//1722 1720//1720 1721//1721
f 1723//1723 1719//1719 1717//1717
f 1723//1723 1717//1717 1720//1720
f 1724//1724 1721//1721 1637//1637
f 1724//1724 1637//1637 1654//1654
f 1725//1725 1724//1724 1654//1654
f 1725//1725 1654//1654 1652//1652
f 1726//1726 1727//1727 1724//1724
f 1726//1726 1724//1724 1725//1725
f 1727//1727 1722//1722 1721//1721
f 1727//1727 1721//1721 1724//1724
f 1728//1728 1725//1725 1652//1652
f 1728//1728 1652//1652 1651//1651
f 1729//1729 1728//1728 1651//1651
f 1729//1729 1651//1651 1648//1648
f 1730//1730 1731//1731 1728//1728
f 1730//1730 1728//1728 1729//1729
f 1731//1731 1726//1726 1725//1725
f 1731//1731 1725//1725 1728//1728
f 1732//1732 1729//1729 1648//1648
f 1732//1732 1648//1648 1647//1647
f 1732//1732 1647//1647 1644//1644
f 1732//1732 1644//1644 1733//1733
f 1734//1734 1735//1735 1732//1732
f 1734//1734 1732//1732 1733//1733
f 1735//1735 1730//1730 1729//1729
f 1735//1735 1729//1729 1732//1732
f 1733//1733 1644//1644 1642//1642
f 1733//1733 1642//1642 1736//1736
f 1736//1736 1642//1642 1643//1643
f 1736//1736 1643//1643 1737//1737
f 1738//1738 1736//1736 1737//1737
f 1738//1738 1737//1737 1739//1739
f 1734//1734 1733//1733 1736//1736
f 1734//1734 1736//1736 1738//1738
f 1740//1740 1711//1711 1709//1709
f 1740//1740 1709//1709 1741//1741
f 1741//1741 1709//1709 1710//1710
f 1741//1741 1710//1710 1742//1742
f 1657//1657 1741//1741 1742//1742
f 1657//1657 1742//1742 1659//1659
f 1656//1656 1740//1740 1741//1741
f 1656//1656 1741//1741 1657//1657
f 1742//1742 1710//1710 1714//1714
f 1742//1742 1714//1714 1743//1743
f 1743//1743 1714//1714 1715//1715
f 1743//1743 1715//1715 1744//1744
f 1664//1664 1743//1743 1744//1744
f 1664//1664 1744//1744 1666//1666
f 1659//1659 1742//1742 1743//1743
f 1659//1659 1743//1743 1664//1664
f 1744//1744 1715//1715 1718//1718
f 1744//1744 1718//1718 1745//1745
f 1745//1745 1718//1718 1719//1719
f 1745//1745 1719//1719 1746//1746
f 1670//1670 1745//1745 1746//1746
f 1670//1670 1746//1746 1672//1672
f 1666//1666 1744//1744 1745//1745
f 1666//1666 1745//1745 1670//1670
f 1746//1746 1719//1719 1723//1723
f 1746//1746 1723//1723 1747//1747
f 1748//1748 1747//1747 1723//1723
f 1748//1748 1723//1723 1722//1722
f 1678//1678 1676//1676 1747//1747
f 1678//1678 1747//1747 1748//1748
f 1672//1672 1746//1746 1747//1747
f 1672//1672 1747//1747 1676//1676
f 1749//1749 1748//1748 1722//1722
f 1749//1749 1722//1722 1727//1727
f 1750//1750 1749//1749 1727//1727
f 1750//1750 1727//1727 1726//1726
f 1699//1699 1703//1703 1749//1749
f 1699//1699 1749//1749 1750//1750
f 1703//1703 1678//1678 1748//1748
f 1703//1703 1748//1748 1749//1749
f 1751//1751 1750//1750 1726//1726
f 1751//1751 1726//1726 1731//1731
f 1752//1752 1751//1751 1731//1731
f 1752//1752 1731//1731 1730//1730
f 1693//1693 1700//1700 1751//1751
f 1693//1693 1751//1751 1752//1752
f 1700//1700 1699//1699 1750//1750
f 1700//1700 1750//1750 1751//1751
f 1753//1753 1752//1752 1730//1730
f 1753//1753 1730//1730 1735//1735
f 1754//1754 1753//1753 1735//1735
f 1754//1754 1735//1735 1734//1734
f 1684//1684 1694//1694 1753//1753
f 1684//1684 1753//1753 1754//1754
f 1694//1694 1693//1693 1752//1752
f 1694//1694 1752//1752 1753//1753
f 1755//1755 1754//1754 1734//1734
f 1755//1755 1734//1734 1738//1738
f 1755//1755 1738//1738 1739//1739
f 1755//1755 1739//1739 1756//1756
f 1687//1687 1685//1685 1755//1755
f 1687//1687 1755//1755 1756//1756
f 1685//1685 1684//1684 1754//1754
f 1685//1685 1754//1754 1755//1755
f 1757//1757 1758//1758 1759//1759
f 1757//1757 1759//1759 1760//1760
f 1760//1760 1759//1759 1761//1761
f 1760//1760 1761//1761 1762//1762
f 1763//1763 1760//1760 1762//1762
f 1763//1763 1762//1762 1764//1764
f 1765//1765 1757//1757 1760//1760
f 1765//1765 1760//1760 1763//1763
f 1762//1762 1761//1761 1766//1766
f 1762//1762 1766//1766 1767//1767
f 1767//1767 1766//1766 1768//1768
f 1767//1767 1768//1768 1769//1769
f 1770//1770 1767//1767 1769//1769
f 1770//1770 1769//1769 1771//1771
f 1764//1764 1762//1762 1767//1767
f 1764//1764 1767//1767 1770//1770
f 1769//1769 1768//1768 1772//1772
f 1769//1769 1772//1772 1773//1773
f 1773//1773 1772//1772 1774//1774
f 1773//1773 1774//1774 1775//1775
f 1776//1776 1773//1773 1775//1775
f 1776//1776 1775//1775 1777//1777
f 1771//1771 1769//1769 1773//1773
f 1771//1771 1773//1773 1776//1776
f 1775//1775 1774//1774 1778//1778
f 1775//1775 1778//1778 1779//1779
f 1779//1779 1778//1778 1780//1780
f 1779//1779 1780//1780 1781//1781
f 1782//1782 1779//1779 1781//1781
f 1782//1782 1781//1781 1783//1783
f 1777//1777 1775//1775 1779//1779
f 1777//1777 1779//1779 1782//1782
f 1784//1784 1607//1607 1606//1606
f 1784//1784 1606//1606 1785//1785
f 1785//1785 1606//1606 1610//1610
f 1785//1785 1610//1610 1786//1786
f 1787//1787 1785//1785 1786//1786
f 1787//1787 1786//1786 1788//1788
f 1789//1789 1784//1784 1785//1785
f 1789//1789 1785//1785 1787//1787
f 1786//1786 1610//1610 1613//1613
f 1786//1786 1613//1613 1790//1790
f 1790//1790 1613//1613 1614//1614
f 1790//1790 1614//1614 1791//1791
f 1792//1792 1790//1790 1791//1791
f 1792//1792 1791//1791 1793//1793
f 1788//1788 1786//1786 1790//1790
f 1788//1788 1790//1790 1792//1792
f 1791//1791 1614//1614 1617//1617
f 1791//1791 1617//1617 1794//1794
f 1794//1794 1617//1617 1618//1618
f 1794//1794 1618//1618 1795//1795
f 1796//1796 1794//1794 1795//1795
f 1796//1796 1795//1795 1797//1797
f 1793//1793 1791//1791 1794//1794
f 1793//1793 1794//1794 1796//1796
f 1795//1795 1618//1618 1621//1621
f 1795//1795 1621//1621 1798//1798
f 1706//1706 1798//1798 1621//1621
f 1706//1706 1621//1621 1622//1622
f 1799//1799 1798//1798 1706//1706
f 1799//1799 1706//1706 1711//1711
f 1799//1799 1797//1797 1795//1795
f 1799//1799 1795//1795 1798//1798
f 1800//1800 1789//1789 1787//1787
f 1800//1800 1787//1787 1801//1801
f 1801//1801 1787//1787 1788//1788
f 1801//1801 1788//1788 1802//1802
f 1759//1759 1801//1801 1802//1802
f 1759//1759 1802//1802 1761//1761
f 1758//1758 1800//1800 1801//1801
f 1758//1758 1801//1801 1759//1759
f 1802//1802 1788//1788 1792//1792
f 1802//1802 1792//1792 1803//1803
f 1803//1803 1792//1792 1793//1793
f 1803//1803 1793//1793 1804//1804
f 1766//1766 1803//1803 1804//1804
f 1766//1766 1804//1804 1768//1768
f 1761//1761 1802//1802 1803//1803
f 1761//1761 1803//1803 1766//1766
f 1804//1804 1793//1793 1796//1796
f 1804//1804 1796//1796 1805//1805
f 1805//1805 1796//1796 1797//1797
f 1805//1805 1797//1797 1806//1806
f 1772//1772 1805//1805 1806//1806
f 1772//1772 1806//1806 1774//1774
f 1768//1768 1804//1804 1805//1805
f 1768//1768 1805//1805 1772//1772
f 1807//1807 1806//1806 1797//1797
f 1807//1807 1797//1797 1799//1799
f 1808//1808 1807//1807 1799//1799
f 1808//1808 1799//1799 1711//1711
f 1778//1778 1807//1807 1808//1808
f 1778//1778 1808//1808 1780//1780
f 1774//1774 1806//1806 1807//1807
f 1774//1774 1807//1807 1778//1778
f 1809//1809 1663//1663 1661//1661
f 1809//1809 1661//1661 1810//1810
f 1810//1810 1661//1661 1662//1662
f 1810//1810 1662//1662 1811//1811
f 1812//1812 1813//1813 1810//1810
f 1812//1812 1810//1810 1811//1811
f 1813//1813 1814//1814 1809//1809
f 1813//1813 1809//1809 1810//1810
f 1811//1811 1662//1662 1668//1668
f 1811//1811 1668//1668 1815//1815
f 1815//1815 1668//1668 1669//1669
f 1815//1815 1669//1669 1816//1816
f 1817//1817 1818//1818 1815//1815
f 1817//1817 1815//1815 1816//1816
f 1812//1812 1811//1811 1815//1815
f 1812//1812 1815//1815 1818//1818
f 1816//1816 1669//1669 1674//1674
f 1816//1816 1674//1674 1819//1819
f 1819//1819 1674//1674 1675//1675
f 1819//1819 1675//1675 1820//1820
f 1821//1821 1819//1819 1820//1820
f 1821//1821 1820//1820 1822//1822
f 1817//1817 1816//1816 1819//1819
f 1817//1817 1819//1819 1821//1821
f 1820//1820 1675//1675 1680//1680
f 1820//1820 1680//1680 1823//1823
f 1823//1823 1680//1680 1681//1681
f 1823//1823 1681//1681 1824//1824
f 1825//1825 1823//1823 1824//1824
f 1825//1825 1824//1824 1826//1826
f 1822//1822 1820//1820 1823//1823
f 1822//1822 1823//1823 1825//1825
f 1827//1827 1828//1828 1690//1690
f 1827//1827 1690//1690 1689//1689
f 1829//1829 1827//1827 1689//1689
f 1829//1829 1689//1689 1688//1688
f 1830//1830 1831//1831 1827//1827
f 1830//1830 1827//1827 1829//1829
f 1831//1831 1832//1832 1828//1828
f 1831//1831 1828//1828 1827//1827
f 1833//1833 1834//1834 1696//1696
f 1833//1833 1696//1696 1695//1695
f 1828//1828 1833//1833 1695//1695
f 1828//1828 1695//1695 1690//1690
f 1832//1832 1835//1835 1833//1833
f 1832//1832 1833//1833 1828//1828
f 1836//1836 1834//1834 1833//1833
f 1836//1836 1833//1833 1835//1835
f 1837//1837 1702//1702 1701//1701
f 1837//1837 1701//1701 1838//1838
f 1838//1838 1701//1701 1696//1696
f 1838//1838 1696//1696 1834//1834
f 1839//1839 1838//1838 1834//1834
f 1839//1839 1834//1834 1836//1836
f 1840//1840 1837//1837 1838//1838
f 1840//1840 1838//1838 1839//1839
f 1824//1824 1681//1681 1705//1705
f 1824//1824 1705//1705 1841//1841
f 1841//1841 1705//1705 1702//1702
f 1841//1841 1702//1702 1837//1837
f 1842//1842 1841//1841 1837//1837
f 1842//1842 1837//1837 1840//1840
f 1826//1826 1824//1824 1841//1841
f 1826//1826 1841//1841 1842//1842
f 1843//1843 1844//1844 1845//1845
f 1843//1843 1845//1845 1846//1846
f 1847//1847 1843//1843 1846//1846
f 1847//1847 1846//1846 1848//1848
f 1849//1849 1850//1850 1843//1843
f 1849//1849 1843//1843 1847//1847
f 1850//1850 1851//1851 1844//1844
f 1850//1850 1844//1844 1843//1843
f 1847//1847 1848//1848 1852//1852
f 1847//1847 1852//1852 1853//1853
f 1853//1853 1852//1852 1854//1854
f 1853//1853 1854//1854 1855//1855
f 1856//1856 1857//1857 1853//1853
f 1856//1856 1853//1853 1855//1855
f 1857//1857 1849//1849 1847//1847
f 1857//1857 1847//1847 1853//1853
f 1858//1858 1855//1855 1854//1854
f 1858//1858 1854//1854 1859//1859
f 1860//1860 1858//1858 1859//1859
f 1860//1860 1859//1859 1861//1861
f 1862//1862 1863//1863 1858//1858
f 1862//1862 1858//1858 1860//1860
f 1863//1863 1856//1856 1855//1855
f 1863//1863 1855//1855 1858//1858
f 1864//1864 1860//1860 1861//1861
f 1864//1864 1861//1861 1865//1865
f 1864//1864 1865//1865 1866//1866
f 1864//1864 1866//1866 1867//1867
f 1868//1868 1869//1869 1864//1864
f 1868//1868 1864//1864 1867//1867
f 1869//1869 1862//1862 1860//1860
f 1869//1869 1860//1860 1864//1864
f 1870//1870 1871//1871 1765//1765
f 1870//1870 1765//1765 1763//1763
f 1870//1870 1763//1763 1764//1764
f 1870//1870 1764//1764 1872//1872
f 1848//1848 1846//1846 1870//1870
f 1848//1848 1870//1870 1872//1872
f 1846//1846 1845//1845 1871//1871
f 1846//1846 1871//1871 1870//1870
f 1872//1872 1764//1764 1770//1770
f 1872//1872 1770//1770 1873//1873
f 1873//1873 1770//1770 1771//1771
f 1873//1873 1771//1771 1874//1874
f 1852//1852 1873//1873 1874//1874
f 1852//1852 1874//1874 1854//1854
f 1848//1848 1872//1872 1873//1873
f 1848//1848 1873//1873 1852//1852
f 1874//1874 1771//1771 1776//1776
f 1874//1874 1776//1776 1875//1875
f 1875//1875 1776//1776 1777//1777
f 1875//1875 1777//1777 1876//1876
f 1859//1859 1875//1875 1876//1876
f 1859//1859 1876//1876 1861//1861
f 1854//1854 1874//1874 1875//1875
f 1854//1854 1875//1875 1859//1859
f 1876//1876 1777//1777 1782//1782
f 1876//1876 1782//1782 1877//1877
f 1877//1877 1782//1782 1783//1783
f 1877//1877 1783//1783 1878//1878
f 1865//1865 1877//1877 1878//1878
f 1865//1865 1878//1878 1866//1866
f 1861//1861 1876//1876 1877//1877
f 1861//1861 1877//1877 1865//1865
f 1879//1879 1880//1880 1542//1542
f 1879//1879 1542//1542 1541//1541
f 1879//1879 1541//1541 1538//1538
f 1879//1879 1538//1538 1881//1881
f 1881//1881 1882//1882 1880//1880
f 1881//1881 1880//1880 1879//1879
f 1883//1883 1546//1546 1545//1545
f 1883//1883 1545//1545 1884//1884
f 1884//1884 1545//1545 1542//1542
f 1884//1884 1542//1542 1880//1880
f 1880//1880 1882//1882 1883//1883
f 1880//1880 1883//1883 1884//1884
f 1885//1885 1641//1641 1581//1581
f 1885//1885 1581//1581 1580//1580
f 1886//1886 1885//1885 1580//1580
f 1886//1886 1580//1580 1575//1575
f 1887//1887 1888//1888 1885//1885
f 1887//1887 1885//1885 1886//1886
f 1643//1643 1641//1641 1885//1885
f 1643//1643 1885//1885 1888//1888
f 1889//1889 1888//1888 1887//1887
f 1889//1889 1887//1887 1890//1890
f 1756//1756 1889//1889 1890//1890
f 1756//1756 1890//1890 1687//1687
f 1739//1739 1737//1737 1889//1889
f 1739//1739 1889//1889 1756//1756
f 1737//1737 1643//1643 1888//1888
f 1737//1737 1888//1888 1889//1889
f 1829//1829 1688//1688 1686//1686
f 1829//1829 1686//1686 1891//1891
f 1891//1891 1686//1686 1687//1687
f 1891//1891 1687//1687 1890//1890
f 1892//1892 1891//1891 1890//1890
f 1892//1892 1890//1890 1887//1887
f 1892//1892 1830//1830 1829//1829
f 1892//1892 1829//1829 1891//1891
f 1893//1893 1894//1894 1895//1895
f 1893//1893 1895//1895 1896//1896
f 1897//1897 1893//1893 1896//1896
f 1897//1897 1896//1896 1898//1898
f 1899//1899 1900//1900 1893//1893
f 1899//1899 1893//1893 1897//1897
f 1900//1900 1901//1901 1894//1894
f 1900//1900 1894//1894 1893//1893
f 1900//1900 1899//1899 1902//1902
f 1900//1900 1902//1902 1903//1903
f 1903//1903 1902//1902 1904//1904
f 1903//1903 1904//1904 1905//1905
f 1906//1906 1903//1903 1905//1905
f 1906//1906 1905//1905 1907//1907
f 1901//1901 1900//1900 1903//1903
f 1901//1901 1903//1903 1906//1906
f 1908//1908 1909//1909 1851//1851
f 1908//1908 1851//1851 1850//1850
f 1910//1910 1908//1908 1850//1850
f 1910//1910 1850//1850 1849//1849
f 1911//1911 1912//1912 1908//1908
f 1911//1911 1908//1908 1910//1910
f 1912//1912 1913//1913 1909//1909
f 1912//1912 1909//1909 1908//1908
f 1914//1914 1910//1910 1849//1849
f 1914//1914 1849//1849 1857//1857
f 1915//1915 1914//1914 1857//1857
f 1915//1915 1857//1857 1856//1856
f 1916//1916 1914//1914 1915//1915
f 1916//1916 1915//1915 1917//1917
f 1911//1911 1910//1910 1914//1914
f 1911//1911 1914//1914 1916//1916
f 1918//1918 1915//1915 1856//1856
f 1918//1918 1856//1856 1863//1863
f 1919//1919 1918//1918 1863//1863
f 1919//1919 1863//1863 1862//1862
f 1920//1920 1921//1921 1918//1918
f 1920//1920 1918//1918 1919//1919
f 1921//1921 1917//1917 1915//1915
f 1921//1921 1915//1915 1918//1918
f 1922//1922 1919//1919 1862//1862
f 1922//1922 1862//1862 1869//1869
f 1923//1923 1922//1922 1869//1869
f 1923//1923 1869//1869 1868//1868
f 1924//1924 1922//1922 1923//1923
f 1924//1924 1923//1923 1925//1925
f 1924//1924 1920//1920 1919//1919
f 1924//1924 1919//1919 1922//1922
f 1926//1926 1927//1927 1928//1928
f 1926//1926 1928//1928 1929//1929
f 1301//1301 1926//1926 1929//1929
f 1301//1301 1929//1929 941//941
f 1306//1306 1930//1930 1926//1926
f 1306//1306 1926//1926 1301//1301
f 1930//1930 1931//1931 1927//1927
f 1930//1930 1927//1927 1926//1926
f 1930//1930 1306//1306 1333//1333
f 1930//1930 1333//1333 1932//1932
f 1932//1932 1333//1333 1338//1338
f 1932//1932 1338//1338 1933//1933
f 1934//1934 1932//1932 1933//1933
f 1934//1934 1933//1933 1935//1935
f 1931//1931 1930//1930 1932//1932
f 1931//1931 1932//1932 1934//1934
f 1936//1936 1937//1937 1938//1938
f 1936//1936 1938//1938 1939//1939
f 1927//1927 1936//1936 1939//1939
f 1927//1927 1939//1939 1928//1928
f 1931//1931 1940//1940 1936//1936
f 1931//1931 1936//1936 1927//1927
f 1940//1940 1941//1941 1937//1937
f 1940//1940 1937//1937 1936//1936
f 1940//1940 1931//1931 1934//1934
f 1940//1940 1934//1934 1942//1942
f 1942//1942 1934//1934 1935//1935
f 1942//1942 1935//1935 1943//1943
f 1944//1944 1942//1942 1943//1943
f 1944//1944 1943//1943 1945//1945
f 1941//1941 1940//1940 1942//1942
f 1941//1941 1942//1942 1944//1944
f 1946//1946 1920//1920 1924//1924
f 1946//1946 1924//1924 1947//1947
f 1947//1947 1924//1924 1925//1925
f 1947//1947 1925//1925 1948//1948
f 1949//1949 1947//1947 1948//1948
f 1949//1949 1948//1948 1950//1950
f 1951//1951 1946//1946 1947//1947
f 1951//1951 1947//1947 1949//1949
f 1952//1952 1917//1917 1921//1921
f 1952//1952 1921//1921 1953//1953
f 1953//1953 1921//1921 1920//1920
f 1953//1953 1920//1920 1946//1946
f 1954//1954 1953//1953 1946//1946
f 1954//1954 1946//1946 1951//1951
f 1955//1955 1952//1952 1953//1953
f 1955//1955 1953//1953 1954//1954
f 1956//1956 1911//1911 1916//1916
f 1956//1956 1916//1916 1957//1957
f 1957//1957 1916//1916 1917//1917
f 1957//1957 1917//1917 1952//1952
f 1958//1958 1957//1957 1952//1952
f 1958//1958 1952//1952 1955//1955
f 1959//1959 1956//1956 1957//1957
f 1959//1959 1957//1957 1958//1958
f 1960//1960 1961//1961 1913//1913
f 1960//1960 1913//1913 1912//1912
f 1956//1956 1960//1960 1912//1912
f 1956//1956 1912//1912 1911//1911
f 1959//1959 1962//1962 1960//1960
f 1959//1959 1960//1960 1956//1956
f 1962//1962 1963//1963 1961//1961
f 1962//1962 1961//1961 1960//1960
f 1964//1964 1951//1951 1949//1949
f 1964//1964 1949//1949 1965//1965
f 1965//1965 1949//1949 1950//1950
f 1965//1965 1950//1950 1966//1966
f 1967//1967 1965//1965 1966//1966
f 1967//1967 1966//1966 1968//1968
f 1969//1969 1964//1964 1965//1965
f 1969//1969 1965//1965 1967//1967
f 1970//1970 1955//1955 1954//1954
f 1970//1970 1954//1954 1971//1971
f 1971//1971 1954//1954 1951//1951
f 1971//1971 1951//1951 1964//1964
f 1972//1972 1971//1971 1964//1964
f 1972//1972 1964//1964 1969//1969
f 1973//1973 1970//1970 1971//1971
f 1973//1973 1971//1971 1972//1972
f 1974//1974 1959//1959 1958//1958
f 1974//1974 1958//1958 1975//1975
f 1975//1975 1958//1958 1955//1955
f 1975//1975 1955//1955 1970//1970
f 1976//1976 1975//1975 1970//1970
f 1976//1976 1970//1970 1973//1973
f 1977//1977 1974//1974 1975//1975
f 1977//1977 1975//1975 1976//1976
f 1978//1978 1979//1979 1980//1980
f 1978//1978 1980//1980 1981//1981
f 1978//1978 1981//1981 1963//1963
f 1978//1978 1963//1963 1962//1962
f 1959//1959 1974//1974 1978//1978
f 1959//1959 1978//1978 1962//1962
f 1974//1974 1977//1977 1979//1979
f 1974//1974 1979//1979 1978//1978
f 1740//1740 1656//1656 1982//1982
f 1740//1740 1982//1982 1983//1983
f 1984//1984 1983//1983 1982//1982
f 1984//1984 1982//1982 1985//1985
f 1780//1780 1808//1808 1983//1983
f 1780//1780 1983//1983 1984//1984
f 1808//1808 1711//1711 1740//1740
f 1808//1808 1740//1740 1983//1983
f 1986//1986 1987//1987 1663//1663
f 1986//1986 1663//1663 1809//1809
f 1986//1986 1809//1809 1814//1814
f 1986//1986 1814//1814 1988//1988
f 1989//1989 1990//1990 1986//1986
f 1989//1989 1986//1986 1988//1988
f 1990//1990 1991//1991 1987//1987
f 1990//1990 1987//1987 1986//1986
f 1992//1992 1982//1982 1656//1656
f 1992//1992 1656//1656 1655//1655
f 1987//1987 1992//1992 1655//1655
f 1987//1987 1655//1655 1663//1663
f 1991//1991 1993//1993 1992//1992
f 1991//1991 1992//1992 1987//1987
f 1993//1993 1985//1985 1982//1982
f 1993//1993 1982//1982 1992//1992
f 1994//1994 1995//1995 1991//1991
f 1994//1994 1991//1991 1990//1990
f 1996//1996 1994//1994 1990//1990
f 1996//1996 1990//1990 1989//1989
f 1866//1866 1878//1878 1994//1994
f 1866//1866 1994//1994 1996//1996
f 1878//1878 1783//1783 1995//1995
f 1878//1878 1995//1995 1994//1994
f 1997//1997 1984//1984 1985//1985
f 1997//1997 1985//1985 1993//1993
f 1995//1995 1997//1997 1993//1993
f 1995//1995 1993//1993 1991//1991
f 1783//1783 1781//1781 1997//1997
f 1783//1783 1997//1997 1995//1995
f 1781//1781 1780//1780 1984//1984
f 1781//1781 1984//1984 1997//1997
f 1998//1998 1999//1999 1814//1814
f 1998//1998 1814//1814 1813//1813
f 2000//2000 1998//1998 1813//1813
f 2000//2000 1813//1813 1812//1812
f 2001//2001 2002//2002 1998//1998
f 2001//2001 1998//1998 2000//2000
f 2003//2003 1999//1999 1998//1998
f 2003//2003 1998//1998 2002//2002
f 2004//2004 2001//2001 2000//2000
f 2004//2004 2000//2000 2005//2005
f 1818//1818 2005//2005 2000//2000
f 1818//1818 2000//2000 1812//1812
f 1817//1817 1821//1821 2005//2005
f 1817//1817 2005//2005 1818//1818
f 1822//1822 2004//2004 2005//2005
f 1822//1822 2005//2005 1821//1821
f 2004//2004 1822//1822 1825//1825
f 2004//2004 1825//1825 2006//2006
f 2006//2006 1825//1825 1826//1826
f 2006//2006 1826//1826 2007//2007
f 2008//2008 2006//2006 2007//2007
f 2008//2008 2007//2007 2009//2009
f 2001//2001 2004//2004 2006//2006
f 2001//2001 2006//2006 2008//2008
f 2010//2010 1832//1832 1831//1831
f 2010//2010 1831//1831 2011//2011
f 2011//2011 1831//1831 1830//1830
f 2011//2011 1830//1830 2012//2012
f 2013//2013 2011//2011 2012//2012
f 2013//2013 2012//2012 2014//2014
f 2015//2015 2010//2010 2011//2011
f 2015//2015 2011//2011 2013//2013
f 2016//2016 1836//1836 1835//1835
f 2016//2016 1835//1835 2017//2017
f 2017//2017 1835//1835 1832//1832
f 2017//2017 1832//1832 2010//2010
f 2018//2018 2017//2017 2010//2010
f 2018//2018 2010//2010 2015//2015
f 2018//2018 2009//2009 2016//2016
f 2018//2018 2016//2016 2017//2017
f 2019//2019 2016//2016 2009//2009
f 2019//2019 2009//2009 2007//2007
f 1842//1842 2019//2019 2007//2007
f 1842//1842 2007//2007 1826//1826
f 1840//1840 1839//1839 2019//2019
f 1840//1840 2019//2019 1842//1842
f 1839//1839 1836//1836 2016//2016
f 1839//1839 2016//2016 2019//2019
f 2020//2020 2012//2012 1830//1830
f 2020//2020 1830//1830 1892//1892
f 2020//2020 1892//1892 1887//1887
f 2020//2020 1887//1887 2021//2021
f 2022//2022 2020//2020 2021//2021
f 2022//2022 2021//2021 2023//2023
f 2014//2014 2012//2012 2020//2020
f 2014//2014 2020//2020 2022//2022
f 1999//1999 2003//2003 2024//2024
f 1999//1999 2024//2024 2025//2025
f 2025//2025 2024//2024 1866//1866
f 2025//2025 1866//1866 1996//1996
f 1989//1989 1988//1988 2025//2025
f 1989//1989 2025//2025 1996//1996
f 1988//1988 1814//1814 1999//1999
f 1988//1988 1999//1999 2025//2025
f 2026//2026 2003//2003 2002//2002
f 2026//2026 2002//2002 2027//2027
f 2028//2028 2027//2027 2002//2002
f 2028//2028 2002//2002 2001//2001
f 2029//2029 2027//2027 2028//2028
f 2029//2029 2028//2028 2030//2030
f 2031//2031 2026//2026 2027//2027
f 2031//2031 2027//2027 2029//2029
f 2028//2028 2001//2001 2008//2008
f 2028//2028 2008//2008 2032//2032
f 2032//2032 2008//2008 2009//2009
f 2032//2032 2009//2009 2033//2033
f 2034//2034 2032//2032 2033//2033
f 2034//2034 2033//2033 2035//2035
f 2030//2030 2028//2028 2032//2032
f 2030//2030 2032//2032 2034//2034
f 2033//2033 2009//2009 2018//2018
f 2033//2033 2018//2018 2036//2036
f 2037//2037 2036//2036 2018//2018
f 2037//2037 2018//2018 2015//2015
f 2038//2038 2036//2036 2037//2037
f 2038//2038 2037//2037 2039//2039
f 2035//2035 2033//2033 2036//2036
f 2035//2035 2036//2036 2038//2038
f 2040//2040 2041//2041 1546//1546
f 2040//2040 1546//1546 1883//1883
f 2042//2042 2040//2040 1883//1883
f 2042//2042 1883//1883 1882//1882
f 2043//2043 2044//2044 2040//2040
f 2043//2043 2040//2040 2042//2042
f 2044//2044 2023//2023 2041//2041
f 2044//2044 2041//2041 2040//2040
f 2045//2045 2014//2014 2022//2022
f 2045//2045 2022//2022 2046//2046
f 2046//2046 2022//2022 2023//2023
f 2046//2046 2023//2023 2044//2044
f 2047//2047 2046//2046 2044//2044
f 2047//2047 2044//2044 2043//2043
f 2048//2048 2045//2045 2046//2046
f 2048//2048 2046//2046 2047//2047
f 1867//1867 1866//1866 2024//2024
f 1867//1867 2024//2024 2049//2049
f 2049//2049 2024//2024 2003//2003
f 2049//2049 2003//2003 2026//2026
f 2050//2050 2049//2049 2026//2026
f 2050//2050 2026//2026 2031//2031
f 2050//2050 1868//1868 1867//1867
f 2050//2050 1867//1867 2049//2049
f 2051//2051 2037//2037 2015//2015
f 2051//2051 2015//2015 2013//2013
f 2052//2052 2051//2051 2013//2013
f 2052//2052 2013//2013 2014//2014
f 2039//2039 2037//2037 2051//2051
f 2039//2039 2051//2051 2052//2052
f 2053//2053 2050//2050 2031//2031
f 2053//2053 2031//2031 2029//2029
f 2054//2054 2053//2053 2029//2029
f 2054//2054 2029//2029 2030//2030
f 2055//2055 2056//2056 2053//2053
f 2055//2055 2053//2053 2054//2054
f 2056//2056 1868//1868 2050//2050
f 2056//2056 2050//2050 2053//2053
f 2054//2054 2030//2030 2034//2034
f 2054//2054 2034//2034 2057//2057
f 2057//2057 2034//2034 2035//2035
f 2057//2057 2035//2035 2058//2058
f 2059//2059 2057//2057 2058//2058
f 2059//2059 2058//2058 2060//2060
f 2055//2055 2054//2054 2057//2057
f 2055//2055 2057//2057 2059//2059
f 2045//2045 2048//2048 2061//2061
f 2045//2045 2061//2061 2062//2062
f 2062//2062 2061//2061 2063//2063
f 2062//2062 2063//2063 2064//2064
f 2052//2052 2062//2062 2064//2064
f 2052//2052 2064//2064 2039//2039
f 2014//2014 2045//2045 2062//2062
f 2014//2014 2062//2062 2052//2052
f 2058//2058 2035//2035 2038//2038
f 2058//2058 2038//2038 2065//2065
f 2065//2065 2038//2038 2039//2039
f 2065//2065 2039//2039 2064//2064
f 2066//2066 2065//2065 2064//2064
f 2066//2066 2064//2064 2063//2063
f 2060//2060 2058//2058 2065//2065
f 2060//2060 2065//2065 2066//2066
f 2067//2067 2056//2056 2055//2055
f 2067//2067 2055//2055 2059//2059
f 2068//2068 2067//2067 2059//2059
f 2068//2068 2059//2059 2060//2060
f 1925//1925 1923//1923 2067//2067
f 1925//1925 2067//2067 2068//2068
f 1923//1923 1868//1868 2056//2056
f 1923//1923 2056//2056 2067//2067
f 2068//2068 2060//2060 2066//2066
f 2068//2068 2066//2066 2069//2069
f 2069//2069 2066//2066 2063//2063
f 2069//2069 2063//2063 2070//2070
f 1950//1950 1948//1948 2069//2069
f 1950//1950 2069//2069 2070//2070
f 1948//1948 1925//1925 2068//2068
f 1948//1948 2068//2068 2069//2069
f 2071//2071 937//937 941//941
f 2071//2071 941//941 2072//2072
f 1881//1881 2071//2071 2072//2072
f 1881//1881 2072//2072 1882//1882
f 1538//1538 1537//1537 2071//2071
f 1538//1538 2071//2071 1881//1881
f 1537//1537 935//935 937//937
f 1537//1537 937//937 2071//2071
f 2073//2073 1575//1575 1573//1573
f 2073//2073 1573//1573 2074//2074
f 2074//2074 1573//1573 1574//1574
f 2074//2074 1574//1574 1583//1583
f 1544//1544 2074//2074 1583//1583
f 1544//1544 1583//1583 1534//1534
f 1546//1546 2073//2073 2074//2074
f 1546//1546 2074//2074 1544//1544
f 2075//2075 1886//1886 1575//1575
f 2075//2075 1575//1575 2073//2073
f 2041//2041 2075//2075 2073//2073
f 2041//2041 2073//2073 1546//1546
f 2023//2023 2021//2021 2075//2075
f 2023//2023 2075//2075 2041//2041
f 2021//2021 1887//1887 1886//1886
f 2021//2021 1886//1886 2075//2075
f 2076//2076 1882//1882 2072//2072
f 2076//2076 2072//2072 2077//2077
f 1929//1929 2077//2077 2072//2072
f 1929//1929 2072//2072 941//941
f 1928//1928 2078//2078 2077//2077
f 1928//1928 2077//2077 1929//1929
f 2078//2078 2079//2079 2076//2076
f 2078//2078 2076//2076 2077//2077
f 2080//2080 2042//2042 1882//1882
f 2080//2080 1882//1882 2076//2076
f 2081//2081 2080//2080 2076//2076
f 2081//2081 2076//2076 2079//2079
f 2082//2082 2083//2083 2080//2080
f 2082//2082 2080//2080 2081//2081
f 2083//2083 2043//2043 2042//2042
f 2083//2083 2042//2042 2080//2080
f 2084//2084 2085//2085 2086//2086
f 2084//2084 2086//2086 2087//2087
f 2047//2047 2084//2084 2087//2087
f 2047//2047 2087//2087 2048//2048
f 2043//2043 2083//2083 2084//2084
f 2043//2043 2084//2084 2047//2047
f 2083//2083 2082//2082 2085//2085
f 2083//2083 2085//2085 2084//2084
f 2088//2088 2063//2063 2061//2061
f 2088//2088 2061//2061 2089//2089
f 2089//2089 2061//2061 2048//2048
f 2089//2089 2048//2048 2087//2087
f 2090//2090 2089//2089 2087//2087
f 2090//2090 2087//2087 2086//2086
f 2091//2091 2088//2088 2089//2089
f 2091//2091 2089//2089 2090//2090
f 1966//1966 1950//1950 2070//2070
f 1966//1966 2070//2070 2092//2092
f 2092//2092 2070//2070 2063//2063
f 2092//2092 2063//2063 2088//2088
f 2093//2093 2092//2092 2088//2088
f 2093//2093 2088//2088 2091//2091
f 1968//1968 1966//1966 2092//2092
f 1968//1968 2092//2092 2093//2093
f 2094//2094 2095//2095 2096//2096
f 2094//2094 2096//2096 2097//2097
f 2097//2097 2096//2096 2098//2098
f 2097//2097 2098//2098 2099//2099
f 2085//2085 2097//2097 2099//2099
f 2085//2085 2099//2099 2086//2086
f 2082//2082 2094//2094 2097//2097
f 2082//2082 2097//2097 2085//2085
f 2100//2100 2101//2101 2102//2102
f 2100//2100 2102//2102 2103//2103
f 2090//2090 2100//2100 2103//2103
f 2090//2090 2103//2103 2091//2091
f 2086//2086 2099//2099 2100//2100
f 2086//2086 2100//2100 2090//2090
f 2099//2099 2098//2098 2101//2101
f 2099//2099 2101//2101 2100//2100
f 2104//2104 2105//2105 2106//2106
f 2104//2104 2106//2106 2107//2107
f 2093//2093 2104//2104 2107//2107
f 2093//2093 2107//2107 1968//1968
f 2091//2091 2103//2103 2104//2104
f 2091//2091 2104//2104 2093//2093
f 2103//2103 2102//2102 2105//2105
f 2103//2103 2105//2105 2104//2104
f 2108//2108 2109//2109 2110//2110
f 2108//2108 2110//2110 2111//2111
f 1967//1967 2108//2108 2111//2111
f 1967//1967 2111//2111 1969//1969
f 1968//1968 2107//2107 2108//2108
f 1968//1968 2108//2108 1967//1967
f 2107//2107 2106//2106 2109//2109
f 2107//2107 2109//2109 2108//2108
f 2112//2112 2113//2113 2114//2114
f 2112//2112 2114//2114 2115//2115
f 1972//1972 2112//2112 2115//2115
f 1972//1972 2115//2115 1973//1973
f 1969//1969 2111//2111 2112//2112
f 1969//1969 2112//2112 1972//1972
f 2111//2111 2110//2110 2113//2113
f 2111//2111 2113//2113 2112//2112
f 2116//2116 2117//2117 2118//2118
f 2116//2116 2118//2118 2119//2119
f 1976//1976 2116//2116 2119//2119
f 1976//1976 2119//2119 1977//1977
f 1973//1973 2115//2115 2116//2116
f 1973//1973 2116//2116 1976//1976
f 2115//2115 2114//2114 2117//2117
f 2115//2115 2117//2117 2116//2116
f 2120//2120 2121//2121 2122//2122
f 2120//2120 2122//2122 2123//2123
f 1979//1979 2120//2120 2123//2123
f 1979//1979 2123//2123 1980//1980
f 1977//1977 2119//2119 2120//2120
f 1977//1977 2120//2120 1979//1979
f 2119//2119 2118//2118 2121//2121
f 2119//2119 2121//2121 2120//2120
f 2124//2124 2125//2125 2126//2126
f 2124//2124 2126//2126 2127//2127
f 2128//2128 2124//2124 2127//2127
f 2128//2128 2127//2127 2079//2079
f 1898//1898 1896//1896 2124//2124
f 1898//1898 2124//2124 2128//2128
f 1896//1896 1895//1895 2125//2125
f 1896//1896 2125//2125 2124//2124
f 2129//2129 2128//2128 2079//2079
f 2129//2129 2079//2079 2078//2078
f 1939//1939 2129//2129 2078//2078
f 1939//1939 2078//2078 1928//1928
f 1938//1938 2130//2130 2129//2129
f 1938//1938 2129//2129 1939//1939
f 2130//2130 1898//1898 2128//2128
f 2130//2130 2128//2128 2129//2129
f 2131//2131 2081//2081 2079//2079
f 2131//2131 2079//2079 2127//2127
f 2132//2132 2131//2131 2127//2127
f 2132//2132 2127//2127 2126//2126
f 2095//2095 2094//2094 2131//2131
f 2095//2095 2131//2131 2132//2132
f 2094//2094 2082//2082 2081//2081
f 2094//2094 2081//2081 2131//2131
f 2133//2133 1941//1941 1944//1944
f 2133//2133 1944//1944 2134//2134
f 2134//2134 1944//1944 1945//1945
f 2134//2134 1945//1945 2135//2135
f 1902//1902 2134//2134 2135//2135
f 1902//1902 2135//2135 1904//1904
f 1899//1899 2133//2133 2134//2134
f 1899//1899 2134//2134 1902//1902
f 2136//2136 1897//1897 1898//1898
f 2136//2136 1898//1898 2130//2130
f 1937//1937 2136//2136 2130//2130
f 1937//1937 2130//2130 1938//1938
f 1941//1941 2133//2133 2136//2136
f 1941//1941 2136//2136 1937//1937
f 2133//2133 1899//1899 1897//1897
f 2133//2133 1897//1897 2136//2136
f 2137//2137 2138//2138 2139//2139
f 2137//2137 2139//2139 2140//2140
f 1894//1894 2140//2140 2139//2139
f 1894//1894 2139//2139 1895//1895
f 1901//1901 2141//2141 2140//2140
f 1901//1901 2140//2140 1894//1894
f 2141//2141 2142//2142 2137//2137
f 2141//2141 2137//2137 2140//2140
f 2141//2141 1901//1901 1906//1906
f 2141//2141 1906//1906 2143//2143
f 2143//2143 1906//1906 1907//1907
f 2143//2143 1907//1907 2144//2144
f 2145//2145 2143//2143 2144//2144
f 2145//2145 2144//2144 2146//2146
f 2142//2142 2141//2141 2143//2143
f 2142//2142 2143//2143 2145//2145
f 2147//2147 2122//2122 2121//2121
f 2147//2147 2121//2121 2148//2148
f 2148//2148 2121//2121 2118//2118
f 2148//2148 2118//2118 2149//2149
f 2150//2150 2148//2148 2149//2149
f 2150//2150 2149//2149 2151//2151
f 2152//2152 2147//2147 2148//2148
f 2152//2152 2148//2148 2150//2150
f 2149//2149 2118//2118 2117//2117
f 2149//2149 2117//2117 2153//2153
f 2153//2153 2117//2117 2114//2114
f 2153//2153 2114//2114 2154//2154
f 2155//2155 2153//2153 2154//2154
f 2155//2155 2154//2154 2156//2156
f 2151//2151 2149//2149 2153//2153
f 2151//2151 2153//2153 2155//2155
f 2154//2154 2114//2114 2113//2113
f 2154//2154 2113//2113 2157//2157
f 2157//2157 2113//2113 2110//2110
f 2157//2157 2110//2110 2158//2158
f 2159//2159 2157//2157 2158//2158
f 2159//2159 2158//2158 2160//2160
f 2156//2156 2154//2154 2157//2157
f 2156//2156 2157//2157 2159//2159
f 2158//2158 2110//2110 2109//2109
f 2158//2158 2109//2109 2161//2161
f 2161//2161 2109//2109 2106//2106
f 2161//2161 2106//2106 2162//2162
f 2163//2163 2161//2161 2162//2162
f 2163//2163 2162//2162 2164//2164
f 2160//2160 2158//2158 2161//2161
f 2160//2160 2161//2161 2163//2163
f 2165//2165 2126//2126 2125//2125
f 2165//2165 2125//2125 2166//2166
f 2166//2166 2125//2125 1895//1895
f 2166//2166 1895//1895 2139//2139
f 2167//2167 2166//2166 2139//2139
f 2167//2167 2139//2139 2138//2138
f 2168//2168 2165//2165 2166//2166
f 2168//2168 2166//2166 2167//2167
f 2169//2169 2132//2132 2126//2126
f 2169//2169 2126//2126 2165//2165
f 2170//2170 2169//2169 2165//2165
f 2170//2170 2165//2165 2168//2168
f 2171//2171 2172//2172 2169//2169
f 2171//2171 2169//2169 2170//2170
f 2172//2172 2095//2095 2132//2132
f 2172//2172 2132//2132 2169//2169
f 2173//2173 2098//2098 2096//2096
f 2173//2173 2096//2096 2174//2174
f 2174//2174 2096//2096 2095//2095
f 2174//2174 2095//2095 2172//2172
f 2175//2175 2174//2174 2172//2172
f 2175//2175 2172//2172 2171//2171
f 2176//2176 2173//2173 2174//2174
f 2176//2176 2174//2174 2175//2175
f 2177//2177 2102//2102 2101//2101
f 2177//2177 2101//2101 2178//2178
f 2178//2178 2101//2101 2098//2098
f 2178//2178 2098//2098 2173//2173
f 2179//2179 2178//2178 2173//2173
f 2179//2179 2173//2173 2176//2176
f 2180//2180 2177//2177 2178//2178
f 2180//2180 2178//2178 2179//2179
f 2162//2162 2106//2106 2105//2105
f 2162//2162 2105//2105 2181//2181
f 2181//2181 2105//2105 2102//2102
f 2181//2181 2102//2102 2177//2177
f 2182//2182 2181//2181 2177//2177
f 2182//2182 2177//2177 2180//2180
f 2164//2164 2162//2162 2181//2181
f 2164//2164 2181//2181 2182//2182
f 2183//2183 2184//2184 2142//2142
f 2183//2183 2142//2142 2145//2145
f 2183//2183 2145//2145 2146//2146
f 2183//2183 2146//2146 2185//2185
f 2186//2186 2187//2187 2183//2183
f 2186//2186 2183//2183 2185//2185
f 2187//2187 2188//2188 2184//2184
f 2187//2187 2184//2184 2183//2183
f 2189//2189 2190//2190 2191//2191
f 2189//2189 2191//2191 2192//2192
f 2192//2192 2191//2191 2138//2138
f 2192//2192 2138//2138 2137//2137
f 2184//2184 2192//2192 2137//2137
f 2184//2184 2137//2137 2142//2142
f 2188//2188 2189//2189 2192//2192
f 2188//2188 2192//2192 2184//2184
f 2193//2193 2194//2194 2168//2168
f 2193//2193 2168//2168 2167//2167
f 2191//2191 2193//2193 2167//2167
f 2191//2191 2167//2167 2138//2138
f 2190//2190 2195//2195 2193//2193
f 2190//2190 2193//2193 2191//2191
f 2195//2195 2196//2196 2194//2194
f 2195//2195 2194//2194 2193//2193
f 2197//2197 2170//2170 2168//2168
f 2197//2197 2168//2168 2194//2194
f 2198//2198 2197//2197 2194//2194
f 2198//2198 2194//2194 2196//2196
f 2199//2199 2197//2197 2198//2198
f 2199//2199 2198//2198 2200//2200
f 2199//2199 2171//2171 2170//2170
f 2199//2199 2170//2170 2197//2197
f 2201//2201 2176//2176 2175//2175
f 2201//2201 2175//2175 2202//2202
f 2199//2199 2202//2202 2175//2175
f 2199//2199 2175//2175 2171//2171
f 2200//2200 2203//2203 2202//2202
f 2200//2200 2202//2202 2199//2199
f 2203//2203 2204//2204 2201//2201
f 2203//2203 2201//2201 2202//2202
f 2205//2205 2180//2180 2179//2179
f 2205//2205 2179//2179 2206//2206
f 2206//2206 2179//2179 2176//2176
f 2206//2206 2176//2176 2201//2201
f 2207//2207 2206//2206 2201//2201
f 2207//2207 2201//2201 2204//2204
f 2208//2208 2205//2205 2206//2206
f 2208//2208 2206//2206 2207//2207
f 2209//2209 2164//2164 2182//2182
f 2209//2209 2182//2182 2210//2210
f 2210//2210 2182//2182 2180//2180
f 2210//2210 2180//2180 2205//2205
f 2211//2211 2210//2210 2205//2205
f 2211//2211 2205//2205 2208//2208
f 2212//2212 2209//2209 2210//2210
f 2212//2212 2210//2210 2211//2211
f 2213//2213 2160//2160 2163//2163
f 2213//2213 2163//2163 2214//2214
f 2214//2214 2163//2163 2164//2164
f 2214//2214 2164//2164 2209//2209
f 2215//2215 2214//2214 2209//2209
f 2215//2215 2209//2209 2212//2212
f 2216//2216 2213//2213 2214//2214
f 2216//2216 2214//2214 2215//2215
f 2217//2217 2156//2156 2159//2159
f 2217//2217 2159//2159 2218//2218
f 2218//2218 2159//2159 2160//2160
f 2218//2218 2160//2160 2213//2213
f 2219//2219 2218//2218 2213//2213
f 2219//2219 2213//2213 2216//2216
f 2220//2220 2217//2217 2218//2218
f 2220//2220 2218//2218 2219//2219
f 2221//2221 2151//2151 2155//2155
f 2221//2221 2155//2155 2222//2222
f 2222//2222 2155//2155 2156//2156
f 2222//2222 2156//2156 2217//2217
f 2223//2223 2222//2222 2217//2217
f 2223//2223 2217//2217 2220//2220
f 2224//2224 2221//2221 2222//2222
f 2224//2224 2222//2222 2223//2223
f 2225//2225 2152//2152 2150//2150
f 2225//2225 2150//2150 2226//2226
f 2226//2226 2150//2150 2151//2151
f 2226//2226 2151//2151 2221//2221
f 2227//2227 2226//2226 2221//2221
f 2227//2227 2221//2221 2224//2224
f 2228//2228 2225//2225 2226//2226
f 2228//2228 2226//2226 2227//2227
f 2229//2229 2230//2230 2188//2188
f 2229//2229 2188//2188 2187//2187
f 2231//2231 2229//2229 2187//2187
f 2231//2231 2187//2187 2186//2186
f 2232//2232 2233//2233 2229//2229
f 2232//2232 2229//2229 2231//2231
f 2233//2233 2234//2234 2230//2230
f 2233//2233 2230//2230 2229//2229
f 2235//2235 2236//2236 2237//2237
f 2235//2235 2237//2237 2238//2238
f 2238//2238 2237//2237 2190//2190
f 2238//2238 2190//2190 2189//2189
f 2230//2230 2238//2238 2189//2189
f 2230//2230 2189//2189 2188//2188
f 2234//2234 2235//2235 2238//2238
f 2234//2234 2238//2238 2230//2230
f 2239//2239 2196//2196 2195//2195
f 2239//2239 2195//2195 2240//2240
f 2240//2240 2195//2195 2190//2190
f 2240//2240 2190//2190 2237//2237
f 2236//2236 2241//2241 2240//2240
f 2236//2236 2240//2240 2237//2237
f 2241//2241 2242//2242 2239//2239
f 2241//2241 2239//2239 2240//2240
f 2243//2243 2198//2198 2196//2196
f 2243//2243 2196//2196 2239//2239
f 2244//2244 2243//2243 2239//2239
f 2244//2244 2239//2239 2242//2242
f 2245//2245 2246//2246 2243//2243
f 2245//2245 2243//2243 2244//2244
f 2246//2246 2200//2200 2198//2198
f 2246//2246 2198//2198 2243//2243
f 2247//2247 2204//2204 2248//2248
f 2247//2247 2248//2248 2249//2249
f 2249//2249 2248//2248 2250//2250
f 2249//2249 2250//2250 2251//2251
f 2252//2252 2249//2249 2251//2251
f 2252//2252 2251//2251 2253//2253
f 2254//2254 2247//2247 2249//2249
f 2254//2254 2249//2249 2252//2252
f 2255//2255 2208//2208 2207//2207
f 2255//2255 2207//2207 2256//2256
f 2256//2256 2207//2207 2204//2204
f 2256//2256 2204//2204 2247//2247
f 2257//2257 2256//2256 2247//2247
f 2257//2257 2247//2247 2254//2254
f 2258//2258 2255//2255 2256//2256
f 2258//2258 2256//2256 2257//2257
f 2259//2259 2212//2212 2211//2211
f 2259//2259 2211//2211 2260//2260
f 2260//2260 2211//2211 2208//2208
f 2260//2260 2208//2208 2255//2255
f 2261//2261 2260//2260 2255//2255
f 2261//2261 2255//2255 2258//2258
f 2262//2262 2259//2259 2260//2260
f 2262//2262 2260//2260 2261//2261
f 2263//2263 2216//2216 2215//2215
f 2263//2263 2215//2215 2264//2264
f 2264//2264 2215//2215 2212//2212
f 2264//2264 2212//2212 2259//2259
f 2265//2265 2264//2264 2259//2259
f 2265//2265 2259//2259 2262//2262
f 2266//2266 2263//2263 2264//2264
f 2266//2266 2264//2264 2265//2265
f 2267//2267 2220//2220 2219//2219
f 2267//2267 2219//2219 2268//2268
f 2268//2268 2219//2219 2216//2216
f 2268//2268 2216//2216 2263//2263
f 2269//2269 2268//2268 2263//2263
f 2269//2269 2263//2263 2266//2266
f 2270//2270 2267//2267 2268//2268
f 2270//2270 2268//2268 2269//2269
f 2271//2271 2224//2224 2223//2223
f 2271//2271 2223//2223 2272//2272
f 2272//2272 2223//2223 2220//2220
f 2272//2272 2220//2220 2267//2267
f 2273//2273 2272//2272 2267//2267
f 2273//2273 2267//2267 2270//2270
f 2274//2274 2271//2271 2272//2272
f 2274//2274 2272//2272 2273//2273
f 2275//2275 2276//2276 2277//2277
f 2275//2275 2277//2277 2278//2278
f 2275//2275 2278//2278 2279//2279
f 2275//2275 2279//2279 2280//2280
f 2281//2281 2275//2275 2280//2280
f 2281//2281 2280//2280 2282//2282
f 2281//2281 2283//2283 2276//2276
f 2281//2281 2276//2276 2275//2275
f 2284//2284 2285//2285 2286//2286
f 2284//2284 2286//2286 2287//2287
f 2288//2288 2287//2287 2286//2286
f 2288//2288 2286//2286 2289//2289
f 2283//2283 2281//2281 2287//2287
f 2283//2283 2287//2287 2288//2288
f 2282//2282 2284//2284 2287//2287
f 2282//2282 2287//2287 2281//2281
f 2278//2278 2277//2277 2290//2290
f 2278//2278 2290//2290 2291//2291
f 2291//2291 2290//2290 2292//2292
f 2291//2291 2292//2292 2293//2293
f 2294//2294 2295//2295 2291//2291
f 2294//2294 2291//2291 2293//2293
f 2295//2295 2279//2279 2278//2278
f 2295//2295 2278//2278 2291//2291
f 2296//2296 2297//2297 2294//2294
f 2296//2296 2294//2294 2293//2293
f 2298//2298 2296//2296 2293//2293
f 2298//2298 2293//2293 2292//2292
f 2299//2299 2296//2296 2298//2298
f 2299//2299 2298//2298 2300//2300
f 2299//2299 2301//2301 2297//2297
f 2299//2299 2297//2297 2296//2296
f 2302//2302 2299//2299 2300//2300
f 2302//2302 2300//2300 2303//2303
f 2304//2304 2302//2302 2303//2303
f 2304//2304 2303//2303 2305//2305
f 2306//2306 2302//2302 2304//2304
f 2306//2306 2304//2304 2253//2253
f 2301//2301 2299//2299 2302//2302
f 2301//2301 2302//2302 2306//2306
f 2307//2307 2308//2308 2309//2309
f 2307//2307 2309//2309 2310//2310
f 2276//2276 2307//2307 2310//2310
f 2276//2276 2310//2310 2277//2277
f 2283//2283 2311//2311 2307//2307
f 2283//2283 2307//2307 2276//2276
f 2311//2311 2312//2312 2308//2308
f 2311//2311 2308//2308 2307//2307
f 2313//2313 2292//2292 2290//2290
f 2313//2313 2290//2290 2314//2314
f 2314//2314 2290//2290 2277//2277
f 2314//2314 2277//2277 2310//2310
f 2315//2315 2314//2314 2310//2310
f 2315//2315 2310//2310 2309//2309
f 2316//2316 2313//2313 2314//2314
f 2316//2316 2314//2314 2315//2315
f 2317//2317 2298//2298 2292//2292
f 2317//2317 2292//2292 2313//2313
f 2318//2318 2317//2317 2313//2313
f 2318//2318 2313//2313 2316//2316
f 2319//2319 2320//2320 2317//2317
f 2319//2319 2317//2317 2318//2318
f 2320//2320 2300//2300 2298//2298
f 2320//2320 2298//2298 2317//2317
f 2321//2321 2305//2305 2303//2303
f 2321//2321 2303//2303 2322//2322
f 2322//2322 2303//2303 2300//2300
f 2322//2322 2300//2300 2320//2320
f 2323//2323 2322//2322 2320//2320
f 2323//2323 2320//2320 2319//2319
f 2324//2324 2321//2321 2322//2322
f 2324//2324 2322//2322 2323//2323
f 2325//2325 2326//2326 2327//2327
f 2325//2325 2327//2327 2328//2328
f 2329//2329 2325//2325 2328//2328
f 2329//2329 2328//2328 2330//2330
f 2331//2331 2332//2332 2325//2325
f 2331//2331 2325//2325 2329//2329
f 2332//2332 2333//2333 2326//2326
f 2332//2332 2326//2326 2325//2325
f 2334//2334 2335//2335 2312//2312
f 2334//2334 2312//2312 2311//2311
f 2336//2336 2334//2334 2311//2311
f 2336//2336 2311//2311 2283//2283
f 2330//2330 2328//2328 2334//2334
f 2330//2330 2334//2334 2336//2336
f 2328//2328 2327//2327 2335//2335
f 2328//2328 2335//2335 2334//2334
f 2337//2337 2305//2305 2321//2321
f 2337//2337 2321//2321 2338//2338
f 2338//2338 2321//2321 2324//2324
f 2338//2338 2324//2324 2339//2339
f 2340//2340 2338//2338 2339//2339
f 2340//2340 2339//2339 2341//2341
f 2342//2342 2337//2337 2338//2338
f 2342//2342 2338//2338 2340//2340
f 2343//2343 2342//2342 2340//2340
f 2343//2343 2340//2340 2344//2344
f 2344//2344 2340//2340 2341//2341
f 2344//2344 2341//2341 2345//2345
f 2332//2332 2344//2344 2345//2345
f 2332//2332 2345//2345 2333//2333
f 2332//2332 2331//2331 2343//2343
f 2332//2332 2343//2343 2344//2344
f 2346//2346 2347//2347 2348//2348
f 2346//2346 2348//2348 2349//2349
f 2350//2350 2349//2349 2348//2348
f 2350//2350 2348//2348 2351//2351
f 2352//2352 2353//2353 2349//2349
f 2352//2352 2349//2349 2350//2350
f 2353//2353 2354//2354 2346//2346
f 2353//2353 2346//2346 2349//2349
f 2355//2355 2356//2356 2357//2357
f 2355//2355 2357//2357 2358//2358
f 2358//2358 2357//2357 2354//2354
f 2358//2358 2354//2354 2353//2353
f 2359//2359 2358//2358 2353//2353
f 2359//2359 2353//2353 2352//2352
f 2359//2359 2360//2360 2355//2355
f 2359//2359 2355//2355 2358//2358
f 2361//2361 2362//2362 2363//2363
f 2361//2361 2363//2363 2364//2364
f 2364//2364 2363//2363 2365//2365
f 2364//2364 2365//2365 2366//2366
f 2355//2355 2364//2364 2366//2366
f 2355//2355 2366//2366 2356//2356
f 2360//2360 2361//2361 2364//2364
f 2360//2360 2364//2364 2355//2355
f 2367//2367 2368//2368 2369//2369
f 2367//2367 2369//2369 2370//2370
f 2371//2371 2367//2367 2370//2370
f 2371//2371 2370//2370 2372//2372
f 2365//2365 2363//2363 2367//2367
f 2365//2365 2367//2367 2371//2371
f 2363//2363 2362//2362 2368//2368
f 2363//2363 2368//2368 2367//2367
f 2373//2373 2374//2374 2375//2375
f 2373//2373 2375//2375 2376//2376
f 2376//2376 2375//2375 2377//2377
f 2376//2376 2377//2377 2378//2378
f 2370//2370 2376//2376 2378//2378
f 2370//2370 2378//2378 2372//2372
f 2369//2369 2373//2373 2376//2376
f 2369//2369 2376//2376 2370//2370
f 2379//2379 2380//2380 2381//2381
f 2379//2379 2381//2381 2382//2382
f 2375//2375 2379//2379 2382//2382
f 2375//2375 2382//2382 2377//2377
f 2374//2374 2383//2383 2379//2379
f 2374//2374 2379//2379 2375//2375
f 2383//2383 2384//2384 2380//2380
f 2383//2383 2380//2380 2379//2379
f 2385//2385 2386//2386 2381//2381
f 2385//2385 2381//2381 2380//2380
f 2385//2385 2380//2380 2384//2384
f 2385//2385 2384//2384 2387//2387
f 2388//2388 2385//2385 2387//2387
f 2388//2388 2387//2387 2389//2389
f 2388//2388 2390//2390 2386//2386
f 2388//2388 2386//2386 2385//2385
f 2391//2391 2348//2348 2347//2347
f 2391//2391 2347//2347 2392//2392
f 2388//2388 2391//2391 2392//2392
f 2388//2388 2392//2392 2390//2390
f 2389//2389 2393//2393 2391//2391
f 2389//2389 2391//2391 2388//2388
f 2393//2393 2351//2351 2348//2348
f 2393//2393 2348//2348 2391//2391
f 2366//2366 2365//2365 2394//2394
f 2366//2366 2394//2394 2395//2395
f 2395//2395 2394//2394 2396//2396
f 2395//2395 2396//2396 2397//2397
f 2398//2398 2395//2395 2397//2397
f 2398//2398 2397//2397 2399//2399
f 2356//2356 2366//2366 2395//2395
f 2356//2356 2395//2395 2398//2398
f 2371//2371 2372//2372 2400//2400
f 2371//2371 2400//2400 2401//2401
f 2401//2401 2400//2400 2402//2402
f 2401//2401 2402//2402 2403//2403
f 2394//2394 2401//2401 2403//2403
f 2394//2394 2403//2403 2396//2396
f 2365//2365 2371//2371 2401//2401
f 2365//2365 2401//2401 2394//2394
f 2378//2378 2377//2377 2404//2404
f 2378//2378 2404//2404 2405//2405
f 2406//2406 2405//2405 2404//2404
f 2406//2406 2404//2404 2407//2407
f 2400//2400 2405//2405 2406//2406
f 2400//2400 2406//2406 2402//2402
f 2372//2372 2378//2378 2405//2405
f 2372//2372 2405//2405 2400//2400
f 2408//2408 2409//2409 2410//2410
f 2408//2408 2410//2410 2411//2411
f 2411//2411 2410//2410 2407//2407
f 2411//2411 2407//2407 2404//2404
f 2382//2382 2411//2411 2404//2404
f 2382//2382 2404//2404 2377//2377
f 2381//2381 2408//2408 2411//2411
f 2381//2381 2411//2411 2382//2382
f 2412//2412 2413//2413 2409//2409
f 2412//2412 2409//2409 2408//2408
f 2386//2386 2412//2412 2408//2408
f 2386//2386 2408//2408 2381//2381
f 2390//2390 2414//2414 2412//2412
f 2390//2390 2412//2412 2386//2386
f 2414//2414 2415//2415 2413//2413
f 2414//2414 2413//2413 2412//2412
f 2416//2416 2417//2417 2418//2418
f 2416//2416 2418//2418 2419//2419
f 2419//2419 2418//2418 2415//2415
f 2419//2419 2415//2415 2414//2414
f 2420//2420 2419//2419 2414//2414
f 2420//2420 2414//2414 2390//2390
f 2421//2421 2416//2416 2419//2419
f 2421//2421 2419//2419 2420//2420
f 2422//2422 2417//2417 2416//2416
f 2422//2422 2416//2416 2423//2423
f 2423//2423 2416//2416 2421//2421
f 2423//2423 2421//2421 2424//2424
f 2425//2425 2423//2423 2424//2424
f 2425//2425 2424//2424 2426//2426
f 2427//2427 2422//2422 2423//2423
f 2427//2427 2423//2423 2425//2425
f 2428//2428 2398//2398 2399//2399
f 2428//2428 2399//2399 2429//2429
f 2425//2425 2428//2428 2429//2429
f 2425//2425 2429//2429 2427//2427
f 2426//2426 2430//2430 2428//2428
f 2426//2426 2428//2428 2425//2425
f 2430//2430 2356//2356 2398//2398
f 2430//2430 2398//2398 2428//2428
f 2431//2431 2350//2350 2351//2351
f 2431//2431 2351//2351 2432//2432
f 2433//2433 2431//2431 2432//2432
f 2433//2433 2432//2432 2434//2434
f 2435//2435 2436//2436 2431//2431
f 2435//2435 2431//2431 2433//2433
f 2436//2436 2352//2352 2350//2350
f 2436//2436 2350//2350 2431//2431
f 2437//2437 2438//2438 2360//2360
f 2437//2437 2360//2360 2359//2359
f 2436//2436 2437//2437 2359//2359
f 2436//2436 2359//2359 2352//2352
f 2435//2435 2439//2439 2437//2437
f 2435//2435 2437//2437 2436//2436
f 2439//2439 2440//2440 2438//2438
f 2439//2439 2438//2438 2437//2437
f 2441//2441 2442//2442 2443//2443
f 2441//2441 2443//2443 2444//2444
f 2444//2444 2443//2443 2362//2362
f 2444//2444 2362//2362 2361//2361
f 2438//2438 2444//2444 2361//2361
f 2438//2438 2361//2361 2360//2360
f 2440//2440 2441//2441 2444//2444
f 2440//2440 2444//2444 2438//2438
f 2445//2445 2446//2446 2447//2447
f 2445//2445 2447//2447 2448//2448
f 2448//2448 2447//2447 2369//2369
f 2448//2448 2369//2369 2368//2368
f 2443//2443 2448//2448 2368//2368
f 2443//2443 2368//2368 2362//2362
f 2442//2442 2445//2445 2448//2448
f 2442//2442 2448//2448 2443//2443
f 2449//2449 2450//2450 2451//2451
f 2449//2449 2451//2451 2452//2452
f 2452//2452 2451//2451 2374//2374
f 2452//2452 2374//2374 2373//2373
f 2447//2447 2452//2452 2373//2373
f 2447//2447 2373//2373 2369//2369
f 2446//2446 2449//2449 2452//2452
f 2446//2446 2452//2452 2447//2447
f 2453//2453 2384//2384 2383//2383
f 2453//2453 2383//2383 2454//2454
f 2451//2451 2454//2454 2383//2383
f 2451//2451 2383//2383 2374//2374
f 2450//2450 2455//2455 2454//2454
f 2450//2450 2454//2454 2451//2451
f 2455//2455 2456//2456 2453//2453
f 2455//2455 2453//2453 2454//2454
f 2457//2457 2387//2387 2384//2384
f 2457//2457 2384//2384 2453//2453
f 2457//2457 2453//2453 2456//2456
f 2457//2457 2456//2456 2458//2458
f 2459//2459 2460//2460 2457//2457
f 2459//2459 2457//2457 2458//2458
f 2460//2460 2389//2389 2387//2387
f 2460//2460 2387//2387 2457//2457
f 2432//2432 2351//2351 2393//2393
f 2432//2432 2393//2393 2461//2461
f 2461//2461 2393//2393 2389//2389
f 2461//2461 2389//2389 2460//2460
f 2462//2462 2461//2461 2460//2460
f 2462//2462 2460//2460 2459//2459
f 2434//2434 2432//2432 2461//2461
f 2434//2434 2461//2461 2462//2462
f 2463//2463 2464//2464 2465//2465
f 2463//2463 2465//2465 2466//2466
f 2463//2463 2466//2466 2467//2467
f 2463//2463 2467//2467 2468//2468
f 2418//2418 2463//2463 2468//2468
f 2418//2418 2468//2468 2415//2415
f 2418//2418 2417//2417 2464//2464
f 2418//2418 2464//2464 2463//2463
f 2469//2469 2465//2465 2464//2464
f 2469//2469 2464//2464 2470//2470
f 2470//2470 2464//2464 2417//2417
f 2470//2470 2417//2417 2422//2422
f 2471//2471 2470//2470 2422//2422
f 2471//2471 2422//2422 2427//2427
f 2472//2472 2469//2469 2470//2470
f 2472//2472 2470//2470 2471//2471
f 2473//2473 2474//2474 2475//2475
f 2473//2473 2475//2475 2476//2476
f 2471//2471 2473//2473 2476//2476
f 2471//2471 2476//2476 2472//2472
f 2427//2427 2429//2429 2473//2473
f 2427//2427 2473//2473 2471//2471
f 2429//2429 2399//2399 2474//2474
f 2429//2429 2474//2474 2473//2473
f 2477//2477 2397//2397 2396//2396
f 2477//2477 2396//2396 2478//2478
f 2479//2479 2477//2477 2478//2478
f 2479//2479 2478//2478 2480//2480
f 2474//2474 2477//2477 2479//2479
f 2474//2474 2479//2479 2475//2475
f 2399//2399 2397//2397 2477//2477
f 2399//2399 2477//2477 2474//2474
f 2481//2481 2403//2403 2402//2402
f 2481//2481 2402//2402 2482//2482
f 2483//2483 2481//2481 2482//2482
f 2483//2483 2482//2482 2484//2484
f 2480//2480 2478//2478 2481//2481
f 2480//2480 2481//2481 2483//2483
f 2478//2478 2396//2396 2403//2403
f 2478//2478 2403//2403 2481//2481
f 2485//2485 2406//2406 2407//2407
f 2485//2485 2407//2407 2486//2486
f 2487//2487 2485//2485 2486//2486
f 2487//2487 2486//2486 2488//2488
f 2484//2484 2482//2482 2485//2485
f 2484//2484 2485//2485 2487//2487
f 2482//2482 2402//2402 2406//2406
f 2482//2482 2406//2406 2485//2485
f 2489//2489 2490//2490 2491//2491
f 2489//2489 2491//2491 2492//2492
f 2492//2492 2491//2491 2488//2488
f 2492//2492 2488//2488 2486//2486
f 2410//2410 2492//2492 2486//2486
f 2410//2410 2486//2486 2407//2407
f 2409//2409 2489//2489 2492//2492
f 2409//2409 2492//2492 2410//2410
f 2493//2493 2494//2494 2490//2490
f 2493//2493 2490//2490 2489//2489
f 2413//2413 2493//2493 2489//2489
f 2413//2413 2489//2489 2409//2409
f 2415//2415 2468//2468 2493//2493
f 2415//2415 2493//2493 2413//2413
f 2468//2468 2467//2467 2494//2494
f 2468//2468 2494//2494 2493//2493
f 2495//2495 2324//2324 2323//2323
f 2495//2495 2323//2323 2496//2496
f 2496//2496 2323//2323 2319//2319
f 2496//2496 2319//2319 2497//2497
f 2466//2466 2496//2496 2497//2497
f 2466//2466 2497//2497 2467//2467
f 2465//2465 2495//2495 2496//2496
f 2465//2465 2496//2496 2466//2466
f 2339//2339 2324//2324 2495//2495
f 2339//2339 2495//2495 2498//2498
f 2498//2498 2495//2495 2465//2465
f 2498//2498 2465//2465 2469//2469
f 2499//2499 2498//2498 2469//2469
f 2499//2499 2469//2469 2472//2472
f 2341//2341 2339//2339 2498//2498
f 2341//2341 2498//2498 2499//2499
f 2500//2500 2501//2501 2333//2333
f 2500//2500 2333//2333 2345//2345
f 2499//2499 2500//2500 2345//2345
f 2499//2499 2345//2345 2341//2341
f 2472//2472 2476//2476 2500//2500
f 2472//2472 2500//2500 2499//2499
f 2476//2476 2475//2475 2501//2501
f 2476//2476 2501//2501 2500//2500
f 2502//2502 2479//2479 2480//2480
f 2502//2502 2480//2480 2503//2503
f 2326//2326 2502//2502 2503//2503
f 2326//2326 2503//2503 2327//2327
f 2501//2501 2502//2502 2326//2326
f 2501//2501 2326//2326 2333//2333
f 2475//2475 2479//2479 2502//2502
f 2475//2475 2502//2502 2501//2501
f 2504//2504 2483//2483 2484//2484
f 2504//2504 2484//2484 2505//2505
f 2335//2335 2504//2504 2505//2505
f 2335//2335 2505//2505 2312//2312
f 2327//2327 2503//2503 2504//2504
f 2327//2327 2504//2504 2335//2335
f 2503//2503 2480//2480 2483//2483
f 2503//2503 2483//2483 2504//2504
f 2506//2506 2487//2487 2488//2488
f 2506//2506 2488//2488 2507//2507
f 2308//2308 2506//2506 2507//2507
f 2308//2308 2507//2507 2309//2309
f 2312//2312 2505//2505 2506//2506
f 2312//2312 2506//2506 2308//2308
f 2505//2505 2484//2484 2487//2487
f 2505//2505 2487//2487 2506//2506
f 2508//2508 2316//2316 2315//2315
f 2508//2508 2315//2315 2509//2509
f 2509//2509 2315//2315 2309//2309
f 2509//2509 2309//2309 2507//2507
f 2491//2491 2509//2509 2507//2507
f 2491//2491 2507//2507 2488//2488
f 2490//2490 2508//2508 2509//2509
f 2490//2490 2509//2509 2491//2491
f 2510//2510 2318//2318 2316//2316
f 2510//2510 2316//2316 2508//2508
f 2494//2494 2510//2510 2508//2508
f 2494//2494 2508//2508 2490//2490
f 2467//2467 2497//2497 2510//2510
f 2467//2467 2510//2510 2494//2494
f 2497//2497 2319//2319 2318//2318
f 2497//2497 2318//2318 2510//2510
f 2511//2511 2512//2512 2513//2513
f 2511//2511 2513//2513 2514//2514
f 2420//2420 2511//2511 2514//2514
f 2420//2420 2514//2514 2421//2421
f 2390//2390 2392//2392 2511//2511
f 2390//2390 2511//2511 2420//2420
f 2392//2392 2347//2347 2512//2512
f 2392//2392 2512//2512 2511//2511
f 2424//2424 2421//2421 2514//2514
f 2424//2424 2514//2514 2515//2515
f 2515//2515 2514//2514 2513//2513
f 2515//2515 2513//2513 2516//2516
f 2517//2517 2515//2515 2516//2516
f 2517//2517 2516//2516 2518//2518
f 2426//2426 2424//2424 2515//2515
f 2426//2426 2515//2515 2517//2517
f 2357//2357 2356//2356 2430//2430
f 2357//2357 2430//2430 2519//2519
f 2517//2517 2519//2519 2430//2430
f 2517//2517 2430//2430 2426//2426
f 2518//2518 2520//2520 2519//2519
f 2518//2518 2519//2519 2517//2517
f 2354//2354 2357//2357 2519//2519
f 2354//2354 2519//2519 2520//2520
f 2521//2521 2516//2516 2513//2513
f 2521//2521 2513//2513 2512//2512
f 2521//2521 2512//2512 2347//2347
f 2521//2521 2347//2347 2346//2346
f 2520//2520 2521//2521 2346//2346
f 2520//2520 2346//2346 2354//2354
f 2518//2518 2516//2516 2521//2521
f 2518//2518 2521//2521 2520//2520
f 2522//2522 2228//2228 2227//2227
f 2522//2522 2227//2227 2523//2523
f 2523//2523 2227//2227 2224//2224
f 2523//2523 2224//2224 2271//2271
f 2524//2524 2523//2523 2271//2271
f 2524//2524 2271//2271 2274//2274
f 2525//2525 2522//2522 2523//2523
f 2525//2525 2523//2523 2524//2524
f 2526//2526 2525//2525 2524//2524
f 2526//2526 2524//2524 2527//2527
f 2527//2527 2524//2524 2274//2274
f 2527//2527 2274//2274 2528//2528
f 2529//2529 2527//2527 2528//2528
f 2529//2529 2528//2528 2530//2530
f 2531//2531 2526//2526 2527//2527
f 2531//2531 2527//2527 2529//2529
f 2528//2528 2274//2274 2273//2273
f 2528//2528 2273//2273 2532//2532
f 2532//2532 2273//2273 2270//2270
f 2532//2532 2270//2270 2533//2533
f 2534//2534 2535//2535 2532//2532
f 2534//2534 2532//2532 2533//2533
f 2530//2530 2528//2528 2532//2532
f 2530//2530 2532//2532 2535//2535
f 2533//2533 2270//2270 2269//2269
f 2533//2533 2269//2269 2536//2536
f 2536//2536 2269//2269 2266//2266
f 2536//2536 2266//2266 2537//2537
f 2538//2538 2539//2539 2536//2536
f 2538//2538 2536//2536 2537//2537
f 2539//2539 2534//2534 2533//2533
f 2539//2539 2533//2533 2536//2536
f 2537//2537 2266//2266 2265//2265
f 2537//2537 2265//2265 2540//2540
f 2540//2540 2265//2265 2262//2262
f 2540//2540 2262//2262 2541//2541
f 2542//2542 2543//2543 2540//2540
f 2542//2542 2540//2540 2541//2541
f 2543//2543 2538//2538 2537//2537
f 2543//2543 2537//2537 2540//2540
f 2544//2544 2258//2258 2257//2257
f 2544//2544 2257//2257 2545//2545
f 2545//2545 2257//2257 2254//2254
f 2545//2545 2254//2254 2546//2546
f 2547//2547 2545//2545 2546//2546
f 2547//2547 2546//2546 2548//2548
f 2549//2549 2544//2544 2545//2545
f 2549//2549 2545//2545 2547//2547
f 2541//2541 2262//2262 2261//2261
f 2541//2541 2261//2261 2550//2550
f 2550//2550 2261//2261 2258//2258
f 2550//2550 2258//2258 2544//2544
f 2551//2551 2550//2550 2544//2544
f 2551//2551 2544//2544 2549//2549
f 2542//2542 2541//2541 2550//2550
f 2542//2542 2550//2550 2551//2551
f 2552//2552 2553//2553 2554//2554
f 2552//2552 2554//2554 2555//2555
f 2556//2556 2552//2552 2555//2555
f 2556//2556 2555//2555 2557//2557
f 2558//2558 2559//2559 2552//2552
f 2558//2558 2552//2552 2556//2556
f 2559//2559 2560//2560 2553//2553
f 2559//2559 2553//2553 2552//2552
f 2561//2561 2562//2562 2563//2563
f 2561//2561 2563//2563 2564//2564
f 2564//2564 2563//2563 2560//2560
f 2564//2564 2560//2560 2559//2559
f 2565//2565 2564//2564 2559//2559
f 2565//2565 2559//2559 2558//2558
f 2565//2565 2566//2566 2561//2561
f 2565//2565 2561//2561 2564//2564
f 2567//2567 2568//2568 2569//2569
f 2567//2567 2569//2569 2570//2570
f 2561//2561 2567//2567 2570//2570
f 2561//2561 2570//2570 2562//2562
f 2566//2566 2571//2571 2567//2567
f 2566//2566 2567//2567 2561//2561
f 2571//2571 2572//2572 2568//2568
f 2571//2571 2568//2568 2567//2567
f 2573//2573 2574//2574 2575//2575
f 2573//2573 2575//2575 2576//2576
f 2568//2568 2573//2573 2576//2576
f 2568//2568 2576//2576 2569//2569
f 2572//2572 2577//2577 2573//2573
f 2572//2572 2573//2573 2568//2568
f 2577//2577 2578//2578 2574//2574
f 2577//2577 2574//2574 2573//2573
f 2579//2579 2580//2580 2581//2581
f 2579//2579 2581//2581 2582//2582
f 2574//2574 2579//2579 2582//2582
f 2574//2574 2582//2582 2575//2575
f 2578//2578 2583//2583 2579//2579
f 2578//2578 2579//2579 2574//2574
f 2583//2583 2584//2584 2580//2580
f 2583//2583 2580//2580 2579//2579
f 2585//2585 2586//2586 2587//2587
f 2585//2585 2587//2587 2588//2588
f 2580//2580 2585//2585 2588//2588
f 2580//2580 2588//2588 2581//2581
f 2584//2584 2589//2589 2585//2585
f 2584//2584 2585//2585 2580//2580
f 2589//2589 2590//2590 2586//2586
f 2589//2589 2586//2586 2585//2585
f 2591//2591 2592//2592 2593//2593
f 2591//2591 2593//2593 2594//2594
f 2586//2586 2591//2591 2594//2594
f 2586//2586 2594//2594 2587//2587
f 2590//2590 2595//2595 2591//2591
f 2590//2590 2591//2591 2586//2586
f 2595//2595 2596//2596 2592//2592
f 2595//2595 2592//2592 2591//2591
f 2304//2304 2305//2305 2597//2597
f 2304//2304 2597//2597 2598//2598
f 2598//2598 2597//2597 2548//2548
f 2598//2598 2548//2548 2546//2546
f 2252//2252 2598//2598 2546//2546
f 2252//2252 2546//2546 2254//2254
f 2253//2253 2304//2304 2598//2598
f 2253//2253 2598//2598 2252//2252
f 2599//2599 2600//2600 2601//2601
f 2599//2599 2601//2601 2602//2602
f 2602//2602 2601//2601 2557//2557
f 2602//2602 2557//2557 2555//2555
f 2603//2603 2602//2602 2555//2555
f 2603//2603 2555//2555 2554//2554
f 2342//2342 2599//2599 2602//2602
f 2342//2342 2602//2602 2603//2603
f 2604//2604 2605//2605 2606//2606
f 2604//2604 2606//2606 2607//2607
f 2607//2607 2606//2606 2600//2600
f 2607//2607 2600//2600 2599//2599
f 2343//2343 2607//2607 2599//2599
f 2343//2343 2599//2599 2342//2342
f 2343//2343 2331//2331 2604//2604
f 2343//2343 2604//2604 2607//2607
f 2608//2608 2609//2609 2330//2330
f 2608//2608 2330//2330 2336//2336
f 2288//2288 2608//2608 2336//2336
f 2288//2288 2336//2336 2283//2283
f 2289//2289 2610//2610 2608//2608
f 2289//2289 2608//2608 2288//2288
f 2610//2610 2611//2611 2609//2609
f 2610//2610 2609//2609 2608//2608
f 2612//2612 2329//2329 2330//2330
f 2612//2612 2330//2330 2609//2609
f 2612//2612 2609//2609 2611//2611
f 2612//2612 2611//2611 2613//2613
f 2614//2614 2615//2615 2612//2612
f 2614//2614 2612//2612 2613//2613
f 2615//2615 2331//2331 2329//2329
f 2615//2615 2329//2329 2612//2612
f 2615//2615 2614//2614 2616//2616
f 2615//2615 2616//2616 2617//2617
f 2617//2617 2616//2616 2618//2618
f 2617//2617 2618//2618 2619//2619
f 2604//2604 2617//2617 2619//2619
f 2604//2604 2619//2619 2605//2605
f 2331//2331 2615//2615 2617//2617
f 2331//2331 2617//2617 2604//2604
f 2620//2620 2531//2531 2529//2529
f 2620//2620 2529//2529 2621//2621
f 2621//2621 2529//2529 2530//2530
f 2621//2621 2530//2530 2622//2622
f 2623//2623 2624//2624 2621//2621
f 2623//2623 2621//2621 2622//2622
f 2624//2624 2625//2625 2620//2620
f 2624//2624 2620//2620 2621//2621
f 2626//2626 2622//2622 2530//2530
f 2626//2626 2530//2530 2535//2535
f 2627//2627 2626//2626 2535//2535
f 2627//2627 2535//2535 2534//2534
f 2628//2628 2629//2629 2626//2626
f 2628//2628 2626//2626 2627//2627
f 2629//2629 2623//2623 2622//2622
f 2629//2629 2622//2622 2626//2626
f 2630//2630 2627//2627 2534//2534
f 2630//2630 2534//2534 2539//2539
f 2631//2631 2630//2630 2539//2539
f 2631//2631 2539//2539 2538//2538
f 2632//2632 2633//2633 2630//2630
f 2632//2632 2630//2630 2631//2631
f 2633//2633 2628//2628 2627//2627
f 2633//2633 2627//2627 2630//2630
f 2634//2634 2631//2631 2538//2538
f 2634//2634 2538//2538 2543//2543
f 2635//2635 2634//2634 2543//2543
f 2635//2635 2543//2543 2542//2542
f 2636//2636 2637//2637 2634//2634
f 2636//2636 2634//2634 2635//2635
f 2637//2637 2632//2632 2631//2631
f 2637//2637 2631//2631 2634//2634
f 2638//2638 2635//2635 2542//2542
f 2638//2638 2542//2542 2551//2551
f 2638//2638 2551//2551 2549//2549
f 2638//2638 2549//2549 2639//2639
f 2640//2640 2638//2638 2639//2639
f 2640//2640 2639//2639 2641//2641
f 2640//2640 2636//2636 2635//2635
f 2640//2640 2635//2635 2638//2638
f 2639//2639 2549//2549 2547//2547
f 2639//2639 2547//2547 2642//2642
f 2642//2642 2547//2547 2548//2548
f 2642//2642 2548//2548 2643//2643
f 2644//2644 2642//2642 2643//2643
f 2644//2644 2643//2643 2645//2645
f 2641//2641 2639//2639 2642//2642
f 2641//2641 2642//2642 2644//2644
f 2643//2643 2548//2548 2597//2597
f 2643//2643 2597//2597 2646//2646
f 2646//2646 2597//2597 2305//2305
f 2646//2646 2305//2305 2647//2647
f 2648//2648 2646//2646 2647//2647
f 2648//2648 2647//2647 2649//2649
f 2645//2645 2643//2643 2646//2646
f 2645//2645 2646//2646 2648//2648
f 2594//2594 2593//2593 2650//2650
f 2594//2594 2650//2650 2651//2651
f 2651//2651 2650//2650 2625//2625
f 2651//2651 2625//2625 2624//2624
f 2652//2652 2651//2651 2624//2624
f 2652//2652 2624//2624 2623//2623
f 2587//2587 2594//2594 2651//2651
f 2587//2587 2651//2651 2652//2652
f 2653//2653 2652//2652 2623//2623
f 2653//2653 2623//2623 2629//2629
f 2654//2654 2653//2653 2629//2629
f 2654//2654 2629//2629 2628//2628
f 2581//2581 2588//2588 2653//2653
f 2581//2581 2653//2653 2654//2654
f 2588//2588 2587//2587 2652//2652
f 2588//2588 2652//2652 2653//2653
f 2655//2655 2654//2654 2628//2628
f 2655//2655 2628//2628 2633//2633
f 2656//2656 2655//2655 2633//2633
f 2656//2656 2633//2633 2632//2632
f 2575//2575 2582//2582 2655//2655
f 2575//2575 2655//2655 2656//2656
f 2582//2582 2581//2581 2654//2654
f 2582//2582 2654//2654 2655//2655
f 2657//2657 2656//2656 2632//2632
f 2657//2657 2632//2632 2637//2637
f 2658//2658 2657//2657 2637//2637
f 2658//2658 2637//2637 2636//2636
f 2569//2569 2576//2576 2657//2657
f 2569//2569 2657//2657 2658//2658
f 2576//2576 2575//2575 2656//2656
f 2576//2576 2656//2656 2657//2657
f 2659//2659 2658//2658 2636//2636
f 2659//2659 2636//2636 2640//2640
f 2659//2659 2640//2640 2641//2641
f 2659//2659 2641//2641 2660//2660
f 2570//2570 2659//2659 2660//2660
f 2570//2570 2660//2660 2562//2562
f 2570//2570 2569//2569 2658//2658
f 2570//2570 2658//2658 2659//2659
f 2660//2660 2641//2641 2644//2644
f 2660//2660 2644//2644 2661//2661
f 2661//2661 2644//2644 2645//2645
f 2661//2661 2645//2645 2662//2662
f 2563//2563 2661//2661 2662//2662
f 2563//2563 2662//2662 2560//2560
f 2562//2562 2660//2660 2661//2661
f 2562//2562 2661//2661 2563//2563
f 2662//2662 2645//2645 2648//2648
f 2662//2662 2648//2648 2663//2663
f 2663//2663 2648//2648 2649//2649
f 2663//2663 2649//2649 2664//2664
f 2553//2553 2663//2663 2664//2664
f 2553//2553 2664//2664 2554//2554
f 2560//2560 2662//2662 2663//2663
f 2560//2560 2663//2663 2553//2553
f 2665//2665 2664//2664 2649//2649
f 2665//2665 2649//2649 2647//2647
f 2337//2337 2665//2665 2647//2647
f 2337//2337 2647//2647 2305//2305
f 2603//2603 2665//2665 2337//2337
f 2603//2603 2337//2337 2342//2342
f 2554//2554 2664//2664 2665//2665
f 2554//2554 2665//2665 2603//2603
f 2666//2666 2667//2667 2668//2668
f 2666//2666 2668//2668 2669//2669
f 2669//2669 2668//2668 2670//2670
f 2669//2669 2670//2670 2671//2671
f 2672//2672 2669//2669 2671//2671
f 2672//2672 2671//2671 2673//2673
f 2674//2674 2666//2666 2669//2669
f 2674//2674 2669//2669 2672//2672
f 2675//2675 2670//2670 2676//2676
f 2675//2675 2676//2676 2677//2677
f 2678//2678 2677//2677 2676//2676
f 2678//2678 2676//2676 2679//2679
f 2680//2680 2677//2677 2678//2678
f 2680//2680 2678//2678 2681//2681
f 2682//2682 2675//2675 2677//2677
f 2682//2682 2677//2677 2680//2680
f 2683//2683 2684//2684 2685//2685
f 2683//2683 2685//2685 2686//2686
f 2687//2687 2683//2683 2686//2686
f 2687//2687 2686//2686 2688//2688
f 2668//2668 2683//2683 2687//2687
f 2668//2668 2687//2687 2670//2670
f 2667//2667 2684//2684 2683//2683
f 2667//2667 2683//2683 2668//2668
f 2689//2689 2687//2687 2688//2688
f 2689//2689 2688//2688 2690//2690
f 2691//2691 2689//2689 2690//2690
f 2691//2691 2690//2690 2692//2692
f 2679//2679 2676//2676 2689//2689
f 2679//2679 2689//2689 2691//2691
f 2676//2676 2670//2670 2687//2687
f 2676//2676 2687//2687 2689//2689
f 2693//2693 2694//2694 2596//2596
f 2693//2693 2596//2596 2595//2595
f 2695//2695 2693//2693 2595//2595
f 2695//2695 2595//2595 2590//2590
f 2688//2688 2686//2686 2693//2693
f 2688//2688 2693//2693 2695//2695
f 2686//2686 2685//2685 2694//2694
f 2686//2686 2694//2694 2693//2693
f 2696//2696 2695//2695 2590//2590
f 2696//2696 2590//2590 2589//2589
f 2697//2697 2696//2696 2589//2589
f 2697//2697 2589//2589 2584//2584
f 2692//2692 2690//2690 2696//2696
f 2692//2692 2696//2696 2697//2697
f 2690//2690 2688//2688 2695//2695
f 2690//2690 2695//2695 2696//2696
f 2556//2556 2698//2698 2699//2699
f 2556//2556 2699//2699 2558//2558
f 2698//2698 2556//2556 2557//2557
f 2698//2698 2557//2557 2700//2700
f 2701//2701 2698//2698 2700//2700
f 2701//2701 2700//2700 2702//2702
f 2703//2703 2699//2699 2698//2698
f 2703//2703 2698//2698 2701//2701
f 2700//2700 2557//2557 2601//2601
f 2700//2700 2601//2601 2704//2704
f 2704//2704 2601//2601 2600//2600
f 2704//2704 2600//2600 2705//2705
f 2706//2706 2704//2704 2705//2705
f 2706//2706 2705//2705 2707//2707
f 2702//2702 2700//2700 2704//2704
f 2702//2702 2704//2704 2706//2706
f 2708//2708 2705//2705 2600//2600
f 2708//2708 2600//2600 2606//2606
f 2709//2709 2708//2708 2606//2606
f 2709//2709 2606//2606 2605//2605
f 2710//2710 2711//2711 2708//2708
f 2710//2710 2708//2708 2709//2709
f 2711//2711 2707//2707 2705//2705
f 2711//2711 2705//2705 2708//2708
f 2709//2709 2605//2605 2619//2619
f 2709//2709 2619//2619 2712//2712
f 2712//2712 2619//2619 2618//2618
f 2712//2712 2618//2618 2713//2713
f 2714//2714 2712//2712 2713//2713
f 2714//2714 2713//2713 2715//2715
f 2710//2710 2709//2709 2712//2712
f 2710//2710 2712//2712 2714//2714
f 2716//2716 2584//2584 2583//2583
f 2716//2716 2583//2583 2717//2717
f 2717//2717 2583//2583 2578//2578
f 2717//2717 2578//2578 2718//2718
f 2719//2719 2716//2716 2717//2717
f 2719//2719 2717//2717 2718//2718
f 2718//2718 2578//2578 2577//2577
f 2718//2718 2577//2577 2720//2720
f 2721//2721 2720//2720 2577//2577
f 2721//2721 2577//2577 2572//2572
f 2722//2722 2723//2723 2720//2720
f 2722//2722 2720//2720 2721//2721
f 2723//2723 2719//2719 2718//2718
f 2723//2723 2718//2718 2720//2720
f 2724//2724 2566//2566 2565//2565
f 2724//2724 2565//2565 2725//2725
f 2726//2726 2725//2725 2565//2565
f 2726//2726 2565//2565 2558//2558
f 2727//2727 2725//2725 2726//2726
f 2727//2727 2726//2726 2728//2728
f 2729//2729 2724//2724 2725//2725
f 2729//2729 2725//2725 2727//2727
f 2730//2730 2721//2721 2572//2572
f 2730//2730 2572//2572 2571//2571
f 2724//2724 2730//2730 2571//2571
f 2724//2724 2571//2571 2566//2566
f 2731//2731 2730//2730 2724//2724
f 2731//2731 2724//2724 2729//2729
f 2731//2731 2722//2722 2721//2721
f 2731//2731 2721//2721 2730//2730
f 2732//2732 2726//2726 2558//2558
f 2732//2732 2558//2558 2699//2699
f 2733//2733 2732//2732 2699//2699
f 2733//2733 2699//2699 2703//2703
f 2734//2734 2735//2735 2732//2732
f 2734//2734 2732//2732 2733//2733
f 2735//2735 2728//2728 2726//2726
f 2735//2735 2726//2726 2732//2732
f 2736//2736 2703//2703 2701//2701
f 2736//2736 2701//2701 2737//2737
f 2737//2737 2701//2701 2702//2702
f 2737//2737 2702//2702 2738//2738
f 2739//2739 2736//2736 2737//2737
f 2739//2739 2737//2737 2738//2738
f 2740//2740 2691//2691 2692//2692
f 2740//2740 2692//2692 2741//2741
f 2742//2742 2740//2740 2741//2741
f 2742//2742 2741//2741 2743//2743
f 2744//2744 2745//2745 2740//2740
f 2744//2744 2740//2740 2742//2742
f 2745//2745 2679//2679 2691//2691
f 2745//2745 2691//2691 2740//2740
f 2746//2746 2742//2742 2743//2743
f 2746//2746 2743//2743 2747//2747
f 2748//2748 2746//2746 2747//2747
f 2748//2748 2747//2747 2749//2749
f 2750//2750 2751//2751 2746//2746
f 2750//2750 2746//2746 2748//2748
f 2751//2751 2744//2744 2742//2742
f 2751//2751 2742//2742 2746//2746
f 2752//2752 2753//2753 2754//2754
f 2752//2752 2754//2754 2755//2755
f 2756//2756 2752//2752 2755//2755
f 2756//2756 2755//2755 2757//2757
f 2758//2758 2752//2752 2756//2756
f 2758//2758 2756//2756 2759//2759
f 2758//2758 2760//2760 2753//2753
f 2758//2758 2753//2753 2752//2752
f 2761//2761 2748//2748 2749//2749
f 2761//2761 2749//2749 2762//2762
f 2763//2763 2761//2761 2762//2762
f 2763//2763 2762//2762 2754//2754
f 2764//2764 2765//2765 2761//2761
f 2764//2764 2761//2761 2763//2763
f 2765//2765 2750//2750 2748//2748
f 2765//2765 2748//2748 2761//2761
f 2766//2766 2757//2757 2767//2767
f 2766//2766 2767//2767 2768//2768
f 2768//2768 2767//2767 2769//2769
f 2768//2768 2769//2769 2770//2770
f 2771//2771 2768//2768 2770//2770
f 2771//2771 2770//2770 2772//2772
f 2771//2771 2773//2773 2766//2766
f 2771//2771 2766//2766 2768//2768
f 2770//2770 2769//2769 2774//2774
f 2770//2770 2774//2774 2775//2775
f 2775//2775 2774//2774 2776//2776
f 2775//2775 2776//2776 2777//2777
f 2778//2778 2775//2775 2777//2777
f 2778//2778 2777//2777 2779//2779
f 2772//2772 2770//2770 2775//2775
f 2772//2772 2775//2775 2778//2778
f 2780//2780 2697//2697 2584//2584
f 2780//2780 2584//2584 2716//2716
f 2781//2781 2780//2780 2716//2716
f 2781//2781 2716//2716 2719//2719
f 2743//2743 2741//2741 2780//2780
f 2743//2743 2780//2780 2781//2781
f 2741//2741 2692//2692 2697//2697
f 2741//2741 2697//2697 2780//2780
f 2782//2782 2781//2781 2719//2719
f 2782//2782 2719//2719 2723//2723
f 2783//2783 2782//2782 2723//2723
f 2783//2783 2723//2723 2722//2722
f 2749//2749 2747//2747 2782//2782
f 2749//2749 2782//2782 2783//2783
f 2747//2747 2743//2743 2781//2781
f 2747//2747 2781//2781 2782//2782
f 2784//2784 2783//2783 2722//2722
f 2784//2784 2722//2722 2731//2731
f 2785//2785 2784//2784 2731//2731
f 2785//2785 2731//2731 2729//2729
f 2754//2754 2762//2762 2784//2784
f 2754//2754 2784//2784 2785//2785
f 2762//2762 2749//2749 2783//2783
f 2762//2762 2783//2783 2784//2784
f 2785//2785 2729//2729 2727//2727
f 2785//2785 2727//2727 2786//2786
f 2786//2786 2727//2727 2728//2728
f 2786//2786 2728//2728 2787//2787
f 2755//2755 2786//2786 2787//2787
f 2755//2755 2787//2787 2757//2757
f 2755//2755 2754//2754 2785//2785
f 2755//2755 2785//2785 2786//2786
f 2787//2787 2728//2728 2735//2735
f 2787//2787 2735//2735 2788//2788
f 2788//2788 2735//2735 2734//2734
f 2788//2788 2734//2734 2789//2789
f 2767//2767 2788//2788 2789//2789
f 2767//2767 2789//2789 2769//2769
f 2757//2757 2787//2787 2788//2788
f 2757//2757 2788//2788 2767//2767
f 2789//2789 2734//2734 2790//2790
f 2789//2789 2790//2790 2791//2791
f 2791//2791 2790//2790 2792//2792
f 2791//2791 2792//2792 2793//2793
f 2774//2774 2791//2791 2793//2793
f 2774//2774 2793//2793 2776//2776
f 2769//2769 2789//2789 2791//2791
f 2769//2769 2791//2791 2774//2774
f 2794//2794 2795//2795 2764//2764
f 2794//2794 2764//2764 2763//2763
f 2753//2753 2794//2794 2763//2763
f 2753//2753 2763//2763 2754//2754
f 2760//2760 2796//2796 2794//2794
f 2760//2760 2794//2794 2753//2753
f 2796//2796 2797//2797 2795//2795
f 2796//2796 2795//2795 2794//2794
f 2798//2798 2766//2766 2773//2773
f 2798//2798 2773//2773 2799//2799
f 2800//2800 2798//2798 2799//2799
f 2800//2800 2799//2799 2801//2801
f 2759//2759 2756//2756 2798//2798
f 2759//2759 2798//2798 2800//2800
f 2756//2756 2757//2757 2766//2766
f 2756//2756 2766//2766 2798//2798
f 2802//2802 2803//2803 2797//2797
f 2802//2802 2797//2797 2796//2796
f 2758//2758 2802//2802 2796//2796
f 2758//2758 2796//2796 2760//2760
f 2800//2800 2802//2802 2758//2758
f 2800//2800 2758//2758 2759//2759
f 2801//2801 2803//2803 2802//2802
f 2801//2801 2802//2802 2800//2800
f 2804//2804 2805//2805 2744//2744
f 2804//2804 2744//2744 2751//2751
f 2806//2806 2804//2804 2751//2751
f 2806//2806 2751//2751 2750//2750
f 2807//2807 2808//2808 2804//2804
f 2807//2807 2804//2804 2806//2806
f 2808//2808 2809//2809 2805//2805
f 2808//2808 2805//2805 2804//2804
f 2810//2810 2811//2811 2801//2801
f 2810//2810 2801//2801 2799//2799
f 2810//2810 2799//2799 2773//2773
f 2810//2810 2773//2773 2812//2812
f 2813//2813 2810//2810 2812//2812
f 2813//2813 2812//2812 2814//2814
f 2813//2813 2815//2815 2811//2811
f 2813//2813 2811//2811 2810//2810
f 2816//2816 2806//2806 2750//2750
f 2816//2816 2750//2750 2765//2765
f 2817//2817 2816//2816 2765//2765
f 2817//2817 2765//2765 2764//2764
f 2818//2818 2819//2819 2816//2816
f 2818//2818 2816//2816 2817//2817
f 2819//2819 2807//2807 2806//2806
f 2819//2819 2806//2806 2816//2816
f 2812//2812 2773//2773 2771//2771
f 2812//2812 2771//2771 2820//2820
f 2820//2820 2771//2771 2772//2772
f 2820//2820 2772//2772 2821//2821
f 2822//2822 2820//2820 2821//2821
f 2822//2822 2821//2821 2823//2823
f 2814//2814 2812//2812 2820//2820
f 2814//2814 2820//2820 2822//2822
f 2821//2821 2772//2772 2778//2778
f 2821//2821 2778//2778 2824//2824
f 2824//2824 2778//2778 2779//2779
f 2824//2824 2779//2779 2825//2825
f 2826//2826 2824//2824 2825//2825
f 2826//2826 2825//2825 2827//2827
f 2823//2823 2821//2821 2824//2824
f 2823//2823 2824//2824 2826//2826
f 2817//2817 2764//2764 2795//2795
f 2817//2817 2795//2795 2828//2828
f 2828//2828 2795//2795 2797//2797
f 2828//2828 2797//2797 2829//2829
f 2830//2830 2828//2828 2829//2829
f 2830//2830 2829//2829 2831//2831
f 2830//2830 2818//2818 2817//2817
f 2830//2830 2817//2817 2828//2828
f 2829//2829 2797//2797 2803//2803
f 2829//2829 2803//2803 2832//2832
f 2832//2832 2803//2803 2801//2801
f 2832//2832 2801//2801 2811//2811
f 2815//2815 2833//2833 2832//2832
f 2815//2815 2832//2832 2811//2811
f 2831//2831 2829//2829 2832//2832
f 2831//2831 2832//2832 2833//2833
f 2834//2834 2835//2835 2776//2776
f 2834//2834 2776//2776 2793//2793
f 2836//2836 2834//2834 2793//2793
f 2836//2836 2793//2793 2792//2792
f 2837//2837 2834//2834 2836//2836
f 2837//2837 2836//2836 2838//2838
f 2837//2837 2839//2839 2835//2835
f 2837//2837 2835//2835 2834//2834
f 2840//2840 2841//2841 2779//2779
f 2840//2840 2779//2779 2777//2777
f 2835//2835 2840//2840 2777//2777
f 2835//2835 2777//2777 2776//2776
f 2839//2839 2842//2842 2840//2840
f 2839//2839 2840//2840 2835//2835
f 2842//2842 2843//2843 2841//2841
f 2842//2842 2841//2841 2840//2840
f 2844//2844 2845//2845 2827//2827
f 2844//2844 2827//2827 2825//2825
f 2841//2841 2844//2844 2825//2825
f 2841//2841 2825//2825 2779//2779
f 2843//2843 2846//2846 2844//2844
f 2843//2843 2844//2844 2841//2841
f 2846//2846 2847//2847 2845//2845
f 2846//2846 2845//2845 2844//2844
f 2848//2848 2849//2849 2850//2850
f 2848//2848 2850//2850 2851//2851
f 2738//2738 2848//2848 2851//2851
f 2738//2738 2851//2851 2739//2739
f 2706//2706 2848//2848 2738//2738
f 2706//2706 2738//2738 2702//2702
f 2707//2707 2849//2849 2848//2848
f 2707//2707 2848//2848 2706//2706
f 2852//2852 2853//2853 2809//2809
f 2852//2852 2809//2809 2808//2808
f 2854//2854 2852//2852 2808//2808
f 2854//2854 2808//2808 2807//2807
f 2855//2855 2856//2856 2852//2852
f 2855//2855 2852//2852 2854//2854
f 2681//2681 2853//2853 2852//2852
f 2681//2681 2852//2852 2856//2856
f 2857//2857 2854//2854 2807//2807
f 2857//2857 2807//2807 2819//2819
f 2858//2858 2857//2857 2819//2819
f 2858//2858 2819//2819 2818//2818
f 2859//2859 2860//2860 2857//2857
f 2859//2859 2857//2857 2858//2858
f 2860//2860 2855//2855 2854//2854
f 2860//2860 2854//2854 2857//2857
f 2861//2861 2678//2678 2679//2679
f 2861//2861 2679//2679 2745//2745
f 2805//2805 2861//2861 2745//2745
f 2805//2805 2745//2745 2744//2744
f 2809//2809 2853//2853 2861//2861
f 2809//2809 2861//2861 2805//2805
f 2853//2853 2681//2681 2678//2678
f 2853//2853 2678//2678 2861//2861
f 2862//2862 2863//2863 2815//2815
f 2862//2862 2815//2815 2813//2813
f 2864//2864 2862//2862 2813//2813
f 2864//2864 2813//2813 2814//2814
f 2865//2865 2866//2866 2862//2862
f 2865//2865 2862//2862 2864//2864
f 2866//2866 2867//2867 2863//2863
f 2866//2866 2863//2863 2862//2862
f 2868//2868 2864//2864 2814//2814
f 2868//2868 2814//2814 2822//2822
f 2868//2868 2822//2822 2823//2823
f 2868//2868 2823//2823 2869//2869
f 2870//2870 2871//2871 2868//2868
f 2870//2870 2868//2868 2869//2869
f 2871//2871 2865//2865 2864//2864
f 2871//2871 2864//2864 2868//2868
f 2869//2869 2823//2823 2826//2826
f 2869//2869 2826//2826 2872//2872
f 2845//2845 2872//2872 2826//2826
f 2845//2845 2826//2826 2827//2827
f 2847//2847 2873//2873 2872//2872
f 2847//2847 2872//2872 2845//2845
f 2873//2873 2870//2870 2869//2869
f 2873//2873 2869//2869 2872//2872
f 2874//2874 2858//2858 2818//2818
f 2874//2874 2818//2818 2830//2830
f 2874//2874 2830//2830 2831//2831
f 2874//2874 2831//2831 2875//2875
f 2876//2876 2874//2874 2875//2875
f 2876//2876 2875//2875 2877//2877
f 2859//2859 2858//2858 2874//2874
f 2859//2859 2874//2874 2876//2876
f 2875//2875 2831//2831 2833//2833
f 2875//2875 2833//2833 2878//2878
f 2878//2878 2833//2833 2815//2815
f 2878//2878 2815//2815 2863//2863
f 2879//2879 2878//2878 2863//2863
f 2879//2879 2863//2863 2867//2867
f 2877//2877 2875//2875 2878//2878
f 2877//2877 2878//2878 2879//2879
f 2880//2880 2881//2881 2867//2867
f 2880//2880 2867//2867 2866//2866
f 2882//2882 2880//2880 2866//2866
f 2882//2882 2866//2866 2865//2865
f 2883//2883 2884//2884 2880//2880
f 2883//2883 2880//2880 2882//2882
f 2884//2884 2885//2885 2881//2881
f 2884//2884 2881//2881 2880//2880
f 2886//2886 2882//2882 2865//2865
f 2886//2886 2865//2865 2871//2871
f 2887//2887 2886//2886 2871//2871
f 2887//2887 2871//2871 2870//2870
f 2888//2888 2889//2889 2886//2886
f 2888//2888 2886//2886 2887//2887
f 2889//2889 2883//2883 2882//2882
f 2889//2889 2882//2882 2886//2886
f 2890//2890 2891//2891 2892//2892
f 2890//2890 2892//2892 2893//2893
f 2887//2887 2893//2893 2892//2892
f 2887//2887 2892//2892 2888//2888
f 2870//2870 2873//2873 2893//2893
f 2870//2870 2893//2893 2887//2887
f 2847//2847 2890//2890 2893//2893
f 2847//2847 2893//2893 2873//2873
f 2894//2894 2895//2895 2885//2885
f 2894//2894 2885//2885 2884//2884
f 2896//2896 2894//2894 2884//2884
f 2896//2896 2884//2884 2883//2883
f 2897//2897 2898//2898 2894//2894
f 2897//2897 2894//2894 2896//2896
f 2898//2898 2899//2899 2895//2895
f 2898//2898 2895//2895 2894//2894
f 2900//2900 2896//2896 2883//2883
f 2900//2900 2883//2883 2901//2901
f 2902//2902 2900//2900 2901//2901
f 2902//2902 2901//2901 2903//2903
f 2904//2904 2905//2905 2900//2900
f 2904//2904 2900//2900 2902//2902
f 2905//2905 2897//2897 2896//2896
f 2905//2905 2896//2896 2900//2900
f 2906//2906 2902//2902 2903//2903
f 2906//2906 2903//2903 2907//2907
f 2906//2906 2907//2907 2908//2908
f 2906//2906 2908//2908 2909//2909
f 2910//2910 2911//2911 2906//2906
f 2910//2910 2906//2906 2909//2909
f 2911//2911 2904//2904 2902//2902
f 2911//2911 2902//2902 2906//2906
f 2912//2912 2891//2891 2913//2913
f 2912//2912 2913//2913 2914//2914
f 2914//2914 2913//2913 2915//2915
f 2914//2914 2915//2915 2916//2916
f 2917//2917 2914//2914 2916//2916
f 2917//2917 2916//2916 2918//2918
f 2908//2908 2912//2912 2914//2914
f 2908//2908 2914//2914 2917//2917
f 2919//2919 2910//2910 2909//2909
f 2919//2919 2909//2909 2920//2920
f 2917//2917 2920//2920 2909//2909
f 2917//2917 2909//2909 2908//2908
f 2918//2918 2921//2921 2920//2920
f 2918//2918 2920//2920 2917//2917
f 2921//2921 2922//2922 2919//2919
f 2921//2921 2919//2919 2920//2920
f 2916//2916 2915//2915 2923//2923
f 2916//2916 2923//2923 2924//2924
f 2924//2924 2923//2923 2925//2925
f 2924//2924 2925//2925 2926//2926
f 2927//2927 2924//2924 2926//2926
f 2927//2927 2926//2926 2928//2928
f 2918//2918 2916//2916 2924//2924
f 2918//2918 2924//2924 2927//2927
f 2929//2929 2930//2930 2922//2922
f 2929//2929 2922//2922 2921//2921
f 2927//2927 2929//2929 2921//2921
f 2927//2927 2921//2921 2918//2918
f 2928//2928 2931//2931 2929//2929
f 2928//2928 2929//2929 2927//2927
f 2931//2931 2932//2932 2930//2930
f 2931//2931 2930//2930 2929//2929
f 2933//2933 2934//2934 2839//2839
f 2933//2933 2839//2839 2837//2837
f 2933//2933 2837//2837 2838//2838
f 2933//2933 2838//2838 2935//2935
f 2936//2936 2933//2933 2935//2935
f 2936//2936 2935//2935 2850//2850
f 2937//2937 2934//2934 2933//2933
f 2937//2937 2933//2933 2936//2936
f 2938//2938 2939//2939 2843//2843
f 2938//2938 2843//2843 2842//2842
f 2934//2934 2938//2938 2842//2842
f 2934//2934 2842//2842 2839//2839
f 2937//2937 2940//2940 2938//2938
f 2937//2937 2938//2938 2934//2934
f 2940//2940 2941//2941 2939//2939
f 2940//2940 2939//2939 2938//2938
f 2942//2942 2847//2847 2846//2846
f 2942//2942 2846//2846 2943//2943
f 2939//2939 2943//2943 2846//2846
f 2939//2939 2846//2846 2843//2843
f 2941//2941 2944//2944 2943//2943
f 2941//2941 2943//2943 2939//2939
f 2945//2945 2942//2942 2943//2943
f 2945//2945 2943//2943 2944//2944
f 2946//2946 2915//2915 2913//2913
f 2946//2946 2913//2913 2947//2947
f 2948//2948 2947//2947 2913//2913
f 2948//2948 2913//2913 2891//2891
f 2949//2949 2947//2947 2948//2948
f 2949//2949 2948//2948 2950//2950
f 2951//2951 2946//2946 2947//2947
f 2951//2951 2947//2947 2949//2949
f 2952//2952 2925//2925 2923//2923
f 2952//2952 2923//2923 2953//2953
f 2953//2953 2923//2923 2915//2915
f 2953//2953 2915//2915 2946//2946
f 2951//2951 2954//2954 2953//2953
f 2951//2951 2953//2953 2946//2946
f 2954//2954 2955//2955 2952//2952
f 2954//2954 2952//2952 2953//2953
f 2956//2956 2957//2957 2958//2958
f 2956//2956 2958//2958 2959//2959
f 2959//2959 2958//2958 2960//2960
f 2959//2959 2960//2960 2961//2961
f 2962//2962 2959//2959 2961//2961
f 2962//2962 2961//2961 2963//2963
f 2964//2964 2956//2956 2959//2959
f 2964//2964 2959//2959 2962//2962
f 2965//2965 2682//2682 2680//2680
f 2965//2965 2680//2680 2966//2966
f 2967//2967 2966//2966 2680//2680
f 2967//2967 2680//2680 2681//2681
f 2968//2968 2969//2969 2966//2966
f 2968//2968 2966//2966 2967//2967
f 2969//2969 2960//2960 2965//2965
f 2969//2969 2965//2965 2966//2966
f 2970//2970 2971//2971 2972//2972
f 2970//2970 2972//2972 2973//2973
f 2973//2973 2972//2972 2974//2974
f 2973//2973 2974//2974 2975//2975
f 2976//2976 2977//2977 2973//2973
f 2976//2976 2973//2973 2975//2975
f 2977//2977 2978//2978 2970//2970
f 2977//2977 2970//2970 2973//2973
f 2979//2979 2707//2707 2711//2711
f 2979//2979 2711//2711 2980//2980
f 2981//2981 2980//2980 2711//2711
f 2981//2981 2711//2711 2710//2710
f 2982//2982 2980//2980 2981//2981
f 2982//2982 2981//2981 2983//2983
f 2984//2984 2979//2979 2980//2980
f 2984//2984 2980//2980 2982//2982
f 2981//2981 2710//2710 2714//2714
f 2981//2981 2714//2714 2985//2985
f 2985//2985 2714//2714 2715//2715
f 2985//2985 2715//2715 2986//2986
f 2987//2987 2985//2985 2986//2986
f 2987//2987 2986//2986 2988//2988
f 2983//2983 2981//2981 2985//2985
f 2983//2983 2985//2985 2987//2987
f 2989//2989 2984//2984 2982//2982
f 2989//2989 2982//2982 2990//2990
f 2990//2990 2982//2982 2983//2983
f 2990//2990 2983//2983 2991//2991
f 2992//2992 2990//2990 2991//2991
f 2992//2992 2991//2991 2971//2971
f 2993//2993 2989//2989 2990//2990
f 2993//2993 2990//2990 2992//2992
f 2994//2994 2983//2983 2987//2987
f 2994//2994 2987//2987 2995//2995
f 2995//2995 2987//2987 2988//2988
f 2995//2995 2988//2988 2996//2996
f 2997//2997 2995//2995 2996//2996
f 2997//2997 2996//2996 2998//2998
f 2997//2997 2999//2999 2994//2994
f 2997//2997 2994//2994 2995//2995
f 3000//3000 2937//2937 2936//2936
f 3000//3000 2936//2936 3001//3001
f 3001//3001 2936//2936 2850//2850
f 3001//3001 2850//2850 2849//2849
f 2979//2979 3001//3001 2849//2849
f 2979//2979 2849//2849 2707//2707
f 2984//2984 3000//3000 3001//3001
f 2984//2984 3001//3001 2979//2979
f 3002//3002 3003//3003 2941//2941
f 3002//3002 2941//2941 2940//2940
f 3000//3000 3002//3002 2940//2940
f 3000//3000 2940//2940 2937//2937
f 2984//2984 2989//2989 3002//3002
f 2984//2984 3002//3002 3000//3000
f 2989//2989 2993//2993 3003//3003
f 2989//2989 3003//3003 3002//3002
f 3004//3004 2945//2945 2944//2944
f 3004//3004 2944//2944 3005//3005
f 3005//3005 2944//2944 2941//2941
f 3005//3005 2941//2941 3003//3003
f 2993//2993 3006//3006 3005//3005
f 2993//2993 3005//3005 3003//3003
f 3006//3006 3007//3007 3004//3004
f 3006//3006 3004//3004 3005//3005
f 3006//3006 2993//2993 2992//2992
f 3006//3006 2992//2992 3008//3008
f 3008//3008 2992//2992 2971//2971
f 3008//3008 2971//2971 2970//2970
f 3009//3009 3008//3008 2970//2970
f 3009//3009 2970//2970 2978//2978
f 3007//3007 3006//3006 3008//3008
f 3007//3007 3008//3008 3009//3009
f 3010//3010 2978//2978 3011//3011
f 3010//3010 3011//3011 3012//3012
f 3013//3013 3012//3012 3011//3011
f 3013//3013 3011//3011 3014//3014
f 3015//3015 3012//3012 3013//3013
f 3015//3015 3013//3013 3016//3016
f 3017//3017 3010//3010 3012//3012
f 3017//3017 3012//3012 3015//3015
f 3018//3018 3019//3019 3020//3020
f 3018//3018 3020//3020 3021//3021
f 3022//3022 3018//3018 3021//3021
f 3022//3022 3021//3021 3023//3023
f 3024//3024 3025//3025 3018//3018
f 3024//3024 3018//3018 3022//3022
f 3026//3026 3019//3019 3018//3018
f 3026//3026 3018//3018 3025//3025
f 3027//3027 3022//3022 3023//3023
f 3027//3027 3023//3023 3028//3028
f 3029//3029 3027//3027 3028//3028
f 3029//3029 3028//3028 3030//3030
f 3031//3031 3032//3032 3027//3027
f 3031//3031 3027//3027 3029//3029
f 3032//3032 3024//3024 3022//3022
f 3032//3032 3022//3022 3027//3027
f 3033//3033 3029//3029 3030//3030
f 3033//3033 3030//3030 3034//3034
f 3035//3035 3033//3033 3034//3034
f 3035//3035 3034//3034 3036//3036
f 3037//3037 3038//3038 3033//3033
f 3037//3037 3033//3033 3035//3035
f 3038//3038 3031//3031 3029//3029
f 3038//3038 3029//3029 3033//3033
f 3039//3039 3035//3035 3036//3036
f 3039//3039 3036//3036 3040//3040
f 3041//3041 3039//3039 3040//3040
f 3041//3041 3040//3040 3042//3042
f 3043//3043 3039//3039 3041//3041
f 3043//3043 3041//3041 3044//3044
f 3043//3043 3037//3037 3035//3035
f 3043//3043 3035//3035 3039//3039
f 3041//3041 3042//3042 3045//3045
f 3041//3041 3045//3045 3046//3046
f 3047//3047 3046//3046 3045//3045
f 3047//3047 3045//3045 3048//3048
f 3049//3049 3046//3046 3047//3047
f 3049//3049 3047//3047 3050//3050
f 3044//3044 3041//3041 3046//3046
f 3044//3044 3046//3046 3049//3049
f 3051//3051 3052//3052 3053//3053
f 3051//3051 3053//3053 3054//3054
f 3054//3054 3053//3053 3055//3055
f 3054//3054 3055//3055 3056//3056
f 3057//3057 3054//3054 3056//3056
f 3057//3057 3056//3056 3058//3058
f 3059//3059 3051//3051 3054//3054
f 3059//3059 3054//3054 3057//3057
f 3056//3056 3055//3055 3060//3060
f 3056//3056 3060//3060 3061//3061
f 3061//3061 3060//3060 3062//3062
f 3061//3061 3062//3062 3063//3063
f 3064//3064 3065//3065 3061//3061
f 3064//3064 3061//3061 3063//3063
f 3065//3065 3058//3058 3056//3056
f 3065//3065 3056//3056 3061//3061
f 3063//3063 3062//3062 3066//3066
f 3063//3063 3066//3066 3067//3067
f 3068//3068 3067//3067 3066//3066
f 3068//3068 3066//3066 3069//3069
f 3070//3070 3067//3067 3068//3068
f 3070//3070 3068//3068 3071//3071
f 3064//3064 3063//3063 3067//3067
f 3064//3064 3067//3067 3070//3070
f 3072//3072 3068//3068 3069//3069
f 3072//3072 3069//3069 3073//3073
f 3074//3074 3072//3072 3073//3073
f 3074//3074 3073//3073 3075//3075
f 3076//3076 3077//3077 3072//3072
f 3076//3076 3072//3072 3074//3074
f 3077//3077 3071//3071 3068//3068
f 3077//3077 3068//3068 3072//3072
f 3078//3078 3074//3074 3075//3075
f 3078//3078 3075//3075 3079//3079
f 3080//3080 3078//3078 3079//3079
f 3080//3080 3079//3079 3081//3081
f 3082//3082 3083//3083 3078//3078
f 3082//3082 3078//3078 3080//3080
f 3083//3083 3076//3076 3074//3074
f 3083//3083 3074//3074 3078//3078
f 3084//3084 2951//2951 2949//2949
f 3084//3084 2949//2949 3085//3085
f 3086//3086 3085//3085 2949//2949
f 3086//3086 2949//2949 2950//2950
f 3071//3071 3077//3077 3085//3085
f 3071//3071 3085//3085 3086//3086
f 3077//3077 3076//3076 3084//3084
f 3077//3077 3084//3084 3085//3085
f 3087//3087 3088//3088 2955//2955
f 3087//3087 2955//2955 2954//2954
f 3084//3084 3087//3087 2954//2954
f 3084//3084 2954//2954 2951//2951
f 3076//3076 3083//3083 3087//3087
f 3076//3076 3087//3087 3084//3084
f 3083//3083 3082//3082 3088//3088
f 3083//3083 3088//3088 3087//3087
f 3065//3065 3064//3064 3089//3089
f 3065//3065 3089//3089 3090//3090
f 3090//3090 3089//3089 3091//3091
f 3090//3090 3091//3091 3092//3092
f 3057//3057 3090//3090 3092//3092
f 3057//3057 3092//3092 3059//3059
f 3058//3058 3065//3065 3090//3090
f 3058//3058 3090//3090 3057//3057
f 3093//3093 3064//3064 3070//3070
f 3093//3093 3070//3070 3094//3094
f 3094//3094 3070//3070 3071//3071
f 3094//3094 3071//3071 3086//3086
f 2950//2950 3093//3093 3094//3094
f 2950//2950 3094//3094 3086//3086
f 3095//3095 3091//3091 3089//3089
f 3095//3095 3089//3089 3096//3096
f 3096//3096 3089//3089 3064//3064
f 3096//3096 3064//3064 3097//3097
f 3098//3098 3096//3096 3097//3097
f 3098//3098 3097//3097 3007//3007
f 3099//3099 3095//3095 3096//3096
f 3099//3099 3096//3096 3098//3098
f 3100//3100 2885//2885 2895//2895
f 3100//3100 2895//2895 3101//3101
f 3101//3101 2895//2895 2899//2899
f 3101//3101 2899//2899 3102//3102
f 3052//3052 3051//3051 3101//3101
f 3052//3052 3101//3101 3102//3102
f 3051//3051 3059//3059 3100//3100
f 3051//3051 3100//3100 3101//3101
f 3103//3103 3104//3104 3091//3091
f 3103//3103 3091//3091 3095//3095
f 3105//3105 3103//3103 3095//3095
f 3105//3105 3095//3095 3099//3099
f 2968//2968 3106//3106 3103//3103
f 2968//2968 3103//3103 3105//3105
f 3106//3106 3107//3107 3104//3104
f 3106//3106 3104//3104 3103//3103
f 3108//3108 3109//3109 2963//2963
f 3108//3108 2963//2963 2961//2961
f 3110//3110 3108//3108 2961//2961
f 3110//3110 2961//2961 2960//2960
f 3015//3015 3108//3108 3110//3110
f 3015//3015 3110//3110 3017//3017
f 3016//3016 3109//3109 3108//3108
f 3016//3016 3108//3108 3015//3015
f 3111//3111 2968//2968 2967//2967
f 3111//3111 2967//2967 3112//3112
f 2856//2856 3112//3112 2967//2967
f 2856//2856 2967//2967 2681//2681
f 2860//2860 3112//3112 2856//2856
f 2860//2860 2856//2856 2855//2855
f 2860//2860 2859//2859 3111//3111
f 2860//2860 3111//3111 3112//3112
f 3113//3113 3100//3100 3059//3059
f 3113//3113 3059//3059 3092//3092
f 3114//3114 3113//3113 3092//3092
f 3114//3114 3092//3092 3091//3091
f 2881//2881 3113//3113 3114//3114
f 2881//2881 3114//3114 2867//2867
f 2885//2885 3100//3100 3113//3113
f 2885//2885 3113//3113 2881//2881
f 3114//3114 3091//3091 3104//3104
f 3114//3114 3104//3104 3115//3115
f 3115//3115 3104//3104 3107//3107
f 3115//3115 3107//3107 3116//3116
f 2879//2879 3115//3115 3116//3116
f 2879//2879 3116//3116 2877//2877
f 2867//2867 3114//3114 3115//3115
f 2867//2867 3115//3115 2879//2879
f 3098//3098 3007//3007 3009//3009
f 3098//3098 3009//3009 3117//3117
f 3117//3117 3009//3009 2978//2978
f 3117//3117 2978//2978 3010//3010
f 3118//3118 3117//3117 3010//3010
f 3118//3118 3010//3010 3017//3017
f 3099//3099 3098//3098 3117//3117
f 3099//3099 3117//3117 3118//3118
f 3119//3119 3110//3110 2960//2960
f 3119//3119 2960//2960 2969//2969
f 3105//3105 3119//3119 2969//2969
f 3105//3105 2969//2969 2968//2968
f 3099//3099 3118//3118 3119//3119
f 3099//3099 3119//3119 3105//3105
f 3118//3118 3017//3017 3110//3110
f 3118//3118 3110//3110 3119//3119
f 3120//3120 3116//3116 3107//3107
f 3120//3120 3107//3107 3106//3106
f 3111//3111 3120//3120 3106//3106
f 3111//3111 3106//3106 2968//2968
f 2859//2859 2876//2876 3120//3120
f 2859//2859 3120//3120 3111//3111
f 2876//2876 2877//2877 3116//3116
f 2876//2876 3116//3116 3120//3120
f 2251//2251 2250//2250 3121//3121
f 2251//2251 3121//3121 3122//3122
f 3122//3122 3121//3121 2245//2245
f 3122//3122 2245//2245 3123//3123
f 2306//2306 3122//3122 3123//3123
f 2306//2306 3123//3123 2301//2301
f 2253//2253 2251//2251 3122//3122
f 2253//2253 3122//3122 2306//2306
f 3124//3124 3125//3125 2234//2234
f 3124//3124 2234//2234 2233//2233
f 3126//3126 3124//3124 2233//2233
f 3126//3126 2233//2233 2232//2232
f 2285//2285 2284//2284 3124//3124
f 2285//2285 3124//3124 3126//3126
f 2284//2284 2282//2282 3125//3125
f 2284//2284 3125//3125 3124//3124
f 2280//2280 2279//2279 3127//3127
f 2280//2280 3127//3127 3128//3128
f 3128//3128 3127//3127 2236//2236
f 3128//3128 2236//2236 2235//2235
f 3125//3125 3128//3128 2235//2235
f 3125//3125 2235//2235 2234//2234
f 2282//2282 2280//2280 3128//3128
f 2282//2282 3128//3128 3125//3125
f 3129//3129 3130//3130 2242//2242
f 3129//3129 2242//2242 2241//2241
f 3127//3127 3129//3129 2241//2241
f 3127//3127 2241//2241 2236//2236
f 2279//2279 2295//2295 3129//3129
f 2279//2279 3129//3129 3127//3127
f 2295//2295 2294//2294 3130//3130
f 2295//2295 3130//3130 3129//3129
f 2244//2244 2242//2242 3130//3130
f 2244//2244 3130//3130 3131//3131
f 3131//3131 3130//3130 2294//2294
f 3131//3131 2294//2294 2297//2297
f 2301//2301 3123//3123 3131//3131
f 2301//2301 3131//3131 2297//2297
f 2245//2245 2244//2244 3131//3131
f 2245//2245 3131//3131 3123//3123
f 3132//3132 2248//2248 2204//2204
f 3132//3132 2204//2204 2203//2203
f 2246//2246 3132//3132 2203//2203
f 2246//2246 2203//2203 2200//2200
f 3121//3121 3132//3132 2246//2246
f 3121//3121 2246//2246 2245//2245
f 2250//2250 2248//2248 3132//3132
f 2250//2250 3132//3132 3121//3121
f 3133//3133 3134//3134 2456//2456
f 3133//3133 2456//2456 2455//2455
f 3135//3135 3133//3133 2455//2455
f 3135//3135 2455//2455 2450//2450
f 3136//3136 3133//3133 3135//3135
f 3136//3136 3135//3135 3137//3137
f 3136//3136 3138//3138 3134//3134
f 3136//3136 3134//3134 3133//3133
f 3139//3139 3140//3140 3141//3141
f 3139//3139 3141//3141 3142//3142
f 3142//3142 3141//3141 2459//2459
f 3142//3142 2459//2459 2458//2458
f 3134//3134 3142//3142 2458//2458
f 3134//3134 2458//2458 2456//2456
f 3134//3134 3138//3138 3139//3139
f 3134//3134 3139//3139 3142//3142
f 3143//3143 2434//2434 2462//2462
f 3143//3143 2462//2462 3144//3144
f 3141//3141 3144//3144 2462//2462
f 3141//3141 2462//2462 2459//2459
f 3145//3145 3144//3144 3141//3141
f 3145//3145 3141//3141 3140//3140
f 3145//3145 3146//3146 3143//3143
f 3145//3145 3143//3143 3144//3144
f 3147//3147 2446//2446 2445//2445
f 3147//3147 2445//2445 3148//3148
f 3148//3148 2445//2445 2442//2442
f 3148//3148 2442//2442 3149//3149
f 3150//3150 3151//3151 3148//3148
f 3150//3150 3148//3148 3149//3149
f 3151//3151 3152//3152 3147//3147
f 3151//3151 3147//3147 3148//3148
f 3149//3149 2442//2442 2441//2441
f 3149//3149 2441//2441 3153//3153
f 3153//3153 2441//2441 2440//2440
f 3153//3153 2440//2440 3154//3154
f 3155//3155 3156//3156 3153//3153
f 3155//3155 3153//3153 3154//3154
f 3156//3156 3150//3150 3149//3149
f 3156//3156 3149//3149 3153//3153
f 3157//3157 2433//2433 2434//2434
f 3157//3157 2434//2434 3143//3143
f 3157//3157 3143//3143 3146//3146
f 3157//3157 3146//3146 3158//3158
f 3159//3159 3157//3157 3158//3158
f 3159//3159 3158//3158 3160//3160
f 2435//2435 2433//2433 3157//3157
f 2435//2435 3157//3157 3159//3159
f 3154//3154 2440//2440 2439//2439
f 3154//3154 2439//2439 3161//3161
f 3159//3159 3161//3161 2439//2439
f 3159//3159 2439//2439 2435//2435
f 3160//3160 3162//3162 3161//3161
f 3160//3160 3161//3161 3159//3159
f 3162//3162 3155//3155 3154//3154
f 3162//3162 3154//3154 3161//3161
f 3163//3163 3164//3164 3165//3165
f 3163//3163 3165//3165 3166//3166
f 3167//3167 3163//3163 3166//3166
f 3167//3167 3166//3166 3152//3152
f 3168//3168 3169//3169 3163//3163
f 3168//3168 3163//3163 3167//3167
f 3169//3169 3170//3170 3164//3164
f 3169//3169 3164//3164 3163//3163
f 3171//3171 3138//3138 3136//3136
f 3171//3171 3136//3136 3172//3172
f 3173//3173 3172//3172 3136//3136
f 3173//3173 3136//3136 3137//3137
f 3174//3174 3175//3175 3172//3172
f 3174//3174 3172//3172 3173//3173
f 3176//3176 3171//3171 3172//3172
f 3176//3176 3172//3172 3175//3175
f 3177//3177 3140//3140 3139//3139
f 3177//3177 3139//3139 3178//3178
f 3178//3178 3139//3139 3138//3138
f 3178//3178 3138//3138 3171//3171
f 3179//3179 3178//3178 3171//3171
f 3179//3179 3171//3171 3176//3176
f 3180//3180 3177//3177 3178//3178
f 3180//3180 3178//3178 3179//3179
f 3167//3167 3152//3152 3151//3151
f 3167//3167 3151//3151 3181//3181
f 3182//3182 3181//3181 3151//3151
f 3182//3182 3151//3151 3150//3150
f 3183//3183 3184//3184 3181//3181
f 3183//3183 3181//3181 3182//3182
f 3168//3168 3167//3167 3181//3181
f 3168//3168 3181//3181 3184//3184
f 3185//3185 3182//3182 3150//3150
f 3185//3185 3150//3150 3156//3156
f 3186//3186 3185//3185 3156//3156
f 3186//3186 3156//3156 3155//3155
f 3187//3187 3188//3188 3185//3185
f 3187//3187 3185//3185 3186//3186
f 3188//3188 3183//3183 3182//3182
f 3188//3188 3182//3182 3185//3185
f 3189//3189 3190//3190 3191//3191
f 3189//3189 3191//3191 3192//3192
f 3193//3193 3189//3189 3192//3192
f 3193//3193 3192//3192 3194//3194
f 3195//3195 3196//3196 3189//3189
f 3195//3195 3189//3189 3193//3193
f 3196//3196 3197//3197 3190//3190
f 3196//3196 3190//3190 3189//3189
f 3198//3198 3199//3199 3200//3200
f 3198//3198 3200//3200 3201//3201
f 3201//3201 3200//3200 3202//3202
f 3201//3201 3202//3202 3203//3203
f 3204//3204 3201//3201 3203//3203
f 3204//3204 3203//3203 3205//3205
f 3204//3204 3206//3206 3198//3198
f 3204//3204 3198//3198 3201//3201
f 3207//3207 3208//3208 3165//3165
f 3207//3207 3165//3165 3164//3164
f 3207//3207 3164//3164 3170//3170
f 3207//3207 3170//3170 3209//3209
f 3210//3210 3211//3211 3207//3207
f 3210//3210 3207//3207 3209//3209
f 3211//3211 3212//3212 3208//3208
f 3211//3211 3208//3208 3207//3207
f 3213//3213 3214//3214 3176//3176
f 3213//3213 3176//3176 3175//3175
f 3215//3215 3213//3213 3175//3175
f 3215//3215 3175//3175 3174//3174
f 3216//3216 3213//3213 3215//3215
f 3216//3216 3215//3215 3217//3217
f 3218//3218 3214//3214 3213//3213
f 3218//3218 3213//3213 3216//3216
f 3219//3219 3180//3180 3179//3179
f 3219//3219 3179//3179 3220//3220
f 3214//3214 3220//3220 3179//3179
f 3214//3214 3179//3179 3176//3176
f 3218//3218 3221//3221 3220//3220
f 3218//3218 3220//3220 3214//3214
f 3221//3221 3222//3222 3219//3219
f 3221//3221 3219//3219 3220//3220
f 3223//3223 3168//3168 3184//3184
f 3223//3223 3184//3184 3224//3224
f 3224//3224 3184//3184 3183//3183
f 3224//3224 3183//3183 3225//3225
f 3226//3226 3227//3227 3224//3224
f 3226//3226 3224//3224 3225//3225
f 3228//3228 3223//3223 3224//3224
f 3228//3228 3224//3224 3227//3227
f 3225//3225 3183//3183 3188//3188
f 3225//3225 3188//3188 3229//3229
f 3230//3230 3229//3229 3188//3188
f 3230//3230 3188//3188 3187//3187
f 3231//3231 3229//3229 3230//3230
f 3231//3231 3230//3230 3232//3232
f 3226//3226 3225//3225 3229//3229
f 3226//3226 3229//3229 3231//3231
f 3233//3233 3234//3234 3235//3235
f 3233//3233 3235//3235 3236//3236
f 3236//3236 3235//3235 3237//3237
f 3236//3236 3237//3237 3238//3238
f 3239//3239 3236//3236 3238//3238
f 3239//3239 3238//3238 3197//3197
f 3240//3240 3233//3233 3236//3236
f 3240//3240 3236//3236 3239//3239
f 3241//3241 3242//3242 3243//3243
f 3241//3241 3243//3243 3244//3244
f 3244//3244 3243//3243 3199//3199
f 3244//3244 3199//3199 3198//3198
f 3206//3206 3241//3241 3244//3244
f 3206//3206 3244//3244 3198//3198
f 3245//3245 3215//3215 3174//3174
f 3245//3245 3174//3174 3246//3246
f 3245//3245 3246//3246 3247//3247
f 3245//3245 3247//3247 3248//3248
f 3249//3249 3250//3250 3245//3245
f 3249//3249 3245//3245 3248//3248
f 3250//3250 3217//3217 3215//3215
f 3250//3250 3215//3215 3245//3245
f 3251//3251 3252//3252 3217//3217
f 3251//3251 3217//3217 3250//3250
f 3253//3253 3251//3251 3250//3250
f 3253//3253 3250//3250 3249//3249
f 3254//3254 3255//3255 3251//3251
f 3254//3254 3251//3251 3253//3253
f 3255//3255 3256//3256 3252//3252
f 3255//3255 3252//3252 3251//3251
f 3221//3221 3218//3218 3216//3216
f 3221//3221 3216//3216 3257//3257
f 3257//3257 3216//3216 3217//3217
f 3257//3257 3217//3217 3252//3252
f 3258//3258 3257//3257 3252//3252
f 3258//3258 3252//3252 3256//3256
f 3222//3222 3221//3221 3257//3257
f 3222//3222 3257//3257 3258//3258
f 3259//3259 3228//3228 3227//3227
f 3259//3259 3227//3227 3260//3260
f 3231//3231 3260//3260 3227//3227
f 3231//3231 3227//3227 3226//3226
f 3232//3232 3261//3261 3260//3260
f 3232//3232 3260//3260 3231//3231
f 3261//3261 3262//3262 3259//3259
f 3261//3261 3259//3259 3260//3260
f 3263//3263 3264//3264 3212//3212
f 3263//3263 3212//3212 3211//3211
f 3265//3265 3263//3263 3211//3211
f 3265//3265 3211//3211 3210//3210
f 3266//3266 3267//3267 3263//3263
f 3266//3266 3263//3263 3265//3265
f 3267//3267 3268//3268 3264//3264
f 3267//3267 3264//3264 3263//3263
f 3269//3269 3248//3248 3247//3247
f 3269//3269 3247//3247 3270//3270
f 3269//3269 3270//3270 3271//3271
f 3269//3269 3271//3271 3272//3272
f 3273//3273 3269//3269 3272//3272
f 3273//3273 3272//3272 3274//3274
f 3249//3249 3248//3248 3269//3269
f 3249//3249 3269//3269 3273//3273
f 3275//3275 3276//3276 3254//3254
f 3275//3275 3254//3254 3253//3253
f 3273//3273 3275//3275 3253//3253
f 3273//3273 3253//3253 3249//3249
f 3274//3274 3277//3277 3275//3275
f 3274//3274 3275//3275 3273//3273
f 3277//3277 3278//3278 3276//3276
f 3277//3277 3276//3276 3275//3275
f 3279//3279 3280//3280 3281//3281
f 3279//3279 3281//3281 3282//3282
f 3282//3282 3281//3281 3191//3191
f 3282//3282 3191//3191 3283//3283
f 3237//3237 3284//3284 3282//3282
f 3237//3237 3282//3282 3283//3283
f 3284//3284 3285//3285 3279//3279
f 3284//3284 3279//3279 3282//3282
f 3286//3286 3209//3209 3170//3170
f 3286//3286 3170//3170 3169//3169
f 3286//3286 3169//3169 3168//3168
f 3286//3286 3168//3168 3223//3223
f 3287//3287 3286//3286 3223//3223
f 3287//3287 3223//3223 3228//3228
f 3210//3210 3209//3209 3286//3286
f 3210//3210 3286//3286 3287//3287
f 3288//3288 3289//3289 3266//3266
f 3288//3288 3266//3266 3265//3265
f 3287//3287 3288//3288 3265//3265
f 3287//3287 3265//3265 3210//3210
f 3228//3228 3259//3259 3288//3288
f 3228//3228 3288//3288 3287//3287
f 3259//3259 3262//3262 3289//3289
f 3259//3259 3289//3289 3288//3288
f 3290//3290 3291//3291 3292//3292
f 3290//3290 3292//3292 3293//3293
f 3293//3293 3292//3292 3294//3294
f 3293//3293 3294//3294 3295//3295
f 3296//3296 3293//3293 3295//3295
f 3296//3296 3295//3295 3297//3297
f 3298//3298 3290//3290 3293//3293
f 3298//3298 3293//3293 3296//3296
f 3295//3295 3294//3294 3299//3299
f 3295//3295 3299//3299 3300//3300
f 3300//3300 3299//3299 3301//3301
f 3300//3300 3301//3301 3302//3302
f 3303//3303 3300//3300 3302//3302
f 3303//3303 3302//3302 3304//3304
f 3297//3297 3295//3295 3300//3300
f 3297//3297 3300//3300 3303//3303
f 3305//3305 3306//3306 3278//3278
f 3305//3305 3278//3278 3277//3277
f 3307//3307 3305//3305 3277//3277
f 3307//3307 3277//3277 3274//3274
f 3294//3294 3292//3292 3305//3305
f 3294//3294 3305//3305 3307//3307
f 3292//3292 3291//3291 3306//3306
f 3292//3292 3306//3306 3305//3305
f 3308//3308 3309//3309 3310//3310
f 3308//3308 3310//3310 3311//3311
f 3264//3264 3308//3308 3311//3311
f 3264//3264 3311//3311 3212//3212
f 3268//3268 3312//3312 3308//3308
f 3268//3268 3308//3308 3264//3264
f 3313//3313 3309//3309 3308//3308
f 3313//3313 3308//3308 3312//3312
f 3314//3314 3315//3315 3316//3316
f 3314//3314 3316//3316 3317//3317
f 3314//3314 3317//3317 3165//3165
f 3314//3314 3165//3165 3208//3208
f 3212//3212 3311//3311 3314//3314
f 3212//3212 3314//3314 3208//3208
f 3311//3311 3310//3310 3315//3315
f 3311//3311 3315//3315 3314//3314
f 3173//3173 3137//3137 3318//3318
f 3173//3173 3318//3318 3319//3319
f 3319//3319 3318//3318 3271//3271
f 3319//3319 3271//3271 3270//3270
f 3246//3246 3319//3319 3270//3270
f 3246//3246 3270//3270 3247//3247
f 3246//3246 3174//3174 3173//3173
f 3246//3246 3173//3173 3319//3319
f 3320//3320 3152//3152 3321//3321
f 3320//3320 3321//3321 3322//3322
f 3322//3322 3321//3321 3304//3304
f 3322//3322 3304//3304 3323//3323
f 3324//3324 3320//3320 3322//3322
f 3324//3324 3322//3322 3323//3323
f 3325//3325 3326//3326 3297//3297
f 3325//3325 3297//3297 3303//3303
f 3327//3327 3325//3325 3303//3303
f 3327//3327 3303//3303 3304//3304
f 3316//3316 3315//3315 3325//3325
f 3316//3316 3325//3325 3327//3327
f 3315//3315 3310//3310 3326//3326
f 3315//3315 3326//3326 3325//3325
f 3328//3328 3329//3329 3298//3298
f 3328//3328 3298//3298 3296//3296
f 3326//3326 3328//3328 3296//3296
f 3326//3326 3296//3296 3297//3297
f 3310//3310 3309//3309 3328//3328
f 3310//3310 3328//3328 3326//3326
f 3309//3309 3313//3313 3329//3329
f 3309//3309 3329//3329 3328//3328
f 3330//3330 3331//3331 3242//3242
f 3330//3330 3242//3242 3241//3241
f 3332//3332 3330//3330 3241//3241
f 3332//3332 3241//3241 3206//3206
f 3279//3279 3330//3330 3332//3332
f 3279//3279 3332//3332 3280//3280
f 3279//3279 3285//3285 3331//3331
f 3279//3279 3331//3331 3330//3330
f 3321//3321 3152//3152 3166//3166
f 3321//3321 3166//3166 3333//3333
f 3317//3317 3333//3333 3166//3166
f 3317//3317 3166//3166 3165//3165
f 3327//3327 3333//3333 3317//3317
f 3327//3327 3317//3317 3316//3316
f 3304//3304 3321//3321 3333//3333
f 3304//3304 3333//3333 3327//3327
f 3334//3334 3335//3335 3304//3304
f 3334//3334 3304//3304 3302//3302
f 3336//3336 3334//3334 3302//3302
f 3336//3336 3302//3302 3301//3301
f 3318//3318 3334//3334 3336//3336
f 3318//3318 3336//3336 3271//3271
f 3318//3318 3137//3137 3335//3335
f 3318//3318 3335//3335 3334//3334
f 3323//3323 3304//3304 3335//3335
f 3323//3323 3335//3335 3337//3337
f 3137//3137 3338//3338 3337//3337
f 3137//3137 3337//3337 3335//3335
f 3324//3324 3323//3323 3337//3337
f 3324//3324 3337//3337 3338//3338
f 3339//3339 3336//3336 3301//3301
f 3339//3339 3301//3301 3299//3299
f 3307//3307 3339//3339 3299//3299
f 3307//3307 3299//3299 3294//3294
f 3274//3274 3272//3272 3339//3339
f 3274//3274 3339//3339 3307//3307
f 3271//3271 3336//3336 3339//3339
f 3271//3271 3339//3339 3272//3272
f 3340//3340 3187//3187 3186//3186
f 3340//3340 3186//3186 3341//3341
f 3341//3341 3186//3186 3155//3155
f 3341//3341 3155//3155 3342//3342
f 3202//3202 3200//3200 3341//3341
f 3202//3202 3341//3341 3342//3342
f 3199//3199 3340//3340 3341//3341
f 3199//3199 3341//3341 3200//3200
f 3343//3343 3344//3344 3232//3232
f 3343//3343 3232//3232 3230//3230
f 3343//3343 3230//3230 3187//3187
f 3343//3343 3187//3187 3340//3340
f 3199//3199 3345//3345 3343//3343
f 3199//3199 3343//3343 3340//3340
f 3345//3345 3346//3346 3344//3344
f 3345//3345 3344//3344 3343//3343
f 3347//3347 3348//3348 3262//3262
f 3347//3347 3262//3262 3261//3261
f 3344//3344 3347//3347 3261//3261
f 3344//3344 3261//3261 3232//3232
f 3349//3349 3347//3347 3344//3344
f 3349//3349 3344//3344 3346//3346
f 3350//3350 3348//3348 3347//3347
f 3350//3350 3347//3347 3349//3349
f 3351//3351 3242//3242 3352//3352
f 3351//3351 3352//3352 3353//3353
f 3289//3289 3353//3353 3352//3352
f 3289//3289 3352//3352 3266//3266
f 3262//3262 3348//3348 3353//3353
f 3262//3262 3353//3353 3289//3289
f 3350//3350 3351//3351 3353//3353
f 3350//3350 3353//3353 3348//3348
f 3354//3354 3355//3355 3268//3268
f 3354//3354 3268//3268 3267//3267
f 3352//3352 3354//3354 3267//3267
f 3352//3352 3267//3267 3266//3266
f 3242//3242 3356//3356 3354//3354
f 3242//3242 3354//3354 3352//3352
f 3356//3356 3357//3357 3355//3355
f 3356//3356 3355//3355 3354//3354
f 3358//3358 3359//3359 3313//3313
f 3358//3358 3313//3313 3312//3312
f 3355//3355 3358//3358 3312//3312
f 3355//3355 3312//3312 3268//3268
f 3357//3357 3360//3360 3358//3358
f 3357//3357 3358//3358 3355//3355
f 3361//3361 3359//3359 3358//3358
f 3361//3361 3358//3358 3360//3360
f 3362//3362 3285//3285 3363//3363
f 3362//3362 3363//3363 3364//3364
f 3329//3329 3364//3364 3363//3363
f 3329//3329 3363//3363 3298//3298
f 3313//3313 3359//3359 3364//3364
f 3313//3313 3364//3364 3329//3329
f 3359//3359 3361//3361 3362//3362
f 3359//3359 3362//3362 3364//3364
f 3365//3365 3366//3366 3367//3367
f 3365//3365 3367//3367 3368//3368
f 3290//3290 3368//3368 3367//3367
f 3290//3290 3367//3367 3291//3291
f 3298//3298 3363//3363 3368//3368
f 3298//3298 3368//3368 3290//3290
f 3363//3363 3285//3285 3365//3365
f 3363//3363 3365//3365 3368//3368
f 3369//3369 3370//3370 3371//3371
f 3369//3369 3371//3371 3372//3372
f 3306//3306 3369//3369 3372//3372
f 3306//3306 3372//3372 3278//3278
f 3291//3291 3367//3367 3369//3369
f 3291//3291 3369//3369 3306//3306
f 3366//3366 3370//3370 3369//3369
f 3366//3366 3369//3369 3367//3367
f 3373//3373 3374//3374 3237//3237
f 3373//3373 3237//3237 3375//3375
f 3276//3276 3373//3373 3375//3375
f 3276//3276 3375//3375 3254//3254
f 3278//3278 3372//3372 3373//3373
f 3278//3278 3373//3373 3276//3276
f 3372//3372 3371//3371 3374//3374
f 3372//3372 3374//3374 3373//3373
f 3376//3376 3256//3256 3255//3255
f 3376//3376 3255//3255 3377//3377
f 3375//3375 3377//3377 3255//3255
f 3375//3375 3255//3255 3254//3254
f 3235//3235 3377//3377 3375//3375
f 3235//3235 3375//3375 3237//3237
f 3234//3234 3376//3376 3377//3377
f 3234//3234 3377//3377 3235//3235
f 3378//3378 3222//3222 3258//3258
f 3378//3378 3258//3258 3379//3379
f 3379//3379 3258//3258 3256//3256
f 3379//3379 3256//3256 3376//3376
f 3234//3234 3233//3233 3379//3379
f 3234//3234 3379//3379 3376//3376
f 3233//3233 3240//3240 3378//3378
f 3233//3233 3378//3378 3379//3379
f 3380//3380 3239//3239 3197//3197
f 3380//3380 3197//3197 3381//3381
f 3380//3380 3381//3381 3180//3180
f 3380//3380 3180//3180 3219//3219
f 3222//3222 3378//3378 3380//3380
f 3222//3222 3380//3380 3219//3219
f 3378//3378 3240//3240 3239//3239
f 3378//3378 3239//3239 3380//3380
f 3382//3382 3196//3196 3195//3195
f 3382//3382 3195//3195 3383//3383
f 3382//3382 3383//3383 3140//3140
f 3382//3382 3140//3140 3177//3177
f 3381//3381 3382//3382 3177//3177
f 3381//3381 3177//3177 3180//3180
f 3197//3197 3196//3196 3382//3382
f 3197//3197 3382//3382 3381//3381
f 3384//3384 3385//3385 3146//3146
f 3384//3384 3146//3146 3145//3145
f 3383//3383 3384//3384 3145//3145
f 3383//3383 3145//3145 3140//3140
f 3193//3193 3384//3384 3383//3383
f 3193//3193 3383//3383 3195//3195
f 3194//3194 3385//3385 3384//3384
f 3194//3194 3384//3384 3193//3193
f 3386//3386 3387//3387 3160//3160
f 3386//3386 3160//3160 3158//3158
f 3385//3385 3386//3386 3158//3158
f 3385//3385 3158//3158 3146//3146
f 3388//3388 3386//3386 3385//3385
f 3388//3388 3385//3385 3194//3194
f 3388//3388 3205//3205 3387//3387
f 3388//3388 3387//3387 3386//3386
f 3342//3342 3155//3155 3162//3162
f 3342//3342 3162//3162 3389//3389
f 3389//3389 3162//3162 3160//3160
f 3389//3389 3160//3160 3387//3387
f 3205//3205 3203//3203 3389//3389
f 3205//3205 3389//3389 3387//3387
f 3203//3203 3202//3202 3342//3342
f 3203//3203 3342//3342 3389//3389
f 3390//3390 3391//3391 3324//3324
f 3390//3390 3324//3324 3338//3338
f 3135//3135 3390//3390 3338//3338
f 3135//3135 3338//3338 3137//3137
f 2450//2450 2449//2449 3390//3390
f 2450//2450 3390//3390 3135//3135
f 2449//2449 2446//2446 3391//3391
f 2449//2449 3391//3391 3390//3390
f 3320//3320 3324//3324 3391//3391
f 3320//3320 3391//3391 3392//3392
f 3392//3392 3391//3391 2446//2446
f 3392//3392 2446//2446 3147//3147
f 3152//3152 3320//3320 3392//3392
f 3152//3152 3392//3392 3147//3147
f 3393//3393 2836//2836 2792//2792
f 3393//3393 2792//2792 3394//3394
f 3393//3393 3394//3394 2739//2739
f 3393//3393 2739//2739 2851//2851
f 2850//2850 2935//2935 3393//3393
f 2850//2850 3393//3393 2851//2851
f 2935//2935 2838//2838 2836//2836
f 2935//2935 2836//2836 3393//3393
f 3395//3395 2733//2733 2703//2703
f 3395//3395 2703//2703 2736//2736
f 3394//3394 3395//3395 2736//2736
f 3394//3394 2736//2736 2739//2739
f 2792//2792 2790//2790 3395//3395
f 2792//2792 3395//3395 3394//3394
f 2790//2790 2734//2734 2733//2733
f 2790//2790 2733//2733 3395//3395
f 3396//3396 3397//3397 2950//2950
f 3396//3396 2950//2950 2948//2948
f 2890//2890 3396//3396 2948//2948
f 2890//2890 2948//2948 2891//2891
f 2942//2942 3396//3396 2890//2890
f 2942//2942 2890//2890 2847//2847
f 2942//2942 2945//2945 3397//3397
f 2942//2942 3397//3397 3396//3396
f 3097//3097 3064//3064 3093//3093
f 3097//3097 3093//3093 3398//3398
f 2950//2950 3397//3397 3398//3398
f 2950//2950 3398//3398 3093//3093
f 3004//3004 3398//3398 3397//3397
f 3004//3004 3397//3397 2945//2945
f 3007//3007 3097//3097 3398//3398
f 3007//3007 3398//3398 3004//3004
f 2907//2907 2903//2903 3399//3399
f 2907//2907 3399//3399 3400//3400
f 2892//2892 3400//3400 3399//3399
f 2892//2892 3399//3399 2888//2888
f 2891//2891 2912//2912 3400//3400
f 2891//2891 3400//3400 2892//2892
f 2912//2912 2908//2908 2907//2907
f 2912//2912 2907//2907 3400//3400
f 2901//2901 2883//2883 2889//2889
f 2901//2901 2889//2889 3401//3401
f 3401//3401 2889//2889 2888//2888
f 3401//3401 2888//2888 3399//3399
f 2903//2903 2901//2901 3401//3401
f 2903//2903 3401//3401 3399//3399
f 3402//3402 3403//3403 3404//3404
f 3402//3402 3404//3404 3405//3405
f 3405//3405 3404//3404 3406//3406
f 3405//3405 3406//3406 3407//3407
f 3408//3408 3405//3405 3407//3407
f 3408//3408 3407//3407 2925//2925
f 3409//3409 3402//3402 3405//3405
f 3409//3409 3405//3405 3408//3408
f 3410//3410 3411//3411 3412//3412
f 3410//3410 3412//3412 3413//3413
f 3414//3414 3410//3410 3413//3413
f 3414//3414 3413//3413 3415//3415
f 2932//2932 2931//2931 3410//3410
f 2932//2932 3410//3410 3414//3414
f 2931//2931 2928//2928 3411//3411
f 2931//2931 3411//3411 3410//3410
f 3416//3416 3417//3417 2925//2925
f 3416//3416 2925//2925 2952//2952
f 3418//3418 3416//3416 2952//2952
f 3418//3418 2952//2952 2955//2955
f 3418//3418 3419//3419 3417//3417
f 3418//3418 3417//3417 3416//3416
f 3420//3420 3050//3050 3047//3047
f 3420//3420 3047//3047 3421//3421
f 3422//3422 3421//3421 3047//3047
f 3422//3422 3047//3047 3048//3048
f 3423//3423 3420//3420 3421//3421
f 3423//3423 3421//3421 3422//3422
f 3424//3424 3082//3082 3080//3080
f 3424//3424 3080//3080 3425//3425
f 3425//3425 3080//3080 3081//3081
f 3425//3425 3081//3081 3426//3426
f 3427//3427 3425//3425 3426//3426
f 3427//3427 3426//3426 3428//3428
f 3429//3429 3424//3424 3425//3425
f 3429//3429 3425//3425 3427//3427
f 3430//3430 3431//3431 3432//3432
f 3430//3430 3432//3432 3433//3433
f 3088//3088 3430//3430 3433//3433
f 3088//3088 3433//3433 2955//2955
f 3082//3082 3424//3424 3430//3430
f 3082//3082 3430//3430 3088//3088
f 3424//3424 3429//3429 3431//3431
f 3424//3424 3431//3431 3430//3430
f 3434//3434 3435//3435 3406//3406
f 3434//3434 3406//3406 3404//3404
f 3434//3434 3404//3404 3403//3403
f 3434//3434 3403//3403 3436//3436
f 3437//3437 3438//3438 3434//3434
f 3437//3437 3434//3434 3436//3436
f 3438//3438 3439//3439 3435//3435
f 3438//3438 3435//3435 3434//3434
f 3440//3440 3441//3441 3415//3415
f 3440//3440 3415//3415 3413//3413
f 3442//3442 3440//3440 3413//3413
f 3442//3442 3413//3413 3412//3412
f 3443//3443 3444//3444 3440//3440
f 3443//3443 3440//3440 3442//3442
f 3444//3444 3445//3445 3441//3441
f 3444//3444 3441//3441 3440//3440
f 3446//3446 3436//3436 3403//3403
f 3446//3446 3403//3403 3402//3402
f 3446//3446 3402//3402 3409//3409
f 3446//3446 3409//3409 3447//3447
f 3448//3448 3446//3446 3447//3447
f 3448//3448 3447//3447 3449//3449
f 3437//3437 3436//3436 3446//3446
f 3437//3437 3446//3446 3448//3448
f 3450//3450 3451//3451 3452//3452
f 3450//3450 3452//3452 3453//3453
f 3453//3453 3452//3452 3454//3454
f 3453//3453 3454//3454 3455//3455
f 3456//3456 3453//3453 3455//3455
f 3456//3456 3455//3455 3457//3457
f 3458//3458 3450//3450 3453//3453
f 3458//3458 3453//3453 3456//3456
f 3459//3459 3429//3429 3427//3427
f 3459//3459 3427//3427 3460//3460
f 3460//3460 3427//3427 3428//3428
f 3460//3460 3428//3428 3461//3461
f 3462//3462 3460//3460 3461//3461
f 3462//3462 3461//3461 3463//3463
f 3464//3464 3459//3459 3460//3460
f 3464//3464 3460//3460 3462//3462
f 3465//3465 3466//3466 3467//3467
f 3465//3465 3467//3467 3468//3468
f 3465//3465 3468//3468 3432//3432
f 3465//3465 3432//3432 3469//3469
f 3470//3470 3465//3465 3469//3469
f 3470//3470 3469//3469 3471//3471
f 3472//3472 3466//3466 3465//3465
f 3472//3472 3465//3465 3470//3470
f 3468//3468 3467//3467 3473//3473
f 3468//3468 3473//3473 3474//3474
f 3474//3474 3473//3473 3475//3475
f 3474//3474 3475//3475 3476//3476
f 3433//3433 3474//3474 3476//3476
f 3433//3433 3476//3476 2955//2955
f 3432//3432 3468//3468 3474//3474
f 3432//3432 3474//3474 3433//3433
f 3477//3477 3478//3478 3409//3409
f 3477//3477 3409//3409 3408//3408
f 3417//3417 3477//3477 3408//3408
f 3417//3417 3408//3408 2925//2925
f 3419//3419 3479//3479 3477//3477
f 3419//3419 3477//3477 3417//3417
f 3479//3479 3480//3480 3478//3478
f 3479//3479 3478//3478 3477//3477
f 3481//3481 3482//3482 3483//3483
f 3481//3481 3483//3483 3484//3484
f 3485//3485 3481//3481 3484//3484
f 3485//3485 3484//3484 3419//3419
f 3486//3486 3487//3487 3481//3481
f 3486//3486 3481//3481 3485//3485
f 3487//3487 3488//3488 3482//3482
f 3487//3487 3482//3482 3481//3481
f 3489//3489 3423//3423 3422//3422
f 3489//3489 3422//3422 3490//3490
f 3491//3491 3490//3490 3422//3422
f 3491//3491 3422//3422 3048//3048
f 3492//3492 3493//3493 3490//3490
f 3492//3492 3490//3490 3491//3491
f 3493//3493 3494//3494 3489//3489
f 3493//3493 3489//3489 3490//3490
f 3495//3495 3496//3496 3497//3497
f 3495//3495 3497//3497 3498//3498
f 3499//3499 3495//3495 3498//3498
f 3499//3499 3498//3498 3494//3494
f 3500//3500 3501//3501 3495//3495
f 3500//3500 3495//3495 3499//3499
f 3501//3501 3502//3502 3496//3496
f 3501//3501 3496//3496 3495//3495
f 3503//3503 3452//3452 3451//3451
f 3503//3503 3451//3451 3504//3504
f 3420//3420 3503//3503 3504//3504
f 3420//3420 3504//3504 3050//3050
f 3505//3505 3503//3503 3420//3420
f 3505//3505 3420//3420 3423//3423
f 3505//3505 3454//3454 3452//3452
f 3505//3505 3452//3452 3503//3503
f 3506//3506 3507//3507 3439//3439
f 3506//3506 3439//3439 3438//3438
f 3508//3508 3506//3506 3438//3438
f 3508//3508 3438//3438 3437//3437
f 3509//3509 3510//3510 3506//3506
f 3509//3509 3506//3506 3508//3508
f 3510//3510 3511//3511 3507//3507
f 3510//3510 3507//3507 3506//3506
f 3508//3508 3437//3437 3448//3448
f 3508//3508 3448//3448 3512//3512
f 3512//3512 3448//3448 3449//3449
f 3512//3512 3449//3449 3513//3513
f 3514//3514 3512//3512 3513//3513
f 3514//3514 3513//3513 3515//3515
f 3509//3509 3508//3508 3512//3512
f 3509//3509 3512//3512 3514//3514
f 3516//3516 3472//3472 3470//3470
f 3516//3516 3470//3470 3517//3517
f 3517//3517 3470//3470 3471//3471
f 3517//3517 3471//3471 3518//3518
f 3519//3519 3517//3517 3518//3518
f 3519//3519 3518//3518 3520//3520
f 3521//3521 3516//3516 3517//3517
f 3521//3521 3517//3517 3519//3519
f 3522//3522 3483//3483 3482//3482
f 3522//3522 3482//3482 3523//3523
f 3523//3523 3482//3482 3488//3488
f 3523//3523 3488//3488 3524//3524
f 3525//3525 3523//3523 3524//3524
f 3525//3525 3524//3524 3526//3526
f 3527//3527 3522//3522 3523//3523
f 3527//3527 3523//3523 3525//3525
f 3528//3528 3529//3529 3494//3494
f 3528//3528 3494//3494 3493//3493
f 3530//3530 3528//3528 3493//3493
f 3530//3530 3493//3493 3492//3492
f 3531//3531 3532//3532 3528//3528
f 3531//3531 3528//3528 3530//3530
f 3532//3532 3533//3533 3529//3529
f 3532//3532 3529//3529 3528//3528
f 3534//3534 3535//3535 3536//3536
f 3534//3534 3536//3536 3537//3537
f 3534//3534 3537//3537 3538//3538
f 3534//3534 3538//3538 3539//3539
f 3540//3540 3534//3534 3539//3539
f 3540//3540 3539//3539 3454//3454
f 3540//3540 3497//3497 3535//3535
f 3540//3540 3535//3535 3534//3534
f 3444//3444 3443//3443 3541//3541
f 3444//3444 3541//3541 3542//3542
f 3542//3542 3541//3541 3439//3439
f 3542//3542 3439//3439 3507//3507
f 3543//3543 3542//3542 3507//3507
f 3543//3543 3507//3507 3511//3511
f 3445//3445 3444//3444 3542//3542
f 3445//3445 3542//3542 3543//3543
f 3544//3544 3442//3442 3412//3412
f 3544//3544 3412//3412 3545//3545
f 3435//3435 3544//3544 3545//3545
f 3435//3435 3545//3545 3406//3406
f 3439//3439 3541//3541 3544//3544
f 3439//3439 3544//3544 3435//3435
f 3541//3541 3443//3443 3442//3442
f 3541//3541 3442//3442 3544//3544
f 3447//3447 3409//3409 3478//3478
f 3447//3447 3478//3478 3546//3546
f 3546//3546 3478//3478 3480//3480
f 3546//3546 3480//3480 3547//3547
f 3548//3548 3546//3546 3547//3547
f 3548//3548 3547//3547 3549//3549
f 3449//3449 3447//3447 3546//3546
f 3449//3449 3546//3546 3548//3548
f 3550//3550 3551//3551 3515//3515
f 3550//3550 3515//3515 3513//3513
f 3548//3548 3550//3550 3513//3513
f 3548//3548 3513//3513 3449//3449
f 3549//3549 3552//3552 3550//3550
f 3549//3549 3550//3550 3548//3548
f 3552//3552 3553//3553 3551//3551
f 3552//3552 3551//3551 3550//3550
f 3554//3554 3411//3411 2928//2928
f 3554//3554 2928//2928 2926//2926
f 3407//3407 3554//3554 2926//2926
f 3407//3407 2926//2926 2925//2925
f 3406//3406 3545//3545 3554//3554
f 3406//3406 3554//3554 3407//3407
f 3545//3545 3412//3412 3411//3411
f 3545//3545 3411//3411 3554//3554
f 3555//3555 3556//3556 3471//3471
f 3555//3555 3471//3471 3469//3469
f 3431//3431 3555//3555 3469//3469
f 3431//3431 3469//3469 3432//3432
f 3429//3429 3459//3459 3555//3555
f 3429//3429 3555//3555 3431//3431
f 3459//3459 3464//3464 3556//3556
f 3459//3459 3556//3556 3555//3555
f 3557//3557 3558//3558 3520//3520
f 3557//3557 3520//3520 3518//3518
f 3556//3556 3557//3557 3518//3518
f 3556//3556 3518//3518 3471//3471
f 3462//3462 3557//3557 3556//3556
f 3462//3462 3556//3556 3464//3464
f 3463//3463 3558//3558 3557//3557
f 3463//3463 3557//3557 3462//3462
f 3559//3559 3560//3560 3561//3561
f 3559//3559 3561//3561 3562//3562
f 3562//3562 3561//3561 3475//3475
f 3562//3562 3475//3475 3473//3473
f 3467//3467 3466//3466 3562//3562
f 3467//3467 3562//3562 3473//3473
f 3472//3472 3559//3559 3562//3562
f 3472//3472 3562//3562 3466//3466
f 3563//3563 3564//3564 3565//3565
f 3563//3563 3565//3565 3566//3566
f 3566//3566 3565//3565 3560//3560
f 3566//3566 3560//3560 3559//3559
f 3516//3516 3566//3566 3559//3559
f 3516//3516 3559//3559 3472//3472
f 3521//3521 3563//3563 3566//3566
f 3521//3521 3566//3566 3516//3516
f 3567//3567 3476//3476 3475//3475
f 3567//3567 3475//3475 3568//3568
f 3485//3485 3567//3567 3568//3568
f 3485//3485 3568//3568 3486//3486
f 3419//3419 3418//3418 3567//3567
f 3419//3419 3567//3567 3485//3485
f 3418//3418 2955//2955 3476//3476
f 3418//3418 3476//3476 3567//3567
f 3569//3569 3547//3547 3480//3480
f 3569//3569 3480//3480 3479//3479
f 3484//3484 3569//3569 3479//3479
f 3484//3484 3479//3479 3419//3419
f 3483//3483 3570//3570 3569//3569
f 3483//3483 3569//3569 3484//3484
f 3570//3570 3549//3549 3547//3547
f 3570//3570 3547//3547 3569//3569
f 3571//3571 3553//3553 3552//3552
f 3571//3571 3552//3552 3572//3572
f 3572//3572 3552//3552 3549//3549
f 3572//3572 3549//3549 3570//3570
f 3522//3522 3572//3572 3570//3570
f 3522//3522 3570//3570 3483//3483
f 3527//3527 3571//3571 3572//3572
f 3527//3527 3572//3572 3522//3522
f 3573//3573 3574//3574 3488//3488
f 3573//3573 3488//3488 3487//3487
f 3573//3573 3487//3487 3486//3486
f 3573//3573 3486//3486 3568//3568
f 3561//3561 3573//3573 3568//3568
f 3561//3561 3568//3568 3475//3475
f 3560//3560 3574//3574 3573//3573
f 3560//3560 3573//3573 3561//3561
f 3575//3575 3526//3526 3524//3524
f 3575//3575 3524//3524 3576//3576
f 3576//3576 3524//3524 3488//3488
f 3576//3576 3488//3488 3574//3574
f 3565//3565 3576//3576 3574//3574
f 3565//3565 3574//3574 3560//3560
f 3564//3564 3575//3575 3576//3576
f 3564//3564 3576//3576 3565//3565
f 3577//3577 3365//3365 3285//3285
f 3577//3577 3285//3285 3284//3284
f 3374//3374 3577//3577 3284//3284
f 3374//3374 3284//3284 3237//3237
f 3371//3371 3370//3370 3577//3577
f 3371//3371 3577//3577 3374//3374
f 3366//3366 3365//3365 3577//3577
f 3366//3366 3577//3577 3370//3370
f 3356//3356 3242//3242 3331//3331
f 3356//3356 3331//3331 3578//3578
f 3578//3578 3331//3331 3285//3285
f 3578//3578 3285//3285 3362//3362
f 3361//3361 3360//3360 3578//3578
f 3361//3361 3578//3578 3362//3362
f 3357//3357 3356//3356 3578//3578
f 3357//3357 3578//3578 3360//3360
f 3579//3579 3388//3388 3194//3194
f 3579//3579 3194//3194 3192//3192
f 3281//3281 3579//3579 3192//3192
f 3281//3281 3192//3192 3191//3191
f 3580//3580 3579//3579 3281//3281
f 3580//3580 3281//3281 3280//3280
f 3205//3205 3388//3388 3579//3579
f 3205//3205 3579//3579 3580//3580
f 3581//3581 3332//3332 3206//3206
f 3581//3581 3206//3206 3204//3204
f 3580//3580 3581//3581 3204//3204
f 3580//3580 3204//3204 3205//3205
f 3280//3280 3332//3332 3581//3581
f 3280//3280 3581//3581 3580//3580
f 3582//3582 3498//3498 3497//3497
f 3582//3582 3497//3497 3540//3540
f 3505//3505 3582//3582 3540//3540
f 3505//3505 3540//3540 3454//3454
f 3423//3423 3489//3489 3582//3582
f 3423//3423 3582//3582 3505//3505
f 3489//3489 3494//3494 3498//3498
f 3489//3489 3498//3498 3582//3582
f 3583//3583 3190//3190 3197//3197
f 3583//3583 3197//3197 3238//3238
f 3283//3283 3583//3583 3238//3238
f 3283//3283 3238//3238 3237//3237
f 3191//3191 3190//3190 3583//3583
f 3191//3191 3583//3583 3283//3283
f 3351//3351 3350//3350 3349//3349
f 3351//3351 3349//3349 3584//3584
f 3584//3584 3349//3349 3346//3346
f 3584//3584 3346//3346 3345//3345
f 3243//3243 3584//3584 3345//3345
f 3243//3243 3345//3345 3199//3199
f 3242//3242 3351//3351 3584//3584
f 3242//3242 3584//3584 3243//3243
f 3045//3045 3042//3042 3585//3585
f 3045//3045 3585//3585 3586//3586
f 3586//3586 3585//3585 2922//2922
f 3586//3586 2922//2922 2930//2930
f 3587//3587 3586//3586 2930//2930
f 3587//3587 2930//2930 2932//2932
f 3048//3048 3045//3045 3586//3586
f 3048//3048 3586//3586 3587//3587
f 3040//3040 3036//3036 3588//3588
f 3040//3040 3588//3588 3589//3589
f 3589//3589 3588//3588 2910//2910
f 3589//3589 2910//2910 2919//2919
f 3585//3585 3589//3589 2919//2919
f 3585//3585 2919//2919 2922//2922
f 3042//3042 3040//3040 3589//3589
f 3042//3042 3589//3589 3585//3585
f 3590//3590 3591//3591 2904//2904
f 3590//3590 2904//2904 2911//2911
f 3588//3588 3590//3590 2911//2911
f 3588//3588 2911//2911 2910//2910
f 3036//3036 3034//3034 3590//3590
f 3036//3036 3590//3590 3588//3588
f 3034//3034 3030//3030 3591//3591
f 3034//3034 3591//3591 3590//3590
f 3592//3592 3593//3593 2897//2897
f 3592//3592 2897//2897 2905//2905
f 3591//3591 3592//3592 2905//2905
f 3591//3591 2905//2905 2904//2904
f 3030//3030 3028//3028 3592//3592
f 3030//3030 3592//3592 3591//3591
f 3028//3028 3023//3023 3593//3593
f 3028//3028 3593//3593 3592//3592
f 3594//3594 2899//2899 2898//2898
f 3594//3594 2898//2898 3595//3595
f 3595//3595 2898//2898 2897//2897
f 3595//3595 2897//2897 3593//3593
f 3023//3023 3021//3021 3595//3595
f 3023//3023 3595//3595 3593//3593
f 3020//3020 3594//3594 3595//3595
f 3020//3020 3595//3595 3021//3021
f 3596//3596 3052//3052 3102//3102
f 3596//3596 3102//3102 3597//3597
f 3597//3597 3102//3102 2899//2899
f 3597//3597 2899//2899 3594//3594
f 3019//3019 3597//3597 3594//3594
f 3019//3019 3594//3594 3020//3020
f 3026//3026 3596//3596 3597//3597
f 3026//3026 3597//3597 3019//3019
f 3598//3598 3596//3596 3026//3026
f 3598//3598 3026//3026 3025//3025
f 3599//3599 3598//3598 3025//3025
f 3599//3599 3025//3025 3024//3024
f 3055//3055 3053//3053 3598//3598
f 3055//3055 3598//3598 3599//3599
f 3052//3052 3596//3596 3598//3598
f 3052//3052 3598//3598 3053//3053
f 3600//3600 3599//3599 3024//3024
f 3600//3600 3024//3024 3032//3032
f 3601//3601 3600//3600 3032//3032
f 3601//3601 3032//3032 3031//3031
f 3062//3062 3060//3060 3600//3600
f 3062//3062 3600//3600 3601//3601
f 3060//3060 3055//3055 3599//3599
f 3060//3060 3599//3599 3600//3600
f 3602//3602 3601//3601 3031//3031
f 3602//3602 3031//3031 3038//3038
f 3603//3603 3602//3602 3038//3038
f 3603//3603 3038//3038 3037//3037
f 3069//3069 3066//3066 3602//3602
f 3069//3069 3602//3602 3603//3603
f 3066//3066 3062//3062 3601//3601
f 3066//3066 3601//3601 3602//3602
f 3604//3604 3603//3603 3037//3037
f 3604//3604 3037//3037 3043//3043
f 3605//3605 3604//3604 3043//3043
f 3605//3605 3043//3043 3044//3044
f 3075//3075 3073//3073 3604//3604
f 3075//3075 3604//3604 3605//3605
f 3073//3073 3069//3069 3603//3603
f 3073//3073 3603//3603 3604//3604
f 3605//3605 3044//3044 3049//3049
f 3605//3605 3049//3049 3606//3606
f 3607//3607 3606//3606 3049//3049
f 3607//3607 3049//3049 3050//3050
f 3081//3081 3079//3079 3606//3606
f 3081//3081 3606//3606 3607//3607
f 3079//3079 3075//3075 3605//3605
f 3079//3079 3605//3605 3606//3606
f 3608//3608 3428//3428 3426//3426
f 3608//3608 3426//3426 3609//3609
f 3607//3607 3609//3609 3426//3426
f 3607//3607 3426//3426 3081//3081
f 3050//3050 3504//3504 3609//3609
f 3050//3050 3609//3609 3607//3607
f 3504//3504 3451//3451 3608//3608
f 3504//3504 3608//3608 3609//3609
f 3610//3610 3611//3611 3463//3463
f 3610//3610 3463//3463 3461//3461
f 3610//3610 3461//3461 3428//3428
f 3610//3610 3428//3428 3608//3608
f 3451//3451 3450//3450 3610//3610
f 3451//3451 3610//3610 3608//3608
f 3458//3458 3611//3611 3610//3610
f 3458//3458 3610//3610 3450//3450
f 3612//3612 3456//3456 3457//3457
f 3612//3612 3457//3457 3613//3613
f 3612//3612 3613//3613 3520//3520
f 3612//3612 3520//3520 3558//3558
f 3611//3611 3612//3612 3558//3558
f 3611//3611 3558//3558 3463//3463
f 3611//3611 3458//3458 3456//3456
f 3611//3611 3456//3456 3612//3612
f 3614//3614 3615//3615 3521//3521
f 3614//3614 3521//3521 3519//3519
f 3613//3613 3614//3614 3519//3519
f 3613//3613 3519//3519 3520//3520
f 3457//3457 3455//3455 3614//3614
f 3457//3457 3614//3614 3613//3613
f 3455//3455 3454//3454 3615//3615
f 3455//3455 3615//3615 3614//3614
f 3539//3539 3538//3538 3616//3616
f 3539//3539 3616//3616 3617//3617
f 3617//3617 3616//3616 3564//3564
f 3617//3617 3564//3564 3563//3563
f 3521//3521 3615//3615 3617//3617
f 3521//3521 3617//3617 3563//3563
f 3615//3615 3454//3454 3539//3539
f 3615//3615 3539//3539 3617//3617
f 3618//3618 3537//3537 3536//3536
f 3618//3618 3536//3536 3619//3619
f 3618//3618 3619//3619 3526//3526
f 3618//3618 3526//3526 3575//3575
f 3616//3616 3618//3618 3575//3575
f 3616//3616 3575//3575 3564//3564
f 3538//3538 3537//3537 3618//3618
f 3538//3538 3618//3618 3616//3616
f 3620//3620 3527//3527 3525//3525
f 3620//3620 3525//3525 3621//3621
f 3619//3619 3621//3621 3525//3525
f 3619//3619 3525//3525 3526//3526
f 3536//3536 3535//3535 3621//3621
f 3536//3536 3621//3621 3619//3619
f 3535//3535 3497//3497 3620//3620
f 3535//3535 3620//3620 3621//3621
f 3622//3622 3496//3496 3502//3502
f 3622//3622 3502//3502 3623//3623
f 3622//3622 3623//3623 3553//3553
f 3622//3622 3553//3553 3571//3571
f 3620//3620 3622//3622 3571//3571
f 3620//3620 3571//3571 3527//3527
f 3620//3620 3497//3497 3496//3496
f 3620//3620 3496//3496 3622//3622
f 3624//3624 3501//3501 3500//3500
f 3624//3624 3500//3500 3625//3625
f 3551//3551 3624//3624 3625//3625
f 3551//3551 3625//3625 3515//3515
f 3553//3553 3623//3623 3624//3624
f 3553//3553 3624//3624 3551//3551
f 3502//3502 3501//3501 3624//3624
f 3502//3502 3624//3624 3623//3623
f 3626//3626 3627//3627 3509//3509
f 3626//3626 3509//3509 3514//3514
f 3625//3625 3626//3626 3514//3514
f 3625//3625 3514//3514 3515//3515
f 3499//3499 3626//3626 3625//3625
f 3499//3499 3625//3625 3500//3500
f 3499//3499 3494//3494 3627//3627
f 3499//3499 3627//3627 3626//3626
f 3628//3628 3511//3511 3510//3510
f 3628//3628 3510//3510 3629//3629
f 3629//3629 3510//3510 3509//3509
f 3629//3629 3509//3509 3627//3627
f 3529//3529 3629//3629 3627//3627
f 3529//3529 3627//3627 3494//3494
f 3533//3533 3628//3628 3629//3629
f 3533//3533 3629//3629 3529//3529
f 3630//3630 3445//3445 3543//3543
f 3630//3630 3543//3543 3631//3631
f 3631//3631 3543//3543 3511//3511
f 3631//3631 3511//3511 3628//3628
f 3533//3533 3532//3532 3631//3631
f 3533//3533 3631//3631 3628//3628
f 3532//3532 3531//3531 3630//3630
f 3532//3532 3630//3630 3631//3631
f 3632//3632 3530//3530 3492//3492
f 3632//3632 3492//3492 3633//3633
f 3632//3632 3633//3633 3415//3415
f 3632//3632 3415//3415 3441//3441
f 3630//3630 3632//3632 3441//3441
f 3630//3630 3441//3441 3445//3445
f 3531//3531 3530//3530 3632//3632
f 3531//3531 3632//3632 3630//3630
f 3634//3634 3587//3587 2932//2932
f 3634//3634 2932//2932 3414//3414
f 3633//3633 3634//3634 3414//3414
f 3633//3633 3414//3414 3415//3415
f 3491//3491 3634//3634 3633//3633
f 3491//3491 3633//3633 3492//3492
f 3491//3491 3048//3048 3587//3587
f 3491//3491 3587//3587 3634//3634
f 3635//3635 3636//3636 1250//1250
f 3635//3635 1250//1250 1249//1249
f 3637//3637 3635//3635 1249//1249
f 3637//3637 1249//1249 1211//1211
f 1201//1201 3635//3635 3637//3637
f 1201//1201 3637//3637 1204//1204
f 1201//1201 1198//1198 3636//3636
f 1201//1201 3636//3636 3635//3635
f 3638//3638 1258//1258 1012//1012
f 3638//3638 1012//1012 1252//1252
f 3636//3636 3638//3638 1252//1252
f 3636//3636 1252//1252 1250//1250
f 1198//1198 1197//1197 3638//3638
f 1198//1198 3638//3638 3636//3636
f 1197//1197 1196//1196 1258//1258
f 1197//1197 1258//1258 3638//3638
f 3639//3639 867//867 866//866
f 3639//3639 866//866 3640//3640
f 3640//3640 866//866 865//865
f 3640//3640 865//865 3641//3641
f 3639//3639 3640//3640 3641//3641
f 3639//3639 3641//3641 1291//1291
f 3642//3642 871//871 870//870
f 3642//3642 870//870 3643//3643
f 3643//3643 870//870 867//867
f 3643//3643 867//867 3639//3639
f 1291//1291 1289//1289 3643//3643
f 1291//1291 3643//3643 3639//3639
f 3644//3644 3642//3642 3643//3643
f 3644//3644 3643//3643 1289//1289
f 3645//3645 1228//1228 1231//1231
f 3645//3645 1231//1231 3644//3644
f 3644//3644 1231//1231 871//871
f 3644//3644 871//871 3642//3642
f 1286//1286 3645//3645 3644//3644
f 1286//1286 3644//3644 1289//1289
f 3646//3646 1224//1224 1229//1229
f 3646//3646 1229//1229 3647//3647
f 3647//3647 1229//1229 1228//1228
f 3647//3647 1228//1228 3645//3645
f 3646//3646 3647//3647 3645//3645
f 3646//3646 3645//3645 1286//1286
f 3648//3648 3649//3649 1220//1220
f 3648//3648 1220//1220 1225//1225
f 3646//3646 3648//3648 1225//1225
f 3646//3646 1225//1225 1224//1224
f 1284//1284 3648//3648 3646//3646
f 1284//1284 3646//3646 1286//1286
f 3649//3649 3648//3648 1284//1284
f 3649//3649 1284//1284 3650//3650
f 3650//3650 3651//3651 847//847
f 3650//3650 847//847 1221//1221
f 3649//3649 3650//3650 1221//1221
f 3649//3649 1221//1221 1220//1220
f 1264//1264 3651//3651 3650//3650
f 1264//1264 3650//3650 1284//1284
f 3652//3652 3653//3653 849//849
f 3652//3652 849//849 848//848
f 3651//3651 3652//3652 848//848
f 3651//3651 848//848 847//847
f 1264//1264 1263//1263 3652//3652
f 1264//1264 3652//3652 3651//3651
f 1263//1263 1205//1205 3653//3653
f 1263//1263 3653//3653 3652//3652
f 3654//3654 3637//3637 1211//1211
f 3654//3654 1211//1211 1210//1210
f 3653//3653 3654//3654 1210//1210
f 3653//3653 1210//1210 849//849
f 1205//1205 1204//1204 3654//3654
f 1205//1205 3654//3654 3653//3653
f 3637//3637 3654//3654 1204//1204
f 1236//1236 1067//1067 1066//1066
f 1236//1236 1066//1066 3655//3655
f 3655//3655 1066//1066 1063//1063
f 3655//3655 1063//1063 1245//1245
f 1100//1100 3655//3655 1245//1245
f 1100//1100 1245//1245 1093//1093
f 1099//1099 1236//1236 3655//3655
f 1099//1099 3655//3655 1100//1100
f 1012//1012 3656//3656 3657//3657
f 1012//1012 3657//3657 1011//1011
f 3657//3657 3656//3656 1043//1043
f 3657//3657 1043//1043 1041//1041
f 1049//1049 3657//3657 1041//1041
f 1049//1049 1041//1041 1040//1040
f 1049//1049 1013//1013 1011//1011
f 1049//1049 1011//1011 3657//3657
f 3656//3656 1012//1012 1257//1257
f 3656//3656 1257//1257 3658//3658
f 3659//3659 3658//3658 1257//1257
f 3659//3659 1257//1257 1254//1254
f 1234//1234 1237//1237 3658//3658
f 1234//1234 3658//3658 3659//3659
f 1237//1237 1043//1043 3656//3656
f 1237//1237 3656//3656 3658//3658
f 3660//3660 3659//3659 1254//1254
f 3660//3660 1254//1254 1253//1253
f 3660//3660 1253//1253 1033//1033
f 3660//3660 1033//1033 1064//1064
f 1067//1067 1235//1235 3660//3660
f 1067//1067 3660//3660 1064//1064
f 1235//1235 1234//1234 3659//3659
f 1235//1235 3659//3659 3660//3660
f 3661//3661 3662//3662 3663//3663
f 3661//3661 3663//3663 3664//3664
f 3664//3664 3663//3663 3665//3665
f 3664//3664 3665//3665 3666//3666
f 6//6 3664//3664 3666//3666
f 6//6 3666//3666 8//8
f 5//5 3661//3661 3664//3664
f 5//5 3664//3664 6//6
f 3667//3667 3668//3668 3669//3669
f 3667//3667 3669//3669 3670//3670
f 3670//3670 3669//3669 3662//3662
f 3670//3670 3662//3662 3661//3661
f 15//15 3670//3670 3661//3661
f 15//15 3661//3661 5//5
f 14//14 3667//3667 3670//3670
f 14//14 3670//3670 15//15
f 3671//3671 3672//3672 3673//3673
f 3671//3671 3673//3673 3674//3674
f 3674//3674 3673//3673 3668//3668
f 3674//3674 3668//3668 3667//3667
f 21//21 3674//3674 3667//3667
f 21//21 3667//3667 14//14
f 20//20 3671//3671 3674//3674
f 20//20 3674//3674 21//21
f 3675//3675 3676//3676 3677//3677
f 3675//3675 3677//3677 3678//3678
f 3671//3671 3675//3675 3678//3678
f 3671//3671 3678//3678 3672//3672
f 27//27 3675//3675 3671//3671
f 27//27 3671//3671 20//20
f 26//26 3676//3676 3675//3675
f 26//26 3675//3675 27//27
f 3679//3679 3680//3680 3681//3681
f 3679//3679 3681//3681 3682//3682
f 3676//3676 3679//3679 3682//3682
f 3676//3676 3682//3682 3677//3677
f 26//26 32//32 3679//3679
f 26//26 3679//3679 3676//3676
f 32//32 33//33 3680//3680
f 32//32 3680//3680 3679//3679
f 3683//3683 3684//3684 3685//3685
f 3683//3683 3685//3685 3686//3686
f 3680//3680 3686//3686 3685//3685
f 3680//3680 3685//3685 3681//3681
f 33//33 39//39 3686//3686
f 33//33 3686//3686 3680//3680
f 39//39 38//38 3683//3683
f 39//39 3683//3683 3686//3686
f 3687//3687 3688//3688 3689//3689
f 3687//3687 3689//3689 3690//3690
f 3683//3683 3687//3687 3690//3690
f 3683//3683 3690//3690 3684//3684
f 38//38 45//45 3687//3687
f 38//38 3687//3687 3683//3683
f 45//45 44//44 3688//3688
f 45//45 3688//3688 3687//3687
f 3691//3691 3692//3692 3693//3693
f 3691//3691 3693//3693 3694//3694
f 3688//3688 3694//3694 3693//3693
f 3688//3688 3693//3693 3689//3689
f 51//51 3694//3694 3688//3688
f 51//51 3688//3688 44//44
f 50//50 3691//3691 3694//3694
f 50//50 3694//3694 51//51
f 3695//3695 3696//3696 3697//3697
f 3695//3695 3697//3697 3698//3698
f 3695//3695 3698//3698 3692//3692
f 3695//3695 3692//3692 3691//3691
f 56//56 3695//3695 3691//3691
f 56//56 3691//3691 50//50
f 56//56 57//57 3696//3696
f 56//56 3696//3696 3695//3695
f 3699//3699 3700//3700 3701//3701
f 3699//3699 3701//3701 3702//3702
f 3696//3696 3699//3699 3702//3702
f 3696//3696 3702//3702 3697//3697
f 57//57 62//62 3699//3699
f 57//57 3699//3699 3696//3696
f 62//62 63//63 3700//3700
f 62//62 3700//3700 3699//3699
f 66//66 65//65 3703//3703
f 66//66 3703//3703 3704//3704
f 3704//3704 3703//3703 3705//3705
f 3704//3704 3705//3705 3706//3706
f 3700//3700 3704//3704 3706//3706
f 3700//3700 3706//3706 3701//3701
f 63//63 66//66 3704//3704
f 63//63 3704//3704 3700//3700
f 3707//3707 3708//3708 3709//3709
f 3707//3707 3709//3709 3710//3710
f 3710//3710 3709//3709 3711//3711
f 3710//3710 3711//3711 3712//3712
f 3713//3713 3714//3714 3710//3710
f 3713//3713 3710//3710 3712//3712
f 3715//3715 3707//3707 3710//3710
f 3715//3715 3710//3710 3714//3714
f 3716//3716 3717//3717 3718//3718
f 3716//3716 3718//3718 3719//3719
f 3720//3720 3719//3719 3718//3718
f 3720//3720 3718//3718 3681//3681
f 3721//3721 3719//3719 3720//3720
f 3721//3721 3720//3720 3722//3722
f 3723//3723 3716//3716 3719//3719
f 3723//3723 3719//3719 3721//3721
f 3724//3724 3716//3716 3723//3723
f 3724//3724 3723//3723 3725//3725
f 3724//3724 3725//3725 3726//3726
f 3724//3724 3726//3726 3727//3727
f 3728//3728 3724//3724 3727//3727
f 3728//3728 3727//3727 3729//3729
f 3717//3717 3716//3716 3724//3724
f 3717//3717 3724//3724 3728//3728
f 3727//3727 3726//3726 3730//3730
f 3727//3727 3730//3730 3731//3731
f 3731//3731 3730//3730 3732//3732
f 3731//3731 3732//3732 3733//3733
f 3734//3734 3731//3731 3733//3733
f 3734//3734 3733//3733 3735//3735
f 3729//3729 3727//3727 3731//3731
f 3729//3729 3731//3731 3734//3734
f 3733//3733 3732//3732 3736//3736
f 3733//3733 3736//3736 3737//3737
f 3737//3737 3736//3736 3708//3708
f 3737//3737 3708//3708 3707//3707
f 3738//3738 3737//3737 3707//3707
f 3738//3738 3707//3707 3715//3715
f 3735//3735 3733//3733 3737//3737
f 3735//3735 3737//3737 3738//3738
f 3739//3739 3740//3740 3741//3741
f 3739//3739 3741//3741 3742//3742
f 3718//3718 3739//3739 3742//3742
f 3718//3718 3742//3742 3681//3681
f 3717//3717 3743//3743 3739//3739
f 3717//3717 3739//3739 3718//3718
f 3743//3743 3744//3744 3740//3740
f 3743//3743 3740//3740 3739//3739
f 3745//3745 3734//3734 3735//3735
f 3745//3745 3735//3735 3746//3746
f 3747//3747 3745//3745 3746//3746
f 3747//3747 3746//3746 3748//3748
f 3749//3749 3750//3750 3745//3745
f 3749//3749 3745//3745 3747//3747
f 3750//3750 3729//3729 3734//3734
f 3750//3750 3734//3734 3745//3745
f 3751//3751 3738//3738 3715//3715
f 3751//3751 3715//3715 3752//3752
f 3753//3753 3751//3751 3752//3752
f 3753//3753 3752//3752 3754//3754
f 3748//3748 3746//3746 3751//3751
f 3748//3748 3751//3751 3753//3753
f 3746//3746 3735//3735 3738//3738
f 3746//3746 3738//3738 3751//3751
f 3714//3714 3713//3713 3755//3755
f 3714//3714 3755//3755 3756//3756
f 3756//3756 3755//3755 3757//3757
f 3756//3756 3757//3757 3758//3758
f 3754//3754 3752//3752 3756//3756
f 3754//3754 3756//3756 3758//3758
f 3752//3752 3715//3715 3714//3714
f 3752//3752 3714//3714 3756//3756
f 3759//3759 3728//3728 3729//3729
f 3759//3759 3729//3729 3750//3750
f 3760//3760 3759//3759 3750//3750
f 3760//3760 3750//3750 3749//3749
f 3744//3744 3743//3743 3759//3759
f 3744//3744 3759//3759 3760//3760
f 3743//3743 3717//3717 3728//3728
f 3743//3743 3728//3728 3759//3759
f 3761//3761 3709//3709 3708//3708
f 3761//3761 3708//3708 3762//3762
f 3763//3763 3761//3761 3762//3762
f 3763//3763 3762//3762 3764//3764
f 3765//3765 3766//3766 3761//3761
f 3765//3765 3761//3761 3763//3763
f 3766//3766 3711//3711 3709//3709
f 3766//3766 3709//3709 3761//3761
f 3767//3767 3736//3736 3732//3732
f 3767//3767 3732//3732 3768//3768
f 3769//3769 3767//3767 3768//3768
f 3769//3769 3768//3768 3770//3770
f 3764//3764 3762//3762 3767//3767
f 3764//3764 3767//3767 3769//3769
f 3762//3762 3708//3708 3736//3736
f 3762//3762 3736//3736 3767//3767
f 3771//3771 3730//3730 3726//3726
f 3771//3771 3726//3726 3772//3772
f 3773//3773 3771//3771 3772//3772
f 3773//3773 3772//3772 3774//3774
f 3770//3770 3768//3768 3771//3771
f 3770//3770 3771//3771 3773//3773
f 3768//3768 3732//3732 3730//3730
f 3768//3768 3730//3730 3771//3771
f 3725//3725 3723//3723 3775//3775
f 3725//3725 3775//3775 3776//3776
f 3776//3776 3775//3775 3777//3777
f 3776//3776 3777//3777 3778//3778
f 3774//3774 3772//3772 3776//3776
f 3774//3774 3776//3776 3778//3778
f 3772//3772 3726//3726 3725//3725
f 3772//3772 3725//3725 3776//3776
f 3779//3779 3721//3721 3722//3722
f 3779//3779 3722//3722 3780//3780
f 3781//3781 3779//3779 3780//3780
f 3781//3781 3780//3780 3782//3782
f 3777//3777 3775//3775 3779//3779
f 3777//3777 3779//3779 3781//3781
f 3775//3775 3723//3723 3721//3721
f 3775//3775 3721//3721 3779//3779
f 3783//3783 3763//3763 3764//3764
f 3783//3783 3764//3764 3784//3784
f 3785//3785 3783//3783 3784//3784
f 3785//3785 3784//3784 3786//3786
f 3787//3787 3783//3783 3785//3785
f 3787//3787 3785//3785 3788//3788
f 3765//3765 3763//3763 3783//3783
f 3765//3765 3783//3783 3787//3787
f 3789//3789 3769//3769 3770//3770
f 3789//3789 3770//3770 3790//3790
f 3789//3789 3790//3790 3791//3791
f 3789//3789 3791//3791 3792//3792
f 3786//3786 3784//3784 3789//3789
f 3786//3786 3789//3789 3792//3792
f 3784//3784 3764//3764 3769//3769
f 3784//3784 3769//3769 3789//3789
f 3793//3793 3773//3773 3774//3774
f 3793//3793 3774//3774 3794//3794
f 3795//3795 3793//3793 3794//3794
f 3795//3795 3794//3794 3796//3796
f 3790//3790 3793//3793 3795//3795
f 3790//3790 3795//3795 3791//3791
f 3790//3790 3770//3770 3773//3773
f 3790//3790 3773//3773 3793//3793
f 3797//3797 3778//3778 3777//3777
f 3797//3797 3777//3777 3798//3798
f 3799//3799 3797//3797 3798//3798
f 3799//3799 3798//3798 3800//3800
f 3796//3796 3794//3794 3797//3797
f 3796//3796 3797//3797 3799//3799
f 3794//3794 3774//3774 3778//3778
f 3794//3794 3778//3778 3797//3797
f 3801//3801 3781//3781 3782//3782
f 3801//3801 3782//3782 3802//3802
f 3803//3803 3801//3801 3802//3802
f 3803//3803 3802//3802 3804//3804
f 3800//3800 3798//3798 3801//3801
f 3800//3800 3801//3801 3803//3803
f 3798//3798 3777//3777 3781//3781
f 3798//3798 3781//3781 3801//3801
f 3785//3785 3786//3786 3805//3805
f 3785//3785 3805//3805 3806//3806
f 3806//3806 3805//3805 3807//3807
f 3806//3806 3807//3807 3808//3808
f 3809//3809 3806//3806 3808//3808
f 3809//3809 3808//3808 3810//3810
f 3788//3788 3785//3785 3806//3806
f 3788//3788 3806//3806 3809//3809
f 3792//3792 3791//3791 3811//3811
f 3792//3792 3811//3811 3812//3812
f 3812//3812 3811//3811 3813//3813
f 3812//3812 3813//3813 3814//3814
f 3805//3805 3812//3812 3814//3814
f 3805//3805 3814//3814 3807//3807
f 3786//3786 3792//3792 3812//3812
f 3786//3786 3812//3812 3805//3805
f 3795//3795 3796//3796 3815//3815
f 3795//3795 3815//3815 3816//3816
f 3816//3816 3815//3815 3817//3817
f 3816//3816 3817//3817 3818//3818
f 3811//3811 3816//3816 3818//3818
f 3811//3811 3818//3818 3813//3813
f 3791//3791 3795//3795 3816//3816
f 3791//3791 3816//3816 3811//3811
f 3819//3819 3799//3799 3800//3800
f 3819//3819 3800//3800 3820//3820
f 3821//3821 3819//3819 3820//3820
f 3821//3821 3820//3820 3822//3822
f 3815//3815 3819//3819 3821//3821
f 3815//3815 3821//3821 3817//3817
f 3796//3796 3799//3799 3819//3819
f 3796//3796 3819//3819 3815//3815
f 3823//3823 3803//3803 3804//3804
f 3823//3823 3804//3804 3824//3824
f 3825//3825 3823//3823 3824//3824
f 3825//3825 3824//3824 3826//3826
f 3822//3822 3820//3820 3823//3823
f 3822//3822 3823//3823 3825//3825
f 3820//3820 3800//3800 3803//3803
f 3820//3820 3803//3803 3823//3823
f 3808//3808 3807//3807 3827//3827
f 3808//3808 3827//3827 3828//3828
f 3828//3828 3827//3827 3829//3829
f 3828//3828 3829//3829 3830//3830
f 3831//3831 3828//3828 3830//3830
f 3831//3831 3830//3830 3832//3832
f 3810//3810 3808//3808 3828//3828
f 3810//3810 3828//3828 3831//3831
f 3814//3814 3813//3813 3833//3833
f 3814//3814 3833//3833 3834//3834
f 3834//3834 3833//3833 3835//3835
f 3834//3834 3835//3835 3836//3836
f 3827//3827 3834//3834 3836//3836
f 3827//3827 3836//3836 3829//3829
f 3807//3807 3814//3814 3834//3834
f 3807//3807 3834//3834 3827//3827
f 3818//3818 3817//3817 3837//3837
f 3818//3818 3837//3837 3838//3838
f 3838//3838 3837//3837 3839//3839
f 3838//3838 3839//3839 3840//3840
f 3833//3833 3838//3838 3840//3840
f 3833//3833 3840//3840 3835//3835
f 3813//3813 3818//3818 3838//3838
f 3813//3813 3838//3838 3833//3833
f 3841//3841 3821//3821 3822//3822
f 3841//3841 3822//3822 3842//3842
f 3843//3843 3841//3841 3842//3842
f 3843//3843 3842//3842 3844//3844
f 3837//3837 3841//3841 3843//3843
f 3837//3837 3843//3843 3839//3839
f 3817//3817 3821//3821 3841//3841
f 3817//3817 3841//3841 3837//3837
f 3845//3845 3825//3825 3826//3826
f 3845//3845 3826//3826 3846//3846
f 3847//3847 3845//3845 3846//3846
f 3847//3847 3846//3846 3848//3848
f 3844//3844 3842//3842 3845//3845
f 3844//3844 3845//3845 3847//3847
f 3842//3842 3822//3822 3825//3825
f 3842//3842 3825//3825 3845//3845
f 3830//3830 3829//3829 3849//3849
f 3830//3830 3849//3849 3850//3850
f 3850//3850 3849//3849 3851//3851
f 3850//3850 3851//3851 3852//3852
f 3853//3853 3854//3854 3850//3850
f 3853//3853 3850//3850 3852//3852
f 3832//3832 3830//3830 3850//3850
f 3832//3832 3850//3850 3854//3854
f 3836//3836 3835//3835 3855//3855
f 3836//3836 3855//3855 3856//3856
f 3857//3857 3856//3856 3855//3855
f 3857//3857 3855//3855 3858//3858
f 3849//3849 3856//3856 3857//3857
f 3849//3849 3857//3857 3851//3851
f 3829//3829 3836//3836 3856//3856
f 3829//3829 3856//3856 3849//3849
f 3840//3840 3839//3839 3859//3859
f 3840//3840 3859//3859 3860//3860
f 3860//3860 3859//3859 3861//3861
f 3860//3860 3861//3861 3862//3862
f 3855//3855 3860//3860 3862//3862
f 3855//3855 3862//3862 3858//3858
f 3835//3835 3840//3840 3860//3860
f 3835//3835 3860//3860 3855//3855
f 3843//3843 3844//3844 3863//3863
f 3843//3843 3863//3863 3864//3864
f 3864//3864 3863//3863 3865//3865
f 3864//3864 3865//3865 3866//3866
f 3859//3859 3864//3864 3866//3866
f 3859//3859 3866//3866 3861//3861
f 3839//3839 3843//3843 3864//3864
f 3839//3839 3864//3864 3859//3859
f 3867//3867 3847//3847 3848//3848
f 3867//3867 3848//3848 3868//3868
f 3867//3867 3868//3868 3869//3869
f 3867//3867 3869//3869 3870//3870
f 3863//3863 3867//3867 3870//3870
f 3863//3863 3870//3870 3865//3865
f 3863//3863 3844//3844 3847//3847
f 3863//3863 3847//3847 3867//3867
f 3852//3852 3851//3851 3871//3871
f 3852//3852 3871//3871 3872//3872
f 3872//3872 3871//3871 3873//3873
f 3872//3872 3873//3873 3874//3874
f 3875//3875 3872//3872 3874//3874
f 3875//3875 3874//3874 3876//3876
f 3875//3875 3853//3853 3852//3852
f 3875//3875 3852//3852 3872//3872
f 3877//3877 3857//3857 3858//3858
f 3877//3877 3858//3858 3878//3878
f 3877//3877 3878//3878 3879//3879
f 3877//3877 3879//3879 3880//3880
f 3871//3871 3877//3877 3880//3880
f 3871//3871 3880//3880 3873//3873
f 3871//3871 3851//3851 3857//3857
f 3871//3871 3857//3857 3877//3877
f 3862//3862 3861//3861 3881//3881
f 3862//3862 3881//3881 3882//3882
f 3882//3882 3881//3881 3883//3883
f 3882//3882 3883//3883 3884//3884
f 3878//3878 3882//3882 3884//3884
f 3878//3878 3884//3884 3879//3879
f 3858//3858 3862//3862 3882//3882
f 3858//3858 3882//3882 3878//3878
f 3866//3866 3865//3865 3885//3885
f 3866//3866 3885//3885 3886//3886
f 3886//3886 3885//3885 3887//3887
f 3886//3886 3887//3887 3888//3888
f 3881//3881 3886//3886 3888//3888
f 3881//3881 3888//3888 3883//3883
f 3861//3861 3866//3866 3886//3886
f 3861//3861 3886//3886 3881//3881
f 3870//3870 3869//3869 3889//3889
f 3870//3870 3889//3889 3890//3890
f 3890//3890 3889//3889 3891//3891
f 3890//3890 3891//3891 3892//3892
f 3885//3885 3890//3890 3892//3892
f 3885//3885 3892//3892 3887//3887
f 3865//3865 3870//3870 3890//3890
f 3865//3865 3890//3890 3885//3885
f 3893//3893 3740//3740 3744//3744
f 3893//3893 3744//3744 3894//3894
f 3893//3893 3894//3894 3895//3895
f 3893//3893 3895//3895 3896//3896
f 3897//3897 3893//3893 3896//3896
f 3897//3897 3896//3896 3898//3898
f 3741//3741 3740//3740 3893//3893
f 3741//3741 3893//3893 3897//3897
f 3899//3899 3747//3747 3748//3748
f 3899//3899 3748//3748 3900//3900
f 3901//3901 3899//3899 3900//3900
f 3901//3901 3900//3900 3902//3902
f 3903//3903 3904//3904 3899//3899
f 3903//3903 3899//3899 3901//3901
f 3904//3904 3749//3749 3747//3747
f 3904//3904 3747//3747 3899//3899
f 3905//3905 3753//3753 3754//3754
f 3905//3905 3754//3754 3906//3906
f 3907//3907 3905//3905 3906//3906
f 3907//3907 3906//3906 3908//3908
f 3902//3902 3900//3900 3905//3905
f 3902//3902 3905//3905 3907//3907
f 3900//3900 3748//3748 3753//3753
f 3900//3900 3753//3753 3905//3905
f 3758//3758 3757//3757 3909//3909
f 3758//3758 3909//3909 3910//3910
f 3911//3911 3910//3910 3909//3909
f 3911//3911 3909//3909 3912//3912
f 3906//3906 3910//3910 3911//3911
f 3906//3906 3911//3911 3908//3908
f 3906//3906 3754//3754 3758//3758
f 3906//3906 3758//3758 3910//3910
f 3913//3913 3760//3760 3749//3749
f 3913//3913 3749//3749 3904//3904
f 3914//3914 3913//3913 3904//3904
f 3914//3914 3904//3904 3903//3903
f 3895//3895 3894//3894 3913//3913
f 3895//3895 3913//3913 3914//3914
f 3894//3894 3744//3744 3760//3760
f 3894//3894 3760//3760 3913//3913
f 3896//3896 3895//3895 3915//3915
f 3896//3896 3915//3915 3916//3916
f 3916//3916 3915//3915 3917//3917
f 3916//3916 3917//3917 3918//3918
f 3919//3919 3916//3916 3918//3918
f 3919//3919 3918//3918 3920//3920
f 3898//3898 3896//3896 3916//3916
f 3898//3898 3916//3916 3919//3919
f 3901//3901 3902//3902 3921//3921
f 3901//3901 3921//3921 3922//3922
f 3922//3922 3921//3921 3923//3923
f 3922//3922 3923//3923 3924//3924
f 3925//3925 3922//3922 3924//3924
f 3925//3925 3924//3924 3926//3926
f 3903//3903 3901//3901 3922//3922
f 3903//3903 3922//3922 3925//3925
f 3907//3907 3908//3908 3927//3927
f 3907//3907 3927//3927 3928//3928
f 3928//3928 3927//3927 3929//3929
f 3928//3928 3929//3929 3930//3930
f 3921//3921 3928//3928 3930//3930
f 3921//3921 3930//3930 3923//3923
f 3902//3902 3907//3907 3928//3928
f 3902//3902 3928//3928 3921//3921
f 3931//3931 3911//3911 3912//3912
f 3931//3931 3912//3912 3932//3932
f 3933//3933 3931//3931 3932//3932
f 3933//3933 3932//3932 3934//3934
f 3927//3927 3931//3931 3933//3933
f 3927//3927 3933//3933 3929//3929
f 3908//3908 3911//3911 3931//3931
f 3908//3908 3931//3931 3927//3927
f 3914//3914 3903//3903 3925//3925
f 3914//3914 3925//3925 3935//3935
f 3935//3935 3925//3925 3926//3926
f 3935//3935 3926//3926 3936//3936
f 3915//3915 3935//3935 3936//3936
f 3915//3915 3936//3936 3917//3917
f 3895//3895 3914//3914 3935//3935
f 3895//3895 3935//3935 3915//3915
f 3918//3918 3917//3917 3937//3937
f 3918//3918 3937//3937 3938//3938
f 3938//3938 3937//3937 3939//3939
f 3938//3938 3939//3939 3940//3940
f 3941//3941 3938//3938 3940//3940
f 3941//3941 3940//3940 3942//3942
f 3920//3920 3918//3918 3938//3938
f 3920//3920 3938//3938 3941//3941
f 3924//3924 3923//3923 3943//3943
f 3924//3924 3943//3943 3944//3944
f 3944//3944 3943//3943 3945//3945
f 3944//3944 3945//3945 3946//3946
f 3947//3947 3944//3944 3946//3946
f 3947//3947 3946//3946 3948//3948
f 3926//3926 3924//3924 3944//3944
f 3926//3926 3944//3944 3947//3947
f 3930//3930 3929//3929 3949//3949
f 3930//3930 3949//3949 3950//3950
f 3950//3950 3949//3949 3951//3951
f 3950//3950 3951//3951 3952//3952
f 3943//3943 3950//3950 3952//3952
f 3943//3943 3952//3952 3945//3945
f 3923//3923 3930//3930 3950//3950
f 3923//3923 3950//3950 3943//3943
f 3953//3953 3933//3933 3934//3934
f 3953//3953 3934//3934 3954//3954
f 3955//3955 3953//3953 3954//3954
f 3955//3955 3954//3954 3956//3956
f 3949//3949 3953//3953 3955//3955
f 3949//3949 3955//3955 3951//3951
f 3929//3929 3933//3933 3953//3953
f 3929//3929 3953//3953 3949//3949
f 3936//3936 3926//3926 3947//3947
f 3936//3936 3947//3947 3957//3957
f 3957//3957 3947//3947 3948//3948
f 3957//3957 3948//3948 3958//3958
f 3937//3937 3957//3957 3958//3958
f 3937//3937 3958//3958 3939//3939
f 3917//3917 3936//3936 3957//3957
f 3917//3917 3957//3957 3937//3937
f 3959//3959 3940//3940 3939//3939
f 3959//3959 3939//3939 3960//3960
f 3961//3961 3959//3959 3960//3960
f 3961//3961 3960//3960 3962//3962
f 3963//3963 3964//3964 3959//3959
f 3963//3963 3959//3959 3961//3961
f 3942//3942 3940//3940 3959//3959
f 3942//3942 3959//3959 3964//3964
f 3946//3946 3945//3945 3965//3965
f 3946//3946 3965//3965 3966//3966
f 3966//3966 3965//3965 3967//3967
f 3966//3966 3967//3967 3968//3968
f 3969//3969 3966//3966 3968//3968
f 3969//3969 3968//3968 3970//3970
f 3948//3948 3946//3946 3966//3966
f 3948//3948 3966//3966 3969//3969
f 3952//3952 3951//3951 3971//3971
f 3952//3952 3971//3971 3972//3972
f 3972//3972 3971//3971 3973//3973
f 3972//3972 3973//3973 3974//3974
f 3965//3965 3972//3972 3974//3974
f 3965//3965 3974//3974 3967//3967
f 3945//3945 3952//3952 3972//3972
f 3945//3945 3972//3972 3965//3965
f 3955//3955 3956//3956 3975//3975
f 3955//3955 3975//3975 3976//3976
f 3976//3976 3975//3975 3977//3977
f 3976//3976 3977//3977 3978//3978
f 3971//3971 3976//3976 3978//3978
f 3971//3971 3978//3978 3973//3973
f 3951//3951 3955//3955 3976//3976
f 3951//3951 3976//3976 3971//3971
f 3958//3958 3948//3948 3969//3969
f 3958//3958 3969//3969 3979//3979
f 3979//3979 3969//3969 3970//3970
f 3979//3979 3970//3970 3980//3980
f 3960//3960 3979//3979 3980//3980
f 3960//3960 3980//3980 3962//3962
f 3939//3939 3958//3958 3979//3979
f 3939//3939 3979//3979 3960//3960
f 3961//3961 3962//3962 3981//3981
f 3961//3961 3981//3981 3982//3982
f 3982//3982 3981//3981 3983//3983
f 3982//3982 3983//3983 3984//3984
f 3985//3985 3982//3982 3984//3984
f 3985//3985 3984//3984 3986//3986
f 3963//3963 3961//3961 3982//3982
f 3963//3963 3982//3982 3985//3985
f 3968//3968 3967//3967 3987//3987
f 3968//3968 3987//3987 3988//3988
f 3988//3988 3987//3987 3989//3989
f 3988//3988 3989//3989 3990//3990
f 3991//3991 3988//3988 3990//3990
f 3991//3991 3990//3990 3992//3992
f 3970//3970 3968//3968 3988//3988
f 3970//3970 3988//3988 3991//3991
f 3974//3974 3973//3973 3993//3993
f 3974//3974 3993//3993 3994//3994
f 3994//3994 3993//3993 3995//3995
f 3994//3994 3995//3995 3996//3996
f 3987//3987 3994//3994 3996//3996
f 3987//3987 3996//3996 3989//3989
f 3967//3967 3974//3974 3994//3994
f 3967//3967 3994//3994 3987//3987
f 3978//3978 3977//3977 3997//3997
f 3978//3978 3997//3997 3998//3998
f 3998//3998 3997//3997 3999//3999
f 3998//3998 3999//3999 4000//4000
f 3993//3993 3998//3998 4000//4000
f 3993//3993 4000//4000 3995//3995
f 3973//3973 3978//3978 3998//3998
f 3973//3973 3998//3998 3993//3993
f 3980//3980 3970//3970 3991//3991
f 3980//3980 3991//3991 4001//4001
f 4001//4001 3991//3991 3992//3992
f 4001//4001 3992//3992 4002//4002
f 3981//3981 4001//4001 4002//4002
f 3981//3981 4002//4002 3983//3983
f 3962//3962 3980//3980 4001//4001
f 3962//3962 4001//4001 3981//3981
f 3984//3984 3983//3983 4003//4003
f 3984//3984 4003//4003 4004//4004
f 4004//4004 4003//4003 3887//3887
f 4004//4004 3887//3887 3892//3892
f 4005//4005 4004//4004 3892//3892
f 4005//4005 3892//3892 3891//3891
f 3986//3986 3984//3984 4004//4004
f 3986//3986 4004//4004 4005//4005
f 3990//3990 3989//3989 4006//4006
f 3990//3990 4006//4006 4007//4007
f 4007//4007 4006//4006 3879//3879
f 4007//4007 3879//3879 3884//3884
f 4008//4008 4007//4007 3884//3884
f 4008//4008 3884//3884 3883//3883
f 3992//3992 3990//3990 4007//4007
f 3992//3992 4007//4007 4008//4008
f 3996//3996 3995//3995 4009//4009
f 3996//3996 4009//4009 4010//4010
f 4010//4010 4009//4009 3873//3873
f 4010//4010 3873//3873 3880//3880
f 4006//4006 4010//4010 3880//3880
f 4006//4006 3880//3880 3879//3879
f 3989//3989 3996//3996 4010//4010
f 3989//3989 4010//4010 4006//4006
f 4000//4000 3999//3999 4011//4011
f 4000//4000 4011//4011 4012//4012
f 4012//4012 4011//4011 3876//3876
f 4012//4012 3876//3876 3874//3874
f 3873//3873 4009//4009 4012//4012
f 3873//3873 4012//4012 3874//3874
f 3995//3995 4000//4000 4012//4012
f 3995//3995 4012//4012 4009//4009
f 4002//4002 3992//3992 4008//4008
f 4002//4002 4008//4008 4013//4013
f 4013//4013 4008//4008 3883//3883
f 4013//4013 3883//3883 3888//3888
f 4003//4003 4013//4013 3888//3888
f 4003//4003 3888//3888 3887//3887
f 3983//3983 4002//4002 4013//4013
f 3983//3983 4013//4013 4003//4003
f 4014//4014 4015//4015 3832//3832
f 4014//4014 3832//3832 3854//3854
f 4016//4016 4014//4014 3854//3854
f 4016//4016 3854//3854 3853//3853
f 4017//4017 4018//4018 4014//4014
f 4017//4017 4014//4014 4016//4016
f 4018//4018 4019//4019 4015//4015
f 4018//4018 4015//4015 4014//4014
f 4020//4020 4021//4021 3912//3912
f 4020//4020 3912//3912 3909//3909
f 4020//4020 3909//3909 3757//3757
f 4020//4020 3757//3757 4022//4022
f 4023//4023 4020//4020 4022//4022
f 4023//4023 4022//4022 4024//4024
f 4023//4023 4025//4025 4021//4021
f 4023//4023 4021//4021 4020//4020
f 4026//4026 3810//3810 3831//3831
f 4026//4026 3831//3831 4027//4027
f 4015//4015 4027//4027 3831//3831
f 4015//4015 3831//3831 3832//3832
f 4019//4019 4028//4028 4027//4027
f 4019//4019 4027//4027 4015//4015
f 4029//4029 4026//4026 4027//4027
f 4029//4029 4027//4027 4028//4028
f 4030//4030 3788//3788 3809//3809
f 4030//4030 3809//3809 4031//4031
f 4031//4031 3809//3809 3810//3810
f 4031//4031 3810//3810 4026//4026
f 4032//4032 4031//4031 4026//4026
f 4032//4032 4026//4026 4029//4029
f 4033//4033 4030//4030 4031//4031
f 4033//4033 4031//4031 4032//4032
f 4034//4034 3765//3765 3787//3787
f 4034//4034 3787//3787 4035//4035
f 4035//4035 3787//3787 3788//3788
f 4035//4035 3788//3788 4030//4030
f 4036//4036 4035//4035 4030//4030
f 4036//4036 4030//4030 4033//4033
f 4037//4037 4034//4034 4035//4035
f 4037//4037 4035//4035 4036//4036
f 4038//4038 3711//3711 3766//3766
f 4038//4038 3766//3766 4039//4039
f 4039//4039 3766//3766 3765//3765
f 4039//4039 3765//3765 4034//4034
f 4040//4040 4039//4039 4034//4034
f 4040//4040 4034//4034 4037//4037
f 4041//4041 4038//4038 4039//4039
f 4041//4041 4039//4039 4040//4040
f 4042//4042 3712//3712 3711//3711
f 4042//4042 3711//3711 4038//4038
f 4043//4043 4042//4042 4038//4038
f 4043//4043 4038//4038 4041//4041
f 4044//4044 4045//4045 4042//4042
f 4044//4044 4042//4042 4043//4043
f 4045//4045 3713//3713 3712//3712
f 4045//4045 3712//3712 4042//4042
f 4046//4046 4047//4047 4048//4048
f 4046//4046 4048//4048 4049//4049
f 4046//4046 4049//4049 4050//4050
f 4046//4046 4050//4050 4051//4051
f 4025//4025 4023//4023 4046//4046
f 4025//4025 4046//4046 4051//4051
f 4023//4023 4024//4024 4047//4047
f 4023//4023 4047//4047 4046//4046
f 4052//4052 4053//4053 4054//4054
f 4052//4052 4054//4054 4055//4055
f 4055//4055 4054//4054 4056//4056
f 4055//4055 4056//4056 4057//4057
f 4049//4049 4055//4055 4057//4057
f 4049//4049 4057//4057 4050//4050
f 4049//4049 4048//4048 4052//4052
f 4049//4049 4052//4052 4055//4055
f 4058//4058 4059//4059 4060//4060
f 4058//4058 4060//4060 4061//4061
f 4062//4062 4058//4058 4061//4061
f 4062//4062 4061//4061 4063//4063
f 4054//4054 4058//4058 4062//4062
f 4054//4054 4062//4062 4056//4056
f 4054//4054 4053//4053 4059//4059
f 4054//4054 4059//4059 4058//4058
f 4064//4064 4065//4065 4066//4066
f 4064//4064 4066//4066 4067//4067
f 4068//4068 4064//4064 4067//4067
f 4068//4068 4067//4067 4069//4069
f 4063//4063 4061//4061 4064//4064
f 4063//4063 4064//4064 4068//4068
f 4061//4061 4060//4060 4065//4065
f 4061//4061 4065//4065 4064//4064
f 4070//4070 4071//4071 4017//4017
f 4070//4070 4017//4017 4072//4072
f 4073//4073 4070//4070 4072//4072
f 4073//4073 4072//4072 4074//4074
f 4069//4069 4067//4067 4070//4070
f 4069//4069 4070//4070 4073//4073
f 4067//4067 4066//4066 4071//4071
f 4067//4067 4071//4071 4070//4070
f 4022//4022 3757//3757 3755//3755
f 4022//4022 3755//3755 4075//4075
f 4075//4075 3755//3755 3713//3713
f 4075//4075 3713//3713 4045//4045
f 4076//4076 4075//4075 4045//4045
f 4076//4076 4045//4045 4044//4044
f 4024//4024 4022//4022 4075//4075
f 4024//4024 4075//4075 4076//4076
f 4077//4077 4016//4016 3853//3853
f 4077//4077 3853//3853 3875//3875
f 4077//4077 3875//3875 3876//3876
f 4077//4077 3876//3876 4078//4078
f 4072//4072 4077//4077 4078//4078
f 4072//4072 4078//4078 4074//4074
f 4072//4072 4017//4017 4016//4016
f 4072//4072 4016//4016 4077//4077
f 4043//4043 4041//4041 4079//4079
f 4043//4043 4079//4079 4080//4080
f 4080//4080 4079//4079 4048//4048
f 4080//4080 4048//4048 4047//4047
f 4076//4076 4080//4080 4047//4047
f 4076//4076 4047//4047 4024//4024
f 4044//4044 4043//4043 4080//4080
f 4044//4044 4080//4080 4076//4076
f 4081//4081 4040//4040 4037//4037
f 4081//4081 4037//4037 4082//4082
f 4052//4052 4081//4081 4082//4082
f 4052//4052 4082//4082 4053//4053
f 4079//4079 4081//4081 4052//4052
f 4079//4079 4052//4052 4048//4048
f 4079//4079 4041//4041 4040//4040
f 4079//4079 4040//4040 4081//4081
f 4083//4083 4036//4036 4033//4033
f 4083//4083 4033//4033 4084//4084
f 4059//4059 4083//4083 4084//4084
f 4059//4059 4084//4084 4060//4060
f 4053//4053 4082//4082 4083//4083
f 4053//4053 4083//4083 4059//4059
f 4082//4082 4037//4037 4036//4036
f 4082//4082 4036//4036 4083//4083
f 4085//4085 4032//4032 4029//4029
f 4085//4085 4029//4029 4086//4086
f 4065//4065 4085//4085 4086//4086
f 4065//4065 4086//4086 4066//4066
f 4060//4060 4084//4084 4085//4085
f 4060//4060 4085//4085 4065//4065
f 4084//4084 4033//4033 4032//4032
f 4084//4084 4032//4032 4085//4085
f 4087//4087 4028//4028 4019//4019
f 4087//4087 4019//4019 4018//4018
f 4071//4071 4087//4087 4018//4018
f 4071//4071 4018//4018 4017//4017
f 4066//4066 4086//4086 4087//4087
f 4066//4066 4087//4087 4071//4071
f 4086//4086 4029//4029 4028//4028
f 4086//4086 4028//4028 4087//4087
f 4051//4051 4050//4050 4088//4088
f 4051//4051 4088//4088 4089//4089
f 4089//4089 4088//4088 3934//3934
f 4089//4089 3934//3934 3932//3932
f 4021//4021 4089//4089 3932//3932
f 4021//4021 3932//3932 3912//3912
f 4025//4025 4051//4051 4089//4089
f 4025//4025 4089//4089 4021//4021
f 4057//4057 4056//4056 4090//4090
f 4057//4057 4090//4090 4091//4091
f 4091//4091 4090//4090 3956//3956
f 4091//4091 3956//3956 3954//3954
f 4088//4088 4091//4091 3954//3954
f 4088//4088 3954//3954 3934//3934
f 4050//4050 4057//4057 4091//4091
f 4050//4050 4091//4091 4088//4088
f 4092//4092 4062//4062 4063//4063
f 4092//4092 4063//4063 4093//4093
f 3975//3975 4092//4092 4093//4093
f 3975//3975 4093//4093 3977//3977
f 4090//4090 4092//4092 3975//3975
f 4090//4090 3975//3975 3956//3956
f 4056//4056 4062//4062 4092//4092
f 4056//4056 4092//4092 4090//4090
f 4094//4094 4068//4068 4069//4069
f 4094//4094 4069//4069 4095//4095
f 3997//3997 4094//4094 4095//4095
f 3997//3997 4095//4095 3999//3999
f 3977//3977 4093//4093 4094//4094
f 3977//3977 4094//4094 3997//3997
f 4093//4093 4063//4063 4068//4068
f 4093//4093 4068//4068 4094//4094
f 4096//4096 4073//4073 4074//4074
f 4096//4096 4074//4074 4078//4078
f 4011//4011 4096//4096 4078//4078
f 4011//4011 4078//4078 3876//3876
f 3999//3999 4095//4095 4096//4096
f 3999//3999 4096//4096 4011//4011
f 4095//4095 4069//4069 4073//4073
f 4095//4095 4073//4073 4096//4096
f 4097//4097 4098//4098 4099//4099
f 4097//4097 4099//4099 4100//4100
f 4097//4097 4100//4100 4101//4101
f 4097//4097 4101//4101 4102//4102
f 4103//4103 4097//4097 4102//4102
f 4103//4103 4102//4102 4104//4104
f 4103//4103 4105//4105 4098//4098
f 4103//4103 4098//4098 4097//4097
f 4106//4106 4107//4107 4108//4108
f 4106//4106 4108//4108 4109//4109
f 4109//4109 4108//4108 4110//4110
f 4109//4109 4110//4110 4111//4111
f 4100//4100 4109//4109 4111//4111
f 4100//4100 4111//4111 4101//4101
f 4099//4099 4106//4106 4109//4109
f 4099//4099 4109//4109 4100//4100
f 4112//4112 4113//4113 4114//4114
f 4112//4112 4114//4114 4115//4115
f 4115//4115 4114//4114 4116//4116
f 4115//4115 4116//4116 4117//4117
f 4108//4108 4115//4115 4117//4117
f 4108//4108 4117//4117 4110//4110
f 4107//4107 4112//4112 4115//4115
f 4107//4107 4115//4115 4108//4108
f 4118//4118 4119//4119 4120//4120
f 4118//4118 4120//4120 4121//4121
f 4121//4121 4120//4120 4122//4122
f 4121//4121 4122//4122 4123//4123
f 4114//4114 4121//4121 4123//4123
f 4114//4114 4123//4123 4116//4116
f 4113//4113 4118//4118 4121//4121
f 4113//4113 4121//4121 4114//4114
f 3678//3678 3677//3677 4124//4124
f 3678//3678 4124//4124 4125//4125
f 4125//4125 4124//4124 4119//4119
f 4125//4125 4119//4119 4118//4118
f 4126//4126 4125//4125 4118//4118
f 4126//4126 4118//4118 4113//4113
f 3672//3672 3678//3678 4125//4125
f 3672//3672 4125//4125 4126//4126
f 3673//3673 3672//3672 4126//4126
f 3673//3673 4126//4126 4127//4127
f 4127//4127 4126//4126 4113//4113
f 4127//4127 4113//4113 4112//4112
f 4128//4128 4127//4127 4112//4112
f 4128//4128 4112//4112 4107//4107
f 3668//3668 3673//3673 4127//4127
f 3668//3668 4127//4127 4128//4128
f 3669//3669 3668//3668 4128//4128
f 3669//3669 4128//4128 4129//4129
f 4129//4129 4128//4128 4107//4107
f 4129//4129 4107//4107 4106//4106
f 4130//4130 4129//4129 4106//4106
f 4130//4130 4106//4106 4099//4099
f 4130//4130 3662//3662 3669//3669
f 4130//4130 3669//3669 4129//4129
f 4131//4131 3663//3663 3662//3662
f 4131//4131 3662//3662 4130//4130
f 4098//4098 4131//4131 4130//4130
f 4098//4098 4130//4130 4099//4099
f 4105//4105 4132//4132 4131//4131
f 4105//4105 4131//4131 4098//4098
f 4132//4132 3665//3665 3663//3663
f 4132//4132 3663//3663 4131//4131
f 4133//4133 4124//4124 3677//3677
f 4133//4133 3677//3677 3682//3682
f 3742//3742 4133//4133 3682//3682
f 3742//3742 3682//3682 3681//3681
f 3741//3741 4134//4134 4133//4133
f 3741//3741 4133//4133 3742//3742
f 4134//4134 4119//4119 4124//4124
f 4134//4134 4124//4124 4133//4133
f 4135//4135 4120//4120 4119//4119
f 4135//4135 4119//4119 4134//4134
f 3897//3897 4135//4135 4134//4134
f 3897//3897 4134//4134 3741//3741
f 3898//3898 4136//4136 4135//4135
f 3898//3898 4135//4135 3897//3897
f 4136//4136 4122//4122 4120//4120
f 4136//4136 4120//4120 4135//4135
f 4102//4102 4101//4101 4137//4137
f 4102//4102 4137//4137 4138//4138
f 4138//4138 4137//4137 4139//4139
f 4138//4138 4139//4139 4140//4140
f 4141//4141 4138//4138 4140//4140
f 4141//4141 4140//4140 4142//4142
f 4104//4104 4102//4102 4138//4138
f 4104//4104 4138//4138 4141//4141
f 4111//4111 4110//4110 4143//4143
f 4111//4111 4143//4143 4144//4144
f 4144//4144 4143//4143 4145//4145
f 4144//4144 4145//4145 4146//4146
f 4137//4137 4144//4144 4146//4146
f 4137//4137 4146//4146 4139//4139
f 4101//4101 4111//4111 4144//4144
f 4101//4101 4144//4144 4137//4137
f 4117//4117 4116//4116 4147//4147
f 4117//4117 4147//4147 4148//4148
f 4148//4148 4147//4147 4149//4149
f 4148//4148 4149//4149 4150//4150
f 4143//4143 4148//4148 4150//4150
f 4143//4143 4150//4150 4145//4145
f 4110//4110 4117//4117 4148//4148
f 4110//4110 4148//4148 4143//4143
f 4123//4123 4122//4122 4151//4151
f 4123//4123 4151//4151 4152//4152
f 4152//4152 4151//4151 4153//4153
f 4152//4152 4153//4153 4154//4154
f 4147//4147 4152//4152 4154//4154
f 4147//4147 4154//4154 4149//4149
f 4116//4116 4123//4123 4152//4152
f 4116//4116 4152//4152 4147//4147
f 4136//4136 3898//3898 3919//3919
f 4136//4136 3919//3919 4155//4155
f 4155//4155 3919//3919 3920//3920
f 4155//4155 3920//3920 4156//4156
f 4151//4151 4155//4155 4156//4156
f 4151//4151 4156//4156 4153//4153
f 4122//4122 4136//4136 4155//4155
f 4122//4122 4155//4155 4151//4151
f 4157//4157 3941//3941 3942//3942
f 4157//4157 3942//3942 4158//4158
f 4159//4159 4157//4157 4158//4158
f 4159//4159 4158//4158 4160//4160
f 4153//4153 4156//4156 4157//4157
f 4153//4153 4157//4157 4159//4159
f 3920//3920 3941//3941 4157//4157
f 3920//3920 4157//4157 4156//4156
f 3964//3964 3963//3963 4161//4161
f 3964//3964 4161//4161 4162//4162
f 4162//4162 4161//4161 4163//4163
f 4162//4162 4163//4163 4164//4164
f 4160//4160 4158//4158 4162//4162
f 4160//4160 4162//4162 4164//4164
f 4158//4158 3942//3942 3964//3964
f 4158//4158 3964//3964 4162//4162
f 3985//3985 3986//3986 4165//4165
f 3985//3985 4165//4165 4166//4166
f 4166//4166 4165//4165 4167//4167
f 4166//4166 4167//4167 4168//4168
f 4161//4161 4166//4166 4168//4168
f 4161//4161 4168//4168 4163//4163
f 3963//3963 3985//3985 4166//4166
f 3963//3963 4166//4166 4161//4161
f 4005//4005 3891//3891 4169//4169
f 4005//4005 4169//4169 4170//4170
f 4170//4170 4169//4169 4171//4171
f 4170//4170 4171//4171 4172//4172
f 4165//4165 4170//4170 4172//4172
f 4165//4165 4172//4172 4167//4167
f 3986//3986 4005//4005 4170//4170
f 3986//3986 4170//4170 4165//4165
f 4140//4140 4139//4139 4173//4173
f 4140//4140 4173//4173 4174//4174
f 4174//4174 4173//4173 4175//4175
f 4174//4174 4175//4175 4176//4176
f 4177//4177 4174//4174 4176//4176
f 4177//4177 4176//4176 4178//4178
f 4142//4142 4140//4140 4174//4174
f 4142//4142 4174//4174 4177//4177
f 4146//4146 4145//4145 4179//4179
f 4146//4146 4179//4179 4180//4180
f 4180//4180 4179//4179 4181//4181
f 4180//4180 4181//4181 4182//4182
f 4173//4173 4180//4180 4182//4182
f 4173//4173 4182//4182 4175//4175
f 4139//4139 4146//4146 4180//4180
f 4139//4139 4180//4180 4173//4173
f 4150//4150 4149//4149 4183//4183
f 4150//4150 4183//4183 4184//4184
f 4184//4184 4183//4183 4185//4185
f 4184//4184 4185//4185 4186//4186
f 4179//4179 4184//4184 4186//4186
f 4179//4179 4186//4186 4181//4181
f 4145//4145 4150//4150 4184//4184
f 4145//4145 4184//4184 4179//4179
f 4154//4154 4153//4153 4187//4187
f 4154//4154 4187//4187 4188//4188
f 4189//4189 4188//4188 4187//4187
f 4189//4189 4187//4187 4190//4190
f 4183//4183 4188//4188 4189//4189
f 4183//4183 4189//4189 4185//4185
f 4149//4149 4154//4154 4188//4188
f 4149//4149 4188//4188 4183//4183
f 3666//3666 3665//3665 4191//4191
f 3666//3666 4191//4191 4192//4192
f 4192//4192 4191//4191 4193//4193
f 4192//4192 4193//4193 4194//4194
f 556//556 4192//4192 4194//4194
f 556//556 4194//4194 558//558
f 8//8 3666//3666 4192//4192
f 8//8 4192//4192 556//556
f 4132//4132 4105//4105 4195//4195
f 4132//4132 4195//4195 4196//4196
f 4196//4196 4195//4195 4197//4197
f 4196//4196 4197//4197 4198//4198
f 4191//4191 4196//4196 4198//4198
f 4191//4191 4198//4198 4193//4193
f 3665//3665 4132//4132 4196//4196
f 3665//3665 4196//4196 4191//4191
f 4199//4199 4103//4103 4104//4104
f 4199//4199 4104//4104 4200//4200
f 4201//4201 4199//4199 4200//4200
f 4201//4201 4200//4200 4202//4202
f 4195//4195 4199//4199 4201//4201
f 4195//4195 4201//4201 4197//4197
f 4195//4195 4105//4105 4103//4103
f 4195//4195 4103//4103 4199//4199
f 4203//4203 4141//4141 4142//4142
f 4203//4203 4142//4142 4204//4204
f 4205//4205 4203//4203 4204//4204
f 4205//4205 4204//4204 4206//4206
f 4202//4202 4200//4200 4203//4203
f 4202//4202 4203//4203 4205//4205
f 4200//4200 4104//4104 4141//4141
f 4200//4200 4141//4141 4203//4203
f 4207//4207 4177//4177 4178//4178
f 4207//4207 4178//4178 4208//4208
f 4209//4209 4207//4207 4208//4208
f 4209//4209 4208//4208 4210//4210
f 4211//4211 4212//4212 4207//4207
f 4211//4211 4207//4207 4209//4209
f 4212//4212 4142//4142 4177//4177
f 4212//4212 4177//4177 4207//4207
f 4213//4213 4214//4214 4215//4215
f 4213//4213 4215//4215 4216//4216
f 4217//4217 4216//4216 4215//4215
f 4217//4217 4215//4215 4218//4218
f 4210//4210 4208//4208 4216//4216
f 4210//4210 4216//4216 4217//4217
f 4208//4208 4178//4178 4213//4213
f 4208//4208 4213//4213 4216//4216
f 4219//4219 4220//4220 4221//4221
f 4219//4219 4221//4221 4222//4222
f 4222//4222 4221//4221 4206//4206
f 4222//4222 4206//4206 4204//4204
f 4212//4212 4222//4222 4204//4204
f 4212//4212 4204//4204 4142//4142
f 4211//4211 4219//4219 4222//4222
f 4211//4211 4222//4222 4212//4212
f 4217//4217 4218//4218 4223//4223
f 4217//4217 4223//4223 4224//4224
f 4224//4224 4223//4223 4220//4220
f 4224//4224 4220//4220 4219//4219
f 4209//4209 4224//4224 4219//4219
f 4209//4209 4219//4219 4211//4211
f 4210//4210 4217//4217 4224//4224
f 4210//4210 4224//4224 4209//4209
f 4194//4194 4193//4193 4225//4225
f 4194//4194 4225//4225 4226//4226
f 4226//4226 4225//4225 4227//4227
f 4226//4226 4227//4227 4228//4228
f 592//592 4226//4226 4228//4228
f 592//592 4228//4228 594//594
f 558//558 4194//4194 4226//4226
f 558//558 4226//4226 592//592
f 4198//4198 4197//4197 4229//4229
f 4198//4198 4229//4229 4230//4230
f 4230//4230 4229//4229 4231//4231
f 4230//4230 4231//4231 4232//4232
f 4225//4225 4230//4230 4232//4232
f 4225//4225 4232//4232 4227//4227
f 4193//4193 4198//4198 4230//4230
f 4193//4193 4230//4230 4225//4225
f 4201//4201 4202//4202 4233//4233
f 4201//4201 4233//4233 4234//4234
f 4234//4234 4233//4233 4235//4235
f 4234//4234 4235//4235 4236//4236
f 4229//4229 4234//4234 4236//4236
f 4229//4229 4236//4236 4231//4231
f 4197//4197 4201//4201 4234//4234
f 4197//4197 4234//4234 4229//4229
f 4237//4237 4205//4205 4206//4206
f 4237//4237 4206//4206 4238//4238
f 4237//4237 4238//4238 4239//4239
f 4237//4237 4239//4239 4240//4240
f 4233//4233 4237//4237 4240//4240
f 4233//4233 4240//4240 4235//4235
f 4202//4202 4205//4205 4237//4237
f 4202//4202 4237//4237 4233//4233
f 4241//4241 4221//4221 4220//4220
f 4241//4241 4220//4220 4242//4242
f 4241//4241 4242//4242 4243//4243
f 4241//4241 4243//4243 4244//4244
f 4238//4238 4241//4241 4244//4244
f 4238//4238 4244//4244 4239//4239
f 4238//4238 4206//4206 4221//4221
f 4238//4238 4221//4221 4241//4241
f 4245//4245 4223//4223 4218//4218
f 4245//4245 4218//4218 4246//4246
f 4247//4247 4245//4245 4246//4246
f 4247//4247 4246//4246 4248//4248
f 4243//4243 4242//4242 4245//4245
f 4243//4243 4245//4245 4247//4247
f 4242//4242 4220//4220 4223//4223
f 4242//4242 4223//4223 4245//4245
f 4249//4249 4215//4215 4214//4214
f 4249//4249 4214//4214 4250//4250
f 4251//4251 4249//4249 4250//4250
f 4251//4251 4250//4250 4252//4252
f 4248//4248 4246//4246 4249//4249
f 4248//4248 4249//4249 4251//4251
f 4218//4218 4215//4215 4249//4249
f 4218//4218 4249//4249 4246//4246
f 4228//4228 4227//4227 4253//4253
f 4228//4228 4253//4253 4254//4254
f 4254//4254 4253//4253 4255//4255
f 4254//4254 4255//4255 4256//4256
f 622//622 4254//4254 4256//4256
f 622//622 4256//4256 624//624
f 594//594 4228//4228 4254//4254
f 594//594 4254//4254 622//622
f 4232//4232 4231//4231 4257//4257
f 4232//4232 4257//4257 4258//4258
f 4258//4258 4257//4257 4259//4259
f 4258//4258 4259//4259 4260//4260
f 4253//4253 4258//4258 4260//4260
f 4253//4253 4260//4260 4255//4255
f 4227//4227 4232//4232 4258//4258
f 4227//4227 4258//4258 4253//4253
f 4236//4236 4235//4235 4261//4261
f 4236//4236 4261//4261 4262//4262
f 4262//4262 4261//4261 4263//4263
f 4262//4262 4263//4263 4264//4264
f 4257//4257 4262//4262 4264//4264
f 4257//4257 4264//4264 4259//4259
f 4231//4231 4236//4236 4262//4262
f 4231//4231 4262//4262 4257//4257
f 4240//4240 4239//4239 4265//4265
f 4240//4240 4265//4265 4266//4266
f 4266//4266 4265//4265 4267//4267
f 4266//4266 4267//4267 4268//4268
f 4261//4261 4266//4266 4268//4268
f 4261//4261 4268//4268 4263//4263
f 4235//4235 4240//4240 4266//4266
f 4235//4235 4266//4266 4261//4261
f 4244//4244 4243//4243 4269//4269
f 4244//4244 4269//4269 4270//4270
f 4270//4270 4269//4269 4271//4271
f 4270//4270 4271//4271 4272//4272
f 4265//4265 4270//4270 4272//4272
f 4265//4265 4272//4272 4267//4267
f 4239//4239 4244//4244 4270//4270
f 4239//4239 4270//4270 4265//4265
f 4273//4273 4247//4247 4248//4248
f 4273//4273 4248//4248 4274//4274
f 4275//4275 4273//4273 4274//4274
f 4275//4275 4274//4274 4276//4276
f 4269//4269 4273//4273 4275//4275
f 4269//4269 4275//4275 4271//4271
f 4243//4243 4247//4247 4273//4273
f 4243//4243 4273//4273 4269//4269
f 4277//4277 4251//4251 4252//4252
f 4277//4277 4252//4252 4278//4278
f 4279//4279 4277//4277 4278//4278
f 4279//4279 4278//4278 4280//4280
f 4276//4276 4274//4274 4277//4277
f 4276//4276 4277//4277 4279//4279
f 4274//4274 4248//4248 4251//4251
f 4274//4274 4251//4251 4277//4277
f 4256//4256 4255//4255 4281//4281
f 4256//4256 4281//4281 4282//4282
f 4282//4282 4281//4281 4283//4283
f 4282//4282 4283//4283 4284//4284
f 652//652 4282//4282 4284//4284
f 652//652 4284//4284 654//654
f 624//624 4256//4256 4282//4282
f 624//624 4282//4282 652//652
f 4260//4260 4259//4259 4285//4285
f 4260//4260 4285//4285 4286//4286
f 4286//4286 4285//4285 4287//4287
f 4286//4286 4287//4287 4288//4288
f 4281//4281 4286//4286 4288//4288
f 4281//4281 4288//4288 4283//4283
f 4255//4255 4260//4260 4286//4286
f 4255//4255 4286//4286 4281//4281
f 4289//4289 4264//4264 4263//4263
f 4289//4289 4263//4263 4290//4290
f 4291//4291 4289//4289 4290//4290
f 4291//4291 4290//4290 4292//4292
f 4285//4285 4289//4289 4291//4291
f 4285//4285 4291//4291 4287//4287
f 4259//4259 4264//4264 4289//4289
f 4259//4259 4289//4289 4285//4285
f 4293//4293 4268//4268 4267//4267
f 4293//4293 4267//4267 4294//4294
f 4295//4295 4293//4293 4294//4294
f 4295//4295 4294//4294 4296//4296
f 4292//4292 4290//4290 4293//4293
f 4292//4292 4293//4293 4295//4295
f 4290//4290 4263//4263 4268//4268
f 4290//4290 4268//4268 4293//4293
f 4297//4297 4298//4298 4299//4299
f 4297//4297 4299//4299 4300//4300
f 4301//4301 4297//4297 4300//4300
f 4301//4301 4300//4300 4302//4302
f 4271//4271 4275//4275 4297//4297
f 4271//4271 4297//4297 4301//4301
f 4275//4275 4276//4276 4298//4298
f 4275//4275 4298//4298 4297//4297
f 4303//4303 4279//4279 4280//4280
f 4303//4303 4280//4280 4304//4304
f 4305//4305 4303//4303 4304//4304
f 4305//4305 4304//4304 4306//4306
f 4307//4307 4308//4308 4303//4303
f 4307//4307 4303//4303 4305//4305
f 4308//4308 4276//4276 4279//4279
f 4308//4308 4279//4279 4303//4303
f 4309//4309 4310//4310 4311//4311
f 4309//4309 4311//4311 4312//4312
f 4312//4312 4311//4311 4313//4313
f 4312//4312 4313//4313 4314//4314
f 685//685 4312//4312 4314//4314
f 685//685 4314//4314 687//687
f 684//684 4309//4309 4312//4312
f 684//684 4312//4312 685//685
f 4315//4315 4314//4314 4313//4313
f 4315//4315 4313//4313 4316//4316
f 4317//4317 4315//4315 4316//4316
f 4317//4317 4316//4316 4318//4318
f 4319//4319 4320//4320 4315//4315
f 4319//4319 4315//4315 4317//4317
f 4320//4320 687//687 4314//4314
f 4320//4320 4314//4314 4315//4315
f 4321//4321 4317//4317 4318//4318
f 4321//4321 4318//4318 4322//4322
f 4305//4305 4321//4321 4322//4322
f 4305//4305 4322//4322 4307//4307
f 4306//4306 4323//4323 4321//4321
f 4306//4306 4321//4321 4305//4305
f 4323//4323 4319//4319 4317//4317
f 4323//4323 4317//4317 4321//4321
f 4284//4284 4283//4283 4324//4324
f 4284//4284 4324//4324 4325//4325
f 4325//4325 4324//4324 4310//4310
f 4325//4325 4310//4310 4309//4309
f 700//700 4325//4325 4309//4309
f 700//700 4309//4309 684//684
f 654//654 4284//4284 4325//4325
f 654//654 4325//4325 700//700
f 4176//4176 4175//4175 4326//4326
f 4176//4176 4326//4326 4327//4327
f 4327//4327 4326//4326 4328//4328
f 4327//4327 4328//4328 4329//4329
f 4330//4330 4327//4327 4329//4329
f 4330//4330 4329//4329 4331//4331
f 4178//4178 4176//4176 4327//4327
f 4178//4178 4327//4327 4330//4330
f 4182//4182 4181//4181 4332//4332
f 4182//4182 4332//4332 4333//4333
f 4333//4333 4332//4332 4334//4334
f 4333//4333 4334//4334 4335//4335
f 4326//4326 4333//4333 4335//4335
f 4326//4326 4335//4335 4328//4328
f 4175//4175 4182//4182 4333//4333
f 4175//4175 4333//4333 4326//4326
f 4186//4186 4185//4185 4336//4336
f 4186//4186 4336//4336 4337//4337
f 4337//4337 4336//4336 4338//4338
f 4337//4337 4338//4338 4339//4339
f 4332//4332 4337//4337 4339//4339
f 4332//4332 4339//4339 4334//4334
f 4181//4181 4186//4186 4337//4337
f 4181//4181 4337//4337 4332//4332
f 4340//4340 4189//4189 4190//4190
f 4340//4340 4190//4190 4341//4341
f 4342//4342 4340//4340 4341//4341
f 4342//4342 4341//4341 4343//4343
f 4336//4336 4340//4340 4342//4342
f 4336//4336 4342//4342 4338//4338
f 4185//4185 4189//4189 4340//4340
f 4185//4185 4340//4340 4336//4336
f 4213//4213 4178//4178 4330//4330
f 4213//4213 4330//4330 4344//4344
f 4344//4344 4330//4330 4331//4331
f 4344//4344 4331//4331 4345//4345
f 4346//4346 4344//4344 4345//4345
f 4346//4346 4345//4345 4347//4347
f 4214//4214 4213//4213 4344//4344
f 4214//4214 4344//4344 4346//4346
f 4250//4250 4214//4214 4346//4346
f 4250//4250 4346//4346 4348//4348
f 4348//4348 4346//4346 4347//4347
f 4348//4348 4347//4347 4349//4349
f 4350//4350 4348//4348 4349//4349
f 4350//4350 4349//4349 4351//4351
f 4252//4252 4250//4250 4348//4348
f 4252//4252 4348//4348 4350//4350
f 4278//4278 4252//4252 4350//4350
f 4278//4278 4350//4350 4352//4352
f 4352//4352 4350//4350 4351//4351
f 4352//4352 4351//4351 4353//4353
f 4354//4354 4352//4352 4353//4353
f 4354//4354 4353//4353 4355//4355
f 4280//4280 4278//4278 4352//4352
f 4280//4280 4352//4352 4354//4354
f 4304//4304 4280//4280 4354//4354
f 4304//4304 4354//4354 4356//4356
f 4356//4356 4354//4354 4355//4355
f 4356//4356 4355//4355 4357//4357
f 4358//4358 4356//4356 4357//4357
f 4358//4358 4357//4357 4359//4359
f 4306//4306 4304//4304 4356//4356
f 4306//4306 4356//4356 4358//4358
f 4320//4320 4319//4319 4360//4360
f 4320//4320 4360//4360 4361//4361
f 4362//4362 4361//4361 4360//4360
f 4362//4362 4360//4360 4363//4363
f 738//738 737//737 4361//4361
f 738//738 4361//4361 4362//4362
f 687//687 4320//4320 4361//4361
f 687//687 4361//4361 737//737
f 4323//4323 4306//4306 4358//4358
f 4323//4323 4358//4358 4364//4364
f 4364//4364 4358//4358 4359//4359
f 4364//4364 4359//4359 4365//4365
f 4360//4360 4364//4364 4365//4365
f 4360//4360 4365//4365 4363//4363
f 4319//4319 4323//4323 4364//4364
f 4319//4319 4364//4364 4360//4360
f 4366//4366 4288//4288 4287//4287
f 4366//4366 4287//4287 4367//4367
f 4368//4368 4366//4366 4367//4367
f 4368//4368 4367//4367 4369//4369
f 4370//4370 4371//4371 4366//4366
f 4370//4370 4366//4366 4368//4368
f 4371//4371 4283//4283 4288//4288
f 4371//4371 4288//4288 4366//4366
f 4324//4324 4283//4283 4371//4371
f 4324//4324 4371//4371 4372//4372
f 4373//4373 4372//4372 4371//4371
f 4373//4373 4371//4371 4370//4370
f 4374//4374 4375//4375 4372//4372
f 4374//4374 4372//4372 4373//4373
f 4375//4375 4310//4310 4324//4324
f 4375//4375 4324//4324 4372//4372
f 4376//4376 4316//4316 4313//4313
f 4376//4376 4313//4313 4377//4377
f 4378//4378 4376//4376 4377//4377
f 4378//4378 4377//4377 4379//4379
f 4380//4380 4376//4376 4378//4378
f 4380//4380 4378//4378 4381//4381
f 4318//4318 4316//4316 4376//4376
f 4318//4318 4376//4376 4380//4380
f 4322//4322 4318//4318 4380//4380
f 4322//4322 4380//4380 4382//4382
f 4382//4382 4380//4380 4381//4381
f 4382//4382 4381//4381 4383//4383
f 4384//4384 4382//4382 4383//4383
f 4384//4384 4383//4383 4385//4385
f 4307//4307 4322//4322 4382//4382
f 4307//4307 4382//4382 4384//4384
f 4386//4386 4311//4311 4310//4310
f 4386//4386 4310//4310 4375//4375
f 4387//4387 4386//4386 4375//4375
f 4387//4387 4375//4375 4374//4374
f 4379//4379 4377//4377 4386//4386
f 4379//4379 4386//4386 4387//4387
f 4377//4377 4313//4313 4311//4311
f 4377//4377 4311//4311 4386//4386
f 4388//4388 4291//4291 4292//4292
f 4388//4388 4292//4292 4389//4389
f 4390//4390 4388//4388 4389//4389
f 4390//4390 4389//4389 4391//4391
f 4369//4369 4367//4367 4388//4388
f 4369//4369 4388//4388 4390//4390
f 4367//4367 4287//4287 4291//4291
f 4367//4367 4291//4291 4388//4388
f 4272//4272 4271//4271 4301//4301
f 4272//4272 4301//4301 4392//4392
f 4392//4392 4301//4301 4302//4302
f 4392//4392 4302//4302 4393//4393
f 4296//4296 4294//4294 4392//4392
f 4296//4296 4392//4392 4393//4393
f 4267//4267 4272//4272 4392//4392
f 4267//4267 4392//4392 4294//4294
f 4394//4394 4308//4308 4307//4307
f 4394//4394 4307//4307 4384//4384
f 4395//4395 4394//4394 4384//4384
f 4395//4395 4384//4384 4385//4385
f 4299//4299 4298//4298 4394//4394
f 4299//4299 4394//4394 4395//4395
f 4298//4298 4276//4276 4308//4308
f 4298//4298 4308//4308 4394//4394
f 4396//4396 4385//4385 4383//4383
f 4396//4396 4383//4383 4397//4397
f 4397//4397 4383//4383 4381//4381
f 4397//4397 4381//4381 4378//4378
f 4379//4379 4398//4398 4397//4397
f 4379//4379 4397//4397 4378//4378
f 4398//4398 4399//4399 4396//4396
f 4398//4398 4396//4396 4397//4397
f 4400//4400 4302//4302 4300//4300
f 4400//4400 4300//4300 4401//4401
f 4401//4401 4300//4300 4299//4299
f 4401//4401 4299//4299 4395//4395
f 4402//4402 4401//4401 4395//4395
f 4402//4402 4395//4395 4385//4385
f 4403//4403 4400//4400 4401//4401
f 4403//4403 4401//4401 4402//4402
f 4404//4404 4296//4296 4393//4393
f 4404//4404 4393//4393 4405//4405
f 4405//4405 4393//4393 4302//4302
f 4405//4405 4302//4302 4400//4400
f 4406//4406 4405//4405 4400//4400
f 4406//4406 4400//4400 4403//4403
f 4407//4407 4404//4404 4405//4405
f 4407//4407 4405//4405 4406//4406
f 4389//4389 4292//4292 4295//4295
f 4389//4389 4295//4295 4408//4408
f 4408//4408 4295//4295 4296//4296
f 4408//4408 4296//4296 4404//4404
f 4409//4409 4408//4408 4404//4404
f 4409//4409 4404//4404 4407//4407
f 4391//4391 4389//4389 4408//4408
f 4391//4391 4408//4408 4409//4409
f 4410//4410 4370//4370 4368//4368
f 4410//4410 4368//4368 4411//4411
f 4411//4411 4368//4368 4369//4369
f 4411//4411 4369//4369 4390//4390
f 4391//4391 4412//4412 4411//4411
f 4391//4391 4411//4411 4390//4390
f 4413//4413 4410//4410 4411//4411
f 4413//4413 4411//4411 4412//4412
f 4414//4414 4374//4374 4373//4373
f 4414//4414 4373//4373 4415//4415
f 4415//4415 4373//4373 4370//4370
f 4415//4415 4370//4370 4410//4410
f 4416//4416 4415//4415 4410//4410
f 4416//4416 4410//4410 4413//4413
f 4417//4417 4414//4414 4415//4415
f 4417//4417 4415//4415 4416//4416
f 4398//4398 4379//4379 4387//4387
f 4398//4398 4387//4387 4418//4418
f 4418//4418 4387//4387 4374//4374
f 4418//4418 4374//4374 4414//4414
f 4419//4419 4418//4418 4414//4414
f 4419//4419 4414//4414 4417//4417
f 4399//4399 4398//4398 4418//4418
f 4399//4399 4418//4418 4419//4419
f 4402//4402 4385//4385 4396//4396
f 4402//4402 4396//4396 4420//4420
f 4420//4420 4396//4396 4399//4399
f 4420//4420 4399//4399 4421//4421
f 4403//4403 4402//4402 4420//4420
f 4403//4403 4420//4420 4421//4421
f 4419//4419 4417//4417 4422//4422
f 4419//4419 4422//4422 4423//4423
f 4406//4406 4423//4423 4422//4422
f 4406//4406 4422//4422 4407//4407
f 4403//4403 4421//4421 4423//4423
f 4403//4403 4423//4423 4406//4406
f 4421//4421 4399//4399 4419//4419
f 4421//4421 4419//4419 4423//4423
f 4424//4424 4416//4416 4413//4413
f 4424//4424 4413//4413 4412//4412
f 4409//4409 4424//4424 4412//4412
f 4409//4409 4412//4412 4391//4391
f 4422//4422 4424//4424 4409//4409
f 4422//4422 4409//4409 4407//4407
f 4422//4422 4417//4417 4416//4416
f 4422//4422 4416//4416 4424//4424
f 4329//4329 4328//4328 4425//4425
f 4329//4329 4425//4425 4426//4426
f 4427//4427 4426//4426 4425//4425
f 4427//4427 4425//4425 4428//4428
f 4429//4429 4426//4426 4427//4427
f 4429//4429 4427//4427 4430//4430
f 4331//4331 4329//4329 4426//4426
f 4331//4331 4426//4426 4429//4429
f 4335//4335 4334//4334 4431//4431
f 4335//4335 4431//4431 4432//4432
f 4433//4433 4432//4432 4431//4431
f 4433//4433 4431//4431 4434//4434
f 4428//4428 4425//4425 4432//4432
f 4428//4428 4432//4432 4433//4433
f 4328//4328 4335//4335 4432//4432
f 4328//4328 4432//4432 4425//4425
f 4339//4339 4338//4338 4435//4435
f 4339//4339 4435//4435 4436//4436
f 4436//4436 4435//4435 4437//4437
f 4436//4436 4437//4437 4438//4438
f 4431//4431 4436//4436 4438//4438
f 4431//4431 4438//4438 4434//4434
f 4334//4334 4339//4339 4436//4436
f 4334//4334 4436//4436 4431//4431
f 4439//4439 4342//4342 4343//4343
f 4439//4439 4343//4343 4440//4440
f 4439//4439 4440//4440 4441//4441
f 4439//4439 4441//4441 4442//4442
f 4435//4435 4439//4439 4442//4442
f 4435//4435 4442//4442 4437//4437
f 4338//4338 4342//4342 4439//4439
f 4338//4338 4439//4439 4435//4435
f 4345//4345 4331//4331 4429//4429
f 4345//4345 4429//4429 4443//4443
f 4443//4443 4429//4429 4430//4430
f 4443//4443 4430//4430 4444//4444
f 4445//4445 4443//4443 4444//4444
f 4445//4445 4444//4444 4446//4446
f 4347//4347 4345//4345 4443//4443
f 4347//4347 4443//4443 4445//4445
f 4349//4349 4347//4347 4445//4445
f 4349//4349 4445//4445 4447//4447
f 4447//4447 4445//4445 4446//4446
f 4447//4447 4446//4446 4448//4448
f 4449//4449 4447//4447 4448//4448
f 4449//4449 4448//4448 4450//4450
f 4351//4351 4349//4349 4447//4447
f 4351//4351 4447//4447 4449//4449
f 4353//4353 4351//4351 4449//4449
f 4353//4353 4449//4449 4451//4451
f 4452//4452 4451//4451 4449//4449
f 4452//4452 4449//4449 4450//4450
f 4453//4453 4454//4454 4451//4451
f 4453//4453 4451//4451 4452//4452
f 4355//4355 4353//4353 4451//4451
f 4355//4355 4451//4451 4454//4454
f 4357//4357 4355//4355 4454//4454
f 4357//4357 4454//4454 4455//4455
f 4456//4456 4455//4455 4454//4454
f 4456//4456 4454//4454 4453//4453
f 4457//4457 4458//4458 4455//4455
f 4457//4457 4455//4455 4456//4456
f 4359//4359 4357//4357 4455//4455
f 4359//4359 4455//4455 4458//4458
f 4459//4459 4362//4362 4363//4363
f 4459//4459 4363//4363 4460//4460
f 4461//4461 4459//4459 4460//4460
f 4461//4461 4460//4460 4462//4462
f 839//839 838//838 4459//4459
f 839//839 4459//4459 4461//4461
f 838//838 738//738 4362//4362
f 838//838 4362//4362 4459//4459
f 4365//4365 4359//4359 4458//4458
f 4365//4365 4458//4458 4463//4463
f 4463//4463 4458//4458 4457//4457
f 4463//4463 4457//4457 4464//4464
f 4462//4462 4460//4460 4463//4463
f 4462//4462 4463//4463 4464//4464
f 4363//4363 4365//4365 4463//4463
f 4363//4363 4463//4463 4460//4460
f 4427//4427 4428//4428 4465//4465
f 4427//4427 4465//4465 4466//4466
f 4467//4467 4466//4466 4465//4465
f 4467//4467 4465//4465 4468//4468
f 4469//4469 4470//4470 4466//4466
f 4469//4469 4466//4466 4467//4467
f 4430//4430 4427//4427 4466//4466
f 4430//4430 4466//4466 4470//4470
f 4471//4471 4472//4472 4473//4473
f 4471//4471 4473//4473 4474//4474
f 4465//4465 4471//4471 4474//4474
f 4465//4465 4474//4474 4468//4468
f 4433//4433 4471//4471 4465//4465
f 4433//4433 4465//4465 4428//4428
f 4434//4434 4472//4472 4471//4471
f 4434//4434 4471//4471 4433//4433
f 4475//4475 4438//4438 4437//4437
f 4475//4475 4437//4437 4476//4476
f 4477//4477 4475//4475 4476//4476
f 4477//4477 4476//4476 4478//4478
f 4473//4473 4472//4472 4475//4475
f 4473//4473 4475//4475 4477//4477
f 4472//4472 4434//4434 4438//4438
f 4472//4472 4438//4438 4475//4475
f 4442//4442 4441//4441 4479//4479
f 4442//4442 4479//4479 4480//4480
f 4480//4480 4479//4479 4481//4481
f 4480//4480 4481//4481 4482//4482
f 4478//4478 4476//4476 4480//4480
f 4478//4478 4480//4480 4482//4482
f 4437//4437 4442//4442 4480//4480
f 4437//4437 4480//4480 4476//4476
f 4483//4483 4461//4461 4462//4462
f 4483//4483 4462//4462 4484//4484
f 4485//4485 4483//4483 4484//4484
f 4485//4485 4484//4484 4486//4486
f 864//864 4483//4483 4485//4485
f 864//864 4485//4485 865//865
f 864//864 839//839 4461//4461
f 864//864 4461//4461 4483//4483
f 4487//4487 4464//4464 4457//4457
f 4487//4487 4457//4457 4488//4488
f 4489//4489 4487//4487 4488//4488
f 4489//4489 4488//4488 4490//4490
f 4486//4486 4484//4484 4487//4487
f 4486//4486 4487//4487 4489//4489
f 4484//4484 4462//4462 4464//4464
f 4484//4484 4464//4464 4487//4487
f 4491//4491 4159//4159 4160//4160
f 4491//4491 4160//4160 4492//4492
f 4493//4493 4491//4491 4492//4492
f 4493//4493 4492//4492 4494//4494
f 4190//4190 4187//4187 4491//4491
f 4190//4190 4491//4491 4493//4493
f 4187//4187 4153//4153 4159//4159
f 4187//4187 4159//4159 4491//4491
f 4164//4164 4163//4163 4495//4495
f 4164//4164 4495//4495 4496//4496
f 4496//4496 4495//4495 4497//4497
f 4496//4496 4497//4497 4498//4498
f 4494//4494 4492//4492 4496//4496
f 4494//4494 4496//4496 4498//4498
f 4492//4492 4160//4160 4164//4164
f 4492//4492 4164//4164 4496//4496
f 4168//4168 4167//4167 4499//4499
f 4168//4168 4499//4499 4500//4500
f 4500//4500 4499//4499 4501//4501
f 4500//4500 4501//4501 4502//4502
f 4495//4495 4500//4500 4502//4502
f 4495//4495 4502//4502 4497//4497
f 4163//4163 4168//4168 4500//4500
f 4163//4163 4500//4500 4495//4495
f 4172//4172 4171//4171 4503//4503
f 4172//4172 4503//4503 4504//4504
f 4505//4505 4504//4504 4503//4503
f 4505//4505 4503//4503 4506//4506
f 4501//4501 4499//4499 4504//4504
f 4501//4501 4504//4504 4505//4505
f 4167//4167 4172//4172 4504//4504
f 4167//4167 4504//4504 4499//4499
f 4507//4507 4508//4508 4509//4509
f 4507//4507 4509//4509 4510//4510
f 4507//4507 4510//4510 4511//4511
f 4507//4507 4511//4511 4512//4512
f 4440//4440 4507//4507 4512//4512
f 4440//4440 4512//4512 4441//4441
f 4440//4440 4343//4343 4508//4508
f 4440//4440 4508//4508 4507//4507
f 4513//4513 4514//4514 4515//4515
f 4513//4513 4515//4515 4516//4516
f 4517//4517 4513//4513 4516//4516
f 4517//4517 4516//4516 4518//4518
f 4511//4511 4510//4510 4513//4513
f 4511//4511 4513//4513 4517//4517
f 4510//4510 4509//4509 4514//4514
f 4510//4510 4514//4514 4513//4513
f 4519//4519 4520//4520 4521//4521
f 4519//4519 4521//4521 4522//4522
f 4523//4523 4519//4519 4522//4522
f 4523//4523 4522//4522 4524//4524
f 4518//4518 4516//4516 4519//4519
f 4518//4518 4519//4519 4523//4523
f 4516//4516 4515//4515 4520//4520
f 4516//4516 4520//4520 4519//4519
f 4525//4525 4526//4526 4527//4527
f 4525//4525 4527//4527 4528//4528
f 4529//4529 4525//4525 4528//4528
f 4529//4529 4528//4528 4530//4530
f 4524//4524 4522//4522 4525//4525
f 4524//4524 4525//4525 4529//4529
f 4522//4522 4521//4521 4526//4526
f 4522//4522 4526//4526 4525//4525
f 4531//4531 4493//4493 4494//4494
f 4531//4531 4494//4494 4532//4532
f 4508//4508 4531//4531 4532//4532
f 4508//4508 4532//4532 4509//4509
f 4343//4343 4341//4341 4531//4531
f 4343//4343 4531//4531 4508//4508
f 4341//4341 4190//4190 4493//4493
f 4341//4341 4493//4493 4531//4531
f 4498//4498 4497//4497 4533//4533
f 4498//4498 4533//4533 4534//4534
f 4514//4514 4534//4534 4533//4533
f 4514//4514 4533//4533 4515//4515
f 4509//4509 4532//4532 4534//4534
f 4509//4509 4534//4534 4514//4514
f 4532//4532 4494//4494 4498//4498
f 4532//4532 4498//4498 4534//4534
f 4535//4535 4502//4502 4501//4501
f 4535//4535 4501//4501 4536//4536
f 4520//4520 4535//4535 4536//4536
f 4520//4520 4536//4536 4521//4521
f 4515//4515 4533//4533 4535//4535
f 4515//4515 4535//4535 4520//4520
f 4497//4497 4502//4502 4535//4535
f 4497//4497 4535//4535 4533//4533
f 4537//4537 4505//4505 4506//4506
f 4537//4537 4506//4506 4538//4538
f 4526//4526 4537//4537 4538//4538
f 4526//4526 4538//4538 4527//4527
f 4521//4521 4536//4536 4537//4537
f 4521//4521 4537//4537 4526//4526
f 4536//4536 4501//4501 4505//4505
f 4536//4536 4505//4505 4537//4537
f 4539//4539 4512//4512 4511//4511
f 4539//4539 4511//4511 4540//4540
f 4541//4541 4539//4539 4540//4540
f 4541//4541 4540//4540 4542//4542
f 4479//4479 4539//4539 4541//4541
f 4479//4479 4541//4541 4481//4481
f 4441//4441 4512//4512 4539//4539
f 4441//4441 4539//4539 4479//4479
f 4543//4543 4517//4517 4518//4518
f 4543//4543 4518//4518 4544//4544
f 4545//4545 4543//4543 4544//4544
f 4545//4545 4544//4544 4546//4546
f 4542//4542 4540//4540 4543//4543
f 4542//4542 4543//4543 4545//4545
f 4540//4540 4511//4511 4517//4517
f 4540//4540 4517//4517 4543//4543
f 4547//4547 4523//4523 4524//4524
f 4547//4547 4524//4524 4548//4548
f 4549//4549 4547//4547 4548//4548
f 4549//4549 4548//4548 4550//4550
f 4546//4546 4544//4544 4547//4547
f 4546//4546 4547//4547 4549//4549
f 4544//4544 4518//4518 4523//4523
f 4544//4544 4523//4523 4547//4547
f 4551//4551 4529//4529 4530//4530
f 4551//4551 4530//4530 4552//4552
f 4553//4553 4551//4551 4552//4552
f 4553//4553 4552//4552 4554//4554
f 4550//4550 4548//4548 4551//4551
f 4550//4550 4551//4551 4553//4553
f 4548//4548 4524//4524 4529//4529
f 4548//4548 4529//4529 4551//4551
f 4555//4555 4553//4553 4554//4554
f 4555//4555 4554//4554 4556//4556
f 4557//4557 4555//4555 4556//4556
f 4557//4557 4556//4556 4558//4558
f 4559//4559 4560//4560 4555//4555
f 4559//4559 4555//4555 4557//4557
f 4560//4560 4550//4550 4553//4553
f 4560//4560 4553//4553 4555//4555
f 4557//4557 4558//4558 4561//4561
f 4557//4557 4561//4561 4562//4562
f 4562//4562 4561//4561 4563//4563
f 4562//4562 4563//4563 4564//4564
f 4565//4565 4562//4562 4564//4564
f 4565//4565 4564//4564 4566//4566
f 4565//4565 4559//4559 4557//4557
f 4565//4565 4557//4557 4562//4562
f 4564//4564 4563//4563 4567//4567
f 4564//4564 4567//4567 4568//4568
f 4568//4568 4567//4567 4569//4569
f 4568//4568 4569//4569 4570//4570
f 4571//4571 4568//4568 4570//4570
f 4571//4571 4570//4570 4572//4572
f 4566//4566 4564//4564 4568//4568
f 4566//4566 4568//4568 4571//4571
f 4573//4573 4574//4574 4575//4575
f 4573//4573 4575//4575 4576//4576
f 4577//4577 4576//4576 4575//4575
f 4577//4577 4575//4575 4578//4578
f 4579//4579 4576//4576 4577//4577
f 4579//4579 4577//4577 4580//4580
f 4581//4581 4573//4573 4576//4576
f 4581//4581 4576//4576 4579//4579
f 4570//4570 4569//4569 4582//4582
f 4570//4570 4582//4582 4583//4583
f 4583//4583 4582//4582 4574//4574
f 4583//4583 4574//4574 4573//4573
f 4584//4584 4583//4583 4573//4573
f 4584//4584 4573//4573 4581//4581
f 4572//4572 4570//4570 4583//4583
f 4572//4572 4583//4583 4584//4584
f 4577//4577 4578//4578 4585//4585
f 4577//4577 4585//4585 4586//4586
f 4587//4587 4586//4586 4585//4585
f 4587//4587 4585//4585 4588//4588
f 4589//4589 4590//4590 4586//4586
f 4589//4589 4586//4586 4587//4587
f 4580//4580 4577//4577 4586//4586
f 4580//4580 4586//4586 4590//4590
f 4591//4591 4587//4587 4588//4588
f 4591//4591 4588//4588 4592//4592
f 4593//4593 4591//4591 4592//4592
f 4593//4593 4592//4592 4594//4594
f 4595//4595 4596//4596 4591//4591
f 4595//4595 4591//4591 4593//4593
f 4596//4596 4589//4589 4587//4587
f 4596//4596 4587//4587 4591//4591
f 4541//4541 4542//4542 4597//4597
f 4541//4541 4597//4597 4598//4598
f 4598//4598 4597//4597 4599//4599
f 4598//4598 4599//4599 4600//4600
f 4601//4601 4602//4602 4598//4598
f 4601//4601 4598//4598 4600//4600
f 4602//4602 4481//4481 4541//4541
f 4602//4602 4541//4541 4598//4598
f 4603//4603 4545//4545 4546//4546
f 4603//4603 4546//4546 4604//4604
f 4605//4605 4603//4603 4604//4604
f 4605//4605 4604//4604 4606//4606
f 4597//4597 4603//4603 4605//4605
f 4597//4597 4605//4605 4599//4599
f 4597//4597 4542//4542 4545//4545
f 4597//4597 4545//4545 4603//4603
f 4549//4549 4550//4550 4607//4607
f 4549//4549 4607//4607 4608//4608
f 4608//4608 4607//4607 4609//4609
f 4608//4608 4609//4609 4610//4610
f 4604//4604 4608//4608 4610//4610
f 4604//4604 4610//4610 4606//4606
f 4604//4604 4546//4546 4549//4549
f 4604//4604 4549//4549 4608//4608
f 4560//4560 4559//4559 4611//4611
f 4560//4560 4611//4611 4612//4612
f 4612//4612 4611//4611 4613//4613
f 4612//4612 4613//4613 4614//4614
f 4607//4607 4612//4612 4614//4614
f 4607//4607 4614//4614 4609//4609
f 4550//4550 4560//4560 4612//4612
f 4550//4550 4612//4612 4607//4607
f 4615//4615 4565//4565 4566//4566
f 4615//4615 4566//4566 4616//4616
f 4617//4617 4615//4615 4616//4616
f 4617//4617 4616//4616 4618//4618
f 4611//4611 4615//4615 4617//4617
f 4611//4611 4617//4617 4613//4613
f 4559//4559 4565//4565 4615//4615
f 4559//4559 4615//4615 4611//4611
f 4619//4619 4571//4571 4572//4572
f 4619//4619 4572//4572 4620//4620
f 4621//4621 4619//4619 4620//4620
f 4621//4621 4620//4620 4622//4622
f 4618//4618 4616//4616 4619//4619
f 4618//4618 4619//4619 4621//4621
f 4616//4616 4566//4566 4571//4571
f 4616//4616 4571//4571 4619//4619
f 4623//4623 4584//4584 4581//4581
f 4623//4623 4581//4581 4624//4624
f 4625//4625 4623//4623 4624//4624
f 4625//4625 4624//4624 4626//4626
f 4622//4622 4620//4620 4623//4623
f 4622//4622 4623//4623 4625//4625
f 4620//4620 4572//4572 4584//4584
f 4620//4620 4584//4584 4623//4623
f 4600//4600 4599//4599 4627//4627
f 4600//4600 4627//4627 4628//4628
f 4628//4628 4627//4627 4629//4629
f 4628//4628 4629//4629 4630//4630
f 4631//4631 4628//4628 4630//4630
f 4631//4631 4630//4630 4632//4632
f 4601//4601 4600//4600 4628//4628
f 4601//4601 4628//4628 4631//4631
f 4605//4605 4606//4606 4633//4633
f 4605//4605 4633//4633 4634//4634
f 4634//4634 4633//4633 4635//4635
f 4634//4634 4635//4635 4636//4636
f 4627//4627 4634//4634 4636//4636
f 4627//4627 4636//4636 4629//4629
f 4599//4599 4605//4605 4634//4634
f 4599//4599 4634//4634 4627//4627
f 4610//4610 4609//4609 4637//4637
f 4610//4610 4637//4637 4638//4638
f 4639//4639 4638//4638 4637//4637
f 4639//4639 4637//4637 4640//4640
f 4635//4635 4633//4633 4638//4638
f 4635//4635 4638//4638 4639//4639
f 4606//4606 4610//4610 4638//4638
f 4606//4606 4638//4638 4633//4633
f 4614//4614 4613//4613 4641//4641
f 4614//4614 4641//4641 4642//4642
f 4643//4643 4642//4642 4641//4641
f 4643//4643 4641//4641 4644//4644
f 4640//4640 4637//4637 4642//4642
f 4640//4640 4642//4642 4643//4643
f 4637//4637 4609//4609 4614//4614
f 4637//4637 4614//4614 4642//4642
f 4645//4645 4617//4617 4618//4618
f 4645//4645 4618//4618 4646//4646
f 4647//4647 4645//4645 4646//4646
f 4647//4647 4646//4646 4648//4648
f 4644//4644 4641//4641 4645//4645
f 4644//4644 4645//4645 4647//4647
f 4641//4641 4613//4613 4617//4617
f 4641//4641 4617//4617 4645//4645
f 4649//4649 4621//4621 4622//4622
f 4649//4649 4622//4622 4650//4650
f 4651//4651 4649//4649 4650//4650
f 4651//4651 4650//4650 4652//4652
f 4648//4648 4646//4646 4649//4649
f 4648//4648 4649//4649 4651//4651
f 4646//4646 4618//4618 4621//4621
f 4646//4646 4621//4621 4649//4649
f 4653//4653 4625//4625 4626//4626
f 4653//4653 4626//4626 4654//4654
f 4654//4654 4655//4655 4656//4656
f 4654//4654 4656//4656 4657//4657
f 4652//4652 4650//4650 4653//4653
f 4652//4652 4653//4653 4658//4658
f 4650//4650 4622//4622 4625//4625
f 4650//4650 4625//4625 4653//4653
f 4659//4659 4660//4660 4661//4661
f 4659//4659 4661//4661 4662//4662
f 4663//4663 4659//4659 4662//4662
f 4663//4663 4662//4662 4664//4664
f 4665//4665 4666//4666 4659//4659
f 4665//4665 4659//4659 4663//4663
f 4666//4666 4667//4667 4660//4660
f 4666//4666 4660//4660 4659//4659
f 4636//4636 4635//4635 4668//4668
f 4636//4636 4668//4668 4669//4669
f 4670//4670 4669//4669 4668//4668
f 4670//4670 4668//4668 4671//4671
f 4661//4661 4672//4672 4669//4669
f 4661//4661 4669//4669 4670//4670
f 4629//4629 4636//4636 4669//4669
f 4629//4629 4669//4669 4672//4672
f 4673//4673 4639//4639 4640//4640
f 4673//4673 4640//4640 4674//4674
f 4673//4673 4674//4674 4675//4675
f 4673//4673 4675//4675 4676//4676
f 4668//4668 4673//4673 4676//4676
f 4668//4668 4676//4676 4671//4671
f 4668//4668 4635//4635 4639//4639
f 4668//4668 4639//4639 4673//4673
f 4677//4677 4643//4643 4644//4644
f 4677//4677 4644//4644 4678//4678
f 4677//4677 4678//4678 4679//4679
f 4677//4677 4679//4679 4680//4680
f 4674//4674 4677//4677 4680//4680
f 4674//4674 4680//4680 4675//4675
f 4674//4674 4640//4640 4643//4643
f 4674//4674 4643//4643 4677//4677
f 4681//4681 4647//4647 4648//4648
f 4681//4681 4648//4648 4682//4682
f 4681//4681 4682//4682 4683//4683
f 4681//4681 4683//4683 4684//4684
f 4678//4678 4681//4681 4684//4684
f 4678//4678 4684//4684 4679//4679
f 4678//4678 4644//4644 4647//4647
f 4678//4678 4647//4647 4681//4681
f 4651//4651 4652//4652 4685//4685
f 4651//4651 4685//4685 4686//4686
f 4686//4686 4685//4685 4687//4687
f 4686//4686 4687//4687 4688//4688
f 4682//4682 4686//4686 4688//4688
f 4682//4682 4688//4688 4683//4683
f 4682//4682 4648//4648 4651//4651
f 4682//4682 4651//4651 4686//4686
f 4689//4689 4663//4663 4664//4664
f 4689//4689 4664//4664 4690//4690
f 4689//4689 4690//4690 4691//4691
f 4689//4689 4691//4691 4692//4692
f 4693//4693 4689//4689 4692//4692
f 4693//4693 4692//4692 4694//4694
f 4665//4665 4663//4663 4689//4689
f 4665//4665 4689//4689 4693//4693
f 4695//4695 4696//4696 4697//4697
f 4695//4695 4697//4697 4698//4698
f 4695//4695 4698//4698 4699//4699
f 4695//4695 4699//4699 4700//4700
f 4690//4690 4695//4695 4700//4700
f 4690//4690 4700//4700 4691//4691
f 4664//4664 4696//4696 4695//4695
f 4664//4664 4695//4695 4690//4690
f 4701//4701 4702//4702 4703//4703
f 4701//4701 4703//4703 4704//4704
f 4704//4704 4703//4703 4705//4705
f 4704//4704 4705//4705 4706//4706
f 4699//4699 4698//4698 4704//4704
f 4699//4699 4704//4704 4706//4706
f 4698//4698 4697//4697 4701//4701
f 4698//4698 4701//4701 4704//4704
f 4707//4707 4708//4708 4709//4709
f 4707//4707 4709//4709 4710//4710
f 4710//4710 4709//4709 4711//4711
f 4710//4710 4711//4711 4712//4712
f 4705//4705 4703//4703 4710//4710
f 4705//4705 4710//4710 4712//4712
f 4702//4702 4707//4707 4710//4710
f 4702//4702 4710//4710 4703//4703
f 4713//4713 4714//4714 4715//4715
f 4713//4713 4715//4715 4716//4716
f 4716//4716 4715//4715 4717//4717
f 4716//4716 4717//4717 4718//4718
f 4709//4709 4716//4716 4718//4718
f 4709//4709 4718//4718 4711//4711
f 4708//4708 4713//4713 4716//4716
f 4708//4708 4716//4716 4709//4709
f 4719//4719 4720//4720 4721//4721
f 4719//4719 4721//4721 4722//4722
f 4722//4722 4721//4721 4723//4723
f 4722//4722 4723//4723 4724//4724
f 4715//4715 4722//4722 4724//4724
f 4715//4715 4724//4724 4717//4717
f 4714//4714 4719//4719 4722//4722
f 4714//4714 4722//4722 4715//4715
f 4725//4725 4726//4726 4727//4727
f 4725//4725 4727//4727 4728//4728
f 4729//4729 4725//4725 4728//4728
f 4729//4729 4728//4728 4730//4730
f 4721//4721 4725//4725 4729//4729
f 4721//4721 4729//4729 4723//4723
f 4721//4721 4720//4720 4726//4726
f 4721//4721 4726//4726 4725//4725
f 4731//4731 4732//4732 4665//4665
f 4731//4731 4665//4665 4693//4693
f 4733//4733 4731//4731 4693//4693
f 4733//4733 4693//4693 4694//4694
f 4730//4730 4728//4728 4731//4731
f 4730//4730 4731//4731 4733//4733
f 4728//4728 4727//4727 4732//4732
f 4728//4728 4732//4732 4731//4731
f 4692//4692 4691//4691 4734//4734
f 4692//4692 4734//4734 4735//4735
f 4735//4735 4734//4734 4736//4736
f 4735//4735 4736//4736 4737//4737
f 4738//4738 4739//4739 4735//4735
f 4738//4738 4735//4735 4737//4737
f 4739//4739 4694//4694 4692//4692
f 4739//4739 4692//4692 4735//4735
f 4700//4700 4699//4699 4740//4740
f 4700//4700 4740//4740 4741//4741
f 4741//4741 4740//4740 4742//4742
f 4741//4741 4742//4742 4743//4743
f 4734//4734 4741//4741 4743//4743
f 4734//4734 4743//4743 4736//4736
f 4691//4691 4700//4700 4741//4741
f 4691//4691 4741//4741 4734//4734
f 4706//4706 4705//4705 4744//4744
f 4706//4706 4744//4744 4745//4745
f 4745//4745 4744//4744 4746//4746
f 4745//4745 4746//4746 4747//4747
f 4742//4742 4740//4740 4745//4745
f 4742//4742 4745//4745 4747//4747
f 4740//4740 4699//4699 4706//4706
f 4740//4740 4706//4706 4745//4745
f 4712//4712 4711//4711 4748//4748
f 4712//4712 4748//4748 4749//4749
f 4750//4750 4749//4749 4748//4748
f 4750//4750 4748//4748 4751//4751
f 4746//4746 4744//4744 4749//4749
f 4746//4746 4749//4749 4750//4750
f 4705//4705 4712//4712 4749//4749
f 4705//4705 4749//4749 4744//4744
f 4718//4718 4717//4717 4752//4752
f 4718//4718 4752//4752 4753//4753
f 4753//4753 4752//4752 4754//4754
f 4753//4753 4754//4754 4755//4755
f 4751//4751 4748//4748 4753//4753
f 4751//4751 4753//4753 4755//4755
f 4711//4711 4718//4718 4753//4753
f 4711//4711 4753//4753 4748//4748
f 4724//4724 4723//4723 4756//4756
f 4724//4724 4756//4756 4757//4757
f 4758//4758 4757//4757 4756//4756
f 4758//4758 4756//4756 4759//4759
f 4752//4752 4757//4757 4758//4758
f 4752//4752 4758//4758 4754//4754
f 4717//4717 4724//4724 4757//4757
f 4717//4717 4757//4757 4752//4752
f 4729//4729 4730//4730 4760//4760
f 4729//4729 4760//4760 4761//4761
f 4761//4761 4760//4760 4762//4762
f 4761//4761 4762//4762 4763//4763
f 4759//4759 4756//4756 4761//4761
f 4759//4759 4761//4761 4763//4763
f 4756//4756 4723//4723 4729//4729
f 4756//4756 4729//4729 4761//4761
f 4764//4764 4733//4733 4694//4694
f 4764//4764 4694//4694 4739//4739
f 4765//4765 4764//4764 4739//4739
f 4765//4765 4739//4739 4738//4738
f 4760//4760 4764//4764 4765//4765
f 4760//4760 4765//4765 4762//4762
f 4760//4760 4730//4730 4733//4733
f 4760//4760 4733//4733 4764//4764
f 4737//4737 4736//4736 4766//4766
f 4737//4737 4766//4766 4767//4767
f 4768//4768 4767//4767 4766//4766
f 4768//4768 4766//4766 4769//4769
f 4770//4770 4771//4771 4767//4767
f 4770//4770 4767//4767 4768//4768
f 4771//4771 4738//4738 4737//4737
f 4771//4771 4737//4737 4767//4767
f 4743//4743 4742//4742 4772//4772
f 4743//4743 4772//4772 4773//4773
f 4773//4773 4772//4772 4774//4774
f 4773//4773 4774//4774 4775//4775
f 4769//4769 4766//4766 4773//4773
f 4769//4769 4773//4773 4775//4775
f 4766//4766 4736//4736 4743//4743
f 4766//4766 4743//4743 4773//4773
f 4776//4776 4747//4747 4746//4746
f 4776//4776 4746//4746 4777//4777
f 4776//4776 4777//4777 4778//4778
f 4776//4776 4778//4778 4779//4779
f 4772//4772 4776//4776 4779//4779
f 4772//4772 4779//4779 4774//4774
f 4772//4772 4742//4742 4747//4747
f 4772//4772 4747//4747 4776//4776
f 4780//4780 4750//4750 4751//4751
f 4780//4780 4751//4751 4781//4781
f 4780//4780 4781//4781 4782//4782
f 4780//4780 4782//4782 4783//4783
f 4777//4777 4780//4780 4783//4783
f 4777//4777 4783//4783 4778//4778
f 4746//4746 4750//4750 4780//4780
f 4746//4746 4780//4780 4777//4777
f 4755//4755 4754//4754 4784//4784
f 4755//4755 4784//4784 4785//4785
f 4786//4786 4785//4785 4784//4784
f 4786//4786 4784//4784 4787//4787
f 4782//4782 4781//4781 4785//4785
f 4782//4782 4785//4785 4786//4786
f 4751//4751 4755//4755 4785//4785
f 4751//4751 4785//4785 4781//4781
f 4788//4788 4758//4758 4759//4759
f 4788//4788 4759//4759 4789//4789
f 4788//4788 4789//4789 4790//4790
f 4788//4788 4790//4790 4791//4791
f 4787//4787 4784//4784 4788//4788
f 4787//4787 4788//4788 4791//4791
f 4784//4784 4754//4754 4758//4758
f 4784//4784 4758//4758 4788//4788
f 4792//4792 4763//4763 4762//4762
f 4792//4792 4762//4762 4793//4793
f 4792//4792 4793//4793 4794//4794
f 4792//4792 4794//4794 4795//4795
f 4789//4789 4792//4792 4795//4795
f 4789//4789 4795//4795 4790//4790
f 4789//4789 4759//4759 4763//4763
f 4789//4789 4763//4763 4792//4792
f 4796//4796 4765//4765 4738//4738
f 4796//4796 4738//4738 4771//4771
f 4797//4797 4796//4796 4771//4771
f 4797//4797 4771//4771 4770//4770
f 4793//4793 4796//4796 4797//4797
f 4793//4793 4797//4797 4794//4794
f 4762//4762 4765//4765 4796//4796
f 4762//4762 4796//4796 4793//4793
f 4798//4798 4768//4768 4769//4769
f 4798//4798 4769//4769 4775//4775
f 4798//4798 4775//4775 4774//4774
f 4798//4798 4774//4774 4779//4779
f 4799//4799 4798//4798 4779//4779
f 4799//4799 4779//4779 4778//4778
f 4770//4770 4768//4768 4798//4798
f 4770//4770 4798//4798 4799//4799
f 4799//4799 4778//4778 4783//4783
f 4799//4799 4783//4783 4800//4800
f 4800//4800 4783//4783 4782//4782
f 4800//4800 4782//4782 4801//4801
f 4794//4794 4797//4797 4800//4800
f 4794//4794 4800//4800 4801//4801
f 4797//4797 4770//4770 4799//4799
f 4797//4797 4799//4799 4800//4800
f 4801//4801 4782//4782 4786//4786
f 4801//4801 4786//4786 4802//4802
f 4802//4802 4786//4786 4787//4787
f 4802//4802 4787//4787 4791//4791
f 4790//4790 4795//4795 4802//4802
f 4790//4790 4802//4802 4791//4791
f 4795//4795 4794//4794 4801//4801
f 4795//4795 4801//4801 4802//4802
f 4803//4803 4579//4579 4580//4580
f 4803//4803 4580//4580 4804//4804
f 4805//4805 4803//4803 4804//4804
f 4805//4805 4804//4804 4806//4806
f 4626//4626 4624//4624 4803//4803
f 4626//4626 4803//4803 4805//4805
f 4624//4624 4581//4581 4579//4579
f 4624//4624 4579//4579 4803//4803
f 4590//4590 4589//4589 4807//4807
f 4590//4590 4807//4807 4808//4808
f 4808//4808 4807//4807 4809//4809
f 4808//4808 4809//4809 4810//4810
f 4804//4804 4808//4808 4810//4810
f 4804//4804 4810//4810 4806//4806
f 4804//4804 4580//4580 4590//4590
f 4804//4804 4590//4590 4808//4808
f 4596//4596 4595//4595 4811//4811
f 4596//4596 4811//4811 4812//4812
f 4812//4812 4811//4811 4813//4813
f 4812//4812 4813//4813 4814//4814
f 4807//4807 4812//4812 4814//4814
f 4807//4807 4814//4814 4809//4809
f 4589//4589 4596//4596 4812//4812
f 4589//4589 4812//4812 4807//4807
f 4805//4805 4806//4806 4815//4815
f 4805//4805 4815//4815 4816//4816
f 4817//4817 4816//4816 4815//4815
f 4817//4817 4815//4815 4818//4818
f 4655//4655 4654//4654 4816//4816
f 4655//4655 4816//4816 4817//4817
f 4654//4654 4626//4626 4805//4805
f 4654//4654 4805//4805 4816//4816
f 4810//4810 4809//4809 4819//4819
f 4810//4810 4819//4819 4820//4820
f 4820//4820 4818//4818 4815//4815
f 4806//4806 4810//4810 4820//4820
f 4806//4806 4820//4820 4815//4815
f 4814//4814 4813//4813 4821//4821
f 4814//4814 4821//4821 4822//4822
f 4823//4823 4822//4822 4821//4821
f 4823//4823 4821//4821 4824//4824
f 4819//4819 4822//4822 4823//4823
f 4819//4819 4823//4823 4825//4825
f 4809//4809 4814//4814 4822//4822
f 4809//4809 4822//4822 4819//4819
f 4826//4826 4827//4827 4828//4828
f 4826//4826 4828//4828 4829//4829
f 4829//4829 4828//4828 4830//4830
f 4829//4829 4830//4830 4831//4831
f 4474//4474 4829//4829 4831//4831
f 4474//4474 4831//4831 4468//4468
f 4473//4473 4826//4826 4829//4829
f 4473//4473 4829//4829 4474//4474
f 4832//4832 4477//4477 4478//4478
f 4832//4832 4478//4478 4833//4833
f 4834//4834 4832//4832 4833//4833
f 4834//4834 4833//4833 4835//4835
f 4827//4827 4826//4826 4832//4832
f 4827//4827 4832//4832 4834//4834
f 4473//4473 4477//4477 4832//4832
f 4473//4473 4832//4832 4826//4826
f 4836//4836 4482//4482 4481//4481
f 4836//4836 4481//4481 4602//4602
f 4837//4837 4836//4836 4602//4602
f 4837//4837 4602//4602 4601//4601
f 4835//4835 4833//4833 4836//4836
f 4835//4835 4836//4836 4837//4837
f 4833//4833 4478//4478 4482//4482
f 4833//4833 4482//4482 4836//4836
f 4838//4838 4446//4446 4444//4444
f 4838//4838 4444//4444 4839//4839
f 4839//4839 4444//4444 4430//4430
f 4839//4839 4430//4430 4470//4470
f 4840//4840 4839//4839 4470//4470
f 4840//4840 4470//4470 4469//4469
f 4841//4841 4838//4838 4839//4839
f 4841//4841 4839//4839 4840//4840
f 4842//4842 4450//4450 4448//4448
f 4842//4842 4448//4448 4843//4843
f 4843//4843 4448//4448 4446//4446
f 4843//4843 4446//4446 4838//4838
f 4844//4844 4843//4843 4838//4838
f 4844//4844 4838//4838 4841//4841
f 4845//4845 4842//4842 4843//4843
f 4845//4845 4843//4843 4844//4844
f 4846//4846 4453//4453 4452//4452
f 4846//4846 4452//4452 4847//4847
f 4847//4847 4452//4452 4450//4450
f 4847//4847 4450//4450 4842//4842
f 4848//4848 4847//4847 4842//4842
f 4848//4848 4842//4842 4845//4845
f 4849//4849 4846//4846 4847//4847
f 4849//4849 4847//4847 4848//4848
f 4488//4488 4457//4457 4456//4456
f 4488//4488 4456//4456 4850//4850
f 4850//4850 4456//4456 4453//4453
f 4850//4850 4453//4453 4846//4846
f 4851//4851 4850//4850 4846//4846
f 4851//4851 4846//4846 4849//4849
f 4490//4490 4488//4488 4850//4850
f 4490//4490 4850//4850 4851//4851
f 4852//4852 4853//4853 4854//4854
f 4852//4852 4854//4854 4855//4855
f 4726//4726 4852//4852 4855//4855
f 4726//4726 4855//4855 4727//4727
f 4720//4720 4856//4856 4852//4852
f 4720//4720 4852//4852 4726//4726
f 4856//4856 4687//4687 4853//4853
f 4856//4856 4853//4853 4852//4852
f 4857//4857 4667//4667 4666//4666
f 4857//4857 4666//4666 4858//4858
f 4858//4858 4666//4666 4665//4665
f 4858//4858 4665//4665 4732//4732
f 4727//4727 4855//4855 4858//4858
f 4727//4727 4858//4858 4732//4732
f 4855//4855 4854//4854 4857//4857
f 4855//4855 4857//4857 4858//4858
f 4859//4859 4670//4670 4671//4671
f 4859//4859 4671//4671 4860//4860
f 4696//4696 4859//4859 4860//4860
f 4696//4696 4860//4860 4697//4697
f 4664//4664 4662//4662 4859//4859
f 4664//4664 4859//4859 4696//4696
f 4662//4662 4661//4661 4670//4670
f 4662//4662 4670//4670 4859//4859
f 4676//4676 4675//4675 4861//4861
f 4676//4676 4861//4861 4862//4862
f 4862//4862 4861//4861 4702//4702
f 4862//4862 4702//4702 4701//4701
f 4697//4697 4860//4860 4862//4862
f 4697//4697 4862//4862 4701//4701
f 4671//4671 4676//4676 4862//4862
f 4671//4671 4862//4862 4860//4860
f 4680//4680 4679//4679 4863//4863
f 4680//4680 4863//4863 4864//4864
f 4864//4864 4863//4863 4708//4708
f 4864//4864 4708//4708 4707//4707
f 4861//4861 4864//4864 4707//4707
f 4861//4861 4707//4707 4702//4702
f 4675//4675 4680//4680 4864//4864
f 4675//4675 4864//4864 4861//4861
f 4684//4684 4683//4683 4865//4865
f 4684//4684 4865//4865 4866//4866
f 4866//4866 4865//4865 4714//4714
f 4866//4866 4714//4714 4713//4713
f 4863//4863 4866//4866 4713//4713
f 4863//4863 4713//4713 4708//4708
f 4679//4679 4684//4684 4866//4866
f 4679//4679 4866//4866 4863//4863
f 4867//4867 4834//4834 4835//4835
f 4867//4867 4835//4835 4868//4868
f 4869//4869 4867//4867 4868//4868
f 4869//4869 4868//4868 4870//4870
f 4830//4830 4828//4828 4867//4867
f 4830//4830 4867//4867 4869//4869
f 4827//4827 4834//4834 4867//4867
f 4827//4827 4867//4867 4828//4828
f 4871//4871 4837//4837 4601//4601
f 4871//4871 4601//4601 4631//4631
f 4872//4872 4871//4871 4631//4631
f 4872//4872 4631//4631 4632//4632
f 4870//4870 4868//4868 4871//4871
f 4870//4870 4871//4871 4872//4872
f 4868//4868 4835//4835 4837//4837
f 4868//4868 4837//4837 4871//4871
f 4656//4656 4873//4873 4874//4874
f 4656//4656 4874//4874 4657//4657
f 4658//4658 4657//4657 4874//4874
f 4658//4658 4874//4874 4652//4652
f 4875//4875 4656//4656 4655//4655
f 4875//4875 4655//4655 4876//4876
f 4877//4877 4875//4875 4876//4876
f 4877//4877 4876//4876 4632//4632
f 4873//4873 4656//4656 4875//4875
f 4873//4873 4875//4875 4877//4877
f 4878//4878 4879//4879 4880//4880
f 4878//4878 4880//4880 4881//4881
f 4881//4881 4880//4880 4882//4882
f 4881//4881 4882//4882 4883//4883
f 4821//4821 4881//4881 4883//4883
f 4821//4821 4883//4883 4824//4824
f 4813//4813 4878//4878 4881//4881
f 4813//4813 4881//4881 4821//4821
f 4884//4884 4885//4885 4886//4886
f 4884//4884 4886//4886 4887//4887
f 4887//4887 4886//4886 4879//4879
f 4887//4887 4879//4879 4878//4878
f 4811//4811 4887//4887 4878//4878
f 4811//4811 4878//4878 4813//4813
f 4595//4595 4884//4884 4887//4887
f 4595//4595 4887//4887 4811//4811
f 4888//4888 4593//4593 4594//4594
f 4888//4888 4594//4594 4889//4889
f 4890//4890 4888//4888 4889//4889
f 4890//4890 4889//4889 4891//4891
f 4885//4885 4884//4884 4888//4888
f 4885//4885 4888//4888 4890//4890
f 4884//4884 4595//4595 4593//4593
f 4884//4884 4593//4593 4888//4888
f 4892//4892 4890//4890 4891//4891
f 4892//4892 4891//4891 4893//4893
f 4894//4894 4892//4892 4893//4893
f 4894//4894 4893//4893 4895//4895
f 4896//4896 4897//4897 4892//4892
f 4896//4896 4892//4892 4894//4894
f 4897//4897 4885//4885 4890//4890
f 4897//4897 4890//4890 4892//4892
f 4898//4898 4886//4886 4885//4885
f 4898//4898 4885//4885 4897//4897
f 4899//4899 4898//4898 4897//4897
f 4899//4899 4897//4897 4896//4896
f 4900//4900 4898//4898 4899//4899
f 4900//4900 4899//4899 4901//4901
f 4900//4900 4879//4879 4886//4886
f 4900//4900 4886//4886 4898//4898
f 4902//4902 4880//4880 4879//4879
f 4902//4902 4879//4879 4900//4900
f 4902//4902 4900//4900 4901//4901
f 4902//4902 4901//4901 4903//4903
f 4904//4904 4902//4902 4903//4903
f 4904//4904 4903//4903 4905//4905
f 4904//4904 4882//4882 4880//4880
f 4904//4904 4880//4880 4902//4902
f 4903//4903 4901//4901 4906//4906
f 4903//4903 4906//4906 4907//4907
f 4907//4907 4906//4906 1292//1292
f 4907//4907 1292//1292 1290//1290
f 4908//4908 4907//4907 1290//1290
f 4908//4908 1290//1290 1291//1291
f 4905//4905 4903//4903 4907//4907
f 4905//4905 4907//4907 4908//4908
f 4909//4909 4899//4899 4896//4896
f 4909//4909 4896//4896 4910//4910
f 1295//1295 4909//4909 4910//4910
f 1295//1295 4910//4910 1296//1296
f 1292//1292 4906//4906 4909//4909
f 1292//1292 4909//4909 1295//1295
f 4906//4906 4901//4901 4899//4899
f 4906//4906 4899//4899 4909//4909
f 4911//4911 4894//4894 4895//4895
f 4911//4911 4895//4895 4912//4912
f 4911//4911 4912//4912 1300//1300
f 4911//4911 1300//1300 1299//1299
f 4910//4910 4911//4911 1299//1299
f 4910//4910 1299//1299 1296//1296
f 4896//4896 4894//4894 4911//4911
f 4896//4896 4911//4911 4910//4910
f 4561//4561 4558//4558 4913//4913
f 4561//4561 4913//4913 4914//4914
f 4914//4914 4913//4913 4915//4915
f 4914//4914 4915//4915 4916//4916
f 4917//4917 4914//4914 4916//4916
f 4917//4917 4916//4916 4918//4918
f 4563//4563 4561//4561 4914//4914
f 4563//4563 4914//4914 4917//4917
f 4567//4567 4563//4563 4917//4917
f 4567//4567 4917//4917 4919//4919
f 4919//4919 4917//4917 4918//4918
f 4919//4919 4918//4918 4920//4920
f 4921//4921 4922//4922 4919//4919
f 4921//4921 4919//4919 4920//4920
f 4922//4922 4569//4569 4567//4567
f 4922//4922 4567//4567 4919//4919
f 4923//4923 4575//4575 4574//4574
f 4923//4923 4574//4574 4924//4924
f 4925//4925 4923//4923 4924//4924
f 4925//4925 4924//4924 4926//4926
f 4927//4927 4928//4928 4923//4923
f 4927//4927 4923//4923 4925//4925
f 4578//4578 4575//4575 4923//4923
f 4578//4578 4923//4923 4928//4928
f 4929//4929 4582//4582 4569//4569
f 4929//4929 4569//4569 4922//4922
f 4930//4930 4929//4929 4922//4922
f 4930//4930 4922//4922 4921//4921
f 4926//4926 4924//4924 4929//4929
f 4926//4926 4929//4929 4930//4930
f 4924//4924 4574//4574 4582//4582
f 4924//4924 4582//4582 4929//4929
f 4931//4931 4585//4585 4578//4578
f 4931//4931 4578//4578 4928//4928
f 4932//4932 4931//4931 4928//4928
f 4932//4932 4928//4928 4927//4927
f 4933//4933 4934//4934 4931//4931
f 4933//4933 4931//4931 4932//4932
f 4934//4934 4588//4588 4585//4585
f 4934//4934 4585//4585 4931//4931
f 4592//4592 4588//4588 4934//4934
f 4592//4592 4934//4934 4935//4935
f 4936//4936 4935//4935 4934//4934
f 4936//4936 4934//4934 4933//4933
f 4937//4937 4935//4935 4936//4936
f 4937//4937 4936//4936 4938//4938
f 4594//4594 4592//4592 4935//4935
f 4594//4594 4935//4935 4937//4937
f 4889//4889 4594//4594 4937//4937
f 4889//4889 4937//4937 4939//4939
f 4939//4939 4937//4937 4938//4938
f 4939//4939 4938//4938 4940//4940
f 4941//4941 4939//4939 4940//4940
f 4941//4941 4940//4940 1330//1330
f 4891//4891 4889//4889 4939//4939
f 4891//4891 4939//4939 4941//4941
f 4893//4893 4891//4891 4941//4941
f 4893//4893 4941//4941 4942//4942
f 4942//4942 4941//4941 1330//1330
f 4942//4942 1330//1330 1332//1332
f 4912//4912 4942//4942 1332//1332
f 4912//4912 1332//1332 1300//1300
f 4895//4895 4893//4893 4942//4942
f 4895//4895 4942//4942 4912//4912
f 4916//4916 4915//4915 4943//4943
f 4916//4916 4943//4943 4944//4944
f 4944//4944 4943//4943 1338//1338
f 4944//4944 1338//1338 1336//1336
f 4945//4945 4944//4944 1336//1336
f 4945//4945 1336//1336 1337//1337
f 4918//4918 4916//4916 4944//4944
f 4918//4918 4944//4944 4945//4945
f 4920//4920 4918//4918 4945//4945
f 4920//4920 4945//4945 4946//4946
f 4946//4946 4945//4945 1337//1337
f 4946//4946 1337//1337 1341//1341
f 4947//4947 4946//4946 1341//1341
f 4947//4947 1341//1341 1342//1342
f 4921//4921 4920//4920 4946//4946
f 4921//4921 4946//4946 4947//4947
f 4948//4948 4925//4925 4926//4926
f 4948//4948 4926//4926 4949//4949
f 1347//1347 4948//4948 4949//4949
f 1347//1347 4949//4949 1348//1348
f 1346//1346 4950//4950 4948//4948
f 1346//1346 4948//4948 1347//1347
f 4950//4950 4927//4927 4925//4925
f 4950//4950 4925//4925 4948//4948
f 4951//4951 4930//4930 4921//4921
f 4951//4951 4921//4921 4947//4947
f 4951//4951 4947//4947 1342//1342
f 4951//4951 1342//1342 1350//1350
f 1348//1348 4949//4949 4951//4951
f 1348//1348 4951//4951 1350//1350
f 4949//4949 4926//4926 4930//4930
f 4949//4949 4930//4930 4951//4951
f 4952//4952 4932//4932 4927//4927
f 4952//4952 4927//4927 4950//4950
f 1354//1354 4952//4952 4950//4950
f 1354//1354 4950//4950 1346//1346
f 1353//1353 4953//4953 4952//4952
f 1353//1353 4952//4952 1354//1354
f 4953//4953 4933//4933 4932//4932
f 4953//4953 4932//4932 4952//4952
f 4954//4954 4936//4936 4933//4933
f 4954//4954 4933//4933 4953//4953
f 1358//1358 4954//4954 4953//4953
f 1358//1358 4953//4953 1353//1353
f 1357//1357 4955//4955 4954//4954
f 1357//1357 4954//4954 1358//1358
f 4955//4955 4938//4938 4936//4936
f 4955//4955 4936//4936 4954//4954
f 3720//3720 3681//3681 3685//3685
f 3720//3720 3685//3685 4956//4956
f 4956//4956 3685//3685 3684//3684
f 4956//4956 3684//3684 3690//3690
f 4957//4957 4956//4956 3690//3690
f 4957//4957 3690//3690 3689//3689
f 3722//3722 3720//3720 4956//4956
f 3722//3722 4956//4956 4957//4957
f 3780//3780 3722//3722 4957//4957
f 3780//3780 4957//4957 4958//4958
f 4958//4958 4957//4957 3689//3689
f 4958//4958 3689//3689 4959//4959
f 4960//4960 4958//4958 4959//4959
f 4960//4960 4959//4959 4961//4961
f 3782//3782 3780//3780 4958//4958
f 3782//3782 4958//4958 4960//4960
f 3802//3802 3782//3782 4960//4960
f 3802//3802 4960//4960 4962//4962
f 4962//4962 4960//4960 4961//4961
f 4962//4962 4961//4961 4963//4963
f 4964//4964 4962//4962 4963//4963
f 4964//4964 4963//4963 4965//4965
f 3804//3804 3802//3802 4962//4962
f 3804//3804 4962//4962 4964//4964
f 3824//3824 3804//3804 4964//4964
f 3824//3824 4964//4964 4966//4966
f 4966//4966 4964//4964 4965//4965
f 4966//4966 4965//4965 4967//4967
f 4968//4968 4966//4966 4967//4967
f 4968//4968 4967//4967 4969//4969
f 3826//3826 3824//3824 4966//4966
f 3826//3826 4966//4966 4968//4968
f 3846//3846 3826//3826 4968//4968
f 3846//3846 4968//4968 4970//4970
f 4970//4970 4968//4968 4969//4969
f 4970//4970 4969//4969 4971//4971
f 4972//4972 4970//4970 4971//4971
f 4972//4972 4971//4971 4973//4973
f 3848//3848 3846//3846 4970//4970
f 3848//3848 4970//4970 4972//4972
f 3868//3868 3848//3848 4972//4972
f 3868//3868 4972//4972 4974//4974
f 4974//4974 4972//4972 4973//4973
f 4974//4974 4973//4973 4975//4975
f 4976//4976 4977//4977 4974//4974
f 4976//4976 4974//4974 4975//4975
f 4977//4977 3869//3869 3868//3868
f 4977//4977 3868//3868 4974//4974
f 4978//4978 3889//3889 3869//3869
f 4978//4978 3869//3869 4977//4977
f 4979//4979 4978//4978 4977//4977
f 4979//4979 4977//4977 4976//4976
f 4980//4980 4981//4981 4978//4978
f 4980//4980 4978//4978 4979//4979
f 4981//4981 3891//3891 3889//3889
f 4981//4981 3889//3889 4978//4978
f 4982//4982 3701//3701 3706//3706
f 4982//4982 3706//3706 4983//4983
f 4983//4983 3706//3706 3705//3705
f 4983//4983 3705//3705 4984//4984
f 4985//4985 4983//4983 4984//4984
f 4985//4985 4984//4984 4986//4986
f 4987//4987 4982//4982 4983//4983
f 4987//4987 4983//4983 4985//4985
f 4988//4988 4987//4987 4985//4985
f 4988//4988 4985//4985 4989//4989
f 4989//4989 4985//4985 4986//4986
f 4989//4989 4986//4986 4990//4990
f 4991//4991 4989//4989 4990//4990
f 4991//4991 4990//4990 4992//4992
f 4993//4993 4988//4988 4989//4989
f 4993//4993 4989//4989 4991//4991
f 4994//4994 4993//4993 4991//4991
f 4994//4994 4991//4991 4995//4995
f 4995//4995 4991//4991 4992//4992
f 4995//4995 4992//4992 4996//4996
f 4997//4997 4995//4995 4996//4996
f 4997//4997 4996//4996 4998//4998
f 4999//4999 4994//4994 4995//4995
f 4999//4999 4995//4995 4997//4997
f 5000//5000 4999//4999 4997//4997
f 5000//5000 4997//4997 5001//5001
f 5001//5001 4997//4997 4998//4998
f 5001//5001 4998//4998 5002//5002
f 5003//5003 5001//5001 5002//5002
f 5003//5003 5002//5002 5004//5004
f 5005//5005 5000//5000 5001//5001
f 5005//5005 5001//5001 5003//5003
f 5006//5006 5007//5007 5005//5005
f 5006//5006 5005//5005 5003//5003
f 5008//5008 5006//5006 5003//5003
f 5008//5008 5003//5003 5004//5004
f 5009//5009 5010//5010 5006//5006
f 5009//5009 5006//5006 5008//5008
f 5010//5010 5011//5011 5007//5007
f 5010//5010 5007//5007 5006//5006
f 5012//5012 5013//5013 5011//5011
f 5012//5012 5011//5011 5010//5010
f 5014//5014 5012//5012 5010//5010
f 5014//5014 5010//5010 5009//5009
f 5015//5015 5016//5016 5012//5012
f 5015//5015 5012//5012 5014//5014
f 5016//5016 5017//5017 5013//5013
f 5016//5016 5013//5013 5012//5012
f 5018//5018 3692//3692 3698//3698
f 5018//5018 3698//3698 5019//5019
f 5019//5019 3698//3698 3697//3697
f 5019//5019 3697//3697 5020//5020
f 5021//5021 5019//5019 5020//5020
f 5021//5021 5020//5020 5022//5022
f 5023//5023 5018//5018 5019//5019
f 5023//5023 5019//5019 5021//5021
f 5024//5024 5023//5023 5021//5021
f 5024//5024 5021//5021 5025//5025
f 5025//5025 5021//5021 5022//5022
f 5025//5025 5022//5022 5026//5026
f 5027//5027 5025//5025 5026//5026
f 5027//5027 5026//5026 5028//5028
f 5029//5029 5024//5024 5025//5025
f 5029//5029 5025//5025 5027//5027
f 5030//5030 5029//5029 5027//5027
f 5030//5030 5027//5027 5031//5031
f 5031//5031 5027//5027 5028//5028
f 5031//5031 5028//5028 5032//5032
f 5033//5033 5031//5031 5032//5032
f 5033//5033 5032//5032 5034//5034
f 5035//5035 5030//5030 5031//5031
f 5035//5035 5031//5031 5033//5033
f 5036//5036 5035//5035 5033//5033
f 5036//5036 5033//5033 5037//5037
f 5037//5037 5033//5033 5034//5034
f 5037//5037 5034//5034 5038//5038
f 5039//5039 5037//5037 5038//5038
f 5039//5039 5038//5038 5040//5040
f 5041//5041 5036//5036 5037//5037
f 5041//5041 5037//5037 5039//5039
f 5042//5042 5041//5041 5039//5039
f 5042//5042 5039//5039 5043//5043
f 5043//5043 5039//5039 5040//5040
f 5043//5043 5040//5040 5044//5044
f 5045//5045 5043//5043 5044//5044
f 5045//5045 5044//5044 5046//5046
f 5047//5047 5042//5042 5043//5043
f 5047//5047 5043//5043 5045//5045
f 5048//5048 5049//5049 5047//5047
f 5048//5048 5047//5047 5045//5045
f 5050//5050 5048//5048 5045//5045
f 5050//5050 5045//5045 5046//5046
f 5051//5051 5052//5052 5048//5048
f 5051//5051 5048//5048 5050//5050
f 5052//5052 5053//5053 5049//5049
f 5052//5052 5049//5049 5048//5048
f 4959//4959 3689//3689 3693//3693
f 4959//4959 3693//3693 5054//5054
f 5054//5054 3693//3693 3692//3692
f 5054//5054 3692//3692 5018//5018
f 5055//5055 5054//5054 5018//5018
f 5055//5055 5018//5018 5023//5023
f 4961//4961 4959//4959 5054//5054
f 4961//4961 5054//5054 5055//5055
f 4963//4963 4961//4961 5055//5055
f 4963//4963 5055//5055 5056//5056
f 5056//5056 5055//5055 5023//5023
f 5056//5056 5023//5023 5024//5024
f 5057//5057 5056//5056 5024//5024
f 5057//5057 5024//5024 5029//5029
f 4965//4965 4963//4963 5056//5056
f 4965//4965 5056//5056 5057//5057
f 4967//4967 4965//4965 5057//5057
f 4967//4967 5057//5057 5058//5058
f 5058//5058 5057//5057 5029//5029
f 5058//5058 5029//5029 5030//5030
f 5059//5059 5058//5058 5030//5030
f 5059//5059 5030//5030 5035//5035
f 4969//4969 4967//4967 5058//5058
f 4969//4969 5058//5058 5059//5059
f 4971//4971 4969//4969 5059//5059
f 4971//4971 5059//5059 5060//5060
f 5060//5060 5059//5059 5035//5035
f 5060//5060 5035//5035 5036//5036
f 5061//5061 5060//5060 5036//5036
f 5061//5061 5036//5036 5041//5041
f 4973//4973 4971//4971 5060//5060
f 4973//4973 5060//5060 5061//5061
f 4975//4975 4973//4973 5061//5061
f 4975//4975 5061//5061 5062//5062
f 5062//5062 5061//5061 5041//5041
f 5062//5062 5041//5041 5042//5042
f 5063//5063 5062//5062 5042//5042
f 5063//5063 5042//5042 5047//5047
f 5063//5063 4976//4976 4975//4975
f 5063//5063 4975//4975 5062//5062
f 5064//5064 4979//4979 4976//4976
f 5064//5064 4976//4976 5063//5063
f 5049//5049 5064//5064 5063//5063
f 5049//5049 5063//5063 5047//5047
f 5053//5053 5065//5065 5064//5064
f 5053//5053 5064//5064 5049//5049
f 5065//5065 4980//4980 4979//4979
f 5065//5065 4979//4979 5064//5064
f 5020//5020 3697//3697 3702//3702
f 5020//5020 3702//3702 5066//5066
f 5066//5066 3702//3702 3701//3701
f 5066//5066 3701//3701 4982//4982
f 5067//5067 5066//5066 4982//4982
f 5067//5067 4982//4982 4987//4987
f 5022//5022 5020//5020 5066//5066
f 5022//5022 5066//5066 5067//5067
f 5026//5026 5022//5022 5067//5067
f 5026//5026 5067//5067 5068//5068
f 5068//5068 5067//5067 4987//4987
f 5068//5068 4987//4987 4988//4988
f 5069//5069 5068//5068 4988//4988
f 5069//5069 4988//4988 4993//4993
f 5028//5028 5026//5026 5068//5068
f 5028//5028 5068//5068 5069//5069
f 5032//5032 5028//5028 5069//5069
f 5032//5032 5069//5069 5070//5070
f 5070//5070 5069//5069 4993//4993
f 5070//5070 4993//4993 4994//4994
f 5071//5071 5070//5070 4994//4994
f 5071//5071 4994//4994 4999//4999
f 5034//5034 5032//5032 5070//5070
f 5034//5034 5070//5070 5071//5071
f 5038//5038 5034//5034 5071//5071
f 5038//5038 5071//5071 5072//5072
f 5072//5072 5071//5071 4999//4999
f 5072//5072 4999//4999 5000//5000
f 5073//5073 5072//5072 5000//5000
f 5073//5073 5000//5000 5005//5005
f 5040//5040 5038//5038 5072//5072
f 5040//5040 5072//5072 5073//5073
f 5044//5044 5040//5040 5073//5073
f 5044//5044 5073//5073 5074//5074
f 5074//5074 5073//5073 5005//5005
f 5074//5074 5005//5005 5007//5007
f 5011//5011 5075//5075 5074//5074
f 5011//5011 5074//5074 5007//5007
f 5075//5075 5046//5046 5044//5044
f 5075//5075 5044//5044 5074//5074
f 5076//5076 5050//5050 5046//5046
f 5076//5076 5046//5046 5075//5075
f 5013//5013 5076//5076 5075//5075
f 5013//5013 5075//5075 5011//5011
f 5017//5017 5077//5077 5076//5076
f 5017//5017 5076//5076 5013//5013
f 5077//5077 5051//5051 5050//5050
f 5077//5077 5050//5050 5076//5076
f 4981//4981 4980//4980 5078//5078
f 4981//4981 5078//5078 5079//5079
f 5079//5079 5078//5078 5080//5080
f 5079//5079 5080//5080 5081//5081
f 4169//4169 5079//5079 5081//5081
f 4169//4169 5081//5081 4171//4171
f 3891//3891 4981//4981 5079//5079
f 3891//3891 5079//5079 4169//4169
f 5065//5065 5053//5053 5082//5082
f 5065//5065 5082//5082 5083//5083
f 5083//5083 5082//5082 5084//5084
f 5083//5083 5084//5084 5085//5085
f 5078//5078 5083//5083 5085//5085
f 5078//5078 5085//5085 5080//5080
f 4980//4980 5065//5065 5083//5083
f 4980//4980 5083//5083 5078//5078
f 5052//5052 5051//5051 5086//5086
f 5052//5052 5086//5086 5087//5087
f 5087//5087 5086//5086 5088//5088
f 5087//5087 5088//5088 5089//5089
f 5082//5082 5087//5087 5089//5089
f 5082//5082 5089//5089 5084//5084
f 5053//5053 5052//5052 5087//5087
f 5053//5053 5087//5087 5082//5082
f 5090//5090 5091//5091 5017//5017
f 5090//5090 5017//5017 5016//5016
f 5092//5092 5090//5090 5016//5016
f 5092//5092 5016//5016 5015//5015
f 5093//5093 5094//5094 5090//5090
f 5093//5093 5090//5090 5092//5092
f 5094//5094 5095//5095 5091//5091
f 5094//5094 5091//5091 5090//5090
f 5096//5096 5081//5081 5080//5080
f 5096//5096 5080//5080 5097//5097
f 5098//5098 5096//5096 5097//5097
f 5098//5098 5097//5097 5099//5099
f 4506//4506 4503//4503 5096//5096
f 4506//4506 5096//5096 5098//5098
f 4171//4171 5081//5081 5096//5096
f 4171//4171 5096//5096 4503//4503
f 5100//5100 5085//5085 5084//5084
f 5100//5100 5084//5084 5101//5101
f 5102//5102 5100//5100 5101//5101
f 5102//5102 5101//5101 5103//5103
f 5099//5099 5097//5097 5100//5100
f 5099//5099 5100//5100 5102//5102
f 5097//5097 5080//5080 5085//5085
f 5097//5097 5085//5085 5100//5100
f 5104//5104 5089//5089 5088//5088
f 5104//5104 5088//5088 5105//5105
f 5106//5106 5104//5104 5105//5105
f 5106//5106 5105//5105 5107//5107
f 5103//5103 5101//5101 5104//5104
f 5103//5103 5104//5104 5106//5106
f 5101//5101 5084//5084 5089//5089
f 5101//5101 5089//5089 5104//5104
f 5108//5108 5098//5098 5099//5099
f 5108//5108 5099//5099 5109//5109
f 5110//5110 5108//5108 5109//5109
f 5110//5110 5109//5109 5111//5111
f 4527//4527 4538//4538 5108//5108
f 4527//4527 5108//5108 5110//5110
f 4538//4538 4506//4506 5098//5098
f 4538//4538 5098//5098 5108//5108
f 5112//5112 5102//5102 5103//5103
f 5112//5112 5103//5103 5113//5113
f 5114//5114 5112//5112 5113//5113
f 5114//5114 5113//5113 5115//5115
f 5111//5111 5109//5109 5112//5112
f 5111//5111 5112//5112 5114//5114
f 5109//5109 5099//5099 5102//5102
f 5109//5109 5102//5102 5112//5112
f 5116//5116 5106//5106 5107//5107
f 5116//5116 5107//5107 5117//5117
f 5118//5118 5116//5116 5117//5117
f 5118//5118 5117//5117 5119//5119
f 5115//5115 5113//5113 5116//5116
f 5115//5115 5116//5116 5118//5118
f 5113//5113 5103//5103 5106//5106
f 5113//5113 5106//5106 5116//5116
f 5120//5120 5110//5110 5111//5111
f 5120//5120 5111//5111 5121//5121
f 5122//5122 5120//5120 5121//5121
f 5122//5122 5121//5121 5123//5123
f 4530//4530 4528//4528 5120//5120
f 4530//4530 5120//5120 5122//5122
f 4528//4528 4527//4527 5110//5110
f 4528//4528 5110//5110 5120//5120
f 5124//5124 5114//5114 5115//5115
f 5124//5124 5115//5115 5125//5125
f 5124//5124 5125//5125 5126//5126
f 5124//5124 5126//5126 5127//5127
f 5123//5123 5121//5121 5124//5124
f 5123//5123 5124//5124 5127//5127
f 5121//5121 5111//5111 5114//5114
f 5121//5121 5114//5114 5124//5124
f 5128//5128 5118//5118 5119//5119
f 5128//5128 5119//5119 5129//5129
f 5130//5130 5128//5128 5129//5129
f 5130//5130 5129//5129 5131//5131
f 5126//5126 5125//5125 5128//5128
f 5126//5126 5128//5128 5130//5130
f 5125//5125 5115//5115 5118//5118
f 5125//5125 5118//5118 5128//5128
f 5132//5132 5122//5122 5123//5123
f 5132//5132 5123//5123 5133//5133
f 5134//5134 5132//5132 5133//5133
f 5134//5134 5133//5133 5135//5135
f 4554//4554 4552//4552 5132//5132
f 4554//4554 5132//5132 5134//5134
f 4552//4552 4530//4530 5122//5122
f 4552//4552 5122//5122 5132//5132
f 5127//5127 5126//5126 5136//5136
f 5127//5127 5136//5136 5137//5137
f 5137//5137 5136//5136 5138//5138
f 5137//5137 5138//5138 5139//5139
f 5133//5133 5137//5137 5139//5139
f 5133//5133 5139//5139 5135//5135
f 5123//5123 5127//5127 5137//5137
f 5123//5123 5137//5137 5133//5133
f 5140//5140 5130//5130 5131//5131
f 5140//5140 5131//5131 5141//5141
f 5140//5140 5141//5141 5142//5142
f 5140//5140 5142//5142 5143//5143
f 5136//5136 5140//5140 5143//5143
f 5136//5136 5143//5143 5138//5138
f 5126//5126 5130//5130 5140//5140
f 5126//5126 5140//5140 5136//5136
f 5008//5008 5004//5004 5144//5144
f 5008//5008 5144//5144 5145//5145
f 5145//5145 5144//5144 5146//5146
f 5145//5145 5146//5146 5147//5147
f 5147//5147 5009//5009 5008//5008
f 5147//5147 5008//5008 5145//5145
f 5148//5148 5014//5014 5009//5009
f 5148//5148 5009//5009 5147//5147
f 5149//5149 5148//5148 5147//5147
f 5149//5149 5147//5147 5146//5146
f 5150//5150 5151//5151 5148//5148
f 5150//5150 5148//5148 5149//5149
f 5151//5151 5015//5015 5014//5014
f 5151//5151 5014//5014 5148//5148
f 5152//5152 5092//5092 5015//5015
f 5152//5152 5015//5015 5151//5151
f 5153//5153 5152//5152 5151//5151
f 5153//5153 5151//5151 5150//5150
f 5154//5154 5155//5155 5152//5152
f 5154//5154 5152//5152 5153//5153
f 5155//5155 5093//5093 5092//5092
f 5155//5155 5092//5092 5152//5152
f 5094//5094 5093//5093 5156//5156
f 5094//5094 5156//5156 5157//5157
f 5157//5157 5156//5156 5158//5158
f 5157//5157 5158//5158 5159//5159
f 5160//5160 5157//5157 5159//5159
f 5160//5160 5159//5159 5161//5161
f 5095//5095 5094//5094 5157//5157
f 5095//5095 5157//5157 5160//5160
f 5077//5077 5017//5017 5091//5091
f 5077//5077 5091//5091 5162//5162
f 5162//5162 5091//5091 5095//5095
f 5162//5162 5095//5095 5163//5163
f 5086//5086 5162//5162 5163//5163
f 5086//5086 5163//5163 5088//5088
f 5051//5051 5077//5077 5162//5162
f 5051//5051 5162//5162 5086//5086
f 5164//5164 5165//5165 5107//5107
f 5164//5164 5107//5107 5105//5105
f 5164//5164 5105//5105 5088//5088
f 5164//5164 5088//5088 5163//5163
f 5160//5160 5164//5164 5163//5163
f 5160//5160 5163//5163 5095//5095
f 5161//5161 5165//5165 5164//5164
f 5161//5161 5164//5164 5160//5160
f 5166//5166 5167//5167 5168//5168
f 5166//5166 5168//5168 5169//5169
f 5170//5170 5171//5171 5169//5169
f 5170//5170 5169//5169 5168//5168
f 5171//5171 5172//5172 5166//5166
f 5171//5171 5166//5166 5169//5169
f 5173//5173 5174//5174 5175//5175
f 5173//5173 5175//5175 5176//5176
f 5177//5177 5173//5173 5176//5176
f 5177//5177 5176//5176 5178//5178
f 5170//5170 5168//5168 5173//5173
f 5170//5170 5173//5173 5177//5177
f 5167//5167 5174//5174 5173//5173
f 5167//5167 5173//5173 5168//5168
f 5179//5179 5180//5180 5131//5131
f 5179//5179 5131//5131 5129//5129
f 5181//5181 5179//5179 5129//5129
f 5181//5181 5129//5129 5119//5119
f 5182//5182 5183//5183 5179//5179
f 5182//5182 5179//5179 5181//5181
f 5183//5183 5172//5172 5180//5180
f 5183//5183 5180//5180 5179//5179
f 5184//5184 5185//5185 5186//5186
f 5184//5184 5186//5186 5187//5187
f 5187//5187 5186//5186 5167//5167
f 5187//5187 5167//5167 5166//5166
f 5172//5172 5183//5183 5187//5187
f 5172//5172 5187//5187 5166//5166
f 5183//5183 5182//5182 5184//5184
f 5183//5183 5184//5184 5187//5187
f 5188//5188 5189//5189 5190//5190
f 5188//5188 5190//5190 5191//5191
f 5188//5188 5191//5191 5175//5175
f 5188//5188 5175//5175 5174//5174
f 5186//5186 5188//5188 5174//5174
f 5186//5186 5174//5174 5167//5167
f 5185//5185 5189//5189 5188//5188
f 5185//5185 5188//5188 5186//5186
f 5192//5192 5181//5181 5119//5119
f 5192//5192 5119//5119 5117//5117
f 5165//5165 5192//5192 5117//5117
f 5165//5165 5117//5117 5107//5107
f 5161//5161 5193//5193 5192//5192
f 5161//5161 5192//5192 5165//5165
f 5193//5193 5182//5182 5181//5181
f 5193//5193 5181//5181 5192//5192
f 5159//5159 5158//5158 5194//5194
f 5159//5159 5194//5194 5195//5195
f 5195//5195 5194//5194 5185//5185
f 5195//5195 5185//5185 5184//5184
f 5193//5193 5195//5195 5184//5184
f 5193//5193 5184//5184 5182//5182
f 5161//5161 5159//5159 5195//5195
f 5161//5161 5195//5195 5193//5193
f 5196//5196 5197//5197 5198//5198
f 5196//5196 5198//5198 5199//5199
f 5189//5189 5196//5196 5199//5199
f 5189//5189 5199//5199 5190//5190
f 5194//5194 5196//5196 5189//5189
f 5194//5194 5189//5189 5185//5185
f 5158//5158 5197//5197 5196//5196
f 5158//5158 5196//5196 5194//5194
f 5200//5200 5155//5155 5154//5154
f 5200//5200 5154//5154 5201//5201
f 5200//5200 5201//5201 5198//5198
f 5200//5200 5198//5198 5197//5197
f 5156//5156 5200//5200 5197//5197
f 5156//5156 5197//5197 5158//5158
f 5093//5093 5155//5155 5200//5200
f 5093//5093 5200//5200 5156//5156
f 5202//5202 1608//1608 1607//1607
f 5202//5202 1607//1607 5203//5203
f 5204//5204 5202//5202 5203//5203
f 5204//5204 5203//5203 5205//5205
f 3705//3705 3703//3703 5202//5202
f 3705//3705 5202//5202 5204//5204
f 65//65 1608//1608 5202//5202
f 65//65 5202//5202 3703//3703
f 4984//4984 3705//3705 5204//5204
f 4984//4984 5204//5204 5206//5206
f 5206//5206 5204//5204 5205//5205
f 5206//5206 5205//5205 5207//5207
f 5208//5208 5206//5206 5207//5207
f 5208//5208 5207//5207 5209//5209
f 4986//4986 4984//4984 5206//5206
f 4986//4986 5206//5206 5208//5208
f 4990//4990 4986//4986 5208//5208
f 4990//4990 5208//5208 5210//5210
f 5210//5210 5208//5208 5209//5209
f 5210//5210 5209//5209 5211//5211
f 5212//5212 5210//5210 5211//5211
f 5212//5212 5211//5211 5213//5213
f 4992//4992 4990//4990 5210//5210
f 4992//4992 5210//5210 5212//5212
f 4996//4996 4992//4992 5212//5212
f 4996//4996 5212//5212 5214//5214
f 5214//5214 5212//5212 5213//5213
f 5214//5214 5213//5213 5215//5215
f 5216//5216 5214//5214 5215//5215
f 5216//5216 5215//5215 5217//5217
f 4998//4998 4996//4996 5214//5214
f 4998//4998 5214//5214 5216//5216
f 5002//5002 4998//4998 5216//5216
f 5002//5002 5216//5216 5218//5218
f 5218//5218 5216//5216 5217//5217
f 5218//5218 5217//5217 5219//5219
f 5220//5220 5218//5218 5219//5219
f 5220//5220 5219//5219 5221//5221
f 5004//5004 5002//5002 5218//5218
f 5004//5004 5218//5218 5220//5220
f 5144//5144 5004//5004 5220//5220
f 5144//5144 5220//5220 5222//5222
f 5222//5222 5220//5220 5221//5221
f 5222//5222 5221//5221 5223//5223
f 5224//5224 5222//5222 5223//5223
f 5224//5224 5223//5223 5225//5225
f 5224//5224 5146//5146 5144//5144
f 5224//5224 5144//5144 5222//5222
f 5226//5226 5149//5149 5146//5146
f 5226//5226 5146//5146 5224//5224
f 5226//5226 5224//5224 5225//5225
f 5226//5226 5225//5225 5227//5227
f 5228//5228 5229//5229 5226//5226
f 5228//5228 5226//5226 5227//5227
f 5229//5229 5150//5150 5149//5149
f 5229//5229 5149//5149 5226//5226
f 5230//5230 5153//5153 5150//5150
f 5230//5230 5150//5150 5229//5229
f 5231//5231 5230//5230 5229//5229
f 5231//5231 5229//5229 5228//5228
f 5232//5232 5233//5233 5230//5230
f 5232//5232 5230//5230 5231//5231
f 5233//5233 5154//5154 5153//5153
f 5233//5233 5153//5153 5230//5230
f 5176//5176 5175//5175 5234//5234
f 5176//5176 5234//5234 5235//5235
f 5235//5235 5234//5234 5236//5236
f 5235//5235 5236//5236 5237//5237
f 5238//5238 5235//5235 5237//5237
f 5238//5238 5237//5237 5239//5239
f 5178//5178 5176//5176 5235//5235
f 5178//5178 5235//5235 5238//5238
f 5191//5191 5190//5190 5240//5240
f 5191//5191 5240//5240 5241//5241
f 5242//5242 5241//5241 5240//5240
f 5242//5242 5240//5240 5243//5243
f 5234//5234 5241//5241 5242//5242
f 5234//5234 5242//5242 5236//5236
f 5175//5175 5191//5191 5241//5241
f 5175//5175 5241//5241 5234//5234
f 5244//5244 5199//5199 5198//5198
f 5244//5244 5198//5198 5245//5245
f 5246//5246 5244//5244 5245//5245
f 5246//5246 5245//5245 5247//5247
f 5243//5243 5240//5240 5244//5244
f 5243//5243 5244//5244 5246//5246
f 5190//5190 5199//5199 5244//5244
f 5190//5190 5244//5244 5240//5240
f 5248//5248 5201//5201 5154//5154
f 5248//5248 5154//5154 5233//5233
f 5249//5249 5248//5248 5233//5233
f 5249//5249 5233//5233 5232//5232
f 5247//5247 5245//5245 5248//5248
f 5247//5247 5248//5248 5249//5249
f 5245//5245 5198//5198 5201//5201
f 5245//5245 5201//5201 5248//5248
f 5250//5250 5251//5251 5252//5252
f 5250//5250 5252//5252 5253//5253
f 5253//5253 5252//5252 5254//5254
f 5253//5253 5254//5254 5255//5255
f 5256//5256 5253//5253 5255//5255
f 5256//5256 5255//5255 5257//5257
f 5258//5258 5250//5250 5253//5253
f 5258//5258 5253//5253 5256//5256
f 5259//5259 5258//5258 5256//5256
f 5259//5259 5256//5256 5260//5260
f 5260//5260 5256//5256 5257//5257
f 5260//5260 5257//5257 5261//5261
f 5262//5262 5260//5260 5261//5261
f 5262//5262 5261//5261 5263//5263
f 5264//5264 5259//5259 5260//5260
f 5264//5264 5260//5260 5262//5262
f 5265//5265 5264//5264 5262//5262
f 5265//5265 5262//5262 5266//5266
f 5266//5266 5262//5262 5263//5263
f 5266//5266 5263//5263 5267//5267
f 5268//5268 5266//5266 5267//5267
f 5268//5268 5267//5267 5269//5269
f 5270//5270 5265//5265 5266//5266
f 5270//5270 5266//5266 5268//5268
f 5271//5271 5270//5270 5268//5268
f 5271//5271 5268//5268 5272//5272
f 5272//5272 5268//5268 5269//5269
f 5272//5272 5269//5269 5273//5273
f 5274//5274 5272//5272 5273//5273
f 5274//5274 5273//5273 5275//5275
f 5276//5276 5271//5271 5272//5272
f 5276//5276 5272//5272 5274//5274
f 5277//5277 5278//5278 5279//5279
f 5277//5277 5279//5279 5280//5280
f 5281//5281 5277//5277 5280//5280
f 5281//5281 5280//5280 5282//5282
f 5283//5283 5284//5284 5277//5277
f 5283//5283 5277//5277 5281//5281
f 5284//5284 5285//5285 5278//5278
f 5284//5284 5278//5278 5277//5277
f 5286//5286 5287//5287 5288//5288
f 5286//5286 5288//5288 5289//5289
f 5290//5290 5286//5286 5289//5289
f 5290//5290 5289//5289 5291//5291
f 5282//5282 5280//5280 5286//5286
f 5282//5282 5286//5286 5290//5290
f 5280//5280 5279//5279 5287//5287
f 5280//5280 5287//5287 5286//5286
f 5292//5292 5293//5293 5294//5294
f 5292//5292 5294//5294 5295//5295
f 5292//5292 5295//5295 5296//5296
f 5292//5292 5296//5296 5297//5297
f 5291//5291 5289//5289 5292//5292
f 5291//5291 5292//5292 5297//5297
f 5289//5289 5288//5288 5293//5293
f 5289//5289 5293//5293 5292//5292
f 5298//5298 5276//5276 5274//5274
f 5298//5298 5274//5274 5299//5299
f 5299//5299 5274//5274 5275//5275
f 5299//5299 5275//5275 5300//5300
f 5295//5295 5299//5299 5300//5300
f 5295//5295 5300//5300 5296//5296
f 5294//5294 5298//5298 5299//5299
f 5294//5294 5299//5299 5295//5295
f 5219//5219 5217//5217 5301//5301
f 5219//5219 5301//5301 5302//5302
f 5302//5302 5301//5301 5303//5303
f 5302//5302 5303//5303 5304//5304
f 5305//5305 5302//5302 5304//5304
f 5305//5305 5304//5304 5306//5306
f 5221//5221 5219//5219 5302//5302
f 5221//5221 5302//5302 5305//5305
f 5223//5223 5221//5221 5305//5305
f 5223//5223 5305//5305 5307//5307
f 5307//5307 5305//5305 5306//5306
f 5307//5307 5306//5306 5308//5308
f 5309//5309 5307//5307 5308//5308
f 5309//5309 5308//5308 5310//5310
f 5225//5225 5223//5223 5307//5307
f 5225//5225 5307//5307 5309//5309
f 5227//5227 5225//5225 5309//5309
f 5227//5227 5309//5309 5311//5311
f 5311//5311 5309//5309 5310//5310
f 5311//5311 5310//5310 5312//5312
f 5313//5313 5311//5311 5312//5312
f 5313//5313 5312//5312 5314//5314
f 5228//5228 5227//5227 5311//5311
f 5228//5228 5311//5311 5313//5313
f 5315//5315 5231//5231 5228//5228
f 5315//5315 5228//5228 5313//5313
f 5316//5316 5315//5315 5313//5313
f 5316//5316 5313//5313 5314//5314
f 5317//5317 5318//5318 5315//5315
f 5317//5317 5315//5315 5316//5316
f 5318//5318 5232//5232 5231//5231
f 5318//5318 5231//5231 5315//5315
f 5319//5319 5249//5249 5232//5232
f 5319//5319 5232//5232 5318//5318
f 5320//5320 5319//5319 5318//5318
f 5320//5320 5318//5318 5317//5317
f 5321//5321 5322//5322 5319//5319
f 5321//5321 5319//5319 5320//5320
f 5322//5322 5247//5247 5249//5249
f 5322//5322 5249//5249 5319//5319
f 5323//5323 5246//5246 5247//5247
f 5323//5323 5247//5247 5322//5322
f 5324//5324 5323//5323 5322//5322
f 5324//5324 5322//5322 5321//5321
f 5325//5325 5326//5326 5323//5323
f 5325//5325 5323//5323 5324//5324
f 5326//5326 5243//5243 5246//5246
f 5326//5326 5246//5246 5323//5323
f 5327//5327 5242//5242 5243//5243
f 5327//5327 5243//5243 5326//5326
f 5328//5328 5327//5327 5326//5326
f 5328//5328 5326//5326 5325//5325
f 5329//5329 5330//5330 5327//5327
f 5329//5329 5327//5327 5328//5328
f 5236//5236 5242//5242 5327//5327
f 5236//5236 5327//5327 5330//5330
f 5237//5237 5236//5236 5330//5330
f 5237//5237 5330//5330 5331//5331
f 5331//5331 5330//5330 5329//5329
f 5331//5331 5329//5329 5332//5332
f 5333//5333 5331//5331 5332//5332
f 5333//5333 5332//5332 5334//5334
f 5239//5239 5237//5237 5331//5331
f 5239//5239 5331//5331 5333//5333
f 5304//5304 5303//5303 5335//5335
f 5304//5304 5335//5335 5336//5336
f 5336//5336 5335//5335 5251//5251
f 5336//5336 5251//5251 5250//5250
f 5337//5337 5336//5336 5250//5250
f 5337//5337 5250//5250 5258//5258
f 5306//5306 5304//5304 5336//5336
f 5306//5306 5336//5336 5337//5337
f 5308//5308 5306//5306 5337//5337
f 5308//5308 5337//5337 5338//5338
f 5338//5338 5337//5337 5258//5258
f 5338//5338 5258//5258 5259//5259
f 5339//5339 5338//5338 5259//5259
f 5339//5339 5259//5259 5264//5264
f 5310//5310 5308//5308 5338//5338
f 5310//5310 5338//5338 5339//5339
f 5312//5312 5310//5310 5339//5339
f 5312//5312 5339//5339 5340//5340
f 5340//5340 5339//5339 5264//5264
f 5340//5340 5264//5264 5265//5265
f 5341//5341 5340//5340 5265//5265
f 5341//5341 5265//5265 5270//5270
f 5314//5314 5312//5312 5340//5340
f 5314//5314 5340//5340 5341//5341
f 5316//5316 5314//5314 5341//5341
f 5316//5316 5341//5341 5342//5342
f 5342//5342 5341//5341 5270//5270
f 5342//5342 5270//5270 5271//5271
f 5276//5276 5343//5343 5342//5342
f 5276//5276 5342//5342 5271//5271
f 5343//5343 5317//5317 5316//5316
f 5343//5343 5316//5316 5342//5342
f 5344//5344 5320//5320 5317//5317
f 5344//5344 5317//5317 5343//5343
f 5298//5298 5344//5344 5343//5343
f 5298//5298 5343//5343 5276//5276
f 5294//5294 5345//5345 5344//5344
f 5294//5294 5344//5344 5298//5298
f 5345//5345 5321//5321 5320//5320
f 5345//5345 5320//5320 5344//5344
f 5346//5346 5324//5324 5321//5321
f 5346//5346 5321//5321 5345//5345
f 5293//5293 5346//5346 5345//5345
f 5293//5293 5345//5345 5294//5294
f 5288//5288 5347//5347 5346//5346
f 5288//5288 5346//5346 5293//5293
f 5347//5347 5325//5325 5324//5324
f 5347//5347 5324//5324 5346//5346
f 5348//5348 5328//5328 5325//5325
f 5348//5348 5325//5325 5347//5347
f 5287//5287 5348//5348 5347//5347
f 5287//5287 5347//5347 5288//5288
f 5279//5279 5349//5349 5348//5348
f 5279//5279 5348//5348 5287//5287
f 5349//5349 5329//5329 5328//5328
f 5349//5349 5328//5328 5348//5348
f 5350//5350 5332//5332 5329//5329
f 5350//5350 5329//5329 5349//5349
f 5278//5278 5350//5350 5349//5349
f 5278//5278 5349//5349 5279//5279
f 5285//5285 5351//5351 5350//5350
f 5285//5285 5350//5350 5278//5278
f 5334//5334 5332//5332 5350//5350
f 5334//5334 5350//5350 5351//5351
f 5352//5352 1758//1758 1757//1757
f 5352//5352 1757//1757 5353//5353
f 5353//5353 1757//1757 1765//1765
f 5353//5353 1765//1765 5354//5354
f 5355//5355 5353//5353 5354//5354
f 5355//5355 5354//5354 5356//5356
f 5357//5357 5352//5352 5353//5353
f 5357//5357 5353//5353 5355//5355
f 5358//5358 5357//5357 5355//5355
f 5358//5358 5355//5355 5359//5359
f 5359//5359 5355//5355 5356//5356
f 5359//5359 5356//5356 5360//5360
f 5361//5361 5359//5359 5360//5360
f 5361//5361 5360//5360 5362//5362
f 5363//5363 5358//5358 5359//5359
f 5363//5363 5359//5359 5361//5361
f 5364//5364 5363//5363 5361//5361
f 5364//5364 5361//5361 5365//5365
f 5365//5365 5361//5361 5362//5362
f 5365//5365 5362//5362 5366//5366
f 5367//5367 5365//5365 5366//5366
f 5367//5367 5366//5366 5368//5368
f 5369//5369 5364//5364 5365//5365
f 5369//5369 5365//5365 5367//5367
f 5370//5370 5369//5369 5367//5367
f 5370//5370 5367//5367 5371//5371
f 5371//5371 5367//5367 5368//5368
f 5371//5371 5368//5368 5372//5372
f 5373//5373 5371//5371 5372//5372
f 5373//5373 5372//5372 5374//5374
f 5375//5375 5370//5370 5371//5371
f 5375//5375 5371//5371 5373//5373
f 5203//5203 1607//1607 1784//1784
f 5203//5203 1784//1784 5376//5376
f 5376//5376 1784//1784 1789//1789
f 5376//5376 1789//1789 5377//5377
f 5378//5378 5376//5376 5377//5377
f 5378//5378 5377//5377 5379//5379
f 5205//5205 5203//5203 5376//5376
f 5205//5205 5376//5376 5378//5378
f 5207//5207 5205//5205 5378//5378
f 5207//5207 5378//5378 5380//5380
f 5380//5380 5378//5378 5379//5379
f 5380//5380 5379//5379 5381//5381
f 5382//5382 5380//5380 5381//5381
f 5382//5382 5381//5381 5383//5383
f 5209//5209 5207//5207 5380//5380
f 5209//5209 5380//5380 5382//5382
f 5211//5211 5209//5209 5382//5382
f 5211//5211 5382//5382 5384//5384
f 5384//5384 5382//5382 5383//5383
f 5384//5384 5383//5383 5385//5385
f 5386//5386 5384//5384 5385//5385
f 5386//5386 5385//5385 5387//5387
f 5213//5213 5211//5211 5384//5384
f 5213//5213 5384//5384 5386//5386
f 5215//5215 5213//5213 5386//5386
f 5215//5215 5386//5386 5388//5388
f 5389//5389 5388//5388 5386//5386
f 5389//5389 5386//5386 5387//5387
f 5301//5301 5388//5388 5389//5389
f 5301//5301 5389//5389 5303//5303
f 5217//5217 5215//5215 5388//5388
f 5217//5217 5388//5388 5301//5301
f 5377//5377 1789//1789 1800//1800
f 5377//5377 1800//1800 5390//5390
f 5390//5390 1800//1800 1758//1758
f 5390//5390 1758//1758 5352//5352
f 5391//5391 5390//5390 5352//5352
f 5391//5391 5352//5352 5357//5357
f 5379//5379 5377//5377 5390//5390
f 5379//5379 5390//5390 5391//5391
f 5381//5381 5379//5379 5391//5391
f 5381//5381 5391//5391 5392//5392
f 5392//5392 5391//5391 5357//5357
f 5392//5392 5357//5357 5358//5358
f 5393//5393 5392//5392 5358//5358
f 5393//5393 5358//5358 5363//5363
f 5383//5383 5381//5381 5392//5392
f 5383//5383 5392//5392 5393//5393
f 5385//5385 5383//5383 5393//5393
f 5385//5385 5393//5393 5394//5394
f 5394//5394 5393//5393 5363//5363
f 5394//5394 5363//5363 5364//5364
f 5395//5395 5394//5394 5364//5364
f 5395//5395 5364//5364 5369//5369
f 5387//5387 5385//5385 5394//5394
f 5387//5387 5394//5394 5395//5395
f 5396//5396 5389//5389 5387//5387
f 5396//5396 5387//5387 5395//5395
f 5396//5396 5395//5395 5369//5369
f 5396//5396 5369//5369 5370//5370
f 5397//5397 5396//5396 5370//5370
f 5397//5397 5370//5370 5375//5375
f 5397//5397 5303//5303 5389//5389
f 5397//5397 5389//5389 5396//5396
f 5255//5255 5254//5254 5398//5398
f 5255//5255 5398//5398 5399//5399
f 5400//5400 5399//5399 5398//5398
f 5400//5400 5398//5398 5401//5401
f 5402//5402 5399//5399 5400//5400
f 5402//5402 5400//5400 5403//5403
f 5257//5257 5255//5255 5399//5399
f 5257//5257 5399//5399 5402//5402
f 5261//5261 5257//5257 5402//5402
f 5261//5261 5402//5402 5404//5404
f 5404//5404 5402//5402 5403//5403
f 5404//5404 5403//5403 5405//5405
f 5406//5406 5407//5407 5404//5404
f 5406//5406 5404//5404 5405//5405
f 5263//5263 5261//5261 5404//5404
f 5263//5263 5404//5404 5407//5407
f 5267//5267 5263//5263 5407//5407
f 5267//5267 5407//5407 5408//5408
f 5408//5408 5407//5407 5406//5406
f 5408//5408 5406//5406 5409//5409
f 5410//5410 5408//5408 5409//5409
f 5410//5410 5409//5409 5411//5411
f 5269//5269 5267//5267 5408//5408
f 5269//5269 5408//5408 5410//5410
f 5273//5273 5269//5269 5410//5410
f 5273//5273 5410//5410 5412//5412
f 5412//5412 5410//5410 5411//5411
f 5412//5412 5411//5411 5413//5413
f 5414//5414 5412//5412 5413//5413
f 5414//5414 5413//5413 5415//5415
f 5275//5275 5273//5273 5412//5412
f 5275//5275 5412//5412 5414//5414
f 5416//5416 5281//5281 5282//5282
f 5416//5416 5282//5282 5417//5417
f 5418//5418 5416//5416 5417//5417
f 5418//5418 5417//5417 5419//5419
f 5420//5420 5421//5421 5416//5416
f 5420//5420 5416//5416 5418//5418
f 5421//5421 5283//5283 5281//5281
f 5421//5421 5281//5281 5416//5416
f 5422//5422 5290//5290 5291//5291
f 5422//5422 5291//5291 5423//5423
f 5422//5422 5423//5423 5424//5424
f 5422//5422 5424//5424 5425//5425
f 5419//5419 5417//5417 5422//5422
f 5419//5419 5422//5422 5425//5425
f 5417//5417 5282//5282 5290//5290
f 5417//5417 5290//5290 5422//5422
f 5297//5297 5296//5296 5426//5426
f 5297//5297 5426//5426 5427//5427
f 5427//5427 5426//5426 5428//5428
f 5427//5427 5428//5428 5429//5429
f 5423//5423 5427//5427 5429//5429
f 5423//5423 5429//5429 5424//5424
f 5291//5291 5297//5297 5427//5427
f 5291//5291 5427//5427 5423//5423
f 5300//5300 5275//5275 5414//5414
f 5300//5300 5414//5414 5430//5430
f 5430//5430 5414//5414 5415//5415
f 5430//5430 5415//5415 5431//5431
f 5426//5426 5430//5430 5431//5431
f 5426//5426 5431//5431 5428//5428
f 5296//5296 5300//5300 5430//5430
f 5296//5296 5430//5430 5426//5426
f 5432//5432 5433//5433 1845//1845
f 5432//5432 1845//1845 1844//1844
f 5434//5434 5432//5432 1844//1844
f 5434//5434 1844//1844 1851//1851
f 5435//5435 5436//5436 5432//5432
f 5435//5435 5432//5432 5434//5434
f 5436//5436 5437//5437 5433//5433
f 5436//5436 5433//5433 5432//5432
f 5438//5438 5437//5437 5436//5436
f 5438//5438 5436//5436 5439//5439
f 5440//5440 5439//5439 5436//5436
f 5440//5440 5436//5436 5435//5435
f 5441//5441 5442//5442 5439//5439
f 5441//5441 5439//5439 5440//5440
f 5443//5443 5438//5438 5439//5439
f 5443//5443 5439//5439 5442//5442
f 5444//5444 5445//5445 5443//5443
f 5444//5444 5443//5443 5442//5442
f 5446//5446 5444//5444 5442//5442
f 5446//5446 5442//5442 5441//5441
f 5447//5447 5448//5448 5444//5444
f 5447//5447 5444//5444 5446//5446
f 5448//5448 5449//5449 5445//5445
f 5448//5448 5445//5445 5444//5444
f 5450//5450 5451//5451 5449//5449
f 5450//5450 5449//5449 5448//5448
f 5452//5452 5450//5450 5448//5448
f 5452//5452 5448//5448 5447//5447
f 5453//5453 5454//5454 5450//5450
f 5453//5453 5450//5450 5452//5452
f 5455//5455 5451//5451 5450//5450
f 5455//5455 5450//5450 5454//5454
f 5456//5456 5354//5354 1765//1765
f 5456//5456 1765//1765 1871//1871
f 5433//5433 5456//5456 1871//1871
f 5433//5433 1871//1871 1845//1845
f 5437//5437 5457//5457 5456//5456
f 5437//5437 5456//5456 5433//5433
f 5356//5356 5354//5354 5456//5456
f 5356//5356 5456//5456 5457//5457
f 5360//5360 5356//5356 5457//5457
f 5360//5360 5457//5457 5458//5458
f 5458//5458 5457//5457 5437//5437
f 5458//5458 5437//5437 5438//5438
f 5459//5459 5458//5458 5438//5438
f 5459//5459 5438//5438 5443//5443
f 5362//5362 5360//5360 5458//5458
f 5362//5362 5458//5458 5459//5459
f 5366//5366 5362//5362 5459//5459
f 5366//5366 5459//5459 5460//5460
f 5460//5460 5459//5459 5443//5443
f 5460//5460 5443//5443 5445//5445
f 5461//5461 5460//5460 5445//5445
f 5461//5461 5445//5445 5449//5449
f 5368//5368 5366//5366 5460//5460
f 5368//5368 5460//5460 5461//5461
f 5372//5372 5368//5368 5461//5461
f 5372//5372 5461//5461 5462//5462
f 5462//5462 5461//5461 5449//5449
f 5462//5462 5449//5449 5451//5451
f 5463//5463 5462//5462 5451//5451
f 5463//5463 5451//5451 5455//5455
f 5374//5374 5372//5372 5462//5462
f 5374//5374 5462//5462 5463//5463
f 5464//5464 5139//5139 5138//5138
f 5464//5464 5138//5138 5465//5465
f 5466//5466 5464//5464 5465//5465
f 5466//5466 5465//5465 5467//5467
f 5135//5135 5139//5139 5464//5464
f 5135//5135 5464//5464 5466//5466
f 5143//5143 5142//5142 5468//5468
f 5143//5143 5468//5468 5469//5469
f 5465//5465 5469//5469 5468//5468
f 5465//5465 5468//5468 5467//5467
f 5138//5138 5143//5143 5469//5469
f 5138//5138 5469//5469 5465//5465
f 5470//5470 5177//5177 5178//5178
f 5470//5470 5178//5178 5238//5238
f 5470//5470 5238//5238 5239//5239
f 5470//5470 5239//5239 5471//5471
f 5472//5472 5473//5473 5470//5470
f 5472//5472 5470//5470 5471//5471
f 5473//5473 5170//5170 5177//5177
f 5473//5473 5177//5177 5470//5470
f 5474//5474 5475//5475 5472//5472
f 5474//5474 5472//5472 5471//5471
f 5333//5333 5474//5474 5471//5471
f 5333//5333 5471//5471 5239//5239
f 5334//5334 5351//5351 5474//5474
f 5334//5334 5474//5474 5333//5333
f 5351//5351 5285//5285 5475//5475
f 5351//5351 5475//5475 5474//5474
f 5284//5284 5283//5283 5421//5421
f 5284//5284 5421//5421 5476//5476
f 5477//5477 5476//5476 5421//5421
f 5477//5477 5421//5421 5420//5420
f 5475//5475 5476//5476 5477//5477
f 5475//5475 5477//5477 5472//5472
f 5285//5285 5284//5284 5476//5476
f 5285//5285 5476//5476 5475//5475
f 5478//5478 5479//5479 5480//5480
f 5478//5478 5480//5480 5481//5481
f 5482//5482 5478//5478 5481//5481
f 5482//5482 5481//5481 5483//5483
f 5484//5484 5485//5485 5478//5478
f 5484//5484 5478//5478 5482//5482
f 5485//5485 5486//5486 5479//5479
f 5485//5485 5479//5479 5478//5478
f 5487//5487 5484//5484 5482//5482
f 5487//5487 5482//5482 5488//5488
f 5488//5488 5482//5482 5483//5483
f 5488//5488 5483//5483 5489//5489
f 1905//1905 5488//5488 5489//5489
f 1905//1905 5489//5489 1907//1907
f 1904//1904 5487//5487 5488//5488
f 1904//1904 5488//5488 1905//1905
f 5490//5490 5434//5434 1851//1851
f 5490//5490 1851//1851 1909//1909
f 5491//5491 5490//5490 1909//1909
f 5491//5491 1909//1909 1913//1913
f 5492//5492 5493//5493 5490//5490
f 5492//5492 5490//5490 5491//5491
f 5493//5493 5435//5435 5434//5434
f 5493//5493 5434//5434 5490//5490
f 5494//5494 5440//5440 5435//5435
f 5494//5494 5435//5435 5493//5493
f 5494//5494 5493//5493 5492//5492
f 5494//5494 5492//5492 5495//5495
f 5496//5496 5494//5494 5495//5495
f 5496//5496 5495//5495 5497//5497
f 5496//5496 5441//5441 5440//5440
f 5496//5496 5440//5440 5494//5494
f 5498//5498 5446//5446 5441//5441
f 5498//5498 5441//5441 5496//5496
f 5499//5499 5498//5498 5496//5496
f 5499//5499 5496//5496 5497//5497
f 5500//5500 5501//5501 5498//5498
f 5500//5500 5498//5498 5499//5499
f 5501//5501 5447//5447 5446//5446
f 5501//5501 5446//5446 5498//5498
f 5502//5502 5452//5452 5447//5447
f 5502//5502 5447//5447 5501//5501
f 5503//5503 5502//5502 5501//5501
f 5503//5503 5501//5501 5500//5500
f 5504//5504 5502//5502 5503//5503
f 5504//5504 5503//5503 5505//5505
f 5504//5504 5453//5453 5452//5452
f 5504//5504 5452//5452 5502//5502
f 5506//5506 5507//5507 5508//5508
f 5506//5506 5508//5508 5509//5509
f 5510//5510 5506//5506 5509//5509
f 5510//5510 5509//5509 5511//5511
f 4915//4915 4913//4913 5506//5506
f 4915//4915 5506//5506 5510//5510
f 4913//4913 4558//4558 5507//5507
f 4913//4913 5507//5507 5506//5506
f 4943//4943 4915//4915 5510//5510
f 4943//4943 5510//5510 5512//5512
f 5512//5512 5510//5510 5511//5511
f 5512//5512 5511//5511 5513//5513
f 1933//1933 5512//5512 5513//5513
f 1933//1933 5513//5513 1935//1935
f 1338//1338 4943//4943 5512//5512
f 1338//1338 5512//5512 1933//1933
f 5514//5514 5515//5515 5516//5516
f 5514//5514 5516//5516 5517//5517
f 5518//5518 5514//5514 5517//5517
f 5518//5518 5517//5517 5519//5519
f 5511//5511 5509//5509 5514//5514
f 5511//5511 5514//5514 5518//5518
f 5509//5509 5508//5508 5515//5515
f 5509//5509 5515//5515 5514//5514
f 5513//5513 5511//5511 5518//5518
f 5513//5513 5518//5518 5520//5520
f 5520//5520 5518//5518 5519//5519
f 5520//5520 5519//5519 5521//5521
f 1943//1943 5520//5520 5521//5521
f 1943//1943 5521//5521 1945//1945
f 1935//1935 5513//5513 5520//5520
f 1935//1935 5520//5520 1943//1943
f 5503//5503 5500//5500 5522//5522
f 5503//5503 5522//5522 5523//5523
f 5523//5523 5522//5522 5524//5524
f 5523//5523 5524//5524 5525//5525
f 5526//5526 5523//5523 5525//5525
f 5526//5526 5525//5525 5527//5527
f 5505//5505 5503//5503 5523//5523
f 5505//5505 5523//5523 5526//5526
f 5499//5499 5497//5497 5528//5528
f 5499//5499 5528//5528 5529//5529
f 5529//5529 5528//5528 5530//5530
f 5529//5529 5530//5530 5531//5531
f 5522//5522 5529//5529 5531//5531
f 5522//5522 5531//5531 5524//5524
f 5500//5500 5499//5499 5529//5529
f 5500//5500 5529//5529 5522//5522
f 5495//5495 5492//5492 5532//5532
f 5495//5495 5532//5532 5533//5533
f 5533//5533 5532//5532 5534//5534
f 5533//5533 5534//5534 5535//5535
f 5528//5528 5533//5533 5535//5535
f 5528//5528 5535//5535 5530//5530
f 5497//5497 5495//5495 5533//5533
f 5497//5497 5533//5533 5528//5528
f 5536//5536 5491//5491 1913//1913
f 5536//5536 1913//1913 1961//1961
f 5537//5537 5536//5536 1961//1961
f 5537//5537 1961//1961 1963//1963
f 5532//5532 5536//5536 5537//5537
f 5532//5532 5537//5537 5534//5534
f 5532//5532 5492//5492 5491//5491
f 5532//5532 5491//5491 5536//5536
f 5525//5525 5524//5524 5538//5538
f 5525//5525 5538//5538 5539//5539
f 5539//5539 5538//5538 5540//5540
f 5539//5539 5540//5540 5541//5541
f 5542//5542 5539//5539 5541//5541
f 5542//5542 5541//5541 5543//5543
f 5527//5527 5525//5525 5539//5539
f 5527//5527 5539//5539 5542//5542
f 5531//5531 5530//5530 5544//5544
f 5531//5531 5544//5544 5545//5545
f 5545//5545 5544//5544 5546//5546
f 5545//5545 5546//5546 5547//5547
f 5538//5538 5545//5545 5547//5547
f 5538//5538 5547//5547 5540//5540
f 5524//5524 5531//5531 5545//5545
f 5524//5524 5545//5545 5538//5538
f 5535//5535 5534//5534 5548//5548
f 5535//5535 5548//5548 5549//5549
f 5549//5549 5548//5548 5550//5550
f 5549//5549 5550//5550 5551//5551
f 5544//5544 5549//5549 5551//5551
f 5544//5544 5551//5551 5546//5546
f 5530//5530 5535//5535 5549//5549
f 5530//5530 5549//5549 5544//5544
f 5552//5552 1981//1981 1980//1980
f 5552//5552 1980//1980 5553//5553
f 5548//5548 5552//5552 5553//5553
f 5548//5548 5553//5553 5550//5550
f 5534//5534 5537//5537 5552//5552
f 5534//5534 5552//5552 5548//5548
f 1963//1963 1981//1981 5552//5552
f 1963//1963 5552//5552 5537//5537
f 5554//5554 5251//5251 5335//5335
f 5554//5554 5335//5335 5555//5555
f 5397//5397 5555//5555 5335//5335
f 5397//5397 5335//5335 5303//5303
f 5375//5375 5556//5556 5555//5555
f 5375//5375 5555//5555 5397//5397
f 5556//5556 5557//5557 5554//5554
f 5556//5556 5554//5554 5555//5555
f 5558//5558 5398//5398 5254//5254
f 5558//5558 5254//5254 5559//5559
f 5560//5560 5558//5558 5559//5559
f 5560//5560 5559//5559 5561//5561
f 5562//5562 5563//5563 5558//5558
f 5562//5562 5558//5558 5560//5560
f 5401//5401 5398//5398 5558//5558
f 5401//5401 5558//5558 5563//5563
f 5564//5564 5252//5252 5251//5251
f 5564//5564 5251//5251 5554//5554
f 5565//5565 5564//5564 5554//5554
f 5565//5565 5554//5554 5557//5557
f 5561//5561 5559//5559 5564//5564
f 5561//5561 5564//5564 5565//5565
f 5559//5559 5254//5254 5252//5252
f 5559//5559 5252//5252 5564//5564
f 5566//5566 5560//5560 5561//5561
f 5566//5566 5561//5561 5567//5567
f 5463//5463 5566//5566 5567//5567
f 5463//5463 5567//5567 5374//5374
f 5455//5455 5568//5568 5566//5566
f 5455//5455 5566//5566 5463//5463
f 5568//5568 5562//5562 5560//5560
f 5568//5568 5560//5560 5566//5566
f 5569//5569 5565//5565 5557//5557
f 5569//5569 5557//5557 5556//5556
f 5373//5373 5569//5569 5556//5556
f 5373//5373 5556//5556 5375//5375
f 5374//5374 5567//5567 5569//5569
f 5374//5374 5569//5569 5373//5373
f 5567//5567 5561//5561 5565//5565
f 5567//5567 5565//5565 5569//5569
f 5570//5570 5400//5400 5401//5401
f 5570//5570 5401//5401 5571//5571
f 5570//5570 5571//5571 5572//5572
f 5570//5570 5572//5572 5573//5573
f 5574//5574 5575//5575 5570//5570
f 5574//5574 5570//5570 5573//5573
f 5575//5575 5403//5403 5400//5400
f 5575//5575 5400//5400 5570//5570
f 5575//5575 5574//5574 5576//5576
f 5575//5575 5576//5576 5577//5577
f 5577//5577 5576//5576 5411//5411
f 5577//5577 5411//5411 5409//5409
f 5406//5406 5405//5405 5577//5577
f 5406//5406 5577//5577 5409//5409
f 5405//5405 5403//5403 5575//5575
f 5405//5405 5575//5575 5577//5577
f 5413//5413 5411//5411 5576//5576
f 5413//5413 5576//5576 5578//5578
f 5578//5578 5576//5576 5574//5574
f 5578//5578 5574//5574 5579//5579
f 5580//5580 5578//5578 5579//5579
f 5580//5580 5579//5579 5581//5581
f 5415//5415 5413//5413 5578//5578
f 5415//5415 5578//5578 5580//5580
f 5418//5418 5419//5419 5582//5582
f 5418//5418 5582//5582 5583//5583
f 5583//5583 5582//5582 5584//5584
f 5583//5583 5584//5584 5585//5585
f 5586//5586 5583//5583 5585//5585
f 5586//5586 5585//5585 5587//5587
f 5420//5420 5418//5418 5583//5583
f 5420//5420 5583//5583 5586//5586
f 5425//5425 5424//5424 5588//5588
f 5425//5425 5588//5588 5589//5589
f 5590//5590 5589//5589 5588//5588
f 5590//5590 5588//5588 5581//5581
f 5582//5582 5589//5589 5590//5590
f 5582//5582 5590//5590 5584//5584
f 5419//5419 5425//5425 5589//5589
f 5419//5419 5589//5589 5582//5582
f 5591//5591 5580//5580 5581//5581
f 5591//5591 5581//5581 5588//5588
f 5429//5429 5591//5591 5588//5588
f 5429//5429 5588//5588 5424//5424
f 5428//5428 5431//5431 5591//5591
f 5428//5428 5591//5591 5429//5429
f 5431//5431 5415//5415 5580//5580
f 5431//5431 5580//5580 5591//5591
f 5592//5592 5477//5477 5420//5420
f 5592//5592 5420//5420 5586//5586
f 5592//5592 5586//5586 5587//5587
f 5592//5592 5587//5587 5593//5593
f 5594//5594 5592//5592 5593//5593
f 5594//5594 5593//5593 5595//5595
f 5472//5472 5477//5477 5592//5592
f 5472//5472 5592//5592 5594//5594
f 5596//5596 5572//5572 5571//5571
f 5596//5596 5571//5571 5597//5597
f 5563//5563 5597//5597 5571//5571
f 5563//5563 5571//5571 5401//5401
f 5562//5562 5568//5568 5597//5597
f 5562//5562 5597//5597 5563//5563
f 5455//5455 5596//5596 5597//5597
f 5455//5455 5597//5597 5568//5568
f 5573//5573 5572//5572 5598//5598
f 5573//5573 5598//5598 5599//5599
f 5599//5599 5598//5598 5600//5600
f 5599//5599 5600//5600 5601//5601
f 5602//5602 5599//5599 5601//5601
f 5602//5602 5601//5601 5603//5603
f 5602//5602 5574//5574 5573//5573
f 5602//5602 5573//5573 5599//5599
f 5579//5579 5574//5574 5602//5602
f 5579//5579 5602//5602 5604//5604
f 5604//5604 5602//5602 5603//5603
f 5604//5604 5603//5603 5605//5605
f 5606//5606 5604//5604 5605//5605
f 5606//5606 5605//5605 5607//5607
f 5581//5581 5579//5579 5604//5604
f 5581//5581 5604//5604 5606//5606
f 5590//5590 5581//5581 5606//5606
f 5590//5590 5606//5606 5608//5608
f 5608//5608 5606//5606 5607//5607
f 5608//5608 5607//5607 5609//5609
f 5610//5610 5608//5608 5609//5609
f 5610//5610 5609//5609 5611//5611
f 5610//5610 5584//5584 5590//5590
f 5610//5610 5590//5590 5608//5608
f 5612//5612 5468//5468 5142//5142
f 5612//5612 5142//5142 5613//5613
f 5614//5614 5612//5612 5613//5613
f 5614//5614 5613//5613 5595//5595
f 5615//5615 5616//5616 5612//5612
f 5615//5615 5612//5612 5614//5614
f 5616//5616 5467//5467 5468//5468
f 5616//5616 5468//5468 5612//5612
f 5593//5593 5587//5587 5617//5617
f 5593//5593 5617//5617 5618//5618
f 5618//5618 5617//5617 5619//5619
f 5618//5618 5619//5619 5620//5620
f 5614//5614 5618//5618 5620//5620
f 5614//5614 5620//5620 5615//5615
f 5595//5595 5593//5593 5618//5618
f 5595//5595 5618//5618 5614//5614
f 5596//5596 5455//5455 5454//5454
f 5596//5596 5454//5454 5621//5621
f 5622//5622 5621//5621 5454//5454
f 5622//5622 5454//5454 5453//5453
f 5598//5598 5621//5621 5622//5622
f 5598//5598 5622//5622 5600//5600
f 5572//5572 5596//5596 5621//5621
f 5572//5572 5621//5621 5598//5598
f 5623//5623 5585//5585 5584//5584
f 5623//5623 5584//5584 5610//5610
f 5623//5623 5610//5610 5611//5611
f 5623//5623 5611//5611 5624//5624
f 5624//5624 5587//5587 5585//5585
f 5624//5624 5585//5585 5623//5623
f 5625//5625 5601//5601 5600//5600
f 5625//5625 5600//5600 5622//5622
f 5626//5626 5625//5625 5622//5622
f 5626//5626 5622//5622 5453//5453
f 5627//5627 5628//5628 5625//5625
f 5627//5627 5625//5625 5626//5626
f 5628//5628 5603//5603 5601//5601
f 5628//5628 5601//5601 5625//5625
f 5605//5605 5603//5603 5628//5628
f 5605//5605 5628//5628 5629//5629
f 5629//5629 5628//5628 5627//5627
f 5629//5629 5627//5627 5630//5630
f 5631//5631 5629//5629 5630//5630
f 5631//5631 5630//5630 5632//5632
f 5607//5607 5605//5605 5629//5629
f 5607//5607 5629//5629 5631//5631
f 5633//5633 5619//5619 5617//5617
f 5633//5633 5617//5617 5634//5634
f 5634//5634 5617//5617 5587//5587
f 5634//5634 5587//5587 5624//5624
f 5635//5635 5634//5634 5624//5624
f 5635//5635 5624//5624 5611//5611
f 5636//5636 5633//5633 5634//5634
f 5636//5636 5634//5634 5635//5635
f 5609//5609 5607//5607 5631//5631
f 5609//5609 5631//5631 5637//5637
f 5637//5637 5631//5631 5632//5632
f 5637//5637 5632//5632 5638//5638
f 5635//5635 5637//5637 5638//5638
f 5635//5635 5638//5638 5636//5636
f 5611//5611 5609//5609 5637//5637
f 5611//5611 5637//5637 5635//5635
f 5639//5639 5630//5630 5627//5627
f 5639//5639 5627//5627 5626//5626
f 5504//5504 5639//5639 5626//5626
f 5504//5504 5626//5626 5453//5453
f 5505//5505 5640//5640 5639//5639
f 5505//5505 5639//5639 5504//5504
f 5640//5640 5632//5632 5630//5630
f 5640//5640 5630//5630 5639//5639
f 5638//5638 5632//5632 5640//5640
f 5638//5638 5640//5640 5641//5641
f 5526//5526 5641//5641 5640//5640
f 5526//5526 5640//5640 5505//5505
f 5527//5527 5642//5642 5641//5641
f 5527//5527 5641//5641 5526//5526
f 5636//5636 5638//5638 5641//5641
f 5636//5636 5641//5641 5642//5642
f 5643//5643 5644//5644 4558//4558
f 5643//5643 4558//4558 4556//4556
f 5134//5134 5643//5643 4556//4556
f 5134//5134 4556//4556 4554//4554
f 5135//5135 5466//5466 5643//5643
f 5135//5135 5643//5643 5134//5134
f 5466//5466 5467//5467 5644//5644
f 5466//5466 5644//5644 5643//5643
f 5171//5171 5170//5170 5645//5645
f 5171//5171 5645//5645 5646//5646
f 5646//5646 5645//5645 5142//5142
f 5646//5646 5142//5142 5141//5141
f 5180//5180 5646//5646 5141//5141
f 5180//5180 5141//5141 5131//5131
f 5172//5172 5171//5171 5646//5646
f 5172//5172 5646//5646 5180//5180
f 5647//5647 5645//5645 5170//5170
f 5647//5647 5170//5170 5473//5473
f 5594//5594 5647//5647 5473//5473
f 5594//5594 5473//5473 5472//5472
f 5595//5595 5613//5613 5647//5647
f 5595//5595 5647//5647 5594//5594
f 5613//5613 5142//5142 5645//5645
f 5613//5613 5645//5645 5647//5647
f 5644//5644 5467//5467 5648//5648
f 5644//5644 5648//5648 5649//5649
f 5650//5650 5649//5649 5648//5648
f 5650//5650 5648//5648 5651//5651
f 5508//5508 5507//5507 5649//5649
f 5508//5508 5649//5649 5650//5650
f 5507//5507 4558//4558 5644//5644
f 5507//5507 5644//5644 5649//5649
f 5652//5652 5648//5648 5467//5467
f 5652//5652 5467//5467 5616//5616
f 5653//5653 5652//5652 5616//5616
f 5653//5653 5616//5616 5615//5615
f 5654//5654 5655//5655 5652//5652
f 5654//5654 5652//5652 5653//5653
f 5655//5655 5651//5651 5648//5648
f 5655//5655 5648//5648 5652//5652
f 5656//5656 5657//5657 5658//5658
f 5656//5656 5658//5658 5659//5659
f 5653//5653 5656//5656 5659//5659
f 5653//5653 5659//5659 5654//5654
f 5615//5615 5620//5620 5656//5656
f 5615//5615 5656//5656 5653//5653
f 5620//5620 5619//5619 5657//5657
f 5620//5620 5657//5657 5656//5656
f 5633//5633 5636//5636 5660//5660
f 5633//5633 5660//5660 5661//5661
f 5661//5661 5660//5660 5662//5662
f 5661//5661 5662//5662 5663//5663
f 5657//5657 5661//5661 5663//5663
f 5657//5657 5663//5663 5658//5658
f 5619//5619 5633//5633 5661//5661
f 5619//5619 5661//5661 5657//5657
f 5642//5642 5527//5527 5542//5542
f 5642//5642 5542//5542 5664//5664
f 5664//5664 5542//5542 5543//5543
f 5664//5664 5543//5543 5665//5665
f 5660//5660 5664//5664 5665//5665
f 5660//5660 5665//5665 5662//5662
f 5636//5636 5642//5642 5664//5664
f 5636//5636 5664//5664 5660//5660
f 5666//5666 5667//5667 5668//5668
f 5666//5666 5668//5668 5669//5669
f 5669//5669 5668//5668 5654//5654
f 5669//5669 5654//5654 5659//5659
f 5670//5670 5669//5669 5659//5659
f 5670//5670 5659//5659 5658//5658
f 5671//5671 5666//5666 5669//5669
f 5671//5671 5669//5669 5670//5670
f 5672//5672 5673//5673 5674//5674
f 5672//5672 5674//5674 5675//5675
f 5670//5670 5672//5672 5675//5675
f 5670//5670 5675//5675 5671//5671
f 5658//5658 5663//5663 5672//5672
f 5658//5658 5672//5672 5670//5670
f 5663//5663 5662//5662 5673//5673
f 5663//5663 5673//5673 5672//5672
f 5676//5676 5677//5677 5678//5678
f 5676//5676 5678//5678 5679//5679
f 5673//5673 5676//5676 5679//5679
f 5673//5673 5679//5679 5674//5674
f 5662//5662 5665//5665 5676//5676
f 5662//5662 5676//5676 5673//5673
f 5665//5665 5543//5543 5677//5677
f 5665//5665 5677//5677 5676//5676
f 5680//5680 5681//5681 5682//5682
f 5680//5680 5682//5682 5683//5683
f 5677//5677 5680//5680 5683//5683
f 5677//5677 5683//5683 5678//5678
f 5543//5543 5541//5541 5680//5680
f 5543//5543 5680//5680 5677//5677
f 5541//5541 5540//5540 5681//5681
f 5541//5541 5681//5681 5680//5680
f 5684//5684 5685//5685 5686//5686
f 5684//5684 5686//5686 5687//5687
f 5681//5681 5684//5684 5687//5687
f 5681//5681 5687//5687 5682//5682
f 5540//5540 5547//5547 5684//5684
f 5540//5540 5684//5684 5681//5681
f 5547//5547 5546//5546 5685//5685
f 5547//5547 5685//5685 5684//5684
f 5688//5688 5689//5689 5690//5690
f 5688//5688 5690//5690 5691//5691
f 5685//5685 5688//5688 5691//5691
f 5685//5685 5691//5691 5686//5686
f 5546//5546 5551//5551 5688//5688
f 5546//5546 5688//5688 5685//5685
f 5551//5551 5550//5550 5689//5689
f 5551//5551 5689//5689 5688//5688
f 5692//5692 2123//2123 2122//2122
f 5692//5692 2122//2122 5693//5693
f 5689//5689 5692//5692 5693//5693
f 5689//5689 5693//5693 5690//5690
f 5550//5550 5553//5553 5692//5692
f 5550//5550 5692//5692 5689//5689
f 5553//5553 1980//1980 2123//2123
f 5553//5553 2123//2123 5692//5692
f 5694//5694 5695//5695 5696//5696
f 5694//5694 5696//5696 5697//5697
f 5479//5479 5694//5694 5697//5697
f 5479//5479 5697//5697 5480//5480
f 5486//5486 5698//5698 5694//5694
f 5486//5486 5694//5694 5479//5479
f 5698//5698 5651//5651 5695//5695
f 5698//5698 5695//5695 5694//5694
f 5699//5699 5650//5650 5651//5651
f 5699//5699 5651//5651 5698//5698
f 5700//5700 5699//5699 5698//5698
f 5700//5700 5698//5698 5486//5486
f 5516//5516 5515//5515 5699//5699
f 5516//5516 5699//5699 5700//5700
f 5515//5515 5508//5508 5650//5650
f 5515//5515 5650//5650 5699//5699
f 5701//5701 5695//5695 5651//5651
f 5701//5701 5651//5651 5655//5655
f 5668//5668 5701//5701 5655//5655
f 5668//5668 5655//5655 5654//5654
f 5667//5667 5702//5702 5701//5701
f 5667//5667 5701//5701 5668//5668
f 5702//5702 5696//5696 5695//5695
f 5702//5702 5695//5695 5701//5701
f 5521//5521 5519//5519 5703//5703
f 5521//5521 5703//5703 5704//5704
f 5704//5704 5703//5703 5484//5484
f 5704//5704 5484//5484 5487//5487
f 2135//2135 5704//5704 5487//5487
f 2135//2135 5487//5487 1904//1904
f 1945//1945 5521//5521 5704//5704
f 1945//1945 5704//5704 2135//2135
f 5705//5705 5700//5700 5486//5486
f 5705//5705 5486//5486 5485//5485
f 5703//5703 5705//5705 5485//5485
f 5703//5703 5485//5485 5484//5484
f 5519//5519 5517//5517 5705//5705
f 5519//5519 5705//5705 5703//5703
f 5517//5517 5516//5516 5700//5700
f 5517//5517 5700//5700 5705//5705
f 5706//5706 5707//5707 5708//5708
f 5706//5706 5708//5708 5709//5709
f 5710//5710 5709//5709 5708//5708
f 5710//5710 5708//5708 5711//5711
f 5483//5483 5481//5481 5709//5709
f 5483//5483 5709//5709 5710//5710
f 5481//5481 5480//5480 5706//5706
f 5481//5481 5706//5706 5709//5709
f 5489//5489 5483//5483 5710//5710
f 5489//5489 5710//5710 5712//5712
f 5712//5712 5710//5710 5711//5711
f 5712//5712 5711//5711 5713//5713
f 2144//2144 5712//5712 5713//5713
f 2144//2144 5713//5713 2146//2146
f 1907//1907 5489//5489 5712//5712
f 1907//1907 5712//5712 2144//2144
f 5693//5693 2122//2122 2147//2147
f 5693//5693 2147//2147 5714//5714
f 5714//5714 2147//2147 2152//2152
f 5714//5714 2152//2152 5715//5715
f 5716//5716 5714//5714 5715//5715
f 5716//5716 5715//5715 5717//5717
f 5690//5690 5693//5693 5714//5714
f 5690//5690 5714//5714 5716//5716
f 5691//5691 5690//5690 5716//5716
f 5691//5691 5716//5716 5718//5718
f 5718//5718 5716//5716 5717//5717
f 5718//5718 5717//5717 5719//5719
f 5720//5720 5718//5718 5719//5719
f 5720//5720 5719//5719 5721//5721
f 5686//5686 5691//5691 5718//5718
f 5686//5686 5718//5718 5720//5720
f 5687//5687 5686//5686 5720//5720
f 5687//5687 5720//5720 5722//5722
f 5722//5722 5720//5720 5721//5721
f 5722//5722 5721//5721 5723//5723
f 5724//5724 5722//5722 5723//5723
f 5724//5724 5723//5723 5725//5725
f 5682//5682 5687//5687 5722//5722
f 5682//5682 5722//5722 5724//5724
f 5683//5683 5682//5682 5724//5724
f 5683//5683 5724//5724 5726//5726
f 5726//5726 5724//5724 5725//5725
f 5726//5726 5725//5725 5727//5727
f 5728//5728 5726//5726 5727//5727
f 5728//5728 5727//5727 5729//5729
f 5678//5678 5683//5683 5726//5726
f 5678//5678 5726//5726 5728//5728
f 5697//5697 5696//5696 5730//5730
f 5697//5697 5730//5730 5731//5731
f 5731//5731 5730//5730 5732//5732
f 5731//5731 5732//5732 5733//5733
f 5706//5706 5731//5731 5733//5733
f 5706//5706 5733//5733 5707//5707
f 5480//5480 5697//5697 5731//5731
f 5480//5480 5731//5731 5706//5706
f 5734//5734 5730//5730 5696//5696
f 5734//5734 5696//5696 5702//5702
f 5735//5735 5734//5734 5702//5702
f 5735//5735 5702//5702 5667//5667
f 5736//5736 5737//5737 5734//5734
f 5736//5736 5734//5734 5735//5735
f 5737//5737 5732//5732 5730//5730
f 5737//5737 5730//5730 5734//5734
f 5666//5666 5671//5671 5738//5738
f 5666//5666 5738//5738 5739//5739
f 5739//5739 5738//5738 5740//5740
f 5739//5739 5740//5740 5741//5741
f 5735//5735 5739//5739 5741//5741
f 5735//5735 5741//5741 5736//5736
f 5667//5667 5666//5666 5739//5739
f 5667//5667 5739//5739 5735//5735
f 5675//5675 5674//5674 5742//5742
f 5675//5675 5742//5742 5743//5743
f 5743//5743 5742//5742 5744//5744
f 5743//5743 5744//5744 5745//5745
f 5738//5738 5743//5743 5745//5745
f 5738//5738 5745//5745 5740//5740
f 5671//5671 5675//5675 5743//5743
f 5671//5671 5743//5743 5738//5738
f 5679//5679 5678//5678 5728//5728
f 5679//5679 5728//5728 5746//5746
f 5746//5746 5728//5728 5729//5729
f 5746//5746 5729//5729 5747//5747
f 5742//5742 5746//5746 5747//5747
f 5742//5742 5747//5747 5744//5744
f 5674//5674 5679//5679 5746//5746
f 5674//5674 5746//5746 5742//5742
f 5748//5748 5713//5713 5711//5711
f 5748//5748 5711//5711 5749//5749
f 5750//5750 5748//5748 5749//5749
f 5750//5750 5749//5749 5751//5751
f 2186//2186 2185//2185 5748//5748
f 2186//2186 5748//5748 5750//5750
f 2146//2146 5713//5713 5748//5748
f 2146//2146 5748//5748 2185//2185
f 5752//5752 5753//5753 5754//5754
f 5752//5752 5754//5754 5755//5755
f 5755//5755 5754//5754 5751//5751
f 5755//5755 5751//5751 5749//5749
f 5708//5708 5755//5755 5749//5749
f 5708//5708 5749//5749 5711//5711
f 5707//5707 5752//5752 5755//5755
f 5707//5707 5755//5755 5708//5708
f 5756//5756 5733//5733 5732//5732
f 5756//5756 5732//5732 5757//5757
f 5758//5758 5756//5756 5757//5757
f 5758//5758 5757//5757 5759//5759
f 5753//5753 5752//5752 5756//5756
f 5753//5753 5756//5756 5758//5758
f 5752//5752 5707//5707 5733//5733
f 5752//5752 5733//5733 5756//5756
f 5760//5760 5757//5757 5732//5732
f 5760//5760 5732//5732 5737//5737
f 5761//5761 5760//5760 5737//5737
f 5761//5761 5737//5737 5736//5736
f 5762//5762 5760//5760 5761//5761
f 5762//5762 5761//5761 5763//5763
f 5762//5762 5759//5759 5757//5757
f 5762//5762 5757//5757 5760//5760
f 5741//5741 5740//5740 5764//5764
f 5741//5741 5764//5764 5765//5765
f 5766//5766 5765//5765 5764//5764
f 5766//5766 5764//5764 5767//5767
f 5763//5763 5761//5761 5765//5765
f 5763//5763 5765//5765 5766//5766
f 5761//5761 5736//5736 5741//5741
f 5761//5761 5741//5741 5765//5765
f 5745//5745 5744//5744 5768//5768
f 5745//5745 5768//5768 5769//5769
f 5769//5769 5768//5768 5770//5770
f 5769//5769 5770//5770 5771//5771
f 5764//5764 5769//5769 5771//5771
f 5764//5764 5771//5771 5767//5767
f 5740//5740 5745//5745 5769//5769
f 5740//5740 5769//5769 5764//5764
f 5747//5747 5729//5729 5772//5772
f 5747//5747 5772//5772 5773//5773
f 5773//5773 5772//5772 5774//5774
f 5773//5773 5774//5774 5775//5775
f 5768//5768 5773//5773 5775//5775
f 5768//5768 5775//5775 5770//5770
f 5744//5744 5747//5747 5773//5773
f 5744//5744 5773//5773 5768//5768
f 5727//5727 5725//5725 5776//5776
f 5727//5727 5776//5776 5777//5777
f 5777//5777 5776//5776 5778//5778
f 5777//5777 5778//5778 5779//5779
f 5772//5772 5777//5777 5779//5779
f 5772//5772 5779//5779 5774//5774
f 5729//5729 5727//5727 5777//5777
f 5729//5729 5777//5777 5772//5772
f 5723//5723 5721//5721 5780//5780
f 5723//5723 5780//5780 5781//5781
f 5781//5781 5780//5780 5782//5782
f 5781//5781 5782//5782 5783//5783
f 5776//5776 5781//5781 5783//5783
f 5776//5776 5783//5783 5778//5778
f 5725//5725 5723//5723 5781//5781
f 5725//5725 5781//5781 5776//5776
f 5719//5719 5717//5717 5784//5784
f 5719//5719 5784//5784 5785//5785
f 5785//5785 5784//5784 5786//5786
f 5785//5785 5786//5786 5787//5787
f 5780//5780 5785//5785 5787//5787
f 5780//5780 5787//5787 5782//5782
f 5721//5721 5719//5719 5785//5785
f 5721//5721 5785//5785 5780//5780
f 5715//5715 2152//2152 2225//2225
f 5715//5715 2225//2225 5788//5788
f 5788//5788 2225//2225 2228//2228
f 5788//5788 2228//2228 5789//5789
f 5784//5784 5788//5788 5789//5789
f 5784//5784 5789//5789 5786//5786
f 5717//5717 5715//5715 5788//5788
f 5717//5717 5788//5788 5784//5784
f 5790//5790 5750//5750 5751//5751
f 5790//5790 5751//5751 5791//5791
f 5792//5792 5790//5790 5791//5791
f 5792//5792 5791//5791 5793//5793
f 2232//2232 2231//2231 5790//5790
f 2232//2232 5790//5790 5792//5792
f 2231//2231 2186//2186 5750//5750
f 2231//2231 5750//5750 5790//5790
f 5794//5794 5795//5795 5796//5796
f 5794//5794 5796//5796 5797//5797
f 5797//5797 5796//5796 5793//5793
f 5797//5797 5793//5793 5791//5791
f 5754//5754 5797//5797 5791//5791
f 5754//5754 5791//5791 5751//5751
f 5753//5753 5794//5794 5797//5797
f 5753//5753 5797//5797 5754//5754
f 5798//5798 5758//5758 5759//5759
f 5798//5798 5759//5759 5799//5799
f 5800//5800 5798//5798 5799//5799
f 5800//5800 5799//5799 5801//5801
f 5795//5795 5794//5794 5798//5798
f 5795//5795 5798//5798 5800//5800
f 5753//5753 5758//5758 5798//5798
f 5753//5753 5798//5798 5794//5794
f 5802//5802 5799//5799 5759//5759
f 5802//5802 5759//5759 5762//5762
f 5803//5803 5802//5802 5762//5762
f 5803//5803 5762//5762 5763//5763
f 5804//5804 5805//5805 5802//5802
f 5804//5804 5802//5802 5803//5803
f 5805//5805 5801//5801 5799//5799
f 5805//5805 5799//5799 5802//5802
f 5806//5806 5767//5767 5807//5807
f 5806//5806 5807//5807 5808//5808
f 5808//5808 5807//5807 5809//5809
f 5808//5808 5809//5809 5810//5810
f 5811//5811 5808//5808 5810//5810
f 5811//5811 5810//5810 5812//5812
f 5813//5813 5806//5806 5808//5808
f 5813//5813 5808//5808 5811//5811
f 5771//5771 5770//5770 5814//5814
f 5771//5771 5814//5814 5815//5815
f 5815//5815 5814//5814 5816//5816
f 5815//5815 5816//5816 5817//5817
f 5807//5807 5815//5815 5817//5817
f 5807//5807 5817//5817 5809//5809
f 5767//5767 5771//5771 5815//5815
f 5767//5767 5815//5815 5807//5807
f 5775//5775 5774//5774 5818//5818
f 5775//5775 5818//5818 5819//5819
f 5819//5819 5818//5818 5820//5820
f 5819//5819 5820//5820 5821//5821
f 5814//5814 5819//5819 5821//5821
f 5814//5814 5821//5821 5816//5816
f 5770//5770 5775//5775 5819//5819
f 5770//5770 5819//5819 5814//5814
f 5779//5779 5778//5778 5822//5822
f 5779//5779 5822//5822 5823//5823
f 5823//5823 5822//5822 5824//5824
f 5823//5823 5824//5824 5825//5825
f 5818//5818 5823//5823 5825//5825
f 5818//5818 5825//5825 5820//5820
f 5774//5774 5779//5779 5823//5823
f 5774//5774 5823//5823 5818//5818
f 5783//5783 5782//5782 5826//5826
f 5783//5783 5826//5826 5827//5827
f 5827//5827 5826//5826 5828//5828
f 5827//5827 5828//5828 5829//5829
f 5822//5822 5827//5827 5829//5829
f 5822//5822 5829//5829 5824//5824
f 5778//5778 5783//5783 5827//5827
f 5778//5778 5827//5827 5822//5822
f 5787//5787 5786//5786 5830//5830
f 5787//5787 5830//5830 5831//5831
f 5831//5831 5830//5830 5832//5832
f 5831//5831 5832//5832 5833//5833
f 5826//5826 5831//5831 5833//5833
f 5826//5826 5833//5833 5828//5828
f 5782//5782 5787//5787 5831//5831
f 5782//5782 5831//5831 5826//5826
f 5789//5789 2228//2228 2522//2522
f 5789//5789 2522//2522 5834//5834
f 5834//5834 2522//2522 2525//2525
f 5834//5834 2525//2525 5835//5835
f 5830//5830 5834//5834 5835//5835
f 5830//5830 5835//5835 5832//5832
f 5786//5786 5789//5789 5834//5834
f 5786//5786 5834//5834 5830//5830
f 5835//5835 2525//2525 2526//2526
f 5835//5835 2526//2526 5836//5836
f 5836//5836 2526//2526 2531//2531
f 5836//5836 2531//2531 5837//5837
f 5838//5838 5836//5836 5837//5837
f 5838//5838 5837//5837 5839//5839
f 5832//5832 5835//5835 5836//5836
f 5832//5832 5836//5836 5838//5838
f 5833//5833 5832//5832 5838//5838
f 5833//5833 5838//5838 5840//5840
f 5840//5840 5838//5838 5839//5839
f 5840//5840 5839//5839 5841//5841
f 5842//5842 5843//5843 5840//5840
f 5842//5842 5840//5840 5841//5841
f 5828//5828 5833//5833 5840//5840
f 5828//5828 5840//5840 5843//5843
f 5829//5829 5828//5828 5843//5843
f 5829//5829 5843//5843 5844//5844
f 5845//5845 5844//5844 5843//5843
f 5845//5845 5843//5843 5842//5842
f 5846//5846 5847//5847 5844//5844
f 5846//5846 5844//5844 5845//5845
f 5824//5824 5829//5829 5844//5844
f 5824//5824 5844//5844 5847//5847
f 5825//5825 5824//5824 5847//5847
f 5825//5825 5847//5847 5848//5848
f 5849//5849 5848//5848 5847//5847
f 5849//5849 5847//5847 5846//5846
f 5850//5850 5851//5851 5848//5848
f 5850//5850 5848//5848 5849//5849
f 5820//5820 5825//5825 5848//5848
f 5820//5820 5848//5848 5851//5851
f 5817//5817 5816//5816 5852//5852
f 5817//5817 5852//5852 5853//5853
f 5853//5853 5852//5852 5854//5854
f 5853//5853 5854//5854 5855//5855
f 5856//5856 5853//5853 5855//5855
f 5856//5856 5855//5855 5857//5857
f 5809//5809 5817//5817 5853//5853
f 5809//5809 5853//5853 5856//5856
f 5821//5821 5820//5820 5851//5851
f 5821//5821 5851//5851 5858//5858
f 5858//5858 5851//5851 5850//5850
f 5858//5858 5850//5850 5859//5859
f 5852//5852 5858//5858 5859//5859
f 5852//5852 5859//5859 5854//5854
f 5816//5816 5821//5821 5858//5858
f 5816//5816 5858//5858 5852//5852
f 5860//5860 5861//5861 5862//5862
f 5860//5860 5862//5862 5863//5863
f 5864//5864 5860//5860 5863//5863
f 5864//5864 5863//5863 5865//5865
f 5866//5866 5867//5867 5860//5860
f 5866//5866 5860//5860 5864//5864
f 5867//5867 5868//5868 5861//5861
f 5867//5867 5861//5861 5860//5860
f 5869//5869 5870//5870 5871//5871
f 5869//5869 5871//5871 5872//5872
f 5872//5872 5871//5871 5873//5873
f 5872//5872 5873//5873 5874//5874
f 5864//5864 5872//5872 5874//5874
f 5864//5864 5874//5874 5866//5866
f 5865//5865 5869//5869 5872//5872
f 5865//5865 5872//5872 5864//5864
f 5875//5875 5876//5876 5877//5877
f 5875//5875 5877//5877 5878//5878
f 5879//5879 5875//5875 5878//5878
f 5879//5879 5878//5878 5880//5880
f 5873//5873 5871//5871 5875//5875
f 5873//5873 5875//5875 5879//5879
f 5871//5871 5870//5870 5876//5876
f 5871//5871 5876//5876 5875//5875
f 5881//5881 5882//5882 5883//5883
f 5881//5881 5883//5883 5884//5884
f 5885//5885 5881//5881 5884//5884
f 5885//5885 5884//5884 5886//5886
f 5880//5880 5878//5878 5881//5881
f 5880//5880 5881//5881 5885//5885
f 5878//5878 5877//5877 5882//5882
f 5878//5878 5882//5882 5881//5881
f 5887//5887 5888//5888 5889//5889
f 5887//5887 5889//5889 5890//5890
f 5891//5891 5887//5887 5890//5890
f 5891//5891 5890//5890 5892//5892
f 5886//5886 5884//5884 5887//5887
f 5886//5886 5887//5887 5891//5891
f 5884//5884 5883//5883 5888//5888
f 5884//5884 5888//5888 5887//5887
f 5893//5893 5894//5894 5895//5895
f 5893//5893 5895//5895 5896//5896
f 5897//5897 5893//5893 5896//5896
f 5897//5897 5896//5896 5898//5898
f 5892//5892 5890//5890 5893//5893
f 5892//5892 5893//5893 5897//5897
f 5890//5890 5889//5889 5894//5894
f 5890//5890 5894//5894 5893//5893
f 5899//5899 5900//5900 2593//2593
f 5899//5899 2593//2593 2592//2592
f 5901//5901 5899//5899 2592//2592
f 5901//5901 2592//2592 2596//2596
f 5898//5898 5896//5896 5899//5899
f 5898//5898 5899//5899 5901//5901
f 5896//5896 5895//5895 5900//5900
f 5896//5896 5900//5900 5899//5899
f 5856//5856 5902//5902 5810//5810
f 5856//5856 5810//5810 5809//5809
f 5857//5857 5903//5903 5902//5902
f 5857//5857 5902//5902 5856//5856
f 5904//5904 5905//5905 5906//5906
f 5904//5904 5906//5906 5907//5907
f 5868//5868 5904//5904 5907//5907
f 5868//5868 5907//5907 5861//5861
f 5908//5908 5909//5909 5910//5910
f 5908//5908 5910//5910 5911//5911
f 5905//5905 5909//5909 5908//5908
f 5905//5905 5908//5908 5906//5906
f 5912//5912 5913//5913 5911//5911
f 5912//5912 5911//5911 5910//5910
f 2618//2618 2616//2616 5913//5913
f 2618//2618 5913//5913 5912//5912
f 5837//5837 2531//2531 2620//2620
f 5837//5837 2620//2620 5914//5914
f 5915//5915 5914//5914 2620//2620
f 5915//5915 2620//2620 2625//2625
f 5916//5916 5917//5917 5914//5914
f 5916//5916 5914//5914 5915//5915
f 5839//5839 5837//5837 5914//5914
f 5839//5839 5914//5914 5917//5917
f 5918//5918 5841//5841 5839//5839
f 5918//5918 5839//5839 5917//5917
f 5919//5919 5918//5918 5917//5917
f 5919//5919 5917//5917 5916//5916
f 5920//5920 5921//5921 5918//5918
f 5920//5920 5918//5918 5919//5919
f 5921//5921 5842//5842 5841//5841
f 5921//5921 5841//5841 5918//5918
f 5922//5922 5845//5845 5842//5842
f 5922//5922 5842//5842 5921//5921
f 5923//5923 5922//5922 5921//5921
f 5923//5923 5921//5921 5920//5920
f 5924//5924 5925//5925 5922//5922
f 5924//5924 5922//5922 5923//5923
f 5925//5925 5846//5846 5845//5845
f 5925//5925 5845//5845 5922//5922
f 5926//5926 5849//5849 5846//5846
f 5926//5926 5846//5846 5925//5925
f 5927//5927 5926//5926 5925//5925
f 5927//5927 5925//5925 5924//5924
f 5928//5928 5929//5929 5926//5926
f 5928//5928 5926//5926 5927//5927
f 5929//5929 5850//5850 5849//5849
f 5929//5929 5849//5849 5926//5926
f 5930//5930 5859//5859 5850//5850
f 5930//5930 5850//5850 5929//5929
f 5931//5931 5930//5930 5929//5929
f 5931//5931 5929//5929 5928//5928
f 5932//5932 5930//5930 5931//5931
f 5932//5932 5931//5931 5933//5933
f 5854//5854 5859//5859 5930//5930
f 5854//5854 5930//5930 5932//5932
f 5855//5855 5854//5854 5932//5932
f 5855//5855 5932//5932 5934//5934
f 5934//5934 5932//5932 5933//5933
f 5934//5934 5933//5933 5935//5935
f 5936//5936 5934//5934 5935//5935
f 5936//5936 5935//5935 5937//5937
f 5857//5857 5855//5855 5934//5934
f 5857//5857 5934//5934 5936//5936
f 5903//5903 5857//5857 5936//5936
f 5903//5903 5936//5936 5938//5938
f 5938//5938 5936//5936 5937//5937
f 5938//5938 5937//5937 5939//5939
f 2650//2650 2593//2593 5900//5900
f 2650//2650 5900//5900 5940//5940
f 5940//5940 5900//5900 5895//5895
f 5940//5940 5895//5895 5941//5941
f 5915//5915 5940//5940 5941//5941
f 5915//5915 5941//5941 5916//5916
f 2625//2625 2650//2650 5940//5940
f 2625//2625 5940//5940 5915//5915
f 5942//5942 5919//5919 5916//5916
f 5942//5942 5916//5916 5941//5941
f 5894//5894 5942//5942 5941//5941
f 5894//5894 5941//5941 5895//5895
f 5889//5889 5943//5943 5942//5942
f 5889//5889 5942//5942 5894//5894
f 5943//5943 5920//5920 5919//5919
f 5943//5943 5919//5919 5942//5942
f 5944//5944 5923//5923 5920//5920
f 5944//5944 5920//5920 5943//5943
f 5888//5888 5944//5944 5943//5943
f 5888//5888 5943//5943 5889//5889
f 5883//5883 5945//5945 5944//5944
f 5883//5883 5944//5944 5888//5888
f 5945//5945 5924//5924 5923//5923
f 5945//5945 5923//5923 5944//5944
f 5946//5946 5927//5927 5924//5924
f 5946//5946 5924//5924 5945//5945
f 5882//5882 5946//5946 5945//5945
f 5882//5882 5945//5945 5883//5883
f 5877//5877 5947//5947 5946//5946
f 5877//5877 5946//5946 5882//5882
f 5947//5947 5928//5928 5927//5927
f 5947//5947 5927//5927 5946//5946
f 5948//5948 5931//5931 5928//5928
f 5948//5948 5928//5928 5947//5947
f 5876//5876 5948//5948 5947//5947
f 5876//5876 5947//5947 5877//5877
f 5949//5949 5948//5948 5876//5876
f 5949//5949 5876//5876 5870//5870
f 5933//5933 5931//5931 5948//5948
f 5933//5933 5948//5948 5949//5949
f 5935//5935 5933//5933 5949//5949
f 5935//5935 5949//5949 5950//5950
f 5950//5950 5949//5949 5870//5870
f 5950//5950 5870//5870 5869//5869
f 5951//5951 5950//5950 5869//5869
f 5951//5951 5869//5869 5865//5865
f 5937//5937 5935//5935 5950//5950
f 5937//5937 5950//5950 5951//5951
f 5939//5939 5937//5937 5951//5951
f 5939//5939 5951//5951 5952//5952
f 5952//5952 5951//5951 5865//5865
f 5952//5952 5865//5865 5863//5863
f 5953//5953 5952//5952 5863//5863
f 5953//5953 5863//5863 5862//5862
f 5954//5954 5939//5939 5952//5952
f 5954//5954 5952//5952 5953//5953
f 5955//5955 5956//5956 5957//5957
f 5955//5955 5957//5957 5958//5958
f 5958//5958 5957//5957 5959//5959
f 5958//5958 5959//5959 5960//5960
f 5961//5961 5958//5958 5960//5960
f 5961//5961 5960//5960 5962//5962
f 5961//5961 5963//5963 5955//5955
f 5961//5961 5955//5955 5958//5958
f 5964//5964 5956//5956 5955//5955
f 5964//5964 5955//5955 5965//5965
f 5965//5965 5955//5955 5963//5963
f 5965//5965 5963//5963 5966//5966
f 5967//5967 5965//5965 5966//5966
f 5967//5967 5966//5966 5968//5968
f 5967//5967 5969//5969 5964//5964
f 5967//5967 5964//5964 5965//5965
f 5970//5970 5971//5971 2685//2685
f 5970//5970 2685//2685 2684//2684
f 5970//5970 2684//2684 2667//2667
f 5970//5970 2667//2667 5972//5972
f 5973//5973 5970//5970 5972//5972
f 5973//5973 5972//5972 5956//5956
f 5973//5973 5974//5974 5971//5971
f 5973//5973 5971//5971 5970//5970
f 5975//5975 5976//5976 5974//5974
f 5975//5975 5974//5974 5973//5973
f 5964//5964 5975//5975 5973//5973
f 5964//5964 5973//5973 5956//5956
f 5969//5969 5977//5977 5975//5975
f 5969//5969 5975//5975 5964//5964
f 5977//5977 5978//5978 5976//5976
f 5977//5977 5976//5976 5975//5975
f 5979//5979 5901//5901 2596//2596
f 5979//5979 2596//2596 2694//2694
f 5971//5971 5979//5979 2694//2694
f 5971//5971 2694//2694 2685//2685
f 5974//5974 5980//5980 5979//5979
f 5974//5974 5979//5979 5971//5971
f 5980//5980 5898//5898 5901//5901
f 5980//5980 5901//5901 5979//5979
f 5981//5981 5897//5897 5898//5898
f 5981//5981 5898//5898 5980//5980
f 5976//5976 5981//5981 5980//5980
f 5976//5976 5980//5980 5974//5974
f 5978//5978 5982//5982 5981//5981
f 5978//5978 5981//5981 5976//5976
f 5982//5982 5892//5892 5897//5897
f 5982//5982 5897//5897 5981//5981
f 5983//5983 5984//5984 5867//5867
f 5983//5983 5867//5867 5866//5866
f 5984//5984 5983//5983 5985//5985
f 5984//5984 5985//5985 5986//5986
f 5987//5987 5984//5984 5986//5986
f 5987//5987 5986//5986 5988//5988
f 5868//5868 5867//5867 5984//5984
f 5868//5868 5984//5984 5987//5987
f 5904//5904 5868//5868 5987//5987
f 5904//5904 5987//5987 5989//5989
f 5989//5989 5987//5987 5988//5988
f 5989//5989 5988//5988 5990//5990
f 5991//5991 5989//5989 5990//5990
f 5991//5991 5990//5990 5992//5992
f 5905//5905 5904//5904 5989//5989
f 5905//5905 5989//5989 5991//5991
f 5993//5993 5909//5909 5905//5905
f 5993//5993 5905//5905 5991//5991
f 5994//5994 5993//5993 5991//5991
f 5994//5994 5991//5991 5992//5992
f 5995//5995 5996//5996 5993//5993
f 5995//5995 5993//5993 5994//5994
f 5996//5996 5910//5910 5909//5909
f 5996//5996 5909//5909 5993//5993
f 5912//5912 5910//5910 5996//5996
f 5912//5912 5996//5996 5997//5997
f 5997//5997 5996//5996 5995//5995
f 5997//5997 5995//5995 5998//5998
f 2713//2713 5997//5997 5998//5998
f 2713//2713 5998//5998 2715//2715
f 2618//2618 5912//5912 5997//5997
f 2618//2618 5997//5997 2713//2713
f 5891//5891 5892//5892 5999//5999
f 5891//5891 5999//5999 6000//6000
f 6000//6000 5999//5999 6001//6001
f 6000//6000 6001//6001 6002//6002
f 5886//5886 5891//5891 6000//6000
f 5886//5886 6000//6000 6002//6002
f 6003//6003 5885//5885 5886//5886
f 6003//6003 5886//5886 6002//6002
f 6004//6004 6003//6003 6002//6002
f 6004//6004 6002//6002 6001//6001
f 6005//6005 6006//6006 6003//6003
f 6005//6005 6003//6003 6004//6004
f 6006//6006 5880//5880 5885//5885
f 6006//6006 5885//5885 6003//6003
f 5874//5874 5873//5873 6007//6007
f 5874//5874 6007//6007 6008//6008
f 6008//6008 6007//6007 6009//6009
f 6008//6008 6009//6009 6010//6010
f 6011//6011 6008//6008 6010//6010
f 6011//6011 6010//6010 6012//6012
f 6011//6011 5866//5866 5874//5874
f 6011//6011 5874//5874 6008//6008
f 6013//6013 5879//5879 5880//5880
f 6013//6013 5880//5880 6006//6006
f 6014//6014 6013//6013 6006//6006
f 6014//6014 6006//6006 6005//6005
f 6007//6007 6013//6013 6014//6014
f 6007//6007 6014//6014 6009//6009
f 6007//6007 5873//5873 5879//5879
f 6007//6007 5879//5879 6013//6013
f 6015//6015 5983//5983 5866//5866
f 6015//6015 5866//5866 6011//6011
f 6015//6015 6011//6011 6012//6012
f 6015//6015 6012//6012 6016//6016
f 6017//6017 6018//6018 6015//6015
f 6017//6017 6015//6015 6016//6016
f 6018//6018 5985//5985 5983//5983
f 6018//6018 5983//5983 6015//6015
f 5986//5986 5985//5985 6019//6019
f 5986//5986 6019//6019 6020//6020
f 6020//6020 6019//6019 6021//6021
f 6020//6020 6021//6021 6022//6022
f 5988//5988 5986//5986 6020//6020
f 5988//5988 6020//6020 6022//6022
f 6023//6023 6024//6024 5978//5978
f 6023//6023 5978//5978 5977//5977
f 6025//6025 6023//6023 5977//5977
f 6025//6025 5977//5977 5969//5969
f 6026//6026 6027//6027 6023//6023
f 6026//6026 6023//6023 6025//6025
f 6027//6027 6028//6028 6024//6024
f 6027//6027 6024//6024 6023//6023
f 6029//6029 6030//6030 6028//6028
f 6029//6029 6028//6028 6027//6027
f 6031//6031 6029//6029 6027//6027
f 6031//6031 6027//6027 6026//6026
f 6032//6032 6033//6033 6029//6029
f 6032//6032 6029//6029 6031//6031
f 6033//6033 6034//6034 6030//6030
f 6033//6033 6030//6030 6029//6029
f 6035//6035 6036//6036 6037//6037
f 6035//6035 6037//6037 6038//6038
f 6039//6039 6035//6035 6038//6038
f 6039//6039 6038//6038 6040//6040
f 6041//6041 6035//6035 6039//6039
f 6041//6041 6039//6039 6042//6042
f 6041//6041 6043//6043 6036//6036
f 6041//6041 6036//6036 6035//6035
f 6044//6044 6045//6045 6034//6034
f 6044//6044 6034//6034 6033//6033
f 6046//6046 6044//6044 6033//6033
f 6046//6046 6033//6033 6032//6032
f 6047//6047 6048//6048 6044//6044
f 6047//6047 6044//6044 6046//6046
f 6048//6048 6037//6037 6045//6045
f 6048//6048 6045//6045 6044//6044
f 6049//6049 6043//6043 6050//6050
f 6049//6049 6050//6050 6051//6051
f 6052//6052 6051//6051 6050//6050
f 6052//6052 6050//6050 6053//6053
f 6054//6054 6051//6051 6052//6052
f 6054//6054 6052//6052 6055//6055
f 6056//6056 6049//6049 6051//6051
f 6056//6056 6051//6051 6054//6054
f 6057//6057 6056//6056 6054//6054
f 6057//6057 6054//6054 6058//6058
f 6058//6058 6054//6054 6055//6055
f 6058//6058 6055//6055 6059//6059
f 6060//6060 6058//6058 6059//6059
f 6060//6060 6059//6059 6061//6061
f 6062//6062 6057//6057 6058//6058
f 6062//6062 6058//6058 6060//6060
f 6063//6063 5999//5999 5892//5892
f 6063//6063 5892//5892 5982//5982
f 6024//6024 6063//6063 5982//5982
f 6024//6024 5982//5982 5978//5978
f 6028//6028 6064//6064 6063//6063
f 6028//6028 6063//6063 6024//6024
f 6064//6064 6001//6001 5999//5999
f 6064//6064 5999//5999 6063//6063
f 6065//6065 6004//6004 6001//6001
f 6065//6065 6001//6001 6064//6064
f 6030//6030 6065//6065 6064//6064
f 6030//6030 6064//6064 6028//6028
f 6034//6034 6066//6066 6065//6065
f 6034//6034 6065//6065 6030//6030
f 6066//6066 6005//6005 6004//6004
f 6066//6066 6004//6004 6065//6065
f 6067//6067 6014//6014 6005//6005
f 6067//6067 6005//6005 6066//6066
f 6045//6045 6067//6067 6066//6066
f 6045//6045 6066//6066 6034//6034
f 6037//6037 6068//6068 6067//6067
f 6037//6037 6067//6067 6045//6045
f 6068//6068 6009//6009 6014//6014
f 6068//6068 6014//6014 6067//6067
f 6010//6010 6009//6009 6068//6068
f 6010//6010 6068//6068 6069//6069
f 6036//6036 6069//6069 6068//6068
f 6036//6036 6068//6068 6037//6037
f 6070//6070 6069//6069 6036//6036
f 6070//6070 6036//6036 6043//6043
f 6012//6012 6010//6010 6069//6069
f 6012//6012 6069//6069 6070//6070
f 6016//6016 6012//6012 6070//6070
f 6016//6016 6070//6070 6071//6071
f 6071//6071 6070//6070 6043//6043
f 6071//6071 6043//6043 6049//6049
f 6072//6072 6071//6071 6049//6049
f 6072//6072 6049//6049 6056//6056
f 6017//6017 6016//6016 6071//6071
f 6017//6017 6071//6071 6072//6072
f 6073//6073 6017//6017 6072//6072
f 6073//6073 6072//6072 6074//6074
f 6074//6074 6072//6072 6056//6056
f 6074//6074 6056//6056 6057//6057
f 6075//6075 6074//6074 6057//6057
f 6075//6075 6057//6057 6062//6062
f 6076//6076 6073//6073 6074//6074
f 6076//6076 6074//6074 6075//6075
f 6077//6077 6048//6048 6047//6047
f 6077//6077 6047//6047 6078//6078
f 6079//6079 6077//6077 6078//6078
f 6079//6079 6078//6078 6080//6080
f 6040//6040 6038//6038 6077//6077
f 6040//6040 6077//6077 6079//6079
f 6038//6038 6037//6037 6048//6048
f 6038//6038 6048//6048 6077//6077
f 6081//6081 6082//6082 6053//6053
f 6081//6081 6053//6053 6050//6050
f 6041//6041 6081//6081 6050//6050
f 6041//6041 6050//6050 6043//6043
f 6042//6042 6083//6083 6081//6081
f 6042//6042 6081//6081 6041//6041
f 6083//6083 6084//6084 6082//6082
f 6083//6083 6082//6082 6081//6081
f 6085//6085 6079//6079 6080//6080
f 6085//6085 6080//6080 6086//6086
f 6085//6085 6086//6086 6084//6084
f 6085//6085 6084//6084 6083//6083
f 6039//6039 6085//6085 6083//6083
f 6039//6039 6083//6083 6042//6042
f 6039//6039 6040//6040 6079//6079
f 6039//6039 6079//6079 6085//6085
f 6087//6087 6031//6031 6026//6026
f 6087//6087 6026//6026 6088//6088
f 6089//6089 6087//6087 6088//6088
f 6089//6089 6088//6088 6090//6090
f 6091//6091 6092//6092 6087//6087
f 6091//6091 6087//6087 6089//6089
f 6092//6092 6032//6032 6031//6031
f 6092//6092 6031//6031 6087//6087
f 6093//6093 6082//6082 6084//6084
f 6093//6093 6084//6084 6094//6094
f 6095//6095 6093//6093 6094//6094
f 6095//6095 6094//6094 6096//6096
f 6097//6097 6093//6093 6095//6095
f 6097//6097 6095//6095 6098//6098
f 6053//6053 6082//6082 6093//6093
f 6053//6053 6093//6093 6097//6097
f 6099//6099 6046//6046 6032//6032
f 6099//6099 6032//6032 6092//6092
f 6100//6100 6099//6099 6092//6092
f 6100//6100 6092//6092 6091//6091
f 6101//6101 6102//6102 6099//6099
f 6101//6101 6099//6099 6100//6100
f 6102//6102 6047//6047 6046//6046
f 6102//6102 6046//6046 6099//6099
f 6052//6052 6053//6053 6097//6097
f 6052//6052 6097//6097 6103//6103
f 6103//6103 6097//6097 6098//6098
f 6103//6103 6098//6098 6104//6104
f 6105//6105 6103//6103 6104//6104
f 6105//6105 6104//6104 6106//6106
f 6055//6055 6052//6052 6103//6103
f 6055//6055 6103//6103 6105//6105
f 6059//6059 6055//6055 6105//6105
f 6059//6059 6105//6105 6107//6107
f 6107//6107 6105//6105 6106//6106
f 6107//6107 6106//6106 6108//6108
f 6109//6109 6107//6107 6108//6108
f 6109//6109 6108//6108 6110//6110
f 6061//6061 6059//6059 6107//6107
f 6061//6061 6107//6107 6109//6109
f 6111//6111 6078//6078 6047//6047
f 6111//6111 6047//6047 6102//6102
f 6112//6112 6111//6111 6102//6102
f 6112//6112 6102//6102 6101//6101
f 6113//6113 6111//6111 6112//6112
f 6113//6113 6112//6112 6114//6114
f 6080//6080 6078//6078 6111//6111
f 6080//6080 6111//6111 6113//6113
f 6086//6086 6080//6080 6113//6113
f 6086//6086 6113//6113 6115//6115
f 6115//6115 6113//6113 6114//6114
f 6115//6115 6114//6114 6116//6116
f 6096//6096 6094//6094 6115//6115
f 6096//6096 6115//6115 6116//6116
f 6084//6084 6086//6086 6115//6115
f 6084//6084 6115//6115 6094//6094
f 6117//6117 6075//6075 6062//6062
f 6117//6117 6062//6062 6118//6118
f 6119//6119 6117//6117 6118//6118
f 6119//6119 6118//6118 6120//6120
f 6121//6121 6117//6117 6119//6119
f 6121//6121 6119//6119 6122//6122
f 6121//6121 6076//6076 6075//6075
f 6121//6121 6075//6075 6117//6117
f 6123//6123 6060//6060 6061//6061
f 6123//6123 6061//6061 6124//6124
f 6125//6125 6123//6123 6124//6124
f 6125//6125 6124//6124 6126//6126
f 6120//6120 6118//6118 6123//6123
f 6120//6120 6123//6123 6125//6125
f 6118//6118 6062//6062 6060//6060
f 6118//6118 6060//6060 6123//6123
f 6127//6127 6109//6109 6110//6110
f 6127//6127 6110//6110 6128//6128
f 6129//6129 6127//6127 6128//6128
f 6129//6129 6128//6128 6130//6130
f 6126//6126 6124//6124 6127//6127
f 6126//6126 6127//6127 6129//6129
f 6124//6124 6061//6061 6109//6109
f 6124//6124 6109//6109 6127//6127
f 6131//6131 6132//6132 6133//6133
f 6131//6131 6133//6133 6134//6134
f 6131//6131 6134//6134 5992//5992
f 6131//6131 5992//5992 5990//5990
f 6022//6022 6131//6131 5990//5990
f 6022//6022 5990//5990 5988//5988
f 6022//6022 6021//6021 6132//6132
f 6022//6022 6132//6132 6131//6131
f 6135//6135 6089//6089 6090//6090
f 6135//6135 6090//6090 6136//6136
f 6135//6135 6136//6136 5968//5968
f 6135//6135 5968//5968 6137//6137
f 6138//6138 6139//6139 6135//6135
f 6138//6138 6135//6135 6137//6137
f 6139//6139 6091//6091 6089//6089
f 6139//6139 6089//6089 6135//6135
f 6140//6140 6100//6100 6091//6091
f 6140//6140 6091//6091 6139//6139
f 6140//6140 6139//6139 6138//6138
f 6140//6140 6138//6138 6141//6141
f 6142//6142 6143//6143 6140//6140
f 6142//6142 6140//6140 6141//6141
f 6143//6143 6101//6101 6100//6100
f 6143//6143 6100//6100 6140//6140
f 6144//6144 6025//6025 5969//5969
f 6144//6144 5969//5969 5967//5967
f 6136//6136 6144//6144 5967//5967
f 6136//6136 5967//5967 5968//5968
f 6090//6090 6088//6088 6144//6144
f 6090//6090 6144//6144 6136//6136
f 6088//6088 6026//6026 6025//6025
f 6088//6088 6025//6025 6144//6144
f 6145//6145 6095//6095 6096//6096
f 6145//6145 6096//6096 6146//6146
f 6147//6147 6145//6145 6146//6146
f 6147//6147 6146//6146 6148//6148
f 6149//6149 6150//6150 6145//6145
f 6149//6149 6145//6145 6147//6147
f 6150//6150 6098//6098 6095//6095
f 6150//6150 6095//6095 6145//6145
f 6151//6151 6104//6104 6098//6098
f 6151//6151 6098//6098 6150//6150
f 6152//6152 6151//6151 6150//6150
f 6152//6152 6150//6150 6149//6149
f 6153//6153 6154//6154 6151//6151
f 6153//6153 6151//6151 6152//6152
f 6106//6106 6104//6104 6151//6151
f 6106//6106 6151//6151 6154//6154
f 6108//6108 6106//6106 6154//6154
f 6108//6108 6154//6154 6155//6155
f 6156//6156 6155//6155 6154//6154
f 6156//6156 6154//6154 6153//6153
f 6130//6130 6128//6128 6155//6155
f 6130//6130 6155//6155 6156//6156
f 6128//6128 6110//6110 6108//6108
f 6128//6128 6108//6108 6155//6155
f 6112//6112 6101//6101 6143//6143
f 6112//6112 6143//6143 6157//6157
f 6157//6157 6143//6143 6142//6142
f 6157//6157 6142//6142 6158//6158
f 6159//6159 6157//6157 6158//6158
f 6159//6159 6158//6158 6160//6160
f 6114//6114 6112//6112 6157//6157
f 6114//6114 6157//6157 6159//6159
f 6116//6116 6114//6114 6159//6159
f 6116//6116 6159//6159 6161//6161
f 6161//6161 6159//6159 6160//6160
f 6161//6161 6160//6160 6162//6162
f 6146//6146 6161//6161 6162//6162
f 6146//6146 6162//6162 6148//6148
f 6096//6096 6116//6116 6161//6161
f 6096//6096 6161//6161 6146//6146
f 6163//6163 6147//6147 6148//6148
f 6163//6163 6148//6148 6164//6164
f 6165//6165 6163//6163 6164//6164
f 6165//6165 6164//6164 6166//6166
f 6167//6167 6168//6168 6163//6163
f 6167//6167 6163//6163 6165//6165
f 6168//6168 6149//6149 6147//6147
f 6168//6168 6147//6147 6163//6163
f 6169//6169 6152//6152 6149//6149
f 6169//6169 6149//6149 6168//6168
f 6170//6170 6169//6169 6168//6168
f 6170//6170 6168//6168 6167//6167
f 6171//6171 6172//6172 6169//6169
f 6171//6171 6169//6169 6170//6170
f 6172//6172 6153//6153 6152//6152
f 6172//6172 6152//6152 6169//6169
f 6173//6173 6174//6174 6175//6175
f 6173//6173 6175//6175 6176//6176
f 6156//6156 6176//6176 6175//6175
f 6156//6156 6175//6175 6130//6130
f 6153//6153 6172//6172 6176//6176
f 6153//6153 6176//6176 6156//6156
f 6172//6172 6171//6171 6173//6173
f 6172//6172 6173//6173 6176//6176
f 6177//6177 6165//6165 6166//6166
f 6177//6177 6166//6166 6178//6178
f 6179//6179 6177//6177 6178//6178
f 6179//6179 6178//6178 6180//6180
f 6181//6181 6182//6182 6177//6177
f 6181//6181 6177//6177 6179//6179
f 6182//6182 6167//6167 6165//6165
f 6182//6182 6165//6165 6177//6177
f 6183//6183 6184//6184 6167//6167
f 6183//6183 6167//6167 6182//6182
f 6185//6185 6183//6183 6182//6182
f 6185//6185 6182//6182 6181//6181
f 6186//6186 6187//6187 6183//6183
f 6186//6186 6183//6183 6185//6185
f 6187//6187 6188//6188 6184//6184
f 6187//6187 6184//6184 6183//6183
f 6189//6189 6190//6190 6188//6188
f 6189//6189 6188//6188 6187//6187
f 6191//6191 6189//6189 6187//6187
f 6191//6191 6187//6187 6186//6186
f 6192//6192 6193//6193 6189//6189
f 6192//6192 6189//6189 6191//6191
f 6194//6194 6190//6190 6189//6189
f 6194//6194 6189//6189 6193//6193
f 6195//6195 6174//6174 6196//6196
f 6195//6195 6196//6196 6197//6197
f 6197//6197 6196//6196 6194//6194
f 6197//6197 6194//6194 6198//6198
f 6199//6199 6197//6197 6198//6198
f 6199//6199 6198//6198 6200//6200
f 6201//6201 6195//6195 6197//6197
f 6201//6201 6197//6197 6199//6199
f 6193//6193 6192//6192 6202//6202
f 6193//6193 6202//6202 6203//6203
f 6204//6204 6203//6203 6202//6202
f 6204//6204 6202//6202 6205//6205
f 6200//6200 6198//6198 6203//6203
f 6200//6200 6203//6203 6204//6204
f 6198//6198 6194//6194 6193//6193
f 6198//6198 6193//6193 6203//6203
f 6206//6206 6201//6201 6199//6199
f 6206//6206 6199//6199 6207//6207
f 6207//6207 6199//6199 6200//6200
f 6207//6207 6200//6200 6208//6208
f 6209//6209 6207//6207 6208//6208
f 6209//6209 6208//6208 6210//6210
f 6211//6211 6206//6206 6207//6207
f 6211//6211 6207//6207 6209//6209
f 6212//6212 6204//6204 6205//6205
f 6212//6212 6205//6205 6213//6213
f 6214//6214 6212//6212 6213//6213
f 6214//6214 6213//6213 6215//6215
f 6210//6210 6208//6208 6212//6212
f 6210//6210 6212//6212 6214//6214
f 6208//6208 6200//6200 6204//6204
f 6208//6208 6204//6204 6212//6212
f 6216//6216 6119//6119 6120//6120
f 6216//6216 6120//6120 6217//6217
f 6216//6216 6217//6217 6218//6218
f 6216//6216 6218//6218 6219//6219
f 6220//6220 6216//6216 6219//6219
f 6220//6220 6219//6219 6133//6133
f 6122//6122 6119//6119 6216//6216
f 6122//6122 6216//6216 6220//6220
f 6221//6221 6125//6125 6126//6126
f 6221//6221 6126//6126 6222//6222
f 6223//6223 6221//6221 6222//6222
f 6223//6223 6222//6222 6224//6224
f 6218//6218 6217//6217 6221//6221
f 6218//6218 6221//6221 6223//6223
f 6217//6217 6120//6120 6125//6125
f 6217//6217 6125//6125 6221//6221
f 6129//6129 6130//6130 6225//6225
f 6129//6129 6225//6225 6226//6226
f 6227//6227 6226//6226 6225//6225
f 6227//6227 6225//6225 6228//6228
f 6224//6224 6222//6222 6226//6226
f 6224//6224 6226//6226 6227//6227
f 6222//6222 6126//6126 6129//6129
f 6222//6222 6129//6129 6226//6226
f 6195//6195 6201//6201 6229//6229
f 6195//6195 6229//6229 6230//6230
f 6230//6230 6229//6229 6231//6231
f 6230//6230 6231//6231 6232//6232
f 6233//6233 6230//6230 6232//6232
f 6233//6233 6232//6232 6234//6234
f 6233//6233 6174//6174 6195//6195
f 6233//6233 6195//6195 6230//6230
f 6206//6206 6211//6211 6235//6235
f 6206//6206 6235//6235 6236//6236
f 6237//6237 6236//6236 6235//6235
f 6237//6237 6235//6235 6238//6238
f 6231//6231 6229//6229 6236//6236
f 6231//6231 6236//6236 6237//6237
f 6201//6201 6206//6206 6236//6236
f 6201//6201 6236//6236 6229//6229
f 6239//6239 6240//6240 6241//6241
f 6239//6239 6241//6241 6242//6242
f 6243//6243 6239//6239 6242//6242
f 6243//6243 6242//6242 6244//6244
f 5963//5963 5961//5961 6239//6239
f 5963//5963 6239//6239 6243//6243
f 5961//5961 5962//5962 6240//6240
f 5961//5961 6240//6240 6239//6239
f 5966//5966 5963//5963 6243//6243
f 5966//5966 6243//6243 6245//6245
f 6246//6246 6245//6245 6243//6243
f 6246//6246 6243//6243 6244//6244
f 6247//6247 6248//6248 6245//6245
f 6247//6247 6245//6245 6246//6246
f 6248//6248 5968//5968 5966//5966
f 6248//6248 5966//5966 6245//6245
f 6249//6249 6250//6250 6251//6251
f 6249//6249 6251//6251 6252//6252
f 6253//6253 6249//6249 6252//6252
f 6253//6253 6252//6252 6254//6254
f 3014//3014 6255//6255 6249//6249
f 3014//3014 6249//6249 6253//6253
f 6255//6255 6256//6256 6250//6250
f 6255//6255 6250//6250 6249//6249
f 6257//6257 5994//5994 5992//5992
f 6257//6257 5992//5992 6258//6258
f 6257//6257 6258//6258 6259//6259
f 6257//6257 6259//6259 6260//6260
f 6261//6261 6257//6257 6260//6260
f 6261//6261 6260//6260 6262//6262
f 6261//6261 5995//5995 5994//5994
f 6261//6261 5994//5994 6257//6257
f 5998//5998 5995//5995 6261//6261
f 5998//5998 6261//6261 6263//6263
f 6263//6263 6261//6261 6262//6262
f 6263//6263 6262//6262 6264//6264
f 2986//2986 6263//6263 6264//6264
f 2986//2986 6264//6264 2988//2988
f 2715//2715 5998//5998 6263//6263
f 2715//2715 6263//6263 2986//2986
f 6260//6260 6259//6259 6265//6265
f 6260//6260 6265//6265 6266//6266
f 6266//6266 6265//6265 6267//6267
f 6266//6266 6267//6267 6268//6268
f 6269//6269 6266//6266 6268//6268
f 6269//6269 6268//6268 6270//6270
f 6262//6262 6260//6260 6266//6266
f 6262//6262 6266//6266 6269//6269
f 6271//6271 6262//6262 6269//6269
f 6271//6271 6269//6269 6272//6272
f 6272//6272 6269//6269 6270//6270
f 6272//6272 6270//6270 6273//6273
f 6274//6274 6272//6272 6273//6273
f 6274//6274 6273//6273 6275//6275
f 6276//6276 6271//6271 6272//6272
f 6276//6276 6272//6272 6274//6274
f 6219//6219 6218//6218 6277//6277
f 6219//6219 6277//6277 6278//6278
f 6278//6278 6277//6277 6259//6259
f 6278//6278 6259//6259 6258//6258
f 6134//6134 6278//6278 6258//6258
f 6134//6134 6258//6258 5992//5992
f 6133//6133 6219//6219 6278//6278
f 6133//6133 6278//6278 6134//6134
f 6279//6279 6223//6223 6224//6224
f 6279//6279 6224//6224 6280//6280
f 6265//6265 6279//6279 6280//6280
f 6265//6265 6280//6280 6267//6267
f 6259//6259 6277//6277 6279//6279
f 6259//6259 6279//6279 6265//6265
f 6277//6277 6218//6218 6223//6223
f 6277//6277 6223//6223 6279//6279
f 6227//6227 6228//6228 6281//6281
f 6227//6227 6281//6281 6282//6282
f 6283//6283 6282//6282 6281//6281
f 6283//6283 6281//6281 6284//6284
f 6267//6267 6280//6280 6282//6282
f 6267//6267 6282//6282 6283//6283
f 6280//6280 6224//6224 6227//6227
f 6280//6280 6227//6227 6282//6282
f 6268//6268 6267//6267 6283//6283
f 6268//6268 6283//6283 6285//6285
f 6285//6285 6283//6283 6284//6284
f 6285//6285 6284//6284 6286//6286
f 6287//6287 6285//6285 6286//6286
f 6287//6287 6286//6286 6254//6254
f 6270//6270 6268//6268 6285//6285
f 6270//6270 6285//6285 6287//6287
f 6253//6253 6254//6254 6288//6288
f 6253//6253 6288//6288 6289//6289
f 6289//6289 6288//6288 6290//6290
f 6289//6289 6290//6290 6291//6291
f 3013//3013 6289//6289 6291//6291
f 3013//3013 6291//6291 3016//3016
f 3013//3013 3014//3014 6253//6253
f 3013//3013 6253//6253 6289//6289
f 6292//6292 6293//6293 6294//6294
f 6292//6292 6294//6294 6295//6295
f 6292//6292 6295//6295 6296//6296
f 6292//6292 6296//6296 6297//6297
f 6298//6298 6299//6299 6292//6292
f 6298//6298 6292//6292 6297//6297
f 6299//6299 6300//6300 6293//6293
f 6299//6299 6293//6293 6292//6292
f 6301//6301 6302//6302 6300//6300
f 6301//6301 6300//6300 6299//6299
f 6303//6303 6301//6301 6299//6299
f 6303//6303 6299//6299 6298//6298
f 6304//6304 6305//6305 6301//6301
f 6304//6304 6301//6301 6303//6303
f 6305//6305 6306//6306 6302//6302
f 6305//6305 6302//6302 6301//6301
f 6307//6307 6308//6308 6306//6306
f 6307//6307 6306//6306 6305//6305
f 6309//6309 6307//6307 6305//6305
f 6309//6309 6305//6305 6304//6304
f 6310//6310 6311//6311 6307//6307
f 6310//6310 6307//6307 6309//6309
f 6311//6311 6312//6312 6308//6308
f 6311//6311 6308//6308 6307//6307
f 6313//6313 6314//6314 6312//6312
f 6313//6313 6312//6312 6311//6311
f 6315//6315 6313//6313 6311//6311
f 6315//6315 6311//6311 6310//6310
f 6316//6316 6313//6313 6315//6315
f 6316//6316 6315//6315 6317//6317
f 6316//6316 6318//6318 6314//6314
f 6316//6316 6314//6314 6313//6313
f 6319//6319 6318//6318 6316//6316
f 6319//6319 6316//6316 6320//6320
f 6320//6320 6316//6316 6317//6317
f 6320//6320 6317//6317 6321//6321
f 6322//6322 6320//6320 6321//6321
f 6322//6322 6321//6321 6323//6323
f 6322//6322 6324//6324 6319//6319
f 6322//6322 6319//6319 6320//6320
f 6325//6325 6326//6326 6327//6327
f 6325//6325 6327//6327 6328//6328
f 6328//6328 6327//6327 6329//6329
f 6328//6328 6329//6329 6330//6330
f 6331//6331 6328//6328 6330//6330
f 6331//6331 6330//6330 6332//6332
f 6333//6333 6325//6325 6328//6328
f 6333//6333 6328//6328 6331//6331
f 6334//6334 6333//6333 6331//6331
f 6334//6334 6331//6331 6335//6335
f 6336//6336 6335//6335 6331//6331
f 6336//6336 6331//6331 6332//6332
f 6337//6337 6338//6338 6335//6335
f 6337//6337 6335//6335 6336//6336
f 6339//6339 6334//6334 6335//6335
f 6339//6339 6335//6335 6338//6338
f 6340//6340 6339//6339 6338//6338
f 6340//6340 6338//6338 6341//6341
f 6341//6341 6338//6338 6337//6337
f 6341//6341 6337//6337 6342//6342
f 6343//6343 6344//6344 6341//6341
f 6343//6343 6341//6341 6342//6342
f 6344//6344 6345//6345 6340//6340
f 6344//6344 6340//6340 6341//6341
f 6346//6346 6347//6347 6345//6345
f 6346//6346 6345//6345 6344//6344
f 6348//6348 6346//6346 6344//6344
f 6348//6348 6344//6344 6343//6343
f 6349//6349 6350//6350 6346//6346
f 6349//6349 6346//6346 6348//6348
f 6350//6350 6351//6351 6347//6347
f 6350//6350 6347//6347 6346//6346
f 6352//6352 6353//6353 6351//6351
f 6352//6352 6351//6351 6350//6350
f 6354//6354 6352//6352 6350//6350
f 6354//6354 6350//6350 6349//6349
f 6355//6355 6356//6356 6352//6352
f 6355//6355 6352//6352 6354//6354
f 6356//6356 6357//6357 6353//6353
f 6356//6356 6353//6353 6352//6352
f 6232//6232 6231//6231 6358//6358
f 6232//6232 6358//6358 6359//6359
f 6348//6348 6359//6359 6358//6358
f 6348//6348 6358//6358 6349//6349
f 6343//6343 6360//6360 6359//6359
f 6343//6343 6359//6359 6348//6348
f 6360//6360 6234//6234 6232//6232
f 6360//6360 6232//6232 6359//6359
f 6361//6361 6237//6237 6238//6238
f 6361//6361 6238//6238 6362//6362
f 6354//6354 6361//6361 6362//6362
f 6354//6354 6362//6362 6355//6355
f 6349//6349 6358//6358 6361//6361
f 6349//6349 6361//6361 6354//6354
f 6358//6358 6231//6231 6237//6237
f 6358//6358 6237//6237 6361//6361
f 6363//6363 6337//6337 6336//6336
f 6363//6363 6336//6336 6364//6364
f 6364//6364 6336//6336 6332//6332
f 6364//6364 6332//6332 6330//6330
f 6365//6365 6364//6364 6330//6330
f 6365//6365 6330//6330 6329//6329
f 6366//6366 6363//6363 6364//6364
f 6366//6366 6364//6364 6365//6365
f 6342//6342 6337//6337 6367//6367
f 6342//6342 6367//6367 6368//6368
f 6368//6368 6367//6367 6234//6234
f 6368//6368 6234//6234 6360//6360
f 6343//6343 6342//6342 6368//6368
f 6343//6343 6368//6368 6360//6360
f 6363//6363 6366//6366 6369//6369
f 6363//6363 6369//6369 6370//6370
f 6370//6370 6369//6369 6371//6371
f 6370//6370 6371//6371 6372//6372
f 6373//6373 6370//6370 6372//6372
f 6373//6373 6372//6372 6284//6284
f 6337//6337 6363//6363 6370//6370
f 6337//6337 6370//6370 6373//6373
f 6178//6178 6166//6166 6374//6374
f 6178//6178 6374//6374 6375//6375
f 6327//6327 6375//6375 6374//6374
f 6327//6327 6374//6374 6329//6329
f 6326//6326 6376//6376 6375//6375
f 6326//6326 6375//6375 6327//6327
f 6180//6180 6178//6178 6375//6375
f 6180//6180 6375//6375 6376//6376
f 6377//6377 6369//6369 6366//6366
f 6377//6377 6366//6366 6378//6378
f 6379//6379 6377//6377 6378//6378
f 6379//6379 6378//6378 6380//6380
f 6247//6247 6381//6381 6377//6377
f 6247//6247 6377//6377 6379//6379
f 6381//6381 6371//6371 6369//6369
f 6381//6381 6369//6369 6377//6377
f 6382//6382 6383//6383 2963//2963
f 6382//6382 2963//2963 3109//3109
f 6382//6382 3109//3109 3016//3016
f 6382//6382 3016//3016 6291//6291
f 6384//6384 6382//6382 6291//6291
f 6384//6384 6291//6291 6290//6290
f 6384//6384 6244//6244 6383//6383
f 6384//6384 6383//6383 6382//6382
f 6248//6248 6247//6247 6385//6385
f 6248//6248 6385//6385 6386//6386
f 6141//6141 6386//6386 6385//6385
f 6141//6141 6385//6385 6142//6142
f 6137//6137 6386//6386 6141//6141
f 6137//6137 6141//6141 6138//6138
f 6137//6137 5968//5968 6248//6248
f 6137//6137 6248//6248 6386//6386
f 6387//6387 6365//6365 6329//6329
f 6387//6387 6329//6329 6374//6374
f 6387//6387 6374//6374 6166//6166
f 6387//6387 6166//6166 6164//6164
f 6388//6388 6387//6387 6164//6164
f 6388//6388 6164//6164 6148//6148
f 6388//6388 6366//6366 6365//6365
f 6388//6388 6365//6365 6387//6387
f 6378//6378 6366//6366 6388//6388
f 6378//6378 6388//6388 6389//6389
f 6389//6389 6388//6388 6148//6148
f 6389//6389 6148//6148 6162//6162
f 6390//6390 6389//6389 6162//6162
f 6390//6390 6162//6162 6160//6160
f 6380//6380 6378//6378 6389//6389
f 6380//6380 6389//6389 6390//6390
f 6286//6286 6284//6284 6372//6372
f 6286//6286 6372//6372 6391//6391
f 6391//6391 6372//6372 6371//6371
f 6391//6391 6371//6371 6392//6392
f 6288//6288 6391//6391 6392//6392
f 6288//6288 6392//6392 6290//6290
f 6254//6254 6286//6286 6391//6391
f 6254//6254 6391//6391 6288//6288
f 6393//6393 6246//6246 6244//6244
f 6393//6393 6244//6244 6384//6384
f 6392//6392 6393//6393 6384//6384
f 6392//6392 6384//6384 6290//6290
f 6371//6371 6381//6381 6393//6393
f 6371//6371 6393//6393 6392//6392
f 6381//6381 6247//6247 6246//6246
f 6381//6381 6246//6246 6393//6393
f 6394//6394 6379//6379 6380//6380
f 6394//6394 6380//6380 6390//6390
f 6158//6158 6394//6394 6390//6390
f 6158//6158 6390//6390 6160//6160
f 6142//6142 6385//6385 6394//6394
f 6142//6142 6394//6394 6158//6158
f 6385//6385 6247//6247 6379//6379
f 6385//6385 6379//6379 6394//6394
f 6395//6395 5813//5813 5811//5811
f 6395//6395 5811//5811 6396//6396
f 6396//6396 5811//5811 5812//5812
f 6396//6396 5812//5812 6397//6397
f 6398//6398 6396//6396 6397//6397
f 6398//6398 6397//6397 6399//6399
f 5804//5804 6395//6395 6396//6396
f 5804//5804 6396//6396 6398//6398
f 6400//6400 5792//5792 5793//5793
f 6400//6400 5793//5793 6401//6401
f 6402//6402 6400//6400 6401//6401
f 6402//6402 6401//6401 6403//6403
f 2285//2285 3126//3126 6400//6400
f 2285//2285 6400//6400 6402//6402
f 3126//3126 2232//2232 5792//5792
f 3126//3126 5792//5792 6400//6400
f 6404//6404 6405//6405 6406//6406
f 6404//6404 6406//6406 6407//6407
f 6407//6407 6406//6406 6403//6403
f 6407//6407 6403//6403 6401//6401
f 5796//5796 6407//6407 6401//6401
f 5796//5796 6401//6401 5793//5793
f 5795//5795 6404//6404 6407//6407
f 5795//5795 6407//6407 5796//5796
f 6408//6408 5800//5800 5801//5801
f 6408//6408 5801//5801 6409//6409
f 6410//6410 6408//6408 6409//6409
f 6410//6410 6409//6409 6411//6411
f 6405//6405 6404//6404 6408//6408
f 6405//6405 6408//6408 6410//6410
f 6404//6404 5795//5795 5800//5800
f 6404//6404 5800//5800 6408//6408
f 6409//6409 5801//5801 5805//5805
f 6409//6409 5805//5805 6412//6412
f 6412//6412 5805//5805 5804//5804
f 6412//6412 5804//5804 6398//6398
f 6399//6399 6413//6413 6412//6412
f 6399//6399 6412//6412 6398//6398
f 6411//6411 6409//6409 6412//6412
f 6411//6411 6412//6412 6413//6413
f 6414//6414 5766//5766 5767//5767
f 6414//6414 5767//5767 5806//5806
f 6414//6414 5806//5806 5813//5813
f 6414//6414 5813//5813 6395//6395
f 5803//5803 6414//6414 6395//6395
f 5803//5803 6395//6395 5804//5804
f 5803//5803 5763//5763 5766//5766
f 5803//5803 5766//5766 6414//6414
f 6415//6415 6416//6416 6076//6076
f 6415//6415 6076//6076 6121//6121
f 6220//6220 6415//6415 6121//6121
f 6220//6220 6121//6121 6122//6122
f 6133//6133 6132//6132 6415//6415
f 6133//6133 6415//6415 6220//6220
f 6021//6021 6416//6416 6415//6415
f 6021//6021 6415//6415 6132//6132
f 6417//6417 6019//6019 5985//5985
f 6417//6417 5985//5985 6018//6018
f 6073//6073 6417//6417 6018//6018
f 6073//6073 6018//6018 6017//6017
f 6076//6076 6416//6416 6417//6417
f 6076//6076 6417//6417 6073//6073
f 6416//6416 6021//6021 6019//6019
f 6416//6416 6019//6019 6417//6417
f 6418//6418 6233//6233 6234//6234
f 6418//6418 6234//6234 6419//6419
f 6418//6418 6419//6419 6228//6228
f 6418//6418 6228//6228 6225//6225
f 6175//6175 6418//6418 6225//6225
f 6175//6175 6225//6225 6130//6130
f 6175//6175 6174//6174 6233//6233
f 6175//6175 6233//6233 6418//6418
f 6367//6367 6337//6337 6373//6373
f 6367//6367 6373//6373 6420//6420
f 6420//6420 6373//6373 6284//6284
f 6420//6420 6284//6284 6281//6281
f 6419//6419 6420//6420 6281//6281
f 6419//6419 6281//6281 6228//6228
f 6420//6420 6419//6419 6234//6234
f 6420//6420 6234//6234 6367//6367
f 6421//6421 6188//6188 6190//6190
f 6421//6421 6190//6190 6422//6422
f 6196//6196 6422//6422 6190//6190
f 6196//6196 6190//6190 6194//6194
f 6174//6174 6173//6173 6422//6422
f 6174//6174 6422//6422 6196//6196
f 6173//6173 6171//6171 6421//6421
f 6173//6173 6421//6421 6422//6422
f 6170//6170 6167//6167 6184//6184
f 6170//6170 6184//6184 6423//6423
f 6423//6423 6184//6184 6188//6188
f 6423//6423 6188//6188 6421//6421
f 6171//6171 6170//6170 6423//6423
f 6171//6171 6423//6423 6421//6421
f 6424//6424 6425//6425 6426//6426
f 6424//6424 6426//6426 6427//6427
f 6427//6427 6426//6426 6428//6428
f 6427//6427 6428//6428 6429//6429
f 6430//6430 6427//6427 6429//6429
f 6430//6430 6429//6429 6211//6211
f 6431//6431 6424//6424 6427//6427
f 6431//6431 6427//6427 6430//6430
f 6432//6432 6433//6433 6434//6434
f 6432//6432 6434//6434 6435//6435
f 6214//6214 6432//6432 6435//6435
f 6214//6214 6435//6435 6210//6210
f 6215//6215 6436//6436 6432//6432
f 6215//6215 6432//6432 6214//6214
f 6436//6436 6437//6437 6433//6433
f 6436//6436 6433//6433 6432//6432
f 6438//6438 6235//6235 6211//6211
f 6438//6438 6211//6211 6439//6439
f 6440//6440 6438//6438 6439//6439
f 6440//6440 6439//6439 6441//6441
f 6440//6440 6238//6238 6235//6235
f 6440//6440 6235//6235 6438//6438
f 6322//6322 6323//6323 6442//6442
f 6322//6322 6442//6442 6443//6443
f 6443//6443 6442//6442 6444//6444
f 6443//6443 6444//6444 6445//6445
f 6445//6445 6324//6324 6322//6322
f 6445//6445 6322//6322 6443//6443
f 6356//6356 6355//6355 6446//6446
f 6356//6356 6446//6446 6447//6447
f 6447//6447 6446//6446 6448//6448
f 6447//6447 6448//6448 6449//6449
f 6450//6450 6447//6447 6449//6449
f 6450//6450 6449//6449 6451//6451
f 6357//6357 6356//6356 6447//6447
f 6357//6357 6447//6447 6450//6450
f 6452//6452 6453//6453 6454//6454
f 6452//6452 6454//6454 6455//6455
f 6446//6446 6452//6452 6455//6455
f 6446//6446 6455//6455 6448//6448
f 6355//6355 6362//6362 6452//6452
f 6355//6355 6452//6452 6446//6446
f 6362//6362 6238//6238 6453//6453
f 6362//6362 6453//6453 6452//6452
f 6456//6456 6424//6424 6431//6431
f 6456//6456 6431//6431 6457//6457
f 6458//6458 6456//6456 6457//6457
f 6458//6458 6457//6457 6459//6459
f 6460//6460 6461//6461 6456//6456
f 6460//6460 6456//6456 6458//6458
f 6425//6425 6424//6424 6456//6456
f 6425//6425 6456//6456 6461//6461
f 6462//6462 6433//6433 6437//6437
f 6462//6462 6437//6437 6463//6463
f 6464//6464 6462//6462 6463//6463
f 6464//6464 6463//6463 6465//6465
f 6466//6466 6467//6467 6462//6462
f 6466//6466 6462//6462 6464//6464
f 6467//6467 6434//6434 6433//6433
f 6467//6467 6433//6433 6462//6462
f 6468//6468 6426//6426 6425//6425
f 6468//6468 6425//6425 6461//6461
f 6468//6468 6461//6461 6460//6460
f 6468//6468 6460//6460 6469//6469
f 6470//6470 6468//6468 6469//6469
f 6470//6470 6469//6469 6471//6471
f 6428//6428 6426//6426 6468//6468
f 6428//6428 6468//6468 6470//6470
f 6472//6472 6473//6473 6474//6474
f 6472//6472 6474//6474 6475//6475
f 6475//6475 6474//6474 6476//6476
f 6475//6475 6476//6476 6477//6477
f 6478//6478 6475//6475 6477//6477
f 6478//6478 6477//6477 6479//6479
f 6480//6480 6472//6472 6475//6475
f 6480//6480 6475//6475 6478//6478
f 6449//6449 6448//6448 6481//6481
f 6449//6449 6481//6481 6482//6482
f 6482//6482 6481//6481 6483//6483
f 6482//6482 6483//6483 6484//6484
f 6485//6485 6482//6482 6484//6484
f 6485//6485 6484//6484 6486//6486
f 6451//6451 6449//6449 6482//6482
f 6451//6451 6482//6482 6485//6485
f 6487//6487 6488//6488 6489//6489
f 6487//6487 6489//6489 6490//6490
f 6487//6487 6490//6490 6491//6491
f 6487//6487 6491//6491 6492//6492
f 6493//6493 6487//6487 6492//6492
f 6493//6493 6492//6492 6494//6494
f 6454//6454 6488//6488 6487//6487
f 6454//6454 6487//6487 6493//6493
f 6495//6495 6489//6489 6488//6488
f 6495//6495 6488//6488 6496//6496
f 6496//6496 6488//6488 6454//6454
f 6496//6496 6454//6454 6453//6453
f 6497//6497 6496//6496 6453//6453
f 6497//6497 6453//6453 6238//6238
f 6498//6498 6495//6495 6496//6496
f 6498//6498 6496//6496 6497//6497
f 6499//6499 6429//6429 6428//6428
f 6499//6499 6428//6428 6500//6500
f 6501//6501 6499//6499 6500//6500
f 6501//6501 6500//6500 6502//6502
f 6441//6441 6439//6439 6499//6499
f 6441//6441 6499//6499 6501//6501
f 6439//6439 6211//6211 6429//6429
f 6439//6439 6429//6429 6499//6499
f 6503//6503 6504//6504 6505//6505
f 6503//6503 6505//6505 6506//6506
f 6507//6507 6503//6503 6506//6506
f 6507//6507 6506//6506 6508//6508
f 6509//6509 6510//6510 6503//6503
f 6509//6509 6503//6503 6507//6507
f 6510//6510 6441//6441 6504//6504
f 6510//6510 6504//6504 6503//6503
f 6445//6445 6444//6444 6511//6511
f 6445//6445 6511//6511 6512//6512
f 6513//6513 6512//6512 6511//6511
f 6513//6513 6511//6511 6514//6514
f 6515//6515 6516//6516 6512//6512
f 6515//6515 6512//6512 6513//6513
f 6516//6516 6324//6324 6445//6445
f 6516//6516 6445//6445 6512//6512
f 6517//6517 6518//6518 6519//6519
f 6517//6517 6519//6519 6520//6520
f 6521//6521 6517//6517 6520//6520
f 6521//6521 6520//6520 6522//6522
f 6523//6523 6524//6524 6517//6517
f 6523//6523 6517//6517 6521//6521
f 6524//6524 6514//6514 6518//6518
f 6524//6524 6518//6518 6517//6517
f 6525//6525 6526//6526 6473//6473
f 6525//6525 6473//6473 6472//6472
f 6527//6527 6525//6525 6472//6472
f 6527//6527 6472//6472 6480//6480
f 6442//6442 6525//6525 6527//6527
f 6442//6442 6527//6527 6444//6444
f 6442//6442 6323//6323 6526//6526
f 6442//6442 6526//6526 6525//6525
f 6528//6528 6458//6458 6459//6459
f 6528//6528 6459//6459 6529//6529
f 6530//6530 6528//6528 6529//6529
f 6530//6530 6529//6529 6531//6531
f 6532//6532 6533//6533 6528//6528
f 6532//6532 6528//6528 6530//6530
f 6533//6533 6460//6460 6458//6458
f 6533//6533 6458//6458 6528//6528
f 6469//6469 6460//6460 6533//6533
f 6469//6469 6533//6533 6534//6534
f 6534//6534 6533//6533 6532//6532
f 6534//6534 6532//6532 6535//6535
f 6536//6536 6534//6534 6535//6535
f 6536//6536 6535//6535 6537//6537
f 6471//6471 6469//6469 6534//6534
f 6471//6471 6534//6534 6536//6536
f 6492//6492 6491//6491 6538//6538
f 6492//6492 6538//6538 6539//6539
f 6539//6539 6538//6538 6540//6540
f 6539//6539 6540//6540 6541//6541
f 6542//6542 6539//6539 6541//6541
f 6542//6542 6541//6541 6543//6543
f 6494//6494 6492//6492 6539//6539
f 6494//6494 6539//6539 6542//6542
f 6506//6506 6505//6505 6544//6544
f 6506//6506 6544//6544 6545//6545
f 6545//6545 6544//6544 6546//6546
f 6545//6545 6546//6546 6547//6547
f 6548//6548 6545//6545 6547//6547
f 6548//6548 6547//6547 6549//6549
f 6508//6508 6506//6506 6545//6545
f 6508//6508 6545//6545 6548//6548
f 6550//6550 6513//6513 6514//6514
f 6550//6550 6514//6514 6551//6551
f 6552//6552 6550//6550 6551//6551
f 6552//6552 6551//6551 6553//6553
f 6554//6554 6555//6555 6550//6550
f 6554//6554 6550//6550 6552//6552
f 6555//6555 6515//6515 6513//6513
f 6555//6555 6513//6513 6550//6550
f 6556//6556 6557//6557 6558//6558
f 6556//6556 6558//6558 6559//6559
f 6560//6560 6556//6556 6559//6559
f 6560//6560 6559//6559 6519//6519
f 6561//6561 6556//6556 6560//6560
f 6561//6561 6560//6560 6480//6480
f 6562//6562 6557//6557 6556//6556
f 6562//6562 6556//6556 6561//6561
f 6563//6563 6466//6466 6464//6464
f 6563//6563 6464//6464 6564//6564
f 6564//6564 6464//6464 6465//6465
f 6564//6564 6465//6465 6565//6565
f 6529//6529 6564//6564 6565//6565
f 6529//6529 6565//6565 6531//6531
f 6459//6459 6563//6563 6564//6564
f 6459//6459 6564//6564 6529//6529
f 6566//6566 6567//6567 6434//6434
f 6566//6566 6434//6434 6467//6467
f 6563//6563 6566//6566 6467//6467
f 6563//6563 6467//6467 6466//6466
f 6459//6459 6457//6457 6566//6566
f 6459//6459 6566//6566 6563//6563
f 6457//6457 6431//6431 6567//6567
f 6457//6457 6567//6567 6566//6566
f 6500//6500 6428//6428 6470//6470
f 6500//6500 6470//6470 6568//6568
f 6568//6568 6470//6470 6471//6471
f 6568//6568 6471//6471 6569//6569
f 6570//6570 6568//6568 6569//6569
f 6570//6570 6569//6569 6571//6571
f 6502//6502 6500//6500 6568//6568
f 6502//6502 6568//6568 6570//6570
f 6572//6572 6536//6536 6537//6537
f 6572//6572 6537//6537 6573//6573
f 6574//6574 6572//6572 6573//6573
f 6574//6574 6573//6573 6575//6575
f 6571//6571 6569//6569 6572//6572
f 6571//6571 6572//6572 6574//6574
f 6569//6569 6471//6471 6536//6536
f 6569//6569 6536//6536 6572//6572
f 6576//6576 6209//6209 6210//6210
f 6576//6576 6210//6210 6435//6435
f 6567//6567 6576//6576 6435//6435
f 6567//6567 6435//6435 6434//6434
f 6431//6431 6430//6430 6576//6576
f 6431//6431 6576//6576 6567//6567
f 6430//6430 6211//6211 6209//6209
f 6430//6430 6209//6209 6576//6576
f 6577//6577 6493//6493 6494//6494
f 6577//6577 6494//6494 6578//6578
f 6481//6481 6577//6577 6578//6578
f 6481//6481 6578//6578 6483//6483
f 6448//6448 6455//6455 6577//6577
f 6448//6448 6577//6577 6481//6481
f 6455//6455 6454//6454 6493//6493
f 6455//6455 6493//6493 6577//6577
f 6579//6579 6542//6542 6543//6543
f 6579//6579 6543//6543 6580//6580
f 6579//6579 6580//6580 6486//6486
f 6579//6579 6486//6486 6484//6484
f 6578//6578 6579//6579 6484//6484
f 6578//6578 6484//6484 6483//6483
f 6578//6578 6494//6494 6542//6542
f 6578//6578 6542//6542 6579//6579
f 6581//6581 6582//6582 6583//6583
f 6581//6581 6583//6583 6584//6584
f 6584//6584 6583//6583 6491//6491
f 6584//6584 6491//6491 6490//6490
f 6489//6489 6495//6495 6584//6584
f 6489//6489 6584//6584 6490//6490
f 6498//6498 6581//6581 6584//6584
f 6498//6498 6584//6584 6495//6495
f 6585//6585 6586//6586 6587//6587
f 6585//6585 6587//6587 6588//6588
f 6588//6588 6587//6587 6540//6540
f 6588//6588 6540//6540 6538//6538
f 6583//6583 6588//6588 6538//6538
f 6583//6583 6538//6538 6491//6491
f 6582//6582 6585//6585 6588//6588
f 6582//6582 6588//6588 6583//6583
f 6589//6589 6590//6590 6498//6498
f 6589//6589 6498//6498 6497//6497
f 6440//6440 6589//6589 6497//6497
f 6440//6440 6497//6497 6238//6238
f 6441//6441 6510//6510 6589//6589
f 6441//6441 6589//6589 6440//6440
f 6510//6510 6509//6509 6590//6590
f 6510//6510 6590//6590 6589//6589
f 6591//6591 6501//6501 6502//6502
f 6591//6591 6502//6502 6570//6570
f 6592//6592 6591//6591 6570//6570
f 6592//6592 6570//6570 6571//6571
f 6505//6505 6504//6504 6591//6591
f 6505//6505 6591//6591 6592//6592
f 6504//6504 6441//6441 6501//6501
f 6504//6504 6501//6501 6591//6591
f 6574//6574 6575//6575 6593//6593
f 6574//6574 6593//6593 6594//6594
f 6594//6594 6593//6593 6546//6546
f 6594//6594 6546//6546 6544//6544
f 6592//6592 6594//6594 6544//6544
f 6592//6592 6544//6544 6505//6505
f 6571//6571 6574//6574 6594//6594
f 6571//6571 6594//6594 6592//6592
f 6595//6595 6507//6507 6508//6508
f 6595//6595 6508//6508 6596//6596
f 6595//6595 6596//6596 6582//6582
f 6595//6595 6582//6582 6581//6581
f 6590//6590 6595//6595 6581//6581
f 6590//6590 6581//6581 6498//6498
f 6509//6509 6507//6507 6595//6595
f 6509//6509 6595//6595 6590//6590
f 6548//6548 6549//6549 6597//6597
f 6548//6548 6597//6597 6598//6598
f 6598//6598 6597//6597 6586//6586
f 6598//6598 6586//6586 6585//6585
f 6596//6596 6598//6598 6585//6585
f 6596//6596 6585//6585 6582//6582
f 6508//6508 6548//6548 6598//6598
f 6508//6508 6598//6598 6596//6596
f 6599//6599 6560//6560 6519//6519
f 6599//6599 6519//6519 6518//6518
f 6511//6511 6599//6599 6518//6518
f 6511//6511 6518//6518 6514//6514
f 6444//6444 6527//6527 6599//6599
f 6444//6444 6599//6599 6511//6511
f 6527//6527 6480//6480 6560//6560
f 6527//6527 6560//6560 6599//6599
f 6600//6600 6318//6318 6319//6319
f 6600//6600 6319//6319 6601//6601
f 6601//6601 6319//6319 6324//6324
f 6601//6601 6324//6324 6602//6602
f 6213//6213 6601//6601 6602//6602
f 6213//6213 6602//6602 6215//6215
f 6205//6205 6600//6600 6601//6601
f 6205//6205 6601//6601 6213//6213
f 6603//6603 6312//6312 6314//6314
f 6603//6603 6314//6314 6604//6604
f 6604//6604 6314//6314 6318//6318
f 6604//6604 6318//6318 6600//6600
f 6202//6202 6604//6604 6600//6600
f 6202//6202 6600//6600 6205//6205
f 6192//6192 6603//6603 6604//6604
f 6192//6192 6604//6604 6202//6202
f 6605//6605 6191//6191 6186//6186
f 6605//6605 6186//6186 6606//6606
f 6308//6308 6605//6605 6606//6606
f 6308//6308 6606//6606 6306//6306
f 6312//6312 6603//6603 6605//6605
f 6312//6312 6605//6605 6308//6308
f 6603//6603 6192//6192 6191//6191
f 6603//6603 6191//6191 6605//6605
f 6607//6607 6185//6185 6181//6181
f 6607//6607 6181//6181 6608//6608
f 6302//6302 6607//6607 6608//6608
f 6302//6302 6608//6608 6300//6300
f 6306//6306 6606//6606 6607//6607
f 6306//6306 6607//6607 6302//6302
f 6606//6606 6186//6186 6185//6185
f 6606//6606 6185//6185 6607//6607
f 6179//6179 6180//6180 6609//6609
f 6179//6179 6609//6609 6610//6610
f 6610//6610 6609//6609 6294//6294
f 6610//6610 6294//6294 6293//6293
f 6300//6300 6608//6608 6610//6610
f 6300//6300 6610//6610 6293//6293
f 6181//6181 6179//6179 6610//6610
f 6181//6181 6610//6610 6608//6608
f 6376//6376 6326//6326 6611//6611
f 6376//6376 6611//6611 6612//6612
f 6612//6612 6611//6611 6296//6296
f 6612//6612 6296//6296 6295//6295
f 6609//6609 6612//6612 6295//6295
f 6609//6609 6295//6295 6294//6294
f 6180//6180 6376//6376 6612//6612
f 6180//6180 6612//6612 6609//6609
f 6613//6613 6297//6297 6296//6296
f 6613//6613 6296//6296 6611//6611
f 6613//6613 6611//6611 6326//6326
f 6613//6613 6326//6326 6325//6325
f 6333//6333 6614//6614 6613//6613
f 6333//6333 6613//6613 6325//6325
f 6614//6614 6298//6298 6297//6297
f 6614//6614 6297//6297 6613//6613
f 6615//6615 6303//6303 6298//6298
f 6615//6615 6298//6298 6614//6614
f 6334//6334 6615//6615 6614//6614
f 6334//6334 6614//6614 6333//6333
f 6339//6339 6616//6616 6615//6615
f 6339//6339 6615//6615 6334//6334
f 6616//6616 6304//6304 6303//6303
f 6616//6616 6303//6303 6615//6615
f 6617//6617 6309//6309 6304//6304
f 6617//6617 6304//6304 6616//6616
f 6340//6340 6617//6617 6616//6616
f 6340//6340 6616//6616 6339//6339
f 6345//6345 6618//6618 6617//6617
f 6345//6345 6617//6617 6340//6340
f 6618//6618 6310//6310 6309//6309
f 6618//6618 6309//6309 6617//6617
f 6619//6619 6315//6315 6310//6310
f 6619//6619 6310//6310 6618//6618
f 6347//6347 6619//6619 6618//6618
f 6347//6347 6618//6618 6345//6345
f 6351//6351 6620//6620 6619//6619
f 6351//6351 6619//6619 6347//6347
f 6620//6620 6317//6317 6315//6315
f 6620//6620 6315//6315 6619//6619
f 6321//6321 6317//6317 6620//6620
f 6321//6321 6620//6620 6621//6621
f 6353//6353 6621//6621 6620//6620
f 6353//6353 6620//6620 6351//6351
f 6357//6357 6622//6622 6621//6621
f 6357//6357 6621//6621 6353//6353
f 6622//6622 6323//6323 6321//6321
f 6622//6622 6321//6321 6621//6621
f 6450//6450 6451//6451 6623//6623
f 6450//6450 6623//6623 6624//6624
f 6526//6526 6624//6624 6623//6623
f 6526//6526 6623//6623 6473//6473
f 6323//6323 6622//6622 6624//6624
f 6323//6323 6624//6624 6526//6526
f 6622//6622 6357//6357 6450//6450
f 6622//6622 6450//6450 6624//6624
f 6625//6625 6485//6485 6486//6486
f 6625//6625 6486//6486 6626//6626
f 6625//6625 6626//6626 6476//6476
f 6625//6625 6476//6476 6474//6474
f 6473//6473 6623//6623 6625//6625
f 6473//6473 6625//6625 6474//6474
f 6451//6451 6485//6485 6625//6625
f 6451//6451 6625//6625 6623//6623
f 6627//6627 6628//6628 6479//6479
f 6627//6627 6479//6479 6477//6477
f 6626//6626 6627//6627 6477//6477
f 6626//6626 6477//6477 6476//6476
f 6580//6580 6627//6627 6626//6626
f 6580//6580 6626//6626 6486//6486
f 6543//6543 6628//6628 6627//6627
f 6543//6543 6627//6627 6580//6580
f 6629//6629 6541//6541 6540//6540
f 6629//6629 6540//6540 6630//6630
f 6478//6478 6629//6629 6630//6630
f 6478//6478 6630//6630 6480//6480
f 6479//6479 6628//6628 6629//6629
f 6479//6479 6629//6629 6478//6478
f 6628//6628 6543//6543 6541//6541
f 6628//6628 6541//6541 6629//6629
f 6631//6631 6562//6562 6561//6561
f 6631//6631 6561//6561 6632//6632
f 6630//6630 6632//6632 6561//6561
f 6630//6630 6561//6561 6480//6480
f 6540//6540 6587//6587 6632//6632
f 6540//6540 6632//6632 6630//6630
f 6586//6586 6631//6631 6632//6632
f 6586//6586 6632//6632 6587//6587
f 6633//6633 6634//6634 6558//6558
f 6633//6633 6558//6558 6557//6557
f 6633//6633 6557//6557 6562//6562
f 6633//6633 6562//6562 6631//6631
f 6597//6597 6633//6633 6631//6631
f 6597//6597 6631//6631 6586//6586
f 6549//6549 6634//6634 6633//6633
f 6549//6549 6633//6633 6597//6597
f 6547//6547 6546//6546 6635//6635
f 6547//6547 6635//6635 6636//6636
f 6559//6559 6636//6636 6635//6635
f 6559//6559 6635//6635 6519//6519
f 6558//6558 6634//6634 6636//6636
f 6558//6558 6636//6636 6559//6559
f 6634//6634 6549//6549 6547//6547
f 6634//6634 6547//6547 6636//6636
f 6637//6637 6638//6638 6522//6522
f 6637//6637 6522//6522 6520//6520
f 6635//6635 6637//6637 6520//6520
f 6635//6635 6520//6520 6519//6519
f 6593//6593 6637//6637 6635//6635
f 6593//6593 6635//6635 6546//6546
f 6575//6575 6638//6638 6637//6637
f 6575//6575 6637//6637 6593//6593
f 6639//6639 6640//6640 6523//6523
f 6639//6639 6523//6523 6521//6521
f 6639//6639 6521//6521 6522//6522
f 6639//6639 6522//6522 6638//6638
f 6575//6575 6573//6573 6639//6639
f 6575//6575 6639//6639 6638//6638
f 6573//6573 6537//6537 6640//6640
f 6573//6573 6640//6640 6639//6639
f 6641//6641 6535//6535 6532//6532
f 6641//6641 6532//6532 6642//6642
f 6524//6524 6641//6641 6642//6642
f 6524//6524 6642//6642 6514//6514
f 6640//6640 6641//6641 6524//6524
f 6640//6640 6524//6524 6523//6523
f 6640//6640 6537//6537 6535//6535
f 6640//6640 6535//6535 6641//6641
f 6530//6530 6531//6531 6643//6643
f 6530//6530 6643//6643 6644//6644
f 6644//6644 6643//6643 6553//6553
f 6644//6644 6553//6553 6551//6551
f 6642//6642 6644//6644 6551//6551
f 6642//6642 6551//6551 6514//6514
f 6532//6532 6530//6530 6644//6644
f 6532//6532 6644//6644 6642//6642
f 6565//6565 6465//6465 6645//6645
f 6565//6565 6645//6645 6646//6646
f 6552//6552 6646//6646 6645//6645
f 6552//6552 6645//6645 6554//6554
f 6553//6553 6643//6643 6646//6646
f 6553//6553 6646//6646 6552//6552
f 6531//6531 6565//6565 6646//6646
f 6531//6531 6646//6646 6643//6643
f 6647//6647 6648//6648 6515//6515
f 6647//6647 6515//6515 6555//6555
f 6645//6645 6647//6647 6555//6555
f 6645//6645 6555//6555 6554//6554
f 6463//6463 6647//6647 6645//6645
f 6463//6463 6645//6645 6465//6465
f 6437//6437 6648//6648 6647//6647
f 6437//6437 6647//6647 6463//6463
f 6649//6649 6436//6436 6215//6215
f 6649//6649 6215//6215 6602//6602
f 6516//6516 6649//6649 6602//6602
f 6516//6516 6602//6602 6324//6324
f 6648//6648 6649//6649 6516//6516
f 6648//6648 6516//6516 6515//6515
f 6648//6648 6437//6437 6436//6436
f 6648//6648 6436//6436 6649//6649
f 6650//6650 4869//4869 4870//4870
f 6650//6650 4870//4870 6651//6651
f 4825//4825 6650//6650 6651//6651
f 4825//4825 6651//6651 4818//4818
f 6652//6652 6650//6650 4825//4825
f 6652//6652 4825//4825 4823//4823
f 6652//6652 4830//4830 4869//4869
f 6652//6652 4869//4869 6650//6650
f 6653//6653 4872//4872 4632//4632
f 6653//6653 4632//4632 4876//4876
f 4817//4817 6653//6653 4876//4876
f 4817//4817 4876//4876 4655//4655
f 4818//4818 6651//6651 6653//6653
f 4818//4818 6653//6653 4817//4817
f 6651//6651 4870//4870 4872//4872
f 6651//6651 4872//4872 6653//6653
f 4485//4485 4486//4486 6654//6654
f 4485//4485 6654//6654 6655//6655
f 3641//3641 6655//6655 6654//6654
f 3641//3641 6654//6654 1291//1291
f 865//865 4485//4485 6655//6655
f 865//865 6655//6655 3641//3641
f 4489//4489 4490//4490 6656//6656
f 4489//4489 6656//6656 6657//6657
f 6658//6658 4908//4908 6657//6657
f 6658//6658 6657//6657 6656//6656
f 1291//1291 6654//6654 6657//6657
f 1291//1291 6657//6657 4908//4908
f 4486//4486 4489//4489 6657//6657
f 4486//4486 6657//6657 6654//6654
f 4851//4851 4849//4849 6659//6659
f 4851//4851 6659//6659 6658//6658
f 6658//6658 6659//6659 4905//4905
f 6658//6658 4905//4905 4908//4908
f 4490//4490 4851//4851 6658//6658
f 4490//4490 6658//6658 6656//6656
f 4848//4848 4845//4845 6660//6660
f 4848//4848 6660//6660 6661//6661
f 6659//6659 6661//6661 6660//6660
f 6659//6659 6660//6660 4905//4905
f 4849//4849 4848//4848 6661//6661
f 4849//4849 6661//6661 6659//6659
f 6662//6662 4844//4844 4841//4841
f 6662//6662 4841//4841 6663//6663
f 6663//6663 4904//4904 6662//6662
f 6660//6660 6662//6662 4904//4904
f 6660//6660 4904//4904 4905//4905
f 6660//6660 4845//4845 4844//4844
f 6660//6660 4844//4844 6662//6662
f 6664//6664 4840//4840 4469//4469
f 6664//6664 4469//4469 6665//6665
f 6664//6664 6665//6665 4882//4882
f 6664//6664 4882//4882 4904//4904
f 6664//6664 4904//4904 6663//6663
f 6663//6663 4841//4841 4840//4840
f 6663//6663 4840//4840 6664//6664
f 6666//6666 4467//4467 4468//4468
f 6666//6666 4468//4468 6667//6667
f 4883//4883 6666//6666 6667//6667
f 4883//4883 6667//6667 4824//4824
f 4882//4882 6665//6665 6666//6666
f 4882//4882 6666//6666 4883//4883
f 6665//6665 4469//4469 4467//4467
f 6665//6665 4467//4467 6666//6666
f 6668//6668 4831//4831 4830//4830
f 6668//6668 4830//4830 6652//6652
f 6652//6652 4823//4823 6668//6668
f 4824//4824 6667//6667 6668//6668
f 4824//4824 6668//6668 4823//4823
f 6667//6667 4468//4468 4831//4831
f 6667//6667 4831//4831 6668//6668
f 4688//4688 4687//4687 4856//4856
f 4688//4688 4856//4856 6669//6669
f 6669//6669 4856//4856 4720//4720
f 6669//6669 4720//4720 4719//4719
f 4865//4865 6669//6669 4719//4719
f 4865//4865 4719//4719 4714//4714
f 4683//4683 4688//4688 6669//6669
f 4683//4683 6669//6669 4865//4865
f 4632//4632 4630//4630 6670//6670
f 4632//4632 6670//6670 6671//6671
f 4672//4672 6670//6670 4630//4630
f 4672//4672 4630//4630 4629//4629
f 4660//4660 6670//6670 4672//4672
f 4660//4660 4672//4672 4661//4661
f 4667//4667 6671//6671 6670//6670
f 4667//4667 6670//6670 4660//4660
f 4877//4877 4632//4632 6671//6671
f 4877//4877 6671//6671 6672//6672
f 6672//6672 6671//6671 4667//4667
f 6672//6672 4667//4667 4857//4857
f 4854//4854 6673//6673 6672//6672
f 4854//4854 6672//6672 4857//4857
f 6673//6673 4873//4873 4877//4877
f 6673//6673 4877//4877 6672//6672
f 6674//6674 4874//4874 4873//4873
f 6674//6674 4873//4873 6673//6673
f 4853//4853 6674//6674 6673//6673
f 4853//4853 6673//6673 4854//4854
f 4687//4687 4685//4685 6674//6674
f 4687//4687 6674//6674 4853//4853
f 4652//4652 4874//4874 6674//6674
f 4652//4652 6674//6674 4685//4685
f 6675//6675 1329//1329 1330//1330
f 6675//6675 1330//1330 4940//4940
f 4955//4955 6675//6675 4940//4940
f 4955//4955 4940//4940 4938//4938
f 1357//1357 1356//1356 6675//6675
f 1357//1357 6675//6675 4955//4955
f 1356//1356 1326//1326 1329//1329
f 1356//1356 1329//1329 6675//6675
f 6676//6676 6677//6677 6678//6678
f 6676//6676 6678//6678 6679//6679
f 6680//6680 6676//6676 6679//6679
f 6680//6680 6679//6679 6681//6681
f 6682//6682 6683//6683 6676//6676
f 6682//6682 6676//6676 6680//6680
f 6683//6683 6684//6684 6677//6677
f 6683//6683 6677//6677 6676//6676
f 6685//6685 6686//6686 6687//6687
f 6685//6685 6687//6687 6688//6688
f 6688//6688 6687//6687 6689//6689
f 6688//6688 6689//6689 6690//6690
f 6677//6677 6688//6688 6690//6690
f 6677//6677 6690//6690 6678//6678
f 6684//6684 6685//6685 6688//6688
f 6684//6684 6688//6688 6677//6677
f 6691//6691 6692//6692 6693//6693
f 6691//6691 6693//6693 6694//6694
f 6694//6694 6693//6693 6695//6695
f 6694//6694 6695//6695 6696//6696
f 6686//6686 6685//6685 6694//6694
f 6686//6686 6694//6694 6696//6696
f 6684//6684 6691//6691 6694//6694
f 6684//6684 6694//6694 6685//6685
f 6264//6264 6262//6262 6271//6271
f 6264//6264 6271//6271 6697//6697
f 6698//6698 6697//6697 6271//6271
f 6698//6698 6271//6271 6276//6276
f 2996//2996 6697//6697 6698//6698
f 2996//2996 6698//6698 2998//2998
f 2988//2988 6264//6264 6697//6697
f 2988//2988 6697//6697 2996//2996
f 6699//6699 6683//6683 6682//6682
f 6699//6699 6682//6682 6700//6700
f 6701//6701 6699//6699 6700//6700
f 6701//6701 6700//6700 6702//6702
f 6692//6692 6691//6691 6699//6699
f 6692//6692 6699//6699 6701//6701
f 6691//6691 6684//6684 6683//6683
f 6691//6691 6683//6683 6699//6699
f 2991//2991 2983//2983 2994//2994
f 2991//2991 2994//2994 6703//6703
f 6703//6703 2994//2994 2999//2999
f 6703//6703 2999//2999 6704//6704
f 2972//2972 6703//6703 6704//6704
f 2972//2972 6704//6704 2974//2974
f 2971//2971 2991//2991 6703//6703
f 2971//2971 6703//6703 2972//2972
f 3011//3011 2978//2978 2977//2977
f 3011//3011 2977//2977 6705//6705
f 6705//6705 2977//2977 2976//2976
f 6705//6705 2976//2976 6706//6706
f 6255//6255 6705//6705 6706//6706
f 6255//6255 6706//6706 6256//6256
f 3014//3014 3011//3011 6705//6705
f 3014//3014 6705//6705 6255//6255
f 6273//6273 6270//6270 6287//6287
f 6273//6273 6287//6287 6707//6707
f 6252//6252 6707//6707 6287//6287
f 6252//6252 6287//6287 6254//6254
f 6251//6251 6708//6708 6707//6707
f 6251//6251 6707//6707 6252//6252
f 6275//6275 6273//6273 6707//6707
f 6275//6275 6707//6707 6708//6708
f 6709//6709 6710//6710 2974//2974
f 6709//6709 2974//2974 6704//6704
f 6711//6711 6709//6709 6704//6704
f 6711//6711 6704//6704 2999//2999
f 6681//6681 6679//6679 6709//6709
f 6681//6681 6709//6709 6711//6711
f 6679//6679 6678//6678 6710//6710
f 6679//6679 6710//6710 6709//6709
f 6712//6712 6711//6711 2999//2999
f 6712//6712 2999//2999 2997//2997
f 6712//6712 2997//2997 2998//2998
f 6712//6712 2998//2998 6713//6713
f 6680//6680 6712//6712 6713//6713
f 6680//6680 6713//6713 6682//6682
f 6681//6681 6711//6711 6712//6712
f 6681//6681 6712//6712 6680//6680
f 6714//6714 6715//6715 6256//6256
f 6714//6714 6256//6256 6706//6706
f 6714//6714 6706//6706 2976//2976
f 6714//6714 2976//2976 6716//6716
f 6687//6687 6714//6714 6716//6716
f 6687//6687 6716//6716 6689//6689
f 6687//6687 6686//6686 6715//6715
f 6687//6687 6715//6715 6714//6714
f 6716//6716 2976//2976 2975//2975
f 6716//6716 2975//2975 6717//6717
f 6710//6710 6717//6717 2975//2975
f 6710//6710 2975//2975 2974//2974
f 6678//6678 6690//6690 6717//6717
f 6678//6678 6717//6717 6710//6710
f 6689//6689 6716//6716 6717//6717
f 6689//6689 6717//6717 6690//6690
f 6718//6718 6275//6275 6708//6708
f 6718//6718 6708//6708 6719//6719
f 6720//6720 6719//6719 6708//6708
f 6720//6720 6708//6708 6251//6251
f 6695//6695 6693//6693 6719//6719
f 6695//6695 6719//6719 6720//6720
f 6692//6692 6718//6718 6719//6719
f 6692//6692 6719//6719 6693//6693
f 6720//6720 6251//6251 6250//6250
f 6720//6720 6250//6250 6721//6721
f 6721//6721 6250//6250 6256//6256
f 6721//6721 6256//6256 6715//6715
f 6696//6696 6721//6721 6715//6715
f 6696//6696 6715//6715 6686//6686
f 6695//6695 6720//6720 6721//6721
f 6695//6695 6721//6721 6696//6696
f 6722//6722 6713//6713 2998//2998
f 6722//6722 2998//2998 6698//6698
f 6722//6722 6698//6698 6276//6276
f 6722//6722 6276//6276 6723//6723
f 6702//6702 6700//6700 6722//6722
f 6702//6702 6722//6722 6723//6723
f 6700//6700 6682//6682 6713//6713
f 6700//6700 6713//6713 6722//6722
f 6723//6723 6276//6276 6274//6274
f 6723//6723 6274//6274 6724//6724
f 6724//6724 6274//6274 6275//6275
f 6724//6724 6275//6275 6718//6718
f 6701//6701 6724//6724 6718//6718
f 6701//6701 6718//6718 6692//6692
f 6702//6702 6723//6723 6724//6724
f 6702//6702 6724//6724 6701//6701
f 6725//6725 5972//5972 2667//2667
f 6725//6725 2667//2667 2666//2666
f 6726//6726 6725//6725 2666//2666
f 6726//6726 2666//2666 2674//2674
f 5957//5957 6725//6725 6726//6726
f 5957//5957 6726//6726 5959//5959
f 5956//5956 5972//5972 6725//6725
f 5956//5956 6725//6725 5957//5957
f 6727//6727 6728//6728 6729//6729
f 6727//6727 6729//6729 6730//6730
f 6731//6731 6727//6727 6730//6730
f 6731//6731 6730//6730 6732//6732
f 6733//6733 6727//6727 6731//6731
f 6733//6733 6731//6731 6734//6734
f 6733//6733 6735//6735 6728//6728
f 6733//6733 6728//6728 6727//6727
f 6736//6736 6730//6730 6729//6729
f 6736//6736 6729//6729 6737//6737
f 6738//6738 6736//6736 6737//6737
f 6738//6738 6737//6737 6739//6739
f 6740//6740 6736//6736 6738//6738
f 6740//6740 6738//6738 6741//6741
f 6740//6740 6732//6732 6730//6730
f 6740//6740 6730//6730 6736//6736
f 6742//6742 6743//6743 6744//6744
f 6742//6742 6744//6744 6745//6745
f 6742//6742 6745//6745 2673//2673
f 6742//6742 2673//2673 2671//2671
f 2675//2675 6742//6742 2671//2671
f 2675//2675 2671//2671 2670//2670
f 2675//2675 2682//2682 6743//6743
f 2675//2675 6743//6743 6742//6742
f 6746//6746 6747//6747 6748//6748
f 6746//6746 6748//6748 6749//6749
f 6750//6750 6749//6749 6748//6748
f 6750//6750 6748//6748 6751//6751
f 6739//6739 6737//6737 6749//6749
f 6739//6739 6749//6749 6750//6750
f 6729//6729 6746//6746 6749//6749
f 6729//6729 6749//6749 6737//6737
f 6752//6752 6753//6753 6754//6754
f 6752//6752 6754//6754 6755//6755
f 6746//6746 6755//6755 6754//6754
f 6746//6746 6754//6754 6747//6747
f 6728//6728 6755//6755 6746//6746
f 6728//6728 6746//6746 6729//6729
f 6735//6735 6752//6752 6755//6755
f 6735//6735 6755//6755 6728//6728
f 6756//6756 6757//6757 2964//2964
f 6756//6756 2964//2964 2962//2962
f 6383//6383 6756//6756 2962//2962
f 6383//6383 2962//2962 2963//2963
f 6244//6244 6242//6242 6756//6756
f 6244//6244 6756//6756 6383//6383
f 6242//6242 6241//6241 6757//6757
f 6242//6242 6757//6757 6756//6756
f 6758//6758 6744//6744 6743//6743
f 6758//6758 6743//6743 6759//6759
f 6759//6759 6743//6743 2682//2682
f 6759//6759 2682//2682 2965//2965
f 2958//2958 6759//6759 2965//2965
f 2958//2958 2965//2965 2960//2960
f 2957//2957 6758//6758 6759//6759
f 2957//2957 6759//6759 2958//2958
f 6760//6760 2964//2964 6757//6757
f 6760//6760 6757//6757 6761//6761
f 6761//6761 6757//6757 6241//6241
f 6761//6761 6241//6241 6762//6762
f 6763//6763 6764//6764 6761//6761
f 6763//6763 6761//6761 6762//6762
f 6764//6764 6765//6765 6760//6760
f 6764//6764 6760//6760 6761//6761
f 6762//6762 6241//6241 6240//6240
f 6762//6762 6240//6240 6766//6766
f 6766//6766 6240//6240 5962//5962
f 6766//6766 5962//5962 6767//6767
f 6768//6768 6769//6769 6766//6766
f 6768//6768 6766//6766 6767//6767
f 6769//6769 6763//6763 6762//6762
f 6769//6769 6762//6762 6766//6766
f 6770//6770 6744//6744 6758//6758
f 6770//6770 6758//6758 6771//6771
f 6772//6772 6771//6771 6758//6758
f 6772//6772 6758//6758 2957//2957
f 6773//6773 6771//6771 6772//6772
f 6773//6773 6772//6772 6774//6774
f 6775//6775 6770//6770 6771//6771
f 6775//6775 6771//6771 6773//6773
f 6776//6776 6772//6772 2957//2957
f 6776//6776 2957//2957 2956//2956
f 6760//6760 6776//6776 2956//2956
f 6760//6760 2956//2956 2964//2964
f 6765//6765 6777//6777 6776//6776
f 6765//6765 6776//6776 6760//6760
f 6777//6777 6774//6774 6772//6772
f 6777//6777 6772//6772 6776//6776
f 6778//6778 2674//2674 2672//2672
f 6778//6778 2672//2672 6779//6779
f 6779//6779 2672//2672 2673//2673
f 6779//6779 2673//2673 6780//6780
f 6781//6781 6779//6779 6780//6780
f 6781//6781 6780//6780 6782//6782
f 6783//6783 6778//6778 6779//6779
f 6783//6783 6779//6779 6781//6781
f 6780//6780 2673//2673 6745//6745
f 6780//6780 6745//6745 6784//6784
f 6784//6784 6745//6745 6744//6744
f 6784//6784 6744//6744 6770//6770
f 6785//6785 6784//6784 6770//6770
f 6785//6785 6770//6770 6775//6775
f 6782//6782 6780//6780 6784//6784
f 6782//6782 6784//6784 6785//6785
f 6786//6786 6787//6787 5959//5959
f 6786//6786 5959//5959 6726//6726
f 6786//6786 6726//6726 2674//2674
f 6786//6786 2674//2674 6778//6778
f 6788//6788 6786//6786 6778//6778
f 6788//6788 6778//6778 6783//6783
f 6789//6789 6787//6787 6786//6786
f 6789//6789 6786//6786 6788//6788
f 6790//6790 6767//6767 5962//5962
f 6790//6790 5962//5962 5960//5960
f 6787//6787 6790//6790 5960//5960
f 6787//6787 5960//5960 5959//5959
f 6789//6789 6791//6791 6790//6790
f 6789//6789 6790//6790 6787//6787
f 6791//6791 6768//6768 6767//6767
f 6791//6791 6767//6767 6790//6790
f 6792//6792 6793//6793 6765//6765
f 6792//6792 6765//6765 6764//6764
f 6794//6794 6792//6792 6764//6764
f 6794//6794 6764//6764 6763//6763
f 6795//6795 6796//6796 6792//6792
f 6795//6795 6792//6792 6794//6794
f 6796//6796 6797//6797 6793//6793
f 6796//6796 6793//6793 6792//6792
f 6798//6798 6794//6794 6763//6763
f 6798//6798 6763//6763 6769//6769
f 6799//6799 6798//6798 6769//6769
f 6799//6799 6769//6769 6768//6768
f 6800//6800 6801//6801 6798//6798
f 6800//6800 6798//6798 6799//6799
f 6801//6801 6795//6795 6794//6794
f 6801//6801 6794//6794 6798//6798
f 6802//6802 6775//6775 6773//6773
f 6802//6802 6773//6773 6803//6803
f 6803//6803 6773//6773 6774//6774
f 6803//6803 6774//6774 6804//6804
f 6805//6805 6803//6803 6804//6804
f 6805//6805 6804//6804 6806//6806
f 6807//6807 6802//6802 6803//6803
f 6807//6807 6803//6803 6805//6805
f 6808//6808 6804//6804 6774//6774
f 6808//6808 6774//6774 6777//6777
f 6793//6793 6808//6808 6777//6777
f 6793//6793 6777//6777 6765//6765
f 6797//6797 6809//6809 6808//6808
f 6797//6797 6808//6808 6793//6793
f 6806//6806 6804//6804 6808//6808
f 6806//6806 6808//6808 6809//6809
f 6810//6810 6811//6811 6812//6812
f 6810//6810 6812//6812 6813//6813
f 6813//6813 6812//6812 6814//6814
f 6813//6813 6814//6814 6815//6815
f 6781//6781 6813//6813 6815//6815
f 6781//6781 6815//6815 6783//6783
f 6782//6782 6810//6810 6813//6813
f 6782//6782 6813//6813 6781//6781
f 6810//6810 6782//6782 6785//6785
f 6810//6810 6785//6785 6816//6816
f 6816//6816 6785//6785 6775//6775
f 6816//6816 6775//6775 6802//6802
f 6817//6817 6816//6816 6802//6802
f 6817//6817 6802//6802 6807//6807
f 6811//6811 6810//6810 6816//6816
f 6811//6811 6816//6816 6817//6817
f 6818//6818 6789//6789 6788//6788
f 6818//6818 6788//6788 6819//6819
f 6819//6819 6788//6788 6783//6783
f 6819//6819 6783//6783 6815//6815
f 6820//6820 6819//6819 6815//6815
f 6820//6820 6815//6815 6814//6814
f 6821//6821 6818//6818 6819//6819
f 6821//6821 6819//6819 6820//6820
f 6822//6822 6799//6799 6768//6768
f 6822//6822 6768//6768 6791//6791
f 6822//6822 6791//6791 6789//6789
f 6822//6822 6789//6789 6818//6818
f 6821//6821 6823//6823 6822//6822
f 6821//6821 6822//6822 6818//6818
f 6823//6823 6800//6800 6799//6799
f 6823//6823 6799//6799 6822//6822
f 6824//6824 6825//6825 6826//6826
f 6824//6824 6826//6826 6827//6827
f 6827//6827 6826//6826 6828//6828
f 6827//6827 6828//6828 6829//6829
f 6830//6830 6831//6831 6827//6827
f 6830//6830 6827//6827 6829//6829
f 6832//6832 6824//6824 6827//6827
f 6832//6832 6827//6827 6831//6831
f 6833//6833 6834//6834 6835//6835
f 6833//6833 6835//6835 6836//6836
f 6837//6837 6836//6836 6835//6835
f 6837//6837 6835//6835 6838//6838
f 6734//6734 6731//6731 6836//6836
f 6734//6734 6836//6836 6837//6837
f 6732//6732 6833//6833 6836//6836
f 6732//6732 6836//6836 6731//6731
f 6839//6839 6837//6837 6838//6838
f 6839//6839 6838//6838 6840//6840
f 6841//6841 6839//6839 6840//6840
f 6841//6841 6840//6840 6842//6842
f 6735//6735 6733//6733 6839//6839
f 6735//6735 6839//6839 6841//6841
f 6734//6734 6837//6837 6839//6839
f 6734//6734 6839//6839 6733//6733
f 6843//6843 6844//6844 6845//6845
f 6843//6843 6845//6845 6846//6846
f 6846//6846 6845//6845 6847//6847
f 6846//6846 6847//6847 6848//6848
f 6741//6741 6738//6738 6846//6846
f 6741//6741 6846//6846 6848//6848
f 6739//6739 6843//6843 6846//6846
f 6739//6739 6846//6846 6738//6738
f 6848//6848 6847//6847 6849//6849
f 6848//6848 6849//6849 6850//6850
f 6850//6850 6849//6849 6834//6834
f 6850//6850 6834//6834 6833//6833
f 6740//6740 6850//6850 6833//6833
f 6740//6740 6833//6833 6732//6732
f 6741//6741 6848//6848 6850//6850
f 6741//6741 6850//6850 6740//6740
f 6851//6851 6852//6852 6853//6853
f 6851//6851 6853//6853 6854//6854
f 6854//6854 6853//6853 6855//6855
f 6854//6854 6855//6855 6856//6856
f 6751//6751 6748//6748 6854//6854
f 6751//6751 6854//6854 6856//6856
f 6747//6747 6851//6851 6854//6854
f 6747//6747 6854//6854 6748//6748
f 6856//6856 6855//6855 6857//6857
f 6856//6856 6857//6857 6858//6858
f 6858//6858 6857//6857 6844//6844
f 6858//6858 6844//6844 6843//6843
f 6750//6750 6858//6858 6843//6843
f 6750//6750 6843//6843 6739//6739
f 6751//6751 6856//6856 6858//6858
f 6751//6751 6858//6858 6750//6750
f 6859//6859 6860//6860 6861//6861
f 6859//6859 6861//6861 6862//6862
f 6851//6851 6859//6859 6862//6862
f 6851//6851 6862//6862 6852//6852
f 6747//6747 6754//6754 6859//6859
f 6747//6747 6859//6859 6851//6851
f 6753//6753 6860//6860 6859//6859
f 6753//6753 6859//6859 6754//6754
f 6863//6863 6841//6841 6842//6842
f 6863//6863 6842//6842 6864//6864
f 6860//6860 6863//6863 6864//6864
f 6860//6860 6864//6864 6861//6861
f 6753//6753 6752//6752 6863//6863
f 6753//6753 6863//6863 6860//6860
f 6752//6752 6735//6735 6841//6841
f 6752//6752 6841//6841 6863//6863
f 6865//6865 6866//6866 6867//6867
f 6865//6865 6867//6867 6868//6868
f 6829//6829 6865//6865 6868//6868
f 6829//6829 6868//6868 6830//6830
f 6869//6869 6865//6865 6829//6829
f 6869//6869 6829//6829 6828//6828
f 6870//6870 6866//6866 6865//6865
f 6870//6870 6865//6865 6869//6869
f 6871//6871 6872//6872 6873//6873
f 6871//6871 6873//6873 6874//6874
f 6866//6866 6871//6871 6874//6874
f 6866//6866 6874//6874 6867//6867
f 6875//6875 6871//6871 6866//6866
f 6875//6875 6866//6866 6870//6870
f 6876//6876 6872//6872 6871//6871
f 6876//6876 6871//6871 6875//6875
f 6877//6877 6878//6878 6879//6879
f 6877//6877 6879//6879 6880//6880
f 6880//6880 6879//6879 6873//6873
f 6880//6880 6873//6873 6872//6872
f 6876//6876 6881//6881 6880//6880
f 6876//6876 6880//6880 6872//6872
f 6881//6881 6882//6882 6877//6877
f 6881//6881 6877//6877 6880//6880
f 6883//6883 6884//6884 6885//6885
f 6883//6883 6885//6885 6886//6886
f 6886//6886 6885//6885 6878//6878
f 6886//6886 6878//6878 6877//6877
f 6882//6882 6887//6887 6886//6886
f 6882//6882 6886//6886 6877//6877
f 6887//6887 6888//6888 6883//6883
f 6887//6887 6883//6883 6886//6886
f 6889//6889 6890//6890 6891//6891
f 6889//6889 6891//6891 6892//6892
f 6892//6892 6891//6891 6884//6884
f 6892//6892 6884//6884 6883//6883
f 6888//6888 6893//6893 6892//6892
f 6888//6888 6892//6892 6883//6883
f 6894//6894 6889//6889 6892//6892
f 6894//6894 6892//6892 6893//6893
f 6895//6895 6896//6896 6897//6897
f 6895//6895 6897//6897 6898//6898
f 6895//6895 6898//6898 6890//6890
f 6895//6895 6890//6890 6889//6889
f 6899//6899 6895//6895 6889//6889
f 6899//6899 6889//6889 6894//6894
f 6899//6899 6900//6900 6896//6896
f 6899//6899 6896//6896 6895//6895
f 6824//6824 6832//6832 6901//6901
f 6824//6824 6901//6901 6902//6902
f 6902//6902 6901//6901 6897//6897
f 6902//6902 6897//6897 6896//6896
f 6903//6903 6902//6902 6896//6896
f 6903//6903 6896//6896 6900//6900
f 6825//6825 6824//6824 6902//6902
f 6825//6825 6902//6902 6903//6903
f 6868//6868 6867//6867 6904//6904
f 6868//6868 6904//6904 6905//6905
f 6906//6906 6905//6905 6904//6904
f 6906//6906 6904//6904 6907//6907
f 6908//6908 6909//6909 6905//6905
f 6908//6908 6905//6905 6906//6906
f 6830//6830 6868//6868 6905//6905
f 6830//6830 6905//6905 6909//6909
f 6874//6874 6873//6873 6910//6910
f 6874//6874 6910//6910 6911//6911
f 6911//6911 6910//6910 6912//6912
f 6911//6911 6912//6912 6913//6913
f 6904//6904 6911//6911 6913//6913
f 6904//6904 6913//6913 6907//6907
f 6867//6867 6874//6874 6911//6911
f 6867//6867 6911//6911 6904//6904
f 6879//6879 6878//6878 6914//6914
f 6879//6879 6914//6914 6915//6915
f 6915//6915 6914//6914 6916//6916
f 6915//6915 6916//6916 6917//6917
f 6910//6910 6915//6915 6917//6917
f 6910//6910 6917//6917 6912//6912
f 6873//6873 6879//6879 6915//6915
f 6873//6873 6915//6915 6910//6910
f 6885//6885 6884//6884 6918//6918
f 6885//6885 6918//6918 6919//6919
f 6919//6919 6918//6918 6920//6920
f 6919//6919 6920//6920 6921//6921
f 6914//6914 6919//6919 6921//6921
f 6914//6914 6921//6921 6916//6916
f 6878//6878 6885//6885 6919//6919
f 6878//6878 6919//6919 6914//6914
f 6891//6891 6890//6890 6922//6922
f 6891//6891 6922//6922 6923//6923
f 6923//6923 6922//6922 6924//6924
f 6923//6923 6924//6924 6925//6925
f 6918//6918 6923//6923 6925//6925
f 6918//6918 6925//6925 6920//6920
f 6884//6884 6891//6891 6923//6923
f 6884//6884 6923//6923 6918//6918
f 6898//6898 6897//6897 6926//6926
f 6898//6898 6926//6926 6927//6927
f 6928//6928 6927//6927 6926//6926
f 6928//6928 6926//6926 6929//6929
f 6924//6924 6922//6922 6927//6927
f 6924//6924 6927//6927 6928//6928
f 6890//6890 6898//6898 6927//6927
f 6890//6890 6927//6927 6922//6922
f 6930//6930 6901//6901 6832//6832
f 6930//6930 6832//6832 6931//6931
f 6932//6932 6930//6930 6931//6931
f 6932//6932 6931//6931 6933//6933
f 6929//6929 6926//6926 6930//6930
f 6929//6929 6930//6930 6932//6932
f 6897//6897 6901//6901 6930//6930
f 6897//6897 6930//6930 6926//6926
f 6931//6931 6832//6832 6831//6831
f 6931//6931 6831//6831 6934//6934
f 6934//6934 6831//6831 6830//6830
f 6934//6934 6830//6830 6909//6909
f 6935//6935 6934//6934 6909//6909
f 6935//6935 6909//6909 6908//6908
f 6933//6933 6931//6931 6934//6934
f 6933//6933 6934//6934 6935//6935
f 6936//6936 6937//6937 6938//6938
f 6936//6936 6938//6938 6939//6939
f 6936//6936 6939//6939 6940//6940
f 6936//6936 6940//6940 6941//6941
f 6853//6853 6936//6936 6941//6941
f 6853//6853 6941//6941 6855//6855
f 6852//6852 6937//6937 6936//6936
f 6852//6852 6936//6936 6853//6853
f 6942//6942 6943//6943 6944//6944
f 6942//6942 6944//6944 6945//6945
f 6937//6937 6942//6942 6945//6945
f 6937//6937 6945//6945 6938//6938
f 6852//6852 6862//6862 6942//6942
f 6852//6852 6942//6942 6937//6937
f 6862//6862 6861//6861 6943//6943
f 6862//6862 6943//6943 6942//6942
f 6946//6946 6947//6947 6948//6948
f 6946//6946 6948//6948 6949//6949
f 6943//6943 6946//6946 6949//6949
f 6943//6943 6949//6949 6944//6944
f 6861//6861 6864//6864 6946//6946
f 6861//6861 6946//6946 6943//6943
f 6864//6864 6842//6842 6947//6947
f 6864//6864 6947//6947 6946//6946
f 6950//6950 6951//6951 6952//6952
f 6950//6950 6952//6952 6953//6953
f 6947//6947 6950//6950 6953//6953
f 6947//6947 6953//6953 6948//6948
f 6842//6842 6840//6840 6950//6950
f 6842//6842 6950//6950 6947//6947
f 6840//6840 6838//6838 6951//6951
f 6840//6840 6951//6951 6950//6950
f 6954//6954 6955//6955 6956//6956
f 6954//6954 6956//6956 6957//6957
f 6957//6957 6956//6956 6952//6952
f 6957//6957 6952//6952 6951//6951
f 6838//6838 6835//6835 6957//6957
f 6838//6838 6957//6957 6951//6951
f 6834//6834 6954//6954 6957//6957
f 6834//6834 6957//6957 6835//6835
f 6958//6958 6959//6959 6960//6960
f 6958//6958 6960//6960 6961//6961
f 6961//6961 6960//6960 6955//6955
f 6961//6961 6955//6955 6954//6954
f 6849//6849 6961//6961 6954//6954
f 6849//6849 6954//6954 6834//6834
f 6847//6847 6958//6958 6961//6961
f 6847//6847 6961//6961 6849//6849
f 6962//6962 6963//6963 6964//6964
f 6962//6962 6964//6964 6965//6965
f 6965//6965 6964//6964 6959//6959
f 6965//6965 6959//6959 6958//6958
f 6845//6845 6965//6965 6958//6958
f 6845//6845 6958//6958 6847//6847
f 6844//6844 6962//6962 6965//6965
f 6844//6844 6965//6965 6845//6845
f 6941//6941 6940//6940 6966//6966
f 6941//6941 6966//6966 6967//6967
f 6967//6967 6966//6966 6963//6963
f 6967//6967 6963//6963 6962//6962
f 6857//6857 6967//6967 6962//6962
f 6857//6857 6962//6962 6844//6844
f 6855//6855 6941//6941 6967//6967
f 6855//6855 6967//6967 6857//6857
f 6968//6968 6969//6969 6970//6970
f 6968//6968 6970//6970 6971//6971
f 6972//6972 6968//6968 6971//6971
f 6972//6972 6971//6971 6973//6973
f 6907//6907 6913//6913 6968//6968
f 6907//6907 6968//6968 6972//6972
f 6913//6913 6912//6912 6969//6969
f 6913//6913 6969//6969 6968//6968
f 6974//6974 6975//6975 6976//6976
f 6974//6974 6976//6976 6977//6977
f 6969//6969 6974//6974 6977//6977
f 6969//6969 6977//6977 6970//6970
f 6912//6912 6917//6917 6974//6974
f 6912//6912 6974//6974 6969//6969
f 6917//6917 6916//6916 6975//6975
f 6917//6917 6975//6975 6974//6974
f 6978//6978 6979//6979 6980//6980
f 6978//6978 6980//6980 6981//6981
f 6975//6975 6978//6978 6981//6981
f 6975//6975 6981//6981 6976//6976
f 6916//6916 6921//6921 6978//6978
f 6916//6916 6978//6978 6975//6975
f 6921//6921 6920//6920 6979//6979
f 6921//6921 6979//6979 6978//6978
f 6982//6982 6983//6983 6984//6984
f 6982//6982 6984//6984 6985//6985
f 6979//6979 6982//6982 6985//6985
f 6979//6979 6985//6985 6980//6980
f 6920//6920 6925//6925 6982//6982
f 6920//6920 6982//6982 6979//6979
f 6925//6925 6924//6924 6983//6983
f 6925//6925 6983//6983 6982//6982
f 6986//6986 6987//6987 6988//6988
f 6986//6986 6988//6988 6989//6989
f 6989//6989 6988//6988 6984//6984
f 6989//6989 6984//6984 6983//6983
f 6928//6928 6989//6989 6983//6983
f 6928//6928 6983//6983 6924//6924
f 6929//6929 6986//6986 6989//6989
f 6929//6929 6989//6989 6928//6928
f 6990//6990 6991//6991 6992//6992
f 6990//6990 6992//6992 6993//6993
f 6993//6993 6992//6992 6987//6987
f 6993//6993 6987//6987 6986//6986
f 6932//6932 6993//6993 6986//6986
f 6932//6932 6986//6986 6929//6929
f 6933//6933 6990//6990 6993//6993
f 6933//6933 6993//6993 6932//6932
f 6994//6994 6995//6995 6996//6996
f 6994//6994 6996//6996 6997//6997
f 6997//6997 6996//6996 6991//6991
f 6997//6997 6991//6991 6990//6990
f 6935//6935 6997//6997 6990//6990
f 6935//6935 6990//6990 6933//6933
f 6908//6908 6994//6994 6997//6997
f 6908//6908 6997//6997 6935//6935
f 6998//6998 6906//6906 6907//6907
f 6998//6998 6907//6907 6972//6972
f 6999//6999 6998//6998 6972//6972
f 6999//6999 6972//6972 6973//6973
f 6995//6995 6994//6994 6998//6998
f 6995//6995 6998//6998 6999//6999
f 6994//6994 6908//6908 6906//6906
f 6994//6994 6906//6906 6998//6998
f 7000//7000 7001//7001 6870//6870
f 7000//7000 6870//6870 6869//6869
f 7002//7002 7000//7000 6869//6869
f 7002//7002 6869//6869 6828//6828
f 6940//6940 6939//6939 7000//7000
f 6940//6940 7000//7000 7002//7002
f 6939//6939 6938//6938 7001//7001
f 6939//6939 7001//7001 7000//7000
f 7003//7003 7004//7004 6876//6876
f 7003//7003 6876//6876 6875//6875
f 7001//7001 7003//7003 6875//6875
f 7001//7001 6875//6875 6870//6870
f 6938//6938 6945//6945 7003//7003
f 6938//6938 7003//7003 7001//7001
f 6945//6945 6944//6944 7004//7004
f 6945//6945 7004//7004 7003//7003
f 7005//7005 7006//7006 6882//6882
f 7005//7005 6882//6882 6881//6881
f 7004//7004 7005//7005 6881//6881
f 7004//7004 6881//6881 6876//6876
f 6944//6944 6949//6949 7005//7005
f 6944//6944 7005//7005 7004//7004
f 6949//6949 6948//6948 7006//7006
f 6949//6949 7006//7006 7005//7005
f 7007//7007 7008//7008 6888//6888
f 7007//7007 6888//6888 6887//6887
f 7006//7006 7007//7007 6887//6887
f 7006//7006 6887//6887 6882//6882
f 6953//6953 7007//7007 7006//7006
f 6953//6953 7006//7006 6948//6948
f 6952//6952 7008//7008 7007//7007
f 6952//6952 7007//7007 6953//6953
f 7009//7009 6894//6894 6893//6893
f 7009//7009 6893//6893 7010//7010
f 7008//7008 7010//7010 6893//6893
f 7008//7008 6893//6893 6888//6888
f 6956//6956 7010//7010 7008//7008
f 6956//6956 7008//7008 6952//6952
f 6955//6955 7009//7009 7010//7010
f 6955//6955 7010//7010 6956//6956
f 7011//7011 7012//7012 6900//6900
f 7011//7011 6900//6900 6899//6899
f 7011//7011 6899//6899 6894//6894
f 7011//7011 6894//6894 7009//7009
f 6960//6960 7011//7011 7009//7009
f 6960//6960 7009//7009 6955//6955
f 6960//6960 6959//6959 7012//7012
f 6960//6960 7012//7012 7011//7011
f 7013//7013 6825//6825 6903//6903
f 7013//7013 6903//6903 7014//7014
f 7014//7014 6903//6903 6900//6900
f 7014//7014 6900//6900 7012//7012
f 6959//6959 6964//6964 7014//7014
f 6959//6959 7014//7014 7012//7012
f 6963//6963 7013//7013 7014//7014
f 6963//6963 7014//7014 6964//6964
f 7015//7015 6966//6966 6940//6940
f 7015//7015 6940//6940 7002//7002
f 6826//6826 7015//7015 7002//7002
f 6826//6826 7002//7002 6828//6828
f 6825//6825 7013//7013 7015//7015
f 6825//6825 7015//7015 6826//6826
f 7013//7013 6963//6963 6966//6966
f 7013//7013 6966//6966 7015//7015
f 7016//7016 7017//7017 6821//6821
f 7016//7016 6821//6821 6820//6820
f 7018//7018 7016//7016 6820//6820
f 7018//7018 6820//6820 6814//6814
f 6973//6973 6971//6971 7016//7016
f 6973//6973 7016//7016 7018//7018
f 6971//6971 6970//6970 7017//7017
f 6971//6971 7017//7017 7016//7016
f 7019//7019 7020//7020 6800//6800
f 7019//7019 6800//6800 6823//6823
f 7017//7017 7019//7019 6823//6823
f 7017//7017 6823//6823 6821//6821
f 6970//6970 6977//6977 7019//7019
f 6970//6970 7019//7019 7017//7017
f 6977//6977 6976//6976 7020//7020
f 6977//6977 7020//7020 7019//7019
f 7021//7021 7022//7022 6795//6795
f 7021//7021 6795//6795 6801//6801
f 7020//7020 7021//7021 6801//6801
f 7020//7020 6801//6801 6800//6800
f 6976//6976 6981//6981 7021//7021
f 6976//6976 7021//7021 7020//7020
f 6981//6981 6980//6980 7022//7022
f 6981//6981 7022//7022 7021//7021
f 7023//7023 7024//7024 6797//6797
f 7023//7023 6797//6797 6796//6796
f 7022//7022 7023//7023 6796//6796
f 7022//7022 6796//6796 6795//6795
f 6980//6980 6985//6985 7023//7023
f 6980//6980 7023//7023 7022//7022
f 6985//6985 6984//6984 7024//7024
f 6985//6985 7024//7024 7023//7023
f 7025//7025 6806//6806 6809//6809
f 7025//7025 6809//6809 7026//7026
f 7024//7024 7026//7026 6809//6809
f 7024//7024 6809//6809 6797//6797
f 6988//6988 7026//7026 7024//7024
f 6988//6988 7024//7024 6984//6984
f 6987//6987 7025//7025 7026//7026
f 6987//6987 7026//7026 6988//6988
f 7027//7027 6807//6807 6805//6805
f 7027//7027 6805//6805 7028//7028
f 7028//7028 6805//6805 6806//6806
f 7028//7028 6806//6806 7025//7025
f 6992//6992 7028//7028 7025//7025
f 6992//6992 7025//7025 6987//6987
f 6991//6991 7027//7027 7028//7028
f 6991//6991 7028//7028 6992//6992
f 7029//7029 6811//6811 6817//6817
f 7029//7029 6817//6817 7030//7030
f 7030//7030 6817//6817 6807//6807
f 7030//7030 6807//6807 7027//7027
f 6996//6996 7030//7030 7027//7027
f 6996//6996 7027//7027 6991//6991
f 6995//6995 7029//7029 7030//7030
f 6995//6995 7030//7030 6996//6996
f 7031//7031 6999//6999 6973//6973
f 7031//7031 6973//6973 7018//7018
f 6812//6812 7031//7031 7018//7018
f 6812//6812 7018//7018 6814//6814
f 6811//6811 7029//7029 7031//7031
f 6811//6811 7031//7031 6812//6812
f 7029//7029 6995//6995 6999//6999
f 7029//7029 6999//6999 7031//7031
f 7032//7032 7033//7033 7034//7034
f 7032//7032 7034//7034 7035//7035
f 7036//7036 7032//7032 7035//7035
f 7036//7036 7035//7035 7037//7037
f 6406//6406 7032//7032 7036//7036
f 6406//6406 7036//7036 6403//6403
f 6405//6405 7033//7033 7032//7032
f 6405//6405 7032//7032 6406//6406
f 7038//7038 2286//2286 2285//2285
f 7038//7038 2285//2285 6402//6402
f 7038//7038 6402//6402 6403//6403
f 7038//7038 6403//6403 7036//7036
f 7037//7037 7039//7039 7038//7038
f 7037//7037 7038//7038 7036//7036
f 7039//7039 2289//2289 2286//2286
f 7039//7039 2286//2286 7038//7038
f 7040//7040 7041//7041 7034//7034
f 7040//7040 7034//7034 7033//7033
f 6410//6410 7040//7040 7033//7033
f 6410//6410 7033//7033 6405//6405
f 6411//6411 7042//7042 7040//7040
f 6411//6411 7040//7040 6410//6410
f 7043//7043 7041//7041 7040//7040
f 7043//7043 7040//7040 7042//7042
f 7044//7044 7042//7042 6411//6411
f 7044//7044 6411//6411 6413//6413
f 7045//7045 7044//7044 6413//6413
f 7045//7045 6413//6413 6399//6399
f 7046//7046 7044//7044 7045//7045
f 7046//7046 7045//7045 7047//7047
f 7046//7046 7043//7043 7042//7042
f 7046//7046 7042//7042 7044//7044
f 7048//7048 7049//7049 7047//7047
f 7048//7048 7047//7047 7045//7045
f 6397//6397 7048//7048 7045//7045
f 6397//6397 7045//7045 6399//6399
f 7050//7050 7048//7048 6397//6397
f 7050//7050 6397//6397 5812//5812
f 7050//7050 7051//7051 7049//7049
f 7050//7050 7049//7049 7048//7048
f 7052//7052 7053//7053 7054//7054
f 7052//7052 7054//7054 7055//7055
f 7056//7056 7055//7055 7054//7054
f 7056//7056 7054//7054 7057//7057
f 7035//7035 7055//7055 7056//7056
f 7035//7035 7056//7056 7037//7037
f 7035//7035 7034//7034 7052//7052
f 7035//7035 7052//7052 7055//7055
f 7041//7041 7043//7043 7058//7058
f 7041//7041 7058//7058 7059//7059
f 7059//7059 7058//7058 7060//7060
f 7059//7059 7060//7060 7061//7061
f 7052//7052 7059//7059 7061//7061
f 7052//7052 7061//7061 7053//7053
f 7034//7034 7041//7041 7059//7059
f 7034//7034 7059//7059 7052//7052
f 7062//7062 7058//7058 7043//7043
f 7062//7062 7043//7043 7046//7046
f 7063//7063 7062//7062 7046//7046
f 7063//7063 7046//7046 7047//7047
f 7064//7064 7065//7065 7062//7062
f 7064//7064 7062//7062 7063//7063
f 7065//7065 7060//7060 7058//7058
f 7065//7065 7058//7058 7062//7062
f 7049//7049 7051//7051 7066//7066
f 7049//7049 7066//7066 7067//7067
f 7068//7068 7067//7067 7066//7066
f 7068//7068 7066//7066 7069//7069
f 7063//7063 7067//7067 7068//7068
f 7063//7063 7068//7068 7064//7064
f 7047//7047 7049//7049 7067//7067
f 7047//7047 7067//7067 7063//7063
f 7070//7070 7071//7071 7072//7072
f 7070//7070 7072//7072 7073//7073
f 7074//7074 7070//7070 7073//7073
f 7074//7074 7073//7073 7075//7075
f 7076//7076 7077//7077 7070//7070
f 7076//7076 7070//7070 7074//7074
f 7077//7077 7078//7078 7071//7071
f 7077//7077 7071//7071 7070//7070
f 7079//7079 7056//7056 7057//7057
f 7079//7079 7057//7057 7080//7080
f 7071//7071 7079//7079 7080//7080
f 7071//7071 7080//7080 7072//7072
f 7078//7078 7081//7081 7079//7079
f 7078//7078 7079//7079 7071//7071
f 7081//7081 7037//7037 7056//7056
f 7081//7081 7056//7056 7079//7079
f 7066//7066 7051//7051 7082//7082
f 7066//7066 7082//7082 7083//7083
f 7083//7083 7082//7082 7084//7084
f 7083//7083 7084//7084 7085//7085
f 7086//7086 7083//7083 7085//7085
f 7086//7086 7085//7085 7087//7087
f 7069//7069 7066//7066 7083//7083
f 7069//7069 7083//7083 7086//7086
f 7085//7085 7084//7084 7088//7088
f 7085//7085 7088//7088 7089//7089
f 7074//7074 7089//7089 7088//7088
f 7074//7074 7088//7088 7076//7076
f 7090//7090 7089//7089 7074//7074
f 7090//7090 7074//7074 7075//7075
f 7087//7087 7085//7085 7089//7089
f 7087//7087 7089//7089 7090//7090
f 7091//7091 7092//7092 7093//7093
f 7091//7091 7093//7093 7094//7094
f 7095//7095 7094//7094 7093//7093
f 7095//7095 7093//7093 7096//7096
f 7097//7097 7098//7098 7094//7094
f 7097//7097 7094//7094 7095//7095
f 7098//7098 7099//7099 7091//7091
f 7098//7098 7091//7091 7094//7094
f 7100//7100 7101//7101 7102//7102
f 7100//7100 7102//7102 7103//7103
f 7104//7104 7103//7103 7102//7102
f 7104//7104 7102//7102 7105//7105
f 7095//7095 7103//7103 7104//7104
f 7095//7095 7104//7104 7097//7097
f 7096//7096 7100//7100 7103//7103
f 7096//7096 7103//7103 7095//7095
f 7106//7106 7107//7107 7108//7108
f 7106//7106 7108//7108 7109//7109
f 7109//7109 7108//7108 7105//7105
f 7109//7109 7105//7105 7102//7102
f 7110//7110 7109//7109 7102//7102
f 7110//7110 7102//7102 7101//7101
f 7111//7111 7106//7106 7109//7109
f 7111//7111 7109//7109 7110//7110
f 7112//7112 7113//7113 7114//7114
f 7112//7112 7114//7114 7115//7115
f 7106//7106 7112//7112 7115//7115
f 7106//7106 7115//7115 7107//7107
f 7111//7111 7116//7116 7112//7112
f 7111//7111 7112//7112 7106//7106
f 7116//7116 7117//7117 7113//7113
f 7116//7116 7113//7113 7112//7112
f 7118//7118 7119//7119 7120//7120
f 7118//7118 7120//7120 7121//7121
f 7121//7121 7120//7120 7114//7114
f 7121//7121 7114//7114 7113//7113
f 7122//7122 7121//7121 7113//7113
f 7122//7122 7113//7113 7117//7117
f 7123//7123 7118//7118 7121//7121
f 7123//7123 7121//7121 7122//7122
f 7124//7124 7125//7125 7126//7126
f 7124//7124 7126//7126 7127//7127
f 7128//7128 7127//7127 7126//7126
f 7128//7128 7126//7126 7129//7129
f 7119//7119 7118//7118 7127//7127
f 7119//7119 7127//7127 7128//7128
f 7118//7118 7123//7123 7124//7124
f 7118//7118 7124//7124 7127//7127
f 7130//7130 7126//7126 7125//7125
f 7130//7130 7125//7125 7131//7131
f 7132//7132 7130//7130 7131//7131
f 7132//7132 7131//7131 7133//7133
f 7134//7134 7130//7130 7132//7132
f 7134//7134 7132//7132 7135//7135
f 7134//7134 7129//7129 7126//7126
f 7134//7134 7126//7126 7130//7130
f 7136//7136 7137//7137 7092//7092
f 7136//7136 7092//7092 7091//7091
f 7138//7138 7136//7136 7091//7091
f 7138//7138 7091//7091 7099//7099
f 7135//7135 7132//7132 7136//7136
f 7135//7135 7136//7136 7138//7138
f 7132//7132 7133//7133 7137//7137
f 7132//7132 7137//7137 7136//7136
f 7139//7139 7111//7111 7110//7110
f 7139//7139 7110//7110 7140//7140
f 7140//7140 7110//7110 7101//7101
f 7140//7140 7101//7101 7141//7141
f 7142//7142 7140//7140 7141//7141
f 7142//7142 7141//7141 7143//7143
f 7144//7144 7139//7139 7140//7140
f 7144//7144 7140//7140 7142//7142
f 7145//7145 7117//7117 7116//7116
f 7145//7145 7116//7116 7146//7146
f 7146//7146 7116//7116 7111//7111
f 7146//7146 7111//7111 7139//7139
f 7147//7147 7146//7146 7139//7139
f 7147//7147 7139//7139 7144//7144
f 7148//7148 7145//7145 7146//7146
f 7148//7148 7146//7146 7147//7147
f 7149//7149 7123//7123 7122//7122
f 7149//7149 7122//7122 7150//7150
f 7150//7150 7122//7122 7117//7117
f 7150//7150 7117//7117 7145//7145
f 7151//7151 7150//7150 7145//7145
f 7151//7151 7145//7145 7148//7148
f 7151//7151 7152//7152 7149//7149
f 7151//7151 7149//7149 7150//7150
f 7153//7153 7154//7154 7155//7155
f 7153//7153 7155//7155 7156//7156
f 7156//7156 7155//7155 7125//7125
f 7156//7156 7125//7125 7124//7124
f 7149//7149 7156//7156 7124//7124
f 7149//7149 7124//7124 7123//7123
f 7152//7152 7153//7153 7156//7156
f 7152//7152 7156//7156 7149//7149
f 7157//7157 7155//7155 7154//7154
f 7157//7157 7154//7154 7158//7158
f 7159//7159 7157//7157 7158//7158
f 7159//7159 7158//7158 7160//7160
f 7133//7133 7131//7131 7157//7157
f 7133//7133 7157//7157 7159//7159
f 7131//7131 7125//7125 7155//7155
f 7131//7131 7155//7155 7157//7157
f 7161//7161 7162//7162 7163//7163
f 7161//7161 7163//7163 7164//7164
f 7164//7164 7163//7163 7165//7165
f 7164//7164 7165//7165 7166//7166
f 7159//7159 7164//7164 7166//7166
f 7159//7159 7166//7166 7133//7133
f 7160//7160 7161//7161 7164//7164
f 7160//7160 7164//7164 7159//7159
f 7163//7163 7162//7162 7167//7167
f 7163//7163 7167//7167 7168//7168
f 7168//7168 7167//7167 7169//7169
f 7168//7168 7169//7169 7170//7170
f 7171//7171 7168//7168 7170//7170
f 7171//7171 7170//7170 7172//7172
f 7165//7165 7163//7163 7168//7168
f 7165//7165 7168//7168 7171//7171
f 7173//7173 7174//7174 7143//7143
f 7173//7173 7143//7143 7141//7141
f 7175//7175 7173//7173 7141//7141
f 7175//7175 7141//7141 7101//7101
f 7172//7172 7170//7170 7173//7173
f 7172//7172 7173//7173 7175//7175
f 7170//7170 7169//7169 7174//7174
f 7170//7170 7174//7174 7173//7173
f 7176//7176 7177//7177 7099//7099
f 7176//7176 7099//7099 7098//7098
f 7178//7178 7176//7176 7098//7098
f 7178//7178 7098//7098 7097//7097
f 7179//7179 7180//7180 7176//7176
f 7179//7179 7176//7176 7178//7178
f 7180//7180 7181//7181 7177//7177
f 7180//7180 7177//7177 7176//7176
f 7182//7182 7104//7104 7105//7105
f 7182//7182 7105//7105 7183//7183
f 7184//7184 7182//7182 7183//7183
f 7184//7184 7183//7183 7185//7185
f 7179//7179 7178//7178 7182//7182
f 7179//7179 7182//7182 7184//7184
f 7178//7178 7097//7097 7104//7104
f 7178//7178 7104//7104 7182//7182
f 7186//7186 7187//7187 7188//7188
f 7186//7186 7188//7188 7189//7189
f 7189//7189 7188//7188 7185//7185
f 7189//7189 7185//7185 7183//7183
f 7108//7108 7189//7189 7183//7183
f 7108//7108 7183//7183 7105//7105
f 7107//7107 7186//7186 7189//7189
f 7107//7107 7189//7189 7108//7108
f 7190//7190 7191//7191 7192//7192
f 7190//7190 7192//7192 7193//7193
f 7193//7193 7192//7192 7187//7187
f 7193//7193 7187//7187 7186//7186
f 7115//7115 7193//7193 7186//7186
f 7115//7115 7186//7186 7107//7107
f 7114//7114 7190//7190 7193//7193
f 7114//7114 7193//7193 7115//7115
f 7194//7194 7195//7195 7196//7196
f 7194//7194 7196//7196 7197//7197
f 7197//7197 7196//7196 7191//7191
f 7197//7197 7191//7191 7190//7190
f 7120//7120 7197//7197 7190//7190
f 7120//7120 7190//7190 7114//7114
f 7119//7119 7194//7194 7197//7197
f 7119//7119 7197//7197 7120//7120
f 7128//7128 7129//7129 7198//7198
f 7128//7128 7198//7198 7199//7199
f 7200//7200 7199//7199 7198//7198
f 7200//7200 7198//7198 7201//7201
f 7195//7195 7194//7194 7199//7199
f 7195//7195 7199//7199 7200//7200
f 7194//7194 7119//7119 7128//7128
f 7194//7194 7128//7128 7199//7199
f 7202//7202 7198//7198 7129//7129
f 7202//7202 7129//7129 7134//7134
f 7203//7203 7202//7202 7134//7134
f 7203//7203 7134//7134 7135//7135
f 7204//7204 7205//7205 7202//7202
f 7204//7204 7202//7202 7203//7203
f 7201//7201 7198//7198 7202//7202
f 7201//7201 7202//7202 7205//7205
f 7138//7138 7099//7099 7177//7177
f 7138//7138 7177//7177 7206//7206
f 7206//7206 7177//7177 7181//7181
f 7206//7206 7181//7181 7207//7207
f 7203//7203 7206//7206 7207//7207
f 7203//7203 7207//7207 7204//7204
f 7135//7135 7138//7138 7206//7206
f 7135//7135 7206//7206 7203//7203
f 7208//7208 7209//7209 7210//7210
f 7208//7208 7210//7210 7211//7211
f 7161//7161 7208//7208 7211//7211
f 7161//7161 7211//7211 7162//7162
f 7212//7212 7208//7208 7161//7161
f 7212//7212 7161//7161 7160//7160
f 7213//7213 7209//7209 7208//7208
f 7213//7213 7208//7208 7212//7212
f 7211//7211 7210//7210 7214//7214
f 7211//7211 7214//7214 7215//7215
f 7215//7215 7214//7214 7216//7216
f 7215//7215 7216//7216 7217//7217
f 7167//7167 7215//7215 7217//7217
f 7167//7167 7217//7217 7169//7169
f 7162//7162 7211//7211 7215//7215
f 7162//7162 7215//7215 7167//7167
f 7218//7218 7219//7219 7220//7220
f 7218//7218 7220//7220 7221//7221
f 7174//7174 7218//7218 7221//7221
f 7174//7174 7221//7221 7143//7143
f 7169//7169 7217//7217 7218//7218
f 7169//7169 7218//7218 7174//7174
f 7217//7217 7216//7216 7219//7219
f 7217//7217 7219//7219 7218//7218
f 7222//7222 7223//7223 7144//7144
f 7222//7222 7144//7144 7142//7142
f 7222//7222 7142//7142 7143//7143
f 7222//7222 7143//7143 7221//7221
f 7224//7224 7222//7222 7221//7221
f 7224//7224 7221//7221 7220//7220
f 7224//7224 7225//7225 7223//7223
f 7224//7224 7223//7223 7222//7222
f 7226//7226 7227//7227 7148//7148
f 7226//7226 7148//7148 7147//7147
f 7223//7223 7226//7226 7147//7147
f 7223//7223 7147//7147 7144//7144
f 7225//7225 7228//7228 7226//7226
f 7225//7225 7226//7226 7223//7223
f 7228//7228 7229//7229 7227//7227
f 7228//7228 7227//7227 7226//7226
f 7230//7230 7231//7231 7152//7152
f 7230//7230 7152//7152 7151//7151
f 7227//7227 7230//7230 7151//7151
f 7227//7227 7151//7151 7148//7148
f 7229//7229 7232//7232 7230//7230
f 7229//7229 7230//7230 7227//7227
f 7232//7232 7233//7233 7231//7231
f 7232//7232 7231//7231 7230//7230
f 7234//7234 7235//7235 7236//7236
f 7234//7234 7236//7236 7237//7237
f 7237//7237 7236//7236 7154//7154
f 7237//7237 7154//7154 7153//7153
f 7231//7231 7237//7237 7153//7153
f 7231//7231 7153//7153 7152//7152
f 7233//7233 7234//7234 7237//7237
f 7233//7233 7237//7237 7231//7231
f 7238//7238 7236//7236 7235//7235
f 7238//7238 7235//7235 7239//7239
f 7212//7212 7238//7238 7239//7239
f 7212//7212 7239//7239 7213//7213
f 7160//7160 7158//7158 7238//7238
f 7160//7160 7238//7238 7212//7212
f 7158//7158 7154//7154 7236//7236
f 7158//7158 7236//7236 7238//7238
f 7240//7240 7068//7068 7069//7069
f 7240//7240 7069//7069 7241//7241
f 7209//7209 7240//7240 7241//7241
f 7209//7209 7241//7241 7210//7210
f 7242//7242 7240//7240 7209//7209
f 7242//7242 7209//7209 7213//7213
f 7064//7064 7068//7068 7240//7240
f 7064//7064 7240//7240 7242//7242
f 7241//7241 7069//7069 7086//7086
f 7241//7241 7086//7086 7243//7243
f 7243//7243 7086//7086 7087//7087
f 7243//7243 7087//7087 7244//7244
f 7214//7214 7243//7243 7244//7244
f 7214//7214 7244//7244 7216//7216
f 7210//7210 7241//7241 7243//7243
f 7210//7210 7243//7243 7214//7214
f 7245//7245 7090//7090 7075//7075
f 7245//7245 7075//7075 7246//7246
f 7219//7219 7245//7245 7246//7246
f 7219//7219 7246//7246 7220//7220
f 7216//7216 7244//7244 7245//7245
f 7216//7216 7245//7245 7219//7219
f 7244//7244 7087//7087 7090//7090
f 7244//7244 7090//7090 7245//7245
f 7247//7247 7248//7248 7225//7225
f 7247//7247 7225//7225 7224//7224
f 7247//7247 7224//7224 7220//7220
f 7247//7247 7220//7220 7246//7246
f 7073//7073 7247//7247 7246//7246
f 7073//7073 7246//7246 7075//7075
f 7073//7073 7072//7072 7248//7248
f 7073//7073 7248//7248 7247//7247
f 7249//7249 7250//7250 7229//7229
f 7249//7249 7229//7229 7228//7228
f 7248//7248 7249//7249 7228//7228
f 7248//7248 7228//7228 7225//7225
f 7072//7072 7080//7080 7249//7249
f 7072//7072 7249//7249 7248//7248
f 7080//7080 7057//7057 7250//7250
f 7080//7080 7250//7250 7249//7249
f 7251//7251 7252//7252 7233//7233
f 7251//7251 7233//7233 7232//7232
f 7250//7250 7251//7251 7232//7232
f 7250//7250 7232//7232 7229//7229
f 7057//7057 7054//7054 7251//7251
f 7057//7057 7251//7251 7250//7250
f 7053//7053 7252//7252 7251//7251
f 7053//7053 7251//7251 7054//7054
f 7061//7061 7060//7060 7253//7253
f 7061//7061 7253//7253 7254//7254
f 7254//7254 7253//7253 7235//7235
f 7254//7254 7235//7235 7234//7234
f 7252//7252 7254//7254 7234//7234
f 7252//7252 7234//7234 7233//7233
f 7053//7053 7061//7061 7254//7254
f 7053//7053 7254//7254 7252//7252
f 7255//7255 7253//7253 7060//7060
f 7255//7255 7060//7060 7065//7065
f 7242//7242 7255//7255 7065//7065
f 7242//7242 7065//7065 7064//7064
f 7213//7213 7239//7239 7255//7255
f 7213//7213 7255//7255 7242//7242
f 7239//7239 7235//7235 7253//7253
f 7239//7239 7253//7253 7255//7255
f 7256//7256 7257//7257 7258//7258
f 7256//7256 7258//7258 7259//7259
f 7137//7137 7256//7256 7259//7259
f 7137//7137 7259//7259 7092//7092
f 7133//7133 7166//7166 7256//7256
f 7133//7133 7256//7256 7137//7137
f 7166//7166 7165//7165 7257//7257
f 7166//7166 7257//7257 7256//7256
f 7257//7257 7165//7165 7171//7171
f 7257//7257 7171//7171 7260//7260
f 7260//7260 7171//7171 7172//7172
f 7260//7260 7172//7172 7261//7261
f 7262//7262 7260//7260 7261//7261
f 7262//7262 7261//7261 7263//7263
f 7258//7258 7257//7257 7260//7260
f 7258//7258 7260//7260 7262//7262
f 7175//7175 7101//7101 7100//7100
f 7175//7175 7100//7100 7264//7264
f 7264//7264 7100//7100 7096//7096
f 7264//7264 7096//7096 7265//7265
f 7263//7263 7261//7261 7264//7264
f 7263//7263 7264//7264 7265//7265
f 7261//7261 7172//7172 7175//7175
f 7261//7261 7175//7175 7264//7264
f 7266//7266 7259//7259 7258//7258
f 7266//7266 7258//7258 7262//7262
f 7266//7266 7262//7262 7263//7263
f 7266//7266 7263//7263 7265//7265
f 7093//7093 7266//7266 7265//7265
f 7093//7093 7265//7265 7096//7096
f 7092//7092 7259//7259 7266//7266
f 7092//7092 7266//7266 7093//7093
f 5903//5903 7051//7051 7050//7050
f 5903//5903 7050//7050 5902//5902
f 5902//5902 7050//7050 5812//5812
f 5902//5902 5812//5812 5810//5810
f 5907//5907 5906//5906 7084//7084
f 5907//5907 7084//7084 7267//7267
f 5861//5861 5907//5907 7267//7267
f 5861//5861 7267//7267 5862//5862
f 7088//7088 5908//5908 5911//5911
f 7088//7088 5911//5911 7076//7076
f 5906//5906 5908//5908 7088//7088
f 5906//5906 7088//7088 7084//7084
f 7268//7268 7081//7081 7078//7078
f 7268//7268 7078//7078 7269//7269
f 2610//2610 7268//7268 7269//7269
f 2610//2610 7269//7269 2611//2611
f 2289//2289 7039//7039 7268//7268
f 2289//2289 7268//7268 2610//2610
f 7039//7039 7037//7037 7081//7081
f 7039//7039 7081//7081 7268//7268
f 7270//7270 7269//7269 7078//7078
f 7270//7270 7078//7078 7077//7077
f 7271//7271 7270//7270 7077//7077
f 7271//7271 7077//7077 7076//7076
f 2614//2614 2613//2613 7270//7270
f 2614//2614 7270//7270 7271//7271
f 2613//2613 2611//2611 7269//7269
f 2613//2613 7269//7269 7270//7270
f 2616//2616 2614//2614 7271//7271
f 2616//2616 7271//7271 5913//5913
f 5913//5913 7271//7271 7076//7076
f 5913//5913 7076//7076 5911//5911
f 7272//7272 5938//5938 5939//5939
f 7272//7272 5939//5939 5954//5954
f 7051//7051 5903//5903 5938//5938
f 7051//7051 5938//5938 7272//7272
f 7273//7273 7272//7272 5954//5954
f 7273//7273 5954//5954 5953//5953
f 7273//7273 5953//5953 5862//5862
f 7273//7273 5862//5862 7267//7267
f 7082//7082 7273//7273 7267//7267
f 7082//7082 7267//7267 7084//7084
f 7082//7082 7051//7051 7272//7272
f 7082//7082 7272//7272 7273//7273
f 7274//7274 7200//7200 7201//7201
f 7274//7274 7201//7201 7275//7275
f 7276//7276 7274//7274 7275//7275
f 7276//7276 7275//7275 7277//7277
f 7278//7278 7274//7274 7276//7276
f 7278//7278 7276//7276 7279//7279
f 7278//7278 7195//7195 7200//7200
f 7278//7278 7200//7200 7274//7274
f 7280//7280 7281//7281 7282//7282
f 7280//7280 7282//7282 7283//7283
f 7275//7275 7283//7283 7282//7282
f 7275//7275 7282//7282 7277//7277
f 7205//7205 7283//7283 7275//7275
f 7205//7205 7275//7275 7201//7201
f 7204//7204 7280//7280 7283//7283
f 7204//7204 7283//7283 7205//7205
f 7207//7207 7181//7181 7284//7284
f 7207//7207 7284//7284 7285//7285
f 7286//7286 7285//7285 7284//7284
f 7286//7286 7284//7284 7287//7287
f 7280//7280 7285//7285 7286//7286
f 7280//7280 7286//7286 7281//7281
f 7280//7280 7204//7204 7207//7207
f 7280//7280 7207//7207 7285//7285
f 7192//7192 7191//7191 7288//7288
f 7192//7192 7288//7288 7289//7289
f 7290//7290 7289//7289 7288//7288
f 7290//7290 7288//7288 7291//7291
f 7292//7292 7293//7293 7289//7289
f 7292//7292 7289//7289 7290//7290
f 7187//7187 7192//7192 7289//7289
f 7187//7187 7289//7289 7293//7293
f 7188//7188 7187//7187 7293//7293
f 7188//7188 7293//7293 7294//7294
f 7295//7295 7294//7294 7293//7293
f 7295//7295 7293//7293 7292//7292
f 7296//7296 7297//7297 7294//7294
f 7296//7296 7294//7294 7295//7295
f 7185//7185 7188//7188 7294//7294
f 7185//7185 7294//7294 7297//7297
f 7298//7298 7284//7284 7181//7181
f 7298//7298 7181//7181 7180//7180
f 7299//7299 7298//7298 7180//7180
f 7299//7299 7180//7180 7179//7179
f 7300//7300 7298//7298 7299//7299
f 7300//7300 7299//7299 7301//7301
f 7287//7287 7284//7284 7298//7298
f 7287//7287 7298//7298 7300//7300
f 7302//7302 7184//7184 7185//7185
f 7302//7302 7185//7185 7297//7297
f 7303//7303 7302//7302 7297//7297
f 7303//7303 7297//7297 7296//7296
f 7301//7301 7299//7299 7302//7302
f 7301//7301 7302//7302 7303//7303
f 7299//7299 7179//7179 7184//7184
f 7299//7299 7184//7184 7302//7302
f 7304//7304 7305//7305 7306//7306
f 7304//7304 7306//7306 7307//7307
f 7308//7308 7304//7304 7307//7307
f 7308//7308 7307//7307 7309//7309
f 7310//7310 7311//7311 7304//7304
f 7310//7310 7304//7304 7308//7308
f 7311//7311 7291//7291 7305//7305
f 7311//7311 7305//7305 7304//7304
f 7276//7276 7277//7277 7312//7312
f 7276//7276 7312//7312 7313//7313
f 7313//7313 7312//7312 7314//7314
f 7313//7313 7314//7314 7315//7315
f 7316//7316 7317//7317 7313//7313
f 7316//7316 7313//7313 7315//7315
f 7317//7317 7279//7279 7276//7276
f 7317//7317 7276//7276 7313//7313
f 7282//7282 7281//7281 7318//7318
f 7282//7282 7318//7318 7319//7319
f 7319//7319 7318//7318 7320//7320
f 7319//7319 7320//7320 7321//7321
f 7312//7312 7319//7319 7321//7321
f 7312//7312 7321//7321 7314//7314
f 7277//7277 7282//7282 7319//7319
f 7277//7277 7319//7319 7312//7312
f 7290//7290 7291//7291 7311//7311
f 7290//7290 7311//7311 7322//7322
f 7323//7323 7322//7322 7311//7311
f 7323//7323 7311//7311 7310//7310
f 7324//7324 7325//7325 7322//7322
f 7324//7324 7322//7322 7323//7323
f 7325//7325 7292//7292 7290//7290
f 7325//7325 7290//7290 7322//7322
f 7326//7326 7295//7295 7292//7292
f 7326//7326 7292//7292 7325//7325
f 7327//7327 7326//7326 7325//7325
f 7327//7327 7325//7325 7324//7324
f 7328//7328 7329//7329 7326//7326
f 7328//7328 7326//7326 7327//7327
f 7329//7329 7296//7296 7295//7295
f 7329//7329 7295//7295 7326//7326
f 7330//7330 7331//7331 7332//7332
f 7330//7330 7332//7332 7333//7333
f 7334//7334 7330//7330 7333//7333
f 7334//7334 7333//7333 7335//7335
f 7336//7336 7337//7337 7330//7330
f 7336//7336 7330//7330 7334//7334
f 7337//7337 7338//7338 7331//7331
f 7337//7337 7331//7331 7330//7330
f 7339//7339 7340//7340 7341//7341
f 7339//7339 7341//7341 7342//7342
f 7343//7343 7342//7342 7341//7341
f 7343//7343 7341//7341 7344//7344
f 7345//7345 7342//7342 7343//7343
f 7345//7345 7343//7343 7346//7346
f 7347//7347 7339//7339 7342//7342
f 7347//7347 7342//7342 7345//7345
f 7348//7348 7307//7307 7306//7306
f 7348//7348 7306//7306 7349//7349
f 7350//7350 7348//7348 7349//7349
f 7350//7350 7349//7349 7351//7351
f 7352//7352 7353//7353 7348//7348
f 7352//7352 7348//7348 7350//7350
f 7309//7309 7307//7307 7348//7348
f 7309//7309 7348//7348 7353//7353
f 7354//7354 7315//7315 7314//7314
f 7354//7354 7314//7314 7355//7355
f 7354//7354 7355//7355 7356//7356
f 7354//7354 7356//7356 7357//7357
f 7358//7358 7354//7354 7357//7357
f 7358//7358 7357//7357 7359//7359
f 7358//7358 7316//7316 7315//7315
f 7358//7358 7315//7315 7354//7354
f 7321//7321 7320//7320 7360//7360
f 7321//7321 7360//7360 7361//7361
f 7362//7362 7361//7361 7360//7360
f 7362//7362 7360//7360 7363//7363
f 7356//7356 7355//7355 7361//7361
f 7356//7356 7361//7361 7362//7362
f 7355//7355 7314//7314 7321//7321
f 7355//7355 7321//7321 7361//7361
f 7364//7364 7323//7323 7310//7310
f 7364//7364 7310//7310 7365//7365
f 7366//7366 7364//7364 7365//7365
f 7366//7366 7365//7365 7367//7367
f 7368//7368 7369//7369 7364//7364
f 7368//7368 7364//7364 7366//7366
f 7369//7369 7324//7324 7323//7323
f 7369//7369 7323//7323 7364//7364
f 7327//7327 7324//7324 7369//7369
f 7327//7327 7369//7369 7370//7370
f 7370//7370 7369//7369 7368//7368
f 7370//7370 7368//7368 7371//7371
f 7372//7372 7370//7370 7371//7371
f 7372//7372 7371//7371 7373//7373
f 7372//7372 7328//7328 7327//7327
f 7372//7372 7327//7327 7370//7370
f 7374//7374 7375//7375 7376//7376
f 7374//7374 7376//7376 7377//7377
f 7377//7377 7376//7376 7378//7378
f 7377//7377 7378//7378 7379//7379
f 7380//7380 7377//7377 7379//7379
f 7380//7380 7379//7379 7335//7335
f 7381//7381 7374//7374 7377//7377
f 7381//7381 7377//7377 7380//7380
f 7382//7382 7383//7383 7384//7384
f 7382//7382 7384//7384 7385//7385
f 7385//7385 7384//7384 7344//7344
f 7385//7385 7344//7344 7341//7341
f 7340//7340 7382//7382 7385//7385
f 7340//7340 7385//7385 7341//7341
f 7386//7386 7387//7387 7316//7316
f 7386//7386 7316//7316 7358//7358
f 7388//7388 7386//7386 7358//7358
f 7388//7388 7358//7358 7359//7359
f 7389//7389 7390//7390 7386//7386
f 7389//7389 7386//7386 7388//7388
f 7391//7391 7387//7387 7386//7386
f 7391//7391 7386//7386 7390//7390
f 7392//7392 7388//7388 7359//7359
f 7392//7392 7359//7359 7393//7393
f 7394//7394 7392//7392 7393//7393
f 7394//7394 7393//7393 7395//7395
f 7396//7396 7397//7397 7392//7392
f 7396//7396 7392//7392 7394//7394
f 7397//7397 7389//7389 7388//7388
f 7397//7397 7388//7388 7392//7392
f 7357//7357 7356//7356 7362//7362
f 7357//7357 7362//7362 7398//7398
f 7398//7398 7362//7362 7363//7363
f 7398//7398 7363//7363 7399//7399
f 7393//7393 7398//7398 7399//7399
f 7393//7393 7399//7399 7395//7395
f 7359//7359 7357//7357 7398//7398
f 7359//7359 7398//7398 7393//7393
f 7400//7400 7366//7366 7367//7367
f 7400//7400 7367//7367 7401//7401
f 7402//7402 7400//7400 7401//7401
f 7402//7402 7401//7401 7403//7403
f 7373//7373 7371//7371 7400//7400
f 7373//7373 7400//7400 7402//7402
f 7371//7371 7368//7368 7366//7366
f 7371//7371 7366//7366 7400//7400
f 7404//7404 7350//7350 7351//7351
f 7404//7404 7351//7351 7405//7405
f 7406//7406 7404//7404 7405//7405
f 7406//7406 7405//7405 7407//7407
f 7408//7408 7409//7409 7404//7404
f 7408//7408 7404//7404 7406//7406
f 7409//7409 7352//7352 7350//7350
f 7409//7409 7350//7350 7404//7404
f 7410//7410 7411//7411 7391//7391
f 7410//7410 7391//7391 7390//7390
f 7410//7410 7390//7390 7389//7389
f 7410//7410 7389//7389 7412//7412
f 7413//7413 7410//7410 7412//7412
f 7413//7413 7412//7412 7414//7414
f 7415//7415 7411//7411 7410//7410
f 7415//7415 7410//7410 7413//7413
f 7416//7416 7397//7397 7396//7396
f 7416//7416 7396//7396 7417//7417
f 7418//7418 7416//7416 7417//7417
f 7418//7418 7417//7417 7419//7419
f 7414//7414 7412//7412 7416//7416
f 7414//7414 7416//7416 7418//7418
f 7412//7412 7389//7389 7397//7397
f 7412//7412 7397//7397 7416//7416
f 7420//7420 7421//7421 7422//7422
f 7420//7420 7422//7422 7423//7423
f 7424//7424 7423//7423 7422//7422
f 7424//7424 7422//7422 7425//7425
f 7381//7381 7426//7426 7423//7423
f 7381//7381 7423//7423 7424//7424
f 7426//7426 7332//7332 7420//7420
f 7426//7426 7420//7420 7423//7423
f 7427//7427 7308//7308 7309//7309
f 7427//7427 7309//7309 7353//7353
f 7427//7427 7353//7353 7352//7352
f 7427//7427 7352//7352 7428//7428
f 7365//7365 7427//7427 7428//7428
f 7365//7365 7428//7428 7367//7367
f 7310//7310 7308//7308 7427//7427
f 7310//7310 7427//7427 7365//7365
f 7429//7429 7409//7409 7408//7408
f 7429//7429 7408//7408 7430//7430
f 7401//7401 7429//7429 7430//7430
f 7401//7401 7430//7430 7403//7403
f 7367//7367 7428//7428 7429//7429
f 7367//7367 7429//7429 7401//7401
f 7428//7428 7352//7352 7409//7409
f 7428//7428 7409//7409 7429//7429
f 7431//7431 7432//7432 7433//7433
f 7431//7431 7433//7433 7434//7434
f 7434//7434 7433//7433 7435//7435
f 7434//7434 7435//7435 7436//7436
f 7437//7437 7434//7434 7436//7436
f 7437//7437 7436//7436 7438//7438
f 7439//7439 7431//7431 7434//7434
f 7439//7439 7434//7434 7437//7437
f 7440//7440 7439//7439 7437//7437
f 7440//7440 7437//7437 7441//7441
f 7441//7441 7437//7437 7438//7438
f 7441//7441 7438//7438 7442//7442
f 7443//7443 7441//7441 7442//7442
f 7443//7443 7442//7442 7444//7444
f 7445//7445 7440//7440 7441//7441
f 7445//7445 7441//7441 7443//7443
f 7446//7446 7418//7418 7419//7419
f 7446//7446 7419//7419 7447//7447
f 7431//7431 7446//7446 7447//7447
f 7431//7431 7447//7447 7432//7432
f 7439//7439 7448//7448 7446//7446
f 7439//7439 7446//7446 7431//7431
f 7448//7448 7414//7414 7418//7418
f 7448//7448 7418//7418 7446//7446
f 7449//7449 7450//7450 7451//7451
f 7449//7449 7451//7451 7452//7452
f 7449//7449 7452//7452 7453//7453
f 7449//7449 7453//7453 7454//7454
f 7407//7407 7405//7405 7449//7449
f 7407//7407 7449//7449 7454//7454
f 7405//7405 7351//7351 7450//7450
f 7405//7405 7450//7450 7449//7449
f 7455//7455 7456//7456 7457//7457
f 7455//7455 7457//7457 7458//7458
f 7450//7450 7455//7455 7458//7458
f 7450//7450 7458//7458 7451//7451
f 7351//7351 7349//7349 7455//7455
f 7351//7351 7455//7455 7450//7450
f 7349//7349 7306//7306 7456//7456
f 7349//7349 7456//7456 7455//7455
f 7459//7459 7279//7279 7317//7317
f 7459//7459 7317//7317 7460//7460
f 7387//7387 7460//7460 7317//7317
f 7387//7387 7317//7317 7316//7316
f 7411//7411 7460//7460 7387//7387
f 7411//7411 7387//7387 7391//7391
f 7415//7415 7459//7459 7460//7460
f 7415//7415 7460//7460 7411//7411
f 7461//7461 7291//7291 7462//7462
f 7461//7461 7462//7462 7463//7463
f 7463//7463 7462//7462 7464//7464
f 7463//7463 7464//7464 7465//7465
f 7444//7444 7461//7461 7463//7463
f 7444//7444 7463//7463 7465//7465
f 7466//7466 7442//7442 7438//7438
f 7466//7466 7438//7438 7467//7467
f 7458//7458 7466//7466 7467//7467
f 7458//7458 7467//7467 7451//7451
f 7457//7457 7468//7468 7466//7466
f 7457//7457 7466//7466 7458//7458
f 7468//7468 7444//7444 7442//7442
f 7468//7468 7442//7442 7466//7466
f 7469//7469 7436//7436 7435//7435
f 7469//7469 7435//7435 7470//7470
f 7452//7452 7469//7469 7470//7470
f 7452//7452 7470//7470 7453//7453
f 7451//7451 7467//7467 7469//7469
f 7451//7451 7469//7469 7452//7452
f 7467//7467 7438//7438 7436//7436
f 7467//7467 7436//7436 7469//7469
f 7471//7471 7384//7384 7383//7383
f 7471//7471 7383//7383 7472//7472
f 7422//7422 7471//7471 7472//7472
f 7422//7422 7472//7472 7425//7425
f 7473//7473 7471//7471 7422//7422
f 7473//7473 7422//7422 7421//7421
f 7473//7473 7344//7344 7384//7384
f 7473//7473 7384//7384 7471//7471
f 7305//7305 7291//7291 7461//7461
f 7305//7305 7461//7461 7474//7474
f 7474//7474 7461//7461 7444//7444
f 7474//7474 7444//7444 7468//7468
f 7456//7456 7474//7474 7468//7468
f 7456//7456 7468//7468 7457//7457
f 7456//7456 7306//7306 7305//7305
f 7456//7456 7305//7305 7474//7474
f 7475//7475 7444//7444 7465//7465
f 7475//7475 7465//7465 7476//7476
f 7477//7477 7476//7476 7465//7465
f 7477//7477 7465//7465 7464//7464
f 7279//7279 7459//7459 7476//7476
f 7279//7279 7476//7476 7477//7477
f 7459//7459 7415//7415 7475//7475
f 7459//7459 7475//7475 7476//7476
f 7478//7478 7443//7443 7444//7444
f 7478//7478 7444//7444 7475//7475
f 7479//7479 7478//7478 7475//7475
f 7479//7479 7475//7475 7415//7415
f 7479//7479 7445//7445 7443//7443
f 7479//7479 7443//7443 7478//7478
f 7480//7480 7440//7440 7445//7445
f 7480//7480 7445//7445 7479//7479
f 7413//7413 7480//7480 7479//7479
f 7413//7413 7479//7479 7415//7415
f 7414//7414 7448//7448 7480//7480
f 7414//7414 7480//7480 7413//7413
f 7448//7448 7439//7439 7440//7440
f 7448//7448 7440//7440 7480//7480
f 7329//7329 7328//7328 7481//7481
f 7329//7329 7481//7481 7482//7482
f 7339//7339 7482//7482 7481//7481
f 7339//7339 7481//7481 7340//7340
f 7347//7347 7483//7483 7482//7482
f 7347//7347 7482//7482 7339//7339
f 7296//7296 7329//7329 7482//7482
f 7296//7296 7482//7482 7483//7483
f 7484//7484 7372//7372 7373//7373
f 7484//7484 7373//7373 7485//7485
f 7486//7486 7484//7484 7485//7485
f 7486//7486 7485//7485 7487//7487
f 7340//7340 7481//7481 7484//7484
f 7340//7340 7484//7484 7486//7486
f 7328//7328 7372//7372 7484//7484
f 7328//7328 7484//7484 7481//7481
f 7488//7488 7402//7402 7403//7403
f 7488//7488 7403//7403 7489//7489
f 7488//7488 7489//7489 7490//7490
f 7488//7488 7490//7490 7491//7491
f 7485//7485 7488//7488 7491//7491
f 7485//7485 7491//7491 7487//7487
f 7485//7485 7373//7373 7402//7402
f 7485//7485 7402//7402 7488//7488
f 7492//7492 7383//7383 7493//7493
f 7492//7492 7493//7493 7494//7494
f 7494//7494 7493//7493 7490//7490
f 7494//7494 7490//7490 7489//7489
f 7403//7403 7430//7430 7494//7494
f 7403//7403 7494//7494 7489//7489
f 7430//7430 7408//7408 7492//7492
f 7430//7430 7492//7492 7494//7494
f 7495//7495 7406//7406 7407//7407
f 7495//7495 7407//7407 7496//7496
f 7497//7497 7495//7495 7496//7496
f 7497//7497 7496//7496 7498//7498
f 7383//7383 7492//7492 7495//7495
f 7383//7383 7495//7495 7497//7497
f 7492//7492 7408//7408 7406//7406
f 7492//7492 7406//7406 7495//7495
f 7499//7499 7454//7454 7453//7453
f 7499//7499 7453//7453 7500//7500
f 7499//7499 7500//7500 7501//7501
f 7499//7499 7501//7501 7502//7502
f 7498//7498 7496//7496 7499//7499
f 7498//7498 7499//7499 7502//7502
f 7496//7496 7407//7407 7454//7454
f 7496//7496 7454//7454 7499//7499
f 7503//7503 7425//7425 7504//7504
f 7503//7503 7504//7504 7505//7505
f 7500//7500 7505//7505 7504//7504
f 7500//7500 7504//7504 7501//7501
f 7453//7453 7470//7470 7505//7505
f 7453//7453 7505//7505 7500//7500
f 7470//7470 7435//7435 7503//7503
f 7470//7470 7503//7503 7505//7505
f 7506//7506 7507//7507 7508//7508
f 7506//7506 7508//7508 7509//7509
f 7503//7503 7509//7509 7508//7508
f 7503//7503 7508//7508 7425//7425
f 7433//7433 7509//7509 7503//7503
f 7433//7433 7503//7503 7435//7435
f 7432//7432 7506//7506 7509//7509
f 7432//7432 7509//7509 7433//7433
f 7510//7510 7511//7511 7512//7512
f 7510//7510 7512//7512 7513//7513
f 7510//7510 7513//7513 7507//7507
f 7510//7510 7507//7507 7506//7506
f 7432//7432 7447//7447 7510//7510
f 7432//7432 7510//7510 7506//7506
f 7447//7447 7419//7419 7511//7511
f 7447//7447 7511//7511 7510//7510
f 7514//7514 7515//7515 7381//7381
f 7514//7514 7381//7381 7516//7516
f 7511//7511 7514//7514 7516//7516
f 7511//7511 7516//7516 7512//7512
f 7419//7419 7417//7417 7514//7514
f 7419//7419 7514//7514 7511//7511
f 7417//7417 7396//7396 7515//7515
f 7417//7417 7515//7515 7514//7514
f 7517//7517 7394//7394 7395//7395
f 7517//7517 7395//7395 7518//7518
f 7374//7374 7517//7517 7518//7518
f 7374//7374 7518//7518 7375//7375
f 7515//7515 7517//7517 7374//7374
f 7515//7515 7374//7374 7381//7381
f 7515//7515 7396//7396 7394//7394
f 7515//7515 7394//7394 7517//7517
f 7399//7399 7363//7363 7519//7519
f 7399//7399 7519//7519 7520//7520
f 7376//7376 7520//7520 7519//7519
f 7376//7376 7519//7519 7378//7378
f 7375//7375 7518//7518 7520//7520
f 7375//7375 7520//7520 7376//7376
f 7395//7395 7399//7399 7520//7520
f 7395//7395 7520//7520 7518//7518
f 7521//7521 7522//7522 7335//7335
f 7521//7521 7335//7335 7379//7379
f 7519//7519 7521//7521 7379//7379
f 7519//7519 7379//7379 7378//7378
f 7363//7363 7360//7360 7521//7521
f 7363//7363 7521//7521 7519//7519
f 7320//7320 7522//7522 7521//7521
f 7320//7320 7521//7521 7360//7360
f 7523//7523 7524//7524 7336//7336
f 7523//7523 7336//7336 7334//7334
f 7523//7523 7334//7334 7335//7335
f 7523//7523 7335//7335 7522//7522
f 7318//7318 7523//7523 7522//7522
f 7318//7318 7522//7522 7320//7320
f 7281//7281 7524//7524 7523//7523
f 7281//7281 7523//7523 7318//7318
f 7525//7525 7286//7286 7287//7287
f 7525//7525 7287//7287 7526//7526
f 7525//7525 7526//7526 7338//7338
f 7525//7525 7338//7338 7337//7337
f 7524//7524 7525//7525 7337//7337
f 7524//7524 7337//7337 7336//7336
f 7524//7524 7281//7281 7286//7286
f 7524//7524 7286//7286 7525//7525
f 7300//7300 7301//7301 7527//7527
f 7300//7300 7527//7527 7528//7528
f 7529//7529 7528//7528 7527//7527
f 7529//7529 7527//7527 7346//7346
f 7526//7526 7528//7528 7529//7529
f 7526//7526 7529//7529 7338//7338
f 7526//7526 7287//7287 7300//7300
f 7526//7526 7300//7300 7528//7528
f 7303//7303 7296//7296 7483//7483
f 7303//7303 7483//7483 7530//7530
f 7345//7345 7530//7530 7483//7483
f 7345//7345 7483//7483 7347//7347
f 7346//7346 7527//7527 7530//7530
f 7346//7346 7530//7530 7345//7345
f 7301//7301 7303//7303 7530//7530
f 7301//7301 7530//7530 7527//7527
f 7531//7531 7464//7464 7462//7462
f 7531//7531 7462//7462 7532//7532
f 7288//7288 7532//7532 7462//7462
f 7288//7288 7462//7462 7291//7291
f 7196//7196 7532//7532 7288//7288
f 7196//7196 7288//7288 7191//7191
f 7195//7195 7531//7531 7532//7532
f 7195//7195 7532//7532 7196//7196
f 7533//7533 7477//7477 7464//7464
f 7533//7533 7464//7464 7531//7531
f 7278//7278 7533//7533 7531//7531
f 7278//7278 7531//7531 7195//7195
f 7279//7279 7477//7477 7533//7533
f 7279//7279 7533//7533 7278//7278
f 7534//7534 7424//7424 7425//7425
f 7534//7534 7425//7425 7508//7508
f 7534//7534 7508//7508 7507//7507
f 7534//7534 7507//7507 7513//7513
f 7512//7512 7516//7516 7534//7534
f 7512//7512 7534//7534 7513//7513
f 7516//7516 7381//7381 7424//7424
f 7516//7516 7424//7424 7534//7534
f 7472//7472 7383//7383 7497//7497
f 7472//7472 7497//7497 7535//7535
f 7535//7535 7497//7497 7498//7498
f 7535//7535 7498//7498 7502//7502
f 7501//7501 7504//7504 7535//7535
f 7501//7501 7535//7535 7502//7502
f 7425//7425 7472//7472 7535//7535
f 7425//7425 7535//7535 7504//7504
f 7536//7536 7331//7331 7338//7338
f 7536//7536 7338//7338 7529//7529
f 7536//7536 7529//7529 7346//7346
f 7536//7536 7346//7346 7537//7537
f 7420//7420 7536//7536 7537//7537
f 7420//7420 7537//7537 7421//7421
f 7420//7420 7332//7332 7331//7331
f 7420//7420 7331//7331 7536//7536
f 7538//7538 7343//7343 7344//7344
f 7538//7538 7344//7344 7473//7473
f 7538//7538 7473//7473 7421//7421
f 7538//7538 7421//7421 7537//7537
f 7537//7537 7346//7346 7343//7343
f 7537//7537 7343//7343 7538//7538
f 7380//7380 7335//7335 7333//7333
f 7380//7380 7333//7333 7539//7539
f 7539//7539 7333//7333 7332//7332
f 7539//7539 7332//7332 7426//7426
f 7426//7426 7381//7381 7380//7380
f 7426//7426 7380//7380 7539//7539
f 7491//7491 7490//7490 7493//7493
f 7491//7491 7493//7493 7540//7540
f 7540//7540 7493//7493 7383//7383
f 7540//7540 7383//7383 7382//7382
f 7486//7486 7540//7540 7382//7382
f 7486//7486 7382//7382 7340//7340
f 7487//7487 7491//7491 7540//7540
f 7487//7487 7540//7540 7486//7486
f 1196//1196 1256//1256 1258//1258
f 4657//4657 4658//4658 4653//4653
f 4657//4657 4653//4653 4654//4654
f 4820//4820 4819//4819 4825//4825
f 4820//4820 4825//4825 4818//4818
f 1200//1200 1194//1194 1198//1198
f 1200//1200 1198//1198 1201//1201
f 1037//1037 1196//1196 1035//1035
# 15076 faces, 0 coords texture

# End of File
