ply
format ascii 1.0
element vertex 3778
property float x
property float y
property float z
property uchar red
property uchar green
property uchar blue
element face 7288
property list uchar int vertex_indices
end_header
-0.0862069 -0.261958 -0.275862 76 204 255
-0.0862069 -0.258621 -0.272525 76 204 255
-0.0956113 -0.258621 -0.275862 76 204 255
-0.0689655 -0.266963 -0.275862 76 204 255
-0.0689655 -0.258621 -0.267519 76 204 255
-0.0517241 -0.270856 -0.275862 76 204 255
-0.0517241 -0.258621 -0.263626 76 204 255
-0.0344828 -0.273637 -0.275862 76 204 255
-0.0344828 -0.258621 -0.260845 76 204 255
-0.0172414 -0.275306 -0.275862 76 204 255
-0.0172414 -0.258621 -0.259177 76 204 255
-2.69899e-16 -0.275862 -0.275862 76 204 255
0 -0.275862 -0.275862 76 204 255
0 -0.258621 -0.258621 76 204 255
0.0172414 -0.275306 -0.275862 76 204 255
2.71813e-16 -0.275862 -0.275862 76 204 255
0.0172414 -0.258621 -0.259177 76 204 255
0.0344828 -0.273637 -0.275862 76 204 255
0.0344828 -0.258621 -0.260845 76 204 255
0.0517241 -0.270856 -0.275862 76 204 255
0.0517241 -0.258621 -0.263626 76 204 255
0.0689655 -0.266963 -0.275862 76 204 255
0.0689655 -0.258621 -0.267519 76 204 255
0.0862069 -0.261958 -0.275862 76 204 255
0.0862069 -0.258621 -0.272525 76 204 255
0.0956113 -0.258621 -0.275862 76 204 255
-0.12069 -0.247919 -0.275862 76 204 255
-0.12069 -0.241379 -0.269744 76 204 255
-0.133333 -0.241379 -0.275862 76 204 255
-0.103448 -0.255648 -0.275862 76 204 255
-0.103448 -0.241379 -0.262514 76 204 255
-0.0862069 -0.243757 -0.258621 76 204 255
-0.0924765 -0.241379 -0.258621 76 204 255
-0.0689655 -0.249108 -0.258621 76 204 255
-0.0517241 -0.25327 -0.258621 76 204 255
-0.0344828 -0.256243 -0.258621 76 204 255
-0.0172414 -0.258026 -0.258621 76 204 255
0 -0.258621 -0.258621 76 204 255
0.0172414 -0.258026 -0.258621 76 204 255
0.0344828 -0.256243 -0.258621 76 204 255
0.0517241 -0.25327 -0.258621 76 204 255
0.0689655 -0.249108 -0.258621 76 204 255
0.0862069 -0.243757 -0.258621 76 204 255
0.0924765 -0.241379 -0.258621 76 204 255
0.103448 -0.241379 -0.262514 76 204 255
0.103448 -0.255648 -0.275862 76 204 255
0.12069 -0.247919 -0.275862 76 204 255
0.12069 -0.241379 -0.269744 76 204 255
0.133333 -0.241379 -0.275862 76 204 255
-0.155172 -0.227969 -0.275862 76 204 255
-0.155172 -0.224138 -0.272525 76 204 255
-0.160617 -0.224138 -0.275862 76 204 255
-0.137931 -0.238825 -0.275862 76 204 255
-0.137931 -0.224138 -0.26307 76 204 255
-0.12069 -0.228608 -0.258621 76 204 255
-0.128736 -0.224138 -0.258621 76 204 255
-0.103448 -0.236909 -0.258621 76 204 255
0.103448 -0.236909 -0.258621 76 204 255
0.12069 -0.228608 -0.258621 76 204 255
0.128736 -0.224138 -0.258621 76 204 255
0.137931 -0.224138 -0.26307 76 204 255
0.137931 -0.238825 -0.275862 76 204 255
0.155172 -0.227969 -0.275862 76 204 255
0.155172 -0.224138 -0.272525 76 204 255
0.160617 -0.224138 -0.275862 76 204 255
-0.172414 -0.215172 -0.275862 76 204 255
-0.172414 -0.206897 -0.269188 76 204 255
-0.182266 -0.206897 -0.275862 76 204 255
-0.155172 -0.206897 -0.258621 76 204 255
-0.155172 -0.206897 -0.258621 76 204 255
-0.137931 -0.218621 -0.258621 76 204 255
0.137931 -0.218621 -0.258621 76 204 255
0.155172 -0.206897 -0.258621 76 204 255
0.155172 -0.206897 -0.258621 76 204 255
0.172414 -0.206897 -0.269188 76 204 255
0.172414 -0.215172 -0.275862 76 204 255
0.182266 -0.206897 -0.275862 76 204 255
-0.189655 -0.20015 -0.275862 76 204 255
-0.189655 -0.189655 -0.268076 76 204 255
-0.20015 -0.189655 -0.275862 76 204 255
-0.172414 -0.192654 -0.258621 76 204 255
-0.175698 -0.189655 -0.258621 76 204 255
0.172414 -0.192654 -0.258621 76 204 255
0.175698 -0.189655 -0.258621 76 204 255
0.189655 -0.189655 -0.268076 76 204 255
0.189655 -0.20015 -0.275862 76 204 255
0.20015 -0.189655 -0.275862 76 204 255
-0.206897 -0.182266 -0.275862 76 204 255
-0.206897 -0.172414 -0.269188 76 204 255
-0.215172 -0.172414 -0.275862 76 204 255
-0.189655 -0.175698 -0.258621 76 204 255
-0.192654 -0.172414 -0.258621 76 204 255
0.189655 -0.175698 -0.258621 76 204 255
0.192654 -0.172414 -0.258621 76 204 255
0.206897 -0.172414 -0.269188 76 204 255
0.206897 -0.182266 -0.275862 76 204 255
0.215172 -0.172414 -0.275862 76 204 255
-0.224138 -0.160617 -0.275862 76 204 255
-0.224138 -0.155172 -0.272525 76 204 255
-0.227969 -0.155172 -0.275862 76 204 255
-0.206897 -0.155172 -0.258621 76 204 255
-0.206897 -0.155172 -0.258621 76 204 255
0.206897 -0.155172 -0.258621 76 204 255
0.206897 -0.155172 -0.258621 76 204 255
0.224138 -0.155172 -0.272525 76 204 255
0.224138 -0.160617 -0.275862 76 204 255
0.227969 -0.155172 -0.275862 76 204 255
-0.224138 -0.137931 -0.26307 76 204 255
-0.238825 -0.137931 -0.275862 76 204 255
-0.218621 -0.137931 -0.258621 76 204 255
0.224138 -0.137931 -0.26307 76 204 255
0.218621 -0.137931 -0.258621 76 204 255
0.238825 -0.137931 -0.275862 76 204 255
-0.241379 -0.133333 -0.275862 76 204 255
-0.241379 -0.12069 -0.269744 76 204 255
-0.247919 -0.12069 -0.275862 76 204 255
-0.224138 -0.128736 -0.258621 76 204 255
-0.228608 -0.12069 -0.258621 76 204 255
0.224138 -0.128736 -0.258621 76 204 255
0.228608 -0.12069 -0.258621 76 204 255
0.241379 -0.12069 -0.269744 76 204 255
0.241379 -0.133333 -0.275862 76 204 255
0.247919 -0.12069 -0.275862 76 204 255
-0.241379 -0.103448 -0.262514 76 204 255
-0.255648 -0.103448 -0.275862 76 204 255
-0.236909 -0.103448 -0.258621 76 204 255
0.241379 -0.103448 -0.262514 76 204 255
0.236909 -0.103448 -0.258621 76 204 255
0.255648 -0.103448 -0.275862 76 204 255
-0.258621 -0.0956113 -0.275862 76 204 255
-0.258621 -0.0862069 -0.272525 76 204 255
-0.261958 -0.0862069 -0.275862 76 204 255
-0.241379 -0.0924765 -0.258621 76 204 255
-0.243757 -0.0862069 -0.258621 76 204 255
0.241379 -0.0924765 -0.258621 76 204 255
0.243757 -0.0862069 -0.258621 76 204 255
0.258621 -0.0862069 -0.272525 76 204 255
0.258621 -0.0956113 -0.275862 76 204 255
0.261958 -0.0862069 -0.275862 76 204 255
-0.258621 -0.0689655 -0.267519 76 204 255
-0.266963 -0.0689655 -0.275862 76 204 255
-0.249108 -0.0689655 -0.258621 76 204 255
0.258621 -0.0689655 -0.267519 76 204 255
0.249108 -0.0689655 -0.258621 76 204 255
0.266963 -0.0689655 -0.275862 76 204 255
-0.258621 -0.0517241 -0.263626 76 204 255
-0.270856 -0.0517241 -0.275862 76 204 255
-0.25327 -0.0517241 -0.258621 76 204 255
0.258621 -0.0517241 -0.263626 76 204 255
0.25327 -0.0517241 -0.258621 76 204 255
0.270856 -0.0517241 -0.275862 76 204 255
-0.258621 -0.0344828 -0.260845 76 204 255
-0.273637 -0.0344828 -0.275862 76 204 255
-0.256243 -0.0344828 -0.258621 76 204 255
0.258621 -0.0344828 -0.260845 76 204 255
0.256243 -0.0344828 -0.258621 76 204 255
0.273637 -0.0344828 -0.275862 76 204 255
-0.258621 -0.0172414 -0.259177 76 204 255
-0.275306 -0.0172414 -0.275862 76 204 255
-0.258026 -0.0172414 -0.258621 76 204 255
0.258621 -0.0172414 -0.259177 76 204 255
0.258026 -0.0172414 -0.258621 76 204 255
0.275306 -0.0172414 -0.275862 76 204 255
-0.275862 0 -0.275862 76 204 255
-0.275862 -2.69899e-16 -0.275862 76 204 255
-0.258621 0 -0.258621 76 204 255
-0.258621 0 -0.258621 76 204 255
0.258621 0 -0.258621 76 204 255
0.258621 0 -0.258621 76 204 255
0.275862 -2.69899e-16 -0.275862 76 204 255
0.275862 0 -0.275862 76 204 255
-0.275862 2.71813e-16 -0.275862 76 204 255
-0.258621 0.0172414 -0.259177 76 204 255
-0.275306 0.0172414 -0.275862 76 204 255
-0.258026 0.0172414 -0.258621 76 204 255
0.258621 0.0172414 -0.259177 76 204 255
0.258026 0.0172414 -0.258621 76 204 255
0.275306 0.0172414 -0.275862 76 204 255
0.275862 2.71813e-16 -0.275862 76 204 255
-0.258621 0.0344828 -0.260845 76 204 255
-0.273637 0.0344828 -0.275862 76 204 255
-0.256243 0.0344828 -0.258621 76 204 255
0.258621 0.0344828 -0.260845 76 204 255
0.256243 0.0344828 -0.258621 76 204 255
0.273637 0.0344828 -0.275862 76 204 255
-0.258621 0.0517241 -0.263626 76 204 255
-0.270856 0.0517241 -0.275862 76 204 255
-0.25327 0.0517241 -0.258621 76 204 255
0.258621 0.0517241 -0.263626 76 204 255
0.25327 0.0517241 -0.258621 76 204 255
0.270856 0.0517241 -0.275862 76 204 255
-0.258621 0.0689655 -0.267519 76 204 255
-0.266963 0.0689655 -0.275862 76 204 255
-0.249108 0.0689655 -0.258621 76 204 255
0.258621 0.0689655 -0.267519 76 204 255
0.249108 0.0689655 -0.258621 76 204 255
0.266963 0.0689655 -0.275862 76 204 255
-0.258621 0.0862069 -0.272525 76 204 255
-0.261958 0.0862069 -0.275862 76 204 255
-0.243757 0.0862069 -0.258621 76 204 255
0.258621 0.0862069 -0.272525 76 204 255
0.243757 0.0862069 -0.258621 76 204 255
0.261958 0.0862069 -0.275862 76 204 255
-0.258621 0.0956113 -0.275862 76 204 255
-0.241379 0.0924765 -0.258621 76 204 255
-0.241379 0.103448 -0.262514 76 204 255
-0.255648 0.103448 -0.275862 76 204 255
-0.236909 0.103448 -0.258621 76 204 255
0.241379 0.0924765 -0.258621 76 204 255
0.241379 0.103448 -0.262514 76 204 255
0.236909 0.103448 -0.258621 76 204 255
0.255648 0.103448 -0.275862 76 204 255
0.258621 0.0956113 -0.275862 76 204 255
-0.241379 0.12069 -0.269744 76 204 255
-0.247919 0.12069 -0.275862 76 204 255
-0.228608 0.12069 -0.258621 76 204 255
0.241379 0.12069 -0.269744 76 204 255
0.228608 0.12069 -0.258621 76 204 255
0.247919 0.12069 -0.275862 76 204 255
-0.241379 0.133333 -0.275862 76 204 255
-0.224138 0.128736 -0.258621 76 204 255
-0.224138 0.137931 -0.26307 76 204 255
-0.238825 0.137931 -0.275862 76 204 255
-0.218621 0.137931 -0.258621 76 204 255
0.224138 0.128736 -0.258621 76 204 255
0.224138 0.137931 -0.26307 76 204 255
0.218621 0.137931 -0.258621 76 204 255
0.238825 0.137931 -0.275862 76 204 255
0.241379 0.133333 -0.275862 76 204 255
-0.224138 0.155172 -0.272525 76 204 255
-0.227969 0.155172 -0.275862 76 204 255
-0.206897 0.155172 -0.258621 76 204 255
0.224138 0.155172 -0.272525 76 204 255
0.206897 0.155172 -0.258621 76 204 255
0.227969 0.155172 -0.275862 76 204 255
-0.224138 0.160617 -0.275862 76 204 255
-0.206897 0.155172 -0.258621 76 204 255
-0.206897 0.172414 -0.269188 76 204 255
-0.215172 0.172414 -0.275862 76 204 255
-0.192654 0.172414 -0.258621 76 204 255
0.206897 0.155172 -0.258621 76 204 255
0.206897 0.172414 -0.269188 76 204 255
0.192654 0.172414 -0.258621 76 204 255
0.215172 0.172414 -0.275862 76 204 255
0.224138 0.160617 -0.275862 76 204 255
-0.206897 0.182266 -0.275862 76 204 255
-0.189655 0.175698 -0.258621 76 204 255
-0.189655 0.189655 -0.268076 76 204 255
-0.20015 0.189655 -0.275862 76 204 255
-0.175698 0.189655 -0.258621 76 204 255
0.189655 0.175698 -0.258621 76 204 255
0.189655 0.189655 -0.268076 76 204 255
0.175698 0.189655 -0.258621 76 204 255
0.20015 0.189655 -0.275862 76 204 255
0.206897 0.182266 -0.275862 76 204 255
-0.189655 0.20015 -0.275862 76 204 255
-0.172414 0.192654 -0.258621 76 204 255
-0.172414 0.206897 -0.269188 76 204 255
-0.182266 0.206897 -0.275862 76 204 255
-0.155172 0.206897 -0.258621 76 204 255
0.172414 0.192654 -0.258621 76 204 255
0.172414 0.206897 -0.269188 76 204 255
0.155172 0.206897 -0.258621 76 204 255
0.182266 0.206897 -0.275862 76 204 255
0.189655 0.20015 -0.275862 76 204 255
-0.172414 0.215172 -0.275862 76 204 255
-0.155172 0.206897 -0.258621 76 204 255
-0.155172 0.224138 -0.272525 76 204 255
-0.160617 0.224138 -0.275862 76 204 255
-0.137931 0.218621 -0.258621 76 204 255
-0.137931 0.224138 -0.26307 76 204 255
-0.128736 0.224138 -0.258621 76 204 255
0.137931 0.218621 -0.258621 76 204 255
0.137931 0.224138 -0.26307 76 204 255
0.128736 0.224138 -0.258621 76 204 255
0.155172 0.206897 -0.258621 76 204 255
0.155172 0.224138 -0.272525 76 204 255
0.160617 0.224138 -0.275862 76 204 255
0.172414 0.215172 -0.275862 76 204 255
-0.155172 0.227969 -0.275862 76 204 255
-0.137931 0.238825 -0.275862 76 204 255
-0.12069 0.228608 -0.258621 76 204 255
-0.12069 0.241379 -0.269744 76 204 255
-0.133333 0.241379 -0.275862 76 204 255
-0.103448 0.236909 -0.258621 76 204 255
-0.103448 0.241379 -0.262514 76 204 255
-0.0924765 0.241379 -0.258621 76 204 255
0.103448 0.236909 -0.258621 76 204 255
0.103448 0.241379 -0.262514 76 204 255
0.0924765 0.241379 -0.258621 76 204 255
0.12069 0.228608 -0.258621 76 204 255
0.12069 0.241379 -0.269744 76 204 255
0.133333 0.241379 -0.275862 76 204 255
0.137931 0.238825 -0.275862 76 204 255
0.155172 0.227969 -0.275862 76 204 255
-0.12069 0.247919 -0.275862 76 204 255
-0.103448 0.255648 -0.275862 76 204 255
-0.0862069 0.243757 -0.258621 76 204 255
-0.0862069 0.258621 -0.272525 76 204 255
-0.0956113 0.258621 -0.275862 76 204 255
-0.0689655 0.249108 -0.258621 76 204 255
-0.0689655 0.258621 -0.267519 76 204 255
-0.0517241 0.25327 -0.258621 76 204 255
-0.0517241 0.258621 -0.263626 76 204 255
-0.0344828 0.256243 -0.258621 76 204 255
-0.0344828 0.258621 -0.260845 76 204 255
-0.0172414 0.258026 -0.258621 76 204 255
-0.0172414 0.258621 -0.259177 76 204 255
0 0.258621 -0.258621 76 204 255
0 0.258621 -0.258621 76 204 255
0.0172414 0.258026 -0.258621 76 204 255
0.0172414 0.258621 -0.259177 76 204 255
0.0344828 0.256243 -0.258621 76 204 255
0.0344828 0.258621 -0.260845 76 204 255
0.0517241 0.25327 -0.258621 76 204 255
0.0517241 0.258621 -0.263626 76 204 255
0.0689655 0.249108 -0.258621 76 204 255
0.0689655 0.258621 -0.267519 76 204 255
0.0862069 0.243757 -0.258621 76 204 255
0.0862069 0.258621 -0.272525 76 204 255
0.0956113 0.258621 -0.275862 76 204 255
0.103448 0.255648 -0.275862 76 204 255
0.12069 0.247919 -0.275862 76 204 255
-0.0862069 0.261958 -0.275862 76 204 255
-0.0689655 0.266963 -0.275862 76 204 255
-0.0517241 0.270856 -0.275862 76 204 255
-0.0344828 0.273637 -0.275862 76 204 255
-0.0172414 0.275306 -0.275862 76 204 255
0 0.275862 -0.275862 76 204 255
-2.69899e-16 0.275862 -0.275862 76 204 255
2.71813e-16 0.275862 -0.275862 76 204 255
0.0172414 0.275306 -0.275862 76 204 255
0.0344828 0.273637 -0.275862 76 204 255
0.0517241 0.270856 -0.275862 76 204 255
0.0689655 0.266963 -0.275862 76 204 255
0.0862069 0.261958 -0.275862 76 204 255
-0.0862069 -0.241379 -0.256243 76 204 255
-0.0689655 -0.241379 -0.250892 76 204 255
-0.0517241 -0.241379 -0.24673 76 204 255
-0.0344828 -0.241379 -0.243757 76 204 255
-0.0172414 -0.241379 -0.241974 76 204 255
0 -0.241379 -0.241379 76 204 255
0.0172414 -0.241379 -0.241974 76 204 255
0.0344828 -0.241379 -0.243757 76 204 255
0.0517241 -0.241379 -0.24673 76 204 255
0.0689655 -0.241379 -0.250892 76 204 255
0.0862069 -0.241379 -0.256243 76 204 255
-0.12069 -0.224138 -0.254459 76 204 255
-0.103448 -0.224138 -0.24673 76 204 255
-0.0862069 -0.225415 -0.241379 76 204 255
-0.0893417 -0.224138 -0.241379 76 204 255
-0.0689655 -0.231162 -0.241379 76 204 255
-0.0517241 -0.235632 -0.241379 76 204 255
-0.0344828 -0.238825 -0.241379 76 204 255
-0.0172414 -0.240741 -0.241379 76 204 255
0 -0.241379 -0.241379 76 204 255
0.0172414 -0.240741 -0.241379 76 204 255
0.0344828 -0.238825 -0.241379 76 204 255
0.0517241 -0.235632 -0.241379 76 204 255
0.0689655 -0.231162 -0.241379 76 204 255
0.0862069 -0.225415 -0.241379 76 204 255
0.0893417 -0.224138 -0.241379 76 204 255
0.103448 -0.224138 -0.24673 76 204 255
0.12069 -0.224138 -0.254459 76 204 255
-0.155172 -0.206897 -0.258621 76 204 255
-0.137931 -0.206897 -0.248514 76 204 255
-0.12069 -0.208966 -0.241379 76 204 255
-0.124138 -0.206897 -0.241379 76 204 255
-0.103448 -0.217931 -0.241379 76 204 255
0.103448 -0.217931 -0.241379 76 204 255
0.12069 -0.208966 -0.241379 76 204 255
0.124138 -0.206897 -0.241379 76 204 255
0.137931 -0.206897 -0.248514 76 204 255
0.155172 -0.206897 -0.258621 76 204 255
-0.172414 -0.189655 -0.256243 76 204 255
-0.155172 -0.189655 -0.244946 76 204 255
-0.137931 -0.197901 -0.241379 76 204 255
-0.149087 -0.189655 -0.241379 76 204 255
0.137931 -0.197901 -0.241379 76 204 255
0.149087 -0.189655 -0.241379 76 204 255
0.155172 -0.189655 -0.244946 76 204 255
0.172414 -0.189655 -0.256243 76 204 255
-0.189655 -0.172414 -0.256243 76 204 255
-0.172414 -0.172414 -0.243757 76 204 255
-0.155172 -0.184729 -0.241379 76 204 255
-0.168784 -0.172414 -0.241379 76 204 255
0.155172 -0.184729 -0.241379 76 204 255
0.168784 -0.172414 -0.241379 76 204 255
0.172414 -0.172414 -0.243757 76 204 255
0.189655 -0.172414 -0.256243 76 204 255
-0.206897 -0.155172 -0.258621 76 204 255
-0.189655 -0.155172 -0.244946 76 204 255
-0.172414 -0.168784 -0.241379 76 204 255
-0.184729 -0.155172 -0.241379 76 204 255
0.172414 -0.168784 -0.241379 76 204 255
0.184729 -0.155172 -0.241379 76 204 255
0.189655 -0.155172 -0.244946 76 204 255
0.206897 -0.155172 -0.258621 76 204 255
-0.206897 -0.137931 -0.248514 76 204 255
-0.189655 -0.149087 -0.241379 76 204 255
-0.197901 -0.137931 -0.241379 76 204 255
0.189655 -0.149087 -0.241379 76 204 255
0.197901 -0.137931 -0.241379 76 204 255
0.206897 -0.137931 -0.248514 76 204 255
-0.224138 -0.12069 -0.254459 76 204 255
-0.206897 -0.124138 -0.241379 76 204 255
-0.208966 -0.12069 -0.241379 76 204 255
0.206897 -0.124138 -0.241379 76 204 255
0.208966 -0.12069 -0.241379 76 204 255
0.224138 -0.12069 -0.254459 76 204 255
-0.224138 -0.103448 -0.24673 76 204 255
-0.217931 -0.103448 -0.241379 76 204 255
0.224138 -0.103448 -0.24673 76 204 255
0.217931 -0.103448 -0.241379 76 204 255
-0.241379 -0.0862069 -0.256243 76 204 255
-0.224138 -0.0893417 -0.241379 76 204 255
-0.225415 -0.0862069 -0.241379 76 204 255
0.224138 -0.0893417 -0.241379 76 204 255
0.225415 -0.0862069 -0.241379 76 204 255
0.241379 -0.0862069 -0.256243 76 204 255
-0.241379 -0.0689655 -0.250892 76 204 255
-0.231162 -0.0689655 -0.241379 76 204 255
0.241379 -0.0689655 -0.250892 76 204 255
0.231162 -0.0689655 -0.241379 76 204 255
-0.241379 -0.0517241 -0.24673 76 204 255
-0.235632 -0.0517241 -0.241379 76 204 255
0.241379 -0.0517241 -0.24673 76 204 255
0.235632 -0.0517241 -0.241379 76 204 255
-0.241379 -0.0344828 -0.243757 76 204 255
-0.238825 -0.0344828 -0.241379 76 204 255
0.241379 -0.0344828 -0.243757 76 204 255
0.238825 -0.0344828 -0.241379 76 204 255
-0.241379 -0.0172414 -0.241974 76 204 255
-0.240741 -0.0172414 -0.241379 76 204 255
0.241379 -0.0172414 -0.241974 76 204 255
0.240741 -0.0172414 -0.241379 76 204 255
-0.241379 0 -0.241379 76 204 255
-0.241379 0 -0.241379 76 204 255
0.241379 0 -0.241379 76 204 255
0.241379 0 -0.241379 76 204 255
-0.241379 0.0172414 -0.241974 76 204 255
-0.240741 0.0172414 -0.241379 76 204 255
0.241379 0.0172414 -0.241974 76 204 255
0.240741 0.0172414 -0.241379 76 204 255
-0.241379 0.0344828 -0.243757 76 204 255
-0.238825 0.0344828 -0.241379 76 204 255
0.241379 0.0344828 -0.243757 76 204 255
0.238825 0.0344828 -0.241379 76 204 255
-0.241379 0.0517241 -0.24673 76 204 255
-0.235632 0.0517241 -0.241379 76 204 255
0.241379 0.0517241 -0.24673 76 204 255
0.235632 0.0517241 -0.241379 76 204 255
-0.241379 0.0689655 -0.250892 76 204 255
-0.231162 0.0689655 -0.241379 76 204 255
0.241379 0.0689655 -0.250892 76 204 255
0.231162 0.0689655 -0.241379 76 204 255
-0.241379 0.0862069 -0.256243 76 204 255
-0.225415 0.0862069 -0.241379 76 204 255
0.241379 0.0862069 -0.256243 76 204 255
0.225415 0.0862069 -0.241379 76 204 255
-0.224138 0.0893417 -0.241379 76 204 255
-0.224138 0.103448 -0.24673 76 204 255
-0.217931 0.103448 -0.241379 76 204 255
0.224138 0.0893417 -0.241379 76 204 255
0.224138 0.103448 -0.24673 76 204 255
0.217931 0.103448 -0.241379 76 204 255
-0.224138 0.12069 -0.254459 76 204 255
-0.208966 0.12069 -0.241379 76 204 255
0.224138 0.12069 -0.254459 76 204 255
0.208966 0.12069 -0.241379 76 204 255
-0.206897 0.124138 -0.241379 76 204 255
-0.206897 0.137931 -0.248514 76 204 255
-0.197901 0.137931 -0.241379 76 204 255
0.206897 0.124138 -0.241379 76 204 255
0.206897 0.137931 -0.248514 76 204 255
0.197901 0.137931 -0.241379 76 204 255
-0.206897 0.155172 -0.258621 76 204 255
-0.189655 0.149087 -0.241379 76 204 255
-0.189655 0.155172 -0.244946 76 204 255
-0.184729 0.155172 -0.241379 76 204 255
0.189655 0.149087 -0.241379 76 204 255
0.189655 0.155172 -0.244946 76 204 255
0.184729 0.155172 -0.241379 76 204 255
0.206897 0.155172 -0.258621 76 204 255
-0.189655 0.172414 -0.256243 76 204 255
-0.172414 0.168784 -0.241379 76 204 255
-0.172414 0.172414 -0.243757 76 204 255
-0.168784 0.172414 -0.241379 76 204 255
0.172414 0.168784 -0.241379 76 204 255
0.172414 0.172414 -0.243757 76 204 255
0.168784 0.172414 -0.241379 76 204 255
0.189655 0.172414 -0.256243 76 204 255
-0.172414 0.189655 -0.256243 76 204 255
-0.155172 0.184729 -0.241379 76 204 255
-0.155172 0.189655 -0.244946 76 204 255
-0.149087 0.189655 -0.241379 76 204 255
0.155172 0.184729 -0.241379 76 204 255
0.155172 0.189655 -0.244946 76 204 255
0.149087 0.189655 -0.241379 76 204 255
0.172414 0.189655 -0.256243 76 204 255
-0.155172 0.206897 -0.258621 76 204 255
-0.137931 0.197901 -0.241379 76 204 255
-0.137931 0.206897 -0.248514 76 204 255
-0.124138 0.206897 -0.241379 76 204 255
0.137931 0.197901 -0.241379 76 204 255
0.137931 0.206897 -0.248514 76 204 255
0.124138 0.206897 -0.241379 76 204 255
0.155172 0.206897 -0.258621 76 204 255
-0.12069 0.208966 -0.241379 76 204 255
-0.12069 0.224138 -0.254459 76 204 255
-0.103448 0.217931 -0.241379 76 204 255
-0.103448 0.224138 -0.24673 76 204 255
-0.0893417 0.224138 -0.241379 76 204 255
0.103448 0.217931 -0.241379 76 204 255
0.103448 0.224138 -0.24673 76 204 255
0.0893417 0.224138 -0.241379 76 204 255
0.12069 0.208966 -0.241379 76 204 255
0.12069 0.224138 -0.254459 76 204 255
-0.0862069 0.225415 -0.241379 76 204 255
-0.0862069 0.241379 -0.256243 76 204 255
-0.0689655 0.231162 -0.241379 76 204 255
-0.0689655 0.241379 -0.250892 76 204 255
-0.0517241 0.235632 -0.241379 76 204 255
-0.0517241 0.241379 -0.24673 76 204 255
-0.0344828 0.238825 -0.241379 76 204 255
-0.0344828 0.241379 -0.243757 76 204 255
-0.0172414 0.240741 -0.241379 76 204 255
-0.0172414 0.241379 -0.241974 76 204 255
0 0.241379 -0.241379 76 204 255
0 0.241379 -0.241379 76 204 255
0.0172414 0.240741 -0.241379 76 204 255
0.0172414 0.241379 -0.241974 76 204 255
0.0344828 0.238825 -0.241379 76 204 255
0.0344828 0.241379 -0.243757 76 204 255
0.0517241 0.235632 -0.241379 76 204 255
0.0517241 0.241379 -0.24673 76 204 255
0.0689655 0.231162 -0.241379 76 204 255
0.0689655 0.241379 -0.250892 76 204 255
0.0862069 0.225415 -0.241379 76 204 255
0.0862069 0.241379 -0.256243 76 204 255
-0.0862069 -0.224138 -0.240102 76 204 255
-0.0689655 -0.224138 -0.234355 76 204 255
-0.0517241 -0.224138 -0.229885 76 204 255
-0.0344828 -0.224138 -0.226692 76 204 255
-0.0172414 -0.224138 -0.224777 76 204 255
0 -0.224138 -0.224138 76 204 255
0.0172414 -0.224138 -0.224777 76 204 255
0.0344828 -0.224138 -0.226692 76 204 255
0.0517241 -0.224138 -0.229885 76 204 255
0.0689655 -0.224138 -0.234355 76 204 255
0.0862069 -0.224138 -0.240102 76 204 255
-0.12069 -0.206897 -0.239464 76 204 255
-0.103448 -0.206897 -0.231162 76 204 255
-0.0862069 -0.206897 -0.224138 76 204 255
-0.0689655 -0.213103 -0.224138 76 204 255
-0.0862069 -0.206897 -0.224138 76 204 255
-0.0517241 -0.217931 -0.224138 76 204 255
-0.0344828 -0.221379 -0.224138 76 204 255
-0.0172414 -0.223448 -0.224138 76 204 255
0 -0.224138 -0.224138 76 204 255
0.0172414 -0.223448 -0.224138 76 204 255
0.0344828 -0.221379 -0.224138 76 204 255
0.0517241 -0.217931 -0.224138 76 204 255
0.0689655 -0.213103 -0.224138 76 204 255
0.0862069 -0.206897 -0.224138 76 204 255
0.0862069 -0.206897 -0.224138 76 204 255
0.103448 -0.206897 -0.231162 76 204 255
0.12069 -0.206897 -0.239464 76 204 255
-0.137931 -0.189655 -0.234355 76 204 255
-0.12069 -0.189655 -0.224777 76 204 255
-0.103448 -0.198651 -0.224138 76 204 255
-0.119363 -0.189655 -0.224138 76 204 255
-0.0862069 -0.206897 -0.224138 76 204 255
0.0862069 -0.206897 -0.224138 76 204 255
0.103448 -0.198651 -0.224138 76 204 255
0.119363 -0.189655 -0.224138 76 204 255
0.12069 -0.189655 -0.224777 76 204 255
0.137931 -0.189655 -0.234355 76 204 255
-0.155172 -0.172414 -0.231801 76 204 255
-0.137931 -0.176519 -0.224138 76 204 255
-0.143002 -0.172414 -0.224138 76 204 255
-0.12069 -0.188834 -0.224138 76 204 255
0.12069 -0.188834 -0.224138 76 204 255
0.137931 -0.176519 -0.224138 76 204 255
0.143002 -0.172414 -0.224138 76 204 255
0.155172 -0.172414 -0.231801 76 204 255
-0.172414 -0.155172 -0.231801 76 204 255
-0.155172 -0.161525 -0.224138 76 204 255
-0.161525 -0.155172 -0.224138 76 204 255
0.155172 -0.161525 -0.224138 76 204 255
0.161525 -0.155172 -0.224138 76 204 255
0.172414 -0.155172 -0.231801 76 204 255
-0.189655 -0.137931 -0.234355 76 204 255
-0.172414 -0.143002 -0.224138 76 204 255
-0.176519 -0.137931 -0.224138 76 204 255
0.172414 -0.143002 -0.224138 76 204 255
0.176519 -0.137931 -0.224138 76 204 255
0.189655 -0.137931 -0.234355 76 204 255
-0.206897 -0.12069 -0.239464 76 204 255
-0.189655 -0.12069 -0.224777 76 204 255
-0.188834 -0.12069 -0.224138 76 204 255
0.189655 -0.12069 -0.224777 76 204 255
0.188834 -0.12069 -0.224138 76 204 255
0.206897 -0.12069 -0.239464 76 204 255
-0.206897 -0.103448 -0.231162 76 204 255
-0.189655 -0.119363 -0.224138 76 204 255
-0.198651 -0.103448 -0.224138 76 204 255
0.189655 -0.119363 -0.224138 76 204 255
0.198651 -0.103448 -0.224138 76 204 255
0.206897 -0.103448 -0.231162 76 204 255
-0.224138 -0.0862069 -0.240102 76 204 255
-0.206897 -0.0862069 -0.224138 76 204 255
-0.206897 -0.0862069 -0.224138 76 204 255
0.206897 -0.0862069 -0.224138 76 204 255
0.206897 -0.0862069 -0.224138 76 204 255
0.224138 -0.0862069 -0.240102 76 204 255
-0.224138 -0.0689655 -0.234355 76 204 255
-0.213103 -0.0689655 -0.224138 76 204 255
0.224138 -0.0689655 -0.234355 76 204 255
0.213103 -0.0689655 -0.224138 76 204 255
-0.224138 -0.0517241 -0.229885 76 204 255
-0.217931 -0.0517241 -0.224138 76 204 255
0.224138 -0.0517241 -0.229885 76 204 255
0.217931 -0.0517241 -0.224138 76 204 255
-0.224138 -0.0344828 -0.226692 76 204 255
-0.221379 -0.0344828 -0.224138 76 204 255
0.224138 -0.0344828 -0.226692 76 204 255
0.221379 -0.0344828 -0.224138 76 204 255
-0.224138 -0.0172414 -0.224777 76 204 255
-0.223448 -0.0172414 -0.224138 76 204 255
0.224138 -0.0172414 -0.224777 76 204 255
0.223448 -0.0172414 -0.224138 76 204 255
-0.224138 0 -0.224138 76 204 255
-0.224138 0 -0.224138 76 204 255
0.224138 0 -0.224138 76 204 255
0.224138 0 -0.224138 76 204 255
-0.224138 0.0172414 -0.224777 76 204 255
-0.223448 0.0172414 -0.224138 76 204 255
0.224138 0.0172414 -0.224777 76 204 255
0.223448 0.0172414 -0.224138 76 204 255
-0.224138 0.0344828 -0.226692 76 204 255
-0.221379 0.0344828 -0.224138 76 204 255
0.224138 0.0344828 -0.226692 76 204 255
0.221379 0.0344828 -0.224138 76 204 255
-0.224138 0.0517241 -0.229885 76 204 255
-0.217931 0.0517241 -0.224138 76 204 255
0.224138 0.0517241 -0.229885 76 204 255
0.217931 0.0517241 -0.224138 76 204 255
-0.224138 0.0689655 -0.234355 76 204 255
-0.213103 0.0689655 -0.224138 76 204 255
0.224138 0.0689655 -0.234355 76 204 255
0.213103 0.0689655 -0.224138 76 204 255
-0.224138 0.0862069 -0.240102 76 204 255
-0.206897 0.0862069 -0.224138 76 204 255
0.224138 0.0862069 -0.240102 76 204 255
0.206897 0.0862069 -0.224138 76 204 255
-0.206897 0.0862069 -0.224138 76 204 255
-0.206897 0.103448 -0.231162 76 204 255
-0.198651 0.103448 -0.224138 76 204 255
0.206897 0.0862069 -0.224138 76 204 255
0.206897 0.103448 -0.231162 76 204 255
0.198651 0.103448 -0.224138 76 204 255
-0.206897 0.12069 -0.239464 76 204 255
-0.189655 0.119363 -0.224138 76 204 255
-0.189655 0.12069 -0.224777 76 204 255
-0.188834 0.12069 -0.224138 76 204 255
0.189655 0.119363 -0.224138 76 204 255
0.189655 0.12069 -0.224777 76 204 255
0.188834 0.12069 -0.224138 76 204 255
0.206897 0.12069 -0.239464 76 204 255
-0.189655 0.137931 -0.234355 76 204 255
-0.176519 0.137931 -0.224138 76 204 255
0.189655 0.137931 -0.234355 76 204 255
0.176519 0.137931 -0.224138 76 204 255
-0.172414 0.143002 -0.224138 76 204 255
-0.172414 0.155172 -0.231801 76 204 255
-0.161525 0.155172 -0.224138 76 204 255
0.172414 0.143002 -0.224138 76 204 255
0.172414 0.155172 -0.231801 76 204 255
0.161525 0.155172 -0.224138 76 204 255
-0.155172 0.161525 -0.224138 76 204 255
-0.155172 0.172414 -0.231801 76 204 255
-0.143002 0.172414 -0.224138 76 204 255
0.155172 0.161525 -0.224138 76 204 255
0.155172 0.172414 -0.231801 76 204 255
0.143002 0.172414 -0.224138 76 204 255
-0.137931 0.176519 -0.224138 76 204 255
-0.137931 0.189655 -0.234355 76 204 255
-0.12069 0.188834 -0.224138 76 204 255
-0.12069 0.189655 -0.224777 76 204 255
-0.119363 0.189655 -0.224138 76 204 255
0.12069 0.188834 -0.224138 76 204 255
0.12069 0.189655 -0.224777 76 204 255
0.119363 0.189655 -0.224138 76 204 255
0.137931 0.176519 -0.224138 76 204 255
0.137931 0.189655 -0.234355 76 204 255
-0.12069 0.206897 -0.239464 76 204 255
-0.103448 0.198651 -0.224138 76 204 255
-0.103448 0.206897 -0.231162 76 204 255
-0.0862069 0.206897 -0.224138 76 204 255
-0.0862069 0.206897 -0.224138 76 204 255
-0.0862069 0.206897 -0.224138 76 204 255
0.0862069 0.206897 -0.224138 76 204 255
0.0862069 0.206897 -0.224138 76 204 255
0.0862069 0.206897 -0.224138 76 204 255
0.103448 0.198651 -0.224138 76 204 255
0.103448 0.206897 -0.231162 76 204 255
0.12069 0.206897 -0.239464 76 204 255
-0.0862069 0.224138 -0.240102 76 204 255
-0.0689655 0.213103 -0.224138 76 204 255
-0.0689655 0.224138 -0.234355 76 204 255
-0.0517241 0.217931 -0.224138 76 204 255
-0.0517241 0.224138 -0.229885 76 204 255
-0.0344828 0.221379 -0.224138 76 204 255
-0.0344828 0.224138 -0.226692 76 204 255
-0.0172414 0.223448 -0.224138 76 204 255
-0.0172414 0.224138 -0.224777 76 204 255
0 0.224138 -0.224138 76 204 255
0 0.224138 -0.224138 76 204 255
0.0172414 0.223448 -0.224138 76 204 255
0.0172414 0.224138 -0.224777 76 204 255
0.0344828 0.221379 -0.224138 76 204 255
0.0344828 0.224138 -0.226692 76 204 255
0.0517241 0.217931 -0.224138 76 204 255
0.0517241 0.224138 -0.229885 76 204 255
0.0689655 0.213103 -0.224138 76 204 255
0.0689655 0.224138 -0.234355 76 204 255
0.0862069 0.224138 -0.240102 76 204 255
-0.0689655 -0.206897 -0.217931 76 204 255
-0.0517241 -0.206897 -0.213103 76 204 255
-0.0344828 -0.206897 -0.209655 76 204 255
-0.0172414 -0.206897 -0.207586 76 204 255
0 -0.206897 -0.206897 76 204 255
0.0172414 -0.206897 -0.207586 76 204 255
0.0344828 -0.206897 -0.209655 76 204 255
0.0517241 -0.206897 -0.213103 76 204 255
0.0689655 -0.206897 -0.217931 76 204 255
-0.103448 -0.189655 -0.215862 76 204 255
-0.0862069 -0.189655 -0.208276 76 204 255
-0.0689655 -0.194903 -0.206897 76 204 255
-0.0823755 -0.189655 -0.206897 76 204 255
-0.0517241 -0.20015 -0.206897 76 204 255
-0.0344828 -0.203898 -0.206897 76 204 255
-0.0172414 -0.206147 -0.206897 76 204 255
0 -0.206897 -0.206897 76 204 255
0.0172414 -0.206147 -0.206897 76 204 255
0.0344828 -0.203898 -0.206897 76 204 255
0.0517241 -0.20015 -0.206897 76 204 255
0.0689655 -0.194903 -0.206897 76 204 255
0.0823755 -0.189655 -0.206897 76 204 255
0.0862069 -0.189655 -0.208276 76 204 255
0.103448 -0.189655 -0.215862 76 204 255
-0.137931 -0.172414 -0.22069 76 204 255
-0.12069 -0.172414 -0.210345 76 204 255
-0.103448 -0.178982 -0.206897 76 204 255
-0.114058 -0.172414 -0.206897 76 204 255
-0.0862069 -0.188013 -0.206897 76 204 255
0.0862069 -0.188013 -0.206897 76 204 255
0.103448 -0.178982 -0.206897 76 204 255
0.114058 -0.172414 -0.206897 76 204 255
0.12069 -0.172414 -0.210345 76 204 255
0.137931 -0.172414 -0.22069 76 204 255
-0.155172 -0.155172 -0.21931 76 204 255
-0.137931 -0.155172 -0.207586 76 204 255
-0.12069 -0.167877 -0.206897 76 204 255
-0.136782 -0.155172 -0.206897 76 204 255
0.12069 -0.167877 -0.206897 76 204 255
0.136782 -0.155172 -0.206897 76 204 255
0.137931 -0.155172 -0.207586 76 204 255
0.155172 -0.155172 -0.21931 76 204 255
-0.172414 -0.137931 -0.22069 76 204 255
-0.155172 -0.137931 -0.207586 76 204 255
-0.137931 -0.154158 -0.206897 76 204 255
-0.154158 -0.137931 -0.206897 76 204 255
0.137931 -0.154158 -0.206897 76 204 255
0.154158 -0.137931 -0.206897 76 204 255
0.155172 -0.137931 -0.207586 76 204 255
0.172414 -0.137931 -0.22069 76 204 255
-0.172414 -0.12069 -0.210345 76 204 255
-0.155172 -0.136782 -0.206897 76 204 255
-0.167877 -0.12069 -0.206897 76 204 255
0.155172 -0.136782 -0.206897 76 204 255
0.167877 -0.12069 -0.206897 76 204 255
0.172414 -0.12069 -0.210345 76 204 255
-0.189655 -0.103448 -0.215862 76 204 255
-0.172414 -0.114058 -0.206897 76 204 255
-0.178982 -0.103448 -0.206897 76 204 255
0.172414 -0.114058 -0.206897 76 204 255
0.178982 -0.103448 -0.206897 76 204 255
0.189655 -0.103448 -0.215862 76 204 255
-0.206897 -0.0862069 -0.224138 76 204 255
-0.189655 -0.0862069 -0.208276 76 204 255
-0.188013 -0.0862069 -0.206897 76 204 255
0.189655 -0.0862069 -0.208276 76 204 255
0.188013 -0.0862069 -0.206897 76 204 255
0.206897 -0.0862069 -0.224138 76 204 255
-0.206897 -0.0689655 -0.217931 76 204 255
-0.189655 -0.0823755 -0.206897 76 204 255
-0.194903 -0.0689655 -0.206897 76 204 255
0.189655 -0.0823755 -0.206897 76 204 255
0.194903 -0.0689655 -0.206897 76 204 255
0.206897 -0.0689655 -0.217931 76 204 255
-0.206897 -0.0517241 -0.213103 76 204 255
-0.20015 -0.0517241 -0.206897 76 204 255
0.206897 -0.0517241 -0.213103 76 204 255
0.20015 -0.0517241 -0.206897 76 204 255
-0.206897 -0.0344828 -0.209655 76 204 255
-0.203898 -0.0344828 -0.206897 76 204 255
0.206897 -0.0344828 -0.209655 76 204 255
0.203898 -0.0344828 -0.206897 76 204 255
-0.206897 -0.0172414 -0.207586 76 204 255
-0.206147 -0.0172414 -0.206897 76 204 255
0.206897 -0.0172414 -0.207586 76 204 255
0.206147 -0.0172414 -0.206897 76 204 255
-0.206897 0 -0.206897 76 204 255
-0.206897 0 -0.206897 76 204 255
0.206897 0 -0.206897 76 204 255
0.206897 0 -0.206897 76 204 255
-0.206897 0.0172414 -0.207586 76 204 255
-0.206147 0.0172414 -0.206897 76 204 255
0.206897 0.0172414 -0.207586 76 204 255
0.206147 0.0172414 -0.206897 76 204 255
-0.206897 0.0344828 -0.209655 76 204 255
-0.203898 0.0344828 -0.206897 76 204 255
0.206897 0.0344828 -0.209655 76 204 255
0.203898 0.0344828 -0.206897 76 204 255
-0.206897 0.0517241 -0.213103 76 204 255
-0.20015 0.0517241 -0.206897 76 204 255
0.206897 0.0517241 -0.213103 76 204 255
0.20015 0.0517241 -0.206897 76 204 255
-0.206897 0.0689655 -0.217931 76 204 255
-0.194903 0.0689655 -0.206897 76 204 255
0.206897 0.0689655 -0.217931 76 204 255
0.194903 0.0689655 -0.206897 76 204 255
-0.206897 0.0862069 -0.224138 76 204 255
-0.189655 0.0823755 -0.206897 76 204 255
-0.189655 0.0862069 -0.208276 76 204 255
-0.188013 0.0862069 -0.206897 76 204 255
0.189655 0.0823755 -0.206897 76 204 255
0.189655 0.0862069 -0.208276 76 204 255
0.188013 0.0862069 -0.206897 76 204 255
0.206897 0.0862069 -0.224138 76 204 255
-0.189655 0.103448 -0.215862 76 204 255
-0.178982 0.103448 -0.206897 76 204 255
0.189655 0.103448 -0.215862 76 204 255
0.178982 0.103448 -0.206897 76 204 255
-0.172414 0.114058 -0.206897 76 204 255
-0.172414 0.12069 -0.210345 76 204 255
-0.167877 0.12069 -0.206897 76 204 255
0.172414 0.114058 -0.206897 76 204 255
0.172414 0.12069 -0.210345 76 204 255
0.167877 0.12069 -0.206897 76 204 255
-0.172414 0.137931 -0.22069 76 204 255
-0.155172 0.136782 -0.206897 76 204 255
-0.155172 0.137931 -0.207586 76 204 255
-0.154158 0.137931 -0.206897 76 204 255
0.155172 0.136782 -0.206897 76 204 255
0.155172 0.137931 -0.207586 76 204 255
0.154158 0.137931 -0.206897 76 204 255
0.172414 0.137931 -0.22069 76 204 255
-0.155172 0.155172 -0.21931 76 204 255
-0.137931 0.154158 -0.206897 76 204 255
-0.137931 0.155172 -0.207586 76 204 255
-0.136782 0.155172 -0.206897 76 204 255
0.137931 0.154158 -0.206897 76 204 255
0.137931 0.155172 -0.207586 76 204 255
0.136782 0.155172 -0.206897 76 204 255
0.155172 0.155172 -0.21931 76 204 255
-0.137931 0.172414 -0.22069 76 204 255
-0.12069 0.167877 -0.206897 76 204 255
-0.12069 0.172414 -0.210345 76 204 255
-0.114058 0.172414 -0.206897 76 204 255
0.12069 0.167877 -0.206897 76 204 255
0.12069 0.172414 -0.210345 76 204 255
0.114058 0.172414 -0.206897 76 204 255
0.137931 0.172414 -0.22069 76 204 255
-0.103448 0.178982 -0.206897 76 204 255
-0.103448 0.189655 -0.215862 76 204 255
-0.0862069 0.188013 -0.206897 76 204 255
-0.0862069 0.189655 -0.208276 76 204 255
-0.0823755 0.189655 -0.206897 76 204 255
0.0862069 0.188013 -0.206897 76 204 255
0.0862069 0.189655 -0.208276 76 204 255
0.0823755 0.189655 -0.206897 76 204 255
0.103448 0.178982 -0.206897 76 204 255
0.103448 0.189655 -0.215862 76 204 255
-0.0689655 0.194903 -0.206897 76 204 255
-0.0689655 0.206897 -0.217931 76 204 255
-0.0517241 0.20015 -0.206897 76 204 255
-0.0517241 0.206897 -0.213103 76 204 255
-0.0344828 0.203898 -0.206897 76 204 255
-0.0344828 0.206897 -0.209655 76 204 255
-0.0172414 0.206147 -0.206897 76 204 255
-0.0172414 0.206897 -0.207586 76 204 255
0 0.206897 -0.206897 76 204 255
0 0.206897 -0.206897 76 204 255
0.0172414 0.206147 -0.206897 76 204 255
0.0172414 0.206897 -0.207586 76 204 255
0.0344828 0.203898 -0.206897 76 204 255
0.0344828 0.206897 -0.209655 76 204 255
0.0517241 0.20015 -0.206897 76 204 255
0.0517241 0.206897 -0.213103 76 204 255
0.0689655 0.194903 -0.206897 76 204 255
0.0689655 0.206897 -0.217931 76 204 255
-0.0689655 -0.189655 -0.201649 76 204 255
-0.0517241 -0.189655 -0.196402 76 204 255
-0.0344828 -0.189655 -0.192654 76 204 255
-0.0172414 -0.189655 -0.190405 76 204 255
0 -0.189655 -0.189655 76 204 255
-8.90093e-17 -0.189655 -0.189655 76 204 255
8.80522e-17 -0.189655 -0.189655 76 204 255
0.0172414 -0.189655 -0.190405 76 204 255
0.0344828 -0.189655 -0.192654 76 204 255
0.0517241 -0.189655 -0.196402 76 204 255
0.0689655 -0.189655 -0.201649 76 204 255
-0.103448 -0.172414 -0.2009 76 204 255
-0.0862069 -0.172414 -0.192654 76 204 255
-0.0689655 -0.176519 -0.189655 76 204 255
-0.0785441 -0.172414 -0.189655 76 204 255
-0.0517241 -0.182266 -0.189655 76 204 255
-0.0344828 -0.186371 -0.189655 76 204 255
-0.0172414 -0.188834 -0.189655 76 204 255
0.0172414 -0.188834 -0.189655 76 204 255
0.0344828 -0.186371 -0.189655 76 204 255
0.0517241 -0.182266 -0.189655 76 204 255
0.0689655 -0.176519 -0.189655 76 204 255
0.0785441 -0.172414 -0.189655 76 204 255
0.0862069 -0.172414 -0.192654 76 204 255
0.103448 -0.172414 -0.2009 76 204 255
-0.12069 -0.155172 -0.196402 76 204 255
-0.103448 -0.158802 -0.189655 76 204 255
-0.108753 -0.155172 -0.189655 76 204 255
-0.0862069 -0.168784 -0.189655 76 204 255
0.0862069 -0.168784 -0.189655 76 204 255
0.103448 -0.158802 -0.189655 76 204 255
0.108753 -0.155172 -0.189655 76 204 255
0.12069 -0.155172 -0.196402 76 204 255
-0.137931 -0.137931 -0.194903 76 204 255
-0.12069 -0.146045 -0.189655 76 204 255
-0.129885 -0.137931 -0.189655 76 204 255
0.12069 -0.146045 -0.189655 76 204 255
0.129885 -0.137931 -0.189655 76 204 255
0.137931 -0.137931 -0.194903 76 204 255
-0.155172 -0.12069 -0.196402 76 204 255
-0.137931 -0.129885 -0.189655 76 204 255
-0.146045 -0.12069 -0.189655 76 204 255
0.137931 -0.129885 -0.189655 76 204 255
0.146045 -0.12069 -0.189655 76 204 255
0.155172 -0.12069 -0.196402 76 204 255
-0.172414 -0.103448 -0.2009 76 204 255
-0.155172 -0.108753 -0.189655 76 204 255
-0.158802 -0.103448 -0.189655 76 204 255
0.155172 -0.108753 -0.189655 76 204 255
0.158802 -0.103448 -0.189655 76 204 255
0.172414 -0.103448 -0.2009 76 204 255
-0.172414 -0.0862069 -0.192654 76 204 255
-0.168784 -0.0862069 -0.189655 76 204 255
0.172414 -0.0862069 -0.192654 76 204 255
0.168784 -0.0862069 -0.189655 76 204 255
-0.189655 -0.0689655 -0.201649 76 204 255
-0.172414 -0.0785441 -0.189655 76 204 255
-0.176519 -0.0689655 -0.189655 76 204 255
0.172414 -0.0785441 -0.189655 76 204 255
0.176519 -0.0689655 -0.189655 76 204 255
0.189655 -0.0689655 -0.201649 76 204 255
-0.189655 -0.0517241 -0.196402 76 204 255
-0.182266 -0.0517241 -0.189655 76 204 255
0.189655 -0.0517241 -0.196402 76 204 255
0.182266 -0.0517241 -0.189655 76 204 255
-0.189655 -0.0344828 -0.192654 76 204 255
-0.186371 -0.0344828 -0.189655 76 204 255
0.189655 -0.0344828 -0.192654 76 204 255
0.186371 -0.0344828 -0.189655 76 204 255
-0.189655 -0.0172414 -0.190405 76 204 255
-0.188834 -0.0172414 -0.189655 76 204 255
0.189655 -0.0172414 -0.190405 76 204 255
0.188834 -0.0172414 -0.189655 76 204 255
-0.189655 -8.80522e-17 -0.189655 76 204 255
-0.189655 0 -0.189655 76 204 255
0.189655 -8.80522e-17 -0.189655 76 204 255
0.189655 0 -0.189655 76 204 255
-0.189655 0.0172414 -0.190405 76 204 255
-0.189655 8.90093e-17 -0.189655 76 204 255
-0.188834 0.0172414 -0.189655 76 204 255
0.189655 8.90093e-17 -0.189655 76 204 255
0.189655 0.0172414 -0.190405 76 204 255
0.188834 0.0172414 -0.189655 76 204 255
-0.189655 0.0344828 -0.192654 76 204 255
-0.186371 0.0344828 -0.189655 76 204 255
0.189655 0.0344828 -0.192654 76 204 255
0.186371 0.0344828 -0.189655 76 204 255
-0.189655 0.0517241 -0.196402 76 204 255
-0.182266 0.0517241 -0.189655 76 204 255
0.189655 0.0517241 -0.196402 76 204 255
0.182266 0.0517241 -0.189655 76 204 255
-0.189655 0.0689655 -0.201649 76 204 255
-0.176519 0.0689655 -0.189655 76 204 255
0.189655 0.0689655 -0.201649 76 204 255
0.176519 0.0689655 -0.189655 76 204 255
-0.172414 0.0785441 -0.189655 76 204 255
-0.172414 0.0862069 -0.192654 76 204 255
-0.168784 0.0862069 -0.189655 76 204 255
0.172414 0.0785441 -0.189655 76 204 255
0.172414 0.0862069 -0.192654 76 204 255
0.168784 0.0862069 -0.189655 76 204 255
-0.172414 0.103448 -0.2009 76 204 255
-0.158802 0.103448 -0.189655 76 204 255
0.172414 0.103448 -0.2009 76 204 255
0.158802 0.103448 -0.189655 76 204 255
-0.155172 0.108753 -0.189655 76 204 255
-0.155172 0.12069 -0.196402 76 204 255
-0.146045 0.12069 -0.189655 76 204 255
0.155172 0.108753 -0.189655 76 204 255
0.155172 0.12069 -0.196402 76 204 255
0.146045 0.12069 -0.189655 76 204 255
-0.137931 0.129885 -0.189655 76 204 255
-0.137931 0.137931 -0.194903 76 204 255
-0.129885 0.137931 -0.189655 76 204 255
0.137931 0.129885 -0.189655 76 204 255
0.137931 0.137931 -0.194903 76 204 255
0.129885 0.137931 -0.189655 76 204 255
-0.12069 0.146045 -0.189655 76 204 255
-0.12069 0.155172 -0.196402 76 204 255
-0.108753 0.155172 -0.189655 76 204 255
0.12069 0.146045 -0.189655 76 204 255
0.12069 0.155172 -0.196402 76 204 255
0.108753 0.155172 -0.189655 76 204 255
-0.103448 0.158802 -0.189655 76 204 255
-0.103448 0.172414 -0.2009 76 204 255
-0.0862069 0.168784 -0.189655 76 204 255
-0.0862069 0.172414 -0.192654 76 204 255
-0.0785441 0.172414 -0.189655 76 204 255
0.0862069 0.168784 -0.189655 76 204 255
0.0862069 0.172414 -0.192654 76 204 255
0.0785441 0.172414 -0.189655 76 204 255
0.103448 0.158802 -0.189655 76 204 255
0.103448 0.172414 -0.2009 76 204 255
-0.0689655 0.176519 -0.189655 76 204 255
-0.0689655 0.189655 -0.201649 76 204 255
-0.0517241 0.182266 -0.189655 76 204 255
-0.0517241 0.189655 -0.196402 76 204 255
-0.0344828 0.186371 -0.189655 76 204 255
-0.0344828 0.189655 -0.192654 76 204 255
-0.0172414 0.188834 -0.189655 76 204 255
-0.0172414 0.189655 -0.190405 76 204 255
-8.90093e-17 0.189655 -0.189655 76 204 255
0.0172414 0.188834 -0.189655 76 204 255
0.0172414 0.189655 -0.190405 76 204 255
8.80522e-17 0.189655 -0.189655 76 204 255
0.0344828 0.186371 -0.189655 76 204 255
0.0344828 0.189655 -0.192654 76 204 255
0.0517241 0.182266 -0.189655 76 204 255
0.0517241 0.189655 -0.196402 76 204 255
0.0689655 0.176519 -0.189655 76 204 255
0.0689655 0.189655 -0.201649 76 204 255
0 0.189655 -0.189655 76 204 255
0 -0.189655 -0.189655 76 204 255
-0.0689655 -0.172414 -0.18555 76 204 255
-0.0517241 -0.172414 -0.179803 76 204 255
-0.0344828 -0.172414 -0.175698 76 204 255
-0.0172414 -0.172414 -0.173235 76 204 255
0 -0.172414 -0.172414 76 204 255
-3.15839e-17 -0.172414 -0.172414 76 204 255
3.06268e-17 -0.172414 -0.172414 76 204 255
0.0172414 -0.172414 -0.173235 76 204 255
0.0344828 -0.172414 -0.175698 76 204 255
0.0517241 -0.172414 -0.179803 76 204 255
0.0689655 -0.172414 -0.18555 76 204 255
-0.103448 -0.155172 -0.186371 76 204 255
-0.0862069 -0.155172 -0.17734 76 204 255
-0.0689655 -0.157895 -0.172414 76 204 255
-0.0747126 -0.155172 -0.172414 76 204 255
-0.0517241 -0.164247 -0.172414 76 204 255
-0.0344828 -0.168784 -0.172414 76 204 255
-0.0172414 -0.171506 -0.172414 76 204 255
0.0172414 -0.171506 -0.172414 76 204 255
0.0344828 -0.168784 -0.172414 76 204 255
0.0517241 -0.164247 -0.172414 76 204 255
0.0689655 -0.157895 -0.172414 76 204 255
0.0747126 -0.155172 -0.172414 76 204 255
0.0862069 -0.155172 -0.17734 76 204 255
0.103448 -0.155172 -0.186371 76 204 255
-0.12069 -0.137931 -0.183087 76 204 255
-0.103448 -0.137931 -0.172414 76 204 255
-0.103448 -0.137931 -0.172414 76 204 255
-0.0862069 -0.149087 -0.172414 76 204 255
0.0862069 -0.149087 -0.172414 76 204 255
0.103448 -0.137931 -0.172414 76 204 255
0.103448 -0.137931 -0.172414 76 204 255
0.12069 -0.137931 -0.183087 76 204 255
-0.137931 -0.12069 -0.183087 76 204 255
-0.12069 -0.122989 -0.172414 76 204 255
-0.122989 -0.12069 -0.172414 76 204 255
0.12069 -0.122989 -0.172414 76 204 255
0.122989 -0.12069 -0.172414 76 204 255
0.137931 -0.12069 -0.183087 76 204 255
-0.155172 -0.103448 -0.186371 76 204 255
-0.137931 -0.103448 -0.172414 76 204 255
-0.137931 -0.103448 -0.172414 76 204 255
0.137931 -0.103448 -0.172414 76 204 255
0.137931 -0.103448 -0.172414 76 204 255
0.155172 -0.103448 -0.186371 76 204 255
-0.155172 -0.0862069 -0.17734 76 204 255
-0.149087 -0.0862069 -0.172414 76 204 255
0.155172 -0.0862069 -0.17734 76 204 255
0.149087 -0.0862069 -0.172414 76 204 255
-0.172414 -0.0689655 -0.18555 76 204 255
-0.155172 -0.0747126 -0.172414 76 204 255
-0.157895 -0.0689655 -0.172414 76 204 255
0.155172 -0.0747126 -0.172414 76 204 255
0.157895 -0.0689655 -0.172414 76 204 255
0.172414 -0.0689655 -0.18555 76 204 255
-0.172414 -0.0517241 -0.179803 76 204 255
-0.164247 -0.0517241 -0.172414 76 204 255
0.172414 -0.0517241 -0.179803 76 204 255
0.164247 -0.0517241 -0.172414 76 204 255
-0.172414 -0.0344828 -0.175698 76 204 255
-0.168784 -0.0344828 -0.172414 76 204 255
0.172414 -0.0344828 -0.175698 76 204 255
0.168784 -0.0344828 -0.172414 76 204 255
-0.172414 -0.0172414 -0.173235 76 204 255
-0.171506 -0.0172414 -0.172414 76 204 255
0.172414 -0.0172414 -0.173235 76 204 255
0.171506 -0.0172414 -0.172414 76 204 255
-0.189655 0 -0.189655 76 204 255
-0.172414 -3.06268e-17 -0.172414 76 204 255
-0.172414 0 -0.172414 76 204 255
0.172414 -3.06268e-17 -0.172414 76 204 255
0.172414 0 -0.172414 76 204 255
0.189655 0 -0.189655 76 204 255
-0.172414 3.15839e-17 -0.172414 76 204 255
-0.172414 0.0172414 -0.173235 76 204 255
-0.171506 0.0172414 -0.172414 76 204 255
0.172414 3.15839e-17 -0.172414 76 204 255
0.172414 0.0172414 -0.173235 76 204 255
0.171506 0.0172414 -0.172414 76 204 255
-0.172414 0.0344828 -0.175698 76 204 255
-0.168784 0.0344828 -0.172414 76 204 255
0.172414 0.0344828 -0.175698 76 204 255
0.168784 0.0344828 -0.172414 76 204 255
-0.172414 0.0517241 -0.179803 76 204 255
-0.164247 0.0517241 -0.172414 76 204 255
0.172414 0.0517241 -0.179803 76 204 255
0.164247 0.0517241 -0.172414 76 204 255
-0.172414 0.0689655 -0.18555 76 204 255
-0.157895 0.0689655 -0.172414 76 204 255
0.172414 0.0689655 -0.18555 76 204 255
0.157895 0.0689655 -0.172414 76 204 255
-0.155172 0.0747126 -0.172414 76 204 255
-0.155172 0.0862069 -0.17734 76 204 255
-0.149087 0.0862069 -0.172414 76 204 255
0.155172 0.0747126 -0.172414 76 204 255
0.155172 0.0862069 -0.17734 76 204 255
0.149087 0.0862069 -0.172414 76 204 255
-0.155172 0.103448 -0.186371 76 204 255
-0.137931 0.103448 -0.172414 76 204 255
0.155172 0.103448 -0.186371 76 204 255
0.137931 0.103448 -0.172414 76 204 255
-0.137931 0.103448 -0.172414 76 204 255
-0.137931 0.12069 -0.183087 76 204 255
-0.122989 0.12069 -0.172414 76 204 255
0.137931 0.103448 -0.172414 76 204 255
0.137931 0.12069 -0.183087 76 204 255
0.122989 0.12069 -0.172414 76 204 255
-0.12069 0.122989 -0.172414 76 204 255
-0.12069 0.137931 -0.183087 76 204 255
-0.103448 0.137931 -0.172414 76 204 255
0.12069 0.122989 -0.172414 76 204 255
0.12069 0.137931 -0.183087 76 204 255
0.103448 0.137931 -0.172414 76 204 255
-0.103448 0.137931 -0.172414 76 204 255
-0.103448 0.155172 -0.186371 76 204 255
-0.0862069 0.149087 -0.172414 76 204 255
-0.0862069 0.155172 -0.17734 76 204 255
-0.0747126 0.155172 -0.172414 76 204 255
0.0862069 0.149087 -0.172414 76 204 255
0.0862069 0.155172 -0.17734 76 204 255
0.0747126 0.155172 -0.172414 76 204 255
0.103448 0.137931 -0.172414 76 204 255
0.103448 0.155172 -0.186371 76 204 255
-0.0689655 0.157895 -0.172414 76 204 255
-0.0689655 0.172414 -0.18555 76 204 255
-0.0517241 0.164247 -0.172414 76 204 255
-0.0517241 0.172414 -0.179803 76 204 255
-0.0344828 0.168784 -0.172414 76 204 255
-0.0344828 0.172414 -0.175698 76 204 255
-0.0172414 0.171506 -0.172414 76 204 255
-0.0172414 0.172414 -0.173235 76 204 255
-3.15839e-17 0.172414 -0.172414 76 204 255
0.0172414 0.171506 -0.172414 76 204 255
0.0172414 0.172414 -0.173235 76 204 255
3.06268e-17 0.172414 -0.172414 76 204 255
0.0344828 0.168784 -0.172414 76 204 255
0.0344828 0.172414 -0.175698 76 204 255
0.0517241 0.164247 -0.172414 76 204 255
0.0517241 0.172414 -0.179803 76 204 255
0.0689655 0.157895 -0.172414 76 204 255
0.0689655 0.172414 -0.18555 76 204 255
0 0.172414 -0.172414 76 204 255
0 0.189655 -0.189655 76 204 255
0 -0.172414 -0.172414 76 204 255
-0.0689655 -0.155172 -0.169691 76 204 255
-0.0517241 -0.155172 -0.163339 76 204 255
-0.0344828 -0.155172 -0.158802 76 204 255
-0.0172414 -0.155172 -0.15608 76 204 255
0 -0.155172 -0.155172 76 204 255
-2.22523e-17 -0.155172 -0.155172 76 204 255
2.1056e-17 -0.155172 -0.155172 76 204 255
0.0172414 -0.155172 -0.15608 76 204 255
0.0344828 -0.155172 -0.158802 76 204 255
0.0517241 -0.155172 -0.163339 76 204 255
0.0689655 -0.155172 -0.169691 76 204 255
-0.103448 -0.137931 -0.172414 76 204 255
-0.0862069 -0.137931 -0.162432 76 204 255
-0.0689655 -0.138945 -0.155172 76 204 255
-0.0708812 -0.137931 -0.155172 76 204 255
-0.0517241 -0.146045 -0.155172 76 204 255
-0.0344828 -0.151116 -0.155172 76 204 255
-0.0172414 -0.154158 -0.155172 76 204 255
0.0172414 -0.154158 -0.155172 76 204 255
0.0344828 -0.151116 -0.155172 76 204 255
0.0517241 -0.146045 -0.155172 76 204 255
0.0689655 -0.138945 -0.155172 76 204 255
0.0708812 -0.137931 -0.155172 76 204 255
0.0862069 -0.137931 -0.162432 76 204 255
0.103448 -0.137931 -0.172414 76 204 255
-0.12069 -0.12069 -0.170599 76 204 255
-0.103448 -0.12069 -0.158802 76 204 255
-0.0862069 -0.128736 -0.155172 76 204 255
-0.0971787 -0.12069 -0.155172 76 204 255
0.0862069 -0.128736 -0.155172 76 204 255
0.0971787 -0.12069 -0.155172 76 204 255
0.103448 -0.12069 -0.158802 76 204 255
0.12069 -0.12069 -0.170599 76 204 255
-0.137931 -0.103448 -0.172414 76 204 255
-0.12069 -0.103448 -0.158802 76 204 255
-0.103448 -0.115385 -0.155172 76 204 255
-0.115385 -0.103448 -0.155172 76 204 255
0.103448 -0.115385 -0.155172 76 204 255
0.115385 -0.103448 -0.155172 76 204 255
0.12069 -0.103448 -0.158802 76 204 255
0.137931 -0.103448 -0.172414 76 204 255
-0.137931 -0.0862069 -0.162432 76 204 255
-0.12069 -0.0971787 -0.155172 76 204 255
-0.128736 -0.0862069 -0.155172 76 204 255
0.12069 -0.0971787 -0.155172 76 204 255
0.128736 -0.0862069 -0.155172 76 204 255
0.137931 -0.0862069 -0.162432 76 204 255
-0.155172 -0.0689655 -0.169691 76 204 255
-0.137931 -0.0708812 -0.155172 76 204 255
-0.138945 -0.0689655 -0.155172 76 204 255
0.137931 -0.0708812 -0.155172 76 204 255
0.138945 -0.0689655 -0.155172 76 204 255
0.155172 -0.0689655 -0.169691 76 204 255
-0.155172 -0.0517241 -0.163339 76 204 255
-0.146045 -0.0517241 -0.155172 76 204 255
0.155172 -0.0517241 -0.163339 76 204 255
0.146045 -0.0517241 -0.155172 76 204 255
-0.155172 -0.0344828 -0.158802 76 204 255
-0.151116 -0.0344828 -0.155172 76 204 255
0.155172 -0.0344828 -0.158802 76 204 255
0.151116 -0.0344828 -0.155172 76 204 255
-0.155172 -0.0172414 -0.15608 76 204 255
-0.154158 -0.0172414 -0.155172 76 204 255
0.155172 -0.0172414 -0.15608 76 204 255
0.154158 -0.0172414 -0.155172 76 204 255
-0.172414 0 -0.172414 76 204 255
-0.155172 -2.1056e-17 -0.155172 76 204 255
-0.155172 0 -0.155172 76 204 255
0.155172 -2.1056e-17 -0.155172 76 204 255
0.155172 0 -0.155172 76 204 255
0.172414 0 -0.172414 76 204 255
-0.155172 2.22523e-17 -0.155172 76 204 255
-0.155172 0.0172414 -0.15608 76 204 255
-0.154158 0.0172414 -0.155172 76 204 255
0.155172 2.22523e-17 -0.155172 76 204 255
0.155172 0.0172414 -0.15608 76 204 255
0.154158 0.0172414 -0.155172 76 204 255
-0.155172 0.0344828 -0.158802 76 204 255
-0.151116 0.0344828 -0.155172 76 204 255
0.155172 0.0344828 -0.158802 76 204 255
0.151116 0.0344828 -0.155172 76 204 255
-0.155172 0.0517241 -0.163339 76 204 255
-0.146045 0.0517241 -0.155172 76 204 255
0.155172 0.0517241 -0.163339 76 204 255
0.146045 0.0517241 -0.155172 76 204 255
-0.155172 0.0689655 -0.169691 76 204 255
-0.138945 0.0689655 -0.155172 76 204 255
0.155172 0.0689655 -0.169691 76 204 255
0.138945 0.0689655 -0.155172 76 204 255
-0.137931 0.0708812 -0.155172 76 204 255
-0.137931 0.0862069 -0.162432 76 204 255
-0.128736 0.0862069 -0.155172 76 204 255
0.137931 0.0708812 -0.155172 76 204 255
0.137931 0.0862069 -0.162432 76 204 255
0.128736 0.0862069 -0.155172 76 204 255
-0.137931 0.103448 -0.172414 76 204 255
-0.12069 0.0971787 -0.155172 76 204 255
-0.12069 0.103448 -0.158802 76 204 255
-0.115385 0.103448 -0.155172 76 204 255
0.12069 0.0971787 -0.155172 76 204 255
0.12069 0.103448 -0.158802 76 204 255
0.115385 0.103448 -0.155172 76 204 255
0.137931 0.103448 -0.172414 76 204 255
-0.12069 0.12069 -0.170599 76 204 255
-0.103448 0.115385 -0.155172 76 204 255
-0.103448 0.12069 -0.158802 76 204 255
-0.0971787 0.12069 -0.155172 76 204 255
0.103448 0.115385 -0.155172 76 204 255
0.103448 0.12069 -0.158802 76 204 255
0.0971787 0.12069 -0.155172 76 204 255
0.12069 0.12069 -0.170599 76 204 255
-0.103448 0.137931 -0.172414 76 204 255
-0.0862069 0.128736 -0.155172 76 204 255
-0.0862069 0.137931 -0.162432 76 204 255
-0.0708812 0.137931 -0.155172 76 204 255
0.0862069 0.128736 -0.155172 76 204 255
0.0862069 0.137931 -0.162432 76 204 255
0.0708812 0.137931 -0.155172 76 204 255
0.103448 0.137931 -0.172414 76 204 255
-0.0689655 0.138945 -0.155172 76 204 255
-0.0689655 0.155172 -0.169691 76 204 255
-0.0517241 0.146045 -0.155172 76 204 255
-0.0517241 0.155172 -0.163339 76 204 255
-0.0344828 0.151116 -0.155172 76 204 255
-0.0344828 0.155172 -0.158802 76 204 255
-0.0172414 0.154158 -0.155172 76 204 255
-0.0172414 0.155172 -0.15608 76 204 255
-2.22523e-17 0.155172 -0.155172 76 204 255
0.0172414 0.154158 -0.155172 76 204 255
0.0172414 0.155172 -0.15608 76 204 255
2.1056e-17 0.155172 -0.155172 76 204 255
0.0344828 0.151116 -0.155172 76 204 255
0.0344828 0.155172 -0.158802 76 204 255
0.0517241 0.146045 -0.155172 76 204 255
0.0517241 0.155172 -0.163339 76 204 255
0.0689655 0.138945 -0.155172 76 204 255
0.0689655 0.155172 -0.169691 76 204 255
0 0.155172 -0.155172 76 204 255
0 0.172414 -0.172414 76 204 255
0 -0.155172 -0.155172 76 204 255
-0.0689655 -0.137931 -0.154158 76 204 255
-0.0517241 -0.137931 -0.147059 76 204 255
-0.0344828 -0.137931 -0.141988 76 204 255
-0.0172414 -0.137931 -0.138945 76 204 255
0 -0.137931 -0.137931 76 204 255
-6.79533e-17 -0.137931 -0.137931 76 204 255
6.89104e-17 -0.137931 -0.137931 76 204 255
0.0172414 -0.137931 -0.138945 76 204 255
0.0344828 -0.137931 -0.141988 76 204 255
0.0517241 -0.137931 -0.147059 76 204 255
0.0689655 -0.137931 -0.154158 76 204 255
-0.0862069 -0.12069 -0.148073 76 204 255
-0.0689655 -0.12069 -0.138945 76 204 255
-0.0517241 -0.127586 -0.137931 76 204 255
-0.0665025 -0.12069 -0.137931 76 204 255
-0.0344828 -0.133333 -0.137931 76 204 255
-0.0172414 -0.136782 -0.137931 76 204 255
0.0172414 -0.136782 -0.137931 76 204 255
0.0344828 -0.133333 -0.137931 76 204 255
0.0517241 -0.127586 -0.137931 76 204 255
0.0665025 -0.12069 -0.137931 76 204 255
0.0689655 -0.12069 -0.138945 76 204 255
0.0862069 -0.12069 -0.148073 76 204 255
-0.103448 -0.103448 -0.146045 76 204 255
-0.0862069 -0.107427 -0.137931 76 204 255
-0.0909091 -0.103448 -0.137931 76 204 255
-0.0689655 -0.119363 -0.137931 76 204 255
0.0689655 -0.119363 -0.137931 76 204 255
0.0862069 -0.107427 -0.137931 76 204 255
0.0909091 -0.103448 -0.137931 76 204 255
0.103448 -0.103448 -0.146045 76 204 255
-0.12069 -0.0862069 -0.148073 76 204 255
-0.103448 -0.0909091 -0.137931 76 204 255
-0.107427 -0.0862069 -0.137931 76 204 255
0.103448 -0.0909091 -0.137931 76 204 255
0.107427 -0.0862069 -0.137931 76 204 255
0.12069 -0.0862069 -0.148073 76 204 255
-0.137931 -0.0689655 -0.154158 76 204 255
-0.12069 -0.0689655 -0.138945 76 204 255
-0.119363 -0.0689655 -0.137931 76 204 255
0.12069 -0.0689655 -0.138945 76 204 255
0.119363 -0.0689655 -0.137931 76 204 255
0.137931 -0.0689655 -0.154158 76 204 255
-0.137931 -0.0517241 -0.147059 76 204 255
-0.12069 -0.0665025 -0.137931 76 204 255
-0.127586 -0.0517241 -0.137931 76 204 255
0.12069 -0.0665025 -0.137931 76 204 255
0.127586 -0.0517241 -0.137931 76 204 255
0.137931 -0.0517241 -0.147059 76 204 255
-0.137931 -0.0344828 -0.141988 76 204 255
-0.133333 -0.0344828 -0.137931 76 204 255
0.137931 -0.0344828 -0.141988 76 204 255
0.133333 -0.0344828 -0.137931 76 204 255
-0.137931 -0.0172414 -0.138945 76 204 255
-0.136782 -0.0172414 -0.137931 76 204 255
0.137931 -0.0172414 -0.138945 76 204 255
0.136782 -0.0172414 -0.137931 76 204 255
-0.155172 0 -0.155172 76 204 255
-0.137931 -6.89104e-17 -0.137931 76 204 255
-0.137931 0 -0.137931 76 204 255
0.137931 -6.89104e-17 -0.137931 76 204 255
0.137931 0 -0.137931 76 204 255
0.155172 0 -0.155172 76 204 255
-0.137931 6.79533e-17 -0.137931 76 204 255
-0.137931 0.0172414 -0.138945 76 204 255
-0.136782 0.0172414 -0.137931 76 204 255
0.137931 6.79533e-17 -0.137931 76 204 255
0.137931 0.0172414 -0.138945 76 204 255
0.136782 0.0172414 -0.137931 76 204 255
-0.137931 0.0344828 -0.141988 76 204 255
-0.133333 0.0344828 -0.137931 76 204 255
0.137931 0.0344828 -0.141988 76 204 255
0.133333 0.0344828 -0.137931 76 204 255
-0.137931 0.0517241 -0.147059 76 204 255
-0.127586 0.0517241 -0.137931 76 204 255
0.137931 0.0517241 -0.147059 76 204 255
0.127586 0.0517241 -0.137931 76 204 255
-0.137931 0.0689655 -0.154158 76 204 255
-0.12069 0.0665025 -0.137931 76 204 255
-0.12069 0.0689655 -0.138945 76 204 255
-0.119363 0.0689655 -0.137931 76 204 255
0.12069 0.0665025 -0.137931 76 204 255
0.12069 0.0689655 -0.138945 76 204 255
0.119363 0.0689655 -0.137931 76 204 255
0.137931 0.0689655 -0.154158 76 204 255
-0.12069 0.0862069 -0.148073 76 204 255
-0.107427 0.0862069 -0.137931 76 204 255
0.12069 0.0862069 -0.148073 76 204 255
0.107427 0.0862069 -0.137931 76 204 255
-0.103448 0.0909091 -0.137931 76 204 255
-0.103448 0.103448 -0.146045 76 204 255
-0.0909091 0.103448 -0.137931 76 204 255
0.103448 0.0909091 -0.137931 76 204 255
0.103448 0.103448 -0.146045 76 204 255
0.0909091 0.103448 -0.137931 76 204 255
-0.0862069 0.107427 -0.137931 76 204 255
-0.0862069 0.12069 -0.148073 76 204 255
-0.0689655 0.119363 -0.137931 76 204 255
-0.0689655 0.12069 -0.138945 76 204 255
-0.0665025 0.12069 -0.137931 76 204 255
0.0689655 0.119363 -0.137931 76 204 255
0.0689655 0.12069 -0.138945 76 204 255
0.0665025 0.12069 -0.137931 76 204 255
0.0862069 0.107427 -0.137931 76 204 255
0.0862069 0.12069 -0.148073 76 204 255
-0.0689655 0.137931 -0.154158 76 204 255
-0.0517241 0.127586 -0.137931 76 204 255
-0.0517241 0.137931 -0.147059 76 204 255
-0.0344828 0.133333 -0.137931 76 204 255
-0.0344828 0.137931 -0.141988 76 204 255
-0.0172414 0.136782 -0.137931 76 204 255
-0.0172414 0.137931 -0.138945 76 204 255
-6.79533e-17 0.137931 -0.137931 76 204 255
0.0172414 0.136782 -0.137931 76 204 255
0.0172414 0.137931 -0.138945 76 204 255
6.89104e-17 0.137931 -0.137931 76 204 255
0.0344828 0.133333 -0.137931 76 204 255
0.0344828 0.137931 -0.141988 76 204 255
0.0517241 0.127586 -0.137931 76 204 255
0.0517241 0.137931 -0.147059 76 204 255
0.0689655 0.137931 -0.154158 76 204 255
0 0.137931 -0.137931 76 204 255
0 0.155172 -0.155172 76 204 255
0 -0.137931 -0.137931 76 204 255
-0.0517241 -0.12069 -0.131034 76 204 255
-0.0344828 -0.12069 -0.125287 76 204 255
-0.0172414 -0.12069 -0.121839 76 204 255
0 -0.12069 -0.12069 76 204 255
0.0172414 -0.12069 -0.121839 76 204 255
0.0344828 -0.12069 -0.125287 76 204 255
0.0517241 -0.12069 -0.131034 76 204 255
-0.0862069 -0.103448 -0.134483 76 204 255
-0.0689655 -0.103448 -0.124138 76 204 255
-0.0517241 -0.108753 -0.12069 76 204 255
-0.0615764 -0.103448 -0.12069 76 204 255
-0.0344828 -0.115385 -0.12069 76 204 255
-0.0172414 -0.119363 -0.12069 76 204 255
0 -0.12069 -0.12069 76 204 255
0.0172414 -0.119363 -0.12069 76 204 255
0.0344828 -0.115385 -0.12069 76 204 255
0.0517241 -0.108753 -0.12069 76 204 255
0.0615764 -0.103448 -0.12069 76 204 255
0.0689655 -0.103448 -0.124138 76 204 255
0.0862069 -0.103448 -0.134483 76 204 255
-0.103448 -0.0862069 -0.134483 76 204 255
-0.0862069 -0.0862069 -0.121839 76 204 255
-0.0689655 -0.0987461 -0.12069 76 204 255
-0.0842912 -0.0862069 -0.12069 76 204 255
0.0689655 -0.0987461 -0.12069 76 204 255
0.0842912 -0.0862069 -0.12069 76 204 255
0.0862069 -0.0862069 -0.121839 76 204 255
0.103448 -0.0862069 -0.134483 76 204 255
-0.103448 -0.0689655 -0.124138 76 204 255
-0.0862069 -0.0842912 -0.12069 76 204 255
-0.0987461 -0.0689655 -0.12069 76 204 255
0.0862069 -0.0842912 -0.12069 76 204 255
0.0987461 -0.0689655 -0.12069 76 204 255
0.103448 -0.0689655 -0.124138 76 204 255
-0.12069 -0.0517241 -0.131034 76 204 255
-0.103448 -0.0615764 -0.12069 76 204 255
-0.108753 -0.0517241 -0.12069 76 204 255
0.103448 -0.0615764 -0.12069 76 204 255
0.108753 -0.0517241 -0.12069 76 204 255
0.12069 -0.0517241 -0.131034 76 204 255
-0.12069 -0.0344828 -0.125287 76 204 255
-0.115385 -0.0344828 -0.12069 76 204 255
0.12069 -0.0344828 -0.125287 76 204 255
0.115385 -0.0344828 -0.12069 76 204 255
-0.12069 -0.0172414 -0.121839 76 204 255
-0.119363 -0.0172414 -0.12069 76 204 255
0.12069 -0.0172414 -0.121839 76 204 255
0.119363 -0.0172414 -0.12069 76 204 255
-0.137931 0 -0.137931 76 204 255
-0.12069 0 -0.12069 76 204 255
-0.12069 0 -0.12069 76 204 255
0.12069 0 -0.12069 76 204 255
0.12069 0 -0.12069 76 204 255
0.137931 0 -0.137931 76 204 255
-0.12069 0.0172414 -0.121839 76 204 255
-0.119363 0.0172414 -0.12069 76 204 255
0.12069 0.0172414 -0.121839 76 204 255
0.119363 0.0172414 -0.12069 76 204 255
-0.12069 0.0344828 -0.125287 76 204 255
-0.115385 0.0344828 -0.12069 76 204 255
0.12069 0.0344828 -0.125287 76 204 255
0.115385 0.0344828 -0.12069 76 204 255
-0.12069 0.0517241 -0.131034 76 204 255
-0.108753 0.0517241 -0.12069 76 204 255
0.12069 0.0517241 -0.131034 76 204 255
0.108753 0.0517241 -0.12069 76 204 255
-0.103448 0.0615764 -0.12069 76 204 255
-0.103448 0.0689655 -0.124138 76 204 255
-0.0987461 0.0689655 -0.12069 76 204 255
0.103448 0.0615764 -0.12069 76 204 255
0.103448 0.0689655 -0.124138 76 204 255
0.0987461 0.0689655 -0.12069 76 204 255
-0.103448 0.0862069 -0.134483 76 204 255
-0.0862069 0.0842912 -0.12069 76 204 255
-0.0862069 0.0862069 -0.121839 76 204 255
-0.0842912 0.0862069 -0.12069 76 204 255
0.0862069 0.0842912 -0.12069 76 204 255
0.0862069 0.0862069 -0.121839 76 204 255
0.0842912 0.0862069 -0.12069 76 204 255
0.103448 0.0862069 -0.134483 76 204 255
-0.0862069 0.103448 -0.134483 76 204 255
-0.0689655 0.0987461 -0.12069 76 204 255
-0.0689655 0.103448 -0.124138 76 204 255
-0.0615764 0.103448 -0.12069 76 204 255
0.0689655 0.0987461 -0.12069 76 204 255
0.0689655 0.103448 -0.124138 76 204 255
0.0615764 0.103448 -0.12069 76 204 255
0.0862069 0.103448 -0.134483 76 204 255
-0.0517241 0.108753 -0.12069 76 204 255
-0.0517241 0.12069 -0.131034 76 204 255
-0.0344828 0.115385 -0.12069 76 204 255
-0.0344828 0.12069 -0.125287 76 204 255
-0.0172414 0.119363 -0.12069 76 204 255
-0.0172414 0.12069 -0.121839 76 204 255
0 0.12069 -0.12069 76 204 255
0 0.12069 -0.12069 76 204 255
0.0172414 0.119363 -0.12069 76 204 255
0.0172414 0.12069 -0.121839 76 204 255
0.0344828 0.115385 -0.12069 76 204 255
0.0344828 0.12069 -0.125287 76 204 255
0.0517241 0.108753 -0.12069 76 204 255
0.0517241 0.12069 -0.131034 76 204 255
0 0.137931 -0.137931 76 204 255
-0.0517241 -0.103448 -0.115385 76 204 255
-0.0344828 -0.103448 -0.108753 76 204 255
-0.0172414 -0.103448 -0.104775 76 204 255
0 -0.103448 -0.103448 76 204 255
0.0172414 -0.103448 -0.104775 76 204 255
0.0344828 -0.103448 -0.108753 76 204 255
0.0517241 -0.103448 -0.115385 76 204 255
-0.0689655 -0.0862069 -0.11008 76 204 255
-0.0517241 -0.0893417 -0.103448 76 204 255
-0.0566502 -0.0862069 -0.103448 76 204 255
-0.0344828 -0.0971787 -0.103448 76 204 255
-0.0172414 -0.101881 -0.103448 76 204 255
0 -0.103448 -0.103448 76 204 255
0.0172414 -0.101881 -0.103448 76 204 255
0.0344828 -0.0971787 -0.103448 76 204 255
0.0517241 -0.0893417 -0.103448 76 204 255
0.0566502 -0.0862069 -0.103448 76 204 255
0.0689655 -0.0862069 -0.11008 76 204 255
-0.0862069 -0.0689655 -0.11008 76 204 255
-0.0689655 -0.0766283 -0.103448 76 204 255
-0.0766283 -0.0689655 -0.103448 76 204 255
0.0689655 -0.0766283 -0.103448 76 204 255
0.0766283 -0.0689655 -0.103448 76 204 255
0.0862069 -0.0689655 -0.11008 76 204 255
-0.103448 -0.0517241 -0.115385 76 204 255
-0.0862069 -0.0566502 -0.103448 76 204 255
-0.0893417 -0.0517241 -0.103448 76 204 255
0.0862069 -0.0566502 -0.103448 76 204 255
0.0893417 -0.0517241 -0.103448 76 204 255
0.103448 -0.0517241 -0.115385 76 204 255
-0.103448 -0.0344828 -0.108753 76 204 255
-0.0971787 -0.0344828 -0.103448 76 204 255
0.103448 -0.0344828 -0.108753 76 204 255
0.0971787 -0.0344828 -0.103448 76 204 255
-0.103448 -0.0172414 -0.104775 76 204 255
-0.101881 -0.0172414 -0.103448 76 204 255
0.103448 -0.0172414 -0.104775 76 204 255
0.101881 -0.0172414 -0.103448 76 204 255
-0.103448 0 -0.103448 76 204 255
-0.103448 0 -0.103448 76 204 255
0.103448 0 -0.103448 76 204 255
0.103448 0 -0.103448 76 204 255
-0.103448 0.0172414 -0.104775 76 204 255
-0.101881 0.0172414 -0.103448 76 204 255
0.103448 0.0172414 -0.104775 76 204 255
0.101881 0.0172414 -0.103448 76 204 255
-0.103448 0.0344828 -0.108753 76 204 255
-0.0971787 0.0344828 -0.103448 76 204 255
0.103448 0.0344828 -0.108753 76 204 255
0.0971787 0.0344828 -0.103448 76 204 255
-0.103448 0.0517241 -0.115385 76 204 255
-0.0893417 0.0517241 -0.103448 76 204 255
0.103448 0.0517241 -0.115385 76 204 255
0.0893417 0.0517241 -0.103448 76 204 255
-0.0862069 0.0566502 -0.103448 76 204 255
-0.0862069 0.0689655 -0.11008 76 204 255
-0.0766283 0.0689655 -0.103448 76 204 255
0.0862069 0.0566502 -0.103448 76 204 255
0.0862069 0.0689655 -0.11008 76 204 255
0.0766283 0.0689655 -0.103448 76 204 255
-0.0689655 0.0766283 -0.103448 76 204 255
-0.0689655 0.0862069 -0.11008 76 204 255
-0.0566502 0.0862069 -0.103448 76 204 255
0.0689655 0.0766283 -0.103448 76 204 255
0.0689655 0.0862069 -0.11008 76 204 255
0.0566502 0.0862069 -0.103448 76 204 255
-0.0517241 0.0893417 -0.103448 76 204 255
-0.0517241 0.103448 -0.115385 76 204 255
-0.0344828 0.0971787 -0.103448 76 204 255
-0.0344828 0.103448 -0.108753 76 204 255
-0.0172414 0.101881 -0.103448 76 204 255
-0.0172414 0.103448 -0.104775 76 204 255
0 0.103448 -0.103448 76 204 255
0 0.103448 -0.103448 76 204 255
0.0172414 0.101881 -0.103448 76 204 255
0.0172414 0.103448 -0.104775 76 204 255
0.0344828 0.0971787 -0.103448 76 204 255
0.0344828 0.103448 -0.108753 76 204 255
0.0517241 0.0893417 -0.103448 76 204 255
0.0517241 0.103448 -0.115385 76 204 255
-0.0517241 -0.0862069 -0.100313 76 204 255
-0.0344828 -0.0862069 -0.0924765 76 204 255
-0.0172414 -0.0862069 -0.0877743 76 204 255
0 -0.0862069 -0.0862069 76 204 255
-7.89598e-18 -0.0862069 -0.0862069 76 204 255
9.57089e-18 -0.0862069 -0.0862069 76 204 255
0.0172414 -0.0862069 -0.0877743 76 204 255
0.0344828 -0.0862069 -0.0924765 76 204 255
0.0517241 -0.0862069 -0.100313 76 204 255
-0.0689655 -0.0689655 -0.0971787 76 204 255
-0.0517241 -0.0689655 -0.0862069 76 204 255
-0.0517241 -0.0689655 -0.0862069 76 204 255
-0.0344828 -0.0785441 -0.0862069 76 204 255
-0.0172414 -0.0842912 -0.0862069 76 204 255
0.0172414 -0.0842912 -0.0862069 76 204 255
0.0344828 -0.0785441 -0.0862069 76 204 255
0.0517241 -0.0689655 -0.0862069 76 204 255
0.0517241 -0.0689655 -0.0862069 76 204 255
0.0689655 -0.0689655 -0.0971787 76 204 255
-0.0862069 -0.0517241 -0.100313 76 204 255
-0.0689655 -0.0517241 -0.0862069 76 204 255
-0.0689655 -0.0517241 -0.0862069 76 204 255
0.0689655 -0.0517241 -0.0862069 76 204 255
0.0689655 -0.0517241 -0.0862069 76 204 255
0.0862069 -0.0517241 -0.100313 76 204 255
-0.0862069 -0.0344828 -0.0924765 76 204 255
-0.0785441 -0.0344828 -0.0862069 76 204 255
0.0862069 -0.0344828 -0.0924765 76 204 255
0.0785441 -0.0344828 -0.0862069 76 204 255
-0.0862069 -0.0172414 -0.0877743 76 204 255
-0.0842912 -0.0172414 -0.0862069 76 204 255
0.0862069 -0.0172414 -0.0877743 76 204 255
0.0842912 -0.0172414 -0.0862069 76 204 255
-0.0862069 -9.57089e-18 -0.0862069 76 204 255
-0.0862069 0 -0.0862069 76 204 255
0.0862069 -9.57089e-18 -0.0862069 76 204 255
0.0862069 0 -0.0862069 76 204 255
-0.0862069 0.0172414 -0.0877743 76 204 255
-0.0862069 7.89598e-18 -0.0862069 76 204 255
-0.0842912 0.0172414 -0.0862069 76 204 255
0.0862069 7.89598e-18 -0.0862069 76 204 255
0.0862069 0.0172414 -0.0877743 76 204 255
0.0842912 0.0172414 -0.0862069 76 204 255
-0.0862069 0.0344828 -0.0924765 76 204 255
-0.0785441 0.0344828 -0.0862069 76 204 255
0.0862069 0.0344828 -0.0924765 76 204 255
0.0785441 0.0344828 -0.0862069 76 204 255
-0.0862069 0.0517241 -0.100313 76 204 255
-0.0689655 0.0517241 -0.0862069 76 204 255
0.0862069 0.0517241 -0.100313 76 204 255
0.0689655 0.0517241 -0.0862069 76 204 255
-0.0689655 0.0517241 -0.0862069 76 204 255
-0.0689655 0.0689655 -0.0971787 76 204 255
-0.0517241 0.0689655 -0.0862069 76 204 255
0.0689655 0.0517241 -0.0862069 76 204 255
0.0689655 0.0689655 -0.0971787 76 204 255
0.0517241 0.0689655 -0.0862069 76 204 255
-0.0517241 0.0689655 -0.0862069 76 204 255
-0.0517241 0.0862069 -0.100313 76 204 255
-0.0344828 0.0785441 -0.0862069 76 204 255
-0.0344828 0.0862069 -0.0924765 76 204 255
-0.0172414 0.0842912 -0.0862069 76 204 255
-0.0172414 0.0862069 -0.0877743 76 204 255
-7.89598e-18 0.0862069 -0.0862069 76 204 255
0.0172414 0.0842912 -0.0862069 76 204 255
0.0172414 0.0862069 -0.0877743 76 204 255
9.57089e-18 0.0862069 -0.0862069 76 204 255
0.0344828 0.0785441 -0.0862069 76 204 255
0.0344828 0.0862069 -0.0924765 76 204 255
0.0517241 0.0689655 -0.0862069 76 204 255
0.0517241 0.0862069 -0.100313 76 204 255
0 0.0862069 -0.0862069 76 204 255
0 -0.0862069 -0.0862069 76 204 255
-0.0517241 -0.0689655 -0.0862069 76 204 255
-0.0344828 -0.0689655 -0.0766283 76 204 255
-0.0172414 -0.0689655 -0.0708812 76 204 255
0 -0.0689655 -0.0689655 76 204 255
-1.69883e-17 -0.0689655 -0.0689655 76 204 255
1.53134e-17 -0.0689655 -0.0689655 76 204 255
0.0172414 -0.0689655 -0.0708812 76 204 255
0.0344828 -0.0689655 -0.0766283 76 204 255
0.0517241 -0.0689655 -0.0862069 76 204 255
-0.0689655 -0.0517241 -0.0862069 76 204 255
-0.0517241 -0.0517241 -0.0727969 76 204 255
-0.0344828 -0.0591133 -0.0689655 76 204 255
-0.0448276 -0.0517241 -0.0689655 76 204 255
-0.0172414 -0.0665025 -0.0689655 76 204 255
0.0172414 -0.0665025 -0.0689655 76 204 255
0.0344828 -0.0591133 -0.0689655 76 204 255
0.0448276 -0.0517241 -0.0689655 76 204 255
0.0517241 -0.0517241 -0.0727969 76 204 255
0.0689655 -0.0517241 -0.0862069 76 204 255
-0.0689655 -0.0344828 -0.0766283 76 204 255
-0.0517241 -0.0448276 -0.0689655 76 204 255
-0.0591133 -0.0344828 -0.0689655 76 204 255
0.0517241 -0.0448276 -0.0689655 76 204 255
0.0591133 -0.0344828 -0.0689655 76 204 255
0.0689655 -0.0344828 -0.0766283 76 204 255
-0.0689655 -0.0172414 -0.0708812 76 204 255
-0.0665025 -0.0172414 -0.0689655 76 204 255
0.0689655 -0.0172414 -0.0708812 76 204 255
0.0665025 -0.0172414 -0.0689655 76 204 255
-0.0862069 0 -0.0862069 76 204 255
-0.0689655 -1.53134e-17 -0.0689655 76 204 255
-0.0689655 0 -0.0689655 76 204 255
0.0689655 -1.53134e-17 -0.0689655 76 204 255
0.0689655 0 -0.0689655 76 204 255
0.0862069 0 -0.0862069 76 204 255
-0.0689655 1.69883e-17 -0.0689655 76 204 255
-0.0689655 0.0172414 -0.0708812 76 204 255
-0.0665025 0.0172414 -0.0689655 76 204 255
0.0689655 1.69883e-17 -0.0689655 76 204 255
0.0689655 0.0172414 -0.0708812 76 204 255
0.0665025 0.0172414 -0.0689655 76 204 255
-0.0689655 0.0344828 -0.0766283 76 204 255
-0.0591133 0.0344828 -0.0689655 76 204 255
0.0689655 0.0344828 -0.0766283 76 204 255
0.0591133 0.0344828 -0.0689655 76 204 255
-0.0689655 0.0517241 -0.0862069 76 204 255
-0.0517241 0.0448276 -0.0689655 76 204 255
-0.0517241 0.0517241 -0.0727969 76 204 255
-0.0448276 0.0517241 -0.0689655 76 204 255
0.0517241 0.0448276 -0.0689655 76 204 255
0.0517241 0.0517241 -0.0727969 76 204 255
0.0448276 0.0517241 -0.0689655 76 204 255
0.0689655 0.0517241 -0.0862069 76 204 255
-0.0517241 0.0689655 -0.0862069 76 204 255
-0.0344828 0.0591133 -0.0689655 76 204 255
-0.0344828 0.0689655 -0.0766283 76 204 255
-0.0172414 0.0665025 -0.0689655 76 204 255
-0.0172414 0.0689655 -0.0708812 76 204 255
-1.69883e-17 0.0689655 -0.0689655 76 204 255
0.0172414 0.0665025 -0.0689655 76 204 255
0.0172414 0.0689655 -0.0708812 76 204 255
1.53134e-17 0.0689655 -0.0689655 76 204 255
0.0344828 0.0591133 -0.0689655 76 204 255
0.0344828 0.0689655 -0.0766283 76 204 255
0.0517241 0.0689655 -0.0862069 76 204 255
0 0.0689655 -0.0689655 76 204 255
0 0.0862069 -0.0862069 76 204 255
0 -0.0689655 -0.0689655 76 204 255
-0.0344828 -0.0517241 -0.0615764 76 204 255
-0.0172414 -0.0517241 -0.0541872 76 204 255
0 -0.0517241 -0.0517241 76 204 255
0.0172414 -0.0517241 -0.0541872 76 204 255
0.0344828 -0.0517241 -0.0615764 76 204 255
-0.0517241 -0.0344828 -0.0615764 76 204 255
-0.0344828 -0.037931 -0.0517241 76 204 255
-0.037931 -0.0344828 -0.0517241 76 204 255
-0.0172414 -0.0482759 -0.0517241 76 204 255
0 -0.0517241 -0.0517241 76 204 255
0.0172414 -0.0482759 -0.0517241 76 204 255
0.0344828 -0.037931 -0.0517241 76 204 255
0.037931 -0.0344828 -0.0517241 76 204 255
0.0517241 -0.0344828 -0.0615764 76 204 255
-0.0517241 -0.0172414 -0.0541872 76 204 255
-0.0482759 -0.0172414 -0.0517241 76 204 255
0.0517241 -0.0172414 -0.0541872 76 204 255
0.0482759 -0.0172414 -0.0517241 76 204 255
-0.0689655 0 -0.0689655 76 204 255
-0.0517241 0 -0.0517241 76 204 255
-0.0517241 0 -0.0517241 76 204 255
0.0517241 0 -0.0517241 76 204 255
0.0517241 0 -0.0517241 76 204 255
0.0689655 0 -0.0689655 76 204 255
-0.0517241 0.0172414 -0.0541872 76 204 255
-0.0482759 0.0172414 -0.0517241 76 204 255
0.0517241 0.0172414 -0.0541872 76 204 255
0.0482759 0.0172414 -0.0517241 76 204 255
-0.0517241 0.0344828 -0.0615764 76 204 255
-0.037931 0.0344828 -0.0517241 76 204 255
0.0517241 0.0344828 -0.0615764 76 204 255
0.037931 0.0344828 -0.0517241 76 204 255
-0.0344828 0.037931 -0.0517241 76 204 255
-0.0344828 0.0517241 -0.0615764 76 204 255
-0.0172414 0.0482759 -0.0517241 76 204 255
-0.0172414 0.0517241 -0.0541872 76 204 255
0 0.0517241 -0.0517241 76 204 255
0 0.0517241 -0.0517241 76 204 255
0.0172414 0.0482759 -0.0517241 76 204 255
0.0172414 0.0517241 -0.0541872 76 204 255
0.0344828 0.037931 -0.0517241 76 204 255
0.0344828 0.0517241 -0.0615764 76 204 255
0 0.0689655 -0.0689655 76 204 255
-0.0344828 -0.0344828 -0.0482759 76 204 255
-0.0172414 -0.0344828 -0.037931 76 204 255
0 -0.0344828 -0.0344828 76 204 255
-4.24708e-18 -0.0344828 -0.0344828 76 204 255
3.82836e-18 -0.0344828 -0.0344828 76 204 255
0.0172414 -0.0344828 -0.037931 76 204 255
0.0344828 -0.0344828 -0.0482759 76 204 255
-0.0344828 -0.0172414 -0.037931 76 204 255
-0.0172414 -0.0287356 -0.0344828 76 204 255
-0.0287356 -0.0172414 -0.0344828 76 204 255
0.0172414 -0.0287356 -0.0344828 76 204 255
0.0287356 -0.0172414 -0.0344828 76 204 255
0.0344828 -0.0172414 -0.037931 76 204 255
-0.0344828 -3.82836e-18 -0.0344828 76 204 255
-0.0344828 0 -0.0344828 76 204 255
0.0344828 -3.82836e-18 -0.0344828 76 204 255
0.0344828 0 -0.0344828 76 204 255
-0.0344828 0.0172414 -0.037931 76 204 255
-0.0344828 4.24708e-18 -0.0344828 76 204 255
-0.0287356 0.0172414 -0.0344828 76 204 255
0.0344828 4.24708e-18 -0.0344828 76 204 255
0.0344828 0.0172414 -0.037931 76 204 255
0.0287356 0.0172414 -0.0344828 76 204 255
-0.0344828 0.0344828 -0.0482759 76 204 255
-0.0172414 0.0287356 -0.0344828 76 204 255
-0.0172414 0.0344828 -0.037931 76 204 255
-4.24708e-18 0.0344828 -0.0344828 76 204 255
0.0172414 0.0287356 -0.0344828 76 204 255
0.0172414 0.0344828 -0.037931 76 204 255
3.82836e-18 0.0344828 -0.0344828 76 204 255
0.0344828 0.0344828 -0.0482759 76 204 255
0 0.0344828 -0.0344828 76 204 255
0 -0.0344828 -0.0344828 76 204 255
-0.0172414 -0.0172414 -0.0229885 76 204 255
0 -0.0172414 -0.0172414 76 204 255
-1.06177e-18 -0.0172414 -0.0172414 76 204 255
0 -0.0172414 -0.0172414 76 204 255
0.0172414 -0.0172414 -0.0229885 76 204 255
-0.0344828 0 -0.0344828 76 204 255
-0.0172414 0 -0.0172414 76 204 255
-0.0172414 0 -0.0172414 76 204 255
0.0172414 0 -0.0172414 76 204 255
0.0172414 0 -0.0172414 76 204 255
0.0344828 0 -0.0344828 76 204 255
-0.0172414 1.06177e-18 -0.0172414 76 204 255
-0.0172414 0.0172414 -0.0229885 76 204 255
-1.06177e-18 0.0172414 -0.0172414 76 204 255
0.0172414 1.06177e-18 -0.0172414 76 204 255
0.0172414 0.0172414 -0.0229885 76 204 255
0 0.0172414 -0.0172414 76 204 255
0 0.0172414 -0.0172414 76 204 255
0 0.0344828 -0.0344828 76 204 255
0 -0.0172414 -0.0172414 76 204 255
-0.0172414 0 -0.0172414 76 204 255
0 0 0 76 204 255
0.0172414 0 -0.0172414 76 204 255
0 0.0172414 -0.0172414 76 204 255
0 -0.0172414 0.0172414 76 204 255
-1.06177e-18 -0.0172414 0.0172414 76 204 255
0 -0.0172414 0.0172414 76 204 255
0 -0.0172414 0.0172414 76 204 255
-0.0172414 0 0.0172414 76 204 255
-0.0172414 0 0.0172414 76 204 255
-0.0172414 0 0.0172414 76 204 255
0 0 0 76 204 255
0.0172414 0 0.0172414 76 204 255
0.0172414 0 0.0172414 76 204 255
0.0172414 0 0.0172414 76 204 255
-0.0172414 1.06177e-18 0.0172414 76 204 255
-1.06177e-18 0.0172414 0.0172414 76 204 255
0 0.0172414 0.0172414 76 204 255
0.0172414 1.06177e-18 0.0172414 76 204 255
0 0.0172414 0.0172414 76 204 255
0 0.0172414 0.0172414 76 204 255
0 -0.0344828 0.0344828 76 204 255
-4.24708e-18 -0.0344828 0.0344828 76 204 255
0 -0.0344828 0.0344828 76 204 255
3.82836e-18 -0.0344828 0.0344828 76 204 255
-0.0172414 -0.0287356 0.0344828 76 204 255
-0.0287356 -0.0172414 0.0344828 76 204 255
-0.0172414 -0.0172414 0.0229885 76 204 255
0.0172414 -0.0172414 0.0229885 76 204 255
0.0172414 -0.0287356 0.0344828 76 204 255
0.0287356 -0.0172414 0.0344828 76 204 255
-0.0344828 -3.82836e-18 0.0344828 76 204 255
-0.0344828 0 0.0344828 76 204 255
-0.0344828 0 0.0344828 76 204 255
0.0344828 0 0.0344828 76 204 255
0.0344828 -3.82836e-18 0.0344828 76 204 255
0.0344828 0 0.0344828 76 204 255
-0.0344828 4.24708e-18 0.0344828 76 204 255
-0.0287356 0.0172414 0.0344828 76 204 255
-0.0172414 0.0172414 0.0229885 76 204 255
0.0172414 0.0172414 0.0229885 76 204 255
0.0344828 4.24708e-18 0.0344828 76 204 255
0.0287356 0.0172414 0.0344828 76 204 255
-0.0172414 0.0287356 0.0344828 76 204 255
-4.24708e-18 0.0344828 0.0344828 76 204 255
0 0.0344828 0.0344828 76 204 255
0.0172414 0.0287356 0.0344828 76 204 255
3.82836e-18 0.0344828 0.0344828 76 204 255
0 0.0344828 0.0344828 76 204 255
-0.0344828 -0.037931 0.0517241 76 204 255
-0.037931 -0.0344828 0.0517241 76 204 255
-0.0344828 -0.0344828 0.0482759 76 204 255
-0.0172414 -0.0344828 0.037931 76 204 255
-0.0172414 -0.0482759 0.0517241 76 204 255
0 -0.0517241 0.0517241 76 204 255
0.0172414 -0.0344828 0.037931 76 204 255
0.0172414 -0.0482759 0.0517241 76 204 255
0.0344828 -0.0344828 0.0482759 76 204 255
0.0344828 -0.037931 0.0517241 76 204 255
0.037931 -0.0344828 0.0517241 76 204 255
-0.0482759 -0.0172414 0.0517241 76 204 255
-0.0344828 -0.0172414 0.037931 76 204 255
0.0344828 -0.0172414 0.037931 76 204 255
0.0482759 -0.0172414 0.0517241 76 204 255
-0.0517241 0 0.0517241 76 204 255
0.0517241 0 0.0517241 76 204 255
-0.0482759 0.0172414 0.0517241 76 204 255
-0.0344828 0.0172414 0.037931 76 204 255
0.0344828 0.0172414 0.037931 76 204 255
0.0482759 0.0172414 0.0517241 76 204 255
-0.037931 0.0344828 0.0517241 76 204 255
-0.0344828 0.0344828 0.0482759 76 204 255
-0.0172414 0.0344828 0.037931 76 204 255
0.0172414 0.0344828 0.037931 76 204 255
0.0344828 0.0344828 0.0482759 76 204 255
0.037931 0.0344828 0.0517241 76 204 255
-0.0344828 0.037931 0.0517241 76 204 255
-0.0172414 0.0482759 0.0517241 76 204 255
0 0.0517241 0.0517241 76 204 255
0.0172414 0.0482759 0.0517241 76 204 255
0.0344828 0.037931 0.0517241 76 204 255
0 -0.0689655 0.0689655 76 204 255
-1.69883e-17 -0.0689655 0.0689655 76 204 255
0 -0.0689655 0.0689655 76 204 255
1.53134e-17 -0.0689655 0.0689655 76 204 255
-0.0344828 -0.0591133 0.0689655 76 204 255
-0.0448276 -0.0517241 0.0689655 76 204 255
-0.0344828 -0.0517241 0.0615764 76 204 255
-0.0172414 -0.0517241 0.0541872 76 204 255
-0.0172414 -0.0665025 0.0689655 76 204 255
0 -0.0517241 0.0517241 76 204 255
0.0172414 -0.0517241 0.0541872 76 204 255
0.0172414 -0.0665025 0.0689655 76 204 255
0.0344828 -0.0517241 0.0615764 76 204 255
0.0344828 -0.0591133 0.0689655 76 204 255
0.0448276 -0.0517241 0.0689655 76 204 255
-0.0517241 -0.0448276 0.0689655 76 204 255
-0.0591133 -0.0344828 0.0689655 76 204 255
-0.0517241 -0.0344828 0.0615764 76 204 255
0.0517241 -0.0344828 0.0615764 76 204 255
0.0517241 -0.0448276 0.0689655 76 204 255
0.0591133 -0.0344828 0.0689655 76 204 255
-0.0665025 -0.0172414 0.0689655 76 204 255
-0.0517241 -0.0172414 0.0541872 76 204 255
0.0517241 -0.0172414 0.0541872 76 204 255
0.0665025 -0.0172414 0.0689655 76 204 255
-0.0689655 -1.53134e-17 0.0689655 76 204 255
-0.0689655 0 0.0689655 76 204 255
-0.0689655 0 0.0689655 76 204 255
-0.0517241 0 0.0517241 76 204 255
0.0517241 0 0.0517241 76 204 255
0.0689655 0 0.0689655 76 204 255
0.0689655 -1.53134e-17 0.0689655 76 204 255
0.0689655 0 0.0689655 76 204 255
-0.0689655 1.69883e-17 0.0689655 76 204 255
-0.0665025 0.0172414 0.0689655 76 204 255
-0.0517241 0.0172414 0.0541872 76 204 255
0.0517241 0.0172414 0.0541872 76 204 255
0.0689655 1.69883e-17 0.0689655 76 204 255
0.0665025 0.0172414 0.0689655 76 204 255
-0.0591133 0.0344828 0.0689655 76 204 255
-0.0517241 0.0344828 0.0615764 76 204 255
0.0517241 0.0344828 0.0615764 76 204 255
0.0591133 0.0344828 0.0689655 76 204 255
-0.0517241 0.0448276 0.0689655 76 204 255
-0.0448276 0.0517241 0.0689655 76 204 255
-0.0344828 0.0517241 0.0615764 76 204 255
-0.0172414 0.0517241 0.0541872 76 204 255
0 0.0517241 0.0517241 76 204 255
0.0172414 0.0517241 0.0541872 76 204 255
0.0344828 0.0517241 0.0615764 76 204 255
0.0517241 0.0448276 0.0689655 76 204 255
0.0448276 0.0517241 0.0689655 76 204 255
-0.0344828 0.0591133 0.0689655 76 204 255
-0.0172414 0.0665025 0.0689655 76 204 255
-1.69883e-17 0.0689655 0.0689655 76 204 255
0 0.0689655 0.0689655 76 204 255
0.0172414 0.0665025 0.0689655 76 204 255
1.53134e-17 0.0689655 0.0689655 76 204 255
0.0344828 0.0591133 0.0689655 76 204 255
0 0.0689655 0.0689655 76 204 255
0 -0.0862069 0.0862069 76 204 255
-7.89598e-18 -0.0862069 0.0862069 76 204 255
0 -0.0862069 0.0862069 76 204 255
9.57089e-18 -0.0862069 0.0862069 76 204 255
-0.0517241 -0.0689655 0.0862069 76 204 255
-0.0517241 -0.0689655 0.0862069 76 204 255
-0.0517241 -0.0689655 0.0862069 76 204 255
-0.0344828 -0.0689655 0.0766283 76 204 255
-0.0344828 -0.0785441 0.0862069 76 204 255
-0.0172414 -0.0689655 0.0708812 76 204 255
-0.0172414 -0.0842912 0.0862069 76 204 255
0.0172414 -0.0689655 0.0708812 76 204 255
0.0172414 -0.0842912 0.0862069 76 204 255
0.0344828 -0.0689655 0.0766283 76 204 255
0.0344828 -0.0785441 0.0862069 76 204 255
0.0517241 -0.0689655 0.0862069 76 204 255
0.0517241 -0.0689655 0.0862069 76 204 255
0.0517241 -0.0689655 0.0862069 76 204 255
-0.0689655 -0.0517241 0.0862069 76 204 255
-0.0689655 -0.0517241 0.0862069 76 204 255
-0.0689655 -0.0517241 0.0862069 76 204 255
-0.0517241 -0.0517241 0.0727969 76 204 255
0.0517241 -0.0517241 0.0727969 76 204 255
0.0689655 -0.0517241 0.0862069 76 204 255
0.0689655 -0.0517241 0.0862069 76 204 255
0.0689655 -0.0517241 0.0862069 76 204 255
-0.0785441 -0.0344828 0.0862069 76 204 255
-0.0689655 -0.0344828 0.0766283 76 204 255
0.0689655 -0.0344828 0.0766283 76 204 255
0.0785441 -0.0344828 0.0862069 76 204 255
-0.0842912 -0.0172414 0.0862069 76 204 255
-0.0689655 -0.0172414 0.0708812 76 204 255
0.0689655 -0.0172414 0.0708812 76 204 255
0.0842912 -0.0172414 0.0862069 76 204 255
-0.0862069 -9.57089e-18 0.0862069 76 204 255
-0.0862069 0 0.0862069 76 204 255
-0.0862069 0 0.0862069 76 204 255
0.0862069 0 0.0862069 76 204 255
0.0862069 -9.57089e-18 0.0862069 76 204 255
0.0862069 0 0.0862069 76 204 255
-0.0862069 7.89598e-18 0.0862069 76 204 255
-0.0842912 0.0172414 0.0862069 76 204 255
-0.0689655 0.0172414 0.0708812 76 204 255
0.0689655 0.0172414 0.0708812 76 204 255
0.0862069 7.89598e-18 0.0862069 76 204 255
0.0842912 0.0172414 0.0862069 76 204 255
-0.0785441 0.0344828 0.0862069 76 204 255
-0.0689655 0.0344828 0.0766283 76 204 255
0.0689655 0.0344828 0.0766283 76 204 255
0.0785441 0.0344828 0.0862069 76 204 255
-0.0689655 0.0517241 0.0862069 76 204 255
-0.0689655 0.0517241 0.0862069 76 204 255
-0.0517241 0.0517241 0.0727969 76 204 255
0.0517241 0.0517241 0.0727969 76 204 255
0.0689655 0.0517241 0.0862069 76 204 255
0.0689655 0.0517241 0.0862069 76 204 255
-0.0689655 0.0517241 0.0862069 76 204 255
-0.0517241 0.0689655 0.0862069 76 204 255
-0.0517241 0.0689655 0.0862069 76 204 255
-0.0344828 0.0689655 0.0766283 76 204 255
-0.0172414 0.0689655 0.0708812 76 204 255
0.0172414 0.0689655 0.0708812 76 204 255
0.0344828 0.0689655 0.0766283 76 204 255
0.0517241 0.0689655 0.0862069 76 204 255
0.0689655 0.0517241 0.0862069 76 204 255
0.0517241 0.0689655 0.0862069 76 204 255
-0.0517241 0.0689655 0.0862069 76 204 255
-0.0344828 0.0785441 0.0862069 76 204 255
-0.0172414 0.0842912 0.0862069 76 204 255
-7.89598e-18 0.0862069 0.0862069 76 204 255
0 0.0862069 0.0862069 76 204 255
0.0172414 0.0842912 0.0862069 76 204 255
9.57089e-18 0.0862069 0.0862069 76 204 255
0.0344828 0.0785441 0.0862069 76 204 255
0.0517241 0.0689655 0.0862069 76 204 255
0 0.0862069 0.0862069 76 204 255
-0.0517241 -0.0893417 0.103448 76 204 255
-0.0566502 -0.0862069 0.103448 76 204 255
-0.0517241 -0.0862069 0.100313 76 204 255
-0.0344828 -0.0862069 0.0924765 76 204 255
-0.0344828 -0.0971787 0.103448 76 204 255
-0.0172414 -0.0862069 0.0877743 76 204 255
-0.0172414 -0.101881 0.103448 76 204 255
0 -0.103448 0.103448 76 204 255
0.0172414 -0.0862069 0.0877743 76 204 255
0.0172414 -0.101881 0.103448 76 204 255
0.0344828 -0.0862069 0.0924765 76 204 255
0.0344828 -0.0971787 0.103448 76 204 255
0.0517241 -0.0862069 0.100313 76 204 255
0.0517241 -0.0893417 0.103448 76 204 255
0.0566502 -0.0862069 0.103448 76 204 255
-0.0689655 -0.0766283 0.103448 76 204 255
-0.0766283 -0.0689655 0.103448 76 204 255
-0.0689655 -0.0689655 0.0971787 76 204 255
0.0689655 -0.0689655 0.0971787 76 204 255
0.0689655 -0.0766283 0.103448 76 204 255
0.0766283 -0.0689655 0.103448 76 204 255
-0.0862069 -0.0566502 0.103448 76 204 255
-0.0893417 -0.0517241 0.103448 76 204 255
-0.0862069 -0.0517241 0.100313 76 204 255
0.0862069 -0.0517241 0.100313 76 204 255
0.0862069 -0.0566502 0.103448 76 204 255
0.0893417 -0.0517241 0.103448 76 204 255
-0.0971787 -0.0344828 0.103448 76 204 255
-0.0862069 -0.0344828 0.0924765 76 204 255
0.0862069 -0.0344828 0.0924765 76 204 255
0.0971787 -0.0344828 0.103448 76 204 255
-0.101881 -0.0172414 0.103448 76 204 255
-0.0862069 -0.0172414 0.0877743 76 204 255
0.0862069 -0.0172414 0.0877743 76 204 255
0.101881 -0.0172414 0.103448 76 204 255
-0.103448 0 0.103448 76 204 255
0.103448 0 0.103448 76 204 255
-0.101881 0.0172414 0.103448 76 204 255
-0.0862069 0.0172414 0.0877743 76 204 255
0.0862069 0.0172414 0.0877743 76 204 255
0.101881 0.0172414 0.103448 76 204 255
-0.0971787 0.0344828 0.103448 76 204 255
-0.0862069 0.0344828 0.0924765 76 204 255
0.0862069 0.0344828 0.0924765 76 204 255
0.0971787 0.0344828 0.103448 76 204 255
-0.0893417 0.0517241 0.103448 76 204 255
-0.0862069 0.0517241 0.100313 76 204 255
0.0862069 0.0517241 0.100313 76 204 255
0.0893417 0.0517241 0.103448 76 204 255
-0.0862069 0.0566502 0.103448 76 204 255
-0.0766283 0.0689655 0.103448 76 204 255
-0.0689655 0.0689655 0.0971787 76 204 255
0.0689655 0.0689655 0.0971787 76 204 255
0.0862069 0.0566502 0.103448 76 204 255
0.0766283 0.0689655 0.103448 76 204 255
-0.0689655 0.0766283 0.103448 76 204 255
-0.0566502 0.0862069 0.103448 76 204 255
-0.0517241 0.0862069 0.100313 76 204 255
-0.0344828 0.0862069 0.0924765 76 204 255
-0.0172414 0.0862069 0.0877743 76 204 255
0.0172414 0.0862069 0.0877743 76 204 255
0.0344828 0.0862069 0.0924765 76 204 255
0.0517241 0.0862069 0.100313 76 204 255
0.0689655 0.0766283 0.103448 76 204 255
0.0566502 0.0862069 0.103448 76 204 255
-0.0517241 0.0893417 0.103448 76 204 255
-0.0344828 0.0971787 0.103448 76 204 255
-0.0172414 0.101881 0.103448 76 204 255
0 0.103448 0.103448 76 204 255
0.0172414 0.101881 0.103448 76 204 255
0.0344828 0.0971787 0.103448 76 204 255
0.0517241 0.0893417 0.103448 76 204 255
-0.0517241 -0.108753 0.12069 76 204 255
-0.0615764 -0.103448 0.12069 76 204 255
-0.0517241 -0.103448 0.115385 76 204 255
-0.0344828 -0.103448 0.108753 76 204 255
-0.0344828 -0.115385 0.12069 76 204 255
-0.0172414 -0.103448 0.104775 76 204 255
-0.0172414 -0.119363 0.12069 76 204 255
0 -0.103448 0.103448 76 204 255
0 -0.12069 0.12069 76 204 255
0.0172414 -0.103448 0.104775 76 204 255
0.0172414 -0.119363 0.12069 76 204 255
0.0344828 -0.103448 0.108753 76 204 255
0.0344828 -0.115385 0.12069 76 204 255
0.0517241 -0.103448 0.115385 76 204 255
0.0517241 -0.108753 0.12069 76 204 255
0.0615764 -0.103448 0.12069 76 204 255
-0.0689655 -0.0987461 0.12069 76 204 255
-0.0842912 -0.0862069 0.12069 76 204 255
-0.0689655 -0.0862069 0.11008 76 204 255
0.0689655 -0.0862069 0.11008 76 204 255
0.0689655 -0.0987461 0.12069 76 204 255
0.0842912 -0.0862069 0.12069 76 204 255
-0.0862069 -0.0842912 0.12069 76 204 255
-0.0987461 -0.0689655 0.12069 76 204 255
-0.0862069 -0.0689655 0.11008 76 204 255
0.0862069 -0.0689655 0.11008 76 204 255
0.0862069 -0.0842912 0.12069 76 204 255
0.0987461 -0.0689655 0.12069 76 204 255
-0.103448 -0.0615764 0.12069 76 204 255
-0.108753 -0.0517241 0.12069 76 204 255
-0.103448 -0.0517241 0.115385 76 204 255
0.103448 -0.0517241 0.115385 76 204 255
0.103448 -0.0615764 0.12069 76 204 255
0.108753 -0.0517241 0.12069 76 204 255
-0.115385 -0.0344828 0.12069 76 204 255
-0.103448 -0.0344828 0.108753 76 204 255
0.103448 -0.0344828 0.108753 76 204 255
0.115385 -0.0344828 0.12069 76 204 255
-0.119363 -0.0172414 0.12069 76 204 255
-0.103448 -0.0172414 0.104775 76 204 255
0.103448 -0.0172414 0.104775 76 204 255
0.119363 -0.0172414 0.12069 76 204 255
-0.12069 0 0.12069 76 204 255
-0.103448 0 0.103448 76 204 255
0.103448 0 0.103448 76 204 255
0.12069 0 0.12069 76 204 255
-0.119363 0.0172414 0.12069 76 204 255
-0.103448 0.0172414 0.104775 76 204 255
0.103448 0.0172414 0.104775 76 204 255
0.119363 0.0172414 0.12069 76 204 255
-0.115385 0.0344828 0.12069 76 204 255
-0.103448 0.0344828 0.108753 76 204 255
0.103448 0.0344828 0.108753 76 204 255
0.115385 0.0344828 0.12069 76 204 255
-0.108753 0.0517241 0.12069 76 204 255
-0.103448 0.0517241 0.115385 76 204 255
0.103448 0.0517241 0.115385 76 204 255
0.108753 0.0517241 0.12069 76 204 255
-0.103448 0.0615764 0.12069 76 204 255
-0.0987461 0.0689655 0.12069 76 204 255
-0.0862069 0.0689655 0.11008 76 204 255
0.0862069 0.0689655 0.11008 76 204 255
0.103448 0.0615764 0.12069 76 204 255
0.0987461 0.0689655 0.12069 76 204 255
-0.0862069 0.0842912 0.12069 76 204 255
-0.0842912 0.0862069 0.12069 76 204 255
-0.0689655 0.0862069 0.11008 76 204 255
0.0689655 0.0862069 0.11008 76 204 255
0.0862069 0.0842912 0.12069 76 204 255
0.0842912 0.0862069 0.12069 76 204 255
-0.0689655 0.0987461 0.12069 76 204 255
-0.0615764 0.103448 0.12069 76 204 255
-0.0517241 0.103448 0.115385 76 204 255
-0.0344828 0.103448 0.108753 76 204 255
-0.0172414 0.103448 0.104775 76 204 255
0 0.103448 0.103448 76 204 255
0.0172414 0.103448 0.104775 76 204 255
0.0344828 0.103448 0.108753 76 204 255
0.0517241 0.103448 0.115385 76 204 255
0.0689655 0.0987461 0.12069 76 204 255
0.0615764 0.103448 0.12069 76 204 255
-0.0517241 0.108753 0.12069 76 204 255
-0.0344828 0.115385 0.12069 76 204 255
-0.0172414 0.119363 0.12069 76 204 255
0 0.12069 0.12069 76 204 255
0.0172414 0.119363 0.12069 76 204 255
0.0344828 0.115385 0.12069 76 204 255
0.0517241 0.108753 0.12069 76 204 255
0 -0.137931 0.137931 76 204 255
-6.79533e-17 -0.137931 0.137931 76 204 255
0 -0.137931 0.137931 76 204 255
6.89104e-17 -0.137931 0.137931 76 204 255
-0.0517241 -0.127586 0.137931 76 204 255
-0.0665025 -0.12069 0.137931 76 204 255
-0.0517241 -0.12069 0.131034 76 204 255
-0.0344828 -0.12069 0.125287 76 204 255
-0.0344828 -0.133333 0.137931 76 204 255
-0.0172414 -0.12069 0.121839 76 204 255
-0.0172414 -0.136782 0.137931 76 204 255
0 -0.12069 0.12069 76 204 255
0.0172414 -0.12069 0.121839 76 204 255
0.0172414 -0.136782 0.137931 76 204 255
0.0344828 -0.12069 0.125287 76 204 255
0.0344828 -0.133333 0.137931 76 204 255
0.0517241 -0.12069 0.131034 76 204 255
0.0517241 -0.127586 0.137931 76 204 255
0.0665025 -0.12069 0.137931 76 204 255
-0.0862069 -0.107427 0.137931 76 204 255
-0.0909091 -0.103448 0.137931 76 204 255
-0.0862069 -0.103448 0.134483 76 204 255
-0.0689655 -0.103448 0.124138 76 204 255
-0.0689655 -0.119363 0.137931 76 204 255
0.0689655 -0.103448 0.124138 76 204 255
0.0689655 -0.119363 0.137931 76 204 255
0.0862069 -0.103448 0.134483 76 204 255
0.0862069 -0.107427 0.137931 76 204 255
0.0909091 -0.103448 0.137931 76 204 255
-0.103448 -0.0909091 0.137931 76 204 255
-0.107427 -0.0862069 0.137931 76 204 255
-0.103448 -0.0862069 0.134483 76 204 255
-0.0862069 -0.0862069 0.121839 76 204 255
0.0862069 -0.0862069 0.121839 76 204 255
0.103448 -0.0862069 0.134483 76 204 255
0.103448 -0.0909091 0.137931 76 204 255
0.107427 -0.0862069 0.137931 76 204 255
-0.119363 -0.0689655 0.137931 76 204 255
-0.103448 -0.0689655 0.124138 76 204 255
0.103448 -0.0689655 0.124138 76 204 255
0.119363 -0.0689655 0.137931 76 204 255
-0.12069 -0.0665025 0.137931 76 204 255
-0.127586 -0.0517241 0.137931 76 204 255
-0.12069 -0.0517241 0.131034 76 204 255
0.12069 -0.0517241 0.131034 76 204 255
0.12069 -0.0665025 0.137931 76 204 255
0.127586 -0.0517241 0.137931 76 204 255
-0.133333 -0.0344828 0.137931 76 204 255
-0.12069 -0.0344828 0.125287 76 204 255
0.12069 -0.0344828 0.125287 76 204 255
0.133333 -0.0344828 0.137931 76 204 255
-0.136782 -0.0172414 0.137931 76 204 255
-0.12069 -0.0172414 0.121839 76 204 255
0.12069 -0.0172414 0.121839 76 204 255
0.136782 -0.0172414 0.137931 76 204 255
-0.137931 -6.89104e-17 0.137931 76 204 255
-0.137931 0 0.137931 76 204 255
-0.137931 0 0.137931 76 204 255
-0.12069 0 0.12069 76 204 255
0.12069 0 0.12069 76 204 255
0.137931 0 0.137931 76 204 255
0.137931 -6.89104e-17 0.137931 76 204 255
0.137931 0 0.137931 76 204 255
-0.137931 6.79533e-17 0.137931 76 204 255
-0.136782 0.0172414 0.137931 76 204 255
-0.12069 0.0172414 0.121839 76 204 255
0.12069 0.0172414 0.121839 76 204 255
0.137931 6.79533e-17 0.137931 76 204 255
0.136782 0.0172414 0.137931 76 204 255
-0.133333 0.0344828 0.137931 76 204 255
-0.12069 0.0344828 0.125287 76 204 255
0.12069 0.0344828 0.125287 76 204 255
0.133333 0.0344828 0.137931 76 204 255
-0.127586 0.0517241 0.137931 76 204 255
-0.12069 0.0517241 0.131034 76 204 255
0.12069 0.0517241 0.131034 76 204 255
0.127586 0.0517241 0.137931 76 204 255
-0.12069 0.0665025 0.137931 76 204 255
-0.119363 0.0689655 0.137931 76 204 255
-0.103448 0.0689655 0.124138 76 204 255
0.103448 0.0689655 0.124138 76 204 255
0.12069 0.0665025 0.137931 76 204 255
0.119363 0.0689655 0.137931 76 204 255
-0.107427 0.0862069 0.137931 76 204 255
-0.103448 0.0862069 0.134483 76 204 255
-0.0862069 0.0862069 0.121839 76 204 255
0.0862069 0.0862069 0.121839 76 204 255
0.103448 0.0862069 0.134483 76 204 255
0.107427 0.0862069 0.137931 76 204 255
-0.103448 0.0909091 0.137931 76 204 255
-0.0909091 0.103448 0.137931 76 204 255
-0.0862069 0.103448 0.134483 76 204 255
-0.0689655 0.103448 0.124138 76 204 255
0.0689655 0.103448 0.124138 76 204 255
0.0862069 0.103448 0.134483 76 204 255
0.103448 0.0909091 0.137931 76 204 255
0.0909091 0.103448 0.137931 76 204 255
-0.0862069 0.107427 0.137931 76 204 255
-0.0689655 0.119363 0.137931 76 204 255
-0.0665025 0.12069 0.137931 76 204 255
-0.0517241 0.12069 0.131034 76 204 255
-0.0344828 0.12069 0.125287 76 204 255
-0.0172414 0.12069 0.121839 76 204 255
0 0.12069 0.12069 76 204 255
0.0172414 0.12069 0.121839 76 204 255
0.0344828 0.12069 0.125287 76 204 255
0.0517241 0.12069 0.131034 76 204 255
0.0689655 0.119363 0.137931 76 204 255
0.0665025 0.12069 0.137931 76 204 255
0.0862069 0.107427 0.137931 76 204 255
-0.0517241 0.127586 0.137931 76 204 255
-0.0344828 0.133333 0.137931 76 204 255
-0.0172414 0.136782 0.137931 76 204 255
-6.79533e-17 0.137931 0.137931 76 204 255
0 0.137931 0.137931 76 204 255
0.0172414 0.136782 0.137931 76 204 255
6.89104e-17 0.137931 0.137931 76 204 255
0.0344828 0.133333 0.137931 76 204 255
0.0517241 0.127586 0.137931 76 204 255
0 0.137931 0.137931 76 204 255
0 -0.155172 0.155172 76 204 255
-2.22523e-17 -0.155172 0.155172 76 204 255
0 -0.155172 0.155172 76 204 255
2.1056e-17 -0.155172 0.155172 76 204 255
-0.0689655 -0.138945 0.155172 76 204 255
-0.0708812 -0.137931 0.155172 76 204 255
-0.0689655 -0.137931 0.154158 76 204 255
-0.0517241 -0.137931 0.147059 76 204 255
-0.0517241 -0.146045 0.155172 76 204 255
-0.0344828 -0.137931 0.141988 76 204 255
-0.0344828 -0.151116 0.155172 76 204 255
-0.0172414 -0.137931 0.138945 76 204 255
-0.0172414 -0.154158 0.155172 76 204 255
0.0172414 -0.137931 0.138945 76 204 255
0.0172414 -0.154158 0.155172 76 204 255
0.0344828 -0.137931 0.141988 76 204 255
0.0344828 -0.151116 0.155172 76 204 255
0.0517241 -0.137931 0.147059 76 204 255
0.0517241 -0.146045 0.155172 76 204 255
0.0689655 -0.137931 0.154158 76 204 255
0.0689655 -0.138945 0.155172 76 204 255
0.0708812 -0.137931 0.155172 76 204 255
-0.0862069 -0.128736 0.155172 76 204 255
-0.0971787 -0.12069 0.155172 76 204 255
-0.0862069 -0.12069 0.148073 76 204 255
-0.0689655 -0.12069 0.138945 76 204 255
0.0689655 -0.12069 0.138945 76 204 255
0.0862069 -0.12069 0.148073 76 204 255
0.0862069 -0.128736 0.155172 76 204 255
0.0971787 -0.12069 0.155172 76 204 255
-0.103448 -0.115385 0.155172 76 204 255
-0.115385 -0.103448 0.155172 76 204 255
-0.103448 -0.103448 0.146045 76 204 255
0.103448 -0.103448 0.146045 76 204 255
0.103448 -0.115385 0.155172 76 204 255
0.115385 -0.103448 0.155172 76 204 255
-0.12069 -0.0971787 0.155172 76 204 255
-0.128736 -0.0862069 0.155172 76 204 255
-0.12069 -0.0862069 0.148073 76 204 255
0.12069 -0.0862069 0.148073 76 204 255
0.12069 -0.0971787 0.155172 76 204 255
0.128736 -0.0862069 0.155172 76 204 255
-0.137931 -0.0708812 0.155172 76 204 255
-0.138945 -0.0689655 0.155172 76 204 255
-0.137931 -0.0689655 0.154158 76 204 255
-0.12069 -0.0689655 0.138945 76 204 255
0.12069 -0.0689655 0.138945 76 204 255
0.137931 -0.0689655 0.154158 76 204 255
0.137931 -0.0708812 0.155172 76 204 255
0.138945 -0.0689655 0.155172 76 204 255
-0.146045 -0.0517241 0.155172 76 204 255
-0.137931 -0.0517241 0.147059 76 204 255
0.137931 -0.0517241 0.147059 76 204 255
0.146045 -0.0517241 0.155172 76 204 255
-0.151116 -0.0344828 0.155172 76 204 255
-0.137931 -0.0344828 0.141988 76 204 255
0.137931 -0.0344828 0.141988 76 204 255
0.151116 -0.0344828 0.155172 76 204 255
-0.154158 -0.0172414 0.155172 76 204 255
-0.137931 -0.0172414 0.138945 76 204 255
0.137931 -0.0172414 0.138945 76 204 255
0.154158 -0.0172414 0.155172 76 204 255
-0.155172 -2.1056e-17 0.155172 76 204 255
-0.155172 0 0.155172 76 204 255
-0.155172 0 0.155172 76 204 255
0.155172 0 0.155172 76 204 255
0.155172 -2.1056e-17 0.155172 76 204 255
0.155172 0 0.155172 76 204 255
-0.155172 2.22523e-17 0.155172 76 204 255
-0.154158 0.0172414 0.155172 76 204 255
-0.137931 0.0172414 0.138945 76 204 255
0.137931 0.0172414 0.138945 76 204 255
0.155172 2.22523e-17 0.155172 76 204 255
0.154158 0.0172414 0.155172 76 204 255
-0.151116 0.0344828 0.155172 76 204 255
-0.137931 0.0344828 0.141988 76 204 255
0.137931 0.0344828 0.141988 76 204 255
0.151116 0.0344828 0.155172 76 204 255
-0.146045 0.0517241 0.155172 76 204 255
-0.137931 0.0517241 0.147059 76 204 255
0.137931 0.0517241 0.147059 76 204 255
0.146045 0.0517241 0.155172 76 204 255
-0.138945 0.0689655 0.155172 76 204 255
-0.137931 0.0689655 0.154158 76 204 255
-0.12069 0.0689655 0.138945 76 204 255
0.12069 0.0689655 0.138945 76 204 255
0.137931 0.0689655 0.154158 76 204 255
0.138945 0.0689655 0.155172 76 204 255
-0.137931 0.0708812 0.155172 76 204 255
-0.128736 0.0862069 0.155172 76 204 255
-0.12069 0.0862069 0.148073 76 204 255
0.12069 0.0862069 0.148073 76 204 255
0.137931 0.0708812 0.155172 76 204 255
0.128736 0.0862069 0.155172 76 204 255
-0.12069 0.0971787 0.155172 76 204 255
-0.115385 0.103448 0.155172 76 204 255
-0.103448 0.103448 0.146045 76 204 255
0.103448 0.103448 0.146045 76 204 255
0.12069 0.0971787 0.155172 76 204 255
0.115385 0.103448 0.155172 76 204 255
-0.103448 0.115385 0.155172 76 204 255
-0.0971787 0.12069 0.155172 76 204 255
-0.0862069 0.12069 0.148073 76 204 255
-0.0689655 0.12069 0.138945 76 204 255
0.0689655 0.12069 0.138945 76 204 255
0.0862069 0.12069 0.148073 76 204 255
0.103448 0.115385 0.155172 76 204 255
0.0971787 0.12069 0.155172 76 204 255
-0.0862069 0.128736 0.155172 76 204 255
-0.0708812 0.137931 0.155172 76 204 255
-0.0689655 0.137931 0.154158 76 204 255
-0.0517241 0.137931 0.147059 76 204 255
-0.0344828 0.137931 0.141988 76 204 255
-0.0172414 0.137931 0.138945 76 204 255
0.0172414 0.137931 0.138945 76 204 255
0.0344828 0.137931 0.141988 76 204 255
0.0517241 0.137931 0.147059 76 204 255
0.0689655 0.137931 0.154158 76 204 255
0.0862069 0.128736 0.155172 76 204 255
0.0708812 0.137931 0.155172 76 204 255
-0.0689655 0.138945 0.155172 76 204 255
-0.0517241 0.146045 0.155172 76 204 255
-0.0344828 0.151116 0.155172 76 204 255
-0.0172414 0.154158 0.155172 76 204 255
-2.22523e-17 0.155172 0.155172 76 204 255
0 0.155172 0.155172 76 204 255
0.0172414 0.154158 0.155172 76 204 255
2.1056e-17 0.155172 0.155172 76 204 255
0.0344828 0.151116 0.155172 76 204 255
0.0517241 0.146045 0.155172 76 204 255
0.0689655 0.138945 0.155172 76 204 255
0 0.155172 0.155172 76 204 255
0 -0.172414 0.172414 76 204 255
-3.15839e-17 -0.172414 0.172414 76 204 255
0 -0.172414 0.172414 76 204 255
3.06268e-17 -0.172414 0.172414 76 204 255
-0.0689655 -0.157895 0.172414 76 204 255
-0.0747126 -0.155172 0.172414 76 204 255
-0.0689655 -0.155172 0.169691 76 204 255
-0.0517241 -0.155172 0.163339 76 204 255
-0.0517241 -0.164247 0.172414 76 204 255
-0.0344828 -0.155172 0.158802 76 204 255
-0.0344828 -0.168784 0.172414 76 204 255
-0.0172414 -0.155172 0.15608 76 204 255
-0.0172414 -0.171506 0.172414 76 204 255
0.0172414 -0.155172 0.15608 76 204 255
0.0172414 -0.171506 0.172414 76 204 255
0.0344828 -0.155172 0.158802 76 204 255
0.0344828 -0.168784 0.172414 76 204 255
0.0517241 -0.155172 0.163339 76 204 255
0.0517241 -0.164247 0.172414 76 204 255
0.0689655 -0.155172 0.169691 76 204 255
0.0689655 -0.157895 0.172414 76 204 255
0.0747126 -0.155172 0.172414 76 204 255
-0.103448 -0.137931 0.172414 76 204 255
-0.103448 -0.137931 0.172414 76 204 255
-0.103448 -0.137931 0.172414 76 204 255
-0.0862069 -0.137931 0.162432 76 204 255
-0.0862069 -0.149087 0.172414 76 204 255
0.0862069 -0.137931 0.162432 76 204 255
0.0862069 -0.149087 0.172414 76 204 255
0.103448 -0.137931 0.172414 76 204 255
0.103448 -0.137931 0.172414 76 204 255
0.103448 -0.137931 0.172414 76 204 255
-0.12069 -0.122989 0.172414 76 204 255
-0.122989 -0.12069 0.172414 76 204 255
-0.12069 -0.12069 0.170599 76 204 255
-0.103448 -0.12069 0.158802 76 204 255
0.103448 -0.12069 0.158802 76 204 255
0.12069 -0.12069 0.170599 76 204 255
0.12069 -0.122989 0.172414 76 204 255
0.122989 -0.12069 0.172414 76 204 255
-0.137931 -0.103448 0.172414 76 204 255
-0.137931 -0.103448 0.172414 76 204 255
-0.137931 -0.103448 0.172414 76 204 255
-0.12069 -0.103448 0.158802 76 204 255
0.12069 -0.103448 0.158802 76 204 255
0.137931 -0.103448 0.172414 76 204 255
0.137931 -0.103448 0.172414 76 204 255
0.137931 -0.103448 0.172414 76 204 255
-0.149087 -0.0862069 0.172414 76 204 255
-0.137931 -0.0862069 0.162432 76 204 255
0.137931 -0.0862069 0.162432 76 204 255
0.149087 -0.0862069 0.172414 76 204 255
-0.155172 -0.0747126 0.172414 76 204 255
-0.157895 -0.0689655 0.172414 76 204 255
-0.155172 -0.0689655 0.169691 76 204 255
0.155172 -0.0689655 0.169691 76 204 255
0.155172 -0.0747126 0.172414 76 204 255
0.157895 -0.0689655 0.172414 76 204 255
-0.164247 -0.0517241 0.172414 76 204 255
-0.155172 -0.0517241 0.163339 76 204 255
0.155172 -0.0517241 0.163339 76 204 255
0.164247 -0.0517241 0.172414 76 204 255
-0.168784 -0.0344828 0.172414 76 204 255
-0.155172 -0.0344828 0.158802 76 204 255
0.155172 -0.0344828 0.158802 76 204 255
0.168784 -0.0344828 0.172414 76 204 255
-0.171506 -0.0172414 0.172414 76 204 255
-0.155172 -0.0172414 0.15608 76 204 255
0.155172 -0.0172414 0.15608 76 204 255
0.171506 -0.0172414 0.172414 76 204 255
-0.172414 -3.06268e-17 0.172414 76 204 255
-0.172414 0 0.172414 76 204 255
-0.172414 0 0.172414 76 204 255
0.172414 0 0.172414 76 204 255
0.172414 -3.06268e-17 0.172414 76 204 255
0.172414 0 0.172414 76 204 255
-0.172414 3.15839e-17 0.172414 76 204 255
-0.171506 0.0172414 0.172414 76 204 255
-0.155172 0.0172414 0.15608 76 204 255
0.155172 0.0172414 0.15608 76 204 255
0.172414 3.15839e-17 0.172414 76 204 255
0.171506 0.0172414 0.172414 76 204 255
-0.168784 0.0344828 0.172414 76 204 255
-0.155172 0.0344828 0.158802 76 204 255
0.155172 0.0344828 0.158802 76 204 255
0.168784 0.0344828 0.172414 76 204 255
-0.164247 0.0517241 0.172414 76 204 255
-0.155172 0.0517241 0.163339 76 204 255
0.155172 0.0517241 0.163339 76 204 255
0.164247 0.0517241 0.172414 76 204 255
-0.157895 0.0689655 0.172414 76 204 255
-0.155172 0.0689655 0.169691 76 204 255
0.155172 0.0689655 0.169691 76 204 255
0.157895 0.0689655 0.172414 76 204 255
-0.155172 0.0747126 0.172414 76 204 255
-0.149087 0.0862069 0.172414 76 204 255
-0.137931 0.0862069 0.162432 76 204 255
0.137931 0.0862069 0.162432 76 204 255
0.155172 0.0747126 0.172414 76 204 255
0.149087 0.0862069 0.172414 76 204 255
-0.137931 0.103448 0.172414 76 204 255
-0.137931 0.103448 0.172414 76 204 255
-0.12069 0.103448 0.158802 76 204 255
0.12069 0.103448 0.158802 76 204 255
0.137931 0.103448 0.172414 76 204 255
0.137931 0.103448 0.172414 76 204 255
-0.137931 0.103448 0.172414 76 204 255
-0.122989 0.12069 0.172414 76 204 255
-0.12069 0.12069 0.170599 76 204 255
-0.103448 0.12069 0.158802 76 204 255
0.103448 0.12069 0.158802 76 204 255
0.12069 0.12069 0.170599 76 204 255
0.137931 0.103448 0.172414 76 204 255
0.122989 0.12069 0.172414 76 204 255
-0.12069 0.122989 0.172414 76 204 255
-0.103448 0.137931 0.172414 76 204 255
-0.103448 0.137931 0.172414 76 204 255
-0.0862069 0.137931 0.162432 76 204 255
0.0862069 0.137931 0.162432 76 204 255
0.103448 0.137931 0.172414 76 204 255
0.12069 0.122989 0.172414 76 204 255
0.103448 0.137931 0.172414 76 204 255
-0.103448 0.137931 0.172414 76 204 255
-0.0862069 0.149087 0.172414 76 204 255
-0.0747126 0.155172 0.172414 76 204 255
-0.0689655 0.155172 0.169691 76 204 255
-0.0517241 0.155172 0.163339 76 204 255
-0.0344828 0.155172 0.158802 76 204 255
-0.0172414 0.155172 0.15608 76 204 255
0.0172414 0.155172 0.15608 76 204 255
0.0344828 0.155172 0.158802 76 204 255
0.0517241 0.155172 0.163339 76 204 255
0.0689655 0.155172 0.169691 76 204 255
0.0862069 0.149087 0.172414 76 204 255
0.0747126 0.155172 0.172414 76 204 255
0.103448 0.137931 0.172414 76 204 255
-0.0689655 0.157895 0.172414 76 204 255
-0.0517241 0.164247 0.172414 76 204 255
-0.0344828 0.168784 0.172414 76 204 255
-0.0172414 0.171506 0.172414 76 204 255
-3.15839e-17 0.172414 0.172414 76 204 255
0 0.172414 0.172414 76 204 255
0.0172414 0.171506 0.172414 76 204 255
3.06268e-17 0.172414 0.172414 76 204 255
0.0344828 0.168784 0.172414 76 204 255
0.0517241 0.164247 0.172414 76 204 255
0.0689655 0.157895 0.172414 76 204 255
0 0.172414 0.172414 76 204 255
0 -0.189655 0.189655 76 204 255
-8.90093e-17 -0.189655 0.189655 76 204 255
0 -0.189655 0.189655 76 204 255
8.80522e-17 -0.189655 0.189655 76 204 255
-0.0689655 -0.176519 0.189655 76 204 255
-0.0785441 -0.172414 0.189655 76 204 255
-0.0689655 -0.172414 0.18555 76 204 255
-0.0517241 -0.172414 0.179803 76 204 255
-0.0517241 -0.182266 0.189655 76 204 255
-0.0344828 -0.172414 0.175698 76 204 255
-0.0344828 -0.186371 0.189655 76 204 255
-0.0172414 -0.172414 0.173235 76 204 255
-0.0172414 -0.188834 0.189655 76 204 255
0.0172414 -0.172414 0.173235 76 204 255
0.0172414 -0.188834 0.189655 76 204 255
0.0344828 -0.172414 0.175698 76 204 255
0.0344828 -0.186371 0.189655 76 204 255
0.0517241 -0.172414 0.179803 76 204 255
0.0517241 -0.182266 0.189655 76 204 255
0.0689655 -0.172414 0.18555 76 204 255
0.0689655 -0.176519 0.189655 76 204 255
0.0785441 -0.172414 0.189655 76 204 255
-0.103448 -0.158802 0.189655 76 204 255
-0.108753 -0.155172 0.189655 76 204 255
-0.103448 -0.155172 0.186371 76 204 255
-0.0862069 -0.155172 0.17734 76 204 255
-0.0862069 -0.168784 0.189655 76 204 255
0.0862069 -0.155172 0.17734 76 204 255
0.0862069 -0.168784 0.189655 76 204 255
0.103448 -0.155172 0.186371 76 204 255
0.103448 -0.158802 0.189655 76 204 255
0.108753 -0.155172 0.189655 76 204 255
-0.12069 -0.146045 0.189655 76 204 255
-0.129885 -0.137931 0.189655 76 204 255
-0.12069 -0.137931 0.183087 76 204 255
0.12069 -0.137931 0.183087 76 204 255
0.12069 -0.146045 0.189655 76 204 255
0.129885 -0.137931 0.189655 76 204 255
-0.137931 -0.129885 0.189655 76 204 255
-0.146045 -0.12069 0.189655 76 204 255
-0.137931 -0.12069 0.183087 76 204 255
0.137931 -0.12069 0.183087 76 204 255
0.137931 -0.129885 0.189655 76 204 255
0.146045 -0.12069 0.189655 76 204 255
-0.155172 -0.108753 0.189655 76 204 255
-0.158802 -0.103448 0.189655 76 204 255
-0.155172 -0.103448 0.186371 76 204 255
0.155172 -0.103448 0.186371 76 204 255
0.155172 -0.108753 0.189655 76 204 255
0.158802 -0.103448 0.189655 76 204 255
-0.168784 -0.0862069 0.189655 76 204 255
-0.155172 -0.0862069 0.17734 76 204 255
0.155172 -0.0862069 0.17734 76 204 255
0.168784 -0.0862069 0.189655 76 204 255
-0.172414 -0.0785441 0.189655 76 204 255
-0.176519 -0.0689655 0.189655 76 204 255
-0.172414 -0.0689655 0.18555 76 204 255
0.172414 -0.0689655 0.18555 76 204 255
0.172414 -0.0785441 0.189655 76 204 255
0.176519 -0.0689655 0.189655 76 204 255
-0.182266 -0.0517241 0.189655 76 204 255
-0.172414 -0.0517241 0.179803 76 204 255
0.172414 -0.0517241 0.179803 76 204 255
0.182266 -0.0517241 0.189655 76 204 255
-0.186371 -0.0344828 0.189655 76 204 255
-0.172414 -0.0344828 0.175698 76 204 255
0.172414 -0.0344828 0.175698 76 204 255
0.186371 -0.0344828 0.189655 76 204 255
-0.188834 -0.0172414 0.189655 76 204 255
-0.172414 -0.0172414 0.173235 76 204 255
0.172414 -0.0172414 0.173235 76 204 255
0.188834 -0.0172414 0.189655 76 204 255
-0.189655 -8.80522e-17 0.189655 76 204 255
-0.189655 0 0.189655 76 204 255
-0.189655 0 0.189655 76 204 255
0.189655 0 0.189655 76 204 255
0.189655 -8.80522e-17 0.189655 76 204 255
0.189655 0 0.189655 76 204 255
-0.189655 8.90093e-17 0.189655 76 204 255
-0.188834 0.0172414 0.189655 76 204 255
-0.172414 0.0172414 0.173235 76 204 255
0.172414 0.0172414 0.173235 76 204 255
0.189655 8.90093e-17 0.189655 76 204 255
0.188834 0.0172414 0.189655 76 204 255
-0.186371 0.0344828 0.189655 76 204 255
-0.172414 0.0344828 0.175698 76 204 255
0.172414 0.0344828 0.175698 76 204 255
0.186371 0.0344828 0.189655 76 204 255
-0.182266 0.0517241 0.189655 76 204 255
-0.172414 0.0517241 0.179803 76 204 255
0.172414 0.0517241 0.179803 76 204 255
0.182266 0.0517241 0.189655 76 204 255
-0.176519 0.0689655 0.189655 76 204 255
-0.172414 0.0689655 0.18555 76 204 255
0.172414 0.0689655 0.18555 76 204 255
0.176519 0.0689655 0.189655 76 204 255
-0.172414 0.0785441 0.189655 76 204 255
-0.168784 0.0862069 0.189655 76 204 255
-0.155172 0.0862069 0.17734 76 204 255
0.155172 0.0862069 0.17734 76 204 255
0.172414 0.0785441 0.189655 76 204 255
0.168784 0.0862069 0.189655 76 204 255
-0.158802 0.103448 0.189655 76 204 255
-0.155172 0.103448 0.186371 76 204 255
0.155172 0.103448 0.186371 76 204 255
0.158802 0.103448 0.189655 76 204 255
-0.155172 0.108753 0.189655 76 204 255
-0.146045 0.12069 0.189655 76 204 255
-0.137931 0.12069 0.183087 76 204 255
0.137931 0.12069 0.183087 76 204 255
0.155172 0.108753 0.189655 76 204 255
0.146045 0.12069 0.189655 76 204 255
-0.137931 0.129885 0.189655 76 204 255
-0.129885 0.137931 0.189655 76 204 255
-0.12069 0.137931 0.183087 76 204 255
0.12069 0.137931 0.183087 76 204 255
0.137931 0.129885 0.189655 76 204 255
0.129885 0.137931 0.189655 76 204 255
-0.12069 0.146045 0.189655 76 204 255
-0.108753 0.155172 0.189655 76 204 255
-0.103448 0.155172 0.186371 76 204 255
-0.0862069 0.155172 0.17734 76 204 255
0.0862069 0.155172 0.17734 76 204 255
0.103448 0.155172 0.186371 76 204 255
0.12069 0.146045 0.189655 76 204 255
0.108753 0.155172 0.189655 76 204 255
-0.103448 0.158802 0.189655 76 204 255
-0.0862069 0.168784 0.189655 76 204 255
-0.0785441 0.172414 0.189655 76 204 255
-0.0689655 0.172414 0.18555 76 204 255
-0.0517241 0.172414 0.179803 76 204 255
-0.0344828 0.172414 0.175698 76 204 255
-0.0172414 0.172414 0.173235 76 204 255
0.0172414 0.172414 0.173235 76 204 255
0.0344828 0.172414 0.175698 76 204 255
0.0517241 0.172414 0.179803 76 204 255
0.0689655 0.172414 0.18555 76 204 255
0.0862069 0.168784 0.189655 76 204 255
0.0785441 0.172414 0.189655 76 204 255
0.103448 0.158802 0.189655 76 204 255
-0.0689655 0.176519 0.189655 76 204 255
-0.0517241 0.182266 0.189655 76 204 255
-0.0344828 0.186371 0.189655 76 204 255
-0.0172414 0.188834 0.189655 76 204 255
-8.90093e-17 0.189655 0.189655 76 204 255
0 0.189655 0.189655 76 204 255
0.0172414 0.188834 0.189655 76 204 255
8.80522e-17 0.189655 0.189655 76 204 255
0.0344828 0.186371 0.189655 76 204 255
0.0517241 0.182266 0.189655 76 204 255
0.0689655 0.176519 0.189655 76 204 255
0 0.189655 0.189655 76 204 255
-0.0689655 -0.194903 0.206897 76 204 255
-0.0823755 -0.189655 0.206897 76 204 255
-0.0689655 -0.189655 0.201649 76 204 255
-0.0517241 -0.189655 0.196402 76 204 255
-0.0517241 -0.20015 0.206897 76 204 255
-0.0344828 -0.189655 0.192654 76 204 255
-0.0344828 -0.203898 0.206897 76 204 255
-0.0172414 -0.189655 0.190405 76 204 255
-0.0172414 -0.206147 0.206897 76 204 255
0 -0.206897 0.206897 76 204 255
0.0172414 -0.189655 0.190405 76 204 255
0.0172414 -0.206147 0.206897 76 204 255
0.0344828 -0.189655 0.192654 76 204 255
0.0344828 -0.203898 0.206897 76 204 255
0.0517241 -0.189655 0.196402 76 204 255
0.0517241 -0.20015 0.206897 76 204 255
0.0689655 -0.189655 0.201649 76 204 255
0.0689655 -0.194903 0.206897 76 204 255
0.0823755 -0.189655 0.206897 76 204 255
-0.103448 -0.178982 0.206897 76 204 255
-0.114058 -0.172414 0.206897 76 204 255
-0.103448 -0.172414 0.2009 76 204 255
-0.0862069 -0.172414 0.192654 76 204 255
-0.0862069 -0.188013 0.206897 76 204 255
0.0862069 -0.172414 0.192654 76 204 255
0.0862069 -0.188013 0.206897 76 204 255
0.103448 -0.172414 0.2009 76 204 255
0.103448 -0.178982 0.206897 76 204 255
0.114058 -0.172414 0.206897 76 204 255
-0.12069 -0.167877 0.206897 76 204 255
-0.136782 -0.155172 0.206897 76 204 255
-0.12069 -0.155172 0.196402 76 204 255
0.12069 -0.155172 0.196402 76 204 255
0.12069 -0.167877 0.206897 76 204 255
0.136782 -0.155172 0.206897 76 204 255
-0.137931 -0.154158 0.206897 76 204 255
-0.154158 -0.137931 0.206897 76 204 255
-0.137931 -0.137931 0.194903 76 204 255
0.137931 -0.137931 0.194903 76 204 255
0.137931 -0.154158 0.206897 76 204 255
0.154158 -0.137931 0.206897 76 204 255
-0.155172 -0.136782 0.206897 76 204 255
-0.167877 -0.12069 0.206897 76 204 255
-0.155172 -0.12069 0.196402 76 204 255
0.155172 -0.12069 0.196402 76 204 255
0.155172 -0.136782 0.206897 76 204 255
0.167877 -0.12069 0.206897 76 204 255
-0.172414 -0.114058 0.206897 76 204 255
-0.178982 -0.103448 0.206897 76 204 255
-0.172414 -0.103448 0.2009 76 204 255
0.172414 -0.103448 0.2009 76 204 255
0.172414 -0.114058 0.206897 76 204 255
0.178982 -0.103448 0.206897 76 204 255
-0.188013 -0.0862069 0.206897 76 204 255
-0.172414 -0.0862069 0.192654 76 204 255
0.172414 -0.0862069 0.192654 76 204 255
0.188013 -0.0862069 0.206897 76 204 255
-0.189655 -0.0823755 0.206897 76 204 255
-0.194903 -0.0689655 0.206897 76 204 255
-0.189655 -0.0689655 0.201649 76 204 255
0.189655 -0.0689655 0.201649 76 204 255
0.189655 -0.0823755 0.206897 76 204 255
0.194903 -0.0689655 0.206897 76 204 255
-0.20015 -0.0517241 0.206897 76 204 255
-0.189655 -0.0517241 0.196402 76 204 255
0.189655 -0.0517241 0.196402 76 204 255
0.20015 -0.0517241 0.206897 76 204 255
-0.203898 -0.0344828 0.206897 76 204 255
-0.189655 -0.0344828 0.192654 76 204 255
0.189655 -0.0344828 0.192654 76 204 255
0.203898 -0.0344828 0.206897 76 204 255
-0.206147 -0.0172414 0.206897 76 204 255
-0.189655 -0.0172414 0.190405 76 204 255
0.189655 -0.0172414 0.190405 76 204 255
0.206147 -0.0172414 0.206897 76 204 255
-0.206897 0 0.206897 76 204 255
0.206897 0 0.206897 76 204 255
-0.206147 0.0172414 0.206897 76 204 255
-0.189655 0.0172414 0.190405 76 204 255
0.189655 0.0172414 0.190405 76 204 255
0.206147 0.0172414 0.206897 76 204 255
-0.203898 0.0344828 0.206897 76 204 255
-0.189655 0.0344828 0.192654 76 204 255
0.189655 0.0344828 0.192654 76 204 255
0.203898 0.0344828 0.206897 76 204 255
-0.20015 0.0517241 0.206897 76 204 255
-0.189655 0.0517241 0.196402 76 204 255
0.189655 0.0517241 0.196402 76 204 255
0.20015 0.0517241 0.206897 76 204 255
-0.194903 0.0689655 0.206897 76 204 255
-0.189655 0.0689655 0.201649 76 204 255
0.189655 0.0689655 0.201649 76 204 255
0.194903 0.0689655 0.206897 76 204 255
-0.189655 0.0823755 0.206897 76 204 255
-0.188013 0.0862069 0.206897 76 204 255
-0.172414 0.0862069 0.192654 76 204 255
0.172414 0.0862069 0.192654 76 204 255
0.189655 0.0823755 0.206897 76 204 255
0.188013 0.0862069 0.206897 76 204 255
-0.178982 0.103448 0.206897 76 204 255
-0.172414 0.103448 0.2009 76 204 255
0.172414 0.103448 0.2009 76 204 255
0.178982 0.103448 0.206897 76 204 255
-0.172414 0.114058 0.206897 76 204 255
-0.167877 0.12069 0.206897 76 204 255
-0.155172 0.12069 0.196402 76 204 255
0.155172 0.12069 0.196402 76 204 255
0.172414 0.114058 0.206897 76 204 255
0.167877 0.12069 0.206897 76 204 255
-0.155172 0.136782 0.206897 76 204 255
-0.154158 0.137931 0.206897 76 204 255
-0.137931 0.137931 0.194903 76 204 255
0.137931 0.137931 0.194903 76 204 255
0.155172 0.136782 0.206897 76 204 255
0.154158 0.137931 0.206897 76 204 255
-0.137931 0.154158 0.206897 76 204 255
-0.136782 0.155172 0.206897 76 204 255
-0.12069 0.155172 0.196402 76 204 255
0.12069 0.155172 0.196402 76 204 255
0.137931 0.154158 0.206897 76 204 255
0.136782 0.155172 0.206897 76 204 255
-0.12069 0.167877 0.206897 76 204 255
-0.114058 0.172414 0.206897 76 204 255
-0.103448 0.172414 0.2009 76 204 255
-0.0862069 0.172414 0.192654 76 204 255
0.0862069 0.172414 0.192654 76 204 255
0.103448 0.172414 0.2009 76 204 255
0.12069 0.167877 0.206897 76 204 255
0.114058 0.172414 0.206897 76 204 255
-0.103448 0.178982 0.206897 76 204 255
-0.0862069 0.188013 0.206897 76 204 255
-0.0823755 0.189655 0.206897 76 204 255
-0.0689655 0.189655 0.201649 76 204 255
-0.0517241 0.189655 0.196402 76 204 255
-0.0344828 0.189655 0.192654 76 204 255
-0.0172414 0.189655 0.190405 76 204 255
0.0172414 0.189655 0.190405 76 204 255
0.0344828 0.189655 0.192654 76 204 255
0.0517241 0.189655 0.196402 76 204 255
0.0689655 0.189655 0.201649 76 204 255
0.0862069 0.188013 0.206897 76 204 255
0.0823755 0.189655 0.206897 76 204 255
0.103448 0.178982 0.206897 76 204 255
-0.0689655 0.194903 0.206897 76 204 255
-0.0517241 0.20015 0.206897 76 204 255
-0.0344828 0.203898 0.206897 76 204 255
-0.0172414 0.206147 0.206897 76 204 255
0 0.206897 0.206897 76 204 255
0.0172414 0.206147 0.206897 76 204 255
0.0344828 0.203898 0.206897 76 204 255
0.0517241 0.20015 0.206897 76 204 255
0.0689655 0.194903 0.206897 76 204 255
-0.0689655 -0.213103 0.224138 76 204 255
-0.0862069 -0.206897 0.224138 76 204 255
-0.0689655 -0.206897 0.217931 76 204 255
-0.0517241 -0.206897 0.213103 76 204 255
-0.0517241 -0.217931 0.224138 76 204 255
-0.0344828 -0.206897 0.209655 76 204 255
-0.0344828 -0.221379 0.224138 76 204 255
-0.0172414 -0.206897 0.207586 76 204 255
-0.0172414 -0.223448 0.224138 76 204 255
0 -0.206897 0.206897 76 204 255
0 -0.224138 0.224138 76 204 255
0.0172414 -0.206897 0.207586 76 204 255
0.0172414 -0.223448 0.224138 76 204 255
0.0344828 -0.206897 0.209655 76 204 255
0.0344828 -0.221379 0.224138 76 204 255
0.0517241 -0.206897 0.213103 76 204 255
0.0517241 -0.217931 0.224138 76 204 255
0.0689655 -0.206897 0.217931 76 204 255
0.0689655 -0.213103 0.224138 76 204 255
0.0862069 -0.206897 0.224138 76 204 255
-0.103448 -0.198651 0.224138 76 204 255
-0.119363 -0.189655 0.224138 76 204 255
-0.103448 -0.189655 0.215862 76 204 255
-0.0862069 -0.189655 0.208276 76 204 255
-0.0862069 -0.206897 0.224138 76 204 255
0.0862069 -0.189655 0.208276 76 204 255
0.0862069 -0.206897 0.224138 76 204 255
0.103448 -0.189655 0.215862 76 204 255
0.103448 -0.198651 0.224138 76 204 255
0.119363 -0.189655 0.224138 76 204 255
-0.137931 -0.176519 0.224138 76 204 255
-0.143002 -0.172414 0.224138 76 204 255
-0.137931 -0.172414 0.22069 76 204 255
-0.12069 -0.172414 0.210345 76 204 255
-0.12069 -0.188834 0.224138 76 204 255
0.12069 -0.172414 0.210345 76 204 255
0.12069 -0.188834 0.224138 76 204 255
0.137931 -0.172414 0.22069 76 204 255
0.137931 -0.176519 0.224138 76 204 255
0.143002 -0.172414 0.224138 76 204 255
-0.155172 -0.161525 0.224138 76 204 255
-0.161525 -0.155172 0.224138 76 204 255
-0.155172 -0.155172 0.21931 76 204 255
-0.137931 -0.155172 0.207586 76 204 255
0.137931 -0.155172 0.207586 76 204 255
0.155172 -0.155172 0.21931 76 204 255
0.155172 -0.161525 0.224138 76 204 255
0.161525 -0.155172 0.224138 76 204 255
-0.172414 -0.143002 0.224138 76 204 255
-0.176519 -0.137931 0.224138 76 204 255
-0.172414 -0.137931 0.22069 76 204 255
-0.155172 -0.137931 0.207586 76 204 255
0.155172 -0.137931 0.207586 76 204 255
0.172414 -0.137931 0.22069 76 204 255
0.172414 -0.143002 0.224138 76 204 255
0.176519 -0.137931 0.224138 76 204 255
-0.188834 -0.12069 0.224138 76 204 255
-0.172414 -0.12069 0.210345 76 204 255
0.172414 -0.12069 0.210345 76 204 255
0.188834 -0.12069 0.224138 76 204 255
-0.189655 -0.119363 0.224138 76 204 255
-0.198651 -0.103448 0.224138 76 204 255
-0.189655 -0.103448 0.215862 76 204 255
0.189655 -0.103448 0.215862 76 204 255
0.189655 -0.119363 0.224138 76 204 255
0.198651 -0.103448 0.224138 76 204 255
-0.206897 -0.0862069 0.224138 76 204 255
-0.206897 -0.0862069 0.224138 76 204 255
-0.206897 -0.0862069 0.224138 76 204 255
-0.189655 -0.0862069 0.208276 76 204 255
0.189655 -0.0862069 0.208276 76 204 255
0.206897 -0.0862069 0.224138 76 204 255
0.206897 -0.0862069 0.224138 76 204 255
0.206897 -0.0862069 0.224138 76 204 255
-0.213103 -0.0689655 0.224138 76 204 255
-0.206897 -0.0689655 0.217931 76 204 255
0.206897 -0.0689655 0.217931 76 204 255
0.213103 -0.0689655 0.224138 76 204 255
-0.217931 -0.0517241 0.224138 76 204 255
-0.206897 -0.0517241 0.213103 76 204 255
0.206897 -0.0517241 0.213103 76 204 255
0.217931 -0.0517241 0.224138 76 204 255
-0.221379 -0.0344828 0.224138 76 204 255
-0.206897 -0.0344828 0.209655 76 204 255
0.206897 -0.0344828 0.209655 76 204 255
0.221379 -0.0344828 0.224138 76 204 255
-0.223448 -0.0172414 0.224138 76 204 255
-0.206897 -0.0172414 0.207586 76 204 255
0.206897 -0.0172414 0.207586 76 204 255
0.223448 -0.0172414 0.224138 76 204 255
-0.224138 0 0.224138 76 204 255
-0.206897 0 0.206897 76 204 255
0.206897 0 0.206897 76 204 255
0.224138 0 0.224138 76 204 255
-0.223448 0.0172414 0.224138 76 204 255
-0.206897 0.0172414 0.207586 76 204 255
0.206897 0.0172414 0.207586 76 204 255
0.223448 0.0172414 0.224138 76 204 255
-0.221379 0.0344828 0.224138 76 204 255
-0.206897 0.0344828 0.209655 76 204 255
0.206897 0.0344828 0.209655 76 204 255
0.221379 0.0344828 0.224138 76 204 255
-0.217931 0.0517241 0.224138 76 204 255
-0.206897 0.0517241 0.213103 76 204 255
0.206897 0.0517241 0.213103 76 204 255
0.217931 0.0517241 0.224138 76 204 255
-0.213103 0.0689655 0.224138 76 204 255
-0.206897 0.0689655 0.217931 76 204 255
0.206897 0.0689655 0.217931 76 204 255
0.213103 0.0689655 0.224138 76 204 255
-0.206897 0.0862069 0.224138 76 204 255
-0.206897 0.0862069 0.224138 76 204 255
-0.189655 0.0862069 0.208276 76 204 255
0.189655 0.0862069 0.208276 76 204 255
0.206897 0.0862069 0.224138 76 204 255
0.206897 0.0862069 0.224138 76 204 255
-0.206897 0.0862069 0.224138 76 204 255
-0.198651 0.103448 0.224138 76 204 255
-0.189655 0.103448 0.215862 76 204 255
0.189655 0.103448 0.215862 76 204 255
0.206897 0.0862069 0.224138 76 204 255
0.198651 0.103448 0.224138 76 204 255
-0.189655 0.119363 0.224138 76 204 255
-0.188834 0.12069 0.224138 76 204 255
-0.172414 0.12069 0.210345 76 204 255
0.172414 0.12069 0.210345 76 204 255
0.189655 0.119363 0.224138 76 204 255
0.188834 0.12069 0.224138 76 204 255
-0.176519 0.137931 0.224138 76 204 255
-0.172414 0.137931 0.22069 76 204 255
-0.155172 0.137931 0.207586 76 204 255
0.155172 0.137931 0.207586 76 204 255
0.172414 0.137931 0.22069 76 204 255
0.176519 0.137931 0.224138 76 204 255
-0.172414 0.143002 0.224138 76 204 255
-0.161525 0.155172 0.224138 76 204 255
-0.155172 0.155172 0.21931 76 204 255
-0.137931 0.155172 0.207586 76 204 255
0.137931 0.155172 0.207586 76 204 255
0.155172 0.155172 0.21931 76 204 255
0.172414 0.143002 0.224138 76 204 255
0.161525 0.155172 0.224138 76 204 255
-0.155172 0.161525 0.224138 76 204 255
-0.143002 0.172414 0.224138 76 204 255
-0.137931 0.172414 0.22069 76 204 255
-0.12069 0.172414 0.210345 76 204 255
0.12069 0.172414 0.210345 76 204 255
0.137931 0.172414 0.22069 76 204 255
0.155172 0.161525 0.224138 76 204 255
0.143002 0.172414 0.224138 76 204 255
-0.137931 0.176519 0.224138 76 204 255
-0.12069 0.188834 0.224138 76 204 255
-0.119363 0.189655 0.224138 76 204 255
-0.103448 0.189655 0.215862 76 204 255
-0.0862069 0.189655 0.208276 76 204 255
0.0862069 0.189655 0.208276 76 204 255
0.103448 0.189655 0.215862 76 204 255
0.12069 0.188834 0.224138 76 204 255
0.119363 0.189655 0.224138 76 204 255
0.137931 0.176519 0.224138 76 204 255
-0.103448 0.198651 0.224138 76 204 255
-0.0862069 0.206897 0.224138 76 204 255
-0.0862069 0.206897 0.224138 76 204 255
-0.0689655 0.206897 0.217931 76 204 255
-0.0517241 0.206897 0.213103 76 204 255
-0.0344828 0.206897 0.209655 76 204 255
-0.0172414 0.206897 0.207586 76 204 255
0 0.206897 0.206897 76 204 255
0.0172414 0.206897 0.207586 76 204 255
0.0344828 0.206897 0.209655 76 204 255
0.0517241 0.206897 0.213103 76 204 255
0.0689655 0.206897 0.217931 76 204 255
0.0862069 0.206897 0.224138 76 204 255
0.0862069 0.206897 0.224138 76 204 255
0.103448 0.198651 0.224138 76 204 255
-0.0689655 0.213103 0.224138 76 204 255
-0.0517241 0.217931 0.224138 76 204 255
-0.0344828 0.221379 0.224138 76 204 255
-0.0172414 0.223448 0.224138 76 204 255
0 0.224138 0.224138 76 204 255
0.0172414 0.223448 0.224138 76 204 255
0.0344828 0.221379 0.224138 76 204 255
0.0517241 0.217931 0.224138 76 204 255
0.0689655 0.213103 0.224138 76 204 255
-0.0862069 -0.225415 0.241379 76 204 255
-0.0893417 -0.224138 0.241379 76 204 255
-0.0862069 -0.224138 0.240102 76 204 255
-0.0689655 -0.224138 0.234355 76 204 255
-0.0689655 -0.231162 0.241379 76 204 255
-0.0517241 -0.224138 0.229885 76 204 255
-0.0517241 -0.235632 0.241379 76 204 255
-0.0344828 -0.224138 0.226692 76 204 255
-0.0344828 -0.238825 0.241379 76 204 255
-0.0172414 -0.224138 0.224777 76 204 255
-0.0172414 -0.240741 0.241379 76 204 255
0 -0.224138 0.224138 76 204 255
0 -0.241379 0.241379 76 204 255
0.0172414 -0.224138 0.224777 76 204 255
0.0172414 -0.240741 0.241379 76 204 255
0.0344828 -0.224138 0.226692 76 204 255
0.0344828 -0.238825 0.241379 76 204 255
0.0517241 -0.224138 0.229885 76 204 255
0.0517241 -0.235632 0.241379 76 204 255
0.0689655 -0.224138 0.234355 76 204 255
0.0689655 -0.231162 0.241379 76 204 255
0.0862069 -0.224138 0.240102 76 204 255
0.0862069 -0.225415 0.241379 76 204 255
0.0893417 -0.224138 0.241379 76 204 255
-0.12069 -0.208966 0.241379 76 204 255
-0.124138 -0.206897 0.241379 76 204 255
-0.12069 -0.206897 0.239464 76 204 255
-0.103448 -0.206897 0.231162 76 204 255
-0.103448 -0.217931 0.241379 76 204 255
-0.0862069 -0.206897 0.224138 76 204 255
0.0862069 -0.206897 0.224138 76 204 255
0.103448 -0.206897 0.231162 76 204 255
0.103448 -0.217931 0.241379 76 204 255
0.12069 -0.206897 0.239464 76 204 255
0.12069 -0.208966 0.241379 76 204 255
0.124138 -0.206897 0.241379 76 204 255
-0.137931 -0.197901 0.241379 76 204 255
-0.149087 -0.189655 0.241379 76 204 255
-0.137931 -0.189655 0.234355 76 204 255
-0.12069 -0.189655 0.224777 76 204 255
0.12069 -0.189655 0.224777 76 204 255
0.137931 -0.189655 0.234355 76 204 255
0.137931 -0.197901 0.241379 76 204 255
0.149087 -0.189655 0.241379 76 204 255
-0.155172 -0.184729 0.241379 76 204 255
-0.168784 -0.172414 0.241379 76 204 255
-0.155172 -0.172414 0.231801 76 204 255
0.155172 -0.172414 0.231801 76 204 255
0.155172 -0.184729 0.241379 76 204 255
0.168784 -0.172414 0.241379 76 204 255
-0.172414 -0.168784 0.241379 76 204 255
-0.184729 -0.155172 0.241379 76 204 255
-0.172414 -0.155172 0.231801 76 204 255
0.172414 -0.155172 0.231801 76 204 255
0.172414 -0.168784 0.241379 76 204 255
0.184729 -0.155172 0.241379 76 204 255
-0.189655 -0.149087 0.241379 76 204 255
-0.197901 -0.137931 0.241379 76 204 255
-0.189655 -0.137931 0.234355 76 204 255
0.189655 -0.137931 0.234355 76 204 255
0.189655 -0.149087 0.241379 76 204 255
0.197901 -0.137931 0.241379 76 204 255
-0.206897 -0.124138 0.241379 76 204 255
-0.208966 -0.12069 0.241379 76 204 255
-0.206897 -0.12069 0.239464 76 204 255
-0.189655 -0.12069 0.224777 76 204 255
0.189655 -0.12069 0.224777 76 204 255
0.206897 -0.12069 0.239464 76 204 255
0.206897 -0.124138 0.241379 76 204 255
0.208966 -0.12069 0.241379 76 204 255
-0.217931 -0.103448 0.241379 76 204 255
-0.206897 -0.103448 0.231162 76 204 255
0.206897 -0.103448 0.231162 76 204 255
0.217931 -0.103448 0.241379 76 204 255
-0.224138 -0.0893417 0.241379 76 204 255
-0.225415 -0.0862069 0.241379 76 204 255
-0.224138 -0.0862069 0.240102 76 204 255
0.224138 -0.0862069 0.240102 76 204 255
0.224138 -0.0893417 0.241379 76 204 255
0.225415 -0.0862069 0.241379 76 204 255
-0.231162 -0.0689655 0.241379 76 204 255
-0.224138 -0.0689655 0.234355 76 204 255
0.224138 -0.0689655 0.234355 76 204 255
0.231162 -0.0689655 0.241379 76 204 255
-0.235632 -0.0517241 0.241379 76 204 255
-0.224138 -0.0517241 0.229885 76 204 255
0.224138 -0.0517241 0.229885 76 204 255
0.235632 -0.0517241 0.241379 76 204 255
-0.238825 -0.0344828 0.241379 76 204 255
-0.224138 -0.0344828 0.226692 76 204 255
0.224138 -0.0344828 0.226692 76 204 255
0.238825 -0.0344828 0.241379 76 204 255
-0.240741 -0.0172414 0.241379 76 204 255
-0.224138 -0.0172414 0.224777 76 204 255
0.224138 -0.0172414 0.224777 76 204 255
0.240741 -0.0172414 0.241379 76 204 255
-0.241379 0 0.241379 76 204 255
-0.224138 0 0.224138 76 204 255
0.224138 0 0.224138 76 204 255
0.241379 0 0.241379 76 204 255
-0.240741 0.0172414 0.241379 76 204 255
-0.224138 0.0172414 0.224777 76 204 255
0.224138 0.0172414 0.224777 76 204 255
0.240741 0.0172414 0.241379 76 204 255
-0.238825 0.0344828 0.241379 76 204 255
-0.224138 0.0344828 0.226692 76 204 255
0.224138 0.0344828 0.226692 76 204 255
0.238825 0.0344828 0.241379 76 204 255
-0.235632 0.0517241 0.241379 76 204 255
-0.224138 0.0517241 0.229885 76 204 255
0.224138 0.0517241 0.229885 76 204 255
0.235632 0.0517241 0.241379 76 204 255
-0.231162 0.0689655 0.241379 76 204 255
-0.224138 0.0689655 0.234355 76 204 255
0.224138 0.0689655 0.234355 76 204 255
0.231162 0.0689655 0.241379 76 204 255
-0.225415 0.0862069 0.241379 76 204 255
-0.224138 0.0862069 0.240102 76 204 255
0.224138 0.0862069 0.240102 76 204 255
0.225415 0.0862069 0.241379 76 204 255
-0.224138 0.0893417 0.241379 76 204 255
-0.217931 0.103448 0.241379 76 204 255
-0.206897 0.103448 0.231162 76 204 255
0.206897 0.103448 0.231162 76 204 255
0.224138 0.0893417 0.241379 76 204 255
0.217931 0.103448 0.241379 76 204 255
-0.208966 0.12069 0.241379 76 204 255
-0.206897 0.12069 0.239464 76 204 255
-0.189655 0.12069 0.224777 76 204 255
0.189655 0.12069 0.224777 76 204 255
0.206897 0.12069 0.239464 76 204 255
0.208966 0.12069 0.241379 76 204 255
-0.206897 0.124138 0.241379 76 204 255
-0.197901 0.137931 0.241379 76 204 255
-0.189655 0.137931 0.234355 76 204 255
0.189655 0.137931 0.234355 76 204 255
0.206897 0.124138 0.241379 76 204 255
0.197901 0.137931 0.241379 76 204 255
-0.189655 0.149087 0.241379 76 204 255
-0.184729 0.155172 0.241379 76 204 255
-0.172414 0.155172 0.231801 76 204 255
0.172414 0.155172 0.231801 76 204 255
0.189655 0.149087 0.241379 76 204 255
0.184729 0.155172 0.241379 76 204 255
-0.172414 0.168784 0.241379 76 204 255
-0.168784 0.172414 0.241379 76 204 255
-0.155172 0.172414 0.231801 76 204 255
0.155172 0.172414 0.231801 76 204 255
0.172414 0.168784 0.241379 76 204 255
0.168784 0.172414 0.241379 76 204 255
-0.155172 0.184729 0.241379 76 204 255
-0.149087 0.189655 0.241379 76 204 255
-0.137931 0.189655 0.234355 76 204 255
-0.12069 0.189655 0.224777 76 204 255
0.12069 0.189655 0.224777 76 204 255
0.137931 0.189655 0.234355 76 204 255
0.155172 0.184729 0.241379 76 204 255
0.149087 0.189655 0.241379 76 204 255
-0.137931 0.197901 0.241379 76 204 255
-0.124138 0.206897 0.241379 76 204 255
-0.12069 0.206897 0.239464 76 204 255
-0.103448 0.206897 0.231162 76 204 255
-0.0862069 0.206897 0.224138 76 204 255
0.0862069 0.206897 0.224138 76 204 255
0.103448 0.206897 0.231162 76 204 255
0.12069 0.206897 0.239464 76 204 255
0.137931 0.197901 0.241379 76 204 255
0.124138 0.206897 0.241379 76 204 255
-0.12069 0.208966 0.241379 76 204 255
-0.103448 0.217931 0.241379 76 204 255
-0.0893417 0.224138 0.241379 76 204 255
-0.0862069 0.224138 0.240102 76 204 255
-0.0689655 0.224138 0.234355 76 204 255
-0.0517241 0.224138 0.229885 76 204 255
-0.0344828 0.224138 0.226692 76 204 255
-0.0172414 0.224138 0.224777 76 204 255
0 0.224138 0.224138 76 204 255
0.0172414 0.224138 0.224777 76 204 255
0.0344828 0.224138 0.226692 76 204 255
0.0517241 0.224138 0.229885 76 204 255
0.0689655 0.224138 0.234355 76 204 255
0.0862069 0.224138 0.240102 76 204 255
0.103448 0.217931 0.241379 76 204 255
0.0893417 0.224138 0.241379 76 204 255
0.12069 0.208966 0.241379 76 204 255
-0.0862069 0.225415 0.241379 76 204 255
-0.0689655 0.231162 0.241379 76 204 255
-0.0517241 0.235632 0.241379 76 204 255
-0.0344828 0.238825 0.241379 76 204 255
-0.0172414 0.240741 0.241379 76 204 255
0 0.241379 0.241379 76 204 255
0.0172414 0.240741 0.241379 76 204 255
0.0344828 0.238825 0.241379 76 204 255
0.0517241 0.235632 0.241379 76 204 255
0.0689655 0.231162 0.241379 76 204 255
0.0862069 0.225415 0.241379 76 204 255
-0.0862069 -0.243757 0.258621 76 204 255
-0.0924765 -0.241379 0.258621 76 204 255
-0.0862069 -0.241379 0.256243 76 204 255
-0.0689655 -0.241379 0.250892 76 204 255
-0.0689655 -0.249108 0.258621 76 204 255
-0.0517241 -0.241379 0.24673 76 204 255
-0.0517241 -0.25327 0.258621 76 204 255
-0.0344828 -0.241379 0.243757 76 204 255
-0.0344828 -0.256243 0.258621 76 204 255
-0.0172414 -0.241379 0.241974 76 204 255
-0.0172414 -0.258026 0.258621 76 204 255
0 -0.241379 0.241379 76 204 255
0 -0.258621 0.258621 76 204 255
0.0172414 -0.241379 0.241974 76 204 255
0.0172414 -0.258026 0.258621 76 204 255
0.0344828 -0.241379 0.243757 76 204 255
0.0344828 -0.256243 0.258621 76 204 255
0.0517241 -0.241379 0.24673 76 204 255
0.0517241 -0.25327 0.258621 76 204 255
0.0689655 -0.241379 0.250892 76 204 255
0.0689655 -0.249108 0.258621 76 204 255
0.0862069 -0.241379 0.256243 76 204 255
0.0862069 -0.243757 0.258621 76 204 255
0.0924765 -0.241379 0.258621 76 204 255
-0.12069 -0.228608 0.258621 76 204 255
-0.128736 -0.224138 0.258621 76 204 255
-0.12069 -0.224138 0.254459 76 204 255
-0.103448 -0.224138 0.24673 76 204 255
-0.103448 -0.236909 0.258621 76 204 255
0.103448 -0.224138 0.24673 76 204 255
0.103448 -0.236909 0.258621 76 204 255
0.12069 -0.224138 0.254459 76 204 255
0.12069 -0.228608 0.258621 76 204 255
0.128736 -0.224138 0.258621 76 204 255
-0.155172 -0.206897 0.258621 76 204 255
-0.155172 -0.206897 0.258621 76 204 255
-0.155172 -0.206897 0.258621 76 204 255
-0.137931 -0.206897 0.248514 76 204 255
-0.137931 -0.218621 0.258621 76 204 255
0.137931 -0.206897 0.248514 76 204 255
0.137931 -0.218621 0.258621 76 204 255
0.155172 -0.206897 0.258621 76 204 255
0.155172 -0.206897 0.258621 76 204 255
0.155172 -0.206897 0.258621 76 204 255
-0.172414 -0.192654 0.258621 76 204 255
-0.175698 -0.189655 0.258621 76 204 255
-0.172414 -0.189655 0.256243 76 204 255
-0.155172 -0.189655 0.244946 76 204 255
0.155172 -0.189655 0.244946 76 204 255
0.172414 -0.189655 0.256243 76 204 255
0.172414 -0.192654 0.258621 76 204 255
0.175698 -0.189655 0.258621 76 204 255
-0.189655 -0.175698 0.258621 76 204 255
-0.192654 -0.172414 0.258621 76 204 255
-0.189655 -0.172414 0.256243 76 204 255
-0.172414 -0.172414 0.243757 76 204 255
0.172414 -0.172414 0.243757 76 204 255
0.189655 -0.172414 0.256243 76 204 255
0.189655 -0.175698 0.258621 76 204 255
0.192654 -0.172414 0.258621 76 204 255
-0.206897 -0.155172 0.258621 76 204 255
-0.206897 -0.155172 0.258621 76 204 255
-0.206897 -0.155172 0.258621 76 204 255
-0.189655 -0.155172 0.244946 76 204 255
0.189655 -0.155172 0.244946 76 204 255
0.206897 -0.155172 0.258621 76 204 255
0.206897 -0.155172 0.258621 76 204 255
0.206897 -0.155172 0.258621 76 204 255
-0.218621 -0.137931 0.258621 76 204 255
-0.206897 -0.137931 0.248514 76 204 255
0.206897 -0.137931 0.248514 76 204 255
0.218621 -0.137931 0.258621 76 204 255
-0.224138 -0.128736 0.258621 76 204 255
-0.228608 -0.12069 0.258621 76 204 255
-0.224138 -0.12069 0.254459 76 204 255
0.224138 -0.12069 0.254459 76 204 255
0.224138 -0.128736 0.258621 76 204 255
0.228608 -0.12069 0.258621 76 204 255
-0.236909 -0.103448 0.258621 76 204 255
-0.224138 -0.103448 0.24673 76 204 255
0.224138 -0.103448 0.24673 76 204 255
0.236909 -0.103448 0.258621 76 204 255
-0.241379 -0.0924765 0.258621 76 204 255
-0.243757 -0.0862069 0.258621 76 204 255
-0.241379 -0.0862069 0.256243 76 204 255
0.241379 -0.0862069 0.256243 76 204 255
0.241379 -0.0924765 0.258621 76 204 255
0.243757 -0.0862069 0.258621 76 204 255
-0.249108 -0.0689655 0.258621 76 204 255
-0.241379 -0.0689655 0.250892 76 204 255
0.241379 -0.0689655 0.250892 76 204 255
0.249108 -0.0689655 0.258621 76 204 255
-0.25327 -0.0517241 0.258621 76 204 255
-0.241379 -0.0517241 0.24673 76 204 255
0.241379 -0.0517241 0.24673 76 204 255
0.25327 -0.0517241 0.258621 76 204 255
-0.256243 -0.0344828 0.258621 76 204 255
-0.241379 -0.0344828 0.243757 76 204 255
0.241379 -0.0344828 0.243757 76 204 255
0.256243 -0.0344828 0.258621 76 204 255
-0.258026 -0.0172414 0.258621 76 204 255
-0.241379 -0.0172414 0.241974 76 204 255
0.241379 -0.0172414 0.241974 76 204 255
0.258026 -0.0172414 0.258621 76 204 255
-0.258621 0 0.258621 76 204 255
-0.241379 0 0.241379 76 204 255
0.241379 0 0.241379 76 204 255
0.258621 0 0.258621 76 204 255
-0.258026 0.0172414 0.258621 76 204 255
-0.241379 0.0172414 0.241974 76 204 255
0.241379 0.0172414 0.241974 76 204 255
0.258026 0.0172414 0.258621 76 204 255
-0.256243 0.0344828 0.258621 76 204 255
-0.241379 0.0344828 0.243757 76 204 255
0.241379 0.0344828 0.243757 76 204 255
0.256243 0.0344828 0.258621 76 204 255
-0.25327 0.0517241 0.258621 76 204 255
-0.241379 0.0517241 0.24673 76 204 255
0.241379 0.0517241 0.24673 76 204 255
0.25327 0.0517241 0.258621 76 204 255
-0.249108 0.0689655 0.258621 76 204 255
-0.241379 0.0689655 0.250892 76 204 255
0.241379 0.0689655 0.250892 76 204 255
0.249108 0.0689655 0.258621 76 204 255
-0.243757 0.0862069 0.258621 76 204 255
-0.241379 0.0862069 0.256243 76 204 255
0.241379 0.0862069 0.256243 76 204 255
0.243757 0.0862069 0.258621 76 204 255
-0.241379 0.0924765 0.258621 76 204 255
-0.236909 0.103448 0.258621 76 204 255
-0.224138 0.103448 0.24673 76 204 255
0.224138 0.103448 0.24673 76 204 255
0.241379 0.0924765 0.258621 76 204 255
0.236909 0.103448 0.258621 76 204 255
-0.228608 0.12069 0.258621 76 204 255
-0.224138 0.12069 0.254459 76 204 255
0.224138 0.12069 0.254459 76 204 255
0.228608 0.12069 0.258621 76 204 255
-0.224138 0.128736 0.258621 76 204 255
-0.218621 0.137931 0.258621 76 204 255
-0.206897 0.137931 0.248514 76 204 255
0.206897 0.137931 0.248514 76 204 255
0.224138 0.128736 0.258621 76 204 255
0.218621 0.137931 0.258621 76 204 255
-0.206897 0.155172 0.258621 76 204 255
-0.206897 0.155172 0.258621 76 204 255
-0.189655 0.155172 0.244946 76 204 255
0.189655 0.155172 0.244946 76 204 255
0.206897 0.155172 0.258621 76 204 255
0.206897 0.155172 0.258621 76 204 255
-0.206897 0.155172 0.258621 76 204 255
-0.192654 0.172414 0.258621 76 204 255
-0.189655 0.172414 0.256243 76 204 255
-0.172414 0.172414 0.243757 76 204 255
0.172414 0.172414 0.243757 76 204 255
0.189655 0.172414 0.256243 76 204 255
0.206897 0.155172 0.258621 76 204 255
0.192654 0.172414 0.258621 76 204 255
-0.189655 0.175698 0.258621 76 204 255
-0.175698 0.189655 0.258621 76 204 255
-0.172414 0.189655 0.256243 76 204 255
-0.155172 0.189655 0.244946 76 204 255
0.155172 0.189655 0.244946 76 204 255
0.172414 0.189655 0.256243 76 204 255
0.189655 0.175698 0.258621 76 204 255
0.175698 0.189655 0.258621 76 204 255
-0.172414 0.192654 0.258621 76 204 255
-0.155172 0.206897 0.258621 76 204 255
-0.155172 0.206897 0.258621 76 204 255
-0.137931 0.206897 0.248514 76 204 255
0.137931 0.206897 0.248514 76 204 255
0.155172 0.206897 0.258621 76 204 255
0.172414 0.192654 0.258621 76 204 255
0.155172 0.206897 0.258621 76 204 255
-0.155172 0.206897 0.258621 76 204 255
-0.137931 0.218621 0.258621 76 204 255
-0.128736 0.224138 0.258621 76 204 255
-0.12069 0.224138 0.254459 76 204 255
-0.103448 0.224138 0.24673 76 204 255
0.103448 0.224138 0.24673 76 204 255
0.12069 0.224138 0.254459 76 204 255
0.137931 0.218621 0.258621 76 204 255
0.128736 0.224138 0.258621 76 204 255
0.155172 0.206897 0.258621 76 204 255
-0.12069 0.228608 0.258621 76 204 255
-0.103448 0.236909 0.258621 76 204 255
-0.0924765 0.241379 0.258621 76 204 255
-0.0862069 0.241379 0.256243 76 204 255
-0.0689655 0.241379 0.250892 76 204 255
-0.0517241 0.241379 0.24673 76 204 255
-0.0344828 0.241379 0.243757 76 204 255
-0.0172414 0.241379 0.241974 76 204 255
0 0.241379 0.241379 76 204 255
0.0172414 0.241379 0.241974 76 204 255
0.0344828 0.241379 0.243757 76 204 255
0.0517241 0.241379 0.24673 76 204 255
0.0689655 0.241379 0.250892 76 204 255
0.0862069 0.241379 0.256243 76 204 255
0.103448 0.236909 0.258621 76 204 255
0.0924765 0.241379 0.258621 76 204 255
0.12069 0.228608 0.258621 76 204 255
-0.0862069 0.243757 0.258621 76 204 255
-0.0689655 0.249108 0.258621 76 204 255
-0.0517241 0.25327 0.258621 76 204 255
-0.0344828 0.256243 0.258621 76 204 255
-0.0172414 0.258026 0.258621 76 204 255
0 0.258621 0.258621 76 204 255
0.0172414 0.258026 0.258621 76 204 255
0.0344828 0.256243 0.258621 76 204 255
0.0517241 0.25327 0.258621 76 204 255
0.0689655 0.249108 0.258621 76 204 255
0.0862069 0.243757 0.258621 76 204 255
-0.0862069 -0.261958 0.275862 76 204 255
-0.0956113 -0.258621 0.275862 76 204 255
-0.0862069 -0.258621 0.272525 76 204 255
-0.0689655 -0.258621 0.267519 76 204 255
-0.0689655 -0.266963 0.275862 76 204 255
-0.0517241 -0.258621 0.263626 76 204 255
-0.0517241 -0.270856 0.275862 76 204 255
-0.0344828 -0.258621 0.260845 76 204 255
-0.0344828 -0.273637 0.275862 76 204 255
-0.0172414 -0.258621 0.259177 76 204 255
-0.0172414 -0.275306 0.275862 76 204 255
0 -0.275862 0.275862 76 204 255
-2.71813e-16 -0.275862 0.275862 76 204 255
0 -0.258621 0.258621 76 204 255
2.69899e-16 -0.275862 0.275862 76 204 255
0.0172414 -0.258621 0.259177 76 204 255
0.0172414 -0.275306 0.275862 76 204 255
0.0344828 -0.258621 0.260845 76 204 255
0.0344828 -0.273637 0.275862 76 204 255
0.0517241 -0.258621 0.263626 76 204 255
0.0517241 -0.270856 0.275862 76 204 255
0.0689655 -0.258621 0.267519 76 204 255
0.0689655 -0.266963 0.275862 76 204 255
0.0862069 -0.258621 0.272525 76 204 255
0.0862069 -0.261958 0.275862 76 204 255
0.0956113 -0.258621 0.275862 76 204 255
-0.12069 -0.247919 0.275862 76 204 255
-0.133333 -0.241379 0.275862 76 204 255
-0.12069 -0.241379 0.269744 76 204 255
-0.103448 -0.241379 0.262514 76 204 255
-0.103448 -0.255648 0.275862 76 204 255
0.103448 -0.241379 0.262514 76 204 255
0.103448 -0.255648 0.275862 76 204 255
0.12069 -0.241379 0.269744 76 204 255
0.12069 -0.247919 0.275862 76 204 255
0.133333 -0.241379 0.275862 76 204 255
-0.155172 -0.227969 0.275862 76 204 255
-0.160617 -0.224138 0.275862 76 204 255
-0.155172 -0.224138 0.272525 76 204 255
-0.137931 -0.224138 0.26307 76 204 255
-0.137931 -0.238825 0.275862 76 204 255
0.137931 -0.224138 0.26307 76 204 255
0.137931 -0.238825 0.275862 76 204 255
0.155172 -0.224138 0.272525 76 204 255
0.155172 -0.227969 0.275862 76 204 255
0.160617 -0.224138 0.275862 76 204 255
-0.172414 -0.215172 0.275862 76 204 255
-0.182266 -0.206897 0.275862 76 204 255
-0.172414 -0.206897 0.269188 76 204 255
0.172414 -0.206897 0.269188 76 204 255
0.172414 -0.215172 0.275862 76 204 255
0.182266 -0.206897 0.275862 76 204 255
-0.189655 -0.20015 0.275862 76 204 255
-0.20015 -0.189655 0.275862 76 204 255
-0.189655 -0.189655 0.268076 76 204 255
0.189655 -0.189655 0.268076 76 204 255
0.189655 -0.20015 0.275862 76 204 255
0.20015 -0.189655 0.275862 76 204 255
-0.206897 -0.182266 0.275862 76 204 255
-0.215172 -0.172414 0.275862 76 204 255
-0.206897 -0.172414 0.269188 76 204 255
0.206897 -0.172414 0.269188 76 204 255
0.206897 -0.182266 0.275862 76 204 255
0.215172 -0.172414 0.275862 76 204 255
-0.224138 -0.160617 0.275862 76 204 255
-0.227969 -0.155172 0.275862 76 204 255
-0.224138 -0.155172 0.272525 76 204 255
0.224138 -0.155172 0.272525 76 204 255
0.224138 -0.160617 0.275862 76 204 255
0.227969 -0.155172 0.275862 76 204 255
-0.238825 -0.137931 0.275862 76 204 255
-0.224138 -0.137931 0.26307 76 204 255
0.224138 -0.137931 0.26307 76 204 255
0.238825 -0.137931 0.275862 76 204 255
-0.241379 -0.133333 0.275862 76 204 255
-0.247919 -0.12069 0.275862 76 204 255
-0.241379 -0.12069 0.269744 76 204 255
0.241379 -0.12069 0.269744 76 204 255
0.241379 -0.133333 0.275862 76 204 255
0.247919 -0.12069 0.275862 76 204 255
-0.255648 -0.103448 0.275862 76 204 255
-0.241379 -0.103448 0.262514 76 204 255
0.241379 -0.103448 0.262514 76 204 255
0.255648 -0.103448 0.275862 76 204 255
-0.258621 -0.0956113 0.275862 76 204 255
-0.261958 -0.0862069 0.275862 76 204 255
-0.258621 -0.0862069 0.272525 76 204 255
0.258621 -0.0862069 0.272525 76 204 255
0.258621 -0.0956113 0.275862 76 204 255
0.261958 -0.0862069 0.275862 76 204 255
-0.266963 -0.0689655 0.275862 76 204 255
-0.258621 -0.0689655 0.267519 76 204 255
0.258621 -0.0689655 0.267519 76 204 255
0.266963 -0.0689655 0.275862 76 204 255
-0.270856 -0.0517241 0.275862 76 204 255
-0.258621 -0.0517241 0.263626 76 204 255
0.258621 -0.0517241 0.263626 76 204 255
0.270856 -0.0517241 0.275862 76 204 255
-0.273637 -0.0344828 0.275862 76 204 255
-0.258621 -0.0344828 0.260845 76 204 255
0.258621 -0.0344828 0.260845 76 204 255
0.273637 -0.0344828 0.275862 76 204 255
-0.275306 -0.0172414 0.275862 76 204 255
-0.258621 -0.0172414 0.259177 76 204 255
0.258621 -0.0172414 0.259177 76 204 255
0.275306 -0.0172414 0.275862 76 204 255
-0.275862 -2.69899e-16 0.275862 76 204 255
-0.275862 0 0.275862 76 204 255
-0.258621 0 0.258621 76 204 255
0.258621 0 0.258621 76 204 255
0.275862 0 0.275862 76 204 255
0.275862 -2.69899e-16 0.275862 76 204 255
-0.275306 0.0172414 0.275862 76 204 255
-0.275862 2.71813e-16 0.275862 76 204 255
-0.258621 0.0172414 0.259177 76 204 255
0.258621 0.0172414 0.259177 76 204 255
0.275862 2.71813e-16 0.275862 76 204 255
0.275306 0.0172414 0.275862 76 204 255
-0.273637 0.0344828 0.275862 76 204 255
-0.258621 0.0344828 0.260845 76 204 255
0.258621 0.0344828 0.260845 76 204 255
0.273637 0.0344828 0.275862 76 204 255
-0.270856 0.0517241 0.275862 76 204 255
-0.258621 0.0517241 0.263626 76 204 255
0.258621 0.0517241 0.263626 76 204 255
0.270856 0.0517241 0.275862 76 204 255
-0.266963 0.0689655 0.275862 76 204 255
-0.258621 0.0689655 0.267519 76 204 255
0.258621 0.0689655 0.267519 76 204 255
0.266963 0.0689655 0.275862 76 204 255
-0.261958 0.0862069 0.275862 76 204 255
-0.258621 0.0862069 0.272525 76 204 255
0.258621 0.0862069 0.272525 76 204 255
0.261958 0.0862069 0.275862 76 204 255
-0.258621 0.0956113 0.275862 76 204 255
-0.255648 0.103448 0.275862 76 204 255
-0.241379 0.103448 0.262514 76 204 255
0.241379 0.103448 0.262514 76 204 255
0.258621 0.0956113 0.275862 76 204 255
0.255648 0.103448 0.275862 76 204 255
-0.247919 0.12069 0.275862 76 204 255
-0.241379 0.12069 0.269744 76 204 255
0.241379 0.12069 0.269744 76 204 255
0.247919 0.12069 0.275862 76 204 255
-0.241379 0.133333 0.275862 76 204 255
-0.238825 0.137931 0.275862 76 204 255
-0.224138 0.137931 0.26307 76 204 255
0.224138 0.137931 0.26307 76 204 255
0.241379 0.133333 0.275862 76 204 255
0.238825 0.137931 0.275862 76 204 255
-0.227969 0.155172 0.275862 76 204 255
-0.224138 0.155172 0.272525 76 204 255
0.224138 0.155172 0.272525 76 204 255
0.227969 0.155172 0.275862 76 204 255
-0.224138 0.160617 0.275862 76 204 255
-0.215172 0.172414 0.275862 76 204 255
-0.206897 0.172414 0.269188 76 204 255
0.206897 0.172414 0.269188 76 204 255
0.224138 0.160617 0.275862 76 204 255
0.215172 0.172414 0.275862 76 204 255
-0.206897 0.182266 0.275862 76 204 255
-0.20015 0.189655 0.275862 76 204 255
-0.189655 0.189655 0.268076 76 204 255
0.189655 0.189655 0.268076 76 204 255
0.206897 0.182266 0.275862 76 204 255
0.20015 0.189655 0.275862 76 204 255
-0.189655 0.20015 0.275862 76 204 255
-0.182266 0.206897 0.275862 76 204 255
-0.172414 0.206897 0.269188 76 204 255
0.172414 0.206897 0.269188 76 204 255
0.189655 0.20015 0.275862 76 204 255
0.182266 0.206897 0.275862 76 204 255
-0.172414 0.215172 0.275862 76 204 255
-0.160617 0.224138 0.275862 76 204 255
-0.155172 0.224138 0.272525 76 204 255
-0.137931 0.224138 0.26307 76 204 255
0.137931 0.224138 0.26307 76 204 255
0.155172 0.224138 0.272525 76 204 255
0.172414 0.215172 0.275862 76 204 255
0.160617 0.224138 0.275862 76 204 255
-0.155172 0.227969 0.275862 76 204 255
-0.137931 0.238825 0.275862 76 204 255
-0.133333 0.241379 0.275862 76 204 255
-0.12069 0.241379 0.269744 76 204 255
-0.103448 0.241379 0.262514 76 204 255
0.103448 0.241379 0.262514 76 204 255
0.12069 0.241379 0.269744 76 204 255
0.137931 0.238825 0.275862 76 204 255
0.133333 0.241379 0.275862 76 204 255
0.155172 0.227969 0.275862 76 204 255
-0.12069 0.247919 0.275862 76 204 255
-0.103448 0.255648 0.275862 76 204 255
-0.0956113 0.258621 0.275862 76 204 255
-0.0862069 0.258621 0.272525 76 204 255
-0.0689655 0.258621 0.267519 76 204 255
-0.0517241 0.258621 0.263626 76 204 255
-0.0344828 0.258621 0.260845 76 204 255
-0.0172414 0.258621 0.259177 76 204 255
0 0.258621 0.258621 76 204 255
0.0172414 0.258621 0.259177 76 204 255
0.0344828 0.258621 0.260845 76 204 255
0.0517241 0.258621 0.263626 76 204 255
0.0689655 0.258621 0.267519 76 204 255
0.0862069 0.258621 0.272525 76 204 255
0.103448 0.255648 0.275862 76 204 255
0.0956113 0.258621 0.275862 76 204 255
0.12069 0.247919 0.275862 76 204 255
-0.0862069 0.261958 0.275862 76 204 255
-0.0689655 0.266963 0.275862 76 204 255
-0.0517241 0.270856 0.275862 76 204 255
-0.0344828 0.273637 0.275862 76 204 255
-0.0172414 0.275306 0.275862 76 204 255
-2.71813e-16 0.275862 0.275862 76 204 255
0 0.275862 0.275862 76 204 255
0.0172414 0.275306 0.275862 76 204 255
2.69899e-16 0.275862 0.275862 76 204 255
0.0344828 0.273637 0.275862 76 204 255
0.0517241 0.270856 0.275862 76 204 255
0.0689655 0.266963 0.275862 76 204 255
0.0862069 0.261958 0.275862 76 204 255
3 0 1 2
3 3 1 0
3 4 1 3
3 5 4 3
3 6 4 5
3 7 6 5
3 8 6 7
3 9 8 7
3 10 8 9
3 11 10 9
3 11 12 10
3 12 13 10
3 14 12 15
3 14 16 12
3 16 13 12
3 17 16 14
3 18 16 17
3 19 18 17
3 20 18 19
3 21 20 19
3 22 20 21
3 23 22 21
3 24 22 23
3 25 24 23
3 26 27 28
3 29 27 26
3 30 27 29
3 31 32 30
3 1 31 30
3 1 30 29
3 1 29 2
3 1 4 33
3 31 1 33
3 4 6 34
3 33 4 34
3 6 8 35
3 34 6 35
3 8 10 36
3 35 8 36
3 10 13 37
3 36 10 37
3 13 16 38
3 37 13 38
3 16 18 39
3 38 16 39
3 18 20 40
3 39 18 40
3 20 22 41
3 40 20 41
3 22 24 42
3 41 22 42
3 24 43 42
3 25 43 24
3 25 44 43
3 25 45 44
3 46 44 45
3 47 44 46
3 48 47 46
3 49 50 51
3 52 50 49
3 53 50 52
3 54 55 53
3 27 54 53
3 27 53 52
3 27 52 28
3 27 30 56
3 54 27 56
3 30 32 56
3 44 57 43
3 44 47 58
3 57 44 58
3 47 59 58
3 48 59 47
3 48 60 59
3 48 61 60
3 62 60 61
3 63 60 62
3 64 63 62
3 65 66 67
3 68 69 66
3 50 68 66
3 50 66 65
3 50 65 51
3 50 53 70
3 68 50 70
3 53 55 70
3 60 71 59
3 60 63 72
3 71 60 72
3 63 73 72
3 64 73 63
3 64 74 73
3 64 75 74
3 76 74 75
3 77 78 79
3 80 81 78
3 66 80 78
3 66 78 77
3 66 77 67
3 66 69 80
3 74 82 73
3 74 83 82
3 76 83 74
3 76 84 83
3 76 85 84
3 86 84 85
3 87 88 89
3 90 91 88
3 78 90 88
3 78 88 87
3 78 87 79
3 78 81 90
3 84 92 83
3 84 93 92
3 86 93 84
3 86 94 93
3 86 95 94
3 96 94 95
3 97 98 99
3 100 101 98
3 88 100 98
3 88 98 97
3 88 97 89
3 88 91 100
3 94 102 93
3 94 103 102
3 96 103 94
3 96 104 103
3 96 105 104
3 106 104 105
3 99 107 108
3 98 107 99
3 107 98 101
3 109 107 101
3 104 110 111
3 103 104 111
3 112 104 106
3 110 104 112
3 113 114 115
3 116 117 114
3 107 116 114
3 107 114 113
3 107 113 108
3 107 109 116
3 110 118 111
3 110 119 118
3 112 119 110
3 112 120 119
3 112 121 120
3 122 120 121
3 115 123 124
3 114 123 115
3 123 114 117
3 125 123 117
3 120 126 127
3 119 120 127
3 128 120 122
3 126 120 128
3 129 130 131
3 132 133 130
3 123 132 130
3 123 130 129
3 123 129 124
3 123 125 132
3 126 134 127
3 126 135 134
3 128 135 126
3 128 136 135
3 128 137 136
3 138 136 137
3 131 139 140
3 130 139 131
3 139 130 133
3 141 139 133
3 136 142 143
3 135 136 143
3 144 136 138
3 142 136 144
3 140 145 146
3 139 145 140
3 145 139 141
3 147 145 141
3 142 148 149
3 143 142 149
3 150 142 144
3 148 142 150
3 146 151 152
3 145 151 146
3 151 145 147
3 153 151 147
3 148 154 155
3 149 148 155
3 156 148 150
3 154 148 156
3 152 157 158
3 151 157 152
3 157 151 153
3 159 157 153
3 154 160 161
3 155 154 161
3 162 154 156
3 160 154 162
3 158 163 164
3 158 157 163
3 157 165 163
3 165 157 159
3 166 165 159
3 160 167 168
3 161 160 168
3 169 160 162
3 169 170 160
3 170 167 160
3 171 172 173
3 171 163 172
3 163 165 172
3 172 165 166
3 174 172 166
3 167 175 176
3 168 167 176
3 177 170 178
3 177 175 170
3 175 167 170
3 173 179 180
3 172 179 173
3 179 172 174
3 181 179 174
3 175 182 183
3 176 175 183
3 184 175 177
3 182 175 184
3 180 185 186
3 179 185 180
3 185 179 181
3 187 185 181
3 182 188 189
3 183 182 189
3 190 182 184
3 188 182 190
3 186 191 192
3 185 191 186
3 191 185 187
3 193 191 187
3 188 194 195
3 189 188 195
3 196 188 190
3 194 188 196
3 192 197 198
3 191 197 192
3 197 191 193
3 199 197 193
3 194 200 201
3 195 194 201
3 202 194 196
3 200 194 202
3 198 197 203
3 199 204 205
3 197 199 205
3 197 205 206
3 197 206 203
3 205 204 207
3 208 209 210
3 211 209 208
3 212 211 208
3 212 208 201
3 212 201 200
3 202 212 200
3 206 213 214
3 205 213 206
3 213 205 207
3 215 213 207
3 209 216 217
3 210 209 217
3 218 209 211
3 216 209 218
3 214 213 219
3 215 220 221
3 213 215 221
3 213 221 222
3 213 222 219
3 221 220 223
3 224 225 226
3 227 225 224
3 228 227 224
3 228 224 217
3 228 217 216
3 218 228 216
3 222 229 230
3 221 229 222
3 229 221 223
3 231 229 223
3 225 232 233
3 226 225 233
3 234 225 227
3 232 225 234
3 230 229 235
3 231 236 237
3 229 231 237
3 229 237 238
3 229 238 235
3 237 236 239
3 240 241 242
3 243 241 240
3 244 243 240
3 244 240 233
3 244 233 232
3 234 244 232
3 238 237 245
3 239 246 247
3 237 239 247
3 237 247 248
3 237 248 245
3 247 246 249
3 250 251 252
3 253 251 250
3 254 253 250
3 254 250 242
3 254 242 241
3 243 254 241
3 248 247 255
3 249 256 257
3 247 249 257
3 247 257 258
3 247 258 255
3 257 256 259
3 260 261 262
3 263 261 260
3 264 263 260
3 264 260 252
3 264 252 251
3 253 264 251
3 258 257 265
3 259 266 267
3 257 259 267
3 257 267 268
3 257 268 265
3 266 269 270
3 267 266 270
3 270 269 271
3 272 273 274
3 272 275 276
3 273 272 276
3 277 276 275
3 278 277 275
3 278 275 262
3 278 262 261
3 263 278 261
3 268 267 279
3 270 279 267
3 280 279 270
3 271 281 282
3 270 271 282
3 270 282 283
3 270 283 280
3 281 284 285
3 282 281 285
3 285 284 286
3 287 288 289
3 287 290 291
3 288 287 291
3 292 291 290
3 293 292 290
3 293 290 274
3 293 274 273
3 276 293 273
3 294 293 276
3 277 294 276
3 283 282 295
3 285 295 282
3 296 295 285
3 286 297 298
3 285 286 298
3 285 298 299
3 285 299 296
3 297 300 301
3 298 297 301
3 300 302 303
3 301 300 303
3 302 304 305
3 303 302 305
3 304 306 307
3 305 304 307
3 306 308 309
3 307 306 309
3 308 310 311
3 309 308 311
3 310 312 313
3 311 310 313
3 312 314 315
3 313 312 315
3 314 316 317
3 315 314 317
3 316 318 319
3 317 316 319
3 320 319 318
3 321 320 318
3 321 318 289
3 321 289 288
3 291 321 288
3 322 321 291
3 292 322 291
3 299 298 323
3 301 323 298
3 324 323 301
3 303 324 301
3 325 324 303
3 305 325 303
3 326 325 305
3 307 326 305
3 327 326 307
3 327 328 329
3 327 307 328
3 307 309 328
3 330 311 331
3 330 328 311
3 328 309 311
3 313 331 311
3 332 331 313
3 315 332 313
3 333 332 315
3 317 333 315
3 334 333 317
3 319 334 317
3 335 334 319
3 320 335 319
3 31 336 32
3 33 336 31
3 337 336 33
3 34 337 33
3 338 337 34
3 35 338 34
3 339 338 35
3 36 339 35
3 340 339 36
3 37 340 36
3 341 340 37
3 38 341 37
3 342 341 38
3 39 342 38
3 343 342 39
3 40 343 39
3 344 343 40
3 41 344 40
3 345 344 41
3 42 345 41
3 346 345 42
3 43 346 42
3 54 347 55
3 56 347 54
3 348 347 56
3 349 350 348
3 336 349 348
3 336 348 56
3 336 56 32
3 336 337 351
3 349 336 351
3 337 338 352
3 351 337 352
3 338 339 353
3 352 338 353
3 339 340 354
3 353 339 354
3 340 341 355
3 354 340 355
3 341 342 356
3 355 341 356
3 342 343 357
3 356 342 357
3 343 344 358
3 357 343 358
3 344 345 359
3 358 344 359
3 345 346 360
3 359 345 360
3 346 361 360
3 43 361 346
3 43 362 361
3 43 57 362
3 58 362 57
3 363 362 58
3 59 363 58
3 68 364 69
3 70 364 68
3 365 364 70
3 366 367 365
3 347 366 365
3 347 365 70
3 347 70 55
3 347 348 368
3 366 347 368
3 348 350 368
3 362 369 361
3 362 363 370
3 369 362 370
3 363 371 370
3 59 371 363
3 59 372 371
3 59 71 372
3 72 372 71
3 373 372 72
3 73 373 72
3 80 374 81
3 69 374 80
3 69 364 374
3 364 375 374
3 376 377 375
3 376 375 365
3 365 375 364
3 365 367 376
3 372 378 371
3 379 378 372
3 379 372 380
3 380 372 373
3 82 373 73
3 82 381 373
3 381 380 373
3 83 381 82
3 90 382 91
3 81 382 90
3 81 374 382
3 374 383 382
3 384 385 383
3 384 383 375
3 375 383 374
3 375 377 384
3 380 386 379
3 387 386 380
3 387 380 388
3 388 380 381
3 92 381 83
3 92 389 381
3 389 388 381
3 93 389 92
3 100 390 101
3 91 390 100
3 91 382 390
3 382 391 390
3 392 393 391
3 392 391 383
3 383 391 382
3 383 385 392
3 388 394 387
3 395 394 388
3 395 388 396
3 396 388 389
3 102 389 93
3 102 397 389
3 397 396 389
3 103 397 102
3 101 398 109
3 390 398 101
3 399 400 398
3 399 398 391
3 391 398 390
3 391 393 399
3 396 401 395
3 402 401 396
3 402 396 403
3 403 396 397
3 111 397 103
3 403 397 111
3 116 404 117
3 405 406 404
3 398 405 404
3 398 404 116
3 398 116 109
3 398 400 405
3 403 407 402
3 403 408 407
3 111 408 403
3 111 409 408
3 111 118 409
3 119 409 118
3 117 410 125
3 404 410 117
3 410 404 406
3 411 410 406
3 409 412 413
3 408 409 413
3 127 409 119
3 412 409 127
3 132 414 133
3 415 416 414
3 410 415 414
3 410 414 132
3 410 132 125
3 410 411 415
3 412 417 413
3 412 418 417
3 127 418 412
3 127 419 418
3 127 134 419
3 135 419 134
3 133 420 141
3 414 420 133
3 420 414 416
3 421 420 416
3 419 422 423
3 418 419 423
3 143 419 135
3 422 419 143
3 141 424 147
3 420 424 141
3 424 420 421
3 425 424 421
3 422 426 427
3 423 422 427
3 149 422 143
3 426 422 149
3 147 428 153
3 424 428 147
3 428 424 425
3 429 428 425
3 426 430 431
3 427 426 431
3 155 426 149
3 430 426 155
3 153 432 159
3 428 432 153
3 432 428 429
3 433 432 429
3 430 434 435
3 431 430 435
3 161 430 155
3 434 430 161
3 159 436 166
3 432 436 159
3 436 432 433
3 437 436 433
3 434 438 439
3 435 434 439
3 168 434 161
3 438 434 168
3 166 440 174
3 436 440 166
3 440 436 437
3 441 440 437
3 438 442 443
3 439 438 443
3 176 438 168
3 442 438 176
3 174 444 181
3 440 444 174
3 444 440 441
3 445 444 441
3 442 446 447
3 443 442 447
3 183 442 176
3 446 442 183
3 181 448 187
3 444 448 181
3 448 444 445
3 449 448 445
3 446 450 451
3 447 446 451
3 189 446 183
3 450 446 189
3 187 452 193
3 448 452 187
3 452 448 449
3 453 452 449
3 450 454 455
3 451 450 455
3 195 450 189
3 454 450 195
3 193 456 199
3 452 456 193
3 456 452 453
3 457 456 453
3 454 458 459
3 455 454 459
3 201 454 195
3 458 454 201
3 199 456 204
3 457 460 461
3 456 457 461
3 456 461 207
3 456 207 204
3 461 460 462
3 463 464 465
3 210 464 463
3 208 210 463
3 208 463 459
3 208 459 458
3 201 208 458
3 207 466 215
3 461 466 207
3 466 461 462
3 467 466 462
3 464 468 469
3 465 464 469
3 217 464 210
3 468 464 217
3 215 466 220
3 467 470 471
3 466 467 471
3 466 471 223
3 466 223 220
3 471 470 472
3 473 474 475
3 226 474 473
3 224 226 473
3 224 473 469
3 224 469 468
3 217 224 468
3 223 476 231
3 471 476 223
3 472 477 478
3 472 478 471
3 471 478 476
3 478 477 479
3 480 481 482
3 480 475 474
3 480 474 481
3 481 474 483
3 233 474 226
3 483 474 233
3 231 476 236
3 236 484 239
3 236 476 484
3 476 478 484
3 479 485 486
3 479 486 478
3 478 486 484
3 486 485 487
3 488 489 490
3 488 482 481
3 488 481 489
3 489 481 491
3 242 483 240
3 242 491 483
3 491 481 483
3 233 240 483
3 239 484 246
3 246 492 249
3 246 484 492
3 484 486 492
3 487 493 494
3 487 494 486
3 486 494 492
3 494 493 495
3 496 497 498
3 496 490 489
3 496 489 497
3 497 489 499
3 252 491 250
3 252 499 491
3 499 489 491
3 242 250 491
3 249 492 256
3 256 500 259
3 256 492 500
3 492 494 500
3 495 501 502
3 495 502 494
3 494 502 500
3 502 501 503
3 504 505 506
3 504 498 497
3 504 497 505
3 505 497 507
3 262 499 260
3 262 507 499
3 507 497 499
3 252 260 499
3 259 500 266
3 502 266 500
3 269 266 502
3 503 508 509
3 502 503 509
3 502 509 271
3 502 271 269
3 508 510 511
3 509 508 511
3 511 510 512
3 513 514 515
3 513 516 517
3 514 513 517
3 274 517 516
3 272 274 516
3 272 516 506
3 272 506 505
3 507 272 505
3 275 272 507
3 262 275 507
3 271 509 281
3 511 281 509
3 284 281 511
3 512 518 519
3 511 512 519
3 511 519 286
3 511 286 284
3 518 520 521
3 519 518 521
3 520 522 523
3 521 520 523
3 522 524 525
3 523 522 525
3 524 526 527
3 525 524 527
3 526 528 529
3 527 526 529
3 528 530 531
3 529 528 531
3 530 532 533
3 531 530 533
3 532 534 535
3 533 532 535
3 534 536 537
3 535 534 537
3 536 538 539
3 537 536 539
3 289 539 538
3 287 289 538
3 287 538 515
3 287 515 514
3 517 287 514
3 290 287 517
3 274 290 517
3 286 519 297
3 521 297 519
3 300 297 521
3 523 300 521
3 302 300 523
3 525 302 523
3 304 302 525
3 527 304 525
3 306 304 527
3 529 306 527
3 308 306 529
3 531 308 529
3 310 308 531
3 533 310 531
3 312 310 533
3 535 312 533
3 314 312 535
3 537 314 535
3 316 314 537
3 539 316 537
3 318 316 539
3 289 318 539
3 349 540 350
3 351 540 349
3 541 540 351
3 352 541 351
3 542 541 352
3 353 542 352
3 543 542 353
3 354 543 353
3 544 543 354
3 355 544 354
3 545 544 355
3 356 545 355
3 546 545 356
3 357 546 356
3 547 546 357
3 358 547 357
3 548 547 358
3 359 548 358
3 549 548 359
3 360 549 359
3 550 549 360
3 361 550 360
3 366 551 367
3 368 551 366
3 552 551 368
3 350 552 368
3 350 540 552
3 540 553 552
3 554 555 553
3 554 553 541
3 541 553 540
3 541 542 556
3 554 541 556
3 542 543 557
3 556 542 557
3 543 544 558
3 557 543 558
3 544 545 559
3 558 544 559
3 545 546 560
3 559 545 560
3 546 547 561
3 560 546 561
3 547 548 562
3 561 547 562
3 548 549 563
3 562 548 563
3 564 563 549
3 564 549 565
3 565 549 550
3 369 550 361
3 369 566 550
3 566 565 550
3 370 566 369
3 567 566 370
3 371 567 370
3 376 568 377
3 367 568 376
3 367 551 568
3 551 569 568
3 570 571 569
3 570 569 552
3 552 569 551
3 552 553 572
3 570 552 572
3 553 555 572
3 565 573 564
3 565 566 574
3 573 565 574
3 575 574 566
3 575 566 576
3 576 566 567
3 378 567 371
3 378 577 567
3 577 576 567
3 379 577 378
3 384 578 385
3 579 580 578
3 568 579 578
3 568 578 384
3 568 384 377
3 568 569 581
3 579 568 581
3 569 571 581
3 576 582 575
3 576 577 583
3 582 576 583
3 577 584 583
3 379 584 577
3 379 585 584
3 379 386 585
3 387 585 386
3 392 586 393
3 587 588 586
3 578 587 586
3 578 586 392
3 578 392 385
3 578 580 587
3 585 589 584
3 585 590 589
3 387 590 585
3 387 591 590
3 387 394 591
3 395 591 394
3 399 592 400
3 593 594 592
3 586 593 592
3 586 592 399
3 586 399 393
3 586 588 593
3 591 595 590
3 591 596 595
3 395 596 591
3 395 597 596
3 395 401 597
3 402 597 401
3 405 598 406
3 400 598 405
3 400 592 598
3 592 599 598
3 599 592 594
3 600 599 594
3 597 601 602
3 596 597 602
3 407 597 402
3 407 603 597
3 603 601 597
3 408 603 407
3 406 604 411
3 598 604 406
3 605 606 604
3 605 604 599
3 599 604 598
3 599 600 605
3 601 607 602
3 608 607 601
3 608 601 609
3 609 601 603
3 413 603 408
3 609 603 413
3 415 610 416
3 611 612 610
3 604 611 610
3 604 610 415
3 604 415 411
3 604 606 611
3 609 613 608
3 609 614 613
3 413 614 609
3 413 615 614
3 413 417 615
3 418 615 417
3 416 616 421
3 610 616 416
3 616 610 612
3 617 616 612
3 615 618 619
3 614 615 619
3 423 615 418
3 618 615 423
3 421 620 425
3 616 620 421
3 620 616 617
3 621 620 617
3 618 622 623
3 619 618 623
3 427 618 423
3 622 618 427
3 425 624 429
3 620 624 425
3 624 620 621
3 625 624 621
3 622 626 627
3 623 622 627
3 431 622 427
3 626 622 431
3 429 628 433
3 624 628 429
3 628 624 625
3 629 628 625
3 626 630 631
3 627 626 631
3 435 626 431
3 630 626 435
3 433 632 437
3 628 632 433
3 632 628 629
3 633 632 629
3 630 634 635
3 631 630 635
3 439 630 435
3 634 630 439
3 437 636 441
3 632 636 437
3 636 632 633
3 637 636 633
3 634 638 639
3 635 634 639
3 443 634 439
3 638 634 443
3 441 640 445
3 636 640 441
3 640 636 637
3 641 640 637
3 638 642 643
3 639 638 643
3 447 638 443
3 642 638 447
3 445 644 449
3 640 644 445
3 644 640 641
3 645 644 641
3 642 646 647
3 643 642 647
3 451 642 447
3 646 642 451
3 449 648 453
3 644 648 449
3 648 644 645
3 649 648 645
3 646 650 651
3 647 646 651
3 455 646 451
3 650 646 455
3 453 652 457
3 648 652 453
3 652 648 649
3 653 652 649
3 650 654 655
3 651 650 655
3 459 650 455
3 654 650 459
3 457 652 460
3 653 656 657
3 652 653 657
3 652 657 462
3 652 462 460
3 657 656 658
3 659 660 661
3 465 660 659
3 463 465 659
3 463 659 655
3 463 655 654
3 459 463 654
3 462 662 467
3 657 662 462
3 658 663 664
3 658 664 657
3 657 664 662
3 664 663 665
3 666 667 668
3 666 661 660
3 666 660 667
3 667 660 669
3 469 660 465
3 669 660 469
3 467 662 470
3 470 670 472
3 470 662 670
3 662 664 670
3 670 664 665
3 671 670 665
3 667 672 673
3 668 667 673
3 475 669 473
3 475 672 669
3 672 667 669
3 469 473 669
3 472 670 477
3 671 674 675
3 670 671 675
3 670 675 479
3 670 479 477
3 675 674 676
3 677 678 679
3 482 678 677
3 480 482 677
3 480 677 673
3 480 673 672
3 475 480 672
3 479 675 485
3 676 680 681
3 675 676 681
3 675 681 487
3 675 487 485
3 681 680 682
3 683 684 685
3 490 684 683
3 488 490 683
3 488 683 679
3 488 679 678
3 482 488 678
3 487 681 493
3 682 686 687
3 681 682 687
3 681 687 495
3 681 495 493
3 686 688 689
3 687 686 689
3 689 688 690
3 691 692 693
3 691 694 695
3 692 691 695
3 498 695 694
3 496 498 694
3 496 694 685
3 496 685 684
3 490 496 684
3 495 687 501
3 501 696 503
3 501 687 696
3 687 689 696
3 690 697 698
3 690 698 689
3 689 698 696
3 697 699 700
3 698 697 700
3 700 699 701
3 702 703 704
3 702 705 706
3 703 702 706
3 705 693 692
3 705 692 706
3 706 692 707
3 506 695 504
3 506 707 695
3 707 692 695
3 498 504 695
3 503 696 508
3 698 508 696
3 510 508 698
3 510 708 512
3 510 698 708
3 698 700 708
3 701 709 710
3 701 710 700
3 700 710 708
3 709 711 712
3 710 709 712
3 711 713 714
3 712 711 714
3 713 715 716
3 714 713 716
3 715 717 718
3 716 715 718
3 717 719 720
3 718 717 720
3 719 721 722
3 720 719 722
3 721 723 724
3 722 721 724
3 723 725 726
3 724 723 726
3 725 704 703
3 725 703 726
3 726 703 727
3 515 706 513
3 515 727 706
3 727 703 706
3 707 513 706
3 516 513 707
3 506 516 707
3 512 708 518
3 710 518 708
3 520 518 710
3 712 520 710
3 522 520 712
3 714 522 712
3 524 522 714
3 716 524 714
3 526 524 716
3 718 526 716
3 528 526 718
3 720 528 718
3 530 528 720
3 722 530 720
3 532 530 722
3 724 532 722
3 534 532 724
3 726 534 724
3 536 534 726
3 727 536 726
3 538 536 727
3 515 538 727
3 554 728 555
3 556 728 554
3 729 728 556
3 557 729 556
3 730 729 557
3 558 730 557
3 731 730 558
3 559 731 558
3 732 731 559
3 560 732 559
3 733 732 560
3 561 733 560
3 734 733 561
3 562 734 561
3 735 734 562
3 563 735 562
3 736 735 563
3 564 736 563
3 570 737 571
3 572 737 570
3 738 737 572
3 739 740 738
3 728 739 738
3 728 738 572
3 728 572 555
3 728 729 741
3 739 728 741
3 729 730 742
3 741 729 742
3 730 731 743
3 742 730 743
3 731 732 744
3 743 731 744
3 732 733 745
3 744 732 745
3 733 734 746
3 745 733 746
3 734 735 747
3 746 734 747
3 735 736 748
3 747 735 748
3 736 749 748
3 564 749 736
3 564 750 749
3 564 573 750
3 574 750 573
3 751 750 574
3 575 751 574
3 579 752 580
3 581 752 579
3 753 752 581
3 754 755 753
3 737 754 753
3 737 753 581
3 737 581 571
3 737 738 756
3 754 737 756
3 738 740 756
3 750 757 749
3 750 751 758
3 757 750 758
3 751 759 758
3 575 759 751
3 575 760 759
3 575 582 760
3 583 760 582
3 761 760 583
3 584 761 583
3 587 762 588
3 580 762 587
3 580 752 762
3 752 763 762
3 764 765 763
3 764 763 753
3 753 763 752
3 753 755 764
3 760 766 759
3 767 766 760
3 767 760 768
3 768 760 761
3 589 761 584
3 589 769 761
3 769 768 761
3 590 769 589
3 593 770 594
3 588 770 593
3 588 762 770
3 762 771 770
3 772 773 771
3 772 771 763
3 763 771 762
3 763 765 772
3 768 774 767
3 775 774 768
3 775 768 776
3 776 768 769
3 595 769 590
3 595 777 769
3 777 776 769
3 596 777 595
3 594 778 600
3 770 778 594
3 779 780 778
3 779 778 771
3 771 778 770
3 771 773 779
3 776 781 775
3 782 781 776
3 782 776 783
3 783 776 777
3 602 777 596
3 783 777 602
3 605 784 606
3 785 786 784
3 778 785 784
3 778 784 605
3 778 605 600
3 778 780 785
3 783 787 782
3 783 788 787
3 602 788 783
3 602 789 788
3 602 607 789
3 608 789 607
3 611 790 612
3 606 790 611
3 606 784 790
3 784 791 790
3 791 784 786
3 792 791 786
3 789 793 794
3 788 789 794
3 613 789 608
3 613 795 789
3 795 793 789
3 614 795 613
3 612 796 617
3 790 796 612
3 797 798 796
3 797 796 791
3 791 796 790
3 791 792 797
3 793 799 794
3 800 799 793
3 800 793 801
3 801 793 795
3 619 795 614
3 801 795 619
3 617 802 621
3 796 802 617
3 802 796 798
3 803 802 798
3 801 804 805
3 800 801 805
3 623 801 619
3 804 801 623
3 621 806 625
3 802 806 621
3 806 802 803
3 807 806 803
3 804 808 809
3 805 804 809
3 627 804 623
3 808 804 627
3 625 810 629
3 806 810 625
3 810 806 807
3 811 810 807
3 808 812 813
3 809 808 813
3 631 808 627
3 812 808 631
3 629 814 633
3 810 814 629
3 814 810 811
3 815 814 811
3 812 816 817
3 813 812 817
3 635 812 631
3 816 812 635
3 633 818 637
3 814 818 633
3 818 814 815
3 819 818 815
3 816 820 821
3 817 816 821
3 639 816 635
3 820 816 639
3 637 822 641
3 818 822 637
3 822 818 819
3 823 822 819
3 820 824 825
3 821 820 825
3 643 820 639
3 824 820 643
3 641 826 645
3 822 826 641
3 826 822 823
3 827 826 823
3 824 828 829
3 825 824 829
3 647 824 643
3 828 824 647
3 645 830 649
3 826 830 645
3 830 826 827
3 831 830 827
3 828 832 833
3 829 828 833
3 651 828 647
3 832 828 651
3 649 834 653
3 830 834 649
3 831 835 836
3 831 836 830
3 830 836 834
3 836 835 837
3 838 839 840
3 838 833 832
3 838 832 839
3 839 832 841
3 655 832 651
3 841 832 655
3 653 834 656
3 656 842 658
3 656 834 842
3 834 836 842
3 842 836 837
3 843 842 837
3 839 844 845
3 840 839 845
3 661 841 659
3 661 844 841
3 844 839 841
3 655 659 841
3 658 842 663
3 843 846 847
3 842 843 847
3 842 847 665
3 842 665 663
3 847 846 848
3 849 850 851
3 668 850 849
3 666 668 849
3 666 849 845
3 666 845 844
3 661 666 844
3 665 852 671
3 847 852 665
3 848 853 854
3 848 854 847
3 847 854 852
3 854 853 855
3 856 857 858
3 856 851 850
3 856 850 857
3 857 850 859
3 673 850 668
3 859 850 673
3 671 852 674
3 674 860 676
3 674 852 860
3 852 854 860
3 855 861 862
3 855 862 854
3 854 862 860
3 862 861 863
3 864 865 866
3 864 858 857
3 864 857 865
3 865 857 867
3 679 859 677
3 679 867 859
3 867 857 859
3 673 677 859
3 676 860 680
3 680 868 682
3 680 860 868
3 860 862 868
3 863 869 870
3 863 870 862
3 862 870 868
3 870 869 871
3 872 873 874
3 872 866 865
3 872 865 873
3 873 865 875
3 685 867 683
3 685 875 867
3 875 865 867
3 679 683 867
3 682 868 686
3 870 686 868
3 688 686 870
3 871 876 877
3 870 871 877
3 870 877 690
3 870 690 688
3 876 878 879
3 877 876 879
3 879 878 880
3 881 882 883
3 881 884 885
3 882 881 885
3 693 885 884
3 691 693 884
3 691 884 874
3 691 874 873
3 875 691 873
3 694 691 875
3 685 694 875
3 690 877 697
3 879 697 877
3 699 697 879
3 880 886 887
3 879 880 887
3 879 887 701
3 879 701 699
3 886 888 889
3 887 886 889
3 888 890 891
3 889 888 891
3 890 892 893
3 891 890 893
3 892 894 895
3 893 892 895
3 894 896 897
3 895 894 897
3 896 898 899
3 897 896 899
3 898 900 901
3 899 898 901
3 900 902 903
3 901 900 903
3 704 903 902
3 702 704 902
3 702 902 883
3 702 883 882
3 885 702 882
3 705 702 885
3 693 705 885
3 701 887 709
3 889 709 887
3 711 709 889
3 891 711 889
3 713 711 891
3 893 713 891
3 715 713 893
3 895 715 893
3 717 715 895
3 897 717 895
3 719 717 897
3 899 719 897
3 721 719 899
3 901 721 899
3 723 721 901
3 903 723 901
3 725 723 903
3 704 725 903
3 739 904 740
3 741 904 739
3 905 904 741
3 742 905 741
3 906 905 742
3 743 906 742
3 907 906 743
3 907 908 909
3 907 743 908
3 743 744 908
3 910 745 911
3 910 908 745
3 908 744 745
3 746 911 745
3 912 911 746
3 747 912 746
3 913 912 747
3 748 913 747
3 914 913 748
3 749 914 748
3 754 915 755
3 756 915 754
3 916 915 756
3 917 918 916
3 904 917 916
3 904 916 756
3 904 756 740
3 904 905 919
3 917 904 919
3 905 906 920
3 919 905 920
3 906 907 921
3 920 906 921
3 907 909 921
3 911 922 910
3 911 912 923
3 922 911 923
3 912 913 924
3 923 912 924
3 913 914 925
3 924 913 925
3 914 926 925
3 749 926 914
3 749 927 926
3 749 757 927
3 758 927 757
3 928 927 758
3 759 928 758
3 764 929 765
3 930 931 929
3 915 930 929
3 915 929 764
3 915 764 755
3 915 916 932
3 930 915 932
3 916 918 932
3 927 933 926
3 927 928 934
3 933 927 934
3 928 935 934
3 759 935 928
3 759 936 935
3 759 766 936
3 767 936 766
3 772 937 773
3 938 939 937
3 929 938 937
3 929 937 772
3 929 772 765
3 929 931 938
3 936 940 935
3 936 941 940
3 767 941 936
3 767 942 941
3 767 774 942
3 775 942 774
3 779 943 780
3 944 945 943
3 937 944 943
3 937 943 779
3 937 779 773
3 937 939 944
3 942 946 941
3 942 947 946
3 775 947 942
3 775 948 947
3 775 781 948
3 782 948 781
3 785 949 786
3 950 951 949
3 943 950 949
3 943 949 785
3 943 785 780
3 943 945 950
3 948 952 947
3 948 953 952
3 782 953 948
3 782 954 953
3 782 787 954
3 788 954 787
3 786 955 792
3 949 955 786
3 955 949 951
3 956 955 951
3 954 957 958
3 953 954 958
3 794 954 788
3 957 954 794
3 797 959 798
3 960 961 959
3 955 960 959
3 955 959 797
3 955 797 792
3 955 956 960
3 957 962 958
3 957 963 962
3 794 963 957
3 794 964 963
3 794 799 964
3 800 964 799
3 798 965 803
3 959 965 798
3 965 959 961
3 966 965 961
3 964 967 968
3 963 964 968
3 805 964 800
3 967 964 805
3 803 969 807
3 965 969 803
3 969 965 966
3 970 969 966
3 967 971 972
3 968 967 972
3 809 967 805
3 971 967 809
3 807 973 811
3 969 973 807
3 973 969 970
3 974 973 970
3 971 975 976
3 972 971 976
3 813 971 809
3 975 971 813
3 977 811 973
3 977 978 811
3 978 815 811
3 973 974 977
3 975 979 976
3 975 980 979
3 975 813 980
3 813 817 980
3 981 978 982
3 981 819 978
3 819 815 978
3 981 982 983
3 984 985 986
3 984 821 985
3 984 980 821
3 980 817 821
3 819 987 823
3 981 987 819
3 987 981 983
3 988 987 983
3 985 989 990
3 986 985 990
3 825 985 821
3 989 985 825
3 823 991 827
3 987 991 823
3 991 987 988
3 992 991 988
3 989 993 994
3 990 989 994
3 829 989 825
3 993 989 829
3 827 995 831
3 991 995 827
3 995 991 992
3 996 995 992
3 993 997 998
3 994 993 998
3 833 993 829
3 997 993 833
3 831 995 835
3 996 999 1000
3 995 996 1000
3 995 1000 837
3 995 837 835
3 1000 999 1001
3 1002 1003 1004
3 840 1003 1002
3 838 840 1002
3 838 1002 998
3 838 998 997
3 833 838 997
3 837 1005 843
3 1000 1005 837
3 1005 1000 1001
3 1006 1005 1001
3 1003 1007 1008
3 1004 1003 1008
3 845 1003 840
3 1007 1003 845
3 843 1005 846
3 1006 1009 1010
3 1005 1006 1010
3 1005 1010 848
3 1005 848 846
3 1010 1009 1011
3 1012 1013 1014
3 851 1013 1012
3 849 851 1012
3 849 1012 1008
3 849 1008 1007
3 845 849 1007
3 848 1010 853
3 1011 1015 1016
3 1010 1011 1016
3 1010 1016 855
3 1010 855 853
3 1016 1015 1017
3 1018 1019 1020
3 858 1019 1018
3 856 858 1018
3 856 1018 1014
3 856 1014 1013
3 851 856 1013
3 855 1016 861
3 1017 1021 1022
3 1016 1017 1022
3 1016 1022 863
3 1016 863 861
3 1022 1021 1023
3 1024 1025 1026
3 866 1025 1024
3 864 866 1024
3 864 1024 1020
3 864 1020 1019
3 858 864 1019
3 863 1022 869
3 1023 1027 1028
3 1022 1023 1028
3 1022 1028 871
3 1022 871 869
3 1027 1029 1030
3 1028 1027 1030
3 1030 1029 1031
3 1032 1033 1034
3 1032 1035 1036
3 1033 1032 1036
3 874 1036 1035
3 872 874 1035
3 872 1035 1026
3 872 1026 1025
3 866 872 1025
3 871 1028 876
3 1030 876 1028
3 878 876 1030
3 1031 1037 1038
3 1030 1031 1038
3 1030 1038 880
3 1030 880 878
3 1037 1039 1040
3 1038 1037 1040
3 1039 1041 1042
3 1040 1039 1042
3 1041 1043 1044
3 1042 1041 1044
3 1044 1043 1045
3 1046 1047 1048
3 1046 1049 1050
3 1047 1046 1050
3 1049 1051 1052
3 1050 1049 1052
3 1051 1053 1054
3 1052 1051 1054
3 883 1054 1053
3 881 883 1053
3 881 1053 1034
3 881 1034 1033
3 1036 881 1033
3 884 881 1036
3 874 884 1036
3 880 1038 886
3 1040 886 1038
3 888 886 1040
3 1042 888 1040
3 890 888 1042
3 1044 890 1042
3 892 890 1044
3 1045 892 1044
3 1045 1055 892
3 1055 894 892
3 1047 1055 1048
3 1047 896 1055
3 896 894 1055
3 1050 896 1047
3 898 896 1050
3 1052 898 1050
3 900 898 1052
3 1054 900 1052
3 902 900 1054
3 883 902 1054
3 908 1056 909
3 910 1056 908
3 917 1057 918
3 919 1057 917
3 1058 1057 919
3 920 1058 919
3 1059 1058 920
3 921 1059 920
3 1060 1059 921
3 1061 1062 1060
3 1056 1061 1060
3 1056 1060 921
3 1056 921 909
3 1056 1063 1061
3 910 1063 1056
3 910 1064 1063
3 910 922 1064
3 923 1064 922
3 1065 1064 923
3 924 1065 923
3 1066 1065 924
3 925 1066 924
3 1067 1066 925
3 926 1067 925
3 930 1068 931
3 932 1068 930
3 1069 1068 932
3 1070 1071 1069
3 1057 1070 1069
3 1057 1069 932
3 1057 932 918
3 1057 1058 1072
3 1070 1057 1072
3 1058 1059 1073
3 1072 1058 1073
3 1059 1060 1074
3 1073 1059 1074
3 1060 1062 1074
3 1064 1075 1063
3 1064 1065 1076
3 1075 1064 1076
3 1065 1066 1077
3 1076 1065 1077
3 1066 1067 1078
3 1077 1066 1078
3 1067 1079 1078
3 926 1079 1067
3 926 1080 1079
3 926 933 1080
3 934 1080 933
3 1081 1080 934
3 935 1081 934
3 938 1082 939
3 1083 1084 1082
3 1068 1083 1082
3 1068 1082 938
3 1068 938 931
3 1068 1069 1085
3 1083 1068 1085
3 1069 1071 1085
3 1080 1086 1079
3 1080 1081 1087
3 1086 1080 1087
3 1081 1088 1087
3 935 1088 1081
3 935 1089 1088
3 935 940 1089
3 941 1089 940
3 944 1090 945
3 1091 1092 1090
3 1082 1091 1090
3 1082 1090 944
3 1082 944 939
3 1082 1084 1091
3 1089 1093 1088
3 1089 1094 1093
3 941 1094 1089
3 941 1095 1094
3 941 946 1095
3 947 1095 946
3 950 1096 951
3 1097 1098 1096
3 1090 1097 1096
3 1090 1096 950
3 1090 950 945
3 1090 1092 1097
3 1095 1099 1094
3 1095 1100 1099
3 947 1100 1095
3 947 1101 1100
3 947 952 1101
3 953 1101 952
3 951 1102 956
3 1096 1102 951
3 1102 1096 1098
3 1103 1102 1098
3 1101 1104 1105
3 1100 1101 1105
3 958 1101 953
3 1104 1101 958
3 960 1106 961
3 1107 1108 1106
3 1102 1107 1106
3 1102 1106 960
3 1102 960 956
3 1102 1103 1107
3 1104 1109 1105
3 1104 1110 1109
3 958 1110 1104
3 958 1111 1110
3 958 962 1111
3 963 1111 962
3 961 1112 966
3 1106 1112 961
3 1112 1106 1108
3 1113 1112 1108
3 1111 1114 1115
3 1110 1111 1115
3 968 1111 963
3 1114 1111 968
3 966 1116 970
3 1112 1116 966
3 1116 1112 1113
3 1117 1116 1113
3 1114 1118 1119
3 1115 1114 1119
3 972 1114 968
3 1118 1114 972
3 970 1120 974
3 1116 1120 970
3 1120 1116 1117
3 1121 1120 1117
3 1118 1122 1123
3 1119 1118 1123
3 976 1118 972
3 1122 1118 976
3 977 1124 978
3 1125 1126 1124
3 1120 1125 1124
3 1120 1124 977
3 1120 977 974
3 1120 1121 1125
3 1122 1127 1123
3 1122 1128 1127
3 976 1128 1122
3 976 1129 1128
3 976 979 1129
3 980 1129 979
3 978 1124 982
3 1126 1130 1131
3 1124 1126 1131
3 1124 1131 983
3 1124 983 982
3 1131 1130 1132
3 1133 1134 1135
3 986 1134 1133
3 984 986 1133
3 984 1133 1128
3 984 1128 1129
3 980 984 1129
3 983 1136 988
3 1131 1136 983
3 1136 1131 1132
3 1137 1136 1132
3 1134 1138 1139
3 1135 1134 1139
3 990 1134 986
3 1138 1134 990
3 988 1140 992
3 1136 1140 988
3 1140 1136 1137
3 1141 1140 1137
3 1138 1142 1143
3 1139 1138 1143
3 994 1138 990
3 1142 1138 994
3 992 1144 996
3 1140 1144 992
3 1144 1140 1141
3 1145 1144 1141
3 1142 1146 1147
3 1143 1142 1147
3 998 1142 994
3 1146 1142 998
3 996 1144 999
3 1145 1148 1149
3 1144 1145 1149
3 1144 1149 1001
3 1144 1001 999
3 1149 1148 1150
3 1151 1152 1153
3 1004 1152 1151
3 1002 1004 1151
3 1002 1151 1147
3 1002 1147 1146
3 998 1002 1146
3 1001 1154 1006
3 1149 1154 1001
3 1154 1149 1150
3 1155 1154 1150
3 1152 1156 1157
3 1153 1152 1157
3 1008 1152 1004
3 1156 1152 1008
3 1006 1154 1009
3 1155 1158 1159
3 1154 1155 1159
3 1154 1159 1011
3 1154 1011 1009
3 1159 1158 1160
3 1161 1162 1163
3 1014 1162 1161
3 1012 1014 1161
3 1012 1161 1157
3 1012 1157 1156
3 1008 1012 1156
3 1011 1159 1015
3 1160 1164 1165
3 1159 1160 1165
3 1159 1165 1017
3 1159 1017 1015
3 1165 1164 1166
3 1167 1168 1169
3 1020 1168 1167
3 1018 1020 1167
3 1018 1167 1163
3 1018 1163 1162
3 1014 1018 1162
3 1017 1165 1021
3 1166 1170 1171
3 1165 1166 1171
3 1165 1171 1023
3 1165 1023 1021
3 1170 1172 1173
3 1171 1170 1173
3 1173 1172 1174
3 1175 1176 1177
3 1175 1178 1179
3 1176 1175 1179
3 1026 1179 1178
3 1024 1026 1178
3 1024 1178 1169
3 1024 1169 1168
3 1020 1024 1168
3 1023 1171 1027
3 1173 1027 1171
3 1029 1027 1173
3 1174 1180 1181
3 1173 1174 1181
3 1173 1181 1031
3 1173 1031 1029
3 1180 1182 1183
3 1181 1180 1183
3 1182 1184 1185
3 1183 1182 1185
3 1184 1186 1187
3 1185 1184 1187
3 1187 1186 1188
3 1189 1190 1191
3 1189 1192 1193
3 1190 1189 1193
3 1192 1194 1195
3 1193 1192 1195
3 1194 1196 1197
3 1195 1194 1197
3 1034 1197 1196
3 1032 1034 1196
3 1032 1196 1177
3 1032 1177 1176
3 1179 1032 1176
3 1035 1032 1179
3 1026 1035 1179
3 1031 1181 1037
3 1183 1037 1181
3 1039 1037 1183
3 1185 1039 1183
3 1041 1039 1185
3 1187 1041 1185
3 1043 1041 1187
3 1188 1198 1199
3 1187 1188 1199
3 1187 1199 1045
3 1187 1045 1043
3 1048 1199 1198
3 1046 1048 1198
3 1046 1198 1191
3 1046 1191 1190
3 1193 1046 1190
3 1049 1046 1193
3 1195 1049 1193
3 1051 1049 1195
3 1197 1051 1195
3 1053 1051 1197
3 1034 1053 1197
3 1045 1199 1055
3 1048 1055 1199
3 1061 1200 1062
3 1063 1200 1061
3 1070 1201 1071
3 1072 1201 1070
3 1202 1201 1072
3 1073 1202 1072
3 1203 1202 1073
3 1074 1203 1073
3 1204 1203 1074
3 1205 1206 1204
3 1200 1205 1204
3 1200 1204 1074
3 1200 1074 1062
3 1200 1207 1205
3 1063 1207 1200
3 1063 1208 1207
3 1063 1075 1208
3 1076 1208 1075
3 1209 1208 1076
3 1077 1209 1076
3 1210 1209 1077
3 1078 1210 1077
3 1211 1210 1078
3 1079 1211 1078
3 1083 1212 1084
3 1085 1212 1083
3 1213 1212 1085
3 1214 1215 1213
3 1201 1214 1213
3 1201 1213 1085
3 1201 1085 1071
3 1201 1202 1216
3 1214 1201 1216
3 1202 1203 1217
3 1216 1202 1217
3 1203 1204 1218
3 1217 1203 1218
3 1204 1206 1218
3 1208 1219 1207
3 1208 1209 1220
3 1219 1208 1220
3 1209 1210 1221
3 1220 1209 1221
3 1210 1211 1222
3 1221 1210 1222
3 1211 1223 1222
3 1079 1223 1211
3 1079 1224 1223
3 1079 1086 1224
3 1087 1224 1086
3 1225 1224 1087
3 1088 1225 1087
3 1091 1226 1092
3 1084 1226 1091
3 1084 1212 1226
3 1212 1227 1226
3 1228 1229 1227
3 1228 1227 1213
3 1213 1227 1212
3 1213 1215 1228
3 1224 1230 1223
3 1231 1230 1224
3 1231 1224 1232
3 1232 1224 1225
3 1093 1225 1088
3 1093 1233 1225
3 1233 1232 1225
3 1094 1233 1093
3 1097 1234 1098
3 1092 1234 1097
3 1092 1226 1234
3 1226 1235 1234
3 1236 1237 1235
3 1236 1235 1227
3 1227 1235 1226
3 1227 1229 1236
3 1232 1238 1231
3 1239 1238 1232
3 1239 1232 1240
3 1240 1232 1233
3 1099 1233 1094
3 1099 1241 1233
3 1241 1240 1233
3 1100 1241 1099
3 1098 1242 1103
3 1234 1242 1098
3 1243 1244 1242
3 1243 1242 1235
3 1235 1242 1234
3 1235 1237 1243
3 1240 1245 1239
3 1246 1245 1240
3 1246 1240 1247
3 1247 1240 1241
3 1105 1241 1100
3 1247 1241 1105
3 1107 1248 1108
3 1249 1250 1248
3 1242 1249 1248
3 1242 1248 1107
3 1242 1107 1103
3 1242 1244 1249
3 1247 1251 1246
3 1247 1252 1251
3 1105 1252 1247
3 1105 1253 1252
3 1105 1109 1253
3 1110 1253 1109
3 1108 1254 1113
3 1248 1254 1108
3 1254 1248 1250
3 1255 1254 1250
3 1253 1256 1257
3 1252 1253 1257
3 1115 1253 1110
3 1256 1253 1115
3 1113 1258 1117
3 1254 1258 1113
3 1258 1254 1255
3 1259 1258 1255
3 1256 1260 1261
3 1257 1256 1261
3 1119 1256 1115
3 1260 1256 1119
3 1117 1262 1121
3 1258 1262 1117
3 1262 1258 1259
3 1263 1262 1259
3 1260 1264 1265
3 1261 1260 1265
3 1123 1260 1119
3 1264 1260 1123
3 1125 1266 1126
3 1267 1268 1266
3 1262 1267 1266
3 1262 1266 1125
3 1262 1125 1121
3 1262 1263 1267
3 1264 1269 1265
3 1264 1270 1269
3 1123 1270 1264
3 1123 1271 1270
3 1123 1127 1271
3 1128 1271 1127
3 1126 1266 1130
3 1268 1272 1273
3 1266 1268 1273
3 1266 1273 1132
3 1266 1132 1130
3 1273 1272 1274
3 1275 1276 1277
3 1135 1276 1275
3 1133 1135 1275
3 1133 1275 1270
3 1133 1270 1271
3 1128 1133 1271
3 1132 1278 1137
3 1273 1278 1132
3 1278 1273 1274
3 1279 1278 1274
3 1276 1280 1281
3 1277 1276 1281
3 1139 1276 1135
3 1280 1276 1139
3 1137 1282 1141
3 1278 1282 1137
3 1282 1278 1279
3 1283 1282 1279
3 1280 1284 1285
3 1281 1280 1285
3 1143 1280 1139
3 1284 1280 1143
3 1141 1286 1145
3 1282 1286 1141
3 1286 1282 1283
3 1287 1286 1283
3 1284 1288 1289
3 1285 1284 1289
3 1147 1284 1143
3 1288 1284 1147
3 1145 1286 1148
3 1287 1290 1291
3 1286 1287 1291
3 1286 1291 1150
3 1286 1150 1148
3 1291 1290 1292
3 1293 1294 1295
3 1153 1294 1293
3 1151 1153 1293
3 1151 1293 1289
3 1151 1289 1288
3 1147 1151 1288
3 1150 1296 1155
3 1291 1296 1150
3 1292 1297 1298
3 1292 1298 1291
3 1291 1298 1296
3 1298 1297 1299
3 1300 1301 1302
3 1300 1295 1294
3 1300 1294 1301
3 1301 1294 1303
3 1157 1294 1153
3 1303 1294 1157
3 1155 1296 1158
3 1158 1304 1160
3 1158 1296 1304
3 1296 1298 1304
3 1299 1305 1306
3 1299 1306 1298
3 1298 1306 1304
3 1306 1305 1307
3 1308 1309 1310
3 1308 1302 1301
3 1308 1301 1309
3 1309 1301 1311
3 1163 1303 1161
3 1163 1311 1303
3 1311 1301 1303
3 1157 1161 1303
3 1160 1304 1164
3 1164 1312 1166
3 1164 1304 1312
3 1304 1306 1312
3 1307 1313 1314
3 1307 1314 1306
3 1306 1314 1312
3 1314 1313 1315
3 1316 1317 1318
3 1316 1310 1309
3 1316 1309 1317
3 1317 1309 1319
3 1169 1311 1167
3 1169 1319 1311
3 1319 1309 1311
3 1163 1167 1311
3 1166 1312 1170
3 1314 1170 1312
3 1172 1170 1314
3 1315 1320 1321
3 1314 1315 1321
3 1314 1321 1174
3 1314 1174 1172
3 1320 1322 1323
3 1321 1320 1323
3 1322 1324 1325
3 1323 1322 1325
3 1324 1326 1327
3 1325 1324 1327
3 1327 1326 1328
3 1329 1330 1331
3 1329 1332 1333
3 1330 1329 1333
3 1332 1334 1335
3 1333 1332 1335
3 1334 1336 1337
3 1335 1334 1337
3 1177 1337 1336
3 1175 1177 1336
3 1175 1336 1318
3 1175 1318 1317
3 1319 1175 1317
3 1178 1175 1319
3 1169 1178 1319
3 1174 1321 1180
3 1323 1180 1321
3 1182 1180 1323
3 1325 1182 1323
3 1184 1182 1325
3 1327 1184 1325
3 1186 1184 1327
3 1328 1338 1339
3 1327 1328 1339
3 1327 1339 1188
3 1327 1188 1186
3 1191 1339 1338
3 1189 1191 1338
3 1189 1338 1331
3 1189 1331 1330
3 1333 1189 1330
3 1192 1189 1333
3 1335 1192 1333
3 1194 1192 1335
3 1337 1194 1335
3 1196 1194 1337
3 1177 1196 1337
3 1188 1339 1198
3 1191 1198 1339
3 1205 1340 1206
3 1207 1340 1205
3 1214 1341 1215
3 1216 1341 1214
3 1342 1341 1216
3 1217 1342 1216
3 1343 1342 1217
3 1218 1343 1217
3 1344 1343 1218
3 1345 1346 1344
3 1340 1345 1344
3 1340 1344 1218
3 1340 1218 1206
3 1340 1347 1345
3 1207 1347 1340
3 1207 1348 1347
3 1207 1219 1348
3 1220 1348 1219
3 1349 1348 1220
3 1221 1349 1220
3 1350 1349 1221
3 1222 1350 1221
3 1351 1350 1222
3 1223 1351 1222
3 1228 1352 1229
3 1215 1352 1228
3 1215 1341 1352
3 1341 1353 1352
3 1354 1355 1353
3 1354 1353 1342
3 1342 1353 1341
3 1342 1343 1356
3 1354 1342 1356
3 1343 1344 1357
3 1356 1343 1357
3 1344 1346 1357
3 1348 1358 1347
3 1348 1349 1359
3 1358 1348 1359
3 1349 1350 1360
3 1359 1349 1360
3 1361 1360 1350
3 1361 1350 1362
3 1362 1350 1351
3 1230 1351 1223
3 1230 1363 1351
3 1363 1362 1351
3 1231 1363 1230
3 1236 1364 1237
3 1365 1366 1364
3 1352 1365 1364
3 1352 1364 1236
3 1352 1236 1229
3 1352 1353 1367
3 1365 1352 1367
3 1353 1355 1367
3 1362 1368 1361
3 1362 1363 1369
3 1368 1362 1369
3 1363 1370 1369
3 1231 1370 1363
3 1231 1371 1370
3 1231 1238 1371
3 1239 1371 1238
3 1243 1372 1244
3 1373 1374 1372
3 1364 1373 1372
3 1364 1372 1243
3 1364 1243 1237
3 1364 1366 1373
3 1371 1375 1370
3 1371 1376 1375
3 1239 1376 1371
3 1239 1377 1376
3 1239 1245 1377
3 1246 1377 1245
3 1249 1378 1250
3 1244 1378 1249
3 1244 1372 1378
3 1372 1379 1378
3 1379 1372 1374
3 1380 1379 1374
3 1377 1381 1382
3 1376 1377 1382
3 1251 1377 1246
3 1251 1383 1377
3 1383 1381 1377
3 1252 1383 1251
3 1250 1384 1255
3 1378 1384 1250
3 1385 1386 1384
3 1385 1384 1379
3 1379 1384 1378
3 1379 1380 1385
3 1381 1387 1382
3 1388 1387 1381
3 1388 1381 1389
3 1389 1381 1383
3 1257 1383 1252
3 1389 1383 1257
3 1255 1390 1259
3 1384 1390 1255
3 1390 1384 1386
3 1391 1390 1386
3 1389 1392 1393
3 1388 1389 1393
3 1261 1389 1257
3 1392 1389 1261
3 1259 1394 1263
3 1390 1394 1259
3 1394 1390 1391
3 1395 1394 1391
3 1392 1396 1397
3 1393 1392 1397
3 1265 1392 1261
3 1396 1392 1265
3 1267 1398 1268
3 1399 1400 1398
3 1394 1399 1398
3 1394 1398 1267
3 1394 1267 1263
3 1394 1395 1399
3 1396 1401 1397
3 1396 1402 1401
3 1265 1402 1396
3 1265 1403 1402
3 1265 1269 1403
3 1270 1403 1269
3 1268 1398 1272
3 1400 1404 1405
3 1398 1400 1405
3 1398 1405 1274
3 1398 1274 1272
3 1405 1404 1406
3 1407 1408 1409
3 1277 1408 1407
3 1275 1277 1407
3 1275 1407 1402
3 1275 1402 1403
3 1270 1275 1403
3 1274 1410 1279
3 1405 1410 1274
3 1410 1405 1406
3 1411 1410 1406
3 1408 1412 1413
3 1409 1408 1413
3 1281 1408 1277
3 1412 1408 1281
3 1279 1414 1283
3 1410 1414 1279
3 1414 1410 1411
3 1415 1414 1411
3 1412 1416 1417
3 1413 1412 1417
3 1285 1412 1281
3 1416 1412 1285
3 1283 1418 1287
3 1414 1418 1283
3 1415 1419 1420
3 1415 1420 1414
3 1414 1420 1418
3 1420 1419 1421
3 1422 1423 1424
3 1422 1417 1416
3 1422 1416 1423
3 1423 1416 1425
3 1289 1416 1285
3 1425 1416 1289
3 1287 1418 1290
3 1290 1426 1292
3 1290 1418 1426
3 1418 1420 1426
3 1426 1420 1421
3 1427 1426 1421
3 1423 1428 1429
3 1424 1423 1429
3 1295 1425 1293
3 1295 1428 1425
3 1428 1423 1425
3 1289 1293 1425
3 1292 1426 1297
3 1427 1430 1431
3 1426 1427 1431
3 1426 1431 1299
3 1426 1299 1297
3 1431 1430 1432
3 1433 1434 1435
3 1302 1434 1433
3 1300 1302 1433
3 1300 1433 1429
3 1300 1429 1428
3 1295 1300 1428
3 1299 1431 1305
3 1432 1436 1437
3 1431 1432 1437
3 1431 1437 1307
3 1431 1307 1305
3 1436 1438 1439
3 1437 1436 1439
3 1439 1438 1440
3 1441 1442 1443
3 1441 1444 1445
3 1442 1441 1445
3 1310 1445 1444
3 1308 1310 1444
3 1308 1444 1435
3 1308 1435 1434
3 1302 1308 1434
3 1307 1437 1313
3 1313 1446 1315
3 1313 1437 1446
3 1437 1439 1446
3 1440 1447 1448
3 1440 1448 1439
3 1439 1448 1446
3 1447 1449 1450
3 1448 1447 1450
3 1449 1451 1452
3 1450 1449 1452
3 1452 1451 1453
3 1454 1455 1456
3 1454 1457 1458
3 1455 1454 1458
3 1457 1459 1460
3 1458 1457 1460
3 1459 1443 1442
3 1459 1442 1460
3 1460 1442 1461
3 1318 1445 1316
3 1318 1461 1445
3 1461 1442 1445
3 1310 1316 1445
3 1315 1446 1320
3 1448 1320 1446
3 1322 1320 1448
3 1450 1322 1448
3 1324 1322 1450
3 1452 1324 1450
3 1326 1324 1452
3 1453 1462 1463
3 1452 1453 1463
3 1452 1463 1328
3 1452 1328 1326
3 1331 1463 1462
3 1329 1331 1462
3 1329 1462 1456
3 1329 1456 1455
3 1458 1329 1455
3 1332 1329 1458
3 1460 1332 1458
3 1334 1332 1460
3 1461 1334 1460
3 1336 1334 1461
3 1318 1336 1461
3 1328 1463 1338
3 1331 1338 1463
3 1345 1464 1346
3 1347 1464 1345
3 1354 1465 1355
3 1356 1465 1354
3 1466 1465 1356
3 1357 1466 1356
3 1467 1466 1357
3 1346 1467 1357
3 1346 1464 1467
3 1464 1468 1467
3 1358 1464 1347
3 1358 1469 1464
3 1469 1468 1464
3 1359 1469 1358
3 1470 1469 1359
3 1360 1470 1359
3 1471 1470 1360
3 1361 1471 1360
3 1365 1472 1366
3 1367 1472 1365
3 1473 1472 1367
3 1474 1475 1473
3 1465 1474 1473
3 1465 1473 1367
3 1465 1367 1355
3 1465 1466 1476
3 1474 1465 1476
3 1466 1467 1477
3 1476 1466 1477
3 1467 1468 1478
3 1477 1467 1478
3 1468 1469 1479
3 1478 1468 1479
3 1469 1470 1480
3 1479 1469 1480
3 1470 1471 1481
3 1480 1470 1481
3 1471 1482 1481
3 1361 1482 1471
3 1361 1483 1482
3 1361 1368 1483
3 1369 1483 1368
3 1484 1483 1369
3 1370 1484 1369
3 1373 1485 1374
3 1366 1485 1373
3 1366 1472 1485
3 1472 1486 1485
3 1487 1488 1486
3 1487 1486 1473
3 1473 1486 1472
3 1473 1475 1487
3 1483 1489 1482
3 1490 1489 1483
3 1490 1483 1491
3 1491 1483 1484
3 1375 1484 1370
3 1375 1492 1484
3 1492 1491 1484
3 1376 1492 1375
3 1374 1493 1380
3 1485 1493 1374
3 1494 1495 1493
3 1494 1493 1486
3 1486 1493 1485
3 1486 1488 1494
3 1491 1496 1490
3 1497 1496 1491
3 1497 1491 1498
3 1498 1491 1492
3 1382 1492 1376
3 1498 1492 1382
3 1385 1499 1386
3 1500 1501 1499
3 1493 1500 1499
3 1493 1499 1385
3 1493 1385 1380
3 1493 1495 1500
3 1498 1502 1497
3 1498 1503 1502
3 1382 1503 1498
3 1382 1504 1503
3 1382 1387 1504
3 1388 1504 1387
3 1386 1505 1391
3 1499 1505 1386
3 1505 1499 1501
3 1506 1505 1501
3 1504 1507 1508
3 1503 1504 1508
3 1393 1504 1388
3 1507 1504 1393
3 1391 1509 1395
3 1505 1509 1391
3 1509 1505 1506
3 1510 1509 1506
3 1507 1511 1512
3 1508 1507 1512
3 1397 1507 1393
3 1511 1507 1397
3 1399 1513 1400
3 1395 1513 1399
3 1395 1509 1513
3 1509 1514 1513
3 1514 1509 1510
3 1515 1514 1510
3 1511 1516 1517
3 1512 1511 1517
3 1401 1511 1397
3 1401 1518 1511
3 1518 1516 1511
3 1402 1518 1401
3 1400 1513 1404
3 1404 1519 1406
3 1404 1513 1519
3 1513 1514 1519
3 1519 1514 1515
3 1520 1519 1515
3 1516 1521 1522
3 1517 1516 1522
3 1409 1518 1407
3 1409 1521 1518
3 1521 1516 1518
3 1402 1407 1518
3 1406 1523 1411
3 1519 1523 1406
3 1523 1519 1520
3 1524 1523 1520
3 1521 1525 1526
3 1522 1521 1526
3 1413 1521 1409
3 1525 1521 1413
3 1411 1527 1415
3 1523 1527 1411
3 1527 1523 1524
3 1528 1527 1524
3 1525 1529 1530
3 1526 1525 1530
3 1417 1525 1413
3 1529 1525 1417
3 1415 1527 1419
3 1528 1531 1532
3 1527 1528 1532
3 1527 1532 1421
3 1527 1421 1419
3 1532 1531 1533
3 1534 1535 1536
3 1424 1535 1534
3 1422 1424 1534
3 1422 1534 1530
3 1422 1530 1529
3 1417 1422 1529
3 1421 1537 1427
3 1532 1537 1421
3 1533 1538 1539
3 1533 1539 1532
3 1532 1539 1537
3 1539 1538 1540
3 1541 1542 1543
3 1541 1536 1535
3 1541 1535 1542
3 1542 1535 1544
3 1429 1535 1424
3 1544 1535 1429
3 1427 1537 1430
3 1430 1545 1432
3 1430 1537 1545
3 1537 1539 1545
3 1540 1546 1547
3 1540 1547 1539
3 1539 1547 1545
3 1547 1546 1548
3 1549 1550 1551
3 1549 1543 1542
3 1549 1542 1550
3 1550 1542 1552
3 1435 1544 1433
3 1435 1552 1544
3 1552 1542 1544
3 1429 1433 1544
3 1432 1545 1436
3 1547 1436 1545
3 1438 1436 1547
3 1548 1553 1554
3 1547 1548 1554
3 1547 1554 1440
3 1547 1440 1438
3 1553 1555 1556
3 1554 1553 1556
3 1555 1557 1558
3 1556 1555 1558
3 1557 1559 1560
3 1558 1557 1560
3 1559 1561 1562
3 1560 1559 1562
3 1561 1563 1564
3 1562 1561 1564
3 1563 1565 1566
3 1564 1563 1566
3 1443 1566 1565
3 1441 1443 1565
3 1441 1565 1551
3 1441 1551 1550
3 1552 1441 1550
3 1444 1441 1552
3 1435 1444 1552
3 1440 1554 1447
3 1556 1447 1554
3 1449 1447 1556
3 1558 1449 1556
3 1451 1449 1558
3 1451 1567 1453
3 1451 1558 1567
3 1558 1560 1567
3 1456 1562 1454
3 1456 1567 1562
3 1567 1560 1562
3 1564 1454 1562
3 1457 1454 1564
3 1566 1457 1564
3 1459 1457 1566
3 1443 1459 1566
3 1453 1567 1462
3 1456 1462 1567
3 1474 1568 1475
3 1476 1568 1474
3 1569 1568 1476
3 1477 1569 1476
3 1570 1569 1477
3 1478 1570 1477
3 1571 1570 1478
3 1479 1571 1478
3 1572 1571 1479
3 1480 1572 1479
3 1573 1572 1480
3 1481 1573 1480
3 1574 1573 1481
3 1482 1574 1481
3 1487 1575 1488
3 1576 1577 1575
3 1568 1576 1575
3 1568 1575 1487
3 1568 1487 1475
3 1568 1569 1578
3 1576 1568 1578
3 1569 1570 1579
3 1578 1569 1579
3 1570 1571 1580
3 1579 1570 1580
3 1571 1572 1581
3 1580 1571 1581
3 1572 1573 1582
3 1581 1572 1582
3 1573 1574 1583
3 1582 1573 1583
3 1574 1584 1583
3 1482 1584 1574
3 1482 1585 1584
3 1482 1489 1585
3 1490 1585 1489
3 1494 1586 1495
3 1587 1588 1586
3 1575 1587 1586
3 1575 1586 1494
3 1575 1494 1488
3 1575 1577 1587
3 1585 1589 1584
3 1585 1590 1589
3 1490 1590 1585
3 1490 1591 1590
3 1490 1496 1591
3 1497 1591 1496
3 1500 1592 1501
3 1593 1594 1592
3 1586 1593 1592
3 1586 1592 1500
3 1586 1500 1495
3 1586 1588 1593
3 1591 1595 1590
3 1591 1596 1595
3 1497 1596 1591
3 1497 1597 1596
3 1497 1502 1597
3 1503 1597 1502
3 1501 1598 1506
3 1592 1598 1501
3 1598 1592 1594
3 1599 1598 1594
3 1597 1600 1601
3 1596 1597 1601
3 1508 1597 1503
3 1600 1597 1508
3 1506 1602 1510
3 1598 1602 1506
3 1602 1598 1599
3 1603 1602 1599
3 1600 1604 1605
3 1601 1600 1605
3 1512 1600 1508
3 1604 1600 1512
3 1510 1606 1515
3 1602 1606 1510
3 1606 1602 1603
3 1607 1606 1603
3 1604 1608 1609
3 1605 1604 1609
3 1517 1604 1512
3 1608 1604 1517
3 1515 1610 1520
3 1606 1610 1515
3 1610 1606 1607
3 1611 1610 1607
3 1608 1612 1613
3 1609 1608 1613
3 1522 1608 1517
3 1612 1608 1522
3 1520 1614 1524
3 1610 1614 1520
3 1614 1610 1611
3 1615 1614 1611
3 1612 1616 1617
3 1613 1612 1617
3 1526 1612 1522
3 1616 1612 1526
3 1524 1618 1528
3 1614 1618 1524
3 1618 1614 1615
3 1619 1618 1615
3 1616 1620 1621
3 1617 1616 1621
3 1530 1616 1526
3 1620 1616 1530
3 1528 1618 1531
3 1619 1622 1623
3 1618 1619 1623
3 1618 1623 1533
3 1618 1533 1531
3 1623 1622 1624
3 1625 1626 1627
3 1536 1626 1625
3 1534 1536 1625
3 1534 1625 1621
3 1534 1621 1620
3 1530 1534 1620
3 1533 1623 1538
3 1624 1628 1629
3 1623 1624 1629
3 1623 1629 1540
3 1623 1540 1538
3 1629 1628 1630
3 1631 1632 1633
3 1543 1632 1631
3 1541 1543 1631
3 1541 1631 1627
3 1541 1627 1626
3 1536 1541 1626
3 1540 1629 1546
3 1630 1634 1635
3 1629 1630 1635
3 1629 1635 1548
3 1629 1548 1546
3 1634 1636 1637
3 1635 1634 1637
3 1636 1638 1639
3 1637 1636 1639
3 1638 1640 1641
3 1639 1638 1641
3 1640 1642 1643
3 1641 1640 1643
3 1642 1644 1645
3 1643 1642 1645
3 1644 1646 1647
3 1645 1644 1647
3 1551 1647 1646
3 1549 1551 1646
3 1549 1646 1633
3 1549 1633 1632
3 1543 1549 1632
3 1548 1635 1553
3 1637 1553 1635
3 1555 1553 1637
3 1639 1555 1637
3 1557 1555 1639
3 1641 1557 1639
3 1559 1557 1641
3 1643 1559 1641
3 1561 1559 1643
3 1645 1561 1643
3 1563 1561 1645
3 1647 1563 1645
3 1565 1563 1647
3 1551 1565 1647
3 1576 1648 1577
3 1578 1648 1576
3 1649 1648 1578
3 1579 1649 1578
3 1650 1649 1579
3 1650 1651 1652
3 1650 1579 1651
3 1579 1580 1651
3 1653 1581 1654
3 1653 1651 1581
3 1651 1580 1581
3 1582 1654 1581
3 1655 1654 1582
3 1583 1655 1582
3 1656 1655 1583
3 1584 1656 1583
3 1587 1657 1588
3 1658 1659 1657
3 1648 1658 1657
3 1648 1657 1587
3 1648 1587 1577
3 1648 1649 1660
3 1658 1648 1660
3 1649 1650 1661
3 1660 1649 1661
3 1650 1652 1661
3 1654 1662 1653
3 1654 1655 1663
3 1662 1654 1663
3 1655 1656 1664
3 1663 1655 1664
3 1656 1665 1664
3 1584 1665 1656
3 1584 1666 1665
3 1584 1589 1666
3 1590 1666 1589
3 1593 1667 1594
3 1668 1669 1667
3 1657 1668 1667
3 1657 1667 1593
3 1657 1593 1588
3 1657 1659 1668
3 1666 1670 1665
3 1666 1671 1670
3 1590 1671 1666
3 1590 1672 1671
3 1590 1595 1672
3 1596 1672 1595
3 1594 1673 1599
3 1667 1673 1594
3 1673 1667 1669
3 1674 1673 1669
3 1672 1675 1676
3 1671 1672 1676
3 1601 1672 1596
3 1675 1672 1601
3 1599 1677 1603
3 1673 1677 1599
3 1677 1673 1674
3 1678 1677 1674
3 1675 1679 1680
3 1676 1675 1680
3 1605 1675 1601
3 1679 1675 1605
3 1681 1603 1677
3 1681 1682 1603
3 1682 1607 1603
3 1677 1678 1681
3 1679 1683 1680
3 1679 1684 1683
3 1679 1605 1684
3 1605 1609 1684
3 1685 1682 1686
3 1685 1611 1682
3 1611 1607 1682
3 1685 1686 1687
3 1688 1689 1690
3 1688 1613 1689
3 1688 1684 1613
3 1684 1609 1613
3 1611 1691 1615
3 1685 1691 1611
3 1691 1685 1687
3 1692 1691 1687
3 1689 1693 1694
3 1690 1689 1694
3 1617 1689 1613
3 1693 1689 1617
3 1615 1695 1619
3 1691 1695 1615
3 1695 1691 1692
3 1696 1695 1692
3 1693 1697 1698
3 1694 1693 1698
3 1621 1693 1617
3 1697 1693 1621
3 1619 1695 1622
3 1696 1699 1700
3 1695 1696 1700
3 1695 1700 1624
3 1695 1624 1622
3 1700 1699 1701
3 1702 1703 1704
3 1627 1703 1702
3 1625 1627 1702
3 1625 1702 1698
3 1625 1698 1697
3 1621 1625 1697
3 1624 1700 1628
3 1701 1705 1706
3 1700 1701 1706
3 1700 1706 1630
3 1700 1630 1628
3 1705 1707 1708
3 1706 1705 1708
3 1707 1709 1710
3 1708 1707 1710
3 1710 1709 1711
3 1712 1713 1714
3 1712 1715 1716
3 1713 1712 1716
3 1715 1717 1718
3 1716 1715 1718
3 1633 1718 1717
3 1631 1633 1717
3 1631 1717 1704
3 1631 1704 1703
3 1627 1631 1703
3 1630 1706 1634
3 1708 1634 1706
3 1636 1634 1708
3 1710 1636 1708
3 1638 1636 1710
3 1711 1638 1710
3 1711 1719 1638
3 1719 1640 1638
3 1713 1719 1714
3 1713 1642 1719
3 1642 1640 1719
3 1716 1642 1713
3 1644 1642 1716
3 1718 1644 1716
3 1646 1644 1718
3 1633 1646 1718
3 1651 1720 1652
3 1653 1720 1651
3 1658 1721 1659
3 1660 1721 1658
3 1722 1721 1660
3 1661 1722 1660
3 1723 1722 1661
3 1724 1725 1723
3 1720 1724 1723
3 1720 1723 1661
3 1720 1661 1652
3 1720 1726 1724
3 1653 1726 1720
3 1653 1727 1726
3 1653 1662 1727
3 1663 1727 1662
3 1728 1727 1663
3 1664 1728 1663
3 1729 1728 1664
3 1665 1729 1664
3 1668 1730 1669
3 1659 1730 1668
3 1659 1721 1730
3 1721 1731 1730
3 1732 1733 1731
3 1732 1731 1722
3 1722 1731 1721
3 1722 1723 1734
3 1732 1722 1734
3 1723 1725 1734
3 1727 1735 1726
3 1727 1728 1736
3 1735 1727 1736
3 1737 1736 1728
3 1737 1728 1738
3 1738 1728 1729
3 1670 1729 1665
3 1670 1739 1729
3 1739 1738 1729
3 1671 1739 1670
3 1669 1740 1674
3 1730 1740 1669
3 1741 1742 1740
3 1741 1740 1731
3 1731 1740 1730
3 1731 1733 1741
3 1738 1743 1737
3 1744 1743 1738
3 1744 1738 1745
3 1745 1738 1739
3 1676 1739 1671
3 1745 1739 1676
3 1674 1746 1678
3 1740 1746 1674
3 1746 1740 1742
3 1747 1746 1742
3 1745 1748 1749
3 1744 1745 1749
3 1680 1745 1676
3 1748 1745 1680
3 1681 1750 1682
3 1751 1752 1750
3 1746 1751 1750
3 1746 1750 1681
3 1746 1681 1678
3 1746 1747 1751
3 1748 1753 1749
3 1748 1754 1753
3 1680 1754 1748
3 1680 1755 1754
3 1680 1683 1755
3 1684 1755 1683
3 1682 1750 1686
3 1752 1756 1757
3 1750 1752 1757
3 1750 1757 1687
3 1750 1687 1686
3 1757 1756 1758
3 1759 1760 1761
3 1690 1760 1759
3 1688 1690 1759
3 1688 1759 1754
3 1688 1754 1755
3 1684 1688 1755
3 1687 1762 1692
3 1757 1762 1687
3 1762 1757 1758
3 1763 1762 1758
3 1760 1764 1765
3 1761 1760 1765
3 1694 1760 1690
3 1764 1760 1694
3 1692 1766 1696
3 1762 1766 1692
3 1763 1767 1768
3 1763 1768 1762
3 1762 1768 1766
3 1768 1767 1769
3 1770 1771 1772
3 1770 1765 1764
3 1770 1764 1771
3 1771 1764 1773
3 1698 1764 1694
3 1773 1764 1698
3 1696 1766 1699
3 1699 1774 1701
3 1699 1766 1774
3 1766 1768 1774
3 1769 1775 1776
3 1769 1776 1768
3 1768 1776 1774
3 1775 1777 1778
3 1776 1775 1778
3 1778 1777 1779
3 1780 1781 1782
3 1780 1783 1784
3 1781 1780 1784
3 1783 1772 1771
3 1783 1771 1784
3 1784 1771 1785
3 1704 1773 1702
3 1704 1785 1773
3 1785 1771 1773
3 1698 1702 1773
3 1701 1774 1705
3 1776 1705 1774
3 1707 1705 1776
3 1778 1707 1776
3 1709 1707 1778
3 1779 1786 1787
3 1778 1779 1787
3 1778 1787 1711
3 1778 1711 1709
3 1714 1787 1786
3 1712 1714 1786
3 1712 1786 1782
3 1712 1782 1781
3 1784 1712 1781
3 1715 1712 1784
3 1785 1715 1784
3 1717 1715 1785
3 1704 1717 1785
3 1711 1787 1719
3 1714 1719 1787
3 1724 1788 1725
3 1726 1788 1724
3 1732 1789 1733
3 1734 1789 1732
3 1790 1789 1734
3 1725 1790 1734
3 1725 1788 1790
3 1788 1791 1790
3 1735 1788 1726
3 1735 1792 1788
3 1792 1791 1788
3 1736 1792 1735
3 1793 1792 1736
3 1737 1793 1736
3 1741 1794 1742
3 1795 1796 1794
3 1789 1795 1794
3 1789 1794 1741
3 1789 1741 1733
3 1789 1790 1797
3 1795 1789 1797
3 1790 1791 1798
3 1797 1790 1798
3 1791 1792 1799
3 1798 1791 1799
3 1792 1793 1800
3 1799 1792 1800
3 1793 1801 1800
3 1737 1801 1793
3 1737 1802 1801
3 1737 1743 1802
3 1744 1802 1743
3 1742 1803 1747
3 1794 1803 1742
3 1803 1794 1796
3 1804 1803 1796
3 1802 1805 1806
3 1801 1802 1806
3 1749 1802 1744
3 1805 1802 1749
3 1751 1807 1752
3 1747 1807 1751
3 1747 1803 1807
3 1803 1808 1807
3 1808 1803 1804
3 1809 1808 1804
3 1805 1810 1811
3 1806 1805 1811
3 1753 1805 1749
3 1753 1812 1805
3 1812 1810 1805
3 1754 1812 1753
3 1752 1807 1756
3 1756 1813 1758
3 1756 1807 1813
3 1807 1808 1813
3 1813 1808 1809
3 1814 1813 1809
3 1810 1815 1816
3 1811 1810 1816
3 1761 1812 1759
3 1761 1815 1812
3 1815 1810 1812
3 1754 1759 1812
3 1758 1817 1763
3 1813 1817 1758
3 1817 1813 1814
3 1818 1817 1814
3 1815 1819 1820
3 1816 1815 1820
3 1765 1815 1761
3 1819 1815 1765
3 1763 1817 1767
3 1818 1821 1822
3 1817 1818 1822
3 1817 1822 1769
3 1817 1769 1767
3 1821 1823 1824
3 1822 1821 1824
3 1823 1825 1826
3 1824 1823 1826
3 1825 1827 1828
3 1826 1825 1828
3 1827 1829 1830
3 1828 1827 1830
3 1772 1830 1829
3 1770 1772 1829
3 1770 1829 1820
3 1770 1820 1819
3 1765 1770 1819
3 1769 1822 1775
3 1824 1775 1822
3 1777 1775 1824
3 1777 1831 1779
3 1777 1824 1831
3 1824 1826 1831
3 1782 1828 1780
3 1782 1831 1828
3 1831 1826 1828
3 1830 1780 1828
3 1783 1780 1830
3 1772 1783 1830
3 1779 1831 1786
3 1782 1786 1831
3 1795 1832 1796
3 1797 1832 1795
3 1833 1832 1797
3 1833 1834 1835
3 1833 1797 1834
3 1797 1798 1834
3 1836 1799 1837
3 1836 1834 1799
3 1834 1798 1799
3 1800 1837 1799
3 1838 1837 1800
3 1801 1838 1800
3 1796 1839 1804
3 1832 1839 1796
3 1840 1841 1839
3 1840 1839 1833
3 1833 1839 1832
3 1833 1835 1840
3 1837 1842 1836
3 1843 1842 1837
3 1843 1837 1844
3 1844 1837 1838
3 1806 1838 1801
3 1844 1838 1806
3 1845 1804 1839
3 1845 1846 1804
3 1846 1809 1804
3 1839 1841 1845
3 1844 1847 1843
3 1844 1848 1847
3 1844 1806 1848
3 1806 1811 1848
3 1849 1846 1850
3 1849 1814 1846
3 1814 1809 1846
3 1849 1850 1851
3 1852 1853 1854
3 1852 1816 1853
3 1852 1848 1816
3 1848 1811 1816
3 1814 1855 1818
3 1849 1855 1814
3 1851 1856 1857
3 1851 1857 1849
3 1849 1857 1855
3 1857 1856 1858
3 1859 1860 1861
3 1859 1854 1853
3 1859 1853 1860
3 1860 1853 1862
3 1820 1853 1816
3 1862 1853 1820
3 1818 1855 1821
3 1857 1821 1855
3 1823 1821 1857
3 1858 1823 1857
3 1858 1863 1823
3 1863 1825 1823
3 1860 1863 1861
3 1860 1827 1863
3 1827 1825 1863
3 1862 1827 1860
3 1829 1827 1862
3 1820 1829 1862
3 1834 1864 1835
3 1836 1864 1834
3 1840 1865 1841
3 1866 1867 1865
3 1864 1866 1865
3 1864 1865 1840
3 1864 1840 1835
3 1864 1868 1866
3 1836 1868 1864
3 1836 1869 1868
3 1836 1842 1869
3 1843 1869 1842
3 1845 1870 1846
3 1871 1872 1870
3 1865 1871 1870
3 1865 1870 1845
3 1865 1845 1841
3 1865 1867 1871
3 1869 1873 1868
3 1869 1874 1873
3 1843 1874 1869
3 1843 1875 1874
3 1843 1847 1875
3 1848 1875 1847
3 1846 1870 1850
3 1872 1876 1877
3 1870 1872 1877
3 1870 1877 1851
3 1870 1851 1850
3 1877 1876 1878
3 1879 1880 1881
3 1854 1880 1879
3 1852 1854 1879
3 1852 1879 1874
3 1852 1874 1875
3 1848 1852 1875
3 1851 1877 1856
3 1878 1882 1883
3 1877 1878 1883
3 1877 1883 1858
3 1877 1858 1856
3 1861 1883 1882
3 1859 1861 1882
3 1859 1882 1881
3 1859 1881 1880
3 1854 1859 1880
3 1858 1883 1863
3 1861 1863 1883
3 1866 1884 1867
3 1868 1884 1866
3 1871 1885 1872
3 1867 1885 1871
3 1867 1884 1885
3 1884 1886 1885
3 1873 1884 1868
3 1873 1887 1884
3 1887 1886 1884
3 1874 1887 1873
3 1872 1885 1876
3 1876 1888 1878
3 1876 1885 1888
3 1885 1886 1888
3 1881 1887 1879
3 1881 1888 1887
3 1888 1886 1887
3 1874 1879 1887
3 1878 1888 1882
3 1881 1882 1888
3 1889 1890 1891
3 1891 1892 1889
3 1893 1894 1895
3 1893 1891 1890
3 1893 1895 1891
3 1895 1896 1891
3 1892 1897 1898
3 1892 1891 1897
3 1891 1896 1897
3 1897 1899 1898
3 1895 1894 1900
3 1901 1895 1900
3 1901 1902 1895
3 1902 1896 1895
3 1903 1902 1904
3 1903 1897 1902
3 1897 1896 1902
3 1897 1903 1899
3 1902 1901 1905
3 1902 1905 1904
3 1906 1907 1908
3 1908 1909 1906
3 1910 1911 1912
3 1890 1910 1912
3 1889 1910 1890
3 1889 1907 1910
3 1889 1908 1907
3 1909 1913 1914
3 1908 1913 1909
3 1908 1892 1913
3 1908 1889 1892
3 1913 1915 1914
3 1916 1917 1918
3 1894 1916 1918
3 1893 1916 1894
3 1893 1911 1916
3 1893 1912 1911
3 1890 1912 1893
3 1892 1898 1913
3 1915 1919 1920
3 1913 1919 1915
3 1913 1899 1919
3 1913 1898 1899
3 1919 1921 1920
3 1918 1917 1922
3 1918 1922 1923
3 1894 1918 1923
3 1894 1923 1924
3 1894 1924 1900
3 1901 1900 1924
3 1903 1904 1925
3 1926 1925 1927
3 1919 1925 1926
3 1919 1903 1925
3 1919 1899 1903
3 1919 1926 1921
3 1924 1923 1928
3 1924 1928 1929
3 1901 1924 1929
3 1901 1929 1930
3 1901 1930 1905
3 1931 1930 1932
3 1925 1930 1931
3 1925 1905 1930
3 1925 1904 1905
3 1925 1931 1927
3 1930 1929 1933
3 1930 1933 1932
3 1934 1935 1936
3 1934 1937 1938
3 1936 1937 1934
3 1907 1938 1937
3 1907 1906 1938
3 1906 1939 1938
3 1940 1906 1909
3 1940 1941 1906
3 1941 1939 1906
3 1941 1942 1943
3 1940 1942 1941
3 1942 1944 1943
3 1936 1945 1946
3 1935 1945 1936
3 1911 1910 1937
3 1911 1937 1946
3 1946 1937 1936
3 1907 1937 1910
3 1909 1914 1940
3 1914 1915 1947
3 1914 1947 1940
3 1940 1947 1942
3 1947 1944 1942
3 1948 1944 1947
3 1946 1917 1916
3 1946 1945 1917
3 1945 1949 1917
3 1911 1946 1916
3 1915 1920 1947
3 1920 1948 1947
3 1920 1921 1948
3 1921 1950 1948
3 1922 1951 1952
3 1922 1917 1951
3 1917 1949 1951
3 1923 1922 1952
3 1926 1927 1953
3 1953 1921 1926
3 1953 1954 1921
3 1954 1950 1921
3 1952 1955 1956
3 1951 1955 1952
3 1928 1923 1952
3 1928 1952 1957
3 1957 1952 1956
3 1929 1928 1957
3 1931 1932 1958
3 1927 1931 1958
3 1927 1958 1953
3 1953 1958 1959
3 1959 1954 1953
3 1960 1954 1959
3 1956 1955 1961
3 1956 1962 1957
3 1961 1962 1956
3 1957 1933 1929
3 1957 1962 1933
3 1962 1963 1933
3 1932 1964 1958
3 1932 1933 1964
3 1933 1963 1964
3 1958 1965 1959
3 1964 1965 1958
3 1959 1965 1960
3 1966 1967 1968
3 1968 1969 1966
3 1970 1971 1972
3 1970 1973 1974
3 1972 1973 1970
3 1974 1968 1967
3 1974 1973 1968
3 1973 1975 1968
3 1969 1976 1977
3 1969 1968 1976
3 1968 1975 1976
3 1977 1978 1979
3 1976 1978 1977
3 1978 1980 1979
3 1981 1982 1983
3 1935 1981 1983
3 1934 1981 1935
3 1934 1971 1981
3 1934 1972 1971
3 1973 1972 1934
3 1938 1973 1934
3 1975 1973 1938
3 1939 1975 1938
3 1976 1975 1939
3 1941 1976 1939
3 1978 1976 1941
3 1943 1978 1941
3 1980 1984 1985
3 1978 1984 1980
3 1978 1944 1984
3 1978 1943 1944
3 1984 1986 1985
3 1983 1987 1988
3 1982 1987 1983
3 1945 1935 1983
3 1988 1945 1983
3 1944 1948 1989
3 1984 1944 1989
3 1989 1986 1984
3 1990 1986 1989
3 1991 1992 1993
3 1991 1988 1987
3 1991 1993 1988
3 1993 1994 1988
3 1949 1945 1988
3 1994 1949 1988
3 1948 1950 1995
3 1989 1948 1995
3 1990 1996 1997
3 1990 1989 1996
3 1989 1995 1996
3 1996 1998 1997
3 1993 1992 1999
3 2000 1993 1999
3 2000 2001 1993
3 2001 1994 1993
3 1951 1949 1994
3 2001 1951 1994
3 1950 1954 2002
3 1995 1950 2002
3 2003 2002 2004
3 2003 1996 2002
3 1996 1995 2002
3 1996 2003 1998
3 2001 2005 2006
3 2000 2005 2001
3 1955 1951 2001
3 2006 1955 2001
3 1954 1960 2007
3 2002 1954 2007
3 2007 2004 2002
3 2008 2004 2007
3 2006 2005 2009
3 2006 2009 2010
3 1955 2006 2010
3 1955 2010 2011
3 1955 2011 1961
3 1962 1961 2011
3 2012 1962 2011
3 1963 1962 2012
3 2013 1963 2012
3 1964 1963 2013
3 2014 1964 2013
3 1965 1964 2014
3 2015 1965 2014
3 2016 2015 2017
3 2007 2015 2016
3 2007 1965 2015
3 2007 1960 1965
3 2007 2016 2008
3 2011 2010 2018
3 2011 2019 2012
3 2018 2019 2011
3 2020 2012 2019
3 2020 2021 2012
3 2021 2013 2012
3 2022 2021 2023
3 2022 2014 2021
3 2014 2013 2021
3 2014 2024 2015
3 2022 2024 2014
3 2015 2024 2017
3 2021 2020 2025
3 2021 2025 2023
3 2026 2027 2028
3 2028 2029 2026
3 2030 2031 2032
3 2030 2033 2034
3 2032 2033 2030
3 2034 2035 2036
3 2033 2035 2034
3 1967 2036 2035
3 1966 2036 1967
3 1966 2027 2036
3 1966 2028 2027
3 2029 2037 2038
3 2028 2037 2029
3 2028 1969 2037
3 2028 1966 1969
3 2038 2039 2040
3 2037 2039 2038
3 2040 2041 2042
3 2039 2041 2040
3 2041 2043 2042
3 2044 2045 2046
3 2044 2032 2031
3 2044 2046 2032
3 2046 2047 2032
3 1971 1970 2033
3 1971 2033 2047
3 2047 2033 2032
3 2035 2033 1970
3 1974 2035 1970
3 1967 2035 1974
3 1969 1977 2037
3 2039 2037 1977
3 1979 2039 1977
3 1979 1980 2048
3 1979 2048 2039
3 2039 2048 2041
3 2043 2049 2050
3 2043 2041 2049
3 2041 2048 2049
3 2049 2051 2050
3 2046 2052 2053
3 2045 2052 2046
3 1982 1981 2047
3 1982 2047 2053
3 2053 2047 2046
3 1971 2047 1981
3 1980 1985 2048
3 1985 1986 2054
3 1985 2054 2048
3 2048 2054 2049
3 2054 2051 2049
3 2055 2051 2054
3 2053 2056 2057
3 2052 2056 2053
3 1987 1982 2053
3 2057 1987 2053
3 1986 1990 2058
3 2054 1986 2058
3 2058 2055 2054
3 2059 2055 2058
3 2060 2061 2062
3 1992 2060 2062
3 1991 2060 1992
3 1991 2056 2060
3 1991 2057 2056
3 1987 2057 1991
3 1990 1997 2058
3 2059 2063 2064
3 2058 2063 2059
3 2058 1998 2063
3 2058 1997 1998
3 2063 2065 2064
3 2062 2061 2066
3 2062 2066 2067
3 1992 2062 2067
3 1992 2067 2068
3 1992 2068 1999
3 2000 1999 2068
3 2003 2004 2069
3 2070 2069 2071
3 2063 2069 2070
3 2063 2003 2069
3 2063 1998 2003
3 2063 2070 2065
3 2068 2072 2073
3 2067 2072 2068
3 2005 2000 2068
3 2073 2005 2068
3 2004 2008 2074
3 2069 2004 2074
3 2074 2071 2069
3 2075 2071 2074
3 2073 2076 2077
3 2072 2076 2073
3 2009 2005 2073
3 2009 2073 2078
3 2078 2073 2077
3 2010 2009 2078
3 2016 2017 2079
3 2008 2016 2079
3 2008 2079 2074
3 2074 2079 2080
3 2080 2075 2074
3 2081 2075 2080
3 2077 2076 2082
3 2083 2077 2082
3 2083 2084 2077
3 2084 2078 2077
3 2018 2010 2078
3 2018 2078 2085
3 2085 2078 2084
3 2019 2018 2085
3 2086 2019 2085
3 2020 2019 2086
3 2022 2023 2087
3 2024 2022 2087
3 2088 2024 2087
3 2017 2024 2088
3 2017 2088 2079
3 2079 2088 2089
3 2090 2089 2091
3 2090 2080 2089
3 2080 2079 2089
3 2080 2090 2081
3 2084 2083 2092
3 2084 2093 2085
3 2092 2093 2084
3 2085 2094 2086
3 2093 2094 2085
3 2086 2094 2095
3 2020 2086 2095
3 2020 2095 2096
3 2020 2096 2025
3 2097 2096 2098
3 2087 2096 2097
3 2087 2025 2096
3 2087 2023 2025
3 2087 2099 2088
3 2097 2099 2087
3 2088 2100 2089
3 2099 2100 2088
3 2089 2100 2091
3 2096 2095 2101
3 2096 2101 2098
3 2102 2103 2104
3 2102 2105 2106
3 2104 2105 2102
3 2106 2107 2108
3 2105 2107 2106
3 2027 2108 2107
3 2027 2026 2108
3 2026 2109 2108
3 2110 2026 2029
3 2110 2111 2026
3 2111 2109 2026
3 2111 2112 2113
3 2110 2112 2111
3 2113 2114 2115
3 2112 2114 2113
3 2114 2116 2115
3 2117 2118 2119
3 2031 2117 2119
3 2030 2117 2031
3 2030 2103 2117
3 2030 2104 2103
3 2105 2104 2030
3 2034 2105 2030
3 2107 2105 2034
3 2036 2107 2034
3 2027 2107 2036
3 2029 2038 2110
3 2112 2110 2038
3 2040 2112 2038
3 2114 2112 2040
3 2042 2114 2040
3 2116 2120 2121
3 2114 2120 2116
3 2114 2043 2120
3 2114 2042 2043
3 2120 2122 2121
3 2123 2124 2125
3 2045 2123 2125
3 2044 2123 2045
3 2044 2118 2123
3 2044 2119 2118
3 2031 2119 2044
3 2043 2050 2120
3 2122 2126 2127
3 2120 2126 2122
3 2120 2051 2126
3 2120 2050 2051
3 2126 2128 2127
3 2125 2129 2130
3 2124 2129 2125
3 2052 2045 2125
3 2130 2052 2125
3 2051 2055 2131
3 2126 2051 2131
3 2131 2128 2126
3 2132 2128 2131
3 2130 2133 2134
3 2129 2133 2130
3 2056 2052 2130
3 2134 2056 2130
3 2055 2059 2135
3 2131 2055 2135
3 2135 2132 2131
3 2136 2132 2135
3 2134 2061 2060
3 2134 2133 2061
3 2133 2137 2061
3 2056 2134 2060
3 2059 2064 2135
3 2064 2136 2135
3 2064 2065 2136
3 2065 2138 2136
3 2066 2139 2140
3 2066 2061 2139
3 2061 2137 2139
3 2067 2066 2140
3 2070 2071 2141
3 2141 2065 2070
3 2141 2142 2065
3 2142 2138 2065
3 2140 2143 2144
3 2139 2143 2140
3 2072 2067 2140
3 2144 2072 2140
3 2071 2075 2145
3 2141 2071 2145
3 2145 2142 2141
3 2146 2142 2145
3 2144 2147 2148
3 2143 2147 2144
3 2076 2072 2144
3 2148 2076 2144
3 2075 2081 2149
3 2145 2075 2149
3 2149 2146 2145
3 2150 2146 2149
3 2148 2147 2151
3 2148 2151 2152
3 2076 2148 2152
3 2076 2152 2153
3 2076 2153 2082
3 2083 2082 2153
3 2090 2091 2154
3 2155 2154 2156
3 2149 2154 2155
3 2149 2090 2154
3 2149 2081 2090
3 2149 2155 2150
3 2153 2152 2157
3 2153 2157 2158
3 2083 2153 2158
3 2083 2158 2159
3 2083 2159 2092
3 2093 2092 2159
3 2160 2093 2159
3 2094 2093 2160
3 2161 2094 2160
3 2095 2094 2161
3 2097 2098 2162
3 2099 2097 2162
3 2163 2099 2162
3 2100 2099 2163
3 2164 2100 2163
3 2165 2164 2166
3 2154 2164 2165
3 2154 2100 2164
3 2154 2091 2100
3 2154 2165 2156
3 2159 2158 2167
3 2159 2168 2160
3 2167 2168 2159
3 2160 2169 2161
3 2168 2169 2160
3 2161 2101 2095
3 2161 2169 2101
3 2169 2170 2101
3 2098 2171 2162
3 2098 2101 2171
3 2101 2170 2171
3 2162 2172 2163
3 2171 2172 2162
3 2163 2173 2164
3 2172 2173 2163
3 2164 2173 2166
3 2174 2175 2176
3 2174 2177 2178
3 2176 2177 2174
3 2178 2179 2180
3 2177 2179 2178
3 2180 2181 2182
3 2179 2181 2180
3 2182 2183 2184
3 2181 2183 2182
3 2184 2185 2186
3 2183 2185 2184
3 2186 2187 2188
3 2185 2187 2186
3 2187 2189 2188
3 2190 2191 2192
3 2103 2190 2192
3 2102 2190 2103
3 2102 2175 2190
3 2102 2176 2175
3 2177 2176 2102
3 2106 2177 2102
3 2179 2177 2106
3 2108 2179 2106
3 2181 2179 2108
3 2109 2181 2108
3 2183 2181 2109
3 2111 2183 2109
3 2185 2183 2111
3 2113 2185 2111
3 2187 2185 2113
3 2115 2187 2113
3 2189 2193 2194
3 2187 2193 2189
3 2187 2116 2193
3 2187 2115 2116
3 2193 2195 2194
3 2196 2197 2198
3 2118 2196 2198
3 2117 2196 2118
3 2117 2191 2196
3 2117 2192 2191
3 2103 2192 2117
3 2116 2121 2193
3 2195 2199 2200
3 2193 2199 2195
3 2193 2122 2199
3 2193 2121 2122
3 2199 2201 2200
3 2202 2203 2204
3 2124 2202 2204
3 2123 2202 2124
3 2123 2197 2202
3 2123 2198 2197
3 2118 2198 2123
3 2122 2127 2199
3 2201 2205 2206
3 2199 2205 2201
3 2199 2128 2205
3 2199 2127 2128
3 2205 2207 2206
3 2204 2208 2209
3 2203 2208 2204
3 2129 2124 2204
3 2209 2129 2204
3 2128 2132 2210
3 2205 2128 2210
3 2210 2207 2205
3 2211 2207 2210
3 2209 2212 2213
3 2208 2212 2209
3 2133 2129 2209
3 2213 2133 2209
3 2132 2136 2214
3 2210 2132 2214
3 2214 2211 2210
3 2215 2211 2214
3 2213 2216 2217
3 2212 2216 2213
3 2137 2133 2213
3 2217 2137 2213
3 2136 2138 2218
3 2214 2136 2218
3 2218 2215 2214
3 2219 2215 2218
3 2217 2220 2221
3 2216 2220 2217
3 2139 2137 2217
3 2221 2139 2217
3 2138 2142 2222
3 2218 2138 2222
3 2222 2219 2218
3 2223 2219 2222
3 2221 2224 2225
3 2220 2224 2221
3 2143 2139 2221
3 2225 2143 2221
3 2142 2146 2226
3 2222 2142 2226
3 2226 2223 2222
3 2227 2223 2226
3 2225 2228 2229
3 2224 2228 2225
3 2147 2143 2225
3 2229 2147 2225
3 2146 2150 2230
3 2226 2146 2230
3 2230 2227 2226
3 2231 2227 2230
3 2229 2228 2232
3 2229 2232 2233
3 2147 2229 2233
3 2147 2233 2234
3 2147 2234 2151
3 2152 2151 2234
3 2155 2156 2235
3 2236 2235 2237
3 2230 2235 2236
3 2230 2155 2235
3 2230 2150 2155
3 2230 2236 2231
3 2234 2233 2238
3 2234 2238 2239
3 2152 2234 2239
3 2152 2239 2240
3 2152 2240 2157
3 2158 2157 2240
3 2165 2166 2241
3 2242 2241 2243
3 2235 2241 2242
3 2235 2165 2241
3 2235 2156 2165
3 2235 2242 2237
3 2240 2239 2244
3 2240 2244 2245
3 2158 2240 2245
3 2158 2245 2246
3 2158 2246 2167
3 2168 2167 2246
3 2247 2168 2246
3 2169 2168 2247
3 2248 2169 2247
3 2170 2169 2248
3 2249 2170 2248
3 2171 2170 2249
3 2250 2171 2249
3 2172 2171 2250
3 2251 2172 2250
3 2173 2172 2251
3 2252 2173 2251
3 2253 2252 2254
3 2241 2252 2253
3 2241 2173 2252
3 2241 2166 2173
3 2241 2253 2243
3 2246 2245 2255
3 2246 2256 2247
3 2255 2256 2246
3 2247 2257 2248
3 2256 2257 2247
3 2248 2258 2249
3 2257 2258 2248
3 2249 2259 2250
3 2258 2259 2249
3 2250 2260 2251
3 2259 2260 2250
3 2251 2261 2252
3 2260 2261 2251
3 2252 2261 2254
3 2262 2263 2264
3 2264 2265 2262
3 2266 2267 2268
3 2266 2269 2270
3 2268 2269 2266
3 2270 2271 2272
3 2269 2271 2270
3 2272 2264 2263
3 2272 2271 2264
3 2271 2273 2264
3 2265 2274 2275
3 2265 2264 2274
3 2264 2273 2274
3 2275 2276 2277
3 2274 2276 2275
3 2277 2278 2279
3 2276 2278 2277
3 2278 2280 2279
3 2281 2282 2283
3 2281 2284 2285
3 2283 2284 2281
3 2175 2285 2284
3 2174 2285 2175
3 2174 2267 2285
3 2174 2268 2267
3 2269 2268 2174
3 2178 2269 2174
3 2271 2269 2178
3 2180 2271 2178
3 2273 2271 2180
3 2182 2273 2180
3 2274 2273 2182
3 2184 2274 2182
3 2276 2274 2184
3 2186 2276 2184
3 2278 2276 2186
3 2188 2278 2186
3 2280 2286 2287
3 2278 2286 2280
3 2278 2189 2286
3 2278 2188 2189
3 2287 2288 2289
3 2286 2288 2287
3 2288 2290 2289
3 2291 2292 2293
3 2291 2283 2282
3 2291 2293 2283
3 2293 2294 2283
3 2191 2190 2284
3 2191 2284 2294
3 2294 2284 2283
3 2175 2284 2190
3 2189 2194 2286
3 2194 2195 2295
3 2194 2295 2286
3 2286 2295 2288
3 2290 2296 2297
3 2290 2288 2296
3 2288 2295 2296
3 2296 2298 2297
3 2293 2299 2300
3 2292 2299 2293
3 2197 2196 2294
3 2197 2294 2300
3 2300 2294 2293
3 2191 2294 2196
3 2195 2200 2295
3 2200 2201 2301
3 2200 2301 2295
3 2295 2301 2296
3 2301 2298 2296
3 2302 2298 2301
3 2303 2304 2305
3 2203 2303 2305
3 2202 2303 2203
3 2202 2299 2303
3 2202 2300 2299
3 2197 2300 2202
3 2201 2206 2301
3 2302 2306 2307
3 2301 2306 2302
3 2301 2207 2306
3 2301 2206 2207
3 2306 2308 2307
3 2305 2309 2310
3 2304 2309 2305
3 2208 2203 2305
3 2310 2208 2305
3 2207 2211 2311
3 2306 2207 2311
3 2311 2308 2306
3 2312 2308 2311
3 2310 2313 2314
3 2309 2313 2310
3 2212 2208 2310
3 2314 2212 2310
3 2211 2215 2315
3 2311 2211 2315
3 2315 2312 2311
3 2316 2312 2315
3 2317 2318 2319
3 2317 2314 2313
3 2317 2319 2314
3 2319 2320 2314
3 2216 2212 2314
3 2320 2216 2314
3 2215 2219 2321
3 2315 2215 2321
3 2316 2322 2323
3 2316 2315 2322
3 2315 2321 2322
3 2322 2324 2323
3 2319 2318 2325
3 2326 2319 2325
3 2326 2327 2319
3 2327 2320 2319
3 2220 2216 2320
3 2327 2220 2320
3 2219 2223 2328
3 2321 2219 2328
3 2329 2328 2330
3 2329 2322 2328
3 2322 2321 2328
3 2322 2329 2324
3 2327 2331 2332
3 2326 2331 2327
3 2224 2220 2327
3 2332 2224 2327
3 2223 2227 2333
3 2328 2223 2333
3 2333 2330 2328
3 2334 2330 2333
3 2332 2335 2336
3 2331 2335 2332
3 2228 2224 2332
3 2336 2228 2332
3 2227 2231 2337
3 2333 2227 2337
3 2337 2334 2333
3 2338 2334 2337
3 2336 2335 2339
3 2336 2339 2340
3 2228 2336 2340
3 2228 2340 2341
3 2228 2341 2232
3 2233 2232 2341
3 2236 2237 2342
3 2343 2342 2344
3 2337 2342 2343
3 2337 2236 2342
3 2337 2231 2236
3 2337 2343 2338
3 2341 2345 2346
3 2340 2345 2341
3 2238 2233 2341
3 2238 2341 2347
3 2347 2341 2346
3 2239 2238 2347
3 2242 2243 2348
3 2237 2242 2348
3 2237 2348 2342
3 2342 2348 2349
3 2349 2344 2342
3 2350 2344 2349
3 2346 2345 2351
3 2352 2346 2351
3 2352 2353 2346
3 2353 2347 2346
3 2244 2239 2347
3 2244 2347 2354
3 2354 2347 2353
3 2245 2244 2354
3 2253 2254 2355
3 2243 2253 2355
3 2243 2355 2348
3 2348 2355 2356
3 2357 2356 2358
3 2357 2349 2356
3 2349 2348 2356
3 2349 2357 2350
3 2353 2352 2359
3 2353 2360 2354
3 2359 2360 2353
3 2354 2360 2361
3 2245 2354 2361
3 2245 2361 2362
3 2245 2362 2255
3 2256 2255 2362
3 2363 2256 2362
3 2257 2256 2363
3 2364 2257 2363
3 2258 2257 2364
3 2365 2258 2364
3 2259 2258 2365
3 2366 2259 2365
3 2260 2259 2366
3 2367 2260 2366
3 2261 2260 2367
3 2368 2261 2367
3 2369 2368 2370
3 2355 2368 2369
3 2355 2261 2368
3 2355 2254 2261
3 2355 2371 2356
3 2369 2371 2355
3 2356 2371 2358
3 2362 2361 2372
3 2362 2373 2363
3 2372 2373 2362
3 2363 2374 2364
3 2373 2374 2363
3 2375 2364 2374
3 2375 2376 2364
3 2376 2365 2364
3 2377 2376 2378
3 2377 2366 2376
3 2366 2365 2376
3 2366 2379 2367
3 2377 2379 2366
3 2367 2380 2368
3 2379 2380 2367
3 2368 2380 2370
3 2376 2375 2381
3 2376 2381 2378
3 2382 2383 2384
3 2384 2385 2382
3 2386 2387 2388
3 2386 2389 2390
3 2388 2389 2386
3 2390 2391 2392
3 2389 2391 2390
3 2392 2393 2394
3 2391 2393 2392
3 2263 2394 2393
3 2262 2394 2263
3 2262 2383 2394
3 2262 2384 2383
3 2385 2395 2396
3 2384 2395 2385
3 2384 2265 2395
3 2384 2262 2265
3 2396 2397 2398
3 2395 2397 2396
3 2398 2399 2400
3 2397 2399 2398
3 2400 2401 2402
3 2399 2401 2400
3 2401 2403 2402
3 2404 2405 2406
3 2404 2388 2387
3 2404 2406 2388
3 2406 2407 2388
3 2267 2266 2389
3 2267 2389 2407
3 2407 2389 2388
3 2391 2389 2266
3 2270 2391 2266
3 2393 2391 2270
3 2272 2393 2270
3 2263 2393 2272
3 2265 2275 2395
3 2397 2395 2275
3 2277 2397 2275
3 2399 2397 2277
3 2279 2399 2277
3 2279 2280 2408
3 2279 2408 2399
3 2399 2408 2401
3 2403 2409 2410
3 2403 2401 2409
3 2401 2408 2409
3 2409 2411 2410
3 2412 2413 2414
3 2282 2412 2414
3 2281 2412 2282
3 2281 2405 2412
3 2281 2406 2405
3 2407 2406 2281
3 2285 2407 2281
3 2267 2407 2285
3 2280 2287 2408
3 2409 2408 2287
3 2289 2409 2287
3 2411 2415 2416
3 2409 2415 2411
3 2409 2290 2415
3 2409 2289 2290
3 2415 2417 2416
3 2418 2419 2420
3 2292 2418 2420
3 2291 2418 2292
3 2291 2413 2418
3 2291 2414 2413
3 2282 2414 2291
3 2290 2297 2415
3 2417 2421 2422
3 2415 2421 2417
3 2415 2298 2421
3 2415 2297 2298
3 2421 2423 2422
3 2424 2425 2426
3 2424 2420 2419
3 2424 2426 2420
3 2426 2427 2420
3 2299 2292 2420
3 2427 2299 2420
3 2298 2302 2428
3 2421 2298 2428
3 2423 2429 2430
3 2423 2421 2429
3 2421 2428 2429
3 2429 2431 2430
3 2426 2432 2433
3 2425 2432 2426
3 2304 2303 2427
3 2304 2427 2433
3 2433 2427 2426
3 2299 2427 2303
3 2302 2307 2428
3 2307 2308 2434
3 2307 2434 2428
3 2428 2434 2429
3 2434 2431 2429
3 2435 2431 2434
3 2433 2436 2437
3 2432 2436 2433
3 2309 2304 2433
3 2437 2309 2433
3 2308 2312 2438
3 2434 2308 2438
3 2438 2435 2434
3 2439 2435 2438
3 2437 2440 2441
3 2436 2440 2437
3 2313 2309 2437
3 2441 2313 2437
3 2312 2316 2442
3 2438 2312 2442
3 2442 2439 2438
3 2443 2439 2442
3 2444 2445 2446
3 2318 2444 2446
3 2317 2444 2318
3 2317 2440 2444
3 2317 2441 2440
3 2313 2441 2317
3 2316 2323 2442
3 2443 2447 2448
3 2442 2447 2443
3 2442 2324 2447
3 2442 2323 2324
3 2447 2449 2448
3 2446 2445 2450
3 2446 2450 2451
3 2318 2446 2451
3 2318 2451 2452
3 2318 2452 2325
3 2326 2325 2452
3 2329 2330 2453
3 2454 2453 2455
3 2447 2453 2454
3 2447 2329 2453
3 2447 2324 2329
3 2447 2454 2449
3 2452 2456 2457
3 2451 2456 2452
3 2331 2326 2452
3 2457 2331 2452
3 2330 2334 2458
3 2453 2330 2458
3 2458 2455 2453
3 2459 2455 2458
3 2457 2460 2461
3 2456 2460 2457
3 2335 2331 2457
3 2461 2335 2457
3 2334 2338 2462
3 2458 2334 2462
3 2462 2459 2458
3 2463 2459 2462
3 2461 2464 2465
3 2460 2464 2461
3 2339 2335 2461
3 2339 2461 2466
3 2466 2461 2465
3 2340 2339 2466
3 2343 2344 2467
3 2338 2343 2467
3 2338 2467 2462
3 2462 2467 2468
3 2468 2463 2462
3 2469 2463 2468
3 2465 2464 2470
3 2471 2465 2470
3 2471 2472 2465
3 2472 2466 2465
3 2345 2340 2466
3 2472 2345 2466
3 2344 2350 2473
3 2467 2344 2473
3 2474 2473 2475
3 2474 2468 2473
3 2468 2467 2473
3 2468 2474 2469
3 2472 2471 2476
3 2472 2476 2477
3 2345 2472 2477
3 2345 2477 2478
3 2345 2478 2351
3 2352 2351 2478
3 2357 2358 2479
3 2480 2479 2481
3 2473 2479 2480
3 2473 2357 2479
3 2473 2350 2357
3 2473 2480 2475
3 2478 2477 2482
3 2478 2482 2483
3 2352 2478 2483
3 2352 2483 2484
3 2352 2484 2359
3 2360 2359 2484
3 2485 2360 2484
3 2361 2360 2485
3 2369 2370 2486
3 2371 2369 2486
3 2487 2371 2486
3 2488 2487 2489
3 2479 2487 2488
3 2479 2371 2487
3 2479 2358 2371
3 2479 2488 2481
3 2484 2483 2490
3 2491 2484 2490
3 2491 2492 2484
3 2492 2485 2484
3 2372 2361 2485
3 2372 2485 2493
3 2493 2485 2492
3 2373 2372 2493
3 2494 2373 2493
3 2374 2373 2494
3 2495 2374 2494
3 2375 2374 2495
3 2377 2378 2496
3 2379 2377 2496
3 2497 2379 2496
3 2380 2379 2497
3 2498 2380 2497
3 2370 2380 2498
3 2370 2498 2486
3 2486 2498 2499
3 2500 2499 2501
3 2500 2487 2499
3 2487 2486 2499
3 2487 2500 2489
3 2492 2491 2502
3 2492 2503 2493
3 2502 2503 2492
3 2493 2504 2494
3 2503 2504 2493
3 2494 2505 2495
3 2504 2505 2494
3 2495 2505 2506
3 2375 2495 2506
3 2375 2506 2507
3 2375 2507 2381
3 2508 2507 2509
3 2496 2507 2508
3 2496 2381 2507
3 2496 2378 2381
3 2496 2510 2497
3 2508 2510 2496
3 2497 2511 2498
3 2510 2511 2497
3 2498 2512 2499
3 2511 2512 2498
3 2499 2512 2501
3 2507 2506 2513
3 2507 2513 2509
3 2514 2515 2516
3 2516 2517 2514
3 2518 2519 2520
3 2518 2521 2522
3 2520 2521 2518
3 2522 2523 2524
3 2521 2523 2522
3 2524 2525 2526
3 2523 2525 2524
3 2383 2526 2525
3 2382 2526 2383
3 2382 2515 2526
3 2382 2516 2515
3 2517 2527 2528
3 2516 2527 2517
3 2516 2385 2527
3 2516 2382 2385
3 2528 2529 2530
3 2527 2529 2528
3 2530 2531 2532
3 2529 2531 2530
3 2532 2533 2534
3 2531 2533 2532
3 2533 2535 2534
3 2536 2537 2538
3 2536 2539 2540
3 2538 2539 2536
3 2387 2540 2539
3 2386 2540 2387
3 2386 2519 2540
3 2386 2520 2519
3 2521 2520 2386
3 2390 2521 2386
3 2523 2521 2390
3 2392 2523 2390
3 2525 2523 2392
3 2394 2525 2392
3 2383 2525 2394
3 2385 2396 2527
3 2529 2527 2396
3 2398 2529 2396
3 2531 2529 2398
3 2400 2531 2398
3 2533 2531 2400
3 2402 2533 2400
3 2535 2541 2542
3 2533 2541 2535
3 2533 2403 2541
3 2533 2402 2403
3 2542 2543 2544
3 2541 2543 2542
3 2543 2545 2544
3 2546 2547 2548
3 2546 2538 2537
3 2546 2548 2538
3 2548 2549 2538
3 2405 2404 2539
3 2405 2539 2549
3 2549 2539 2538
3 2387 2539 2404
3 2403 2410 2541
3 2410 2411 2550
3 2410 2550 2541
3 2541 2550 2543
3 2545 2551 2552
3 2545 2543 2551
3 2543 2550 2551
3 2551 2553 2552
3 2554 2555 2556
3 2554 2548 2547
3 2554 2556 2548
3 2556 2557 2548
3 2413 2412 2549
3 2413 2549 2557
3 2557 2549 2548
3 2405 2549 2412
3 2411 2416 2550
3 2416 2417 2558
3 2416 2558 2550
3 2550 2558 2551
3 2553 2559 2560
3 2553 2551 2559
3 2551 2558 2559
3 2559 2561 2560
3 2556 2562 2563
3 2555 2562 2556
3 2419 2418 2557
3 2419 2557 2563
3 2563 2557 2556
3 2413 2557 2418
3 2417 2422 2558
3 2422 2423 2564
3 2422 2564 2558
3 2558 2564 2559
3 2564 2561 2559
3 2565 2561 2564
3 2566 2567 2568
3 2425 2566 2568
3 2424 2566 2425
3 2424 2562 2566
3 2424 2563 2562
3 2419 2563 2424
3 2423 2430 2564
3 2565 2569 2570
3 2564 2569 2565
3 2564 2431 2569
3 2564 2430 2431
3 2569 2571 2570
3 2568 2572 2573
3 2567 2572 2568
3 2432 2425 2568
3 2573 2432 2568
3 2431 2435 2574
3 2569 2431 2574
3 2574 2571 2569
3 2575 2571 2574
3 2573 2576 2577
3 2572 2576 2573
3 2436 2432 2573
3 2577 2436 2573
3 2435 2439 2578
3 2574 2435 2578
3 2578 2575 2574
3 2579 2575 2578
3 2577 2580 2581
3 2576 2580 2577
3 2440 2436 2577
3 2581 2440 2577
3 2439 2443 2582
3 2578 2439 2582
3 2582 2579 2578
3 2583 2579 2582
3 2584 2585 2586
3 2445 2584 2586
3 2444 2584 2445
3 2444 2580 2584
3 2444 2581 2580
3 2440 2581 2444
3 2443 2448 2582
3 2583 2587 2588
3 2582 2587 2583
3 2582 2449 2587
3 2582 2448 2449
3 2587 2589 2588
3 2586 2585 2590
3 2586 2590 2591
3 2445 2586 2591
3 2445 2591 2592
3 2445 2592 2450
3 2451 2450 2592
3 2454 2455 2593
3 2594 2593 2595
3 2587 2593 2594
3 2587 2454 2593
3 2587 2449 2454
3 2587 2594 2589
3 2592 2596 2597
3 2591 2596 2592
3 2456 2451 2592
3 2597 2456 2592
3 2455 2459 2598
3 2593 2455 2598
3 2598 2595 2593
3 2599 2595 2598
3 2597 2600 2601
3 2596 2600 2597
3 2460 2456 2597
3 2601 2460 2597
3 2459 2463 2602
3 2598 2459 2602
3 2602 2599 2598
3 2603 2599 2602
3 2601 2604 2605
3 2600 2604 2601
3 2464 2460 2601
3 2605 2464 2601
3 2463 2469 2606
3 2602 2463 2606
3 2606 2603 2602
3 2607 2603 2606
3 2605 2604 2608
3 2605 2608 2609
3 2464 2605 2609
3 2464 2609 2610
3 2464 2610 2470
3 2471 2470 2610
3 2474 2475 2611
3 2612 2611 2613
3 2606 2611 2612
3 2606 2474 2611
3 2606 2469 2474
3 2606 2612 2607
3 2610 2614 2615
3 2609 2614 2610
3 2476 2471 2610
3 2476 2610 2616
3 2616 2610 2615
3 2477 2476 2616
3 2480 2481 2617
3 2475 2480 2617
3 2475 2617 2611
3 2611 2617 2618
3 2618 2613 2611
3 2619 2613 2618
3 2615 2614 2620
3 2621 2615 2620
3 2621 2622 2615
3 2622 2616 2615
3 2482 2477 2616
3 2482 2616 2623
3 2623 2616 2622
3 2483 2482 2623
3 2488 2489 2624
3 2481 2488 2624
3 2481 2624 2617
3 2617 2624 2625
3 2626 2625 2627
3 2626 2618 2625
3 2618 2617 2625
3 2618 2626 2619
3 2622 2621 2628
3 2629 2622 2628
3 2629 2630 2622
3 2630 2623 2622
3 2490 2483 2623
3 2490 2623 2631
3 2631 2623 2630
3 2491 2490 2631
3 2500 2501 2632
3 2489 2500 2632
3 2489 2632 2624
3 2624 2632 2633
3 2634 2633 2635
3 2634 2625 2633
3 2625 2624 2633
3 2625 2634 2627
3 2630 2629 2636
3 2630 2637 2631
3 2636 2637 2630
3 2631 2637 2638
3 2491 2631 2638
3 2491 2638 2639
3 2491 2639 2502
3 2503 2502 2639
3 2640 2503 2639
3 2504 2503 2640
3 2641 2504 2640
3 2505 2504 2641
3 2642 2505 2641
3 2506 2505 2642
3 2508 2509 2643
3 2510 2508 2643
3 2644 2510 2643
3 2511 2510 2644
3 2645 2511 2644
3 2512 2511 2645
3 2646 2512 2645
3 2647 2646 2648
3 2632 2646 2647
3 2632 2512 2646
3 2632 2501 2512
3 2632 2649 2633
3 2647 2649 2632
3 2633 2649 2635
3 2639 2638 2650
3 2639 2651 2640
3 2650 2651 2639
3 2640 2652 2641
3 2651 2652 2640
3 2641 2653 2642
3 2652 2653 2641
3 2642 2653 2654
3 2506 2642 2654
3 2506 2654 2655
3 2506 2655 2513
3 2656 2655 2657
3 2643 2655 2656
3 2643 2513 2655
3 2643 2509 2513
3 2643 2658 2644
3 2656 2658 2643
3 2644 2659 2645
3 2658 2659 2644
3 2645 2660 2646
3 2659 2660 2645
3 2646 2660 2648
3 2655 2654 2661
3 2655 2661 2657
3 2662 2663 2664
3 2664 2665 2662
3 2666 2667 2668
3 2666 2669 2670
3 2668 2669 2666
3 2670 2671 2672
3 2669 2671 2670
3 2672 2673 2674
3 2671 2673 2672
3 2515 2674 2673
3 2514 2674 2515
3 2514 2663 2674
3 2514 2664 2663
3 2665 2675 2676
3 2664 2675 2665
3 2664 2517 2675
3 2664 2514 2517
3 2676 2677 2678
3 2675 2677 2676
3 2678 2679 2680
3 2677 2679 2678
3 2680 2681 2682
3 2679 2681 2680
3 2681 2683 2682
3 2684 2685 2686
3 2684 2687 2688
3 2686 2687 2684
3 2519 2688 2687
3 2518 2688 2519
3 2518 2667 2688
3 2518 2668 2667
3 2669 2668 2518
3 2522 2669 2518
3 2671 2669 2522
3 2524 2671 2522
3 2673 2671 2524
3 2526 2673 2524
3 2515 2673 2526
3 2517 2528 2675
3 2677 2675 2528
3 2530 2677 2528
3 2679 2677 2530
3 2532 2679 2530
3 2681 2679 2532
3 2534 2681 2532
3 2683 2689 2690
3 2681 2689 2683
3 2681 2535 2689
3 2681 2534 2535
3 2690 2691 2692
3 2689 2691 2690
3 2691 2693 2692
3 2694 2695 2696
3 2537 2694 2696
3 2536 2694 2537
3 2536 2685 2694
3 2536 2686 2685
3 2687 2686 2536
3 2540 2687 2536
3 2519 2687 2540
3 2535 2542 2689
3 2691 2689 2542
3 2544 2691 2542
3 2693 2697 2698
3 2691 2697 2693
3 2691 2545 2697
3 2691 2544 2545
3 2697 2699 2698
3 2700 2701 2702
3 2547 2700 2702
3 2546 2700 2547
3 2546 2695 2700
3 2546 2696 2695
3 2537 2696 2546
3 2545 2552 2697
3 2699 2703 2704
3 2697 2703 2699
3 2697 2553 2703
3 2697 2552 2553
3 2703 2705 2704
3 2706 2707 2708
3 2555 2706 2708
3 2554 2706 2555
3 2554 2701 2706
3 2554 2702 2701
3 2547 2702 2554
3 2553 2560 2703
3 2705 2709 2710
3 2703 2709 2705
3 2703 2561 2709
3 2703 2560 2561
3 2709 2711 2710
3 2708 2712 2713
3 2707 2712 2708
3 2562 2555 2708
3 2713 2562 2708
3 2561 2565 2714
3 2709 2561 2714
3 2714 2711 2709
3 2715 2711 2714
3 2716 2717 2718
3 2567 2716 2718
3 2566 2716 2567
3 2566 2712 2716
3 2566 2713 2712
3 2562 2713 2566
3 2565 2570 2714
3 2715 2719 2720
3 2714 2719 2715
3 2714 2571 2719
3 2714 2570 2571
3 2719 2721 2720
3 2718 2722 2723
3 2717 2722 2718
3 2572 2567 2718
3 2723 2572 2718
3 2571 2575 2724
3 2719 2571 2724
3 2724 2721 2719
3 2725 2721 2724
3 2723 2726 2727
3 2722 2726 2723
3 2576 2572 2723
3 2727 2576 2723
3 2575 2579 2728
3 2724 2575 2728
3 2728 2725 2724
3 2729 2725 2728
3 2727 2730 2731
3 2726 2730 2727
3 2580 2576 2727
3 2731 2580 2727
3 2579 2583 2732
3 2728 2579 2732
3 2732 2729 2728
3 2733 2729 2732
3 2734 2735 2736
3 2585 2734 2736
3 2584 2734 2585
3 2584 2730 2734
3 2584 2731 2730
3 2580 2731 2584
3 2583 2588 2732
3 2733 2737 2738
3 2732 2737 2733
3 2732 2589 2737
3 2732 2588 2589
3 2737 2739 2738
3 2736 2735 2740
3 2736 2740 2741
3 2585 2736 2741
3 2585 2741 2742
3 2585 2742 2590
3 2591 2590 2742
3 2594 2595 2743
3 2744 2743 2745
3 2737 2743 2744
3 2737 2594 2743
3 2737 2589 2594
3 2737 2744 2739
3 2742 2746 2747
3 2741 2746 2742
3 2596 2591 2742
3 2747 2596 2742
3 2595 2599 2748
3 2743 2595 2748
3 2748 2745 2743
3 2749 2745 2748
3 2747 2750 2751
3 2746 2750 2747
3 2600 2596 2747
3 2751 2600 2747
3 2599 2603 2752
3 2748 2599 2752
3 2752 2749 2748
3 2753 2749 2752
3 2751 2754 2755
3 2750 2754 2751
3 2604 2600 2751
3 2755 2604 2751
3 2603 2607 2756
3 2752 2603 2756
3 2756 2753 2752
3 2757 2753 2756
3 2755 2754 2758
3 2755 2758 2759
3 2604 2755 2759
3 2604 2759 2760
3 2604 2760 2608
3 2609 2608 2760
3 2612 2613 2761
3 2762 2761 2763
3 2756 2761 2762
3 2756 2612 2761
3 2756 2607 2612
3 2756 2762 2757
3 2760 2764 2765
3 2759 2764 2760
3 2614 2609 2760
3 2765 2614 2760
3 2613 2619 2766
3 2761 2613 2766
3 2766 2763 2761
3 2767 2763 2766
3 2765 2764 2768
3 2765 2768 2769
3 2614 2765 2769
3 2614 2769 2770
3 2614 2770 2620
3 2621 2620 2770
3 2626 2627 2771
3 2772 2771 2773
3 2766 2771 2772
3 2766 2626 2771
3 2766 2619 2626
3 2766 2772 2767
3 2770 2769 2774
3 2770 2774 2775
3 2621 2770 2775
3 2621 2775 2776
3 2621 2776 2628
3 2629 2628 2776
3 2634 2635 2777
3 2778 2777 2779
3 2771 2777 2778
3 2771 2634 2777
3 2771 2627 2634
3 2771 2778 2773
3 2776 2775 2780
3 2776 2780 2781
3 2629 2776 2781
3 2629 2781 2782
3 2629 2782 2636
3 2637 2636 2782
3 2783 2637 2782
3 2638 2637 2783
3 2647 2648 2784
3 2649 2647 2784
3 2785 2649 2784
3 2786 2785 2787
3 2777 2785 2786
3 2777 2649 2785
3 2777 2635 2649
3 2777 2786 2779
3 2782 2781 2788
3 2782 2789 2783
3 2788 2789 2782
3 2783 2789 2790
3 2638 2783 2790
3 2638 2790 2791
3 2638 2791 2650
3 2651 2650 2791
3 2792 2651 2791
3 2652 2651 2792
3 2793 2652 2792
3 2653 2652 2793
3 2794 2653 2793
3 2654 2653 2794
3 2656 2657 2795
3 2658 2656 2795
3 2796 2658 2795
3 2659 2658 2796
3 2797 2659 2796
3 2660 2659 2797
3 2798 2660 2797
3 2799 2798 2800
3 2784 2798 2799
3 2784 2660 2798
3 2784 2648 2660
3 2784 2801 2785
3 2799 2801 2784
3 2785 2801 2787
3 2791 2790 2802
3 2791 2803 2792
3 2802 2803 2791
3 2792 2804 2793
3 2803 2804 2792
3 2793 2805 2794
3 2804 2805 2793
3 2794 2805 2806
3 2654 2794 2806
3 2654 2806 2807
3 2654 2807 2661
3 2808 2807 2809
3 2795 2807 2808
3 2795 2661 2807
3 2795 2657 2661
3 2795 2810 2796
3 2808 2810 2795
3 2796 2811 2797
3 2810 2811 2796
3 2797 2812 2798
3 2811 2812 2797
3 2798 2812 2800
3 2807 2806 2813
3 2807 2813 2809
3 2814 2815 2816
3 2814 2817 2818
3 2816 2817 2814
3 2818 2819 2820
3 2817 2819 2818
3 2820 2821 2822
3 2819 2821 2820
3 2663 2822 2821
3 2663 2662 2822
3 2662 2823 2822
3 2824 2662 2665
3 2824 2825 2662
3 2825 2823 2662
3 2825 2826 2827
3 2824 2826 2825
3 2827 2828 2829
3 2826 2828 2827
3 2829 2830 2831
3 2828 2830 2829
3 2830 2832 2831
3 2833 2834 2835
3 2833 2836 2837
3 2835 2836 2833
3 2667 2837 2836
3 2666 2837 2667
3 2666 2815 2837
3 2666 2816 2815
3 2817 2816 2666
3 2670 2817 2666
3 2819 2817 2670
3 2672 2819 2670
3 2821 2819 2672
3 2674 2821 2672
3 2663 2821 2674
3 2665 2676 2824
3 2826 2824 2676
3 2678 2826 2676
3 2828 2826 2678
3 2680 2828 2678
3 2830 2828 2680
3 2682 2830 2680
3 2832 2838 2839
3 2830 2838 2832
3 2830 2683 2838
3 2830 2682 2683
3 2839 2840 2841
3 2838 2840 2839
3 2840 2842 2841
3 2843 2844 2845
3 2685 2843 2845
3 2684 2843 2685
3 2684 2834 2843
3 2684 2835 2834
3 2836 2835 2684
3 2688 2836 2684
3 2667 2836 2688
3 2683 2690 2838
3 2840 2838 2690
3 2692 2840 2690
3 2842 2846 2847
3 2840 2846 2842
3 2840 2693 2846
3 2840 2692 2693
3 2846 2848 2847
3 2849 2850 2851
3 2695 2849 2851
3 2694 2849 2695
3 2694 2844 2849
3 2694 2845 2844
3 2685 2845 2694
3 2693 2698 2846
3 2848 2852 2853
3 2846 2852 2848
3 2846 2699 2852
3 2846 2698 2699
3 2852 2854 2853
3 2855 2856 2857
3 2701 2855 2857
3 2700 2855 2701
3 2700 2850 2855
3 2700 2851 2850
3 2695 2851 2700
3 2699 2704 2852
3 2854 2858 2859
3 2852 2858 2854
3 2852 2705 2858
3 2852 2704 2705
3 2858 2860 2859
3 2861 2862 2863
3 2707 2861 2863
3 2706 2861 2707
3 2706 2856 2861
3 2706 2857 2856
3 2701 2857 2706
3 2705 2710 2858
3 2860 2864 2865
3 2858 2864 2860
3 2858 2711 2864
3 2858 2710 2711
3 2864 2866 2865
3 2863 2867 2868
3 2862 2867 2863
3 2712 2707 2863
3 2868 2712 2863
3 2711 2715 2869
3 2864 2711 2869
3 2869 2866 2864
3 2870 2866 2869
3 2871 2872 2873
3 2717 2871 2873
3 2716 2871 2717
3 2716 2867 2871
3 2716 2868 2867
3 2712 2868 2716
3 2715 2720 2869
3 2870 2874 2875
3 2869 2874 2870
3 2869 2721 2874
3 2869 2720 2721
3 2874 2876 2875
3 2873 2877 2878
3 2872 2877 2873
3 2722 2717 2873
3 2878 2722 2873
3 2721 2725 2879
3 2874 2721 2879
3 2879 2876 2874
3 2880 2876 2879
3 2878 2881 2882
3 2877 2881 2878
3 2726 2722 2878
3 2882 2726 2878
3 2725 2729 2883
3 2879 2725 2883
3 2883 2880 2879
3 2884 2880 2883
3 2882 2885 2886
3 2881 2885 2882
3 2730 2726 2882
3 2886 2730 2882
3 2729 2733 2887
3 2883 2729 2887
3 2887 2884 2883
3 2888 2884 2887
3 2886 2735 2734
3 2886 2885 2735
3 2885 2889 2735
3 2730 2886 2734
3 2733 2738 2887
3 2738 2888 2887
3 2738 2739 2888
3 2739 2890 2888
3 2740 2891 2892
3 2740 2735 2891
3 2735 2889 2891
3 2741 2740 2892
3 2744 2745 2893
3 2893 2739 2744
3 2893 2894 2739
3 2894 2890 2739
3 2892 2895 2896
3 2891 2895 2892
3 2746 2741 2892
3 2896 2746 2892
3 2745 2749 2897
3 2893 2745 2897
3 2897 2894 2893
3 2898 2894 2897
3 2896 2899 2900
3 2895 2899 2896
3 2750 2746 2896
3 2900 2750 2896
3 2749 2753 2901
3 2897 2749 2901
3 2901 2898 2897
3 2902 2898 2901
3 2900 2903 2904
3 2899 2903 2900
3 2754 2750 2900
3 2904 2754 2900
3 2753 2757 2905
3 2901 2753 2905
3 2905 2902 2901
3 2906 2902 2905
3 2904 2903 2907
3 2904 2907 2908
3 2754 2904 2908
3 2754 2908 2909
3 2754 2909 2758
3 2759 2758 2909
3 2762 2763 2910
3 2911 2910 2912
3 2905 2910 2911
3 2905 2762 2910
3 2905 2757 2762
3 2905 2911 2906
3 2909 2913 2914
3 2908 2913 2909
3 2764 2759 2909
3 2914 2764 2909
3 2763 2767 2915
3 2910 2763 2915
3 2915 2912 2910
3 2916 2912 2915
3 2914 2913 2917
3 2914 2917 2918
3 2764 2914 2918
3 2764 2918 2919
3 2764 2919 2768
3 2769 2768 2919
3 2772 2773 2920
3 2921 2920 2922
3 2915 2920 2921
3 2915 2772 2920
3 2915 2767 2772
3 2915 2921 2916
3 2919 2918 2923
3 2919 2923 2924
3 2769 2919 2924
3 2769 2924 2925
3 2769 2925 2774
3 2775 2774 2925
3 2778 2779 2926
3 2927 2926 2928
3 2920 2926 2927
3 2920 2778 2926
3 2920 2773 2778
3 2920 2927 2922
3 2925 2924 2929
3 2925 2929 2930
3 2775 2925 2930
3 2775 2930 2931
3 2775 2931 2780
3 2781 2780 2931
3 2786 2787 2932
3 2933 2932 2934
3 2926 2932 2933
3 2926 2786 2932
3 2926 2779 2786
3 2926 2933 2928
3 2931 2930 2935
3 2931 2935 2936
3 2781 2931 2936
3 2781 2936 2937
3 2781 2937 2788
3 2789 2788 2937
3 2938 2789 2937
3 2790 2789 2938
3 2799 2800 2939
3 2801 2799 2939
3 2940 2801 2939
3 2941 2940 2942
3 2932 2940 2941
3 2932 2801 2940
3 2932 2787 2801
3 2932 2941 2934
3 2937 2936 2943
3 2937 2944 2938
3 2943 2944 2937
3 2938 2944 2945
3 2790 2938 2945
3 2790 2945 2946
3 2790 2946 2802
3 2803 2802 2946
3 2947 2803 2946
3 2804 2803 2947
3 2948 2804 2947
3 2805 2804 2948
3 2949 2805 2948
3 2806 2805 2949
3 2808 2809 2950
3 2810 2808 2950
3 2951 2810 2950
3 2811 2810 2951
3 2952 2811 2951
3 2812 2811 2952
3 2953 2812 2952
3 2954 2953 2955
3 2939 2953 2954
3 2939 2812 2953
3 2939 2800 2812
3 2939 2956 2940
3 2954 2956 2939
3 2940 2956 2942
3 2946 2945 2957
3 2946 2958 2947
3 2957 2958 2946
3 2947 2959 2948
3 2958 2959 2947
3 2948 2960 2949
3 2959 2960 2948
3 2949 2813 2806
3 2949 2960 2813
3 2960 2961 2813
3 2809 2962 2950
3 2809 2813 2962
3 2813 2961 2962
3 2950 2963 2951
3 2962 2963 2950
3 2951 2964 2952
3 2963 2964 2951
3 2952 2965 2953
3 2964 2965 2952
3 2953 2965 2955
3 2966 2967 2968
3 2966 2969 2970
3 2968 2969 2966
3 2970 2971 2972
3 2969 2971 2970
3 2972 2973 2974
3 2971 2973 2972
3 2974 2975 2976
3 2973 2975 2974
3 2976 2977 2978
3 2975 2977 2976
3 2978 2979 2980
3 2977 2979 2978
3 2980 2981 2982
3 2979 2981 2980
3 2982 2983 2984
3 2981 2983 2982
3 2983 2985 2984
3 2986 2987 2988
3 2986 2989 2990
3 2988 2989 2986
3 2815 2990 2989
3 2814 2990 2815
3 2814 2967 2990
3 2814 2968 2967
3 2969 2968 2814
3 2818 2969 2814
3 2971 2969 2818
3 2820 2971 2818
3 2973 2971 2820
3 2822 2973 2820
3 2975 2973 2822
3 2823 2975 2822
3 2977 2975 2823
3 2825 2977 2823
3 2979 2977 2825
3 2827 2979 2825
3 2981 2979 2827
3 2829 2981 2827
3 2983 2981 2829
3 2831 2983 2829
3 2985 2991 2992
3 2983 2991 2985
3 2983 2832 2991
3 2983 2831 2832
3 2992 2993 2994
3 2991 2993 2992
3 2993 2995 2994
3 2996 2997 2998
3 2996 2999 3000
3 2998 2999 2996
3 2834 3000 2999
3 2833 3000 2834
3 2833 2987 3000
3 2833 2988 2987
3 2989 2988 2833
3 2837 2989 2833
3 2815 2989 2837
3 2832 2839 2991
3 2993 2991 2839
3 2841 2993 2839
3 2995 3001 3002
3 2993 3001 2995
3 2993 2842 3001
3 2993 2841 2842
3 3002 3003 3004
3 3001 3003 3002
3 3003 3005 3004
3 3006 3007 3008
3 3006 2998 2997
3 3006 3008 2998
3 3008 3009 2998
3 2844 2843 2999
3 2844 2999 3009
3 3009 2999 2998
3 2834 2999 2843
3 2842 2847 3001
3 2847 2848 3010
3 2847 3010 3001
3 3001 3010 3003
3 3005 3011 3012
3 3005 3003 3011
3 3003 3010 3011
3 3011 3013 3012
3 3014 3015 3016
3 3014 3008 3007
3 3014 3016 3008
3 3016 3017 3008
3 2850 2849 3009
3 2850 3009 3017
3 3017 3009 3008
3 2844 3009 2849
3 2848 2853 3010
3 2853 2854 3018
3 2853 3018 3010
3 3010 3018 3011
3 3013 3019 3020
3 3013 3011 3019
3 3011 3018 3019
3 3019 3021 3020
3 3016 3022 3023
3 3015 3022 3016
3 2856 2855 3017
3 2856 3017 3023
3 3023 3017 3016
3 2850 3017 2855
3 2854 2859 3018
3 2859 2860 3024
3 2859 3024 3018
3 3018 3024 3019
3 3024 3021 3019
3 3025 3021 3024
3 3026 3027 3028
3 2862 3026 3028
3 2861 3026 2862
3 2861 3022 3026
3 2861 3023 3022
3 2856 3023 2861
3 2860 2865 3024
3 3025 3029 3030
3 3024 3029 3025
3 3024 2866 3029
3 3024 2865 2866
3 3029 3031 3030
3 3032 3033 3034
3 3032 3028 3027
3 3032 3034 3028
3 3034 3035 3028
3 2867 2862 3028
3 3035 2867 3028
3 2866 2870 3036
3 3029 2866 3036
3 3031 3037 3038
3 3031 3029 3037
3 3029 3036 3037
3 3037 3039 3038
3 3034 3040 3041
3 3033 3040 3034
3 2872 2871 3035
3 2872 3035 3041
3 3041 3035 3034
3 2867 3035 2871
3 2870 2875 3036
3 2875 2876 3042
3 2875 3042 3036
3 3036 3042 3037
3 3042 3039 3037
3 3043 3039 3042
3 3041 3044 3045
3 3040 3044 3041
3 2877 2872 3041
3 3045 2877 3041
3 2876 2880 3046
3 3042 2876 3046
3 3046 3043 3042
3 3047 3043 3046
3 3045 3048 3049
3 3044 3048 3045
3 2881 2877 3045
3 3049 2881 3045
3 2880 2884 3050
3 3046 2880 3050
3 3050 3047 3046
3 3051 3047 3050
3 3049 3052 3053
3 3048 3052 3049
3 2885 2881 3049
3 3053 2885 3049
3 2884 2888 3054
3 3050 2884 3054
3 3054 3051 3050
3 3055 3051 3054
3 3053 3056 3057
3 3052 3056 3053
3 2889 2885 3053
3 3057 2889 3053
3 2888 2890 3058
3 3054 2888 3058
3 3058 3055 3054
3 3059 3055 3058
3 3057 3060 3061
3 3056 3060 3057
3 2891 2889 3057
3 3061 2891 3057
3 2890 2894 3062
3 3058 2890 3062
3 3062 3059 3058
3 3063 3059 3062
3 3061 3064 3065
3 3060 3064 3061
3 2895 2891 3061
3 3065 2895 3061
3 2894 2898 3066
3 3062 2894 3066
3 3066 3063 3062
3 3067 3063 3066
3 3065 3068 3069
3 3064 3068 3065
3 2899 2895 3065
3 3069 2899 3065
3 2898 2902 3070
3 3066 2898 3070
3 3070 3067 3066
3 3071 3067 3070
3 3069 3072 3073
3 3068 3072 3069
3 2903 2899 3069
3 3073 2903 3069
3 2902 2906 3074
3 3070 2902 3074
3 3074 3071 3070
3 3075 3071 3074
3 3073 3076 3077
3 3072 3076 3073
3 2907 2903 3073
3 2907 3073 3078
3 3078 3073 3077
3 2908 2907 3078
3 2911 2912 3079
3 2906 2911 3079
3 2906 3079 3074
3 3074 3079 3080
3 3080 3075 3074
3 3081 3075 3080
3 3077 3076 3082
3 3083 3077 3082
3 3083 3084 3077
3 3084 3078 3077
3 2913 2908 3078
3 3084 2913 3078
3 2912 2916 3085
3 3079 2912 3085
3 3086 3085 3087
3 3086 3080 3085
3 3080 3079 3085
3 3080 3086 3081
3 3084 3083 3088
3 3084 3088 3089
3 2913 3084 3089
3 2913 3089 3090
3 2913 3090 2917
3 2918 2917 3090
3 2921 2922 3091
3 3092 3091 3093
3 3085 3091 3092
3 3085 2921 3091
3 3085 2916 2921
3 3085 3092 3087
3 3090 3094 3095
3 3089 3094 3090
3 2923 2918 3090
3 2923 3090 3096
3 3096 3090 3095
3 2924 2923 3096
3 2927 2928 3097
3 2922 2927 3097
3 2922 3097 3091
3 3091 3097 3098
3 3098 3093 3091
3 3099 3093 3098
3 3095 3094 3100
3 3101 3095 3100
3 3101 3102 3095
3 3102 3096 3095
3 2929 2924 3096
3 2929 3096 3103
3 3103 3096 3102
3 2930 2929 3103
3 2933 2934 3104
3 2928 2933 3104
3 2928 3104 3097
3 3097 3104 3105
3 3106 3105 3107
3 3106 3098 3105
3 3098 3097 3105
3 3098 3106 3099
3 3102 3101 3108
3 3109 3102 3108
3 3109 3110 3102
3 3110 3103 3102
3 2935 2930 3103
3 2935 3103 3111
3 3111 3103 3110
3 2936 2935 3111
3 2941 2942 3112
3 2934 2941 3112
3 2934 3112 3104
3 3104 3112 3113
3 3114 3113 3115
3 3114 3105 3113
3 3105 3104 3113
3 3105 3114 3107
3 3110 3109 3116
3 3110 3117 3111
3 3116 3117 3110
3 3111 3117 3118
3 2936 3111 3118
3 2936 3118 3119
3 2936 3119 2943
3 2944 2943 3119
3 3120 2944 3119
3 2945 2944 3120
3 2954 2955 3121
3 2956 2954 3121
3 3122 2956 3121
3 3123 3122 3124
3 3112 3122 3123
3 3112 2956 3122
3 3112 2942 2956
3 3112 3125 3113
3 3123 3125 3112
3 3113 3125 3115
3 3119 3118 3126
3 3119 3127 3120
3 3126 3127 3119
3 3120 3127 3128
3 2945 3120 3128
3 2945 3128 3129
3 2945 3129 2957
3 2958 2957 3129
3 3130 2958 3129
3 2959 2958 3130
3 3131 2959 3130
3 2960 2959 3131
3 3132 2960 3131
3 2961 2960 3132
3 3133 2961 3132
3 2962 2961 3133
3 3134 2962 3133
3 2963 2962 3134
3 3135 2963 3134
3 2964 2963 3135
3 3136 2964 3135
3 2965 2964 3136
3 3137 2965 3136
3 3138 3137 3139
3 3121 3137 3138
3 3121 2965 3137
3 3121 2955 2965
3 3121 3140 3122
3 3138 3140 3121
3 3122 3140 3124
3 3129 3128 3141
3 3129 3142 3130
3 3141 3142 3129
3 3130 3143 3131
3 3142 3143 3130
3 3131 3144 3132
3 3143 3144 3131
3 3132 3145 3133
3 3144 3145 3132
3 3133 3146 3134
3 3145 3146 3133
3 3134 3147 3135
3 3146 3147 3134
3 3135 3148 3136
3 3147 3148 3135
3 3136 3149 3137
3 3148 3149 3136
3 3137 3149 3139
3 3150 3151 3152
3 3150 3153 3154
3 3152 3153 3150
3 3154 3155 3156
3 3153 3155 3154
3 3156 3157 3158
3 3155 3157 3156
3 3158 3159 3160
3 3157 3159 3158
3 3160 3161 3162
3 3159 3161 3160
3 3162 3163 3164
3 3161 3163 3162
3 3164 3165 3166
3 3163 3165 3164
3 3166 3167 3168
3 3165 3167 3166
3 3168 3169 3170
3 3167 3169 3168
3 3170 3171 3172
3 3169 3171 3170
3 3171 3173 3172
3 3174 3175 3176
3 3174 3177 3178
3 3176 3177 3174
3 3178 3152 3151
3 3178 3177 3152
3 3177 3179 3152
3 2967 2966 3153
3 2967 3153 3179
3 3179 3153 3152
3 3155 3153 2966
3 2970 3155 2966
3 3157 3155 2970
3 2972 3157 2970
3 3159 3157 2972
3 2974 3159 2972
3 3161 3159 2974
3 2976 3161 2974
3 3163 3161 2976
3 2978 3163 2976
3 3165 3163 2978
3 2980 3165 2978
3 3167 3165 2980
3 2982 3167 2980
3 3169 3167 2982
3 2984 3169 2982
3 2984 2985 3180
3 2984 3180 3169
3 3169 3180 3171
3 3173 3181 3182
3 3173 3171 3181
3 3171 3180 3181
3 3182 3183 3184
3 3181 3183 3182
3 3183 3185 3184
3 3186 3187 3188
3 3186 3176 3175
3 3186 3188 3176
3 3188 3189 3176
3 2987 2986 3177
3 2987 3177 3189
3 3189 3177 3176
3 3179 3177 2986
3 2990 3179 2986
3 2967 3179 2990
3 2985 2992 3180
3 3181 3180 2992
3 2994 3181 2992
3 2994 2995 3190
3 2994 3190 3181
3 3181 3190 3183
3 3185 3191 3192
3 3185 3183 3191
3 3183 3190 3191
3 3191 3193 3192
3 3194 3195 3196
3 2997 3194 3196
3 2996 3194 2997
3 2996 3187 3194
3 2996 3188 3187
3 3189 3188 2996
3 3000 3189 2996
3 2987 3189 3000
3 2995 3002 3190
3 3191 3190 3002
3 3004 3191 3002
3 3193 3197 3198
3 3191 3197 3193
3 3191 3005 3197
3 3191 3004 3005
3 3197 3199 3198
3 3200 3201 3202
3 3007 3200 3202
3 3006 3200 3007
3 3006 3195 3200
3 3006 3196 3195
3 2997 3196 3006
3 3005 3012 3197
3 3199 3203 3204
3 3197 3203 3199
3 3197 3013 3203
3 3197 3012 3013
3 3203 3205 3204
3 3206 3207 3208
3 3015 3206 3208
3 3014 3206 3015
3 3014 3201 3206
3 3014 3202 3201
3 3007 3202 3014
3 3013 3020 3203
3 3205 3209 3210
3 3203 3209 3205
3 3203 3021 3209
3 3203 3020 3021
3 3209 3211 3210
3 3212 3213 3214
3 3212 3208 3207
3 3212 3214 3208
3 3214 3215 3208
3 3022 3015 3208
3 3215 3022 3208
3 3021 3025 3216
3 3209 3021 3216
3 3211 3217 3218
3 3211 3209 3217
3 3209 3216 3217
3 3217 3219 3218
3 3214 3220 3221
3 3213 3220 3214
3 3027 3026 3215
3 3027 3215 3221
3 3221 3215 3214
3 3022 3215 3026
3 3025 3030 3216
3 3030 3031 3222
3 3030 3222 3216
3 3216 3222 3217
3 3222 3219 3217
3 3223 3219 3222
3 3224 3225 3226
3 3033 3224 3226
3 3032 3224 3033
3 3032 3220 3224
3 3032 3221 3220
3 3027 3221 3032
3 3031 3038 3222
3 3223 3227 3228
3 3222 3227 3223
3 3222 3039 3227
3 3222 3038 3039
3 3227 3229 3228
3 3226 3230 3231
3 3225 3230 3226
3 3040 3033 3226
3 3231 3040 3226
3 3039 3043 3232
3 3227 3039 3232
3 3232 3229 3227
3 3233 3229 3232
3 3231 3234 3235
3 3230 3234 3231
3 3044 3040 3231
3 3235 3044 3231
3 3043 3047 3236
3 3232 3043 3236
3 3236 3233 3232
3 3237 3233 3236
3 3235 3238 3239
3 3234 3238 3235
3 3048 3044 3235
3 3239 3048 3235
3 3047 3051 3240
3 3236 3047 3240
3 3240 3237 3236
3 3241 3237 3240
3 3239 3242 3243
3 3238 3242 3239
3 3052 3048 3239
3 3243 3052 3239
3 3051 3055 3244
3 3240 3051 3244
3 3244 3241 3240
3 3245 3241 3244
3 3243 3246 3247
3 3242 3246 3243
3 3056 3052 3243
3 3247 3056 3243
3 3055 3059 3248
3 3244 3055 3248
3 3248 3245 3244
3 3249 3245 3248
3 3247 3250 3251
3 3246 3250 3247
3 3060 3056 3247
3 3251 3060 3247
3 3059 3063 3252
3 3248 3059 3252
3 3252 3249 3248
3 3253 3249 3252
3 3251 3254 3255
3 3250 3254 3251
3 3064 3060 3251
3 3255 3064 3251
3 3063 3067 3256
3 3252 3063 3256
3 3256 3253 3252
3 3257 3253 3256
3 3255 3258 3259
3 3254 3258 3255
3 3068 3064 3255
3 3259 3068 3255
3 3067 3071 3260
3 3256 3067 3260
3 3260 3257 3256
3 3261 3257 3260
3 3259 3262 3263
3 3258 3262 3259
3 3072 3068 3259
3 3263 3072 3259
3 3071 3075 3264
3 3260 3071 3264
3 3264 3261 3260
3 3265 3261 3264
3 3263 3266 3267
3 3262 3266 3263
3 3076 3072 3263
3 3267 3076 3263
3 3075 3081 3268
3 3264 3075 3268
3 3268 3265 3264
3 3269 3265 3268
3 3267 3266 3270
3 3267 3270 3271
3 3076 3267 3271
3 3076 3271 3272
3 3076 3272 3082
3 3083 3082 3272
3 3086 3087 3273
3 3274 3273 3275
3 3268 3273 3274
3 3268 3086 3273
3 3268 3081 3086
3 3268 3274 3269
3 3272 3276 3277
3 3271 3276 3272
3 3088 3083 3272
3 3088 3272 3278
3 3278 3272 3277
3 3089 3088 3278
3 3092 3093 3279
3 3087 3092 3279
3 3087 3279 3273
3 3273 3279 3280
3 3280 3275 3273
3 3281 3275 3280
3 3277 3276 3282
3 3283 3277 3282
3 3283 3284 3277
3 3284 3278 3277
3 3094 3089 3278
3 3284 3094 3278
3 3093 3099 3285
3 3279 3093 3285
3 3286 3285 3287
3 3286 3280 3285
3 3280 3279 3285
3 3280 3286 3281
3 3284 3283 3288
3 3284 3288 3289
3 3094 3284 3289
3 3094 3289 3290
3 3094 3290 3100
3 3101 3100 3290
3 3106 3107 3291
3 3292 3291 3293
3 3285 3291 3292
3 3285 3106 3291
3 3285 3099 3106
3 3285 3292 3287
3 3290 3289 3294
3 3290 3294 3295
3 3101 3290 3295
3 3101 3295 3296
3 3101 3296 3108
3 3109 3108 3296
3 3114 3115 3297
3 3298 3297 3299
3 3291 3297 3298
3 3291 3114 3297
3 3291 3107 3114
3 3291 3298 3293
3 3296 3295 3300
3 3296 3300 3301
3 3109 3296 3301
3 3109 3301 3302
3 3109 3302 3116
3 3117 3116 3302
3 3303 3117 3302
3 3118 3117 3303
3 3123 3124 3304
3 3125 3123 3304
3 3305 3125 3304
3 3306 3305 3307
3 3297 3305 3306
3 3297 3125 3305
3 3297 3115 3125
3 3297 3306 3299
3 3302 3301 3308
3 3309 3302 3308
3 3309 3310 3302
3 3310 3303 3302
3 3126 3118 3303
3 3126 3303 3311
3 3311 3303 3310
3 3127 3126 3311
3 3312 3127 3311
3 3128 3127 3312
3 3138 3139 3313
3 3140 3138 3313
3 3314 3140 3313
3 3124 3140 3314
3 3124 3314 3304
3 3304 3314 3315
3 3316 3315 3317
3 3316 3305 3315
3 3305 3304 3315
3 3305 3316 3307
3 3310 3309 3318
3 3310 3319 3311
3 3318 3319 3310
3 3320 3311 3319
3 3320 3321 3311
3 3321 3312 3311
3 3141 3128 3312
3 3141 3312 3322
3 3322 3312 3321
3 3142 3141 3322
3 3323 3142 3322
3 3143 3142 3323
3 3324 3143 3323
3 3144 3143 3324
3 3325 3144 3324
3 3145 3144 3325
3 3326 3145 3325
3 3146 3145 3326
3 3327 3146 3326
3 3147 3146 3327
3 3328 3147 3327
3 3148 3147 3328
3 3329 3148 3328
3 3149 3148 3329
3 3330 3149 3329
3 3139 3149 3330
3 3139 3330 3313
3 3313 3330 3331
3 3332 3331 3333
3 3332 3314 3331
3 3314 3313 3331
3 3314 3334 3315
3 3332 3334 3314
3 3315 3334 3317
3 3321 3320 3335
3 3321 3336 3322
3 3335 3336 3321
3 3322 3337 3323
3 3336 3337 3322
3 3323 3338 3324
3 3337 3338 3323
3 3324 3339 3325
3 3338 3339 3324
3 3325 3340 3326
3 3339 3340 3325
3 3326 3341 3327
3 3340 3341 3326
3 3327 3342 3328
3 3341 3342 3327
3 3328 3343 3329
3 3342 3343 3328
3 3329 3344 3330
3 3343 3344 3329
3 3330 3345 3331
3 3344 3345 3330
3 3331 3345 3333
3 3346 3347 3348
3 3346 3349 3350
3 3348 3349 3346
3 3350 3351 3352
3 3349 3351 3350
3 3352 3353 3354
3 3351 3353 3352
3 3354 3355 3356
3 3353 3355 3354
3 3356 3357 3358
3 3355 3357 3356
3 3358 3359 3360
3 3357 3359 3358
3 3360 3361 3362
3 3359 3361 3360
3 3362 3363 3364
3 3361 3363 3362
3 3364 3365 3366
3 3363 3365 3364
3 3366 3367 3368
3 3365 3367 3366
3 3367 3369 3368
3 3370 3371 3372
3 3370 3373 3374
3 3372 3373 3370
3 3151 3374 3373
3 3150 3374 3151
3 3150 3347 3374
3 3150 3348 3347
3 3349 3348 3150
3 3154 3349 3150
3 3351 3349 3154
3 3156 3351 3154
3 3353 3351 3156
3 3158 3353 3156
3 3355 3353 3158
3 3160 3355 3158
3 3357 3355 3160
3 3162 3357 3160
3 3359 3357 3162
3 3164 3359 3162
3 3361 3359 3164
3 3166 3361 3164
3 3363 3361 3166
3 3168 3363 3166
3 3365 3363 3168
3 3170 3365 3168
3 3367 3365 3170
3 3172 3367 3170
3 3369 3375 3376
3 3367 3375 3369
3 3367 3173 3375
3 3367 3172 3173
3 3376 3377 3378
3 3375 3377 3376
3 3377 3379 3378
3 3380 3381 3382
3 3380 3383 3384
3 3382 3383 3380
3 3175 3384 3383
3 3174 3384 3175
3 3174 3371 3384
3 3174 3372 3371
3 3373 3372 3174
3 3178 3373 3174
3 3151 3373 3178
3 3173 3182 3375
3 3377 3375 3182
3 3184 3377 3182
3 3379 3385 3386
3 3377 3385 3379
3 3377 3185 3385
3 3377 3184 3185
3 3386 3387 3388
3 3385 3387 3386
3 3387 3389 3388
3 3390 3391 3392
3 3390 3382 3381
3 3390 3392 3382
3 3392 3393 3382
3 3187 3186 3383
3 3187 3383 3393
3 3393 3383 3382
3 3175 3383 3186
3 3185 3192 3385
3 3192 3193 3394
3 3192 3394 3385
3 3385 3394 3387
3 3389 3395 3396
3 3389 3387 3395
3 3387 3394 3395
3 3395 3397 3396
3 3398 3399 3400
3 3398 3392 3391
3 3398 3400 3392
3 3400 3401 3392
3 3195 3194 3393
3 3195 3393 3401
3 3401 3393 3392
3 3187 3393 3194
3 3193 3198 3394
3 3198 3199 3402
3 3198 3402 3394
3 3394 3402 3395
3 3397 3403 3404
3 3397 3395 3403
3 3395 3402 3403
3 3403 3405 3404
3 3406 3407 3408
3 3406 3400 3399
3 3406 3408 3400
3 3408 3409 3400
3 3201 3200 3401
3 3201 3401 3409
3 3409 3401 3400
3 3195 3401 3200
3 3199 3204 3402
3 3204 3205 3410
3 3204 3410 3402
3 3402 3410 3403
3 3405 3411 3412
3 3405 3403 3411
3 3403 3410 3411
3 3411 3413 3412
3 3408 3414 3415
3 3407 3414 3408
3 3207 3206 3409
3 3207 3409 3415
3 3415 3409 3408
3 3201 3409 3206
3 3205 3210 3410
3 3210 3211 3416
3 3210 3416 3410
3 3410 3416 3411
3 3416 3413 3411
3 3417 3413 3416
3 3418 3419 3420
3 3213 3418 3420
3 3212 3418 3213
3 3212 3414 3418
3 3212 3415 3414
3 3207 3415 3212
3 3211 3218 3416
3 3417 3421 3422
3 3416 3421 3417
3 3416 3219 3421
3 3416 3218 3219
3 3421 3423 3422
3 3420 3424 3425
3 3419 3424 3420
3 3220 3213 3420
3 3425 3220 3420
3 3219 3223 3426
3 3421 3219 3426
3 3426 3423 3421
3 3427 3423 3426
3 3428 3429 3430
3 3225 3428 3430
3 3224 3428 3225
3 3224 3424 3428
3 3224 3425 3424
3 3220 3425 3224
3 3223 3228 3426
3 3427 3431 3432
3 3426 3431 3427
3 3426 3229 3431
3 3426 3228 3229
3 3431 3433 3432
3 3430 3434 3435
3 3429 3434 3430
3 3230 3225 3430
3 3435 3230 3430
3 3229 3233 3436
3 3431 3229 3436
3 3436 3433 3431
3 3437 3433 3436
3 3435 3438 3439
3 3434 3438 3435
3 3234 3230 3435
3 3439 3234 3435
3 3233 3237 3440
3 3436 3233 3440
3 3440 3437 3436
3 3441 3437 3440
3 3439 3442 3443
3 3438 3442 3439
3 3238 3234 3439
3 3443 3238 3439
3 3237 3241 3444
3 3440 3237 3444
3 3444 3441 3440
3 3445 3441 3444
3 3443 3446 3447
3 3442 3446 3443
3 3242 3238 3443
3 3447 3242 3443
3 3241 3245 3448
3 3444 3241 3448
3 3448 3445 3444
3 3449 3445 3448
3 3447 3450 3451
3 3446 3450 3447
3 3246 3242 3447
3 3451 3246 3447
3 3245 3249 3452
3 3448 3245 3452
3 3452 3449 3448
3 3453 3449 3452
3 3451 3454 3455
3 3450 3454 3451
3 3250 3246 3451
3 3455 3250 3451
3 3249 3253 3456
3 3452 3249 3456
3 3456 3453 3452
3 3457 3453 3456
3 3455 3458 3459
3 3454 3458 3455
3 3254 3250 3455
3 3459 3254 3455
3 3253 3257 3460
3 3456 3253 3460
3 3460 3457 3456
3 3461 3457 3460
3 3459 3462 3463
3 3458 3462 3459
3 3258 3254 3459
3 3463 3258 3459
3 3257 3261 3464
3 3460 3257 3464
3 3464 3461 3460
3 3465 3461 3464
3 3463 3466 3467
3 3462 3466 3463
3 3262 3258 3463
3 3467 3262 3463
3 3261 3265 3468
3 3464 3261 3468
3 3468 3465 3464
3 3469 3465 3468
3 3467 3470 3471
3 3466 3470 3467
3 3266 3262 3467
3 3471 3266 3467
3 3265 3269 3472
3 3468 3265 3472
3 3472 3469 3468
3 3473 3469 3472
3 3471 3470 3474
3 3471 3474 3475
3 3266 3471 3475
3 3266 3475 3476
3 3266 3476 3270
3 3271 3270 3476
3 3274 3275 3477
3 3478 3477 3479
3 3472 3477 3478
3 3472 3274 3477
3 3472 3269 3274
3 3472 3478 3473
3 3476 3480 3481
3 3475 3480 3476
3 3276 3271 3476
3 3481 3276 3476
3 3275 3281 3482
3 3477 3275 3482
3 3482 3479 3477
3 3483 3479 3482
3 3481 3480 3484
3 3481 3484 3485
3 3276 3481 3485
3 3276 3485 3486
3 3276 3486 3282
3 3283 3282 3486
3 3286 3287 3487
3 3488 3487 3489
3 3482 3487 3488
3 3482 3286 3487
3 3482 3281 3286
3 3482 3488 3483
3 3486 3490 3491
3 3485 3490 3486
3 3288 3283 3486
3 3288 3486 3492
3 3492 3486 3491
3 3289 3288 3492
3 3292 3293 3493
3 3287 3292 3493
3 3287 3493 3487
3 3487 3493 3494
3 3494 3489 3487
3 3495 3489 3494
3 3491 3490 3496
3 3497 3491 3496
3 3497 3498 3491
3 3498 3492 3491
3 3294 3289 3492
3 3294 3492 3499
3 3499 3492 3498
3 3295 3294 3499
3 3298 3299 3500
3 3293 3298 3500
3 3293 3500 3493
3 3493 3500 3501
3 3502 3501 3503
3 3502 3494 3501
3 3494 3493 3501
3 3494 3502 3495
3 3498 3497 3504
3 3505 3498 3504
3 3505 3506 3498
3 3506 3499 3498
3 3300 3295 3499
3 3300 3499 3507
3 3507 3499 3506
3 3301 3300 3507
3 3306 3307 3508
3 3299 3306 3508
3 3299 3508 3500
3 3500 3508 3509
3 3510 3509 3511
3 3510 3501 3509
3 3501 3500 3509
3 3501 3510 3503
3 3506 3505 3512
3 3513 3506 3512
3 3513 3514 3506
3 3514 3507 3506
3 3308 3301 3507
3 3308 3507 3515
3 3515 3507 3514
3 3309 3308 3515
3 3316 3317 3516
3 3307 3316 3516
3 3307 3516 3508
3 3508 3516 3517
3 3518 3517 3519
3 3518 3509 3517
3 3509 3508 3517
3 3509 3518 3511
3 3514 3513 3520
3 3514 3521 3515
3 3520 3521 3514
3 3515 3521 3522
3 3309 3515 3522
3 3309 3522 3523
3 3309 3523 3318
3 3319 3318 3523
3 3524 3319 3523
3 3320 3319 3524
3 3332 3333 3525
3 3334 3332 3525
3 3526 3334 3525
3 3527 3526 3528
3 3516 3526 3527
3 3516 3334 3526
3 3516 3317 3334
3 3516 3529 3517
3 3527 3529 3516
3 3517 3529 3519
3 3523 3522 3530
3 3523 3531 3524
3 3530 3531 3523
3 3524 3531 3532
3 3320 3524 3532
3 3320 3532 3533
3 3320 3533 3335
3 3336 3335 3533
3 3534 3336 3533
3 3337 3336 3534
3 3535 3337 3534
3 3338 3337 3535
3 3536 3338 3535
3 3339 3338 3536
3 3537 3339 3536
3 3340 3339 3537
3 3538 3340 3537
3 3341 3340 3538
3 3539 3341 3538
3 3342 3341 3539
3 3540 3342 3539
3 3343 3342 3540
3 3541 3343 3540
3 3344 3343 3541
3 3542 3344 3541
3 3345 3344 3542
3 3543 3345 3542
3 3544 3543 3545
3 3525 3543 3544
3 3525 3345 3543
3 3525 3333 3345
3 3525 3546 3526
3 3544 3546 3525
3 3526 3546 3528
3 3533 3532 3547
3 3533 3548 3534
3 3547 3548 3533
3 3534 3549 3535
3 3548 3549 3534
3 3535 3550 3536
3 3549 3550 3535
3 3536 3551 3537
3 3550 3551 3536
3 3537 3552 3538
3 3551 3552 3537
3 3538 3553 3539
3 3552 3553 3538
3 3539 3554 3540
3 3553 3554 3539
3 3540 3555 3541
3 3554 3555 3540
3 3541 3556 3542
3 3555 3556 3541
3 3542 3557 3543
3 3556 3557 3542
3 3543 3557 3545
3 3558 3559 3560
3 3558 3561 3562
3 3560 3561 3558
3 3562 3563 3564
3 3561 3563 3562
3 3564 3565 3566
3 3563 3565 3564
3 3566 3567 3568
3 3565 3567 3566
3 3568 3569 3570
3 3568 3567 3569
3 3567 3571 3569
3 3572 3573 3574
3 3572 3569 3573
3 3569 3571 3573
3 3574 3575 3576
3 3573 3575 3574
3 3576 3577 3578
3 3575 3577 3576
3 3578 3579 3580
3 3577 3579 3578
3 3580 3581 3582
3 3579 3581 3580
3 3581 3583 3582
3 3584 3585 3586
3 3584 3587 3588
3 3586 3587 3584
3 3347 3588 3587
3 3346 3588 3347
3 3346 3559 3588
3 3346 3560 3559
3 3561 3560 3346
3 3350 3561 3346
3 3563 3561 3350
3 3352 3563 3350
3 3565 3563 3352
3 3354 3565 3352
3 3567 3565 3354
3 3356 3567 3354
3 3571 3567 3356
3 3358 3571 3356
3 3573 3571 3358
3 3360 3573 3358
3 3575 3573 3360
3 3362 3575 3360
3 3577 3575 3362
3 3364 3577 3362
3 3579 3577 3364
3 3366 3579 3364
3 3581 3579 3366
3 3368 3581 3366
3 3583 3589 3590
3 3581 3589 3583
3 3581 3369 3589
3 3581 3368 3369
3 3590 3591 3592
3 3589 3591 3590
3 3591 3593 3592
3 3594 3595 3596
3 3594 3597 3598
3 3596 3597 3594
3 3371 3598 3597
3 3370 3598 3371
3 3370 3585 3598
3 3370 3586 3585
3 3587 3586 3370
3 3374 3587 3370
3 3347 3587 3374
3 3369 3376 3589
3 3591 3589 3376
3 3378 3591 3376
3 3593 3599 3600
3 3591 3599 3593
3 3591 3379 3599
3 3591 3378 3379
3 3600 3601 3602
3 3599 3601 3600
3 3601 3603 3602
3 3604 3605 3606
3 3381 3604 3606
3 3380 3604 3381
3 3380 3595 3604
3 3380 3596 3595
3 3597 3596 3380
3 3384 3597 3380
3 3371 3597 3384
3 3379 3386 3599
3 3601 3599 3386
3 3388 3601 3386
3 3603 3607 3608
3 3601 3607 3603
3 3601 3389 3607
3 3601 3388 3389
3 3607 3609 3608
3 3610 3611 3612
3 3391 3610 3612
3 3390 3610 3391
3 3390 3605 3610
3 3390 3606 3605
3 3381 3606 3390
3 3389 3396 3607
3 3609 3613 3614
3 3607 3613 3609
3 3607 3397 3613
3 3607 3396 3397
3 3613 3615 3614
3 3616 3617 3618
3 3399 3616 3618
3 3398 3616 3399
3 3398 3611 3616
3 3398 3612 3611
3 3391 3612 3398
3 3397 3404 3613
3 3615 3619 3620
3 3613 3619 3615
3 3613 3405 3619
3 3613 3404 3405
3 3619 3621 3620
3 3622 3623 3624
3 3407 3622 3624
3 3406 3622 3407
3 3406 3617 3622
3 3406 3618 3617
3 3399 3618 3406
3 3405 3412 3619
3 3621 3625 3626
3 3619 3625 3621
3 3619 3413 3625
3 3619 3412 3413
3 3625 3627 3626
3 3624 3628 3629
3 3623 3628 3624
3 3414 3407 3624
3 3629 3414 3624
3 3413 3417 3630
3 3625 3413 3630
3 3630 3627 3625
3 3631 3627 3630
3 3632 3633 3634
3 3419 3632 3634
3 3418 3632 3419
3 3418 3628 3632
3 3418 3629 3628
3 3414 3629 3418
3 3417 3422 3630
3 3631 3635 3636
3 3630 3635 3631
3 3630 3423 3635
3 3630 3422 3423
3 3635 3637 3636
3 3634 3638 3639
3 3633 3638 3634
3 3424 3419 3634
3 3639 3424 3634
3 3423 3427 3640
3 3635 3423 3640
3 3640 3637 3635
3 3641 3637 3640
3 3642 3643 3644
3 3429 3642 3644
3 3428 3642 3429
3 3428 3638 3642
3 3428 3639 3638
3 3424 3639 3428
3 3427 3432 3640
3 3641 3645 3646
3 3640 3645 3641
3 3640 3433 3645
3 3640 3432 3433
3 3645 3647 3646
3 3644 3648 3649
3 3643 3648 3644
3 3434 3429 3644
3 3649 3434 3644
3 3433 3437 3650
3 3645 3433 3650
3 3650 3647 3645
3 3651 3647 3650
3 3649 3652 3653
3 3648 3652 3649
3 3438 3434 3649
3 3653 3438 3649
3 3437 3441 3654
3 3650 3437 3654
3 3654 3651 3650
3 3655 3651 3654
3 3653 3656 3657
3 3652 3656 3653
3 3442 3438 3653
3 3657 3442 3653
3 3441 3445 3658
3 3654 3441 3658
3 3658 3655 3654
3 3659 3655 3658
3 3657 3660 3661
3 3656 3660 3657
3 3446 3442 3657
3 3661 3446 3657
3 3445 3449 3662
3 3658 3445 3662
3 3662 3659 3658
3 3663 3659 3662
3 3664 3661 3660
3 3664 3665 3661
3 3665 3666 3661
3 3450 3446 3661
3 3666 3450 3661
3 3449 3453 3667
3 3662 3449 3667
3 3663 3668 3669
3 3663 3662 3668
3 3662 3667 3668
3 3670 3665 3671
3 3670 3672 3665
3 3672 3666 3665
3 3454 3450 3666
3 3672 3454 3666
3 3453 3457 3673
3 3667 3453 3673
3 3674 3673 3675
3 3674 3668 3673
3 3668 3667 3673
3 3672 3676 3677
3 3670 3676 3672
3 3458 3454 3672
3 3677 3458 3672
3 3457 3461 3678
3 3673 3457 3678
3 3678 3675 3673
3 3679 3675 3678
3 3677 3680 3681
3 3676 3680 3677
3 3462 3458 3677
3 3681 3462 3677
3 3461 3465 3682
3 3678 3461 3682
3 3682 3679 3678
3 3683 3679 3682
3 3681 3684 3685
3 3680 3684 3681
3 3466 3462 3681
3 3685 3466 3681
3 3465 3469 3686
3 3682 3465 3686
3 3686 3683 3682
3 3687 3683 3686
3 3685 3688 3689
3 3684 3688 3685
3 3470 3466 3685
3 3689 3470 3685
3 3469 3473 3690
3 3686 3469 3690
3 3690 3687 3686
3 3691 3687 3690
3 3689 3688 3692
3 3689 3692 3693
3 3470 3689 3693
3 3470 3693 3694
3 3470 3694 3474
3 3475 3474 3694
3 3478 3479 3695
3 3696 3695 3697
3 3690 3695 3696
3 3690 3478 3695
3 3690 3473 3478
3 3690 3696 3691
3 3694 3698 3699
3 3693 3698 3694
3 3480 3475 3694
3 3699 3480 3694
3 3479 3483 3700
3 3695 3479 3700
3 3700 3697 3695
3 3701 3697 3700
3 3699 3698 3702
3 3699 3702 3703
3 3480 3699 3703
3 3480 3703 3704
3 3480 3704 3484
3 3485 3484 3704
3 3488 3489 3705
3 3706 3705 3707
3 3700 3705 3706
3 3700 3488 3705
3 3700 3483 3488
3 3700 3706 3701
3 3704 3708 3709
3 3703 3708 3704
3 3490 3485 3704
3 3709 3490 3704
3 3489 3495 3710
3 3705 3489 3710
3 3710 3707 3705
3 3711 3707 3710
3 3709 3708 3712
3 3709 3712 3713
3 3490 3709 3713
3 3490 3713 3714
3 3490 3714 3496
3 3497 3496 3714
3 3502 3503 3715
3 3716 3715 3717
3 3710 3715 3716
3 3710 3502 3715
3 3710 3495 3502
3 3710 3716 3711
3 3714 3713 3718
3 3714 3718 3719
3 3497 3714 3719
3 3497 3719 3720
3 3497 3720 3504
3 3505 3504 3720
3 3510 3511 3721
3 3722 3721 3723
3 3715 3721 3722
3 3715 3510 3721
3 3715 3503 3510
3 3715 3722 3717
3 3720 3719 3724
3 3720 3724 3725
3 3505 3720 3725
3 3505 3725 3726
3 3505 3726 3512
3 3513 3512 3726
3 3518 3519 3727
3 3728 3727 3729
3 3721 3727 3728
3 3721 3518 3727
3 3721 3511 3518
3 3721 3728 3723
3 3726 3725 3730
3 3726 3730 3731
3 3513 3726 3731
3 3513 3731 3732
3 3513 3732 3520
3 3521 3520 3732
3 3733 3521 3732
3 3522 3521 3733
3 3527 3528 3734
3 3529 3527 3734
3 3735 3529 3734
3 3736 3735 3737
3 3727 3735 3736
3 3727 3529 3735
3 3727 3519 3529
3 3727 3736 3729
3 3732 3731 3738
3 3732 3739 3733
3 3738 3739 3732
3 3733 3739 3740
3 3522 3733 3740
3 3522 3740 3741
3 3522 3741 3530
3 3531 3530 3741
3 3742 3531 3741
3 3532 3531 3742
3 3544 3545 3743
3 3546 3544 3743
3 3744 3546 3743
3 3745 3744 3746
3 3734 3744 3745
3 3734 3546 3744
3 3734 3528 3546
3 3734 3747 3735
3 3745 3747 3734
3 3735 3747 3737
3 3741 3740 3748
3 3741 3749 3742
3 3748 3749 3741
3 3742 3749 3750
3 3532 3742 3750
3 3532 3750 3751
3 3532 3751 3547
3 3548 3547 3751
3 3752 3548 3751
3 3549 3548 3752
3 3753 3549 3752
3 3550 3549 3753
3 3754 3550 3753
3 3551 3550 3754
3 3755 3551 3754
3 3552 3551 3755
3 3756 3552 3755
3 3553 3552 3756
3 3757 3553 3756
3 3554 3553 3757
3 3758 3554 3757
3 3555 3554 3758
3 3759 3555 3758
3 3556 3555 3759
3 3760 3556 3759
3 3557 3556 3760
3 3761 3557 3760
3 3762 3761 3763
3 3743 3761 3762
3 3743 3557 3761
3 3743 3545 3557
3 3743 3764 3744
3 3762 3764 3743
3 3744 3764 3746
3 3751 3750 3765
3 3751 3766 3752
3 3765 3766 3751
3 3752 3767 3753
3 3766 3767 3752
3 3753 3768 3754
3 3767 3768 3753
3 3754 3769 3755
3 3768 3769 3754
3 3770 3755 3769
3 3770 3771 3755
3 3771 3756 3755
3 3772 3771 3773
3 3772 3757 3771
3 3757 3756 3771
3 3757 3774 3758
3 3772 3774 3757
3 3758 3775 3759
3 3774 3775 3758
3 3759 3776 3760
3 3775 3776 3759
3 3760 3777 3761
3 3776 3777 3760
3 3761 3777 3763
